protein,AARS_K562,AATF_K562,ABCF1_K562,AGGF1_HepG2,AGGF1_K562,AKAP1_HepG2,AKAP1_K562,AKAP8L_K562,APOBEC3C_K562,AQR_HepG2,AQR_K562,BCCIP_HepG2,BCLAF1_HepG2,BUD13_HepG2,BUD13_K562,CDC40_HepG2,CPEB4_K562,CPSF6_K562,CSTF2_HepG2,CSTF2T_HepG2,CSTF2T_K562,DDX21_K562,DDX24_K562,DDX3X_HepG2,DDX3X_K562,DDX42_K562,DDX51_K562,DDX52_HepG2,DDX52_K562,DDX55_HepG2,DDX55_K562,DDX59_HepG2,DDX6_HepG2,DDX6_K562,DGCR8_HepG2,DGCR8_K562,DHX30_HepG2,DHX30_K562,DKC1_HepG2,DROSHA_HepG2,DROSHA_K562,EFTUD2_HepG2,EFTUD2_K562,EIF3D_HepG2,EIF3G_K562,EIF3H_HepG2,EIF4G2_K562,EWSR1_K562,EXOSC5_HepG2,EXOSC5_K562,FAM120A_HepG2,FAM120A_K562,FASTKD2_HepG2,FASTKD2_K562,FKBP4_HepG2,FMR1_K562,FTO_HepG2,FTO_K562,FUBP3_HepG2,FUS_HepG2,FUS_K562,FXR1_K562,FXR2_HepG2,FXR2_K562,G3BP1_HepG2,GEMIN5_K562,GNL3_K562,GPKOW_K562,GRSF1_HepG2,GRWD1_HepG2,GRWD1_K562,GTF2F1_HepG2,GTF2F1_K562,HLTF_HepG2,HLTF_K562,HNRNPA1_HepG2,HNRNPA1_K562,HNRNPC_HepG2,HNRNPC_K562,HNRNPK_HepG2,HNRNPK_K562,HNRNPL_HepG2,HNRNPL_K562,HNRNPM_HepG2,HNRNPM_K562,HNRNPU_HepG2,HNRNPU_K562,HNRNPUL1_HepG2,HNRNPUL1_K562,IGF2BP1_HepG2,IGF2BP1_K562,IGF2BP2_K562,IGF2BP3_HepG2,ILF3_HepG2,ILF3_K562,KHDRBS1_K562,KHSRP_HepG2,KHSRP_K562,LARP4_HepG2,LARP4_K562,LARP7_HepG2,LARP7_K562,LIN28B_HepG2,LIN28B_K562,LSM11_HepG2,LSM11_K562,MATR3_HepG2,MATR3_K562,METAP2_K562,MTPAP_K562,NCBP2_HepG2,NCBP2_K562,NIP7_HepG2,NIPBL_K562,NKRF_HepG2,NOL12_HepG2,NOLC1_HepG2,NOLC1_K562,NONO_K562,NPM1_K562,NSUN2_K562,PABPC4_K562,PABPN1_HepG2,PCBP1_HepG2,PCBP1_K562,PCBP2_HepG2,PHF6_K562,POLR2G_HepG2,PPIG_HepG2,PPIL4_K562,PRPF4_HepG2,PRPF8_HepG2,PRPF8_K562,PTBP1_HepG2,PTBP1_K562,PUM1_K562,PUM2_K562,PUS1_K562,QKI_HepG2,QKI_K562,RBFOX2_HepG2,RBFOX2_K562,RBM15_HepG2,RBM15_K562,RBM22_HepG2,RBM22_K562,RBM5_HepG2,RPS11_K562,RPS3_HepG2,RPS3_K562,SAFB_HepG2,SAFB_K562,SAFB2_K562,SBDS_K562,SDAD1_HepG2,SDAD1_K562,SERBP1_K562,SF3A3_HepG2,SF3B1_K562,SF3B4_HepG2,SF3B4_K562,SFPQ_HepG2,SLBP_K562,SLTM_HepG2,SLTM_K562,SMNDC1_HepG2,SMNDC1_K562,SND1_HepG2,SND1_K562,SRSF1_HepG2,SRSF1_K562,SRSF7_HepG2,SRSF7_K562,SRSF9_HepG2,SSB_HepG2,SSB_K562,STAU2_HepG2,SUB1_HepG2,SUGP2_HepG2,SUPV3L1_HepG2,SUPV3L1_K562,TAF15_HepG2,TAF15_K562,TARDBP_K562,TBRG4_HepG2,TBRG4_K562,TIA1_HepG2,TIA1_K562,TIAL1_HepG2,TRA2A_HepG2,TRA2A_K562,TROVE2_HepG2,TROVE2_K562,U2AF1_HepG2,U2AF1_K562,U2AF2_HepG2,U2AF2_K562,UCHL5_HepG2,UCHL5_K562,UPF1_HepG2,UPF1_K562,UTP18_HepG2,UTP18_K562,UTP3_K562,WDR3_K562,WDR43_HepG2,WDR43_K562,WRN_K562,XPO5_HepG2,XRCC6_HepG2,XRCC6_K562,XRN2_HepG2,XRN2_K562,YBX3_HepG2,YBX3_K562,YWHAG_K562,ZC3H11A_HepG2,ZC3H11A_K562,ZC3H8_K562,ZNF622_K562,ZNF800_HepG2,ZNF800_K562,ZRANB2_K562
AARS_K562,1.0,0.99999994,1.0,0.9999998,1.0,1.0,1.0,1.0,1.0,0.99999976,0.9999999,0.9999952,1.0,0.99999994,0.99999994,1.0,1.0,1.0,0.9999806,1.0,0.99999994,0.9999998,1.0,1.0,0.99999964,1.0,1.0,1.0,1.0,0.9999996,1.0,1.0,1.0,1.0,0.9999918,0.9999862,1.0,0.99999994,0.99999964,1.0,1.0,1.0,1.0,1.0,1.0,1.0,0.9999999,0.99999994,0.99999994,1.0,0.99999994,1.0,1.0,1.0,1.0,1.0,0.7304843,1.0,1.0,1.0,1.0,0.99999994,1.0,0.99999887,0.99999994,1.0,1.0,1.0,1.0,1.0,1.0,1.0,0.99999976,1.0,1.0,0.99999994,1.0,1.0,1.0,1.0,0.9999981,1.0,1.0,0.99999887,1.0,0.99999994,1.0,0.99999994,0.99999946,0.99999136,0.9999998,1.0,0.99999994,0.9999998,1.0,1.0,1.0,0.9967787,1.0,1.0,1.0,0.99927044,0.99878794,1.0,1.0,0.5509132,1.0,1.0,1.0,1.0,1.0,1.0,0.9999997,0.9999999,1.0,0.9999999,1.0,1.0,0.99999994,0.99999994,1.0,1.0,1.0,1.0,0.9999999,0.99999994,1.0,1.0,0.99999815,1.0,1.0,1.0,1.0,1.0,1.0,1.0,0.99999994,1.0,1.0,1.0,0.9999994,1.0,1.0,1.0,0.9999999,1.0,1.0,1.0,0.9999998,0.99999994,1.0,1.0,0.9999958,0.99761283,1.0,0.99999994,1.0,0.9999993,1.0,0.99999917,1.0,0.99999994,0.9999999,1.0,0.9999999,1.0,1.0,1.0,1.0,0.9999998,0.99999994,0.99999994,1.0,0.99999994,1.0,0.99999994,1.0,0.99999994,0.99999994,1.0,1.0,1.0,0.99999994,1.0,0.9999999,1.0,0.99999994,1.0,1.0,1.0,1.0,1.0,1.0,1.0,0.9999999,1.0,1.0,0.9999999,0.99999976,1.0,1.0,0.99999976,1.0,1.0,1.0,1.0,1.0,1.0,1.0,1.0,1.0,0.99999934,1.0,1.0,0.99999994,1.0,1.0,1.0,0.99999994,0.9804823,0.99999994,1.0,1.0
AATF_K562,0.99999994,1.0,1.0,1.0,0.99999994,0.9999999,0.99999994,0.9999999,0.99999994,0.99999994,1.0,0.9999938,0.99999994,1.0,1.0,0.99999994,1.0,1.0,0.99998313,0.9999999,0.9999997,1.0,0.99999994,0.99999994,0.9999999,0.99999994,0.99999994,0.99999994,0.99999994,0.9999999,0.99999994,0.9999999,0.99999994,0.99999994,0.99999,0.99998826,0.99999994,1.0,0.99999994,0.9999999,1.0,0.99999994,0.9999999,0.99999994,1.0,0.99999994,1.0,1.0,1.0,0.9999999,1.0,0.9999999,0.9999999,0.99999994,0.99999994,0.99999994,0.7307641,0.99999994,0.99999994,0.99999994,0.99999994,1.0,0.99999994,0.9999994,1.0,0.99999994,0.99999994,0.9999999,0.99999994,0.99999994,1.0,0.99999994,1.0,0.99999994,0.99999994,1.0,1.0,0.99999994,0.9999999,0.99999994,0.9999988,0.99999994,0.99999994,0.9999982,1.0,1.0,0.99999994,1.0,0.9999998,0.99998957,1.0,0.99999994,1.0,1.0,1.0,0.9999998,0.99999994,0.99674577,0.99999994,0.99999994,0.9999998,0.9992547,0.998808,0.99999994,1.0,0.55057114,1.0,0.9999999,0.99999994,0.99999994,0.9999999,0.99999994,0.99999934,1.0,0.9999999,1.0,0.99999994,0.99999994,1.0,1.0,0.99999994,0.99999994,1.0,0.99999994,0.9999996,1.0,1.0,0.99999994,0.99999887,1.0,1.0,0.99999994,0.99999994,0.99999994,0.99999994,0.9999999,1.0,0.99999994,0.99999994,1.0,0.99999976,0.99999994,1.0,0.99999994,0.99999964,1.0,0.99999994,1.0,1.0,1.0,0.99999994,0.99999994,0.9999945,0.997641,0.99999994,1.0,0.9999999,0.9999997,0.99999994,0.9999996,0.99999994,1.0,1.0,0.99999994,0.9999996,0.99999994,0.99999994,0.9999999,0.99999994,1.0,1.0,1.0,0.99999994,1.0,0.99999994,0.9999997,0.99999994,1.0,0.9999997,0.99999994,1.0,1.0,1.0,0.99999994,1.0,0.99999994,1.0,0.99999994,1.0,0.99999994,0.99999994,0.99999994,0.9999999,0.9999999,0.99999964,0.99999994,0.9999999,1.0,0.99999994,0.99999994,1.0,0.99999934,0.99999994,0.99999994,0.99999994,0.99999994,0.99999994,0.99999994,0.99999994,0.9999999,0.99999994,0.9999997,0.9999998,0.99999994,1.0,1.0,1.0,0.99999994,1.0,0.98056275,1.0,0.99999994,0.99999994
ABCF1_K562,1.0,1.0,1.0,0.99999994,1.0,0.99999994,1.0,0.99999994,1.0,0.9999999,0.99999994,0.9999945,1.0,1.0,1.0,1.0,1.0,1.0,0.9999819,0.99999994,0.9999998,0.99999994,1.0,1.0,0.9999998,1.0,1.0,1.0,1.0,0.9999997,1.0,1.0,1.0,1.0,0.9999909,0.99998724,1.0,1.0,0.9999998,0.99999994,1.0,1.0,0.99999994,1.0,1.0,1.0,0.99999994,1.0,1.0,0.99999994,1.0,1.0,1.0,1.0,1.0,1.0,0.7306243,1.0,1.0,1.0,1.0,1.0,1.0,0.99999917,1.0,1.0,1.0,1.0,1.0,1.0,1.0,1.0,0.9999999,1.0,1.0,1.0,1.0,1.0,0.99999994,1.0,0.99999845,1.0,1.0,0.99999857,1.0,1.0,1.0,1.0,0.99999964,0.99999046,0.99999994,1.0,1.0,0.9999999,1.0,0.99999994,1.0,0.9967623,1.0,1.0,0.99999994,0.9992626,0.998798,1.0,1.0,0.5507421,1.0,0.99999994,1.0,1.0,0.99999994,1.0,0.9999995,0.99999994,0.99999994,0.99999994,1.0,1.0,1.0,1.0,1.0,1.0,1.0,1.0,0.99999976,1.0,1.0,1.0,0.99999857,1.0,1.0,1.0,1.0,1.0,1.0,0.99999994,1.0,1.0,1.0,1.0,0.9999996,1.0,1.0,1.0,0.99999976,1.0,1.0,1.0,0.99999994,1.0,1.0,1.0,0.9999952,0.99762696,1.0,1.0,0.99999994,0.9999995,1.0,0.9999994,1.0,1.0,0.99999994,1.0,0.99999976,1.0,1.0,0.99999994,1.0,0.9999999,1.0,1.0,1.0,1.0,1.0,0.9999999,1.0,1.0,0.9999998,1.0,1.0,1.0,1.0,1.0,1.0,1.0,1.0,1.0,1.0,1.0,1.0,1.0,0.99999994,0.99999994,0.9999998,1.0,0.99999994,0.99999994,0.9999999,1.0,1.0,0.9999996,1.0,1.0,1.0,1.0,1.0,1.0,1.0,0.99999994,1.0,0.9999995,0.99999994,1.0,1.0,1.0,1.0,1.0,1.0,0.9805226,1.0,1.0,1.0
AGGF1_HepG2,0.9999998,1.0,0.99999994,1.0,0.9999998,0.9999998,0.9999999,0.9999998,0.9999999,1.0,1.0,0.99999326,0.99999994,1.0,0.99999994,0.9999999,0.99999994,0.99999994,0.99998397,0.99999976,0.9999996,1.0,0.99999994,0.9999999,0.99999994,0.9999998,0.9999999,0.9999999,0.9999999,0.99999994,0.9999999,0.9999998,0.9999999,0.9999999,0.99998933,0.999989,0.9999999,1.0,0.99999994,0.9999998,0.99999994,0.9999999,0.9999998,0.9999999,0.99999994,0.99999994,1.0,0.99999994,1.0,0.99999976,0.99999994,0.9999998,0.9999998,0.9999999,0.9999999,0.99999994,0.7308625,0.9999999,0.9999999,0.9999998,0.99999994,0.99999994,0.9999999,0.9999995,0.99999994,0.9999999,0.99999994,0.9999998,0.9999999,0.9999999,0.99999994,0.9999999,1.0,0.9999998,0.9999999,0.99999994,0.99999994,0.9999998,0.99999976,0.9999999,0.999999,0.9999998,0.9999999,0.9999979,0.99999994,0.99999994,0.99999994,1.0,0.9999999,0.9999889,1.0,0.9999999,0.99999994,1.0,0.99999994,0.99999976,0.99999994,0.99673414,0.9999999,0.9999998,0.9999997,0.9992491,0.99881506,0.99999994,0.99999994,0.5504508,0.99999994,0.9999998,0.9999999,0.9999999,0.9999998,0.9999999,0.99999917,1.0,0.9999998,1.0,0.9999999,0.9999999,0.99999994,0.99999994,0.9999998,0.9999998,0.99999994,0.9999998,0.99999946,0.99999994,0.99999994,0.9999999,0.9999991,0.99999994,0.99999994,0.99999994,0.9999999,0.9999999,0.99999994,0.9999998,0.99999994,0.9999999,0.9999999,0.99999994,0.9999998,0.9999999,0.99999994,0.9999999,0.9999995,0.99999994,0.9999999,0.99999994,1.0,1.0,0.9999999,0.99999994,0.99999404,0.9976509,0.9999999,1.0,0.99999976,0.9999998,0.9999998,0.9999997,0.99999994,1.0,1.0,0.9999999,0.99999946,0.9999999,0.99999994,0.99999976,0.9999999,1.0,0.99999994,1.0,0.9999999,1.0,0.9999999,0.99999964,0.9999999,1.0,0.9999996,0.9999999,0.99999994,0.99999994,1.0,0.9999999,1.0,0.9999999,0.99999994,0.9999999,0.99999994,0.9999998,0.9999999,0.9999999,0.99999976,0.9999998,0.9999995,0.9999999,0.99999976,1.0,1.0,0.9999999,0.99999994,0.99999917,0.9999999,0.9999999,0.9999999,0.9999999,0.9999999,0.99999994,0.9999999,0.99999976,0.9999999,0.9999998,0.99999976,0.99999994,1.0,0.99999994,0.99999994,0.9999999,1.0,0.98059106,0.99999994,0.9999999,0.9999999
AGGF1_K562,1.0,0.99999994,1.0,0.9999998,1.0,1.0,1.0,1.0,1.0,0.99999976,0.9999999,0.9999952,1.0,0.99999994,0.99999994,1.0,1.0,1.0,0.9999806,1.0,0.99999994,0.9999998,1.0,1.0,0.99999964,1.0,1.0,1.0,1.0,0.9999996,1.0,1.0,1.0,1.0,0.9999918,0.9999862,1.0,0.99999994,0.99999964,1.0,1.0,1.0,1.0,1.0,1.0,1.0,0.9999999,0.99999994,0.99999994,1.0,0.99999994,1.0,1.0,1.0,1.0,1.0,0.73048055,1.0,1.0,1.0,1.0,0.99999994,1.0,0.99999887,0.99999994,1.0,1.0,1.0,1.0,1.0,1.0,1.0,0.99999976,1.0,1.0,0.99999994,1.0,1.0,1.0,1.0,0.99999803,1.0,1.0,0.9999989,1.0,0.99999994,1.0,0.99999994,0.99999946,0.99999136,0.9999998,1.0,0.99999994,0.99999976,1.0,1.0,1.0,0.99677914,1.0,1.0,1.0,0.9992706,0.99878764,1.0,1.0,0.5509178,1.0,1.0,1.0,1.0,1.0,1.0,0.9999997,0.9999999,1.0,0.9999999,1.0,1.0,0.99999994,0.99999994,1.0,1.0,1.0,1.0,0.9999999,0.99999994,1.0,1.0,0.99999815,1.0,1.0,1.0,1.0,1.0,1.0,1.0,0.99999994,1.0,1.0,1.0,0.9999994,1.0,0.99999994,1.0,0.9999999,1.0,1.0,1.0,0.9999998,0.99999994,1.0,1.0,0.9999958,0.9976125,1.0,0.99999994,1.0,0.9999993,1.0,0.99999917,1.0,0.99999994,0.9999999,1.0,0.9999999,1.0,1.0,1.0,1.0,0.99999976,0.99999994,0.99999994,1.0,0.99999994,1.0,0.99999994,1.0,0.99999994,0.99999994,1.0,1.0,1.0,0.99999994,1.0,0.9999999,1.0,0.99999994,1.0,1.0,1.0,1.0,1.0,1.0,1.0,0.9999999,1.0,1.0,0.9999999,0.99999976,1.0,1.0,0.99999976,1.0,1.0,1.0,1.0,1.0,1.0,1.0,1.0,1.0,0.99999934,1.0,1.0,0.99999994,0.99999994,1.0,1.0,0.99999994,0.9804812,0.99999994,1.0,1.0
AKAP1_HepG2,1.0,0.9999999,0.99999994,0.9999998,1.0,1.0,1.0,1.0,1.0,0.9999997,0.9999999,0.9999953,1.0,0.99999994,0.99999994,1.0,1.0,1.0,0.9999804,1.0,0.99999994,0.99999976,1.0,1.0,0.99999964,1.0,1.0,1.0,1.0,0.9999995,1.0,1.0,1.0,1.0,0.9999919,0.999986,1.0,0.99999994,0.99999964,1.0,0.99999994,1.0,1.0,1.0,0.99999994,1.0,0.9999998,0.99999994,0.9999999,1.0,0.99999994,1.0,1.0,1.0,1.0,1.0,0.7304565,1.0,1.0,1.0,1.0,0.99999994,1.0,0.9999988,0.99999994,1.0,1.0,1.0,1.0,1.0,0.99999994,1.0,0.99999976,1.0,1.0,0.99999994,0.99999994,1.0,1.0,1.0,0.999998,1.0,1.0,0.9999989,0.99999994,0.99999994,1.0,0.99999994,0.9999994,0.99999154,0.99999976,1.0,0.99999994,0.99999976,0.99999994,1.0,1.0,0.996782,1.0,1.0,1.0,0.999272,0.9987859,1.0,1.0,0.55094725,1.0,1.0,1.0,1.0,1.0,1.0,0.99999976,0.9999999,1.0,0.9999999,1.0,1.0,0.99999994,0.99999994,1.0,1.0,1.0,1.0,0.9999999,0.99999994,1.0,1.0,0.9999981,0.99999994,1.0,1.0,1.0,1.0,1.0,1.0,0.99999994,1.0,1.0,1.0,0.99999934,1.0,0.99999994,1.0,0.99999994,1.0,1.0,0.99999994,0.9999998,0.9999999,1.0,1.0,0.9999959,0.99761003,1.0,0.9999999,1.0,0.9999992,1.0,0.9999991,1.0,0.99999994,0.9999999,1.0,0.9999999,1.0,1.0,1.0,1.0,0.99999976,0.99999994,0.99999994,1.0,0.99999994,1.0,0.99999994,1.0,0.99999994,0.99999994,1.0,0.99999994,1.0,0.99999994,1.0,0.9999999,1.0,0.99999994,1.0,0.99999994,1.0,1.0,1.0,1.0,1.0,0.99999994,1.0,1.0,0.9999998,0.9999997,1.0,1.0,0.99999976,1.0,1.0,1.0,1.0,1.0,1.0,1.0,1.0,1.0,0.9999993,1.0,1.0,0.99999994,0.99999994,0.99999994,1.0,0.99999994,0.9804743,0.99999994,1.0,1.0
AKAP1_K562,1.0,0.99999994,1.0,0.9999999,1.0,1.0,1.0,1.0,1.0,0.99999976,0.9999999,0.999995,1.0,0.99999994,1.0,1.0,1.0,1.0,0.9999809,1.0,0.99999994,0.9999998,1.0,1.0,0.9999997,1.0,1.0,1.0,1.0,0.9999996,1.0,1.0,1.0,1.0,0.99999154,0.9999864,1.0,0.99999994,0.9999997,1.0,1.0,1.0,1.0,1.0,1.0,1.0,0.9999999,0.99999994,0.99999994,1.0,0.99999994,1.0,1.0,1.0,1.0,1.0,0.7305159,1.0,1.0,1.0,1.0,1.0,1.0,0.9999989,1.0,1.0,1.0,1.0,1.0,1.0,1.0,1.0,0.9999998,1.0,1.0,0.99999994,1.0,1.0,1.0,1.0,0.99999815,1.0,1.0,0.9999988,1.0,1.0,1.0,0.99999994,0.9999995,0.9999912,0.9999998,1.0,1.0,0.9999998,1.0,1.0,1.0,0.99677503,1.0,1.0,1.0,0.99926865,0.9987902,1.0,1.0,0.55087465,1.0,1.0,1.0,1.0,1.0,1.0,0.9999997,0.9999999,1.0,0.99999994,1.0,1.0,0.99999994,1.0,1.0,1.0,1.0,1.0,0.9999999,1.0,1.0,1.0,0.9999983,1.0,1.0,1.0,1.0,1.0,1.0,1.0,1.0,1.0,1.0,1.0,0.99999946,1.0,1.0,1.0,0.9999999,1.0,1.0,1.0,0.9999998,0.99999994,1.0,1.0,0.99999565,0.99761605,1.0,0.99999994,1.0,0.99999934,1.0,0.9999992,1.0,0.99999994,0.9999999,1.0,0.9999998,1.0,1.0,1.0,1.0,0.9999998,1.0,0.99999994,1.0,0.99999994,1.0,0.99999994,1.0,0.99999994,0.9999999,1.0,1.0,1.0,0.99999994,1.0,0.99999994,1.0,0.99999994,1.0,1.0,1.0,1.0,1.0,1.0,1.0,0.9999999,1.0,1.0,0.9999999,0.99999976,1.0,1.0,0.9999997,1.0,1.0,1.0,1.0,1.0,1.0,1.0,1.0,1.0,0.9999994,1.0,1.0,0.99999994,1.0,1.0,1.0,0.99999994,0.9804914,1.0,1.0,1.0
AKAP8L_K562,1.0,0.9999999,0.99999994,0.9999998,1.0,1.0,1.0,1.0,1.0,0.9999997,0.9999998,0.99999535,1.0,0.99999994,0.99999994,1.0,0.99999994,1.0,0.9999803,1.0,0.99999994,0.99999976,1.0,1.0,0.9999996,1.0,1.0,1.0,1.0,0.9999995,1.0,1.0,1.0,1.0,0.999992,0.9999859,1.0,0.99999994,0.99999964,1.0,0.99999994,1.0,1.0,1.0,0.99999994,1.0,0.9999998,0.99999994,0.9999999,1.0,0.99999994,1.0,1.0,1.0,1.0,1.0,0.73044163,1.0,1.0,1.0,1.0,0.99999994,1.0,0.99999875,0.99999994,1.0,1.0,1.0,1.0,1.0,0.99999994,1.0,0.99999976,1.0,1.0,0.99999994,0.99999994,1.0,1.0,1.0,0.9999979,1.0,1.0,0.999999,0.99999994,0.99999994,1.0,0.99999994,0.9999994,0.9999916,0.99999976,1.0,0.99999994,0.99999976,0.99999994,1.0,1.0,0.99678373,1.0,1.0,1.0,0.9992728,0.99878484,1.0,0.99999994,0.55096537,0.99999994,1.0,1.0,1.0,1.0,1.0,0.99999976,0.9999998,1.0,0.9999999,1.0,1.0,0.99999994,0.99999994,1.0,1.0,1.0,1.0,0.9999999,0.99999994,0.99999994,1.0,0.99999803,0.99999994,1.0,1.0,1.0,1.0,1.0,1.0,0.99999994,1.0,1.0,0.99999994,0.99999934,1.0,0.99999994,1.0,0.99999994,0.99999994,1.0,0.99999994,0.99999976,0.9999999,1.0,1.0,0.999996,0.99760854,1.0,0.9999999,1.0,0.9999992,1.0,0.9999991,1.0,0.9999999,0.9999999,1.0,0.9999999,1.0,1.0,1.0,1.0,0.99999976,0.99999994,0.99999994,1.0,0.99999994,1.0,0.99999994,1.0,0.99999994,0.99999994,1.0,0.99999994,1.0,0.9999999,1.0,0.9999999,1.0,0.99999994,1.0,0.99999994,1.0,1.0,1.0,1.0,1.0,0.99999994,1.0,1.0,0.9999998,0.9999997,1.0,0.99999994,0.99999976,1.0,1.0,1.0,1.0,1.0,1.0,1.0,1.0,1.0,0.9999993,1.0,1.0,0.99999994,0.99999994,0.99999994,1.0,0.99999994,0.98047,0.99999994,1.0,1.0
APOBEC3C_K562,1.0,0.99999994,1.0,0.9999999,1.0,1.0,1.0,1.0,1.0,0.99999976,0.9999999,0.99999505,1.0,0.99999994,1.0,1.0,1.0,1.0,0.9999809,1.0,0.99999994,0.9999998,1.0,1.0,0.9999997,1.0,1.0,1.0,1.0,0.9999996,1.0,1.0,1.0,1.0,0.9999916,0.9999864,1.0,0.99999994,0.9999997,1.0,1.0,1.0,1.0,1.0,1.0,1.0,0.9999999,0.99999994,0.99999994,1.0,0.99999994,1.0,1.0,1.0,1.0,1.0,0.7305141,1.0,1.0,1.0,1.0,1.0,1.0,0.9999989,1.0,1.0,1.0,1.0,1.0,1.0,1.0,1.0,0.9999998,1.0,1.0,0.99999994,1.0,1.0,1.0,1.0,0.99999815,1.0,1.0,0.9999988,1.0,1.0,1.0,0.99999994,0.9999995,0.9999912,0.9999998,1.0,1.0,0.9999998,1.0,1.0,1.0,0.9967752,1.0,1.0,1.0,0.9992688,0.9987901,1.0,1.0,0.5508768,1.0,1.0,1.0,1.0,1.0,1.0,0.9999997,0.9999999,1.0,0.99999994,1.0,1.0,0.99999994,1.0,1.0,1.0,1.0,1.0,0.9999999,1.0,1.0,1.0,0.9999983,1.0,1.0,1.0,1.0,1.0,1.0,1.0,1.0,1.0,1.0,1.0,0.99999946,1.0,1.0,1.0,0.9999999,1.0,1.0,1.0,0.9999998,0.99999994,1.0,1.0,0.99999565,0.9976159,1.0,0.99999994,1.0,0.99999934,1.0,0.9999992,1.0,0.99999994,0.9999999,1.0,0.9999998,1.0,1.0,1.0,1.0,0.9999998,1.0,0.99999994,1.0,0.99999994,1.0,0.99999994,1.0,0.99999994,0.99999994,1.0,1.0,1.0,0.99999994,1.0,0.99999994,1.0,0.99999994,1.0,1.0,1.0,1.0,1.0,1.0,1.0,0.9999999,1.0,1.0,0.9999999,0.99999976,1.0,1.0,0.9999997,1.0,1.0,1.0,1.0,1.0,1.0,1.0,1.0,1.0,0.9999994,1.0,1.0,0.99999994,1.0,1.0,1.0,0.99999994,0.98049086,1.0,1.0,1.0
AQR_HepG2,0.99999976,0.99999994,0.9999999,1.0,0.99999976,0.9999997,0.99999976,0.9999997,0.99999976,1.0,1.0,0.99999267,0.9999998,0.99999994,0.9999999,0.9999998,0.9999999,0.9999999,0.99998486,0.99999964,0.9999994,1.0,0.9999998,0.99999976,1.0,0.99999976,0.99999976,0.9999998,0.99999976,1.0,0.99999976,0.9999997,0.99999976,0.9999998,0.99998856,0.9999897,0.99999976,0.99999994,1.0,0.9999997,0.9999999,0.9999998,0.99999964,0.9999998,0.9999999,0.9999998,1.0,0.99999994,0.99999994,0.99999964,0.9999999,0.9999997,0.9999997,0.99999976,0.99999976,0.9999998,0.7309751,0.99999976,0.99999976,0.99999976,0.9999998,0.9999999,0.99999976,0.9999997,0.9999999,0.99999976,0.9999998,0.9999997,0.99999976,0.9999998,0.9999999,0.9999998,1.0,0.99999976,0.9999998,0.99999994,0.9999999,0.99999976,0.99999964,0.9999998,0.9999992,0.99999976,0.99999976,0.99999756,0.9999999,0.9999999,0.9999998,0.99999994,0.99999994,0.99998814,1.0,0.9999998,0.9999999,1.0,0.9999999,0.9999996,0.9999998,0.9967208,0.9999998,0.99999976,0.9999996,0.9992427,0.99882305,0.9999998,0.9999999,0.5503131,0.9999999,0.9999997,0.99999976,0.9999998,0.9999997,0.99999976,0.9999989,1.0,0.9999997,0.99999994,0.9999998,0.9999998,0.99999994,0.9999999,0.99999976,0.99999976,0.9999999,0.99999976,0.9999993,0.9999999,0.9999999,0.99999976,0.9999993,0.9999999,0.9999998,0.9999998,0.99999976,0.99999976,0.9999998,0.9999997,0.9999999,0.9999998,0.9999998,0.9999999,0.99999994,0.99999976,0.9999999,0.99999976,0.99999934,0.9999999,0.99999976,0.9999999,1.0,0.99999994,0.9999998,0.9999998,0.99999344,0.99766225,0.9999998,0.99999994,0.99999964,0.9999999,0.99999976,0.9999998,0.9999998,0.99999994,1.0,0.9999998,0.9999992,0.99999976,0.9999998,0.99999964,0.99999976,1.0,0.9999999,0.99999994,0.99999976,0.99999994,0.9999998,0.99999946,0.99999976,0.99999994,0.9999994,0.99999976,0.9999999,0.9999998,0.99999994,0.9999998,0.99999994,0.9999998,0.99999994,0.99999976,0.9999999,0.99999976,0.99999976,0.99999976,0.99999964,0.9999997,0.99999934,0.99999976,0.99999964,1.0,1.0,0.9999998,0.9999999,0.999999,0.9999998,0.9999998,0.99999976,0.9999998,0.99999976,0.9999998,0.9999998,0.99999964,0.99999976,0.9999999,0.99999964,0.9999998,0.99999994,0.9999999,0.9999999,0.9999998,0.99999994,0.98062336,0.9999999,0.99999976,0.99999976
AQR_K562,0.9999999,1.0,0.99999994,1.0,0.9999999,0.9999999,0.9999999,0.9999998,0.9999999,1.0,1.0,0.99999356,0.99999994,1.0,1.0,0.99999994,0.99999994,0.99999994,0.99998355,0.9999998,0.99999964,1.0,0.99999994,0.9999999,0.99999994,0.9999999,0.99999994,0.99999994,0.99999994,0.9999999,0.9999999,0.9999999,0.9999999,0.99999994,0.9999896,0.9999886,0.9999999,1.0,0.99999994,0.9999999,0.99999994,0.99999994,0.9999998,0.99999994,0.99999994,0.99999994,1.0,1.0,1.0,0.9999998,1.0,0.9999999,0.9999999,0.9999999,0.9999999,0.99999994,0.73081625,0.9999999,0.9999999,0.9999999,0.99999994,1.0,0.99999994,0.99999946,1.0,0.9999999,0.99999994,0.9999999,0.9999999,0.99999994,0.99999994,0.99999994,1.0,0.9999999,0.99999994,1.0,0.99999994,0.9999999,0.9999998,0.99999994,0.9999989,0.9999999,0.9999999,0.99999803,0.99999994,1.0,0.99999994,1.0,0.9999998,0.9999892,1.0,0.99999994,1.0,1.0,0.99999994,0.99999976,0.99999994,0.9967396,0.99999994,0.9999999,0.99999976,0.9992517,0.9988117,0.99999994,0.99999994,0.55050737,0.99999994,0.9999999,0.9999999,0.99999994,0.9999998,0.9999999,0.9999992,1.0,0.9999999,1.0,0.99999994,0.99999994,1.0,1.0,0.9999999,0.9999999,0.99999994,0.9999999,0.9999995,1.0,0.99999994,0.9999999,0.999999,0.99999994,0.99999994,0.99999994,0.9999999,0.9999999,0.99999994,0.9999998,1.0,0.99999994,0.99999994,0.99999994,0.9999998,0.9999999,0.99999994,0.9999999,0.9999996,0.99999994,0.99999994,0.99999994,1.0,1.0,0.99999994,0.99999994,0.9999943,0.9976463,0.99999994,1.0,0.9999998,0.99999976,0.9999999,0.9999997,0.99999994,1.0,1.0,0.99999994,0.9999995,0.9999999,0.99999994,0.9999998,0.9999999,1.0,1.0,1.0,0.9999999,1.0,0.99999994,0.99999964,0.9999999,1.0,0.99999964,0.9999999,0.99999994,0.99999994,1.0,0.99999994,1.0,0.99999994,1.0,0.99999994,0.99999994,0.9999999,0.9999999,0.9999999,0.9999998,0.9999998,0.9999996,0.9999999,0.9999998,1.0,1.0,0.99999994,0.99999994,0.9999993,0.99999994,0.99999994,0.99999994,0.99999994,0.99999994,0.99999994,0.99999994,0.9999998,0.9999999,0.99999976,0.9999998,0.99999994,1.0,0.99999994,0.99999994,0.99999994,1.0,0.98057777,1.0,0.9999999,0.9999999
BCCIP_HepG2,0.9999952,0.9999938,0.9999945,0.99999326,0.9999952,0.9999953,0.999995,0.99999535,0.99999505,0.99999267,0.99999356,1.0,0.9999947,0.999994,0.99999434,0.99999475,0.9999945,0.9999946,0.9999565,0.9999955,0.9999962,0.9999931,0.9999947,0.999995,0.9999922,0.9999952,0.99999493,0.99999493,0.99999493,0.99999183,0.999995,0.9999953,0.9999951,0.9999949,0.9999995,0.999965,0.9999951,0.99999404,0.9999923,0.99999535,0.9999944,0.99999475,0.99999547,0.9999949,0.99999446,0.99999475,0.9999934,0.99999416,0.9999938,0.99999547,0.9999942,0.99999523,0.99999523,0.999995,0.99999505,0.99999475,0.7283576,0.999995,0.9999951,0.9999952,0.99999475,0.9999943,0.99999493,0.99998933,0.99999434,0.999995,0.99999464,0.9999953,0.99999505,0.9999949,0.99999446,0.99999493,0.9999929,0.9999952,0.9999949,0.99999416,0.9999945,0.9999952,0.99999547,0.9999949,0.9999871,0.9999952,0.99999505,0.9999987,0.9999944,0.99999434,0.99999464,0.99999416,0.9999914,0.99999946,0.999993,0.9999948,0.9999944,0.99999297,0.99999446,0.99999565,0.9999947,0.9970232,0.9999948,0.9999952,0.9999957,0.99938434,0.9986301,0.9999947,0.9999945,0.5535051,0.9999945,0.99999535,0.99999505,0.99999475,0.9999954,0.9999951,0.99999726,0.9999935,0.99999535,0.9999936,0.9999948,0.9999949,0.9999942,0.9999943,0.9999952,0.9999952,0.9999946,0.9999952,0.9999966,0.9999943,0.9999945,0.9999951,0.9999874,0.9999944,0.99999464,0.99999464,0.9999951,0.99999505,0.9999947,0.99999535,0.99999434,0.99999493,0.99999475,0.9999945,0.9999911,0.9999951,0.9999944,0.999995,0.9999964,0.9999946,0.999995,0.99999446,0.99999315,0.99999386,0.9999949,0.9999947,1.0,0.9973933,0.9999949,0.99999386,0.9999955,0.99999076,0.9999952,0.99999034,0.99999475,0.9999939,0.99999356,0.9999948,0.9999966,0.999995,0.99999475,0.99999547,0.9999951,0.99999297,0.9999943,0.99999404,0.99999505,0.9999941,0.9999948,0.9999961,0.9999951,0.9999941,0.99999624,0.999995,0.9999944,0.99999464,0.9999939,0.9999949,0.9999937,0.99999493,0.99999416,0.99999493,0.99999446,0.9999952,0.9999951,0.9999951,0.9999956,0.9999954,0.9999964,0.999995,0.9999955,0.99999344,0.9999927,0.99999493,0.9999945,0.99999714,0.9999949,0.9999949,0.99999493,0.99999493,0.99999493,0.9999947,0.9999948,0.99999547,0.9999951,0.9999909,0.9999956,0.9999947,0.99999404,0.9999944,0.99999446,0.99999475,0.9999941,0.9798663,0.9999943,0.999995,0.99999505
BCLAF1_HepG2,1.0,0.99999994,1.0,0.99999994,1.0,1.0,1.0,1.0,1.0,0.9999998,0.99999994,0.9999947,1.0,1.0,1.0,1.0,1.0,1.0,0.9999815,0.99999994,0.9999999,0.9999999,1.0,1.0,0.99999976,1.0,1.0,1.0,1.0,0.9999997,1.0,1.0,1.0,1.0,0.9999912,0.99998695,1.0,1.0,0.99999976,1.0,1.0,1.0,1.0,1.0,1.0,1.0,0.99999994,1.0,0.99999994,0.99999994,1.0,1.0,1.0,1.0,1.0,1.0,0.73058206,1.0,1.0,1.0,1.0,1.0,1.0,0.99999905,1.0,1.0,1.0,1.0,1.0,1.0,1.0,1.0,0.9999999,1.0,1.0,1.0,1.0,1.0,0.99999994,1.0,0.99999833,1.0,1.0,0.9999987,1.0,1.0,1.0,1.0,0.9999996,0.99999076,0.9999999,1.0,1.0,0.9999999,1.0,0.99999994,1.0,0.9967672,1.0,1.0,0.99999994,0.99926496,0.998795,1.0,1.0,0.5507937,1.0,1.0,1.0,1.0,1.0,1.0,0.9999996,0.99999994,1.0,0.99999994,1.0,1.0,1.0,1.0,1.0,1.0,1.0,1.0,0.9999998,1.0,1.0,1.0,0.99999845,1.0,1.0,1.0,1.0,1.0,1.0,1.0,1.0,1.0,1.0,1.0,0.9999995,1.0,1.0,1.0,0.9999998,1.0,1.0,1.0,0.9999999,0.99999994,1.0,1.0,0.99999535,0.9976227,1.0,0.99999994,0.99999994,0.99999946,1.0,0.99999934,1.0,1.0,0.99999994,1.0,0.99999976,1.0,1.0,0.99999994,1.0,0.9999999,1.0,1.0,1.0,1.0,1.0,0.9999999,1.0,1.0,0.9999999,1.0,1.0,1.0,1.0,1.0,0.99999994,1.0,1.0,1.0,1.0,1.0,1.0,1.0,0.99999994,1.0,0.9999998,1.0,0.99999994,0.99999994,0.9999998,1.0,1.0,0.99999964,1.0,1.0,1.0,1.0,1.0,1.0,1.0,0.99999994,1.0,0.99999946,0.99999994,1.0,1.0,1.0,1.0,1.0,1.0,0.9805104,1.0,1.0,1.0
BUD13_HepG2,0.99999994,1.0,1.0,1.0,0.99999994,0.99999994,0.99999994,0.99999994,0.99999994,0.99999994,1.0,0.999994,1.0,1.0,1.0,1.0,1.0,1.0,0.99998283,0.9999999,0.99999976,0.99999994,1.0,0.99999994,0.9999999,0.99999994,0.99999994,0.99999994,0.99999994,0.9999998,0.99999994,0.99999994,0.99999994,0.99999994,0.9999902,0.999988,0.99999994,1.0,0.9999999,0.99999994,1.0,1.0,0.9999999,0.99999994,1.0,1.0,1.0,1.0,1.0,0.9999999,1.0,0.99999994,0.99999994,0.99999994,0.99999994,1.0,0.7307299,0.99999994,0.99999994,0.99999994,1.0,1.0,0.99999994,0.99999934,1.0,0.99999994,1.0,0.99999994,0.99999994,0.99999994,1.0,0.99999994,0.99999994,0.99999994,0.99999994,1.0,1.0,0.99999994,0.9999999,0.99999994,0.9999987,0.99999994,0.99999994,0.9999983,1.0,1.0,1.0,1.0,0.99999976,0.9999898,0.99999994,0.99999994,1.0,0.99999994,1.0,0.9999999,1.0,0.9967498,0.99999994,0.99999994,0.9999998,0.9992566,0.9988056,1.0,1.0,0.55061305,1.0,0.99999994,0.99999994,1.0,0.9999999,0.99999994,0.9999994,1.0,0.99999994,1.0,0.99999994,0.99999994,1.0,1.0,0.99999994,0.99999994,1.0,0.99999994,0.99999964,1.0,1.0,0.99999994,0.9999988,1.0,1.0,1.0,0.99999994,0.99999994,1.0,0.9999999,1.0,0.99999994,1.0,1.0,0.9999997,0.99999994,1.0,0.99999994,0.9999997,1.0,0.99999994,1.0,1.0,1.0,0.99999994,1.0,0.9999947,0.9976376,0.99999994,1.0,0.9999999,0.99999964,0.99999994,0.9999996,1.0,1.0,1.0,1.0,0.99999964,0.99999994,1.0,0.9999999,0.99999994,0.99999994,1.0,1.0,0.99999994,1.0,1.0,0.99999976,0.99999994,1.0,0.9999997,0.99999994,1.0,1.0,1.0,0.99999994,1.0,0.99999994,1.0,0.99999994,1.0,0.99999994,0.99999994,0.99999994,0.9999999,0.9999999,0.9999997,0.99999994,0.9999999,1.0,0.99999994,0.99999994,1.0,0.9999994,0.99999994,0.99999994,0.99999994,0.99999994,0.99999994,1.0,0.99999994,0.9999999,0.99999994,0.9999997,0.9999999,1.0,1.0,1.0,1.0,1.0,1.0,0.9805529,1.0,0.99999994,0.99999994
BUD13_K562,0.99999994,1.0,1.0,0.99999994,0.99999994,0.99999994,1.0,0.99999994,1.0,0.9999999,1.0,0.99999434,1.0,1.0,1.0,1.0,1.0,1.0,0.9999822,0.99999994,0.9999998,0.99999994,1.0,1.0,0.9999998,1.0,1.0,1.0,1.0,0.99999976,1.0,0.99999994,1.0,1.0,0.9999907,0.9999875,1.0,1.0,0.9999998,0.99999994,1.0,1.0,0.99999994,1.0,1.0,1.0,0.99999994,1.0,1.0,0.99999994,1.0,0.99999994,0.99999994,1.0,1.0,1.0,0.73065543,1.0,1.0,0.99999994,1.0,1.0,1.0,0.9999992,1.0,1.0,1.0,0.99999994,1.0,1.0,1.0,1.0,0.99999994,0.99999994,1.0,1.0,1.0,0.99999994,0.99999994,1.0,0.9999985,1.0,1.0,0.9999985,1.0,1.0,1.0,1.0,0.9999997,0.9999903,0.99999994,1.0,1.0,0.99999994,1.0,0.99999994,1.0,0.9967586,1.0,0.99999994,0.9999999,0.99926084,0.9988002,1.0,1.0,0.55070406,1.0,0.99999994,1.0,1.0,0.99999994,1.0,0.99999946,1.0,0.99999994,1.0,1.0,1.0,1.0,1.0,1.0,0.99999994,1.0,1.0,0.9999997,1.0,1.0,1.0,0.9999986,1.0,1.0,1.0,1.0,1.0,1.0,0.99999994,1.0,1.0,1.0,1.0,0.99999964,1.0,1.0,1.0,0.99999976,1.0,1.0,1.0,0.99999994,1.0,1.0,1.0,0.99999505,0.9976301,1.0,1.0,0.99999994,0.9999996,0.99999994,0.99999946,1.0,1.0,1.0,1.0,0.9999997,1.0,1.0,0.99999994,1.0,0.99999994,1.0,1.0,1.0,1.0,1.0,0.9999998,1.0,1.0,0.9999998,1.0,1.0,1.0,1.0,1.0,1.0,1.0,1.0,1.0,1.0,0.99999994,1.0,1.0,0.99999994,0.99999994,0.99999976,1.0,0.99999994,0.99999994,0.9999999,1.0,1.0,0.9999995,1.0,1.0,1.0,1.0,1.0,1.0,1.0,0.99999994,1.0,0.9999996,0.99999994,1.0,1.0,1.0,1.0,1.0,1.0,0.9805315,1.0,1.0,1.0
CDC40_HepG2,1.0,0.99999994,1.0,0.9999999,1.0,1.0,1.0,1.0,1.0,0.9999998,0.99999994,0.99999475,1.0,1.0,1.0,1.0,1.0,1.0,0.9999814,1.0,0.9999999,0.9999999,1.0,1.0,0.99999976,1.0,1.0,1.0,1.0,0.99999964,1.0,1.0,1.0,1.0,0.99999124,0.9999868,1.0,1.0,0.99999976,1.0,1.0,1.0,1.0,1.0,1.0,1.0,0.99999994,1.0,0.99999994,1.0,1.0,1.0,1.0,1.0,1.0,1.0,0.7305701,1.0,1.0,1.0,1.0,1.0,1.0,0.99999905,1.0,1.0,1.0,1.0,1.0,1.0,1.0,1.0,0.9999999,1.0,1.0,1.0,1.0,1.0,1.0,1.0,0.99999833,1.0,1.0,0.9999987,1.0,1.0,1.0,1.0,0.9999996,0.9999908,0.9999999,1.0,1.0,0.9999999,1.0,0.99999994,1.0,0.99676865,1.0,1.0,0.99999994,0.9992656,0.9987941,1.0,1.0,0.55080837,1.0,1.0,1.0,1.0,1.0,1.0,0.9999996,0.99999994,1.0,0.99999994,1.0,1.0,1.0,1.0,1.0,1.0,1.0,1.0,0.9999998,1.0,1.0,1.0,0.9999984,1.0,1.0,1.0,1.0,1.0,1.0,1.0,1.0,1.0,1.0,1.0,0.9999995,1.0,1.0,1.0,0.9999998,1.0,1.0,1.0,0.9999999,0.99999994,1.0,1.0,0.9999954,0.9976215,1.0,0.99999994,0.99999994,0.99999946,1.0,0.99999934,1.0,0.99999994,0.99999994,1.0,0.9999998,1.0,1.0,1.0,1.0,0.9999999,1.0,1.0,1.0,1.0,1.0,0.9999999,1.0,1.0,0.9999999,1.0,1.0,1.0,1.0,1.0,0.99999994,1.0,1.0,1.0,1.0,1.0,1.0,1.0,0.99999994,1.0,0.9999998,1.0,1.0,0.99999994,0.9999998,1.0,1.0,0.99999964,1.0,1.0,1.0,1.0,1.0,1.0,1.0,1.0,1.0,0.99999946,0.99999994,1.0,1.0,1.0,1.0,1.0,1.0,0.98050696,1.0,1.0,1.0
CPEB4_K562,1.0,1.0,1.0,0.99999994,1.0,1.0,1.0,0.99999994,1.0,0.9999999,0.99999994,0.9999945,1.0,1.0,1.0,1.0,1.0,1.0,0.9999819,0.99999994,0.9999999,0.99999994,1.0,1.0,0.9999998,1.0,1.0,1.0,1.0,0.9999997,1.0,1.0,1.0,1.0,0.99999094,0.9999872,1.0,1.0,0.9999998,0.99999994,1.0,1.0,0.99999994,1.0,1.0,1.0,0.99999994,1.0,1.0,0.99999994,1.0,1.0,1.0,1.0,1.0,1.0,0.73061913,1.0,1.0,1.0,1.0,1.0,1.0,0.99999917,1.0,1.0,1.0,1.0,1.0,1.0,1.0,1.0,0.9999999,1.0,1.0,1.0,1.0,1.0,0.99999994,1.0,0.99999845,1.0,1.0,0.99999857,1.0,1.0,1.0,1.0,0.99999964,0.9999905,0.9999999,1.0,1.0,0.9999999,1.0,0.99999994,1.0,0.9967629,1.0,1.0,0.99999994,0.99926287,0.99879766,1.0,1.0,0.55074847,1.0,0.99999994,1.0,1.0,0.99999994,1.0,0.9999995,0.99999994,0.99999994,0.99999994,1.0,1.0,1.0,1.0,1.0,1.0,1.0,1.0,0.99999976,1.0,1.0,1.0,0.9999985,1.0,1.0,1.0,1.0,1.0,1.0,0.99999994,1.0,1.0,1.0,1.0,0.9999996,1.0,1.0,1.0,0.9999998,1.0,1.0,1.0,0.99999994,1.0,1.0,1.0,0.99999523,0.9976265,1.0,1.0,0.99999994,0.9999995,1.0,0.9999994,1.0,1.0,0.99999994,1.0,0.99999976,1.0,1.0,0.99999994,1.0,0.9999999,1.0,1.0,1.0,1.0,1.0,0.9999999,1.0,1.0,0.9999998,1.0,1.0,1.0,1.0,1.0,1.0,1.0,1.0,1.0,1.0,1.0,1.0,1.0,0.99999994,0.99999994,0.9999998,1.0,0.99999994,0.99999994,0.9999999,1.0,1.0,0.9999996,1.0,1.0,1.0,1.0,1.0,1.0,1.0,0.99999994,1.0,0.9999995,0.99999994,1.0,1.0,1.0,1.0,1.0,1.0,0.9805211,1.0,1.0,1.0
CPSF6_K562,1.0,1.0,1.0,0.99999994,1.0,1.0,1.0,1.0,1.0,0.9999999,0.99999994,0.9999946,1.0,1.0,1.0,1.0,1.0,1.0,0.99998176,0.99999994,0.9999999,0.9999999,1.0,1.0,0.99999976,1.0,1.0,1.0,1.0,0.9999997,1.0,1.0,1.0,1.0,0.999991,0.9999871,1.0,1.0,0.9999998,1.0,1.0,1.0,0.99999994,1.0,1.0,1.0,0.99999994,1.0,1.0,0.99999994,1.0,1.0,1.0,1.0,1.0,1.0,0.7306053,1.0,1.0,1.0,1.0,1.0,1.0,0.9999991,1.0,1.0,1.0,1.0,1.0,1.0,1.0,1.0,0.9999999,1.0,1.0,1.0,1.0,1.0,0.99999994,1.0,0.9999984,1.0,1.0,0.9999986,1.0,1.0,1.0,1.0,0.99999964,0.9999906,0.9999999,1.0,1.0,0.9999999,1.0,0.99999994,1.0,0.9967645,1.0,1.0,0.99999994,0.99926364,0.99879664,1.0,1.0,0.55076534,1.0,1.0,1.0,1.0,0.99999994,1.0,0.9999996,0.99999994,1.0,0.99999994,1.0,1.0,1.0,1.0,1.0,1.0,1.0,1.0,0.99999976,1.0,1.0,1.0,0.9999985,1.0,1.0,1.0,1.0,1.0,1.0,0.99999994,1.0,1.0,1.0,1.0,0.9999996,1.0,1.0,1.0,0.9999998,1.0,1.0,1.0,0.99999994,1.0,1.0,1.0,0.9999953,0.99762505,1.0,1.0,0.99999994,0.99999946,1.0,0.9999994,1.0,1.0,0.99999994,1.0,0.99999976,1.0,1.0,0.99999994,1.0,0.9999999,1.0,1.0,1.0,1.0,1.0,0.9999999,1.0,1.0,0.9999998,1.0,1.0,1.0,1.0,1.0,0.99999994,1.0,1.0,1.0,1.0,1.0,1.0,1.0,0.99999994,0.99999994,0.9999998,1.0,0.99999994,0.99999994,0.9999999,1.0,1.0,0.9999996,1.0,1.0,1.0,1.0,1.0,1.0,1.0,0.99999994,1.0,0.9999995,0.99999994,1.0,1.0,1.0,1.0,1.0,1.0,0.9805171,1.0,1.0,1.0
CSTF2_HepG2,0.9999806,0.99998313,0.9999819,0.99998397,0.9999806,0.9999804,0.9999809,0.9999803,0.9999809,0.99998486,0.99998355,0.9999565,0.9999815,0.99998283,0.9999822,0.9999814,0.9999819,0.99998176,1.0,0.9999799,0.9999784,0.99998426,0.9999815,0.999981,0.9999855,0.9999807,0.9999811,0.9999811,0.99998105,0.99998605,0.9999809,0.99998045,0.99998075,0.9999812,0.99994713,0.9999995,0.9999808,0.9999827,0.9999854,0.9999803,0.99998206,0.9999814,0.9999801,0.99998116,0.99998206,0.99998146,0.99998385,0.9999825,0.99998313,0.99998,0.9999824,0.9999805,0.99998057,0.999981,0.9999808,0.99998146,0.73471904,0.999981,0.9999808,0.9999806,0.99998146,0.9999823,0.99998105,0.9999889,0.99998224,0.99998105,0.99998164,0.9999804,0.99998087,0.9999812,0.99998206,0.99998116,0.9999845,0.9999806,0.9999812,0.9999825,0.9999819,0.9999806,0.99998,0.9999812,0.99999094,0.9999807,0.99998087,0.9999703,0.99998206,0.9999822,0.99998164,0.99998254,0.9999866,0.9999461,0.9999843,0.99998134,0.9999821,0.99998444,0.999982,0.9999796,0.9999815,0.99626046,0.9999813,0.9999807,0.99997944,0.9990135,0.9990748,0.9999816,0.9999819,0.54571027,0.9999818,0.99998033,0.9999808,0.99998146,0.9999801,0.99998075,0.9999756,0.99998355,0.9999803,0.99998343,0.99998134,0.9999813,0.9999825,0.9999823,0.9999807,0.9999807,0.99998176,0.9999807,0.9999774,0.9999823,0.9999819,0.99998075,0.9999907,0.99998206,0.9999817,0.99998164,0.9999807,0.9999808,0.9999815,0.9999802,0.9999822,0.9999811,0.99998146,0.9999819,0.99998695,0.9999807,0.9999821,0.9999809,0.99997777,0.99998176,0.99998105,0.99998194,0.99998415,0.999983,0.9999812,0.9999816,0.9999584,0.99802315,0.9999813,0.999983,0.99997985,0.9999873,0.9999806,0.99998784,0.99998146,0.9999829,0.9999835,0.99998134,0.9999774,0.999981,0.99998146,0.99998,0.99998075,0.99998444,0.99998236,0.9999827,0.99998087,0.99998266,0.99998134,0.99997854,0.99998075,0.9999826,0.99997824,0.999981,0.99998206,0.9999817,0.9999829,0.9999813,0.9999833,0.99998116,0.9999825,0.9999811,0.99998206,0.9999806,0.99998075,0.99998075,0.9999798,0.99998015,0.9999779,0.99998105,0.9999799,0.9999837,0.99998474,0.9999811,0.9999819,0.9999759,0.99998116,0.9999812,0.9999811,0.9999811,0.99998105,0.9999815,0.9999813,0.99998,0.9999807,0.9999872,0.99997973,0.9999815,0.9999827,0.9999821,0.99998194,0.9999814,0.9999826,0.98168653,0.99998236,0.99998105,0.99998087
CSTF2T_HepG2,1.0,0.9999999,0.99999994,0.99999976,1.0,1.0,1.0,1.0,1.0,0.99999964,0.9999998,0.9999955,0.99999994,0.9999999,0.99999994,1.0,0.99999994,0.99999994,0.9999799,1.0,1.0,0.99999976,0.99999994,1.0,0.9999995,1.0,1.0,1.0,1.0,0.99999946,1.0,1.0,1.0,1.0,0.9999922,0.9999856,1.0,0.9999999,0.9999996,1.0,0.99999994,1.0,1.0,1.0,0.99999994,0.99999994,0.99999976,0.99999994,0.9999999,1.0,0.99999994,1.0,1.0,1.0,1.0,0.99999994,0.73040444,1.0,1.0,1.0,0.99999994,0.99999994,1.0,0.9999987,0.99999994,1.0,0.99999994,1.0,1.0,1.0,0.99999994,1.0,0.9999997,1.0,1.0,0.99999994,0.99999994,1.0,1.0,1.0,0.99999785,1.0,1.0,0.99999905,0.99999994,0.99999994,0.99999994,0.9999999,0.99999934,0.99999183,0.9999997,1.0,0.99999994,0.9999997,0.99999994,1.0,0.99999994,0.9967881,1.0,1.0,1.0,0.9992749,0.99878216,0.99999994,0.99999994,0.5510108,0.99999994,1.0,1.0,0.99999994,1.0,1.0,0.9999998,0.9999998,1.0,0.9999998,1.0,1.0,0.99999994,0.99999994,1.0,1.0,0.99999994,1.0,0.99999994,0.99999994,0.99999994,1.0,0.999998,0.99999994,0.99999994,0.99999994,1.0,1.0,0.99999994,1.0,0.99999994,1.0,0.99999994,0.99999994,0.9999992,1.0,0.99999994,1.0,0.99999994,0.99999994,1.0,0.99999994,0.99999976,0.9999999,1.0,0.99999994,0.9999961,0.9976048,1.0,0.9999999,1.0,0.99999917,1.0,0.999999,0.99999994,0.9999999,0.9999998,1.0,0.99999994,1.0,0.99999994,1.0,1.0,0.9999997,0.99999994,0.9999999,1.0,0.9999999,1.0,1.0,1.0,0.9999999,0.99999994,1.0,0.99999994,0.99999994,0.9999999,1.0,0.9999998,1.0,0.99999994,1.0,0.99999994,1.0,1.0,1.0,1.0,1.0,0.99999994,1.0,1.0,0.9999998,0.99999964,1.0,0.99999994,0.9999998,1.0,1.0,1.0,1.0,1.0,0.99999994,1.0,1.0,1.0,0.99999917,1.0,0.99999994,0.9999999,0.99999994,0.99999994,1.0,0.9999999,0.9804593,0.99999994,1.0,1.0
CSTF2T_K562,0.99999994,0.9999997,0.9999998,0.9999996,0.99999994,0.99999994,0.99999994,0.99999994,0.99999994,0.9999994,0.99999964,0.9999962,0.9999999,0.99999976,0.9999998,0.9999999,0.9999999,0.9999999,0.9999784,1.0,1.0,0.9999995,0.9999999,0.99999994,0.9999993,0.99999994,0.99999994,0.99999994,0.99999994,0.99999917,0.99999994,0.99999994,0.99999994,0.9999999,0.9999931,0.9999843,0.99999994,0.99999976,0.99999934,0.99999994,0.9999998,0.9999999,0.99999994,0.9999999,0.9999998,0.9999999,0.9999996,0.99999976,0.9999997,1.0,0.9999998,0.99999994,0.99999994,0.99999994,0.99999994,0.9999999,0.7302469,0.99999994,0.99999994,0.99999994,0.9999999,0.9999998,0.99999994,0.9999983,0.9999998,0.99999994,0.9999999,0.99999994,0.99999994,0.9999999,0.9999998,0.9999999,0.9999995,0.99999994,0.9999999,0.99999976,0.9999998,0.99999994,1.0,0.9999999,0.9999973,0.99999994,0.99999994,0.99999934,0.9999998,0.9999998,0.9999999,0.99999976,0.99999905,0.9999927,0.9999995,0.9999999,0.9999998,0.9999995,0.9999998,1.0,0.9999999,0.99680656,0.9999999,0.99999994,1.0,0.9992837,0.9987708,0.9999999,0.9999998,0.55120325,0.9999999,0.99999994,0.99999994,0.9999999,0.99999994,0.99999994,0.99999994,0.99999964,0.99999994,0.99999964,0.9999999,0.9999999,0.99999976,0.9999998,0.99999994,0.99999994,0.9999999,0.99999994,1.0,0.9999998,0.9999998,0.99999994,0.99999744,0.9999998,0.9999999,0.9999999,0.99999994,0.99999994,0.9999999,0.99999994,0.9999998,0.99999994,0.9999999,0.9999998,0.9999989,0.99999994,0.9999998,0.99999994,1.0,0.9999999,0.99999994,0.9999998,0.9999996,0.9999997,0.9999999,0.9999999,0.9999967,0.99758875,0.9999999,0.9999997,1.0,0.9999988,0.99999994,0.9999986,0.9999999,0.99999976,0.99999964,0.9999999,1.0,0.99999994,0.9999999,1.0,0.99999994,0.9999995,0.9999998,0.99999976,0.99999994,0.99999976,0.9999999,1.0,0.99999994,0.99999976,1.0,0.99999994,0.9999998,0.9999999,0.99999976,0.9999999,0.9999997,0.9999999,0.99999976,0.99999994,0.9999998,0.99999994,0.99999994,0.99999994,1.0,0.99999994,1.0,0.99999994,1.0,0.99999964,0.99999946,0.9999999,0.9999998,0.99999994,0.9999999,0.9999999,0.99999994,0.99999994,0.99999994,0.9999999,0.9999999,1.0,0.99999994,0.99999887,1.0,0.9999999,0.99999976,0.9999998,0.9999998,0.9999999,0.99999976,0.9804139,0.9999998,0.99999994,0.99999994
DDX21_K562,0.9999998,1.0,0.99999994,1.0,0.9999998,0.99999976,0.9999998,0.99999976,0.9999998,1.0,1.0,0.9999931,0.9999999,0.99999994,0.99999994,0.9999999,0.99999994,0.9999999,0.99998426,0.99999976,0.9999995,1.0,0.9999999,0.9999998,1.0,0.9999998,0.9999999,0.9999999,0.9999999,0.99999994,0.9999998,0.9999998,0.9999998,0.9999999,0.9999891,0.9999892,0.9999998,0.99999994,1.0,0.99999976,0.99999994,0.9999999,0.99999976,0.9999999,0.99999994,0.9999999,1.0,0.99999994,1.0,0.99999976,0.99999994,0.9999998,0.9999998,0.9999998,0.9999998,0.9999999,0.7309005,0.9999998,0.9999998,0.9999998,0.9999999,0.99999994,0.9999999,0.9999996,0.99999994,0.9999998,0.9999999,0.99999976,0.9999998,0.9999999,0.99999994,0.9999999,1.0,0.9999998,0.9999999,0.99999994,0.99999994,0.9999998,0.99999976,0.9999999,0.9999991,0.9999998,0.9999998,0.9999978,0.99999994,0.99999994,0.9999999,0.99999994,0.9999999,0.9999886,1.0,0.9999999,0.99999994,1.0,0.99999994,0.9999997,0.9999999,0.9967297,0.9999999,0.9999998,0.9999997,0.99924695,0.99881774,0.9999999,0.99999994,0.5504043,0.99999994,0.99999976,0.9999998,0.9999999,0.99999976,0.9999998,0.99999905,1.0,0.99999976,1.0,0.9999999,0.9999999,0.99999994,0.99999994,0.9999998,0.9999998,0.9999999,0.9999998,0.9999994,0.99999994,0.99999994,0.9999998,0.99999917,0.99999994,0.9999999,0.9999999,0.9999998,0.9999998,0.9999999,0.99999976,0.99999994,0.9999999,0.9999999,0.99999994,0.9999999,0.9999998,0.99999994,0.9999998,0.99999946,0.9999999,0.9999999,0.99999994,1.0,1.0,0.9999999,0.9999999,0.99999386,0.99765474,0.9999999,1.0,0.9999997,0.9999998,0.9999998,0.99999976,0.9999999,1.0,1.0,0.9999999,0.9999994,0.9999998,0.9999999,0.99999976,0.9999998,1.0,0.99999994,0.99999994,0.9999998,0.99999994,0.9999999,0.9999996,0.9999998,0.99999994,0.9999995,0.9999998,0.99999994,0.9999999,1.0,0.9999999,1.0,0.9999999,0.99999994,0.9999999,0.99999994,0.9999998,0.9999998,0.9999998,0.9999997,0.99999976,0.99999946,0.9999998,0.99999976,1.0,1.0,0.9999999,0.99999994,0.9999991,0.9999999,0.9999999,0.9999999,0.9999999,0.9999999,0.9999999,0.9999999,0.99999976,0.9999998,0.9999998,0.9999997,0.9999999,0.99999994,0.99999994,0.99999994,0.9999999,0.99999994,0.98060197,0.99999994,0.9999998,0.9999998
DDX24_K562,1.0,0.99999994,1.0,0.99999994,1.0,1.0,1.0,1.0,1.0,0.9999998,0.99999994,0.9999947,1.0,1.0,1.0,1.0,1.0,1.0,0.9999815,0.99999994,0.9999999,0.9999999,1.0,1.0,0.99999976,1.0,1.0,1.0,1.0,0.9999997,1.0,1.0,1.0,1.0,0.9999912,0.9999869,1.0,1.0,0.99999976,1.0,1.0,1.0,1.0,1.0,1.0,1.0,0.99999994,1.0,0.99999994,0.99999994,1.0,1.0,1.0,1.0,1.0,1.0,0.73057956,1.0,1.0,1.0,1.0,1.0,1.0,0.99999905,1.0,1.0,1.0,1.0,1.0,1.0,1.0,1.0,0.9999999,1.0,1.0,1.0,1.0,1.0,0.99999994,1.0,0.99999833,1.0,1.0,0.9999987,1.0,1.0,1.0,1.0,0.9999996,0.99999076,0.9999999,1.0,1.0,0.9999999,1.0,0.99999994,1.0,0.9967675,1.0,1.0,0.99999994,0.9992651,0.9987948,1.0,1.0,0.5507968,1.0,1.0,1.0,1.0,1.0,1.0,0.9999996,0.99999994,1.0,0.99999994,1.0,1.0,1.0,1.0,1.0,1.0,1.0,1.0,0.9999998,1.0,1.0,1.0,0.99999845,1.0,1.0,1.0,1.0,1.0,1.0,1.0,1.0,1.0,1.0,1.0,0.9999995,1.0,1.0,1.0,0.9999998,1.0,1.0,1.0,0.9999999,0.99999994,1.0,1.0,0.9999954,0.9976225,1.0,0.99999994,0.99999994,0.99999946,1.0,0.99999934,1.0,1.0,0.99999994,1.0,0.9999998,1.0,1.0,0.99999994,1.0,0.9999999,1.0,1.0,1.0,1.0,1.0,0.9999999,1.0,1.0,0.9999999,1.0,1.0,1.0,1.0,1.0,0.99999994,1.0,1.0,1.0,1.0,1.0,1.0,1.0,0.99999994,1.0,0.9999998,1.0,0.99999994,0.99999994,0.9999998,1.0,1.0,0.99999964,1.0,1.0,1.0,1.0,1.0,1.0,1.0,0.99999994,1.0,0.99999946,0.99999994,1.0,1.0,1.0,1.0,1.0,1.0,0.9805097,1.0,1.0,1.0
DDX3X_HepG2,1.0,0.99999994,1.0,0.9999999,1.0,1.0,1.0,1.0,1.0,0.99999976,0.9999999,0.999995,1.0,0.99999994,1.0,1.0,1.0,1.0,0.999981,1.0,0.99999994,0.9999998,1.0,1.0,0.9999997,1.0,1.0,1.0,1.0,0.9999996,1.0,1.0,1.0,1.0,0.99999154,0.99998647,1.0,0.99999994,0.9999997,1.0,1.0,1.0,1.0,1.0,1.0,1.0,0.9999999,0.99999994,0.99999994,1.0,1.0,1.0,1.0,1.0,1.0,1.0,0.73052096,1.0,1.0,1.0,1.0,1.0,1.0,0.9999989,1.0,1.0,1.0,1.0,1.0,1.0,1.0,1.0,0.9999998,1.0,1.0,0.99999994,1.0,1.0,1.0,1.0,0.99999815,1.0,1.0,0.9999988,1.0,1.0,1.0,0.99999994,0.9999995,0.9999911,0.9999998,1.0,1.0,0.9999998,1.0,1.0,1.0,0.99677444,1.0,1.0,1.0,0.9992684,0.99879056,1.0,1.0,0.55086845,1.0,1.0,1.0,1.0,1.0,1.0,0.99999964,0.9999999,1.0,0.99999994,1.0,1.0,0.99999994,1.0,1.0,1.0,1.0,1.0,0.9999998,1.0,1.0,1.0,0.9999983,1.0,1.0,1.0,1.0,1.0,1.0,1.0,1.0,1.0,1.0,1.0,0.99999946,1.0,1.0,1.0,0.9999999,1.0,1.0,1.0,0.9999999,0.99999994,1.0,1.0,0.99999565,0.9976165,1.0,0.99999994,1.0,0.99999934,1.0,0.9999992,1.0,0.99999994,0.9999999,1.0,0.9999998,1.0,1.0,1.0,1.0,0.9999998,1.0,0.99999994,1.0,0.99999994,1.0,0.99999994,1.0,0.99999994,0.9999999,1.0,1.0,1.0,0.99999994,1.0,0.99999994,1.0,0.99999994,1.0,1.0,1.0,1.0,1.0,1.0,1.0,0.9999999,1.0,1.0,0.9999999,0.99999976,1.0,1.0,0.9999997,1.0,1.0,1.0,1.0,1.0,1.0,1.0,1.0,1.0,0.9999994,1.0,1.0,0.99999994,1.0,1.0,1.0,0.99999994,0.98049283,1.0,1.0,1.0
DDX3X_K562,0.99999964,0.9999999,0.9999998,0.99999994,0.99999964,0.99999964,0.9999997,0.9999996,0.9999997,1.0,0.99999994,0.9999922,0.99999976,0.9999999,0.9999998,0.99999976,0.9999998,0.99999976,0.9999855,0.9999995,0.9999993,1.0,0.99999976,0.9999997,1.0,0.99999964,0.9999997,0.9999997,0.9999997,1.0,0.9999997,0.99999964,0.99999964,0.9999997,0.999988,0.9999902,0.99999964,0.9999999,1.0,0.9999996,0.9999998,0.99999976,0.9999996,0.9999997,0.9999998,0.99999976,0.99999994,0.9999999,0.99999994,0.9999996,0.9999999,0.99999964,0.99999964,0.9999997,0.9999997,0.99999976,0.7310563,0.9999997,0.99999964,0.99999964,0.99999976,0.9999998,0.9999997,0.99999976,0.9999998,0.9999997,0.99999976,0.99999964,0.9999997,0.9999997,0.9999998,0.9999997,1.0,0.99999964,0.9999997,0.9999999,0.9999998,0.99999964,0.9999995,0.9999997,0.99999934,0.99999964,0.9999997,0.9999973,0.9999998,0.9999998,0.99999976,0.9999999,1.0,0.99998754,1.0,0.99999976,0.9999998,1.0,0.9999998,0.9999995,0.99999976,0.9967112,0.99999976,0.99999964,0.99999946,0.9992381,0.9988288,0.99999976,0.9999998,0.55021375,0.9999998,0.9999996,0.99999964,0.99999976,0.9999996,0.99999964,0.99999875,0.99999994,0.9999996,0.99999994,0.99999976,0.9999997,0.9999999,0.9999998,0.99999964,0.99999964,0.99999976,0.99999964,0.9999991,0.9999998,0.9999998,0.99999964,0.9999994,0.9999998,0.99999976,0.99999976,0.99999964,0.9999997,0.99999976,0.9999996,0.9999998,0.9999997,0.99999976,0.9999998,0.99999994,0.99999964,0.9999998,0.9999997,0.99999917,0.99999976,0.9999997,0.9999998,1.0,0.9999999,0.9999997,0.99999976,0.999993,0.99767035,0.9999997,0.9999999,0.9999995,0.99999994,0.99999964,0.9999999,0.99999976,0.9999999,0.99999994,0.99999976,0.9999991,0.9999997,0.99999976,0.9999995,0.99999964,1.0,0.9999998,0.9999999,0.9999997,0.9999999,0.99999976,0.99999934,0.99999964,0.9999999,0.9999993,0.9999997,0.9999998,0.99999976,0.9999999,0.9999997,0.99999994,0.9999997,0.9999999,0.9999997,0.9999998,0.99999964,0.99999964,0.99999964,0.9999995,0.9999996,0.99999917,0.9999997,0.9999995,0.99999994,1.0,0.9999997,0.9999998,0.9999988,0.9999997,0.9999997,0.9999997,0.9999997,0.9999997,0.99999976,0.9999997,0.9999996,0.99999964,0.99999994,0.9999995,0.99999976,0.9999999,0.9999998,0.9999998,0.99999976,0.9999999,0.98064667,0.9999998,0.9999997,0.9999997
DDX42_K562,1.0,0.99999994,1.0,0.9999998,1.0,1.0,1.0,1.0,1.0,0.99999976,0.9999999,0.9999952,1.0,0.99999994,1.0,1.0,1.0,1.0,0.9999807,1.0,0.99999994,0.9999998,1.0,1.0,0.99999964,1.0,1.0,1.0,1.0,0.9999996,1.0,1.0,1.0,1.0,0.9999917,0.99998623,1.0,0.99999994,0.99999964,1.0,1.0,1.0,1.0,1.0,1.0,1.0,0.9999999,0.99999994,0.99999994,1.0,0.99999994,1.0,1.0,1.0,1.0,1.0,0.730489,1.0,1.0,1.0,1.0,0.99999994,1.0,0.99999887,0.99999994,1.0,1.0,1.0,1.0,1.0,1.0,1.0,0.9999998,1.0,1.0,0.99999994,1.0,1.0,1.0,1.0,0.9999981,1.0,1.0,0.99999887,1.0,0.99999994,1.0,0.99999994,0.99999946,0.99999136,0.9999998,1.0,1.0,0.9999998,1.0,1.0,1.0,0.9967782,1.0,1.0,1.0,0.99927014,0.9987883,1.0,1.0,0.55090743,1.0,1.0,1.0,1.0,1.0,1.0,0.9999997,0.9999999,1.0,0.9999999,1.0,1.0,0.99999994,0.99999994,1.0,1.0,1.0,1.0,0.9999999,0.99999994,1.0,1.0,0.9999982,1.0,1.0,1.0,1.0,1.0,1.0,1.0,1.0,1.0,1.0,1.0,0.9999994,1.0,1.0,1.0,0.9999999,1.0,1.0,1.0,0.9999998,0.99999994,1.0,1.0,0.99999577,0.9976133,1.0,0.99999994,1.0,0.9999993,1.0,0.99999917,1.0,0.99999994,0.9999999,1.0,0.9999999,1.0,1.0,1.0,1.0,0.9999998,0.99999994,0.99999994,1.0,0.99999994,1.0,0.99999994,1.0,0.99999994,0.99999994,1.0,1.0,1.0,0.99999994,1.0,0.9999999,1.0,0.99999994,1.0,1.0,1.0,1.0,1.0,1.0,1.0,0.9999999,1.0,1.0,0.9999999,0.99999976,1.0,1.0,0.99999976,1.0,1.0,1.0,1.0,1.0,1.0,1.0,1.0,1.0,0.99999934,1.0,1.0,0.99999994,1.0,1.0,1.0,0.99999994,0.98048365,0.99999994,1.0,1.0
DDX51_K562,1.0,0.99999994,1.0,0.9999999,1.0,1.0,1.0,1.0,1.0,0.99999976,0.99999994,0.99999493,1.0,0.99999994,1.0,1.0,1.0,1.0,0.9999811,1.0,0.99999994,0.9999999,1.0,1.0,0.9999997,1.0,1.0,1.0,1.0,0.99999964,1.0,1.0,1.0,1.0,0.9999915,0.9999865,1.0,0.99999994,0.9999997,1.0,1.0,1.0,1.0,1.0,1.0,1.0,0.9999999,1.0,0.99999994,1.0,1.0,1.0,1.0,1.0,1.0,1.0,0.7305325,1.0,1.0,1.0,1.0,1.0,1.0,0.999999,1.0,1.0,1.0,1.0,1.0,1.0,1.0,1.0,0.9999998,1.0,1.0,1.0,1.0,1.0,1.0,1.0,0.9999982,1.0,1.0,0.9999988,1.0,1.0,1.0,1.0,0.9999995,0.99999106,0.9999998,1.0,1.0,0.9999998,1.0,1.0,1.0,0.99677306,1.0,1.0,0.99999994,0.99926776,0.9987914,1.0,1.0,0.55085427,1.0,1.0,1.0,1.0,1.0,1.0,0.99999964,0.99999994,1.0,0.99999994,1.0,1.0,1.0,1.0,1.0,1.0,1.0,1.0,0.9999998,1.0,1.0,1.0,0.99999833,1.0,1.0,1.0,1.0,1.0,1.0,1.0,1.0,1.0,1.0,1.0,0.99999946,1.0,1.0,1.0,0.9999999,1.0,1.0,1.0,0.9999999,0.99999994,1.0,1.0,0.9999956,0.9976177,1.0,0.99999994,1.0,0.9999994,1.0,0.9999993,1.0,0.99999994,0.99999994,1.0,0.9999998,1.0,1.0,1.0,1.0,0.9999998,1.0,0.99999994,1.0,0.99999994,1.0,0.99999994,1.0,0.99999994,0.9999999,1.0,1.0,1.0,0.99999994,1.0,0.99999994,1.0,1.0,1.0,1.0,1.0,1.0,1.0,1.0,1.0,0.9999999,1.0,1.0,0.9999999,0.9999998,1.0,1.0,0.9999997,1.0,1.0,1.0,1.0,1.0,1.0,1.0,1.0,1.0,0.9999994,1.0,1.0,0.99999994,1.0,1.0,1.0,0.99999994,0.98049617,1.0,1.0,1.0
DDX52_HepG2,1.0,0.99999994,1.0,0.9999999,1.0,1.0,1.0,1.0,1.0,0.9999998,0.99999994,0.99999493,1.0,0.99999994,1.0,1.0,1.0,1.0,0.9999811,1.0,0.99999994,0.9999999,1.0,1.0,0.9999997,1.0,1.0,1.0,1.0,0.99999964,1.0,1.0,1.0,1.0,0.9999914,0.9999866,1.0,0.99999994,0.9999997,1.0,1.0,1.0,1.0,1.0,1.0,1.0,0.9999999,1.0,0.99999994,1.0,1.0,1.0,1.0,1.0,1.0,1.0,0.7305342,1.0,1.0,1.0,1.0,1.0,1.0,0.999999,1.0,1.0,1.0,1.0,1.0,1.0,1.0,1.0,0.9999998,1.0,1.0,1.0,1.0,1.0,1.0,1.0,0.9999982,1.0,1.0,0.9999988,1.0,1.0,1.0,1.0,0.9999995,0.99999106,0.9999998,1.0,1.0,0.9999998,1.0,1.0,1.0,0.9967729,1.0,1.0,0.99999994,0.99926764,0.9987915,1.0,1.0,0.55085224,1.0,1.0,1.0,1.0,1.0,1.0,0.99999964,0.99999994,1.0,0.99999994,1.0,1.0,1.0,1.0,1.0,1.0,1.0,1.0,0.9999998,1.0,1.0,1.0,0.99999833,1.0,1.0,1.0,1.0,1.0,1.0,1.0,1.0,1.0,1.0,1.0,0.99999946,1.0,1.0,1.0,0.9999999,1.0,1.0,1.0,0.9999999,0.99999994,1.0,1.0,0.9999956,0.9976179,1.0,0.99999994,1.0,0.9999994,1.0,0.9999993,1.0,0.99999994,0.99999994,1.0,0.9999998,1.0,1.0,1.0,1.0,0.9999998,1.0,0.99999994,1.0,0.99999994,1.0,0.99999994,1.0,0.99999994,0.9999999,1.0,1.0,1.0,0.99999994,1.0,0.99999994,1.0,1.0,1.0,1.0,1.0,1.0,1.0,1.0,1.0,0.9999999,1.0,1.0,0.9999999,0.9999998,1.0,1.0,0.9999997,1.0,1.0,1.0,1.0,1.0,1.0,1.0,1.0,1.0,0.9999994,1.0,1.0,0.99999994,1.0,1.0,1.0,0.99999994,0.98049664,1.0,1.0,1.0
DDX52_K562,1.0,0.99999994,1.0,0.9999999,1.0,1.0,1.0,1.0,1.0,0.99999976,0.99999994,0.99999493,1.0,0.99999994,1.0,1.0,1.0,1.0,0.99998105,1.0,0.99999994,0.9999999,1.0,1.0,0.9999997,1.0,1.0,1.0,1.0,0.99999964,1.0,1.0,1.0,1.0,0.9999915,0.9999865,1.0,0.99999994,0.9999997,1.0,1.0,1.0,1.0,1.0,1.0,1.0,0.9999999,1.0,0.99999994,1.0,1.0,1.0,1.0,1.0,1.0,1.0,0.7305293,1.0,1.0,1.0,1.0,1.0,1.0,0.999999,1.0,1.0,1.0,1.0,1.0,1.0,1.0,1.0,0.9999998,1.0,1.0,1.0,1.0,1.0,1.0,1.0,0.9999982,1.0,1.0,0.9999988,1.0,1.0,1.0,0.99999994,0.9999995,0.99999106,0.9999998,1.0,1.0,0.9999998,1.0,1.0,1.0,0.9967734,1.0,1.0,0.99999994,0.99926794,0.99879116,1.0,1.0,0.55085826,1.0,1.0,1.0,1.0,1.0,1.0,0.99999964,0.9999999,1.0,0.99999994,1.0,1.0,1.0,1.0,1.0,1.0,1.0,1.0,0.9999998,1.0,1.0,1.0,0.99999833,1.0,1.0,1.0,1.0,1.0,1.0,1.0,1.0,1.0,1.0,1.0,0.99999946,1.0,1.0,1.0,0.9999999,1.0,1.0,1.0,0.9999999,0.99999994,1.0,1.0,0.9999956,0.99761736,1.0,0.99999994,1.0,0.99999934,1.0,0.9999992,1.0,0.99999994,0.99999994,1.0,0.9999998,1.0,1.0,1.0,1.0,0.9999998,1.0,0.99999994,1.0,0.99999994,1.0,0.99999994,1.0,0.99999994,0.9999999,1.0,1.0,1.0,0.99999994,1.0,0.99999994,1.0,1.0,1.0,1.0,1.0,1.0,1.0,1.0,1.0,0.9999999,1.0,1.0,0.9999999,0.9999998,1.0,1.0,0.9999997,1.0,1.0,1.0,1.0,1.0,1.0,1.0,1.0,1.0,0.9999994,1.0,1.0,0.99999994,1.0,1.0,1.0,0.99999994,0.9804953,1.0,1.0,1.0
DDX55_HepG2,0.9999996,0.9999999,0.9999997,0.99999994,0.9999996,0.9999995,0.9999996,0.9999995,0.9999996,1.0,0.9999999,0.99999183,0.9999997,0.9999998,0.99999976,0.99999964,0.9999997,0.9999997,0.99998605,0.99999946,0.99999917,0.99999994,0.9999997,0.9999996,1.0,0.9999996,0.99999964,0.99999964,0.99999964,1.0,0.9999996,0.9999995,0.9999996,0.99999964,0.9999875,0.9999907,0.9999996,0.9999998,1.0,0.9999995,0.99999976,0.99999964,0.99999946,0.99999964,0.99999976,0.9999997,0.99999994,0.9999998,0.9999999,0.99999946,0.9999998,0.9999995,0.9999995,0.9999996,0.9999996,0.9999997,0.73112476,0.9999996,0.9999996,0.9999996,0.9999997,0.99999976,0.99999964,0.9999998,0.99999976,0.99999964,0.9999997,0.9999995,0.9999996,0.99999964,0.99999976,0.99999964,0.99999994,0.9999996,0.99999964,0.9999998,0.99999976,0.9999996,0.99999946,0.99999964,0.99999946,0.9999996,0.9999996,0.9999971,0.99999976,0.99999976,0.9999997,0.9999998,1.0,0.999987,0.99999994,0.99999964,0.99999976,0.99999994,0.99999976,0.9999994,0.9999997,0.996703,0.99999964,0.9999996,0.99999934,0.99923414,0.99883366,0.9999997,0.9999997,0.55012995,0.9999997,0.9999995,0.9999996,0.9999997,0.99999946,0.9999996,0.99999857,0.9999999,0.9999995,0.9999999,0.99999964,0.99999964,0.9999998,0.99999976,0.9999996,0.9999996,0.9999997,0.9999996,0.999999,0.99999976,0.9999997,0.9999996,0.9999995,0.99999976,0.9999997,0.9999997,0.9999996,0.9999996,0.9999997,0.9999995,0.99999976,0.99999964,0.9999997,0.9999997,1.0,0.9999996,0.99999976,0.9999996,0.99999905,0.9999997,0.99999964,0.99999976,0.99999994,0.9999999,0.99999964,0.9999997,0.99999267,0.9976772,0.99999964,0.9999999,0.9999994,0.99999994,0.9999996,0.99999994,0.9999997,0.9999998,0.9999999,0.99999964,0.999999,0.9999996,0.9999997,0.99999946,0.9999996,0.99999994,0.99999976,0.9999998,0.9999996,0.9999998,0.99999964,0.9999992,0.9999996,0.9999998,0.9999991,0.99999964,0.99999976,0.9999997,0.9999998,0.99999964,0.9999999,0.99999964,0.9999998,0.99999964,0.99999976,0.9999996,0.9999996,0.9999996,0.9999994,0.99999946,0.99999905,0.99999964,0.99999946,0.99999994,1.0,0.99999964,0.9999997,0.9999986,0.99999964,0.99999964,0.99999964,0.99999964,0.99999964,0.9999997,0.99999964,0.99999946,0.9999996,1.0,0.9999994,0.9999997,0.9999998,0.99999976,0.99999976,0.99999964,0.9999998,0.98066634,0.99999976,0.99999964,0.9999996
DDX55_K562,1.0,0.99999994,1.0,0.9999999,1.0,1.0,1.0,1.0,1.0,0.99999976,0.9999999,0.999995,1.0,0.99999994,1.0,1.0,1.0,1.0,0.9999809,1.0,0.99999994,0.9999998,1.0,1.0,0.9999997,1.0,1.0,1.0,1.0,0.9999996,1.0,1.0,1.0,1.0,0.99999154,0.9999864,1.0,0.99999994,0.9999997,1.0,1.0,1.0,1.0,1.0,1.0,1.0,0.9999999,0.99999994,0.99999994,1.0,0.99999994,1.0,1.0,1.0,1.0,1.0,0.7305159,1.0,1.0,1.0,1.0,1.0,1.0,0.9999989,1.0,1.0,1.0,1.0,1.0,1.0,1.0,1.0,0.9999998,1.0,1.0,0.99999994,1.0,1.0,1.0,1.0,0.99999815,1.0,1.0,0.9999988,1.0,1.0,1.0,0.99999994,0.9999995,0.9999912,0.9999998,1.0,1.0,0.9999998,1.0,1.0,1.0,0.99677503,1.0,1.0,1.0,0.99926865,0.9987902,1.0,1.0,0.5508746,1.0,1.0,1.0,1.0,1.0,1.0,0.9999997,0.9999999,1.0,0.99999994,1.0,1.0,0.99999994,1.0,1.0,1.0,1.0,1.0,0.9999999,1.0,1.0,1.0,0.9999983,1.0,1.0,1.0,1.0,1.0,1.0,1.0,1.0,1.0,1.0,1.0,0.99999946,1.0,1.0,1.0,0.9999999,1.0,1.0,1.0,0.9999998,0.99999994,1.0,1.0,0.99999565,0.99761605,1.0,0.99999994,1.0,0.99999934,1.0,0.9999992,1.0,0.99999994,0.9999999,1.0,0.9999998,1.0,1.0,1.0,1.0,0.9999998,1.0,0.99999994,1.0,0.99999994,1.0,0.99999994,1.0,0.99999994,0.9999999,1.0,1.0,1.0,0.99999994,1.0,0.99999994,1.0,0.99999994,1.0,1.0,1.0,1.0,1.0,1.0,1.0,0.9999999,1.0,1.0,0.9999999,0.99999976,1.0,1.0,0.9999997,1.0,1.0,1.0,1.0,1.0,1.0,1.0,1.0,1.0,0.9999994,1.0,1.0,0.99999994,1.0,1.0,1.0,0.99999994,0.9804914,1.0,1.0,1.0
DDX59_HepG2,1.0,0.9999999,1.0,0.9999998,1.0,1.0,1.0,1.0,1.0,0.9999997,0.9999999,0.9999953,1.0,0.99999994,0.99999994,1.0,1.0,1.0,0.99998045,1.0,0.99999994,0.9999998,1.0,1.0,0.99999964,1.0,1.0,1.0,1.0,0.9999995,1.0,1.0,1.0,1.0,0.9999919,0.999986,1.0,0.99999994,0.99999964,1.0,0.99999994,1.0,1.0,1.0,0.99999994,1.0,0.9999998,0.99999994,0.9999999,1.0,0.99999994,1.0,1.0,1.0,1.0,1.0,0.73045987,1.0,1.0,1.0,1.0,0.99999994,1.0,0.9999988,0.99999994,1.0,1.0,1.0,1.0,1.0,0.99999994,1.0,0.99999976,1.0,1.0,0.99999994,1.0,1.0,1.0,1.0,0.999998,1.0,1.0,0.9999989,0.99999994,0.99999994,1.0,0.99999994,0.9999994,0.99999154,0.99999976,1.0,0.99999994,0.99999976,0.99999994,1.0,1.0,0.9967816,1.0,1.0,1.0,0.9992718,0.99878615,1.0,1.0,0.5509431,1.0,1.0,1.0,1.0,1.0,1.0,0.99999976,0.9999999,1.0,0.9999999,1.0,1.0,0.99999994,0.99999994,1.0,1.0,1.0,1.0,0.9999999,0.99999994,1.0,1.0,0.9999981,0.99999994,1.0,1.0,1.0,1.0,1.0,1.0,0.99999994,1.0,1.0,1.0,0.99999934,1.0,0.99999994,1.0,0.99999994,1.0,1.0,0.99999994,0.9999998,0.9999999,1.0,1.0,0.9999959,0.9976104,1.0,0.9999999,1.0,0.9999992,1.0,0.9999991,1.0,0.99999994,0.9999999,1.0,0.9999999,1.0,1.0,1.0,1.0,0.99999976,0.99999994,0.99999994,1.0,0.99999994,1.0,0.99999994,1.0,0.99999994,0.99999994,1.0,0.99999994,1.0,0.99999994,1.0,0.9999999,1.0,0.99999994,1.0,0.99999994,1.0,1.0,1.0,1.0,1.0,0.99999994,1.0,1.0,0.9999998,0.9999997,1.0,1.0,0.99999976,1.0,1.0,1.0,1.0,1.0,1.0,1.0,1.0,1.0,0.9999993,1.0,1.0,0.99999994,0.99999994,0.99999994,1.0,0.99999994,0.98047525,0.99999994,1.0,1.0
DDX6_HepG2,1.0,0.99999994,1.0,0.9999999,1.0,1.0,1.0,1.0,1.0,0.99999976,0.9999999,0.9999951,1.0,0.99999994,1.0,1.0,1.0,1.0,0.99998075,1.0,0.99999994,0.9999998,1.0,1.0,0.99999964,1.0,1.0,1.0,1.0,0.9999996,1.0,1.0,1.0,1.0,0.9999917,0.99998623,1.0,0.99999994,0.9999997,1.0,1.0,1.0,1.0,1.0,1.0,1.0,0.9999999,0.99999994,0.99999994,1.0,0.99999994,1.0,1.0,1.0,1.0,1.0,0.73049295,1.0,1.0,1.0,1.0,0.99999994,1.0,0.99999887,0.99999994,1.0,1.0,1.0,1.0,1.0,1.0,1.0,0.9999998,1.0,1.0,0.99999994,1.0,1.0,1.0,1.0,0.9999981,1.0,1.0,0.99999887,1.0,1.0,1.0,0.99999994,0.99999946,0.9999913,0.9999998,1.0,1.0,0.9999998,1.0,1.0,1.0,0.9967777,1.0,1.0,1.0,0.99926996,0.99878854,1.0,1.0,0.55090266,1.0,1.0,1.0,1.0,1.0,1.0,0.9999997,0.9999999,1.0,0.9999999,1.0,1.0,0.99999994,0.99999994,1.0,1.0,1.0,1.0,0.9999999,0.99999994,1.0,1.0,0.9999982,1.0,1.0,1.0,1.0,1.0,1.0,1.0,1.0,1.0,1.0,1.0,0.9999994,1.0,1.0,1.0,0.9999999,1.0,1.0,1.0,0.9999998,0.99999994,1.0,1.0,0.99999577,0.9976137,1.0,0.99999994,1.0,0.9999993,1.0,0.99999917,1.0,0.99999994,0.9999999,1.0,0.9999999,1.0,1.0,1.0,1.0,0.9999998,0.99999994,0.99999994,1.0,0.99999994,1.0,0.99999994,1.0,0.99999994,0.99999994,1.0,1.0,1.0,0.99999994,1.0,0.9999999,1.0,0.99999994,1.0,1.0,1.0,1.0,1.0,1.0,1.0,0.9999999,1.0,1.0,0.9999999,0.99999976,1.0,1.0,0.9999997,1.0,1.0,1.0,1.0,1.0,1.0,1.0,1.0,1.0,0.99999934,1.0,1.0,0.99999994,1.0,1.0,1.0,0.99999994,0.9804848,0.99999994,1.0,1.0
DDX6_K562,1.0,0.99999994,1.0,0.9999999,1.0,1.0,1.0,1.0,1.0,0.9999998,0.99999994,0.9999949,1.0,0.99999994,1.0,1.0,1.0,1.0,0.9999812,1.0,0.9999999,0.9999999,1.0,1.0,0.9999997,1.0,1.0,1.0,1.0,0.99999964,1.0,1.0,1.0,1.0,0.99999136,0.9999867,1.0,0.99999994,0.99999976,1.0,1.0,1.0,1.0,1.0,1.0,1.0,0.9999999,1.0,0.99999994,1.0,1.0,1.0,1.0,1.0,1.0,1.0,0.73055017,1.0,1.0,1.0,1.0,1.0,1.0,0.999999,1.0,1.0,1.0,1.0,1.0,1.0,1.0,1.0,0.9999998,1.0,1.0,1.0,1.0,1.0,1.0,1.0,0.9999983,1.0,1.0,0.99999875,1.0,1.0,1.0,1.0,0.9999996,0.99999094,0.9999999,1.0,1.0,0.9999998,1.0,0.99999994,1.0,0.996771,1.0,1.0,0.99999994,0.99926674,0.99879265,1.0,1.0,0.55083275,1.0,1.0,1.0,1.0,1.0,1.0,0.99999964,0.99999994,1.0,0.99999994,1.0,1.0,1.0,1.0,1.0,1.0,1.0,1.0,0.9999998,1.0,1.0,1.0,0.99999833,1.0,1.0,1.0,1.0,1.0,1.0,1.0,1.0,1.0,1.0,1.0,0.99999946,1.0,1.0,1.0,0.9999999,1.0,1.0,1.0,0.9999999,0.99999994,1.0,1.0,0.9999955,0.9976195,1.0,0.99999994,1.0,0.9999994,1.0,0.9999993,1.0,0.99999994,0.99999994,1.0,0.9999998,1.0,1.0,1.0,1.0,0.9999998,1.0,0.99999994,1.0,1.0,1.0,0.99999994,1.0,1.0,0.9999999,1.0,1.0,1.0,0.99999994,1.0,0.99999994,1.0,1.0,1.0,1.0,1.0,1.0,1.0,1.0,1.0,0.9999999,1.0,1.0,0.99999994,0.9999998,1.0,1.0,0.99999964,1.0,1.0,1.0,1.0,1.0,1.0,1.0,1.0,1.0,0.99999946,1.0,1.0,1.0,1.0,1.0,1.0,1.0,0.98050123,1.0,1.0,1.0
DGCR8_HepG2,0.9999918,0.99999,0.9999909,0.99998933,0.9999918,0.9999919,0.99999154,0.999992,0.9999916,0.99998856,0.9999896,0.9999995,0.9999912,0.9999902,0.9999907,0.99999124,0.99999094,0.999991,0.99994713,0.9999922,0.9999931,0.9999891,0.9999912,0.99999154,0.999988,0.9999917,0.9999915,0.9999914,0.9999915,0.9999875,0.99999154,0.9999919,0.9999917,0.99999136,1.0,0.99995655,0.99999166,0.9999903,0.9999881,0.99999195,0.99999076,0.99999124,0.99999213,0.9999914,0.9999908,0.9999912,0.99998945,0.99999046,0.99999,0.9999922,0.9999905,0.99999183,0.99999183,0.99999154,0.9999916,0.9999912,0.7277036,0.99999154,0.99999166,0.9999918,0.9999912,0.9999906,0.9999915,0.9999845,0.99999064,0.9999915,0.99999106,0.9999919,0.9999916,0.99999136,0.99999076,0.9999914,0.9999889,0.9999918,0.99999136,0.99999046,0.9999909,0.9999918,0.9999922,0.99999136,0.9999818,0.9999917,0.9999916,0.99999666,0.99999076,0.9999907,0.99999106,0.9999904,0.999987,1.0,0.99998903,0.9999913,0.9999907,0.9999889,0.9999908,0.9999924,0.9999912,0.99709636,0.9999913,0.9999917,0.9999925,0.99941736,0.9985797,0.9999911,0.9999909,0.5542994,0.99999094,0.99999195,0.99999166,0.9999912,0.9999921,0.99999166,0.9999945,0.9999896,0.99999195,0.99998975,0.9999913,0.99999136,0.99999046,0.99999064,0.9999917,0.9999917,0.999991,0.9999917,0.9999936,0.99999064,0.9999909,0.99999166,0.9999822,0.99999076,0.99999106,0.99999106,0.9999917,0.99999166,0.9999911,0.999992,0.9999907,0.9999914,0.9999912,0.99999094,0.99998665,0.9999917,0.99999076,0.99999154,0.99999344,0.999991,0.9999915,0.9999909,0.99998915,0.99999005,0.99999136,0.9999911,0.99999934,0.99732405,0.99999136,0.99999005,0.99999225,0.99998623,0.9999918,0.9999857,0.9999912,0.99999017,0.9999897,0.9999913,0.9999937,0.99999154,0.9999912,0.9999922,0.9999917,0.9999889,0.9999906,0.9999903,0.9999916,0.99999034,0.99999124,0.999993,0.9999917,0.9999904,0.9999932,0.9999915,0.99999076,0.99999106,0.99999017,0.99999136,0.99998987,0.9999914,0.99999046,0.9999915,0.9999908,0.9999918,0.99999166,0.9999917,0.9999923,0.9999921,0.9999934,0.9999915,0.9999922,0.9999895,0.9999887,0.9999914,0.9999909,0.9999944,0.9999914,0.99999136,0.9999915,0.9999914,0.9999915,0.9999911,0.9999913,0.9999922,0.9999917,0.99998635,0.9999923,0.9999912,0.9999903,0.99999076,0.9999909,0.99999124,0.9999904,0.9796754,0.9999906,0.9999915,0.9999916
DGCR8_K562,0.9999862,0.99998826,0.99998724,0.999989,0.9999862,0.999986,0.9999864,0.9999859,0.9999864,0.9999897,0.9999886,0.999965,0.99998695,0.999988,0.9999875,0.9999868,0.9999872,0.9999871,0.9999995,0.9999856,0.9999843,0.9999892,0.9999869,0.99998647,0.9999902,0.99998623,0.9999865,0.9999866,0.9999865,0.9999907,0.9999864,0.999986,0.99998623,0.9999867,0.99995655,1.0,0.9999863,0.9999879,0.99999017,0.9999859,0.99998736,0.9999868,0.9999857,0.99998665,0.99998736,0.9999869,0.99998885,0.9999877,0.99998826,0.99998564,0.99998766,0.99998605,0.9999861,0.99998647,0.99998635,0.9999869,0.73406374,0.99998647,0.99998635,0.9999862,0.9999869,0.9999876,0.9999865,0.99999297,0.99998754,0.9999865,0.99998707,0.999986,0.9999864,0.99998665,0.99998736,0.99998665,0.9999894,0.9999862,0.99998665,0.9999877,0.99998724,0.9999862,0.99998564,0.9999867,0.9999946,0.99998623,0.99998635,0.9999773,0.99998736,0.9999875,0.999987,0.9999878,0.9999911,0.9999557,0.9999893,0.99998677,0.9999874,0.9999894,0.9999873,0.99998534,0.99998695,0.99634343,0.99998677,0.9999862,0.99998516,0.9990559,0.99903286,0.99998695,0.99998724,0.5465191,0.9999872,0.9999859,0.99998635,0.9999869,0.99998575,0.9999863,0.99998194,0.9999886,0.9999859,0.9999885,0.99998677,0.9999867,0.9999877,0.99998754,0.99998623,0.99998623,0.9999871,0.99998623,0.99998343,0.99998754,0.99998724,0.9999863,0.9999944,0.9999874,0.99998707,0.999987,0.99998623,0.99998635,0.99998695,0.9999858,0.9999875,0.9999866,0.9999869,0.99998724,0.9999914,0.99998623,0.9999874,0.99998647,0.9999837,0.9999871,0.9999865,0.9999873,0.99998915,0.9999882,0.99998665,0.999987,0.99996674,0.997962,0.9999867,0.9999882,0.9999855,0.9999917,0.9999862,0.99999213,0.9999869,0.9999881,0.99998856,0.99998677,0.99998343,0.99998647,0.9999869,0.99998564,0.99998623,0.9999894,0.9999876,0.99998796,0.9999864,0.9999879,0.99998677,0.99998444,0.99998623,0.99998784,0.99998415,0.99998647,0.9999874,0.99998707,0.9999881,0.9999867,0.99998844,0.9999866,0.9999877,0.9999865,0.99998736,0.9999862,0.9999863,0.99998623,0.99998546,0.99998575,0.99998385,0.9999865,0.9999856,0.9999888,0.9999896,0.9999866,0.99998724,0.9999821,0.99998665,0.99998665,0.9999866,0.9999866,0.9999865,0.99998695,0.9999867,0.99998564,0.99998623,0.9999916,0.9999854,0.9999869,0.9999879,0.9999874,0.9999873,0.9999868,0.99998784,0.9815021,0.9999876,0.9999865,0.99998635
DHX30_HepG2,1.0,0.99999994,1.0,0.9999999,1.0,1.0,1.0,1.0,1.0,0.99999976,0.9999999,0.9999951,1.0,0.99999994,1.0,1.0,1.0,1.0,0.9999808,1.0,0.99999994,0.9999998,1.0,1.0,0.99999964,1.0,1.0,1.0,1.0,0.9999996,1.0,1.0,1.0,1.0,0.99999166,0.9999863,1.0,0.99999994,0.9999997,1.0,1.0,1.0,1.0,1.0,1.0,1.0,0.9999999,0.99999994,0.99999994,1.0,0.99999994,1.0,1.0,1.0,1.0,1.0,0.7305009,1.0,1.0,1.0,1.0,0.99999994,1.0,0.9999989,1.0,1.0,1.0,1.0,1.0,1.0,1.0,1.0,0.9999998,1.0,1.0,0.99999994,1.0,1.0,1.0,1.0,0.9999981,1.0,1.0,0.99999887,1.0,1.0,1.0,0.99999994,0.99999946,0.99999124,0.9999998,1.0,1.0,0.9999998,1.0,1.0,1.0,0.99677676,1.0,1.0,1.0,0.9992695,0.99878913,1.0,1.0,0.55089295,1.0,1.0,1.0,1.0,1.0,1.0,0.9999997,0.9999999,1.0,0.9999999,1.0,1.0,0.99999994,1.0,1.0,1.0,1.0,1.0,0.9999999,1.0,1.0,1.0,0.9999982,1.0,1.0,1.0,1.0,1.0,1.0,1.0,1.0,1.0,1.0,1.0,0.9999994,1.0,1.0,1.0,0.9999999,1.0,1.0,1.0,0.9999998,0.99999994,1.0,1.0,0.9999957,0.9976145,1.0,0.99999994,1.0,0.99999934,1.0,0.9999992,1.0,0.99999994,0.9999999,1.0,0.9999999,1.0,1.0,1.0,1.0,0.9999998,0.99999994,0.99999994,1.0,0.99999994,1.0,0.99999994,1.0,0.99999994,0.99999994,1.0,1.0,1.0,0.99999994,1.0,0.99999994,1.0,0.99999994,1.0,1.0,1.0,1.0,1.0,1.0,1.0,0.9999999,1.0,1.0,0.9999999,0.99999976,1.0,1.0,0.9999997,1.0,1.0,1.0,1.0,1.0,1.0,1.0,1.0,1.0,0.99999934,1.0,1.0,0.99999994,1.0,1.0,1.0,0.99999994,0.98048705,0.99999994,1.0,1.0
DHX30_K562,0.99999994,1.0,1.0,1.0,0.99999994,0.99999994,0.99999994,0.99999994,0.99999994,0.99999994,1.0,0.99999404,1.0,1.0,1.0,1.0,1.0,1.0,0.9999827,0.9999999,0.99999976,0.99999994,1.0,0.99999994,0.9999999,0.99999994,0.99999994,0.99999994,0.99999994,0.9999998,0.99999994,0.99999994,0.99999994,0.99999994,0.9999903,0.9999879,0.99999994,1.0,0.9999999,0.99999994,1.0,1.0,0.9999999,0.99999994,1.0,1.0,1.0,1.0,1.0,0.9999999,1.0,0.99999994,0.99999994,0.99999994,0.99999994,1.0,0.73071706,0.99999994,0.99999994,0.99999994,1.0,1.0,0.99999994,0.99999934,1.0,0.99999994,1.0,0.99999994,0.99999994,0.99999994,1.0,0.99999994,0.99999994,0.99999994,0.99999994,1.0,1.0,0.99999994,0.9999999,0.99999994,0.9999987,0.99999994,0.99999994,0.99999833,1.0,1.0,1.0,1.0,0.99999976,0.99998987,0.99999994,1.0,1.0,0.99999994,1.0,0.9999999,1.0,0.99675137,1.0,0.99999994,0.9999999,0.9992574,0.9988046,1.0,1.0,0.5506287,1.0,0.99999994,0.99999994,1.0,0.9999999,0.99999994,0.9999994,1.0,0.99999994,1.0,1.0,1.0,1.0,1.0,0.99999994,0.99999994,1.0,0.99999994,0.99999964,1.0,1.0,0.99999994,0.99999875,1.0,1.0,1.0,0.99999994,0.99999994,1.0,0.99999994,1.0,0.99999994,1.0,1.0,0.9999997,0.99999994,1.0,0.99999994,0.9999997,1.0,0.99999994,1.0,0.99999994,1.0,0.99999994,1.0,0.99999475,0.9976363,1.0,1.0,0.9999999,0.99999964,0.99999994,0.9999995,1.0,1.0,1.0,1.0,0.99999964,0.99999994,1.0,0.9999999,0.99999994,0.99999994,1.0,1.0,0.99999994,1.0,1.0,0.99999976,0.99999994,1.0,0.99999976,0.99999994,1.0,1.0,1.0,1.0,1.0,0.99999994,1.0,0.99999994,1.0,0.99999994,0.99999994,0.99999994,0.9999999,0.9999999,0.9999997,0.99999994,0.9999999,1.0,0.99999994,0.99999994,1.0,0.99999946,0.99999994,0.99999994,0.99999994,0.99999994,0.99999994,1.0,1.0,0.9999999,0.99999994,0.99999964,0.9999999,1.0,1.0,1.0,1.0,1.0,1.0,0.9805493,1.0,0.99999994,0.99999994
DKC1_HepG2,0.99999964,0.99999994,0.9999998,0.99999994,0.99999964,0.99999964,0.9999997,0.99999964,0.9999997,1.0,0.99999994,0.9999923,0.99999976,0.9999999,0.9999998,0.99999976,0.9999998,0.9999998,0.9999854,0.9999996,0.99999934,1.0,0.99999976,0.9999997,1.0,0.99999964,0.9999997,0.9999997,0.9999997,1.0,0.9999997,0.99999964,0.9999997,0.99999976,0.9999881,0.99999017,0.9999997,0.9999999,1.0,0.99999964,0.9999998,0.99999976,0.9999996,0.99999976,0.9999998,0.99999976,0.99999994,0.9999999,0.99999994,0.9999996,0.9999999,0.99999964,0.99999964,0.9999997,0.9999997,0.99999976,0.73104215,0.9999997,0.9999997,0.99999964,0.99999976,0.9999999,0.9999997,0.99999976,0.9999998,0.9999997,0.99999976,0.99999964,0.9999997,0.99999976,0.9999998,0.9999997,1.0,0.99999964,0.99999976,0.9999999,0.9999998,0.99999964,0.9999996,0.99999976,0.99999934,0.9999997,0.9999997,0.9999973,0.9999998,0.9999998,0.99999976,0.9999999,1.0,0.9999876,1.0,0.99999976,0.9999998,1.0,0.9999998,0.9999995,0.99999976,0.99671286,0.99999976,0.99999964,0.9999995,0.9992389,0.9988278,0.99999976,0.9999998,0.55023104,0.9999998,0.99999964,0.9999997,0.99999976,0.9999996,0.9999997,0.99999875,0.99999994,0.99999964,0.99999994,0.99999976,0.99999976,0.9999999,0.9999998,0.9999997,0.99999964,0.9999998,0.9999997,0.9999991,0.9999998,0.9999998,0.9999997,0.9999994,0.9999998,0.99999976,0.99999976,0.9999997,0.9999997,0.99999976,0.9999996,0.9999998,0.9999997,0.99999976,0.9999998,0.99999994,0.9999997,0.9999998,0.9999997,0.9999992,0.9999998,0.9999997,0.9999998,1.0,0.99999994,0.99999976,0.99999976,0.9999931,0.9976689,0.99999976,0.99999994,0.9999996,0.99999994,0.99999964,0.9999999,0.99999976,0.9999999,0.99999994,0.99999976,0.9999991,0.9999997,0.99999976,0.9999996,0.9999997,1.0,0.9999999,0.9999999,0.9999997,0.9999999,0.99999976,0.99999934,0.9999997,0.9999999,0.9999993,0.9999997,0.9999998,0.99999976,0.9999999,0.99999976,0.99999994,0.9999997,0.9999999,0.9999997,0.9999998,0.99999964,0.9999997,0.9999997,0.9999995,0.9999996,0.9999992,0.9999997,0.9999996,0.99999994,1.0,0.9999997,0.9999998,0.9999988,0.99999976,0.99999976,0.9999997,0.9999997,0.9999997,0.99999976,0.99999976,0.9999996,0.9999997,0.99999994,0.9999995,0.99999976,0.9999999,0.9999998,0.9999998,0.99999976,0.9999999,0.9806426,0.9999999,0.9999997,0.9999997
DROSHA_HepG2,1.0,0.9999999,0.99999994,0.9999998,1.0,1.0,1.0,1.0,1.0,0.9999997,0.9999999,0.99999535,1.0,0.99999994,0.99999994,1.0,0.99999994,1.0,0.9999803,1.0,0.99999994,0.99999976,1.0,1.0,0.9999996,1.0,1.0,1.0,1.0,0.9999995,1.0,1.0,1.0,1.0,0.99999195,0.9999859,1.0,0.99999994,0.99999964,1.0,0.99999994,1.0,1.0,1.0,0.99999994,1.0,0.9999998,0.99999994,0.9999999,1.0,0.99999994,1.0,1.0,1.0,1.0,1.0,0.73044497,1.0,1.0,1.0,1.0,0.99999994,1.0,0.99999875,0.99999994,1.0,1.0,1.0,1.0,1.0,0.99999994,1.0,0.99999976,1.0,1.0,0.99999994,0.99999994,1.0,1.0,1.0,0.999998,1.0,1.0,0.999999,0.99999994,0.99999994,1.0,0.99999994,0.9999994,0.9999916,0.99999976,1.0,0.99999994,0.99999976,0.99999994,1.0,1.0,0.9967833,1.0,1.0,1.0,0.99927264,0.9987851,1.0,0.99999994,0.55096126,0.99999994,1.0,1.0,1.0,1.0,1.0,0.99999976,0.9999998,1.0,0.9999999,1.0,1.0,0.99999994,0.99999994,1.0,1.0,1.0,1.0,0.9999999,0.99999994,0.99999994,1.0,0.9999981,0.99999994,1.0,1.0,1.0,1.0,1.0,1.0,0.99999994,1.0,1.0,0.99999994,0.99999934,1.0,0.99999994,1.0,0.99999994,1.0,1.0,0.99999994,0.99999976,0.9999999,1.0,1.0,0.99999595,0.99760884,1.0,0.9999999,1.0,0.9999992,1.0,0.9999991,1.0,0.9999999,0.9999999,1.0,0.9999999,1.0,1.0,1.0,1.0,0.99999976,0.99999994,0.99999994,1.0,0.99999994,1.0,0.99999994,1.0,0.99999994,0.99999994,1.0,0.99999994,1.0,0.9999999,1.0,0.9999999,1.0,0.99999994,1.0,0.99999994,1.0,1.0,1.0,1.0,1.0,0.99999994,1.0,1.0,0.9999998,0.9999997,1.0,0.99999994,0.99999976,1.0,1.0,1.0,1.0,1.0,1.0,1.0,1.0,1.0,0.9999993,1.0,1.0,0.99999994,0.99999994,0.99999994,1.0,0.99999994,0.98047096,0.99999994,1.0,1.0
DROSHA_K562,1.0,1.0,1.0,0.99999994,1.0,0.99999994,1.0,0.99999994,1.0,0.9999999,0.99999994,0.9999944,1.0,1.0,1.0,1.0,1.0,1.0,0.99998206,0.99999994,0.9999998,0.99999994,1.0,1.0,0.9999998,1.0,1.0,1.0,1.0,0.99999976,1.0,0.99999994,1.0,1.0,0.99999076,0.99998736,1.0,1.0,0.9999998,0.99999994,1.0,1.0,0.99999994,1.0,1.0,1.0,0.99999994,1.0,1.0,0.99999994,1.0,0.99999994,0.99999994,1.0,1.0,1.0,0.7306432,1.0,1.0,1.0,1.0,1.0,1.0,0.99999917,1.0,1.0,1.0,0.99999994,1.0,1.0,1.0,1.0,0.99999994,1.0,1.0,1.0,1.0,1.0,0.99999994,1.0,0.9999985,1.0,1.0,0.9999985,1.0,1.0,1.0,1.0,0.9999997,0.99999034,0.99999994,1.0,1.0,0.99999994,1.0,0.99999994,1.0,0.99676,1.0,1.0,0.99999994,0.9992615,0.9987994,1.0,1.0,0.55071896,1.0,0.99999994,1.0,1.0,0.99999994,1.0,0.9999995,0.99999994,0.99999994,1.0,1.0,1.0,1.0,1.0,1.0,1.0,1.0,1.0,0.99999976,1.0,1.0,1.0,0.99999857,1.0,1.0,1.0,1.0,1.0,1.0,0.99999994,1.0,1.0,1.0,1.0,0.99999964,1.0,1.0,1.0,0.99999976,1.0,1.0,1.0,0.99999994,1.0,1.0,1.0,0.9999951,0.99762887,1.0,1.0,0.99999994,0.9999995,1.0,0.99999946,1.0,1.0,0.99999994,1.0,0.9999997,1.0,1.0,0.99999994,1.0,0.99999994,1.0,1.0,1.0,1.0,1.0,0.9999998,1.0,1.0,0.9999998,1.0,1.0,1.0,1.0,1.0,1.0,1.0,1.0,1.0,1.0,1.0,1.0,1.0,0.99999994,0.99999994,0.99999976,1.0,0.99999994,0.99999994,0.9999999,1.0,1.0,0.9999995,1.0,1.0,1.0,1.0,1.0,1.0,1.0,0.99999994,1.0,0.9999996,0.99999994,1.0,1.0,1.0,1.0,1.0,1.0,0.980528,1.0,1.0,1.0
EFTUD2_HepG2,1.0,0.99999994,1.0,0.9999999,1.0,1.0,1.0,1.0,1.0,0.9999998,0.99999994,0.99999475,1.0,1.0,1.0,1.0,1.0,1.0,0.9999814,1.0,0.9999999,0.9999999,1.0,1.0,0.99999976,1.0,1.0,1.0,1.0,0.99999964,1.0,1.0,1.0,1.0,0.99999124,0.9999868,1.0,1.0,0.99999976,1.0,1.0,1.0,1.0,1.0,1.0,1.0,0.99999994,1.0,0.99999994,1.0,1.0,1.0,1.0,1.0,1.0,1.0,0.73057055,1.0,1.0,1.0,1.0,1.0,1.0,0.99999905,1.0,1.0,1.0,1.0,1.0,1.0,1.0,1.0,0.9999999,1.0,1.0,1.0,1.0,1.0,1.0,1.0,0.99999833,1.0,1.0,0.9999987,1.0,1.0,1.0,1.0,0.9999996,0.9999908,0.9999999,1.0,1.0,0.9999999,1.0,0.99999994,1.0,0.9967686,1.0,1.0,0.99999994,0.9992656,0.99879414,1.0,1.0,0.55080783,1.0,1.0,1.0,1.0,1.0,1.0,0.9999996,0.99999994,1.0,0.99999994,1.0,1.0,1.0,1.0,1.0,1.0,1.0,1.0,0.9999998,1.0,1.0,1.0,0.9999984,1.0,1.0,1.0,1.0,1.0,1.0,1.0,1.0,1.0,1.0,1.0,0.9999995,1.0,1.0,1.0,0.9999998,1.0,1.0,1.0,0.9999999,0.99999994,1.0,1.0,0.9999954,0.99762154,1.0,0.99999994,0.99999994,0.99999946,1.0,0.99999934,1.0,0.99999994,0.99999994,1.0,0.9999998,1.0,1.0,1.0,1.0,0.9999999,1.0,1.0,1.0,1.0,1.0,0.9999999,1.0,1.0,0.9999999,1.0,1.0,1.0,1.0,1.0,0.99999994,1.0,1.0,1.0,1.0,1.0,1.0,1.0,0.99999994,1.0,0.9999998,1.0,1.0,0.99999994,0.9999998,1.0,1.0,0.99999964,1.0,1.0,1.0,1.0,1.0,1.0,1.0,1.0,1.0,0.99999946,0.99999994,1.0,1.0,1.0,1.0,1.0,1.0,0.98050714,1.0,1.0,1.0
EFTUD2_K562,1.0,0.9999999,0.99999994,0.9999998,1.0,1.0,1.0,1.0,1.0,0.99999964,0.9999998,0.99999547,1.0,0.9999999,0.99999994,1.0,0.99999994,0.99999994,0.9999801,1.0,0.99999994,0.99999976,1.0,1.0,0.9999996,1.0,1.0,1.0,1.0,0.99999946,1.0,1.0,1.0,1.0,0.99999213,0.9999857,1.0,0.9999999,0.9999996,1.0,0.99999994,1.0,1.0,1.0,0.99999994,1.0,0.9999998,0.99999994,0.9999999,1.0,0.99999994,1.0,1.0,1.0,1.0,1.0,0.73042196,1.0,1.0,1.0,1.0,0.99999994,1.0,0.99999875,0.99999994,1.0,0.99999994,1.0,1.0,1.0,0.99999994,1.0,0.9999997,1.0,1.0,0.99999994,0.99999994,1.0,1.0,1.0,0.9999979,1.0,1.0,0.99999905,0.99999994,0.99999994,0.99999994,0.99999994,0.99999934,0.9999917,0.99999976,1.0,0.99999994,0.9999997,0.99999994,1.0,1.0,0.99678606,1.0,1.0,1.0,0.9992739,0.9987834,1.0,0.99999994,0.5509894,0.99999994,1.0,1.0,1.0,1.0,1.0,0.99999976,0.9999998,1.0,0.9999998,1.0,1.0,0.99999994,0.99999994,1.0,1.0,0.99999994,1.0,0.99999994,0.99999994,0.99999994,1.0,0.999998,0.99999994,0.99999994,0.99999994,1.0,1.0,1.0,1.0,0.99999994,1.0,1.0,0.99999994,0.9999993,1.0,0.99999994,1.0,0.99999994,0.99999994,1.0,0.99999994,0.99999976,0.9999999,1.0,0.99999994,0.99999607,0.9976065,1.0,0.9999999,1.0,0.99999917,1.0,0.99999905,1.0,0.9999999,0.9999998,1.0,0.99999994,1.0,1.0,1.0,1.0,0.9999997,0.99999994,0.9999999,1.0,0.9999999,1.0,1.0,1.0,0.99999994,0.99999994,1.0,0.99999994,0.99999994,0.9999999,1.0,0.9999999,1.0,0.99999994,1.0,0.99999994,1.0,1.0,1.0,1.0,1.0,0.99999994,1.0,1.0,0.9999998,0.9999997,1.0,0.99999994,0.9999998,1.0,1.0,1.0,1.0,1.0,1.0,1.0,1.0,1.0,0.9999992,1.0,1.0,0.9999999,0.99999994,0.99999994,1.0,0.99999994,0.98046434,0.99999994,1.0,1.0
EIF3D_HepG2,1.0,0.99999994,1.0,0.9999999,1.0,1.0,1.0,1.0,1.0,0.9999998,0.99999994,0.9999949,1.0,0.99999994,1.0,1.0,1.0,1.0,0.99998116,1.0,0.9999999,0.9999999,1.0,1.0,0.9999997,1.0,1.0,1.0,1.0,0.99999964,1.0,1.0,1.0,1.0,0.9999914,0.99998665,1.0,0.99999994,0.99999976,1.0,1.0,1.0,1.0,1.0,1.0,1.0,0.9999999,1.0,0.99999994,1.0,1.0,1.0,1.0,1.0,1.0,1.0,0.73054314,1.0,1.0,1.0,1.0,1.0,1.0,0.999999,1.0,1.0,1.0,1.0,1.0,1.0,1.0,1.0,0.9999998,1.0,1.0,1.0,1.0,1.0,1.0,1.0,0.9999982,1.0,1.0,0.99999875,1.0,1.0,1.0,1.0,0.9999995,0.999991,0.9999999,1.0,1.0,0.9999998,1.0,0.99999994,1.0,0.9967718,1.0,1.0,0.99999994,0.99926716,0.9987922,1.0,1.0,0.55084133,1.0,1.0,1.0,1.0,1.0,1.0,0.99999964,0.99999994,1.0,0.99999994,1.0,1.0,1.0,1.0,1.0,1.0,1.0,1.0,0.9999998,1.0,1.0,1.0,0.99999833,1.0,1.0,1.0,1.0,1.0,1.0,1.0,1.0,1.0,1.0,1.0,0.99999946,1.0,1.0,1.0,0.9999999,1.0,1.0,1.0,0.9999999,0.99999994,1.0,1.0,0.9999955,0.9976188,1.0,0.99999994,1.0,0.9999994,1.0,0.9999993,1.0,0.99999994,0.99999994,1.0,0.9999998,1.0,1.0,1.0,1.0,0.9999998,1.0,0.99999994,1.0,0.99999994,1.0,0.99999994,1.0,1.0,0.9999999,1.0,1.0,1.0,0.99999994,1.0,0.99999994,1.0,1.0,1.0,1.0,1.0,1.0,1.0,1.0,1.0,0.9999999,1.0,1.0,0.9999999,0.9999998,1.0,1.0,0.9999997,1.0,1.0,1.0,1.0,1.0,1.0,1.0,1.0,1.0,0.9999994,1.0,1.0,0.99999994,1.0,1.0,1.0,1.0,0.9804992,1.0,1.0,1.0
EIF3G_K562,1.0,1.0,1.0,0.99999994,1.0,0.99999994,1.0,0.99999994,1.0,0.9999999,0.99999994,0.99999446,1.0,1.0,1.0,1.0,1.0,1.0,0.99998206,0.99999994,0.9999998,0.99999994,1.0,1.0,0.9999998,1.0,1.0,1.0,1.0,0.99999976,1.0,0.99999994,1.0,1.0,0.9999908,0.99998736,1.0,1.0,0.9999998,0.99999994,1.0,1.0,0.99999994,1.0,1.0,1.0,0.99999994,1.0,1.0,0.99999994,1.0,0.99999994,1.0,1.0,1.0,1.0,0.7306393,1.0,1.0,1.0,1.0,1.0,1.0,0.99999917,1.0,1.0,1.0,0.99999994,1.0,1.0,1.0,1.0,0.9999999,1.0,1.0,1.0,1.0,1.0,0.99999994,1.0,0.9999985,1.0,1.0,0.9999985,1.0,1.0,1.0,1.0,0.99999964,0.9999904,0.99999994,1.0,1.0,0.99999994,1.0,0.99999994,1.0,0.9967605,1.0,1.0,0.99999994,0.99926174,0.9987991,1.0,1.0,0.5507238,1.0,0.99999994,1.0,1.0,0.99999994,1.0,0.9999995,0.99999994,0.99999994,1.0,1.0,1.0,1.0,1.0,1.0,1.0,1.0,1.0,0.99999976,1.0,1.0,1.0,0.99999857,1.0,1.0,1.0,1.0,1.0,1.0,0.99999994,1.0,1.0,1.0,1.0,0.99999964,1.0,1.0,1.0,0.99999976,1.0,1.0,1.0,0.99999994,1.0,1.0,1.0,0.9999951,0.9976285,1.0,1.0,0.99999994,0.9999995,1.0,0.99999946,1.0,1.0,0.99999994,1.0,0.99999976,1.0,1.0,0.99999994,1.0,0.99999994,1.0,1.0,1.0,1.0,1.0,0.9999998,1.0,1.0,0.9999998,1.0,1.0,1.0,1.0,1.0,1.0,1.0,1.0,1.0,1.0,1.0,1.0,1.0,0.99999994,0.99999994,0.99999976,1.0,0.99999994,0.99999994,0.9999999,1.0,1.0,0.9999995,1.0,1.0,1.0,1.0,1.0,1.0,1.0,0.99999994,1.0,0.9999996,0.99999994,1.0,1.0,1.0,1.0,1.0,1.0,0.98052686,1.0,1.0,1.0
EIF3H_HepG2,1.0,0.99999994,1.0,0.99999994,1.0,1.0,1.0,1.0,1.0,0.9999998,0.99999994,0.99999475,1.0,1.0,1.0,1.0,1.0,1.0,0.99998146,0.99999994,0.9999999,0.9999999,1.0,1.0,0.99999976,1.0,1.0,1.0,1.0,0.9999997,1.0,1.0,1.0,1.0,0.9999912,0.9999869,1.0,1.0,0.99999976,1.0,1.0,1.0,1.0,1.0,1.0,1.0,0.99999994,1.0,0.99999994,1.0,1.0,1.0,1.0,1.0,1.0,1.0,0.7305783,1.0,1.0,1.0,1.0,1.0,1.0,0.99999905,1.0,1.0,1.0,1.0,1.0,1.0,1.0,1.0,0.9999999,1.0,1.0,1.0,1.0,1.0,0.99999994,1.0,0.99999833,1.0,1.0,0.9999987,1.0,1.0,1.0,1.0,0.9999996,0.99999076,0.9999999,1.0,1.0,0.9999999,1.0,0.99999994,1.0,0.9967677,1.0,1.0,0.99999994,0.9992652,0.9987947,1.0,1.0,0.5507984,1.0,1.0,1.0,1.0,1.0,1.0,0.9999996,0.99999994,1.0,0.99999994,1.0,1.0,1.0,1.0,1.0,1.0,1.0,1.0,0.9999998,1.0,1.0,1.0,0.99999845,1.0,1.0,1.0,1.0,1.0,1.0,1.0,1.0,1.0,1.0,1.0,0.9999995,1.0,1.0,1.0,0.9999998,1.0,1.0,1.0,0.9999999,0.99999994,1.0,1.0,0.9999954,0.9976223,1.0,0.99999994,0.99999994,0.99999946,1.0,0.99999934,1.0,1.0,0.99999994,1.0,0.9999998,1.0,1.0,0.99999994,1.0,0.9999999,1.0,1.0,1.0,1.0,1.0,0.9999999,1.0,1.0,0.9999999,1.0,1.0,1.0,1.0,1.0,0.99999994,1.0,1.0,1.0,1.0,1.0,1.0,1.0,0.99999994,1.0,0.9999998,1.0,0.99999994,0.99999994,0.9999998,1.0,1.0,0.99999964,1.0,1.0,1.0,1.0,1.0,1.0,1.0,1.0,1.0,0.99999946,0.99999994,1.0,1.0,1.0,1.0,1.0,1.0,0.98050934,1.0,1.0,1.0
EIF4G2_K562,0.9999999,1.0,0.99999994,1.0,0.9999999,0.9999998,0.9999999,0.9999998,0.9999999,1.0,1.0,0.9999934,0.99999994,1.0,0.99999994,0.99999994,0.99999994,0.99999994,0.99998385,0.99999976,0.9999996,1.0,0.99999994,0.9999999,0.99999994,0.9999999,0.9999999,0.9999999,0.9999999,0.99999994,0.9999999,0.9999998,0.9999999,0.9999999,0.99998945,0.99998885,0.9999999,1.0,0.99999994,0.9999998,0.99999994,0.99999994,0.9999998,0.9999999,0.99999994,0.99999994,1.0,1.0,1.0,0.9999998,1.0,0.9999998,0.9999998,0.9999999,0.9999999,0.99999994,0.7308496,0.9999999,0.9999999,0.9999999,0.99999994,0.99999994,0.9999999,0.9999995,0.99999994,0.9999999,0.99999994,0.9999998,0.9999999,0.9999999,0.99999994,0.9999999,1.0,0.9999999,0.9999999,1.0,0.99999994,0.9999999,0.9999998,0.9999999,0.999999,0.9999999,0.9999999,0.999998,0.99999994,0.99999994,0.99999994,1.0,0.9999999,0.999989,1.0,0.9999999,0.99999994,1.0,0.99999994,0.99999976,0.99999994,0.9967357,0.9999999,0.9999999,0.99999976,0.9992499,0.9988141,0.99999994,0.99999994,0.5504666,0.99999994,0.9999998,0.9999999,0.99999994,0.9999998,0.9999999,0.99999917,1.0,0.9999998,1.0,0.9999999,0.9999999,1.0,0.99999994,0.9999999,0.9999999,0.99999994,0.9999999,0.99999946,0.99999994,0.99999994,0.9999999,0.99999905,0.99999994,0.99999994,0.99999994,0.9999999,0.9999999,0.99999994,0.9999998,0.99999994,0.9999999,0.99999994,0.99999994,0.9999998,0.9999999,0.99999994,0.9999999,0.9999995,0.99999994,0.9999999,0.99999994,1.0,1.0,0.9999999,0.99999994,0.9999941,0.99764967,0.9999999,1.0,0.99999976,0.99999976,0.9999999,0.9999997,0.99999994,1.0,1.0,0.99999994,0.99999946,0.9999999,0.99999994,0.9999998,0.9999999,1.0,0.99999994,1.0,0.9999999,1.0,0.99999994,0.99999964,0.9999999,1.0,0.9999996,0.9999999,0.99999994,0.99999994,1.0,0.9999999,1.0,0.9999999,1.0,0.9999999,0.99999994,0.9999999,0.9999999,0.9999999,0.99999976,0.9999998,0.9999995,0.9999999,0.99999976,1.0,1.0,0.9999999,0.99999994,0.9999992,0.9999999,0.9999999,0.9999999,0.9999999,0.9999999,0.99999994,0.9999999,0.9999998,0.9999999,0.9999998,0.99999976,0.99999994,1.0,0.99999994,0.99999994,0.99999994,1.0,0.98058736,0.99999994,0.9999999,0.9999999
EWSR1_K562,0.99999994,1.0,1.0,0.99999994,0.99999994,0.99999994,0.99999994,0.99999994,0.99999994,0.99999994,1.0,0.99999416,1.0,1.0,1.0,1.0,1.0,1.0,0.9999825,0.99999994,0.99999976,0.99999994,1.0,0.99999994,0.9999999,0.99999994,1.0,1.0,1.0,0.9999998,0.99999994,0.99999994,0.99999994,1.0,0.99999046,0.9999877,0.99999994,1.0,0.9999999,0.99999994,1.0,1.0,0.99999994,1.0,1.0,1.0,1.0,1.0,1.0,0.99999994,1.0,0.99999994,0.99999994,1.0,0.99999994,1.0,0.73068947,0.99999994,0.99999994,0.99999994,1.0,1.0,1.0,0.9999993,1.0,1.0,1.0,0.99999994,0.99999994,1.0,1.0,1.0,0.99999994,0.99999994,1.0,1.0,1.0,0.99999994,0.99999994,1.0,0.9999986,0.99999994,0.99999994,0.9999984,1.0,1.0,1.0,1.0,0.9999997,0.99999005,0.99999994,1.0,1.0,0.99999994,1.0,0.9999999,1.0,0.9967546,1.0,0.99999994,0.9999999,0.99925894,0.99880266,1.0,1.0,0.55066246,1.0,0.99999994,0.99999994,1.0,0.99999994,0.99999994,0.99999946,1.0,0.99999994,1.0,1.0,1.0,1.0,1.0,0.99999994,0.99999994,1.0,0.99999994,0.9999997,1.0,1.0,0.99999994,0.9999987,1.0,1.0,1.0,0.99999994,0.99999994,1.0,0.99999994,1.0,1.0,1.0,1.0,0.9999997,0.99999994,1.0,0.99999994,0.9999997,1.0,1.0,1.0,0.99999994,1.0,1.0,1.0,0.9999949,0.9976335,1.0,1.0,0.9999999,0.9999996,0.99999994,0.9999995,1.0,1.0,1.0,1.0,0.9999997,0.99999994,1.0,0.99999994,0.99999994,0.99999994,1.0,1.0,0.99999994,1.0,1.0,0.9999998,0.99999994,1.0,0.99999976,1.0,1.0,1.0,1.0,1.0,1.0,1.0,1.0,1.0,1.0,0.99999994,0.99999994,0.99999994,0.9999999,0.99999994,0.99999976,1.0,0.99999994,1.0,0.99999994,1.0,1.0,0.99999946,1.0,1.0,1.0,1.0,1.0,1.0,1.0,0.99999994,0.99999994,0.99999964,0.9999999,1.0,1.0,1.0,1.0,1.0,1.0,0.9805413,1.0,1.0,0.99999994
EXOSC5_HepG2,0.99999994,1.0,1.0,1.0,0.99999994,0.9999999,0.99999994,0.9999999,0.99999994,0.99999994,1.0,0.9999938,0.99999994,1.0,1.0,0.99999994,1.0,1.0,0.99998313,0.9999999,0.9999997,1.0,0.99999994,0.99999994,0.99999994,0.99999994,0.99999994,0.99999994,0.99999994,0.9999999,0.99999994,0.9999999,0.99999994,0.99999994,0.99999,0.99998826,0.99999994,1.0,0.99999994,0.9999999,1.0,0.99999994,0.9999999,0.99999994,1.0,0.99999994,1.0,1.0,1.0,0.9999999,1.0,0.9999999,0.9999999,0.99999994,0.99999994,0.99999994,0.7307677,0.99999994,0.99999994,0.99999994,0.99999994,1.0,0.99999994,0.9999994,1.0,0.99999994,0.99999994,0.9999999,0.99999994,0.99999994,1.0,0.99999994,1.0,0.99999994,0.99999994,1.0,1.0,0.99999994,0.9999999,0.99999994,0.9999988,0.99999994,0.99999994,0.9999982,1.0,1.0,0.99999994,1.0,0.9999998,0.99998957,1.0,0.99999994,1.0,1.0,1.0,0.9999998,0.99999994,0.99674535,0.99999994,0.99999994,0.9999998,0.9992545,0.99880826,0.99999994,1.0,0.55056673,1.0,0.9999999,0.99999994,0.99999994,0.9999999,0.99999994,0.9999993,1.0,0.9999999,1.0,0.99999994,0.99999994,1.0,1.0,0.99999994,0.99999994,1.0,0.99999994,0.9999996,1.0,1.0,0.99999994,0.99999887,1.0,1.0,0.99999994,0.99999994,0.99999994,0.99999994,0.9999999,1.0,0.99999994,0.99999994,1.0,0.99999976,0.99999994,1.0,0.99999994,0.99999964,1.0,0.99999994,1.0,1.0,1.0,0.99999994,0.99999994,0.9999945,0.99764144,0.99999994,1.0,0.9999999,0.9999997,0.99999994,0.99999964,0.99999994,1.0,1.0,0.99999994,0.9999996,0.99999994,0.99999994,0.9999999,0.99999994,1.0,1.0,1.0,0.99999994,1.0,0.99999994,0.9999997,0.99999994,1.0,0.9999997,0.99999994,1.0,0.99999994,1.0,0.99999994,1.0,0.99999994,1.0,0.99999994,1.0,0.99999994,0.99999994,0.99999994,0.9999998,0.9999999,0.99999964,0.99999994,0.9999999,1.0,0.99999994,0.99999994,1.0,0.99999934,0.99999994,0.99999994,0.99999994,0.99999994,0.99999994,0.99999994,0.99999994,0.9999999,0.99999994,0.9999997,0.9999998,0.99999994,1.0,1.0,1.0,0.99999994,1.0,0.9805638,1.0,0.99999994,0.99999994
EXOSC5_K562,1.0,0.9999999,0.99999994,0.99999976,1.0,1.0,1.0,1.0,1.0,0.99999964,0.9999998,0.99999547,0.99999994,0.9999999,0.99999994,1.0,0.99999994,0.99999994,0.99998,1.0,1.0,0.99999976,0.99999994,1.0,0.9999996,1.0,1.0,1.0,1.0,0.99999946,1.0,1.0,1.0,1.0,0.9999922,0.99998564,1.0,0.9999999,0.9999996,1.0,0.99999994,1.0,1.0,1.0,0.99999994,1.0,0.9999998,0.99999994,0.9999999,1.0,0.99999994,1.0,1.0,1.0,1.0,1.0,0.7304119,1.0,1.0,1.0,1.0,0.99999994,1.0,0.9999987,0.99999994,1.0,0.99999994,1.0,1.0,1.0,0.99999994,1.0,0.9999997,1.0,1.0,0.99999994,0.99999994,1.0,1.0,1.0,0.99999785,1.0,1.0,0.99999905,0.99999994,0.99999994,0.99999994,0.99999994,0.99999934,0.9999918,0.99999976,1.0,0.99999994,0.9999997,0.99999994,1.0,0.99999994,0.99678725,1.0,1.0,1.0,0.9992745,0.9987827,0.99999994,0.99999994,0.55100167,0.99999994,1.0,1.0,1.0,1.0,1.0,0.99999976,0.9999998,1.0,0.9999998,1.0,1.0,0.99999994,0.99999994,1.0,1.0,0.99999994,1.0,0.99999994,0.99999994,0.99999994,1.0,0.999998,0.99999994,0.99999994,0.99999994,1.0,1.0,0.99999994,1.0,0.99999994,1.0,1.0,0.99999994,0.9999993,1.0,0.99999994,1.0,0.99999994,0.99999994,1.0,0.99999994,0.99999976,0.9999999,1.0,0.99999994,0.9999961,0.9976055,1.0,0.9999999,1.0,0.99999917,1.0,0.99999905,1.0,0.9999999,0.9999998,1.0,0.99999994,1.0,1.0,1.0,1.0,0.9999997,0.99999994,0.9999999,1.0,0.9999999,1.0,1.0,1.0,0.9999999,0.99999994,1.0,0.99999994,0.99999994,0.9999999,1.0,0.9999998,1.0,0.99999994,1.0,0.99999994,1.0,1.0,1.0,1.0,1.0,0.99999994,1.0,1.0,0.9999998,0.9999997,1.0,0.99999994,0.9999998,1.0,1.0,1.0,1.0,1.0,0.99999994,1.0,1.0,1.0,0.9999992,1.0,0.99999994,0.9999999,0.99999994,0.99999994,1.0,0.9999999,0.9804614,0.99999994,1.0,1.0
FAM120A_HepG2,0.99999994,1.0,1.0,0.99999994,0.99999994,0.99999994,0.99999994,0.99999994,0.99999994,0.9999999,1.0,0.9999942,1.0,1.0,1.0,1.0,1.0,1.0,0.9999824,0.99999994,0.9999998,0.99999994,1.0,1.0,0.9999999,0.99999994,1.0,1.0,1.0,0.9999998,0.99999994,0.99999994,0.99999994,1.0,0.9999905,0.99998766,0.99999994,1.0,0.9999999,0.99999994,1.0,1.0,0.99999994,1.0,1.0,1.0,1.0,1.0,1.0,0.99999994,1.0,0.99999994,0.99999994,1.0,0.99999994,1.0,0.7306848,1.0,0.99999994,0.99999994,1.0,1.0,1.0,0.9999993,1.0,1.0,1.0,0.99999994,0.99999994,1.0,1.0,1.0,0.99999994,0.99999994,1.0,1.0,1.0,0.99999994,0.99999994,1.0,0.9999986,0.99999994,0.99999994,0.9999984,1.0,1.0,1.0,1.0,0.9999997,0.9999901,0.99999994,1.0,1.0,0.99999994,1.0,0.9999999,1.0,0.9967551,1.0,0.99999994,0.9999999,0.9992592,0.99880236,1.0,1.0,0.55066806,1.0,0.99999994,0.99999994,1.0,0.99999994,0.99999994,0.99999946,1.0,0.99999994,1.0,1.0,1.0,1.0,1.0,0.99999994,0.99999994,1.0,0.99999994,0.9999997,1.0,1.0,0.99999994,0.9999987,1.0,1.0,1.0,0.99999994,0.99999994,1.0,0.99999994,1.0,1.0,1.0,1.0,0.99999964,0.99999994,1.0,0.99999994,0.9999997,1.0,1.0,1.0,0.99999994,1.0,1.0,1.0,0.99999493,0.9976331,1.0,1.0,0.99999994,0.9999996,0.99999994,0.9999995,1.0,1.0,1.0,1.0,0.9999997,1.0,1.0,0.99999994,0.99999994,0.99999994,1.0,1.0,0.99999994,1.0,1.0,0.9999998,0.99999994,1.0,0.99999976,1.0,1.0,1.0,1.0,1.0,1.0,1.0,1.0,1.0,1.0,0.99999994,0.99999994,0.99999994,0.9999999,0.99999994,0.99999976,1.0,0.99999994,1.0,0.99999994,1.0,1.0,0.99999946,1.0,1.0,1.0,1.0,1.0,1.0,1.0,0.99999994,0.99999994,0.99999964,0.9999999,1.0,1.0,1.0,1.0,1.0,1.0,0.98054,1.0,1.0,0.99999994
FAM120A_K562,1.0,0.9999999,1.0,0.9999998,1.0,1.0,1.0,1.0,1.0,0.9999997,0.9999999,0.99999523,1.0,0.99999994,0.99999994,1.0,1.0,1.0,0.9999805,1.0,0.99999994,0.9999998,1.0,1.0,0.99999964,1.0,1.0,1.0,1.0,0.9999995,1.0,1.0,1.0,1.0,0.99999183,0.99998605,1.0,0.99999994,0.99999964,1.0,0.99999994,1.0,1.0,1.0,0.99999994,1.0,0.9999998,0.99999994,0.9999999,1.0,0.99999994,1.0,1.0,1.0,1.0,1.0,0.7304686,1.0,1.0,1.0,1.0,0.99999994,1.0,0.9999988,0.99999994,1.0,1.0,1.0,1.0,1.0,0.99999994,1.0,0.99999976,1.0,1.0,0.99999994,1.0,1.0,1.0,1.0,0.99999803,1.0,1.0,0.9999989,0.99999994,0.99999994,1.0,0.99999994,0.99999946,0.9999915,0.99999976,1.0,0.99999994,0.99999976,1.0,1.0,1.0,0.9967806,1.0,1.0,1.0,0.99927133,0.9987868,1.0,1.0,0.55093247,1.0,1.0,1.0,1.0,1.0,1.0,0.9999997,0.9999999,1.0,0.9999999,1.0,1.0,0.99999994,0.99999994,1.0,1.0,1.0,1.0,0.9999999,0.99999994,1.0,1.0,0.99999815,0.99999994,1.0,1.0,1.0,1.0,1.0,1.0,0.99999994,1.0,1.0,1.0,0.99999934,1.0,0.99999994,1.0,0.99999994,1.0,1.0,1.0,0.9999998,0.99999994,1.0,1.0,0.9999959,0.9976112,1.0,0.99999994,1.0,0.9999993,1.0,0.99999917,1.0,0.99999994,0.9999999,1.0,0.9999999,1.0,1.0,1.0,1.0,0.99999976,0.99999994,0.99999994,1.0,0.99999994,1.0,0.99999994,1.0,0.99999994,0.99999994,1.0,0.99999994,1.0,0.99999994,1.0,0.9999999,1.0,0.99999994,1.0,0.99999994,1.0,1.0,1.0,1.0,1.0,0.99999994,1.0,1.0,0.9999999,0.99999976,1.0,1.0,0.99999976,1.0,1.0,1.0,1.0,1.0,1.0,1.0,1.0,1.0,0.9999993,1.0,1.0,0.99999994,0.99999994,1.0,1.0,0.99999994,0.98047775,0.99999994,1.0,1.0
FASTKD2_HepG2,1.0,0.9999999,1.0,0.9999998,1.0,1.0,1.0,1.0,1.0,0.9999997,0.9999999,0.99999523,1.0,0.99999994,0.99999994,1.0,1.0,1.0,0.99998057,1.0,0.99999994,0.9999998,1.0,1.0,0.99999964,1.0,1.0,1.0,1.0,0.9999995,1.0,1.0,1.0,1.0,0.99999183,0.9999861,1.0,0.99999994,0.99999964,1.0,0.99999994,1.0,1.0,1.0,1.0,1.0,0.9999998,0.99999994,0.9999999,1.0,0.99999994,1.0,1.0,1.0,1.0,1.0,0.73047286,1.0,1.0,1.0,1.0,0.99999994,1.0,0.99999887,0.99999994,1.0,1.0,1.0,1.0,1.0,0.99999994,1.0,0.99999976,1.0,1.0,0.99999994,1.0,1.0,1.0,1.0,0.99999803,1.0,1.0,0.9999989,0.99999994,0.99999994,1.0,0.99999994,0.99999946,0.9999914,0.9999998,1.0,0.99999994,0.99999976,1.0,1.0,1.0,0.9967801,1.0,1.0,1.0,0.9992711,0.9987871,1.0,1.0,0.55092716,1.0,1.0,1.0,1.0,1.0,1.0,0.9999997,0.9999999,1.0,0.9999999,1.0,1.0,0.99999994,0.99999994,1.0,1.0,1.0,1.0,0.9999999,0.99999994,1.0,1.0,0.99999815,0.99999994,1.0,1.0,1.0,1.0,1.0,1.0,0.99999994,1.0,1.0,1.0,0.99999934,1.0,0.99999994,1.0,0.9999999,1.0,1.0,1.0,0.9999998,0.99999994,1.0,1.0,0.9999958,0.9976117,1.0,0.99999994,1.0,0.9999993,1.0,0.99999917,1.0,0.99999994,0.9999999,1.0,0.9999999,1.0,1.0,1.0,1.0,0.99999976,0.99999994,0.99999994,1.0,0.99999994,1.0,0.99999994,1.0,0.99999994,0.99999994,1.0,0.99999994,1.0,0.99999994,1.0,0.9999999,1.0,0.99999994,1.0,0.99999994,1.0,1.0,1.0,1.0,1.0,0.99999994,1.0,1.0,0.9999999,0.99999976,1.0,1.0,0.99999976,1.0,1.0,1.0,1.0,1.0,1.0,1.0,1.0,1.0,0.9999993,1.0,1.0,0.99999994,0.99999994,1.0,1.0,0.99999994,0.980479,0.99999994,1.0,1.0
FASTKD2_K562,1.0,0.99999994,1.0,0.9999999,1.0,1.0,1.0,1.0,1.0,0.99999976,0.9999999,0.999995,1.0,0.99999994,1.0,1.0,1.0,1.0,0.999981,1.0,0.99999994,0.9999998,1.0,1.0,0.9999997,1.0,1.0,1.0,1.0,0.9999996,1.0,1.0,1.0,1.0,0.99999154,0.99998647,1.0,0.99999994,0.9999997,1.0,1.0,1.0,1.0,1.0,1.0,1.0,0.9999999,1.0,0.99999994,1.0,1.0,1.0,1.0,1.0,1.0,1.0,0.73052335,1.0,1.0,1.0,1.0,1.0,1.0,0.9999989,1.0,1.0,1.0,1.0,1.0,1.0,1.0,1.0,0.9999998,1.0,1.0,0.99999994,1.0,1.0,1.0,1.0,0.99999815,1.0,1.0,0.9999988,1.0,1.0,1.0,0.99999994,0.9999995,0.9999911,0.9999998,1.0,1.0,0.9999998,1.0,1.0,1.0,0.99677414,1.0,1.0,0.99999994,0.99926823,0.99879074,1.0,1.0,0.55086553,1.0,1.0,1.0,1.0,1.0,1.0,0.99999964,0.9999999,1.0,0.99999994,1.0,1.0,1.0,1.0,1.0,1.0,1.0,1.0,0.9999998,1.0,1.0,1.0,0.9999983,1.0,1.0,1.0,1.0,1.0,1.0,1.0,1.0,1.0,1.0,1.0,0.99999946,1.0,1.0,1.0,0.9999999,1.0,1.0,1.0,0.9999999,0.99999994,1.0,1.0,0.99999565,0.99761677,1.0,0.99999994,1.0,0.99999934,1.0,0.9999992,1.0,0.99999994,0.99999994,1.0,0.9999998,1.0,1.0,1.0,1.0,0.9999998,1.0,0.99999994,1.0,0.99999994,1.0,0.99999994,1.0,0.99999994,0.9999999,1.0,1.0,1.0,0.99999994,1.0,0.99999994,1.0,0.99999994,1.0,1.0,1.0,1.0,1.0,1.0,1.0,0.9999999,1.0,1.0,0.9999999,0.9999998,1.0,1.0,0.9999997,1.0,1.0,1.0,1.0,1.0,1.0,1.0,1.0,1.0,0.9999994,1.0,1.0,0.99999994,1.0,1.0,1.0,0.99999994,0.98049355,1.0,1.0,1.0
FKBP4_HepG2,1.0,0.99999994,1.0,0.9999999,1.0,1.0,1.0,1.0,1.0,0.99999976,0.9999999,0.99999505,1.0,0.99999994,1.0,1.0,1.0,1.0,0.9999808,1.0,0.99999994,0.9999998,1.0,1.0,0.9999997,1.0,1.0,1.0,1.0,0.9999996,1.0,1.0,1.0,1.0,0.9999916,0.99998635,1.0,0.99999994,0.9999997,1.0,1.0,1.0,1.0,1.0,1.0,1.0,0.9999999,0.99999994,0.99999994,1.0,0.99999994,1.0,1.0,1.0,1.0,1.0,0.73050463,1.0,1.0,1.0,1.0,1.0,1.0,0.9999989,1.0,1.0,1.0,1.0,1.0,1.0,1.0,1.0,0.9999998,1.0,1.0,0.99999994,1.0,1.0,1.0,1.0,0.99999815,1.0,1.0,0.99999887,1.0,1.0,1.0,0.99999994,0.99999946,0.99999124,0.9999998,1.0,1.0,0.9999998,1.0,1.0,1.0,0.99677634,1.0,1.0,1.0,0.9992693,0.99878937,1.0,1.0,0.55088836,1.0,1.0,1.0,1.0,1.0,1.0,0.9999997,0.9999999,1.0,0.9999999,1.0,1.0,0.99999994,1.0,1.0,1.0,1.0,1.0,0.9999999,1.0,1.0,1.0,0.9999982,1.0,1.0,1.0,1.0,1.0,1.0,1.0,1.0,1.0,1.0,1.0,0.9999994,1.0,1.0,1.0,0.9999999,1.0,1.0,1.0,0.9999998,0.99999994,1.0,1.0,0.9999957,0.9976149,1.0,0.99999994,1.0,0.99999934,1.0,0.9999992,1.0,0.99999994,0.9999999,1.0,0.9999999,1.0,1.0,1.0,1.0,0.9999998,0.99999994,0.99999994,1.0,0.99999994,1.0,0.99999994,1.0,0.99999994,0.99999994,1.0,1.0,1.0,0.99999994,1.0,0.99999994,1.0,0.99999994,1.0,1.0,1.0,1.0,1.0,1.0,1.0,0.9999999,1.0,1.0,0.9999999,0.99999976,1.0,1.0,0.9999997,1.0,1.0,1.0,1.0,1.0,1.0,1.0,1.0,1.0,0.99999934,1.0,1.0,0.99999994,1.0,1.0,1.0,0.99999994,0.9804882,0.99999994,1.0,1.0
FMR1_K562,1.0,0.99999994,1.0,0.99999994,1.0,1.0,1.0,1.0,1.0,0.9999998,0.99999994,0.99999475,1.0,1.0,1.0,1.0,1.0,1.0,0.99998146,0.99999994,0.9999999,0.9999999,1.0,1.0,0.99999976,1.0,1.0,1.0,1.0,0.9999997,1.0,1.0,1.0,1.0,0.9999912,0.9999869,1.0,1.0,0.99999976,1.0,1.0,1.0,1.0,1.0,1.0,1.0,0.99999994,1.0,0.99999994,1.0,1.0,1.0,1.0,1.0,1.0,1.0,0.7305739,1.0,1.0,1.0,1.0,1.0,1.0,0.99999905,1.0,1.0,1.0,1.0,1.0,1.0,1.0,1.0,0.9999999,1.0,1.0,1.0,1.0,1.0,1.0,1.0,0.99999833,1.0,1.0,0.9999987,1.0,1.0,1.0,1.0,0.9999996,0.9999908,0.9999999,1.0,1.0,0.9999999,1.0,0.99999994,1.0,0.9967682,1.0,1.0,0.99999994,0.99926543,0.9987944,1.0,1.0,0.5508038,1.0,1.0,1.0,1.0,1.0,1.0,0.9999996,0.99999994,1.0,0.99999994,1.0,1.0,1.0,1.0,1.0,1.0,1.0,1.0,0.9999998,1.0,1.0,1.0,0.9999984,1.0,1.0,1.0,1.0,1.0,1.0,1.0,1.0,1.0,1.0,1.0,0.9999995,1.0,1.0,1.0,0.9999998,1.0,1.0,1.0,0.9999999,0.99999994,1.0,1.0,0.9999954,0.9976219,1.0,0.99999994,0.99999994,0.99999946,1.0,0.99999934,1.0,1.0,0.99999994,1.0,0.9999998,1.0,1.0,1.0,1.0,0.9999999,1.0,1.0,1.0,1.0,1.0,0.9999999,1.0,1.0,0.9999999,1.0,1.0,1.0,1.0,1.0,0.99999994,1.0,1.0,1.0,1.0,1.0,1.0,1.0,0.99999994,1.0,0.9999998,1.0,0.99999994,0.99999994,0.9999998,1.0,1.0,0.99999964,1.0,1.0,1.0,1.0,1.0,1.0,1.0,1.0,1.0,0.99999946,0.99999994,1.0,1.0,1.0,1.0,1.0,1.0,0.9805081,1.0,1.0,1.0
FTO_HepG2,0.7304843,0.7307641,0.7306243,0.7308625,0.73048055,0.7304565,0.7305159,0.73044163,0.7305141,0.7309751,0.73081625,0.7283576,0.73058206,0.7307299,0.73065543,0.7305701,0.73061913,0.7306053,0.73471904,0.73040444,0.7302469,0.7309005,0.73057956,0.73052096,0.7310563,0.730489,0.7305325,0.7305342,0.7305293,0.73112476,0.7305159,0.73045987,0.73049295,0.73055017,0.7277036,0.73406374,0.7305009,0.73071706,0.73104215,0.73044497,0.7306432,0.73057055,0.73042196,0.73054314,0.7306393,0.7305783,0.7308496,0.73068947,0.7307677,0.7304119,0.7306848,0.7304686,0.73047286,0.73052335,0.73050463,0.7305739,1.0,0.7305223,0.73050237,0.73047984,0.73057824,0.7306706,0.7305297,0.7315131,0.7306612,0.73052555,0.73059726,0.73045784,0.7305119,0.7305477,0.7306406,0.7305411,0.73092896,0.73048234,0.7305461,0.7306927,0.7306254,0.730483,0.7304105,0.7305488,0.7318253,0.73048985,0.73050755,0.7294685,0.73064375,0.73065585,0.7305952,0.73069865,0.7311932,0.7276389,0.7309112,0.7305602,0.7306518,0.7309247,0.73063266,0.7303732,0.73058236,0.67335975,0.7305578,0.7304861,0.730355,0.70386916,0.76321316,0.73058593,0.73062277,-0.16751398,0.7306182,0.73044693,0.73050344,0.73057353,0.7304261,0.73049766,0.7299671,0.7308182,0.7304458,0.7308009,0.73055875,0.73055214,0.73068815,0.7306673,0.73048973,0.7304875,0.7306057,0.7304896,0.7301436,0.7306671,0.7306226,0.73049784,0.73178667,0.7306449,0.73060113,0.73059314,0.7304914,0.7305042,0.73058426,0.7304382,0.7306544,0.7305344,0.73057365,0.73062134,0.7312398,0.73049134,0.7306483,0.7305178,0.7301799,0.7306096,0.73052794,0.73063034,0.73089004,0.7307554,0.7305465,0.7305914,0.7285018,0.77590036,0.7305527,0.7307546,0.7303979,0.73129374,0.730481,0.731365,0.73057544,0.73073775,0.73081017,0.73056334,0.73014086,0.7305215,0.7305763,0.7304102,0.73049384,0.7309241,0.7306758,0.73071915,0.7305105,0.73071307,0.7305645,0.73026156,0.7304926,0.7307046,0.73022544,0.73052484,0.73064476,0.7305997,0.73073673,0.7305528,0.7307857,0.73053867,0.7306931,0.73053217,0.73063976,0.7304843,0.73049647,0.73049325,0.7303913,0.7304279,0.73019004,0.7305264,0.73040575,0.73083836,0.7309626,0.7305381,0.7306215,0.7299915,0.7305439,0.7305459,0.730534,0.7305345,0.73052937,0.7305847,0.73055476,0.73041207,0.7304899,0.7312746,0.7303844,0.7305802,0.73071635,0.73064935,0.7306307,0.7305704,0.73070407,0.85049593,0.7306741,0.7305264,0.7305072
FTO_K562,1.0,0.99999994,1.0,0.9999999,1.0,1.0,1.0,1.0,1.0,0.99999976,0.9999999,0.999995,1.0,0.99999994,1.0,1.0,1.0,1.0,0.999981,1.0,0.99999994,0.9999998,1.0,1.0,0.9999997,1.0,1.0,1.0,1.0,0.9999996,1.0,1.0,1.0,1.0,0.99999154,0.99998647,1.0,0.99999994,0.9999997,1.0,1.0,1.0,1.0,1.0,1.0,1.0,0.9999999,0.99999994,0.99999994,1.0,1.0,1.0,1.0,1.0,1.0,1.0,0.7305223,1.0,1.0,1.0,1.0,1.0,1.0,0.9999989,1.0,1.0,1.0,1.0,1.0,1.0,1.0,1.0,0.9999998,1.0,1.0,0.99999994,1.0,1.0,1.0,1.0,0.99999815,1.0,1.0,0.9999988,1.0,1.0,1.0,0.99999994,0.9999995,0.9999911,0.9999998,1.0,1.0,0.9999998,1.0,1.0,1.0,0.99677426,1.0,1.0,0.99999994,0.9992683,0.9987907,1.0,1.0,0.55086684,1.0,1.0,1.0,1.0,1.0,1.0,0.99999964,0.9999999,1.0,0.99999994,1.0,1.0,1.0,1.0,1.0,1.0,1.0,1.0,0.9999998,1.0,1.0,1.0,0.9999983,1.0,1.0,1.0,1.0,1.0,1.0,1.0,1.0,1.0,1.0,1.0,0.99999946,1.0,1.0,1.0,0.9999999,1.0,1.0,1.0,0.9999999,0.99999994,1.0,1.0,0.99999565,0.99761665,1.0,0.99999994,1.0,0.99999934,1.0,0.9999992,1.0,0.99999994,0.99999994,1.0,0.9999998,1.0,1.0,1.0,1.0,0.9999998,1.0,0.99999994,1.0,0.99999994,1.0,0.99999994,1.0,0.99999994,0.9999999,1.0,1.0,1.0,0.99999994,1.0,0.99999994,1.0,0.99999994,1.0,1.0,1.0,1.0,1.0,1.0,1.0,0.9999999,1.0,1.0,0.9999999,0.9999998,1.0,1.0,0.9999997,1.0,1.0,1.0,1.0,1.0,1.0,1.0,1.0,1.0,0.9999994,1.0,1.0,0.99999994,1.0,1.0,1.0,0.99999994,0.9804932,1.0,1.0,1.0
FUBP3_HepG2,1.0,0.99999994,1.0,0.9999999,1.0,1.0,1.0,1.0,1.0,0.99999976,0.9999999,0.9999951,1.0,0.99999994,1.0,1.0,1.0,1.0,0.9999808,1.0,0.99999994,0.9999998,1.0,1.0,0.99999964,1.0,1.0,1.0,1.0,0.9999996,1.0,1.0,1.0,1.0,0.99999166,0.99998635,1.0,0.99999994,0.9999997,1.0,1.0,1.0,1.0,1.0,1.0,1.0,0.9999999,0.99999994,0.99999994,1.0,0.99999994,1.0,1.0,1.0,1.0,1.0,0.73050237,1.0,1.0,1.0,1.0,0.99999994,1.0,0.9999989,1.0,1.0,1.0,1.0,1.0,1.0,1.0,1.0,0.9999998,1.0,1.0,0.99999994,1.0,1.0,1.0,1.0,0.9999981,1.0,1.0,0.99999887,1.0,1.0,1.0,0.99999994,0.99999946,0.99999124,0.9999998,1.0,1.0,0.9999998,1.0,1.0,1.0,0.99677664,1.0,1.0,1.0,0.9992694,0.99878925,1.0,1.0,0.55089116,1.0,1.0,1.0,1.0,1.0,1.0,0.9999997,0.9999999,1.0,0.9999999,1.0,1.0,0.99999994,1.0,1.0,1.0,1.0,1.0,0.9999999,1.0,1.0,1.0,0.9999982,1.0,1.0,1.0,1.0,1.0,1.0,1.0,1.0,1.0,1.0,1.0,0.9999994,1.0,1.0,1.0,0.9999999,1.0,1.0,1.0,0.9999998,0.99999994,1.0,1.0,0.9999957,0.9976147,1.0,0.99999994,1.0,0.99999934,1.0,0.9999992,1.0,0.99999994,0.9999999,1.0,0.9999999,1.0,1.0,1.0,1.0,0.9999998,0.99999994,0.99999994,1.0,0.99999994,1.0,0.99999994,1.0,0.99999994,0.99999994,1.0,1.0,1.0,0.99999994,1.0,0.99999994,1.0,0.99999994,1.0,1.0,1.0,1.0,1.0,1.0,1.0,0.9999999,1.0,1.0,0.9999999,0.99999976,1.0,1.0,0.9999997,1.0,1.0,1.0,1.0,1.0,1.0,1.0,1.0,1.0,0.99999934,1.0,1.0,0.99999994,1.0,1.0,1.0,0.99999994,0.98048747,0.99999994,1.0,1.0
FUS_HepG2,1.0,0.99999994,1.0,0.9999998,1.0,1.0,1.0,1.0,1.0,0.99999976,0.9999999,0.9999952,1.0,0.99999994,0.99999994,1.0,1.0,1.0,0.9999806,1.0,0.99999994,0.9999998,1.0,1.0,0.99999964,1.0,1.0,1.0,1.0,0.9999996,1.0,1.0,1.0,1.0,0.9999918,0.9999862,1.0,0.99999994,0.99999964,1.0,1.0,1.0,1.0,1.0,1.0,1.0,0.9999999,0.99999994,0.99999994,1.0,0.99999994,1.0,1.0,1.0,1.0,1.0,0.73047984,1.0,1.0,1.0,1.0,0.99999994,1.0,0.99999887,0.99999994,1.0,1.0,1.0,1.0,1.0,1.0,1.0,0.99999976,1.0,1.0,0.99999994,1.0,1.0,1.0,1.0,0.99999803,1.0,1.0,0.9999989,1.0,0.99999994,1.0,0.99999994,0.99999946,0.99999136,0.9999998,1.0,0.99999994,0.99999976,1.0,1.0,1.0,0.99677926,1.0,1.0,1.0,0.9992707,0.9987876,1.0,1.0,0.5509187,1.0,1.0,1.0,1.0,1.0,1.0,0.9999997,0.9999999,1.0,0.9999999,1.0,1.0,0.99999994,0.99999994,1.0,1.0,1.0,1.0,0.9999999,0.99999994,1.0,1.0,0.99999815,1.0,1.0,1.0,1.0,1.0,1.0,1.0,0.99999994,1.0,1.0,1.0,0.9999994,1.0,0.99999994,1.0,0.9999999,1.0,1.0,1.0,0.9999998,0.99999994,1.0,1.0,0.9999958,0.9976124,1.0,0.99999994,1.0,0.9999993,1.0,0.99999917,1.0,0.99999994,0.9999999,1.0,0.9999999,1.0,1.0,1.0,1.0,0.99999976,0.99999994,0.99999994,1.0,0.99999994,1.0,0.99999994,1.0,0.99999994,0.99999994,1.0,1.0,1.0,0.99999994,1.0,0.9999999,1.0,0.99999994,1.0,1.0,1.0,1.0,1.0,1.0,1.0,0.9999999,1.0,1.0,0.9999999,0.99999976,1.0,1.0,0.99999976,1.0,1.0,1.0,1.0,1.0,1.0,1.0,1.0,1.0,0.99999934,1.0,1.0,0.99999994,0.99999994,1.0,1.0,0.99999994,0.980481,0.99999994,1.0,1.0
FUS_K562,1.0,0.99999994,1.0,0.99999994,1.0,1.0,1.0,1.0,1.0,0.9999998,0.99999994,0.99999475,1.0,1.0,1.0,1.0,1.0,1.0,0.99998146,0.99999994,0.9999999,0.9999999,1.0,1.0,0.99999976,1.0,1.0,1.0,1.0,0.9999997,1.0,1.0,1.0,1.0,0.9999912,0.9999869,1.0,1.0,0.99999976,1.0,1.0,1.0,1.0,1.0,1.0,1.0,0.99999994,1.0,0.99999994,1.0,1.0,1.0,1.0,1.0,1.0,1.0,0.73057824,1.0,1.0,1.0,1.0,1.0,1.0,0.99999905,1.0,1.0,1.0,1.0,1.0,1.0,1.0,1.0,0.9999999,1.0,1.0,1.0,1.0,1.0,0.99999994,1.0,0.99999833,1.0,1.0,0.9999987,1.0,1.0,1.0,1.0,0.9999996,0.99999076,0.9999999,1.0,1.0,0.9999999,1.0,0.99999994,1.0,0.9967677,1.0,1.0,0.99999994,0.9992652,0.9987947,1.0,1.0,0.5507984,1.0,1.0,1.0,1.0,1.0,1.0,0.9999996,0.99999994,1.0,0.99999994,1.0,1.0,1.0,1.0,1.0,1.0,1.0,1.0,0.9999998,1.0,1.0,1.0,0.99999845,1.0,1.0,1.0,1.0,1.0,1.0,1.0,1.0,1.0,1.0,1.0,0.9999995,1.0,1.0,1.0,0.9999998,1.0,1.0,1.0,0.9999999,0.99999994,1.0,1.0,0.9999954,0.9976223,1.0,0.99999994,0.99999994,0.99999946,1.0,0.99999934,1.0,1.0,0.99999994,1.0,0.9999998,1.0,1.0,0.99999994,1.0,0.9999999,1.0,1.0,1.0,1.0,1.0,0.9999999,1.0,1.0,0.9999999,1.0,1.0,1.0,1.0,1.0,0.99999994,1.0,1.0,1.0,1.0,1.0,1.0,1.0,0.99999994,1.0,0.9999998,1.0,0.99999994,0.99999994,0.9999998,1.0,1.0,0.99999964,1.0,1.0,1.0,1.0,1.0,1.0,1.0,1.0,1.0,0.99999946,0.99999994,1.0,1.0,1.0,1.0,1.0,1.0,0.98050934,1.0,1.0,1.0
FXR1_K562,0.99999994,1.0,1.0,0.99999994,0.99999994,0.99999994,1.0,0.99999994,1.0,0.9999999,1.0,0.9999943,1.0,1.0,1.0,1.0,1.0,1.0,0.9999823,0.99999994,0.9999998,0.99999994,1.0,1.0,0.9999998,0.99999994,1.0,1.0,1.0,0.99999976,1.0,0.99999994,0.99999994,1.0,0.9999906,0.9999876,0.99999994,1.0,0.9999999,0.99999994,1.0,1.0,0.99999994,1.0,1.0,1.0,0.99999994,1.0,1.0,0.99999994,1.0,0.99999994,0.99999994,1.0,1.0,1.0,0.7306706,1.0,0.99999994,0.99999994,1.0,1.0,1.0,0.9999992,1.0,1.0,1.0,0.99999994,1.0,1.0,1.0,1.0,0.99999994,0.99999994,1.0,1.0,1.0,0.99999994,0.99999994,1.0,0.99999857,0.99999994,1.0,0.99999845,1.0,1.0,1.0,1.0,0.9999997,0.99999017,0.99999994,1.0,1.0,0.99999994,1.0,0.9999999,1.0,0.9967568,1.0,0.99999994,0.9999999,0.99925995,0.9988013,1.0,1.0,0.5506855,1.0,0.99999994,0.99999994,1.0,0.99999994,0.99999994,0.99999946,1.0,0.99999994,1.0,1.0,1.0,1.0,1.0,0.99999994,0.99999994,1.0,0.99999994,0.9999997,1.0,1.0,0.99999994,0.9999987,1.0,1.0,1.0,0.99999994,1.0,1.0,0.99999994,1.0,1.0,1.0,1.0,0.99999964,0.99999994,1.0,1.0,0.99999976,1.0,1.0,1.0,0.99999994,1.0,1.0,1.0,0.999995,0.99763167,1.0,1.0,0.99999994,0.9999996,0.99999994,0.99999946,1.0,1.0,1.0,1.0,0.9999997,1.0,1.0,0.99999994,0.99999994,0.99999994,1.0,1.0,1.0,1.0,1.0,0.9999998,0.99999994,1.0,0.99999976,1.0,1.0,1.0,1.0,1.0,1.0,1.0,1.0,1.0,1.0,0.99999994,0.99999994,0.99999994,0.99999994,0.99999994,0.99999976,1.0,0.99999994,0.99999994,0.9999999,1.0,1.0,0.9999995,1.0,1.0,1.0,1.0,1.0,1.0,1.0,0.99999994,0.99999994,0.9999996,0.99999994,1.0,1.0,1.0,1.0,1.0,1.0,0.9805359,1.0,1.0,1.0
FXR2_HepG2,1.0,0.99999994,1.0,0.9999999,1.0,1.0,1.0,1.0,1.0,0.99999976,0.99999994,0.99999493,1.0,0.99999994,1.0,1.0,1.0,1.0,0.99998105,1.0,0.99999994,0.9999999,1.0,1.0,0.9999997,1.0,1.0,1.0,1.0,0.99999964,1.0,1.0,1.0,1.0,0.9999915,0.9999865,1.0,0.99999994,0.9999997,1.0,1.0,1.0,1.0,1.0,1.0,1.0,0.9999999,1.0,0.99999994,1.0,1.0,1.0,1.0,1.0,1.0,1.0,0.7305297,1.0,1.0,1.0,1.0,1.0,1.0,0.999999,1.0,1.0,1.0,1.0,1.0,1.0,1.0,1.0,0.9999998,1.0,1.0,1.0,1.0,1.0,1.0,1.0,0.9999982,1.0,1.0,0.9999988,1.0,1.0,1.0,0.99999994,0.9999995,0.99999106,0.9999998,1.0,1.0,0.9999998,1.0,1.0,1.0,0.9967734,1.0,1.0,0.99999994,0.9992679,0.9987912,1.0,1.0,0.5508577,1.0,1.0,1.0,1.0,1.0,1.0,0.99999964,0.99999994,1.0,0.99999994,1.0,1.0,1.0,1.0,1.0,1.0,1.0,1.0,0.9999998,1.0,1.0,1.0,0.99999833,1.0,1.0,1.0,1.0,1.0,1.0,1.0,1.0,1.0,1.0,1.0,0.99999946,1.0,1.0,1.0,0.9999999,1.0,1.0,1.0,0.9999999,0.99999994,1.0,1.0,0.9999956,0.9976174,1.0,0.99999994,1.0,0.99999934,1.0,0.9999992,1.0,0.99999994,0.99999994,1.0,0.9999998,1.0,1.0,1.0,1.0,0.9999998,1.0,0.99999994,1.0,0.99999994,1.0,0.99999994,1.0,0.99999994,0.9999999,1.0,1.0,1.0,0.99999994,1.0,0.99999994,1.0,1.0,1.0,1.0,1.0,1.0,1.0,1.0,1.0,0.9999999,1.0,1.0,0.9999999,0.9999998,1.0,1.0,0.9999997,1.0,1.0,1.0,1.0,1.0,1.0,1.0,1.0,1.0,0.9999994,1.0,1.0,0.99999994,1.0,1.0,1.0,0.99999994,0.98049533,1.0,1.0,1.0
FXR2_K562,0.99999887,0.9999994,0.99999917,0.9999995,0.99999887,0.9999988,0.9999989,0.99999875,0.9999989,0.9999997,0.99999946,0.99998933,0.99999905,0.99999934,0.9999992,0.99999905,0.99999917,0.9999991,0.9999889,0.9999987,0.9999983,0.9999996,0.99999905,0.9999989,0.99999976,0.99999887,0.999999,0.999999,0.999999,0.9999998,0.9999989,0.9999988,0.99999887,0.999999,0.9999845,0.99999297,0.9999989,0.99999934,0.99999976,0.99999875,0.99999917,0.99999905,0.99999875,0.999999,0.99999917,0.99999905,0.9999995,0.9999993,0.9999994,0.9999987,0.9999993,0.9999988,0.99999887,0.9999989,0.9999989,0.99999905,0.7315131,0.9999989,0.9999989,0.99999887,0.99999905,0.9999992,0.999999,1.0,0.9999992,0.9999989,0.9999991,0.9999988,0.9999989,0.999999,0.99999917,0.999999,0.99999964,0.99999887,0.999999,0.9999993,0.99999917,0.99999887,0.9999987,0.999999,0.9999999,0.99999887,0.9999989,0.9999955,0.99999917,0.9999992,0.9999991,0.9999993,0.9999999,0.99998397,0.9999996,0.99999905,0.9999992,0.99999964,0.99999917,0.9999986,0.99999905,0.99665666,0.99999905,0.99999887,0.99999857,0.9992117,0.998861,0.9999991,0.99999917,0.54965436,0.99999917,0.9999988,0.9999989,0.99999905,0.99999875,0.99999887,0.99999744,0.99999946,0.99999875,0.99999946,0.99999905,0.999999,0.9999993,0.9999992,0.99999887,0.99999887,0.9999991,0.99999887,0.999998,0.9999992,0.99999917,0.99999887,0.99999994,0.99999917,0.9999991,0.9999991,0.99999887,0.9999989,0.99999905,0.99999875,0.9999992,0.999999,0.99999905,0.99999917,0.99999994,0.99999887,0.9999992,0.9999989,0.9999981,0.9999991,0.999999,0.99999917,0.9999996,0.9999994,0.999999,0.9999991,0.9999903,0.99771583,0.999999,0.9999994,0.9999987,0.99999994,0.99999887,1.0,0.99999905,0.99999934,0.99999946,0.99999905,0.999998,0.9999989,0.99999905,0.9999987,0.99999887,0.99999964,0.9999992,0.99999934,0.9999989,0.9999993,0.99999905,0.99999833,0.99999887,0.9999993,0.9999982,0.9999989,0.99999917,0.9999991,0.99999934,0.999999,0.9999994,0.999999,0.9999993,0.999999,0.99999917,0.99999887,0.99999887,0.99999887,0.9999986,0.99999875,0.9999981,0.9999989,0.9999987,0.9999995,0.9999997,0.999999,0.99999917,0.9999975,0.999999,0.999999,0.999999,0.999999,0.999999,0.99999905,0.999999,0.9999987,0.99999887,0.99999994,0.9999986,0.99999905,0.99999934,0.9999992,0.99999917,0.99999905,0.9999993,0.9807776,0.9999992,0.9999989,0.9999989
G3BP1_HepG2,0.99999994,1.0,1.0,0.99999994,0.99999994,0.99999994,1.0,0.99999994,1.0,0.9999999,1.0,0.99999434,1.0,1.0,1.0,1.0,1.0,1.0,0.99998224,0.99999994,0.9999998,0.99999994,1.0,1.0,0.9999998,0.99999994,1.0,1.0,1.0,0.99999976,1.0,0.99999994,0.99999994,1.0,0.99999064,0.99998754,1.0,1.0,0.9999998,0.99999994,1.0,1.0,0.99999994,1.0,1.0,1.0,0.99999994,1.0,1.0,0.99999994,1.0,0.99999994,0.99999994,1.0,1.0,1.0,0.7306612,1.0,1.0,0.99999994,1.0,1.0,1.0,0.9999992,1.0,1.0,1.0,0.99999994,1.0,1.0,1.0,1.0,0.99999994,0.99999994,1.0,1.0,1.0,0.99999994,0.99999994,1.0,0.99999857,0.99999994,1.0,0.99999845,1.0,1.0,1.0,1.0,0.9999997,0.9999902,0.99999994,1.0,1.0,0.99999994,1.0,0.99999994,1.0,0.9967579,1.0,0.99999994,0.9999999,0.9992605,0.99880064,1.0,1.0,0.55069697,1.0,0.99999994,1.0,1.0,0.99999994,1.0,0.99999946,1.0,0.99999994,1.0,1.0,1.0,1.0,1.0,0.99999994,0.99999994,1.0,0.99999994,0.9999997,1.0,1.0,1.0,0.9999986,1.0,1.0,1.0,0.99999994,1.0,1.0,0.99999994,1.0,1.0,1.0,1.0,0.99999964,0.99999994,1.0,1.0,0.99999976,1.0,1.0,1.0,0.99999994,1.0,1.0,1.0,0.999995,0.9976307,1.0,1.0,0.99999994,0.9999996,0.99999994,0.99999946,1.0,1.0,1.0,1.0,0.9999997,1.0,1.0,0.99999994,0.99999994,0.99999994,1.0,1.0,1.0,1.0,1.0,0.9999998,0.99999994,1.0,0.9999998,1.0,1.0,1.0,1.0,1.0,1.0,1.0,1.0,1.0,1.0,0.99999994,1.0,0.99999994,0.99999994,0.99999994,0.99999976,1.0,0.99999994,0.99999994,0.9999999,1.0,1.0,0.9999995,1.0,1.0,1.0,1.0,1.0,1.0,1.0,0.99999994,0.99999994,0.9999996,0.99999994,1.0,1.0,1.0,1.0,1.0,1.0,0.9805332,1.0,1.0,1.0
GEMIN5_K562,1.0,0.99999994,1.0,0.9999999,1.0,1.0,1.0,1.0,1.0,0.99999976,0.9999999,0.999995,1.0,0.99999994,1.0,1.0,1.0,1.0,0.99998105,1.0,0.99999994,0.9999998,1.0,1.0,0.9999997,1.0,1.0,1.0,1.0,0.99999964,1.0,1.0,1.0,1.0,0.9999915,0.9999865,1.0,0.99999994,0.9999997,1.0,1.0,1.0,1.0,1.0,1.0,1.0,0.9999999,1.0,0.99999994,1.0,1.0,1.0,1.0,1.0,1.0,1.0,0.73052555,1.0,1.0,1.0,1.0,1.0,1.0,0.9999989,1.0,1.0,1.0,1.0,1.0,1.0,1.0,1.0,0.9999998,1.0,1.0,0.99999994,1.0,1.0,1.0,1.0,0.9999982,1.0,1.0,0.9999988,1.0,1.0,1.0,0.99999994,0.9999995,0.9999911,0.9999998,1.0,1.0,0.9999998,1.0,1.0,1.0,0.9967739,1.0,1.0,0.99999994,0.9992681,0.9987909,1.0,1.0,0.5508628,1.0,1.0,1.0,1.0,1.0,1.0,0.99999964,0.9999999,1.0,0.99999994,1.0,1.0,1.0,1.0,1.0,1.0,1.0,1.0,0.9999998,1.0,1.0,1.0,0.9999983,1.0,1.0,1.0,1.0,1.0,1.0,1.0,1.0,1.0,1.0,1.0,0.99999946,1.0,1.0,1.0,0.9999999,1.0,1.0,1.0,0.9999999,0.99999994,1.0,1.0,0.99999565,0.997617,1.0,0.99999994,1.0,0.99999934,1.0,0.9999992,1.0,0.99999994,0.99999994,1.0,0.9999998,1.0,1.0,1.0,1.0,0.9999998,1.0,0.99999994,1.0,0.99999994,1.0,0.99999994,1.0,0.99999994,0.9999999,1.0,1.0,1.0,0.99999994,1.0,0.99999994,1.0,0.99999994,1.0,1.0,1.0,1.0,1.0,1.0,1.0,0.9999999,1.0,1.0,0.9999999,0.9999998,1.0,1.0,0.9999997,1.0,1.0,1.0,1.0,1.0,1.0,1.0,1.0,1.0,0.9999994,1.0,1.0,0.99999994,1.0,1.0,1.0,0.99999994,0.98049414,1.0,1.0,1.0
GNL3_K562,1.0,0.99999994,1.0,0.99999994,1.0,1.0,1.0,1.0,1.0,0.9999998,0.99999994,0.99999464,1.0,1.0,1.0,1.0,1.0,1.0,0.99998164,0.99999994,0.9999999,0.9999999,1.0,1.0,0.99999976,1.0,1.0,1.0,1.0,0.9999997,1.0,1.0,1.0,1.0,0.99999106,0.99998707,1.0,1.0,0.99999976,1.0,1.0,1.0,0.99999994,1.0,1.0,1.0,0.99999994,1.0,0.99999994,0.99999994,1.0,1.0,1.0,1.0,1.0,1.0,0.73059726,1.0,1.0,1.0,1.0,1.0,1.0,0.9999991,1.0,1.0,1.0,1.0,1.0,1.0,1.0,1.0,0.9999999,1.0,1.0,1.0,1.0,1.0,0.99999994,1.0,0.9999984,1.0,1.0,0.9999986,1.0,1.0,1.0,1.0,0.99999964,0.99999064,0.9999999,1.0,1.0,0.9999999,1.0,0.99999994,1.0,0.99676543,1.0,1.0,0.99999994,0.9992641,0.99879605,1.0,1.0,0.55077523,1.0,1.0,1.0,1.0,0.99999994,1.0,0.9999996,0.99999994,1.0,0.99999994,1.0,1.0,1.0,1.0,1.0,1.0,1.0,1.0,0.99999976,1.0,1.0,1.0,0.99999845,1.0,1.0,1.0,1.0,1.0,1.0,1.0,1.0,1.0,1.0,1.0,0.9999996,1.0,1.0,1.0,0.9999998,1.0,1.0,1.0,0.9999999,1.0,1.0,1.0,0.9999953,0.9976242,1.0,1.0,0.99999994,0.99999946,1.0,0.99999934,1.0,1.0,0.99999994,1.0,0.99999976,1.0,1.0,0.99999994,1.0,0.9999999,1.0,1.0,1.0,1.0,1.0,0.9999999,1.0,1.0,0.9999999,1.0,1.0,1.0,1.0,1.0,0.99999994,1.0,1.0,1.0,1.0,1.0,1.0,1.0,0.99999994,0.99999994,0.9999998,1.0,0.99999994,0.99999994,0.9999999,1.0,1.0,0.9999996,1.0,1.0,1.0,1.0,1.0,1.0,1.0,0.99999994,1.0,0.9999995,0.99999994,1.0,1.0,1.0,1.0,1.0,1.0,0.9805148,1.0,1.0,1.0
GPKOW_K562,1.0,0.9999999,1.0,0.9999998,1.0,1.0,1.0,1.0,1.0,0.9999997,0.9999999,0.9999953,1.0,0.99999994,0.99999994,1.0,1.0,1.0,0.9999804,1.0,0.99999994,0.99999976,1.0,1.0,0.99999964,1.0,1.0,1.0,1.0,0.9999995,1.0,1.0,1.0,1.0,0.9999919,0.999986,1.0,0.99999994,0.99999964,1.0,0.99999994,1.0,1.0,1.0,0.99999994,1.0,0.9999998,0.99999994,0.9999999,1.0,0.99999994,1.0,1.0,1.0,1.0,1.0,0.73045784,1.0,1.0,1.0,1.0,0.99999994,1.0,0.9999988,0.99999994,1.0,1.0,1.0,1.0,1.0,0.99999994,1.0,0.99999976,1.0,1.0,0.99999994,0.99999994,1.0,1.0,1.0,0.999998,1.0,1.0,0.9999989,0.99999994,0.99999994,1.0,0.99999994,0.9999994,0.99999154,0.99999976,1.0,0.99999994,0.99999976,0.99999994,1.0,1.0,0.9967818,1.0,1.0,1.0,0.9992719,0.99878603,1.0,1.0,0.5509455,1.0,1.0,1.0,1.0,1.0,1.0,0.99999976,0.9999999,1.0,0.9999999,1.0,1.0,0.99999994,0.99999994,1.0,1.0,1.0,1.0,0.9999999,0.99999994,1.0,1.0,0.9999981,0.99999994,1.0,1.0,1.0,1.0,1.0,1.0,0.99999994,1.0,1.0,1.0,0.99999934,1.0,0.99999994,1.0,0.99999994,1.0,1.0,0.99999994,0.9999998,0.9999999,1.0,1.0,0.9999959,0.99761015,1.0,0.9999999,1.0,0.9999992,1.0,0.9999991,1.0,0.99999994,0.9999999,1.0,0.9999999,1.0,1.0,1.0,1.0,0.99999976,0.99999994,0.99999994,1.0,0.99999994,1.0,0.99999994,1.0,0.99999994,0.99999994,1.0,0.99999994,1.0,0.99999994,1.0,0.9999999,1.0,0.99999994,1.0,0.99999994,1.0,1.0,1.0,1.0,1.0,0.99999994,1.0,1.0,0.9999998,0.9999997,1.0,1.0,0.99999976,1.0,1.0,1.0,1.0,1.0,1.0,1.0,1.0,1.0,0.9999993,1.0,1.0,0.99999994,0.99999994,0.99999994,1.0,0.99999994,0.98047465,0.99999994,1.0,1.0
GRSF1_HepG2,1.0,0.99999994,1.0,0.9999999,1.0,1.0,1.0,1.0,1.0,0.99999976,0.9999999,0.99999505,1.0,0.99999994,1.0,1.0,1.0,1.0,0.99998087,1.0,0.99999994,0.9999998,1.0,1.0,0.9999997,1.0,1.0,1.0,1.0,0.9999996,1.0,1.0,1.0,1.0,0.9999916,0.9999864,1.0,0.99999994,0.9999997,1.0,1.0,1.0,1.0,1.0,1.0,1.0,0.9999999,0.99999994,0.99999994,1.0,0.99999994,1.0,1.0,1.0,1.0,1.0,0.7305119,1.0,1.0,1.0,1.0,1.0,1.0,0.9999989,1.0,1.0,1.0,1.0,1.0,1.0,1.0,1.0,0.9999998,1.0,1.0,0.99999994,1.0,1.0,1.0,1.0,0.99999815,1.0,1.0,0.9999988,1.0,1.0,1.0,0.99999994,0.9999995,0.9999912,0.9999998,1.0,1.0,0.9999998,1.0,1.0,1.0,0.9967755,1.0,1.0,1.0,0.9992689,0.9987899,1.0,1.0,0.55087954,1.0,1.0,1.0,1.0,1.0,1.0,0.9999997,0.9999999,1.0,0.9999999,1.0,1.0,0.99999994,1.0,1.0,1.0,1.0,1.0,0.9999999,1.0,1.0,1.0,0.9999983,1.0,1.0,1.0,1.0,1.0,1.0,1.0,1.0,1.0,1.0,1.0,0.9999994,1.0,1.0,1.0,0.9999999,1.0,1.0,1.0,0.9999998,0.99999994,1.0,1.0,0.9999957,0.99761564,1.0,0.99999994,1.0,0.99999934,1.0,0.9999992,1.0,0.99999994,0.9999999,1.0,0.9999999,1.0,1.0,1.0,1.0,0.9999998,1.0,0.99999994,1.0,0.99999994,1.0,0.99999994,1.0,0.99999994,0.99999994,1.0,1.0,1.0,0.99999994,1.0,0.99999994,1.0,0.99999994,1.0,1.0,1.0,1.0,1.0,1.0,1.0,0.9999999,1.0,1.0,0.9999999,0.99999976,1.0,1.0,0.9999997,1.0,1.0,1.0,1.0,1.0,1.0,1.0,1.0,1.0,0.9999994,1.0,1.0,0.99999994,1.0,1.0,1.0,0.99999994,0.9804902,1.0,1.0,1.0
GRWD1_HepG2,1.0,0.99999994,1.0,0.9999999,1.0,1.0,1.0,1.0,1.0,0.9999998,0.99999994,0.9999949,1.0,0.99999994,1.0,1.0,1.0,1.0,0.9999812,1.0,0.9999999,0.9999999,1.0,1.0,0.9999997,1.0,1.0,1.0,1.0,0.99999964,1.0,1.0,1.0,1.0,0.99999136,0.99998665,1.0,0.99999994,0.99999976,1.0,1.0,1.0,1.0,1.0,1.0,1.0,0.9999999,1.0,0.99999994,1.0,1.0,1.0,1.0,1.0,1.0,1.0,0.7305477,1.0,1.0,1.0,1.0,1.0,1.0,0.999999,1.0,1.0,1.0,1.0,1.0,1.0,1.0,1.0,0.9999998,1.0,1.0,1.0,1.0,1.0,1.0,1.0,0.9999983,1.0,1.0,0.99999875,1.0,1.0,1.0,1.0,0.9999995,0.99999094,0.9999999,1.0,1.0,0.9999998,1.0,0.99999994,1.0,0.9967713,1.0,1.0,0.99999994,0.99926686,0.99879247,1.0,1.0,0.5508357,1.0,1.0,1.0,1.0,1.0,1.0,0.99999964,0.99999994,1.0,0.99999994,1.0,1.0,1.0,1.0,1.0,1.0,1.0,1.0,0.9999998,1.0,1.0,1.0,0.99999833,1.0,1.0,1.0,1.0,1.0,1.0,1.0,1.0,1.0,1.0,1.0,0.99999946,1.0,1.0,1.0,0.9999999,1.0,1.0,1.0,0.9999999,0.99999994,1.0,1.0,0.9999955,0.9976193,1.0,0.99999994,1.0,0.9999994,1.0,0.9999993,1.0,0.99999994,0.99999994,1.0,0.9999998,1.0,1.0,1.0,1.0,0.9999998,1.0,0.99999994,1.0,1.0,1.0,0.99999994,1.0,1.0,0.9999999,1.0,1.0,1.0,0.99999994,1.0,0.99999994,1.0,1.0,1.0,1.0,1.0,1.0,1.0,1.0,1.0,0.9999999,1.0,1.0,0.9999999,0.9999998,1.0,1.0,0.99999964,1.0,1.0,1.0,1.0,1.0,1.0,1.0,1.0,1.0,0.9999994,1.0,1.0,0.99999994,1.0,1.0,1.0,1.0,0.9805005,1.0,1.0,1.0
GRWD1_K562,1.0,1.0,1.0,0.99999994,1.0,0.99999994,1.0,0.99999994,1.0,0.9999999,0.99999994,0.99999446,1.0,1.0,1.0,1.0,1.0,1.0,0.99998206,0.99999994,0.9999998,0.99999994,1.0,1.0,0.9999998,1.0,1.0,1.0,1.0,0.99999976,1.0,0.99999994,1.0,1.0,0.99999076,0.99998736,1.0,1.0,0.9999998,0.99999994,1.0,1.0,0.99999994,1.0,1.0,1.0,0.99999994,1.0,1.0,0.99999994,1.0,0.99999994,0.99999994,1.0,1.0,1.0,0.7306406,1.0,1.0,1.0,1.0,1.0,1.0,0.99999917,1.0,1.0,1.0,0.99999994,1.0,1.0,1.0,1.0,0.99999994,1.0,1.0,1.0,1.0,1.0,0.99999994,1.0,0.9999985,1.0,1.0,0.9999985,1.0,1.0,1.0,1.0,0.9999997,0.9999904,0.99999994,1.0,1.0,0.99999994,1.0,0.99999994,1.0,0.99676037,1.0,1.0,0.99999994,0.9992617,0.99879915,1.0,1.0,0.5507222,1.0,0.99999994,1.0,1.0,0.99999994,1.0,0.9999995,0.99999994,0.99999994,1.0,1.0,1.0,1.0,1.0,1.0,1.0,1.0,1.0,0.99999976,1.0,1.0,1.0,0.99999857,1.0,1.0,1.0,1.0,1.0,1.0,0.99999994,1.0,1.0,1.0,1.0,0.99999964,1.0,1.0,1.0,0.99999976,1.0,1.0,1.0,0.99999994,1.0,1.0,1.0,0.9999951,0.9976286,1.0,1.0,0.99999994,0.9999995,1.0,0.99999946,1.0,1.0,0.99999994,1.0,0.99999976,1.0,1.0,0.99999994,1.0,0.99999994,1.0,1.0,1.0,1.0,1.0,0.9999998,1.0,1.0,0.9999998,1.0,1.0,1.0,1.0,1.0,1.0,1.0,1.0,1.0,1.0,1.0,1.0,1.0,0.99999994,0.99999994,0.99999976,1.0,0.99999994,0.99999994,0.9999999,1.0,1.0,0.9999995,1.0,1.0,1.0,1.0,1.0,1.0,1.0,0.99999994,1.0,0.9999996,0.99999994,1.0,1.0,1.0,1.0,1.0,1.0,0.9805273,1.0,1.0,1.0
GTF2F1_HepG2,1.0,0.99999994,1.0,0.9999999,1.0,1.0,1.0,1.0,1.0,0.9999998,0.99999994,0.99999493,1.0,0.99999994,1.0,1.0,1.0,1.0,0.99998116,1.0,0.9999999,0.9999999,1.0,1.0,0.9999997,1.0,1.0,1.0,1.0,0.99999964,1.0,1.0,1.0,1.0,0.9999914,0.99998665,1.0,0.99999994,0.9999997,1.0,1.0,1.0,1.0,1.0,1.0,1.0,0.9999999,1.0,0.99999994,1.0,1.0,1.0,1.0,1.0,1.0,1.0,0.7305411,1.0,1.0,1.0,1.0,1.0,1.0,0.999999,1.0,1.0,1.0,1.0,1.0,1.0,1.0,1.0,0.9999998,1.0,1.0,1.0,1.0,1.0,1.0,1.0,0.9999982,1.0,1.0,0.99999875,1.0,1.0,1.0,1.0,0.9999995,0.999991,0.9999999,1.0,1.0,0.9999998,1.0,0.99999994,1.0,0.99677205,1.0,1.0,0.99999994,0.9992673,0.998792,1.0,1.0,0.55084383,1.0,1.0,1.0,1.0,1.0,1.0,0.99999964,0.99999994,1.0,0.99999994,1.0,1.0,1.0,1.0,1.0,1.0,1.0,1.0,0.9999998,1.0,1.0,1.0,0.99999833,1.0,1.0,1.0,1.0,1.0,1.0,1.0,1.0,1.0,1.0,1.0,0.99999946,1.0,1.0,1.0,0.9999999,1.0,1.0,1.0,0.9999999,0.99999994,1.0,1.0,0.9999955,0.99761856,1.0,0.99999994,1.0,0.9999994,1.0,0.9999993,1.0,0.99999994,0.99999994,1.0,0.9999998,1.0,1.0,1.0,1.0,0.9999998,1.0,0.99999994,1.0,0.99999994,1.0,0.99999994,1.0,1.0,0.9999999,1.0,1.0,1.0,0.99999994,1.0,0.99999994,1.0,1.0,1.0,1.0,1.0,1.0,1.0,1.0,1.0,0.9999999,1.0,1.0,0.9999999,0.9999998,1.0,1.0,0.9999997,1.0,1.0,1.0,1.0,1.0,1.0,1.0,1.0,1.0,0.9999994,1.0,1.0,0.99999994,1.0,1.0,1.0,1.0,0.9804986,1.0,1.0,1.0
GTF2F1_K562,0.99999976,1.0,0.9999999,1.0,0.99999976,0.99999976,0.9999998,0.99999976,0.9999998,1.0,1.0,0.9999929,0.9999999,0.99999994,0.99999994,0.9999999,0.9999999,0.9999999,0.9999845,0.9999997,0.9999995,1.0,0.9999999,0.9999998,1.0,0.9999998,0.9999998,0.9999998,0.9999998,0.99999994,0.9999998,0.99999976,0.9999998,0.9999998,0.9999889,0.9999894,0.9999998,0.99999994,1.0,0.99999976,0.99999994,0.9999999,0.9999997,0.9999998,0.9999999,0.9999999,1.0,0.99999994,1.0,0.9999997,0.99999994,0.99999976,0.99999976,0.9999998,0.9999998,0.9999999,0.73092896,0.9999998,0.9999998,0.99999976,0.9999999,0.99999994,0.9999998,0.99999964,0.99999994,0.9999998,0.9999999,0.99999976,0.9999998,0.9999998,0.99999994,0.9999998,1.0,0.99999976,0.9999998,0.99999994,0.9999999,0.99999976,0.9999997,0.9999998,0.99999917,0.9999998,0.9999998,0.99999774,0.99999994,0.99999994,0.9999999,0.99999994,0.99999994,0.99998844,1.0,0.9999999,0.99999994,1.0,0.9999999,0.99999964,0.9999999,0.9967263,0.9999999,0.99999976,0.99999964,0.99924535,0.99881977,0.9999999,0.9999999,0.5503695,0.9999999,0.99999976,0.9999998,0.9999999,0.9999997,0.9999998,0.999999,1.0,0.99999976,1.0,0.9999999,0.9999998,0.99999994,0.99999994,0.9999998,0.99999976,0.9999999,0.9999998,0.99999934,0.99999994,0.9999999,0.9999998,0.9999992,0.99999994,0.9999999,0.9999999,0.9999998,0.9999998,0.9999999,0.99999976,0.99999994,0.9999998,0.9999999,0.9999999,0.9999999,0.9999998,0.99999994,0.9999998,0.9999994,0.9999999,0.9999998,0.9999999,1.0,0.99999994,0.9999998,0.9999999,0.9999937,0.9976576,0.9999998,0.99999994,0.9999997,0.9999999,0.99999976,0.9999998,0.9999999,0.99999994,1.0,0.9999999,0.99999934,0.9999998,0.9999999,0.9999997,0.9999998,1.0,0.99999994,0.99999994,0.9999998,0.99999994,0.9999999,0.9999995,0.9999998,0.99999994,0.99999946,0.9999998,0.99999994,0.9999999,0.99999994,0.9999998,1.0,0.9999998,0.99999994,0.9999998,0.9999999,0.99999976,0.9999998,0.9999998,0.9999997,0.9999997,0.9999994,0.9999998,0.9999997,1.0,1.0,0.9999998,0.9999999,0.99999905,0.9999998,0.9999998,0.9999998,0.9999998,0.9999998,0.9999999,0.9999998,0.9999997,0.9999998,0.9999999,0.9999997,0.9999999,0.99999994,0.99999994,0.9999999,0.9999999,0.99999994,0.98061013,0.99999994,0.9999998,0.9999998
HLTF_HepG2,1.0,0.99999994,1.0,0.9999998,1.0,1.0,1.0,1.0,1.0,0.99999976,0.9999999,0.9999952,1.0,0.99999994,0.99999994,1.0,1.0,1.0,0.9999806,1.0,0.99999994,0.9999998,1.0,1.0,0.99999964,1.0,1.0,1.0,1.0,0.9999996,1.0,1.0,1.0,1.0,0.9999918,0.9999862,1.0,0.99999994,0.99999964,1.0,1.0,1.0,1.0,1.0,1.0,1.0,0.9999999,0.99999994,0.99999994,1.0,0.99999994,1.0,1.0,1.0,1.0,1.0,0.73048234,1.0,1.0,1.0,1.0,0.99999994,1.0,0.99999887,0.99999994,1.0,1.0,1.0,1.0,1.0,1.0,1.0,0.99999976,1.0,1.0,0.99999994,1.0,1.0,1.0,1.0,0.99999803,1.0,1.0,0.9999989,1.0,0.99999994,1.0,0.99999994,0.99999946,0.99999136,0.9999998,1.0,0.99999994,0.99999976,1.0,1.0,1.0,0.99677896,1.0,1.0,1.0,0.99927056,0.99878776,1.0,1.0,0.55091566,1.0,1.0,1.0,1.0,1.0,1.0,0.9999997,0.9999999,1.0,0.9999999,1.0,1.0,0.99999994,0.99999994,1.0,1.0,1.0,1.0,0.9999999,0.99999994,1.0,1.0,0.99999815,1.0,1.0,1.0,1.0,1.0,1.0,1.0,0.99999994,1.0,1.0,1.0,0.9999994,1.0,1.0,1.0,0.9999999,1.0,1.0,1.0,0.9999998,0.99999994,1.0,1.0,0.9999958,0.99761266,1.0,0.99999994,1.0,0.9999993,1.0,0.99999917,1.0,0.99999994,0.9999999,1.0,0.9999999,1.0,1.0,1.0,1.0,0.99999976,0.99999994,0.99999994,1.0,0.99999994,1.0,0.99999994,1.0,0.99999994,0.99999994,1.0,1.0,1.0,0.99999994,1.0,0.9999999,1.0,0.99999994,1.0,1.0,1.0,1.0,1.0,1.0,1.0,0.9999999,1.0,1.0,0.9999999,0.99999976,1.0,1.0,0.99999976,1.0,1.0,1.0,1.0,1.0,1.0,1.0,1.0,1.0,0.99999934,1.0,1.0,0.99999994,0.99999994,1.0,1.0,0.99999994,0.98048174,0.99999994,1.0,1.0
HLTF_K562,1.0,0.99999994,1.0,0.9999999,1.0,1.0,1.0,1.0,1.0,0.9999998,0.99999994,0.9999949,1.0,0.99999994,1.0,1.0,1.0,1.0,0.9999812,1.0,0.9999999,0.9999999,1.0,1.0,0.9999997,1.0,1.0,1.0,1.0,0.99999964,1.0,1.0,1.0,1.0,0.99999136,0.99998665,1.0,0.99999994,0.99999976,1.0,1.0,1.0,1.0,1.0,1.0,1.0,0.9999999,1.0,0.99999994,1.0,1.0,1.0,1.0,1.0,1.0,1.0,0.7305461,1.0,1.0,1.0,1.0,1.0,1.0,0.999999,1.0,1.0,1.0,1.0,1.0,1.0,1.0,1.0,0.9999998,1.0,1.0,1.0,1.0,1.0,1.0,1.0,0.9999983,1.0,1.0,0.99999875,1.0,1.0,1.0,1.0,0.9999995,0.999991,0.9999999,1.0,1.0,0.9999998,1.0,0.99999994,1.0,0.99677145,1.0,1.0,0.99999994,0.999267,0.99879235,1.0,1.0,0.5508377,1.0,1.0,1.0,1.0,1.0,1.0,0.99999964,0.99999994,1.0,0.99999994,1.0,1.0,1.0,1.0,1.0,1.0,1.0,1.0,0.9999998,1.0,1.0,1.0,0.99999833,1.0,1.0,1.0,1.0,1.0,1.0,1.0,1.0,1.0,1.0,1.0,0.99999946,1.0,1.0,1.0,0.9999999,1.0,1.0,1.0,0.9999999,0.99999994,1.0,1.0,0.9999955,0.9976191,1.0,0.99999994,1.0,0.9999994,1.0,0.9999993,1.0,0.99999994,0.99999994,1.0,0.9999998,1.0,1.0,1.0,1.0,0.9999998,1.0,0.99999994,1.0,0.99999994,1.0,0.99999994,1.0,1.0,0.9999999,1.0,1.0,1.0,0.99999994,1.0,0.99999994,1.0,1.0,1.0,1.0,1.0,1.0,1.0,1.0,1.0,0.9999999,1.0,1.0,0.9999999,0.9999998,1.0,1.0,0.99999964,1.0,1.0,1.0,1.0,1.0,1.0,1.0,1.0,1.0,0.9999994,1.0,1.0,0.99999994,1.0,1.0,1.0,1.0,0.9805001,1.0,1.0,1.0
HNRNPA1_HepG2,0.99999994,1.0,1.0,0.99999994,0.99999994,0.99999994,0.99999994,0.99999994,0.99999994,0.99999994,1.0,0.99999416,1.0,1.0,1.0,1.0,1.0,1.0,0.9999825,0.99999994,0.99999976,0.99999994,1.0,0.99999994,0.9999999,0.99999994,1.0,1.0,1.0,0.9999998,0.99999994,0.99999994,0.99999994,1.0,0.99999046,0.9999877,0.99999994,1.0,0.9999999,0.99999994,1.0,1.0,0.99999994,1.0,1.0,1.0,1.0,1.0,1.0,0.99999994,1.0,0.99999994,0.99999994,0.99999994,0.99999994,1.0,0.7306927,0.99999994,0.99999994,0.99999994,1.0,1.0,1.0,0.9999993,1.0,0.99999994,1.0,0.99999994,0.99999994,1.0,1.0,1.0,0.99999994,0.99999994,1.0,1.0,1.0,0.99999994,0.99999994,1.0,0.9999986,0.99999994,0.99999994,0.9999984,1.0,1.0,1.0,1.0,0.9999997,0.99999005,0.99999994,1.0,1.0,0.99999994,1.0,0.9999999,1.0,0.9967542,1.0,0.99999994,0.9999999,0.99925876,0.9988029,1.0,1.0,0.55065846,1.0,0.99999994,0.99999994,1.0,0.99999994,0.99999994,0.99999946,1.0,0.99999994,1.0,1.0,1.0,1.0,1.0,0.99999994,0.99999994,1.0,0.99999994,0.9999997,1.0,1.0,0.99999994,0.9999987,1.0,1.0,1.0,0.99999994,0.99999994,1.0,0.99999994,1.0,1.0,1.0,1.0,0.9999997,0.99999994,1.0,0.99999994,0.9999997,1.0,1.0,1.0,0.99999994,1.0,1.0,1.0,0.9999949,0.9976339,1.0,1.0,0.9999999,0.9999996,0.99999994,0.9999995,1.0,1.0,1.0,1.0,0.9999997,0.99999994,1.0,0.99999994,0.99999994,0.99999994,1.0,1.0,0.99999994,1.0,1.0,0.9999998,0.99999994,1.0,0.99999976,0.99999994,1.0,1.0,1.0,1.0,1.0,1.0,1.0,1.0,1.0,0.99999994,0.99999994,0.99999994,0.9999999,0.99999994,0.9999997,1.0,0.99999994,1.0,0.99999994,1.0,1.0,0.99999946,1.0,1.0,1.0,1.0,1.0,1.0,1.0,0.99999994,0.99999994,0.99999964,0.9999999,1.0,1.0,1.0,1.0,1.0,1.0,0.98054224,1.0,1.0,0.99999994
HNRNPA1_K562,1.0,1.0,1.0,0.99999994,1.0,0.99999994,1.0,0.99999994,1.0,0.9999999,0.99999994,0.9999945,1.0,1.0,1.0,1.0,1.0,1.0,0.9999819,0.99999994,0.9999998,0.99999994,1.0,1.0,0.9999998,1.0,1.0,1.0,1.0,0.99999976,1.0,1.0,1.0,1.0,0.9999909,0.99998724,1.0,1.0,0.9999998,0.99999994,1.0,1.0,0.99999994,1.0,1.0,1.0,0.99999994,1.0,1.0,0.99999994,1.0,1.0,1.0,1.0,1.0,1.0,0.7306254,1.0,1.0,1.0,1.0,1.0,1.0,0.99999917,1.0,1.0,1.0,0.99999994,1.0,1.0,1.0,1.0,0.9999999,1.0,1.0,1.0,1.0,1.0,0.99999994,1.0,0.99999845,1.0,1.0,0.99999857,1.0,1.0,1.0,1.0,0.99999964,0.99999046,0.99999994,1.0,1.0,0.9999999,1.0,0.99999994,1.0,0.99676216,1.0,1.0,0.99999994,0.9992625,0.9987981,1.0,1.0,0.5507408,1.0,0.99999994,1.0,1.0,0.99999994,1.0,0.9999995,0.99999994,0.99999994,0.99999994,1.0,1.0,1.0,1.0,1.0,1.0,1.0,1.0,0.99999976,1.0,1.0,1.0,0.99999857,1.0,1.0,1.0,1.0,1.0,1.0,0.99999994,1.0,1.0,1.0,1.0,0.9999996,1.0,1.0,1.0,0.99999976,1.0,1.0,1.0,0.99999994,1.0,1.0,1.0,0.9999952,0.9976271,1.0,1.0,0.99999994,0.9999995,1.0,0.9999994,1.0,1.0,0.99999994,1.0,0.99999976,1.0,1.0,0.99999994,1.0,0.9999999,1.0,1.0,1.0,1.0,1.0,0.9999999,1.0,1.0,0.9999998,1.0,1.0,1.0,1.0,1.0,1.0,1.0,1.0,1.0,1.0,1.0,1.0,1.0,0.99999994,0.99999994,0.9999998,1.0,0.99999994,0.99999994,0.9999999,1.0,1.0,0.9999996,1.0,1.0,1.0,1.0,1.0,1.0,1.0,0.99999994,1.0,0.9999995,0.99999994,1.0,1.0,1.0,1.0,1.0,1.0,0.9805229,1.0,1.0,1.0
HNRNPC_HepG2,1.0,0.99999994,1.0,0.9999998,1.0,1.0,1.0,1.0,1.0,0.99999976,0.9999999,0.9999952,1.0,0.99999994,0.99999994,1.0,1.0,1.0,0.9999806,1.0,0.99999994,0.9999998,1.0,1.0,0.99999964,1.0,1.0,1.0,1.0,0.9999996,1.0,1.0,1.0,1.0,0.9999918,0.9999862,1.0,0.99999994,0.99999964,1.0,1.0,1.0,1.0,1.0,1.0,1.0,0.9999999,0.99999994,0.99999994,1.0,0.99999994,1.0,1.0,1.0,1.0,1.0,0.730483,1.0,1.0,1.0,1.0,0.99999994,1.0,0.99999887,0.99999994,1.0,1.0,1.0,1.0,1.0,1.0,1.0,0.99999976,1.0,1.0,0.99999994,1.0,1.0,1.0,1.0,0.9999981,1.0,1.0,0.9999989,1.0,0.99999994,1.0,0.99999994,0.99999946,0.99999136,0.9999998,1.0,0.99999994,0.99999976,1.0,1.0,1.0,0.9967789,1.0,1.0,1.0,0.9992705,0.9987878,1.0,1.0,0.5509148,1.0,1.0,1.0,1.0,1.0,1.0,0.9999997,0.9999999,1.0,0.9999999,1.0,1.0,0.99999994,0.99999994,1.0,1.0,1.0,1.0,0.9999999,0.99999994,1.0,1.0,0.99999815,1.0,1.0,1.0,1.0,1.0,1.0,1.0,0.99999994,1.0,1.0,1.0,0.9999994,1.0,1.0,1.0,0.9999999,1.0,1.0,1.0,0.9999998,0.99999994,1.0,1.0,0.9999958,0.9976127,1.0,0.99999994,1.0,0.9999993,1.0,0.99999917,1.0,0.99999994,0.9999999,1.0,0.9999999,1.0,1.0,1.0,1.0,0.99999976,0.99999994,0.99999994,1.0,0.99999994,1.0,0.99999994,1.0,0.99999994,0.99999994,1.0,1.0,1.0,0.99999994,1.0,0.9999999,1.0,0.99999994,1.0,1.0,1.0,1.0,1.0,1.0,1.0,0.9999999,1.0,1.0,0.9999999,0.99999976,1.0,1.0,0.99999976,1.0,1.0,1.0,1.0,1.0,1.0,1.0,1.0,1.0,0.99999934,1.0,1.0,0.99999994,1.0,1.0,1.0,0.99999994,0.9804819,0.99999994,1.0,1.0
HNRNPC_K562,1.0,0.9999999,0.99999994,0.99999976,1.0,1.0,1.0,1.0,1.0,0.99999964,0.9999998,0.99999547,0.99999994,0.9999999,0.99999994,1.0,0.99999994,0.99999994,0.99998,1.0,1.0,0.99999976,0.99999994,1.0,0.9999995,1.0,1.0,1.0,1.0,0.99999946,1.0,1.0,1.0,1.0,0.9999922,0.99998564,1.0,0.9999999,0.9999996,1.0,0.99999994,1.0,1.0,1.0,0.99999994,0.99999994,0.9999998,0.99999994,0.9999999,1.0,0.99999994,1.0,1.0,1.0,1.0,1.0,0.7304105,1.0,1.0,1.0,0.99999994,0.99999994,1.0,0.9999987,0.99999994,1.0,0.99999994,1.0,1.0,1.0,0.99999994,1.0,0.9999997,1.0,1.0,0.99999994,0.99999994,1.0,1.0,1.0,0.99999785,1.0,1.0,0.99999905,0.99999994,0.99999994,0.99999994,0.99999994,0.99999934,0.9999918,0.9999997,1.0,0.99999994,0.9999997,0.99999994,1.0,0.99999994,0.99678737,1.0,1.0,1.0,0.99927455,0.99878263,0.99999994,0.99999994,0.5510034,0.99999994,1.0,1.0,1.0,1.0,1.0,0.99999976,0.9999998,1.0,0.9999998,1.0,1.0,0.99999994,0.99999994,1.0,1.0,0.99999994,1.0,0.99999994,0.99999994,0.99999994,1.0,0.999998,0.99999994,0.99999994,0.99999994,1.0,1.0,0.99999994,1.0,0.99999994,1.0,1.0,0.99999994,0.9999993,1.0,0.99999994,1.0,0.99999994,0.99999994,1.0,0.99999994,0.99999976,0.9999999,1.0,0.99999994,0.9999961,0.9976054,1.0,0.9999999,1.0,0.99999917,1.0,0.99999905,1.0,0.9999999,0.9999998,1.0,0.99999994,1.0,1.0,1.0,1.0,0.9999997,0.99999994,0.9999999,1.0,0.9999999,1.0,1.0,1.0,0.9999999,0.99999994,1.0,0.99999994,0.99999994,0.9999999,1.0,0.9999998,1.0,0.99999994,1.0,0.99999994,1.0,1.0,1.0,1.0,1.0,0.99999994,1.0,1.0,0.9999998,0.9999997,1.0,0.99999994,0.9999998,1.0,1.0,1.0,1.0,1.0,0.99999994,1.0,1.0,1.0,0.9999992,1.0,0.99999994,0.9999999,0.99999994,0.99999994,1.0,0.9999999,0.98046106,0.99999994,1.0,1.0
HNRNPK_HepG2,1.0,0.99999994,1.0,0.9999999,1.0,1.0,1.0,1.0,1.0,0.9999998,0.99999994,0.9999949,1.0,0.99999994,1.0,1.0,1.0,1.0,0.9999812,1.0,0.9999999,0.9999999,1.0,1.0,0.9999997,1.0,1.0,1.0,1.0,0.99999964,1.0,1.0,1.0,1.0,0.99999136,0.9999867,1.0,0.99999994,0.99999976,1.0,1.0,1.0,1.0,1.0,1.0,1.0,0.9999999,1.0,0.99999994,1.0,1.0,1.0,1.0,1.0,1.0,1.0,0.7305488,1.0,1.0,1.0,1.0,1.0,1.0,0.999999,1.0,1.0,1.0,1.0,1.0,1.0,1.0,1.0,0.9999998,1.0,1.0,1.0,1.0,1.0,1.0,1.0,0.9999983,1.0,1.0,0.99999875,1.0,1.0,1.0,1.0,0.9999996,0.99999094,0.9999999,1.0,1.0,0.9999998,1.0,0.99999994,1.0,0.99677116,1.0,1.0,0.99999994,0.9992668,0.9987926,1.0,1.0,0.5508344,1.0,1.0,1.0,1.0,1.0,1.0,0.99999964,0.99999994,1.0,0.99999994,1.0,1.0,1.0,1.0,1.0,1.0,1.0,1.0,0.9999998,1.0,1.0,1.0,0.99999833,1.0,1.0,1.0,1.0,1.0,1.0,1.0,1.0,1.0,1.0,1.0,0.99999946,1.0,1.0,1.0,0.9999999,1.0,1.0,1.0,0.9999999,0.99999994,1.0,1.0,0.9999955,0.99761933,1.0,0.99999994,1.0,0.9999994,1.0,0.9999993,1.0,0.99999994,0.99999994,1.0,0.9999998,1.0,1.0,1.0,1.0,0.9999998,1.0,0.99999994,1.0,1.0,1.0,0.99999994,1.0,1.0,0.9999999,1.0,1.0,1.0,0.99999994,1.0,0.99999994,1.0,1.0,1.0,1.0,1.0,1.0,1.0,1.0,1.0,0.9999999,1.0,1.0,0.9999999,0.9999998,1.0,1.0,0.99999964,1.0,1.0,1.0,1.0,1.0,1.0,1.0,1.0,1.0,0.99999946,1.0,1.0,0.99999994,1.0,1.0,1.0,1.0,0.9805009,1.0,1.0,1.0
HNRNPK_K562,0.9999981,0.9999988,0.99999845,0.999999,0.99999803,0.999998,0.99999815,0.9999979,0.99999815,0.9999992,0.9999989,0.9999871,0.99999833,0.9999987,0.9999985,0.99999833,0.99999845,0.9999984,0.99999094,0.99999785,0.9999973,0.9999991,0.99999833,0.99999815,0.99999934,0.9999981,0.9999982,0.9999982,0.9999982,0.99999946,0.99999815,0.999998,0.9999981,0.9999983,0.9999818,0.9999946,0.9999981,0.9999987,0.99999934,0.999998,0.9999985,0.99999833,0.9999979,0.9999982,0.9999985,0.99999833,0.999999,0.9999986,0.9999988,0.99999785,0.9999986,0.99999803,0.99999803,0.99999815,0.99999815,0.99999833,0.7318253,0.99999815,0.9999981,0.99999803,0.99999833,0.99999857,0.9999982,0.9999999,0.99999857,0.9999982,0.9999984,0.999998,0.99999815,0.9999983,0.9999985,0.9999982,0.99999917,0.99999803,0.9999983,0.9999986,0.99999845,0.9999981,0.99999785,0.9999983,1.0,0.9999981,0.99999815,0.99999404,0.9999985,0.9999985,0.9999984,0.9999986,0.9999996,0.9999813,0.9999991,0.9999983,0.9999985,0.9999991,0.99999845,0.99999774,0.99999833,0.99661916,0.9999983,0.9999981,0.9999977,0.99919343,0.9988828,0.99999833,0.99999845,0.5492717,0.99999845,0.999998,0.99999815,0.99999833,0.9999979,0.9999981,0.9999963,0.9999989,0.999998,0.99999887,0.9999983,0.9999983,0.9999986,0.99999857,0.9999981,0.9999981,0.9999984,0.9999981,0.99999696,0.99999857,0.99999845,0.9999981,1.0,0.9999985,0.9999984,0.9999984,0.9999981,0.99999815,0.99999833,0.9999979,0.9999985,0.9999982,0.99999833,0.99999845,0.99999964,0.9999981,0.9999985,0.99999815,0.9999971,0.9999984,0.9999982,0.99999845,0.99999905,0.99999875,0.9999983,0.9999984,0.9999882,0.99774665,0.9999983,0.99999875,0.9999978,0.9999997,0.99999803,0.99999976,0.99999833,0.99999875,0.99999887,0.9999983,0.99999696,0.99999815,0.99999833,0.99999785,0.9999981,0.9999991,0.99999857,0.9999987,0.99999815,0.9999987,0.9999983,0.9999974,0.9999981,0.9999986,0.99999726,0.9999982,0.9999985,0.9999984,0.99999875,0.9999983,0.99999887,0.9999982,0.9999986,0.9999982,0.9999985,0.9999981,0.9999981,0.9999981,0.9999978,0.9999979,0.99999714,0.9999982,0.99999785,0.9999989,0.9999992,0.9999982,0.99999845,0.99999636,0.9999982,0.9999982,0.9999982,0.9999982,0.9999982,0.99999833,0.9999983,0.99999785,0.9999981,0.9999997,0.9999978,0.99999833,0.9999987,0.9999985,0.99999845,0.99999833,0.9999986,0.98086685,0.99999857,0.9999982,0.99999815
HNRNPL_HepG2,1.0,0.99999994,1.0,0.9999998,1.0,1.0,1.0,1.0,1.0,0.99999976,0.9999999,0.9999952,1.0,0.99999994,1.0,1.0,1.0,1.0,0.9999807,1.0,0.99999994,0.9999998,1.0,1.0,0.99999964,1.0,1.0,1.0,1.0,0.9999996,1.0,1.0,1.0,1.0,0.9999917,0.99998623,1.0,0.99999994,0.9999997,1.0,1.0,1.0,1.0,1.0,1.0,1.0,0.9999999,0.99999994,0.99999994,1.0,0.99999994,1.0,1.0,1.0,1.0,1.0,0.73048985,1.0,1.0,1.0,1.0,0.99999994,1.0,0.99999887,0.99999994,1.0,1.0,1.0,1.0,1.0,1.0,1.0,0.9999998,1.0,1.0,0.99999994,1.0,1.0,1.0,1.0,0.9999981,1.0,1.0,0.99999887,1.0,1.0,1.0,0.99999994,0.99999946,0.9999913,0.9999998,1.0,1.0,0.9999998,1.0,1.0,1.0,0.9967781,1.0,1.0,1.0,0.99927014,0.9987883,1.0,1.0,0.5509065,1.0,1.0,1.0,1.0,1.0,1.0,0.9999997,0.9999999,1.0,0.9999999,1.0,1.0,0.99999994,0.99999994,1.0,1.0,1.0,1.0,0.9999999,0.99999994,1.0,1.0,0.9999982,1.0,1.0,1.0,1.0,1.0,1.0,1.0,1.0,1.0,1.0,1.0,0.9999994,1.0,1.0,1.0,0.9999999,1.0,1.0,1.0,0.9999998,0.99999994,1.0,1.0,0.99999577,0.9976134,1.0,0.99999994,1.0,0.9999993,1.0,0.99999917,1.0,0.99999994,0.9999999,1.0,0.9999999,1.0,1.0,1.0,1.0,0.9999998,0.99999994,0.99999994,1.0,0.99999994,1.0,0.99999994,1.0,0.99999994,0.99999994,1.0,1.0,1.0,0.99999994,1.0,0.9999999,1.0,0.99999994,1.0,1.0,1.0,1.0,1.0,1.0,1.0,0.9999999,1.0,1.0,0.9999999,0.99999976,1.0,1.0,0.99999976,1.0,1.0,1.0,1.0,1.0,1.0,1.0,1.0,1.0,0.99999934,1.0,1.0,0.99999994,1.0,1.0,1.0,0.99999994,0.9804839,0.99999994,1.0,1.0
HNRNPL_K562,1.0,0.99999994,1.0,0.9999999,1.0,1.0,1.0,1.0,1.0,0.99999976,0.9999999,0.99999505,1.0,0.99999994,1.0,1.0,1.0,1.0,0.99998087,1.0,0.99999994,0.9999998,1.0,1.0,0.9999997,1.0,1.0,1.0,1.0,0.9999996,1.0,1.0,1.0,1.0,0.9999916,0.99998635,1.0,0.99999994,0.9999997,1.0,1.0,1.0,1.0,1.0,1.0,1.0,0.9999999,0.99999994,0.99999994,1.0,0.99999994,1.0,1.0,1.0,1.0,1.0,0.73050755,1.0,1.0,1.0,1.0,1.0,1.0,0.9999989,1.0,1.0,1.0,1.0,1.0,1.0,1.0,1.0,0.9999998,1.0,1.0,0.99999994,1.0,1.0,1.0,1.0,0.99999815,1.0,1.0,0.99999887,1.0,1.0,1.0,0.99999994,0.9999995,0.99999124,0.9999998,1.0,1.0,0.9999998,1.0,1.0,1.0,0.996776,1.0,1.0,1.0,0.9992691,0.9987896,1.0,1.0,0.5508848,1.0,1.0,1.0,1.0,1.0,1.0,0.9999997,0.9999999,1.0,0.9999999,1.0,1.0,0.99999994,1.0,1.0,1.0,1.0,1.0,0.9999999,1.0,1.0,1.0,0.9999983,1.0,1.0,1.0,1.0,1.0,1.0,1.0,1.0,1.0,1.0,1.0,0.9999994,1.0,1.0,1.0,0.9999999,1.0,1.0,1.0,0.9999998,0.99999994,1.0,1.0,0.9999957,0.9976152,1.0,0.99999994,1.0,0.99999934,1.0,0.9999992,1.0,0.99999994,0.9999999,1.0,0.9999999,1.0,1.0,1.0,1.0,0.9999998,0.99999994,0.99999994,1.0,0.99999994,1.0,0.99999994,1.0,0.99999994,0.99999994,1.0,1.0,1.0,0.99999994,1.0,0.99999994,1.0,0.99999994,1.0,1.0,1.0,1.0,1.0,1.0,1.0,0.9999999,1.0,1.0,0.9999999,0.99999976,1.0,1.0,0.9999997,1.0,1.0,1.0,1.0,1.0,1.0,1.0,1.0,1.0,0.99999934,1.0,1.0,0.99999994,1.0,1.0,1.0,0.99999994,0.980489,1.0,1.0,1.0
HNRNPM_HepG2,0.99999887,0.9999982,0.99999857,0.9999979,0.9999989,0.9999989,0.9999988,0.999999,0.9999988,0.99999756,0.99999803,0.9999987,0.9999987,0.9999983,0.9999985,0.9999987,0.99999857,0.9999986,0.9999703,0.99999905,0.99999934,0.9999978,0.9999987,0.9999988,0.9999973,0.99999887,0.9999988,0.9999988,0.9999988,0.9999971,0.9999988,0.9999989,0.99999887,0.99999875,0.99999666,0.9999773,0.99999887,0.99999833,0.9999973,0.999999,0.9999985,0.9999987,0.99999905,0.99999875,0.9999985,0.9999987,0.999998,0.9999984,0.9999982,0.99999905,0.9999984,0.9999989,0.9999989,0.9999988,0.99999887,0.9999987,0.7294685,0.9999988,0.99999887,0.9999989,0.9999987,0.99999845,0.9999988,0.9999955,0.99999845,0.9999988,0.9999986,0.9999989,0.9999988,0.99999875,0.9999985,0.99999875,0.99999774,0.9999989,0.99999875,0.9999984,0.99999857,0.9999989,0.99999905,0.99999875,0.99999404,0.99999887,0.99999887,1.0,0.9999985,0.9999985,0.9999986,0.9999984,0.99999684,0.9999964,0.9999978,0.99999875,0.9999985,0.99999774,0.99999857,0.9999991,0.9999987,0.9968968,0.99999875,0.99999887,0.99999917,0.9993261,0.9987137,0.9999987,0.99999857,0.55215293,0.99999857,0.999999,0.99999887,0.9999987,0.99999905,0.99999887,0.99999976,0.99999803,0.999999,0.9999981,0.99999875,0.99999875,0.9999984,0.99999845,0.99999887,0.99999887,0.9999986,0.99999887,0.9999995,0.99999845,0.99999857,0.99999887,0.9999942,0.9999985,0.9999986,0.9999986,0.99999887,0.99999887,0.9999987,0.999999,0.9999985,0.9999988,0.9999987,0.99999857,0.99999666,0.99999887,0.9999985,0.9999988,0.99999946,0.9999986,0.9999988,0.99999857,0.99999785,0.9999982,0.99999875,0.9999986,0.999999,0.9975091,0.99999875,0.9999982,0.99999905,0.9999964,0.9999989,0.9999961,0.9999987,0.9999983,0.9999981,0.9999987,0.9999995,0.9999988,0.9999987,0.99999905,0.99999887,0.99999774,0.99999845,0.99999833,0.99999887,0.99999833,0.9999987,0.99999934,0.99999887,0.9999984,0.9999994,0.9999988,0.9999985,0.9999986,0.9999983,0.99999875,0.99999815,0.99999875,0.9999984,0.9999988,0.9999985,0.99999887,0.99999887,0.99999887,0.9999991,0.999999,0.99999946,0.9999988,0.99999905,0.999998,0.9999976,0.99999875,0.99999857,0.9999997,0.99999875,0.99999875,0.9999988,0.9999988,0.9999988,0.9999987,0.99999875,0.99999905,0.99999887,0.9999965,0.9999991,0.9999987,0.99999833,0.9999985,0.99999857,0.9999987,0.9999984,0.980189,0.99999845,0.9999988,0.99999887
HNRNPM_K562,1.0,1.0,1.0,0.99999994,1.0,0.99999994,1.0,0.99999994,1.0,0.9999999,0.99999994,0.9999944,1.0,1.0,1.0,1.0,1.0,1.0,0.99998206,0.99999994,0.9999998,0.99999994,1.0,1.0,0.9999998,1.0,1.0,1.0,1.0,0.99999976,1.0,0.99999994,1.0,1.0,0.99999076,0.99998736,1.0,1.0,0.9999998,0.99999994,1.0,1.0,0.99999994,1.0,1.0,1.0,0.99999994,1.0,1.0,0.99999994,1.0,0.99999994,0.99999994,1.0,1.0,1.0,0.73064375,1.0,1.0,1.0,1.0,1.0,1.0,0.99999917,1.0,1.0,1.0,0.99999994,1.0,1.0,1.0,1.0,0.99999994,1.0,1.0,1.0,1.0,1.0,0.99999994,1.0,0.9999985,1.0,1.0,0.9999985,1.0,1.0,1.0,1.0,0.9999997,0.99999034,0.99999994,1.0,1.0,0.99999994,1.0,0.99999994,1.0,0.99675995,1.0,1.0,0.99999994,0.9992615,0.9987994,1.0,1.0,0.55071837,1.0,0.99999994,1.0,1.0,0.99999994,1.0,0.9999995,0.99999994,0.99999994,1.0,1.0,1.0,1.0,1.0,1.0,1.0,1.0,1.0,0.99999976,1.0,1.0,1.0,0.99999857,1.0,1.0,1.0,1.0,1.0,1.0,0.99999994,1.0,1.0,1.0,1.0,0.99999964,1.0,1.0,1.0,0.99999976,1.0,1.0,1.0,0.99999994,1.0,1.0,1.0,0.9999951,0.9976289,1.0,1.0,0.99999994,0.9999995,1.0,0.99999946,1.0,1.0,1.0,1.0,0.9999997,1.0,1.0,0.99999994,1.0,0.99999994,1.0,1.0,1.0,1.0,1.0,0.9999998,1.0,1.0,0.9999998,1.0,1.0,1.0,1.0,1.0,1.0,1.0,1.0,1.0,1.0,1.0,1.0,1.0,0.99999994,0.99999994,0.99999976,1.0,0.99999994,0.99999994,0.9999999,1.0,1.0,0.9999995,1.0,1.0,1.0,1.0,1.0,1.0,1.0,0.99999994,1.0,0.9999996,0.99999994,1.0,1.0,1.0,1.0,1.0,1.0,0.9805282,1.0,1.0,1.0
HNRNPU_HepG2,0.99999994,1.0,1.0,0.99999994,0.99999994,0.99999994,1.0,0.99999994,1.0,0.9999999,1.0,0.99999434,1.0,1.0,1.0,1.0,1.0,1.0,0.9999822,0.99999994,0.9999998,0.99999994,1.0,1.0,0.9999998,0.99999994,1.0,1.0,1.0,0.99999976,1.0,0.99999994,1.0,1.0,0.9999907,0.9999875,1.0,1.0,0.9999998,0.99999994,1.0,1.0,0.99999994,1.0,1.0,1.0,0.99999994,1.0,1.0,0.99999994,1.0,0.99999994,0.99999994,1.0,1.0,1.0,0.73065585,1.0,1.0,0.99999994,1.0,1.0,1.0,0.9999992,1.0,1.0,1.0,0.99999994,1.0,1.0,1.0,1.0,0.99999994,0.99999994,1.0,1.0,1.0,0.99999994,0.99999994,1.0,0.9999985,1.0,1.0,0.9999985,1.0,1.0,1.0,1.0,0.9999997,0.9999903,0.99999994,1.0,1.0,0.99999994,1.0,0.99999994,1.0,0.9967585,1.0,0.99999994,0.9999999,0.9992608,0.9988003,1.0,1.0,0.5507035,1.0,0.99999994,1.0,1.0,0.99999994,1.0,0.99999946,1.0,0.99999994,1.0,1.0,1.0,1.0,1.0,1.0,0.99999994,1.0,1.0,0.9999997,1.0,1.0,1.0,0.9999986,1.0,1.0,1.0,1.0,1.0,1.0,0.99999994,1.0,1.0,1.0,1.0,0.99999964,1.0,1.0,1.0,0.99999976,1.0,1.0,1.0,0.99999994,1.0,1.0,1.0,0.99999505,0.9976302,1.0,1.0,0.99999994,0.9999996,0.99999994,0.99999946,1.0,1.0,1.0,1.0,0.9999997,1.0,1.0,0.99999994,1.0,0.99999994,1.0,1.0,1.0,1.0,1.0,0.9999998,1.0,1.0,0.9999998,1.0,1.0,1.0,1.0,1.0,1.0,1.0,1.0,1.0,1.0,0.99999994,1.0,1.0,0.99999994,0.99999994,0.99999976,1.0,0.99999994,0.99999994,0.9999999,1.0,1.0,0.9999995,1.0,1.0,1.0,1.0,1.0,1.0,1.0,0.99999994,1.0,0.9999996,0.99999994,1.0,1.0,1.0,1.0,1.0,1.0,0.98053163,1.0,1.0,1.0
HNRNPU_K562,1.0,0.99999994,1.0,0.99999994,1.0,1.0,1.0,1.0,1.0,0.9999998,0.99999994,0.99999464,1.0,1.0,1.0,1.0,1.0,1.0,0.99998164,0.99999994,0.9999999,0.9999999,1.0,1.0,0.99999976,1.0,1.0,1.0,1.0,0.9999997,1.0,1.0,1.0,1.0,0.99999106,0.999987,1.0,1.0,0.99999976,1.0,1.0,1.0,0.99999994,1.0,1.0,1.0,0.99999994,1.0,0.99999994,0.99999994,1.0,1.0,1.0,1.0,1.0,1.0,0.7305952,1.0,1.0,1.0,1.0,1.0,1.0,0.9999991,1.0,1.0,1.0,1.0,1.0,1.0,1.0,1.0,0.9999999,1.0,1.0,1.0,1.0,1.0,0.99999994,1.0,0.9999984,1.0,1.0,0.9999986,1.0,1.0,1.0,1.0,0.99999964,0.99999064,0.9999999,1.0,1.0,0.9999999,1.0,0.99999994,1.0,0.9967657,1.0,1.0,0.99999994,0.99926424,0.9987959,1.0,1.0,0.55077773,1.0,1.0,1.0,1.0,0.99999994,1.0,0.9999996,0.99999994,1.0,0.99999994,1.0,1.0,1.0,1.0,1.0,1.0,1.0,1.0,0.99999976,1.0,1.0,1.0,0.99999845,1.0,1.0,1.0,1.0,1.0,1.0,1.0,1.0,1.0,1.0,1.0,0.9999996,1.0,1.0,1.0,0.9999998,1.0,1.0,1.0,0.9999999,1.0,1.0,1.0,0.9999953,0.99762404,1.0,1.0,0.99999994,0.99999946,1.0,0.99999934,1.0,1.0,0.99999994,1.0,0.99999976,1.0,1.0,0.99999994,1.0,0.9999999,1.0,1.0,1.0,1.0,1.0,0.9999999,1.0,1.0,0.9999999,1.0,1.0,1.0,1.0,1.0,0.99999994,1.0,1.0,1.0,1.0,1.0,1.0,1.0,0.99999994,0.99999994,0.9999998,1.0,0.99999994,0.99999994,0.9999999,1.0,1.0,0.9999996,1.0,1.0,1.0,1.0,1.0,1.0,1.0,0.99999994,1.0,0.9999995,0.99999994,1.0,1.0,1.0,1.0,1.0,1.0,0.98051417,1.0,1.0,1.0
HNRNPUL1_HepG2,0.99999994,1.0,1.0,1.0,0.99999994,0.99999994,0.99999994,0.99999994,0.99999994,0.99999994,1.0,0.99999416,1.0,1.0,1.0,1.0,1.0,1.0,0.99998254,0.9999999,0.99999976,0.99999994,1.0,0.99999994,0.9999999,0.99999994,1.0,1.0,0.99999994,0.9999998,0.99999994,0.99999994,0.99999994,1.0,0.9999904,0.9999878,0.99999994,1.0,0.9999999,0.99999994,1.0,1.0,0.99999994,1.0,1.0,1.0,1.0,1.0,1.0,0.99999994,1.0,0.99999994,0.99999994,0.99999994,0.99999994,1.0,0.73069865,0.99999994,0.99999994,0.99999994,1.0,1.0,0.99999994,0.9999993,1.0,0.99999994,1.0,0.99999994,0.99999994,1.0,1.0,1.0,0.99999994,0.99999994,1.0,1.0,1.0,0.99999994,0.99999994,1.0,0.9999986,0.99999994,0.99999994,0.9999984,1.0,1.0,1.0,1.0,0.99999976,0.99999,0.99999994,1.0,1.0,0.99999994,1.0,0.9999999,1.0,0.9967535,1.0,0.99999994,0.9999999,0.9992584,0.9988033,1.0,1.0,0.55065125,1.0,0.99999994,0.99999994,1.0,0.99999994,0.99999994,0.9999994,1.0,0.99999994,1.0,1.0,1.0,1.0,1.0,0.99999994,0.99999994,1.0,0.99999994,0.99999964,1.0,1.0,0.99999994,0.99999875,1.0,1.0,1.0,0.99999994,0.99999994,1.0,0.99999994,1.0,1.0,1.0,1.0,0.9999997,0.99999994,1.0,0.99999994,0.9999997,1.0,0.99999994,1.0,0.99999994,1.0,1.0,1.0,0.9999948,0.9976345,1.0,1.0,0.9999999,0.99999964,0.99999994,0.9999995,1.0,1.0,1.0,1.0,0.99999964,0.99999994,1.0,0.99999994,0.99999994,0.99999994,1.0,1.0,0.99999994,1.0,1.0,0.9999998,0.99999994,1.0,0.99999976,0.99999994,1.0,1.0,1.0,1.0,1.0,1.0,1.0,1.0,1.0,0.99999994,0.99999994,0.99999994,0.9999999,0.99999994,0.9999997,0.99999994,0.9999999,1.0,0.99999994,1.0,1.0,0.99999946,1.0,1.0,1.0,1.0,0.99999994,1.0,1.0,0.99999994,0.99999994,0.99999964,0.9999999,1.0,1.0,1.0,1.0,1.0,1.0,0.980544,1.0,0.99999994,0.99999994
HNRNPUL1_K562,0.99999946,0.9999998,0.99999964,0.9999999,0.99999946,0.9999994,0.9999995,0.9999994,0.9999995,0.99999994,0.9999998,0.9999914,0.9999996,0.99999976,0.9999997,0.9999996,0.99999964,0.99999964,0.9999866,0.99999934,0.99999905,0.9999999,0.9999996,0.9999995,1.0,0.99999946,0.9999995,0.9999995,0.9999995,1.0,0.9999995,0.9999994,0.99999946,0.9999996,0.999987,0.9999911,0.99999946,0.99999976,1.0,0.9999994,0.9999997,0.9999996,0.99999934,0.9999995,0.99999964,0.9999996,0.9999999,0.9999997,0.9999998,0.99999934,0.9999997,0.99999946,0.99999946,0.9999995,0.99999946,0.9999996,0.7311932,0.9999995,0.99999946,0.99999946,0.9999996,0.9999997,0.9999995,0.9999999,0.9999997,0.9999995,0.99999964,0.9999994,0.9999995,0.9999995,0.9999997,0.9999995,0.99999994,0.99999946,0.9999995,0.9999997,0.99999964,0.99999946,0.99999934,0.9999996,0.9999996,0.99999946,0.9999995,0.99999684,0.9999997,0.9999997,0.99999964,0.99999976,1.0,0.9999865,0.99999994,0.9999996,0.9999997,0.99999994,0.99999964,0.9999993,0.9999996,0.9966949,0.9999996,0.99999946,0.9999992,0.9992302,0.9988385,0.9999996,0.99999964,0.55004615,0.99999964,0.9999994,0.99999946,0.9999996,0.99999934,0.99999946,0.9999984,0.9999998,0.9999994,0.9999998,0.9999996,0.9999996,0.9999997,0.9999997,0.99999946,0.99999946,0.99999964,0.99999946,0.9999988,0.9999997,0.99999964,0.99999946,0.99999964,0.9999997,0.99999964,0.99999964,0.99999946,0.99999946,0.9999996,0.9999994,0.9999997,0.9999995,0.9999996,0.99999964,1.0,0.99999946,0.9999997,0.9999995,0.9999989,0.99999964,0.9999995,0.99999964,0.9999999,0.9999998,0.9999995,0.9999996,0.99999225,0.997684,0.9999996,0.9999998,0.99999934,1.0,0.99999946,0.99999994,0.9999996,0.99999976,0.9999998,0.9999996,0.9999988,0.9999995,0.9999996,0.99999934,0.99999946,0.99999994,0.9999997,0.99999976,0.9999995,0.99999976,0.9999996,0.99999905,0.99999946,0.99999976,0.999999,0.9999995,0.9999997,0.99999964,0.99999976,0.9999996,0.9999998,0.9999995,0.9999997,0.9999995,0.99999964,0.99999946,0.99999946,0.99999946,0.9999993,0.99999934,0.9999989,0.9999995,0.99999934,0.9999999,0.99999994,0.9999995,0.99999964,0.99999845,0.9999995,0.9999995,0.9999995,0.9999995,0.9999995,0.9999996,0.9999996,0.99999934,0.99999946,1.0,0.9999993,0.9999996,0.99999976,0.9999997,0.99999964,0.9999996,0.99999976,0.98068595,0.9999997,0.9999995,0.9999995
IGF2BP1_HepG2,0.99999136,0.99998957,0.99999046,0.9999889,0.99999136,0.99999154,0.9999912,0.9999916,0.9999912,0.99998814,0.9999892,0.99999946,0.99999076,0.9999898,0.9999903,0.9999908,0.9999905,0.9999906,0.9999461,0.99999183,0.9999927,0.9999886,0.99999076,0.9999911,0.99998754,0.99999136,0.99999106,0.99999106,0.99999106,0.999987,0.9999912,0.99999154,0.9999913,0.99999094,1.0,0.9999557,0.99999124,0.99998987,0.9999876,0.9999916,0.99999034,0.9999908,0.9999917,0.999991,0.9999904,0.99999076,0.999989,0.99999005,0.99998957,0.9999918,0.9999901,0.9999915,0.9999914,0.9999911,0.99999124,0.9999908,0.7276389,0.9999911,0.99999124,0.99999136,0.99999076,0.99999017,0.99999106,0.99998397,0.9999902,0.9999911,0.99999064,0.99999154,0.9999912,0.99999094,0.9999904,0.999991,0.99998844,0.99999136,0.999991,0.99999005,0.99999046,0.99999136,0.9999918,0.99999094,0.9999813,0.9999913,0.99999124,0.9999964,0.99999034,0.9999903,0.99999064,0.99999,0.9999865,1.0,0.99998856,0.9999909,0.9999903,0.9999885,0.9999904,0.999992,0.99999076,0.9971035,0.9999909,0.99999136,0.99999213,0.9994206,0.9985747,0.9999907,0.9999905,0.5543779,0.9999905,0.9999916,0.99999124,0.9999908,0.9999917,0.9999913,0.9999942,0.9999892,0.9999916,0.99998933,0.9999909,0.99999094,0.99999005,0.9999902,0.9999913,0.99999136,0.9999906,0.9999913,0.9999933,0.9999902,0.9999905,0.9999913,0.9999816,0.99999034,0.99999064,0.9999907,0.9999913,0.99999124,0.99999076,0.99999166,0.9999903,0.99999106,0.9999908,0.9999905,0.9999862,0.9999913,0.99999034,0.9999912,0.9999931,0.9999906,0.9999911,0.99999046,0.99998873,0.9999896,0.999991,0.9999907,0.9999992,0.99731714,0.99999094,0.9999896,0.9999919,0.99998575,0.99999136,0.99998516,0.9999908,0.99998975,0.9999893,0.9999909,0.9999933,0.9999911,0.99999076,0.9999918,0.9999913,0.9999885,0.99999017,0.99998987,0.9999912,0.9999899,0.9999909,0.99999267,0.9999913,0.99999,0.99999285,0.9999911,0.99999034,0.99999064,0.99998975,0.99999094,0.99998945,0.999991,0.99999005,0.99999106,0.9999904,0.99999136,0.9999913,0.9999913,0.9999919,0.9999917,0.9999931,0.9999911,0.99999183,0.9999891,0.9999882,0.999991,0.9999905,0.9999941,0.999991,0.999991,0.99999106,0.99999106,0.99999106,0.99999076,0.99999094,0.9999918,0.9999913,0.9999859,0.99999195,0.99999076,0.99998987,0.99999034,0.99999046,0.9999908,0.99999,0.97965646,0.99999017,0.9999911,0.99999124
IGF2BP1_K562,0.9999998,1.0,0.99999994,1.0,0.9999998,0.99999976,0.9999998,0.99999976,0.9999998,1.0,1.0,0.999993,0.9999999,0.99999994,0.99999994,0.9999999,0.9999999,0.9999999,0.9999843,0.9999997,0.9999995,1.0,0.9999999,0.9999998,1.0,0.9999998,0.9999998,0.9999998,0.9999998,0.99999994,0.9999998,0.99999976,0.9999998,0.9999999,0.99998903,0.9999893,0.9999998,0.99999994,1.0,0.99999976,0.99999994,0.9999999,0.99999976,0.9999999,0.99999994,0.9999999,1.0,0.99999994,1.0,0.99999976,0.99999994,0.99999976,0.9999998,0.9999998,0.9999998,0.9999999,0.7309112,0.9999998,0.9999998,0.9999998,0.9999999,0.99999994,0.9999998,0.9999996,0.99999994,0.9999998,0.9999999,0.99999976,0.9999998,0.9999999,0.99999994,0.9999999,1.0,0.9999998,0.9999999,0.99999994,0.99999994,0.9999998,0.9999997,0.9999999,0.9999991,0.9999998,0.9999998,0.9999978,0.99999994,0.99999994,0.9999999,0.99999994,0.99999994,0.99998856,1.0,0.9999999,0.99999994,1.0,0.99999994,0.9999997,0.9999999,0.99672836,0.9999999,0.9999998,0.99999964,0.99924636,0.9988185,0.9999999,0.99999994,0.55039126,0.9999999,0.99999976,0.9999998,0.9999999,0.99999976,0.9999998,0.99999905,1.0,0.99999976,1.0,0.9999999,0.9999999,0.99999994,0.99999994,0.9999998,0.9999998,0.9999999,0.9999998,0.99999934,0.99999994,0.99999994,0.9999998,0.99999917,0.99999994,0.9999999,0.9999999,0.9999998,0.9999998,0.9999999,0.99999976,0.99999994,0.9999998,0.9999999,0.9999999,0.9999999,0.9999998,0.99999994,0.9999998,0.9999994,0.9999999,0.9999998,0.99999994,1.0,1.0,0.9999999,0.9999999,0.9999938,0.9976558,0.9999999,1.0,0.9999997,0.9999998,0.9999998,0.99999976,0.9999999,0.99999994,1.0,0.9999999,0.99999934,0.9999998,0.9999999,0.9999997,0.9999998,1.0,0.99999994,0.99999994,0.9999998,0.99999994,0.9999999,0.9999995,0.9999998,0.99999994,0.9999995,0.9999998,0.99999994,0.9999999,0.99999994,0.9999999,1.0,0.9999999,0.99999994,0.9999998,0.99999994,0.9999998,0.9999998,0.9999998,0.9999997,0.99999976,0.99999946,0.9999998,0.9999997,1.0,1.0,0.9999998,0.9999999,0.9999991,0.9999999,0.9999999,0.9999998,0.9999998,0.9999998,0.9999999,0.9999999,0.99999976,0.9999998,0.9999999,0.9999997,0.9999999,0.99999994,0.99999994,0.99999994,0.9999999,0.99999994,0.98060507,0.99999994,0.9999998,0.9999998
IGF2BP2_K562,1.0,0.99999994,1.0,0.9999999,1.0,1.0,1.0,1.0,1.0,0.9999998,0.99999994,0.9999948,1.0,0.99999994,1.0,1.0,1.0,1.0,0.99998134,1.0,0.9999999,0.9999999,1.0,1.0,0.99999976,1.0,1.0,1.0,1.0,0.99999964,1.0,1.0,1.0,1.0,0.9999913,0.99998677,1.0,1.0,0.99999976,1.0,1.0,1.0,1.0,1.0,1.0,1.0,0.9999999,1.0,0.99999994,1.0,1.0,1.0,1.0,1.0,1.0,1.0,0.7305602,1.0,1.0,1.0,1.0,1.0,1.0,0.99999905,1.0,1.0,1.0,1.0,1.0,1.0,1.0,1.0,0.9999999,1.0,1.0,1.0,1.0,1.0,1.0,1.0,0.9999983,1.0,1.0,0.99999875,1.0,1.0,1.0,1.0,0.9999996,0.9999909,0.9999999,1.0,1.0,0.9999999,1.0,0.99999994,1.0,0.9967698,1.0,1.0,0.99999994,0.9992662,0.99879336,1.0,1.0,0.55082047,1.0,1.0,1.0,1.0,1.0,1.0,0.99999964,0.99999994,1.0,0.99999994,1.0,1.0,1.0,1.0,1.0,1.0,1.0,1.0,0.9999998,1.0,1.0,1.0,0.9999984,1.0,1.0,1.0,1.0,1.0,1.0,1.0,1.0,1.0,1.0,1.0,0.9999995,1.0,1.0,1.0,0.9999998,1.0,1.0,1.0,0.9999999,0.99999994,1.0,1.0,0.99999547,0.9976205,1.0,0.99999994,1.0,0.9999994,1.0,0.9999993,1.0,0.99999994,0.99999994,1.0,0.9999998,1.0,1.0,1.0,1.0,0.9999999,1.0,1.0,1.0,1.0,1.0,0.9999999,1.0,1.0,0.9999999,1.0,1.0,1.0,0.99999994,1.0,0.99999994,1.0,1.0,1.0,1.0,1.0,1.0,1.0,0.99999994,1.0,0.9999999,1.0,1.0,0.99999994,0.9999998,1.0,1.0,0.99999964,1.0,1.0,1.0,1.0,1.0,1.0,1.0,1.0,1.0,0.99999946,0.99999994,1.0,1.0,1.0,1.0,1.0,1.0,0.98050416,1.0,1.0,1.0
IGF2BP3_HepG2,0.99999994,1.0,1.0,0.99999994,0.99999994,0.99999994,1.0,0.99999994,1.0,0.9999999,1.0,0.9999944,1.0,1.0,1.0,1.0,1.0,1.0,0.9999821,0.99999994,0.9999998,0.99999994,1.0,1.0,0.9999998,1.0,1.0,1.0,1.0,0.99999976,1.0,0.99999994,1.0,1.0,0.9999907,0.9999874,1.0,1.0,0.9999998,0.99999994,1.0,1.0,0.99999994,1.0,1.0,1.0,0.99999994,1.0,1.0,0.99999994,1.0,0.99999994,0.99999994,1.0,1.0,1.0,0.7306518,1.0,1.0,0.99999994,1.0,1.0,1.0,0.9999992,1.0,1.0,1.0,0.99999994,1.0,1.0,1.0,1.0,0.99999994,0.99999994,1.0,1.0,1.0,0.99999994,0.99999994,1.0,0.9999985,1.0,1.0,0.9999985,1.0,1.0,1.0,1.0,0.9999997,0.9999903,0.99999994,1.0,1.0,0.99999994,1.0,0.99999994,1.0,0.996759,1.0,1.0,0.9999999,0.999261,0.9988,1.0,1.0,0.5507085,1.0,0.99999994,1.0,1.0,0.99999994,1.0,0.9999995,1.0,0.99999994,1.0,1.0,1.0,1.0,1.0,1.0,1.0,1.0,1.0,0.9999997,1.0,1.0,1.0,0.9999986,1.0,1.0,1.0,1.0,1.0,1.0,0.99999994,1.0,1.0,1.0,1.0,0.99999964,1.0,1.0,1.0,0.99999976,1.0,1.0,1.0,0.99999994,1.0,1.0,1.0,0.99999505,0.99762976,1.0,1.0,0.99999994,0.9999996,0.99999994,0.99999946,1.0,1.0,1.0,1.0,0.9999997,1.0,1.0,0.99999994,1.0,0.99999994,1.0,1.0,1.0,1.0,1.0,0.9999998,1.0,1.0,0.9999998,1.0,1.0,1.0,1.0,1.0,1.0,1.0,1.0,1.0,1.0,0.99999994,1.0,1.0,0.99999994,0.99999994,0.99999976,1.0,0.99999994,0.99999994,0.9999999,1.0,1.0,0.9999995,1.0,1.0,1.0,1.0,1.0,1.0,1.0,0.99999994,1.0,0.9999996,0.99999994,1.0,1.0,1.0,1.0,1.0,1.0,0.9805305,1.0,1.0,1.0
ILF3_HepG2,0.9999998,1.0,0.9999999,1.0,0.99999976,0.99999976,0.9999998,0.99999976,0.9999998,1.0,1.0,0.99999297,0.9999999,0.99999994,0.99999994,0.9999999,0.9999999,0.9999999,0.99998444,0.9999997,0.9999995,1.0,0.9999999,0.9999998,1.0,0.9999998,0.9999998,0.9999998,0.9999998,0.99999994,0.9999998,0.99999976,0.9999998,0.9999998,0.9999889,0.9999894,0.9999998,0.99999994,1.0,0.99999976,0.99999994,0.9999999,0.9999997,0.9999998,0.99999994,0.9999999,1.0,0.99999994,1.0,0.9999997,0.99999994,0.99999976,0.99999976,0.9999998,0.9999998,0.9999999,0.7309247,0.9999998,0.9999998,0.99999976,0.9999999,0.99999994,0.9999998,0.99999964,0.99999994,0.9999998,0.9999999,0.99999976,0.9999998,0.9999998,0.99999994,0.9999998,1.0,0.99999976,0.9999998,0.99999994,0.9999999,0.99999976,0.9999997,0.9999998,0.9999991,0.9999998,0.9999998,0.99999774,0.99999994,0.99999994,0.9999999,0.99999994,0.99999994,0.9999885,1.0,0.9999999,0.99999994,1.0,0.9999999,0.9999997,0.9999999,0.9967268,0.9999999,0.9999998,0.99999964,0.9992456,0.9988195,0.9999999,0.9999999,0.5503747,0.9999999,0.99999976,0.9999998,0.9999999,0.99999976,0.9999998,0.99999905,1.0,0.99999976,1.0,0.9999999,0.9999999,0.99999994,0.99999994,0.9999998,0.9999998,0.9999999,0.9999998,0.99999934,0.99999994,0.9999999,0.9999998,0.9999992,0.99999994,0.9999999,0.9999999,0.9999998,0.9999998,0.9999999,0.99999976,0.99999994,0.9999998,0.9999999,0.9999999,0.9999999,0.9999998,0.99999994,0.9999998,0.9999994,0.9999999,0.9999998,0.9999999,1.0,0.99999994,0.9999998,0.9999999,0.99999374,0.9976572,0.9999999,0.99999994,0.9999997,0.9999999,0.99999976,0.9999998,0.9999999,0.99999994,1.0,0.9999999,0.99999934,0.9999998,0.9999999,0.9999997,0.9999998,1.0,0.99999994,0.99999994,0.9999998,0.99999994,0.9999999,0.9999995,0.9999998,0.99999994,0.99999946,0.9999998,0.99999994,0.9999999,0.99999994,0.9999999,1.0,0.9999998,0.99999994,0.9999998,0.99999994,0.9999998,0.9999998,0.9999998,0.9999997,0.99999976,0.9999994,0.9999998,0.9999997,1.0,1.0,0.9999998,0.9999999,0.99999905,0.9999998,0.9999998,0.9999998,0.9999998,0.9999998,0.9999999,0.9999999,0.9999997,0.9999998,0.9999999,0.9999997,0.9999999,0.99999994,0.99999994,0.9999999,0.9999999,0.99999994,0.98060894,0.99999994,0.9999998,0.9999998
ILF3_K562,1.0,1.0,1.0,0.99999994,1.0,0.99999994,1.0,0.99999994,1.0,0.9999999,0.99999994,0.99999446,1.0,1.0,1.0,1.0,1.0,1.0,0.999982,0.99999994,0.9999998,0.99999994,1.0,1.0,0.9999998,1.0,1.0,1.0,1.0,0.99999976,1.0,0.99999994,1.0,1.0,0.9999908,0.9999873,1.0,1.0,0.9999998,0.99999994,1.0,1.0,0.99999994,1.0,1.0,1.0,0.99999994,1.0,1.0,0.99999994,1.0,1.0,1.0,1.0,1.0,1.0,0.73063266,1.0,1.0,1.0,1.0,1.0,1.0,0.99999917,1.0,1.0,1.0,0.99999994,1.0,1.0,1.0,1.0,0.9999999,1.0,1.0,1.0,1.0,1.0,0.99999994,1.0,0.99999845,1.0,1.0,0.99999857,1.0,1.0,1.0,1.0,0.99999964,0.9999904,0.99999994,1.0,1.0,0.9999999,1.0,0.99999994,1.0,0.99676126,1.0,1.0,0.99999994,0.9992621,0.9987986,1.0,1.0,0.5507319,1.0,0.99999994,1.0,1.0,0.99999994,1.0,0.9999995,0.99999994,0.99999994,0.99999994,1.0,1.0,1.0,1.0,1.0,1.0,1.0,1.0,0.99999976,1.0,1.0,1.0,0.99999857,1.0,1.0,1.0,1.0,1.0,1.0,0.99999994,1.0,1.0,1.0,1.0,0.9999996,1.0,1.0,1.0,0.99999976,1.0,1.0,1.0,0.99999994,1.0,1.0,1.0,0.9999952,0.9976278,1.0,1.0,0.99999994,0.9999995,1.0,0.9999994,1.0,1.0,0.99999994,1.0,0.99999976,1.0,1.0,0.99999994,1.0,0.9999999,1.0,1.0,1.0,1.0,1.0,0.9999999,1.0,1.0,0.9999998,1.0,1.0,1.0,1.0,1.0,1.0,1.0,1.0,1.0,1.0,1.0,1.0,1.0,0.99999994,0.99999994,0.99999976,1.0,0.99999994,0.99999994,0.9999999,1.0,1.0,0.9999996,1.0,1.0,1.0,1.0,1.0,1.0,1.0,0.99999994,1.0,0.9999996,0.99999994,1.0,1.0,1.0,1.0,1.0,1.0,0.98052496,1.0,1.0,1.0
KHDRBS1_K562,1.0,0.9999998,0.99999994,0.99999976,1.0,1.0,1.0,1.0,1.0,0.9999996,0.99999976,0.99999565,0.99999994,0.9999999,0.99999994,0.99999994,0.99999994,0.99999994,0.9999796,1.0,1.0,0.9999997,0.99999994,1.0,0.9999995,1.0,1.0,1.0,1.0,0.9999994,1.0,1.0,1.0,0.99999994,0.9999924,0.99998534,1.0,0.9999999,0.9999995,1.0,0.99999994,0.99999994,1.0,0.99999994,0.99999994,0.99999994,0.99999976,0.9999999,0.9999998,1.0,0.9999999,1.0,1.0,1.0,1.0,0.99999994,0.7303732,1.0,1.0,1.0,0.99999994,0.9999999,1.0,0.9999986,0.99999994,1.0,0.99999994,1.0,1.0,0.99999994,0.99999994,0.99999994,0.99999964,1.0,0.99999994,0.9999999,0.99999994,1.0,1.0,0.99999994,0.99999774,1.0,1.0,0.9999991,0.99999994,0.99999994,0.99999994,0.9999999,0.9999993,0.999992,0.9999997,0.99999994,0.99999994,0.9999997,0.99999994,1.0,0.99999994,0.9967918,0.99999994,1.0,1.0,0.99927664,0.9987799,0.99999994,0.99999994,0.551049,0.99999994,1.0,1.0,0.99999994,1.0,1.0,0.9999998,0.99999976,1.0,0.9999998,0.99999994,0.99999994,0.9999999,0.9999999,1.0,1.0,0.99999994,1.0,0.99999994,0.9999999,0.99999994,1.0,0.99999785,0.99999994,0.99999994,0.99999994,1.0,1.0,0.99999994,1.0,0.99999994,1.0,0.99999994,0.99999994,0.99999917,1.0,0.99999994,1.0,0.99999994,0.99999994,1.0,0.99999994,0.9999997,0.9999998,0.99999994,0.99999994,0.99999624,0.99760157,0.99999994,0.9999998,1.0,0.9999991,1.0,0.9999989,0.99999994,0.9999999,0.9999998,0.99999994,0.99999994,1.0,0.99999994,1.0,1.0,0.9999997,0.9999999,0.9999999,1.0,0.9999999,0.99999994,1.0,1.0,0.9999999,1.0,1.0,0.99999994,0.99999994,0.9999999,0.99999994,0.9999998,1.0,0.9999999,1.0,0.99999994,1.0,1.0,1.0,1.0,1.0,0.99999994,1.0,1.0,0.99999976,0.99999964,1.0,0.99999994,0.9999998,0.99999994,0.99999994,1.0,1.0,1.0,0.99999994,0.99999994,1.0,1.0,0.9999991,1.0,0.99999994,0.9999999,0.99999994,0.99999994,0.99999994,0.9999999,0.9804503,0.9999999,1.0,1.0
KHSRP_HepG2,1.0,0.99999994,1.0,0.99999994,1.0,1.0,1.0,1.0,1.0,0.9999998,0.99999994,0.9999947,1.0,1.0,1.0,1.0,1.0,1.0,0.9999815,0.99999994,0.9999999,0.9999999,1.0,1.0,0.99999976,1.0,1.0,1.0,1.0,0.9999997,1.0,1.0,1.0,1.0,0.9999912,0.99998695,1.0,1.0,0.99999976,1.0,1.0,1.0,1.0,1.0,1.0,1.0,0.99999994,1.0,0.99999994,0.99999994,1.0,1.0,1.0,1.0,1.0,1.0,0.73058236,1.0,1.0,1.0,1.0,1.0,1.0,0.99999905,1.0,1.0,1.0,1.0,1.0,1.0,1.0,1.0,0.9999999,1.0,1.0,1.0,1.0,1.0,0.99999994,1.0,0.99999833,1.0,1.0,0.9999987,1.0,1.0,1.0,1.0,0.9999996,0.99999076,0.9999999,1.0,1.0,0.9999999,1.0,0.99999994,1.0,0.9967672,1.0,1.0,0.99999994,0.99926496,0.998795,1.0,1.0,0.5507934,1.0,1.0,1.0,1.0,1.0,1.0,0.9999996,0.99999994,1.0,0.99999994,1.0,1.0,1.0,1.0,1.0,1.0,1.0,1.0,0.9999998,1.0,1.0,1.0,0.99999845,1.0,1.0,1.0,1.0,1.0,1.0,1.0,1.0,1.0,1.0,1.0,0.9999995,1.0,1.0,1.0,0.9999998,1.0,1.0,1.0,0.9999999,0.99999994,1.0,1.0,0.99999535,0.9976227,1.0,0.99999994,0.99999994,0.99999946,1.0,0.99999934,1.0,1.0,0.99999994,1.0,0.99999976,1.0,1.0,0.99999994,1.0,0.9999999,1.0,1.0,1.0,1.0,1.0,0.9999999,1.0,1.0,0.9999999,1.0,1.0,1.0,1.0,1.0,0.99999994,1.0,1.0,1.0,1.0,1.0,1.0,1.0,0.99999994,1.0,0.9999998,1.0,0.99999994,0.99999994,0.9999998,1.0,1.0,0.99999964,1.0,1.0,1.0,1.0,1.0,1.0,1.0,0.99999994,1.0,0.99999946,0.99999994,1.0,1.0,1.0,1.0,1.0,1.0,0.98051053,1.0,1.0,1.0
KHSRP_K562,0.9967787,0.99674577,0.9967623,0.99673414,0.99677914,0.996782,0.99677503,0.99678373,0.9967752,0.9967208,0.9967396,0.9970232,0.9967672,0.9967498,0.9967586,0.99676865,0.9967629,0.9967645,0.99626046,0.9967881,0.99680656,0.9967297,0.9967675,0.99677444,0.9967112,0.9967782,0.99677306,0.9967729,0.9967734,0.996703,0.99677503,0.9967816,0.9967777,0.996771,0.99709636,0.99634343,0.99677676,0.99675137,0.99671286,0.9967833,0.99676,0.9967686,0.99678606,0.9967718,0.9967605,0.9967677,0.9967357,0.9967546,0.99674535,0.99678725,0.9967551,0.9967806,0.9967801,0.99677414,0.99677634,0.9967682,0.67335975,0.99677426,0.99677664,0.99677926,0.9967677,0.9967568,0.9967734,0.99665666,0.9967579,0.9967739,0.99676543,0.9967818,0.9967755,0.9967713,0.99676037,0.99677205,0.9967263,0.99677896,0.99677145,0.9967542,0.99676216,0.9967789,0.99678737,0.99677116,0.99661916,0.9967781,0.996776,0.9968968,0.99675995,0.9967585,0.9967657,0.9967535,0.9966949,0.9971035,0.99672836,0.9967698,0.996759,0.9967268,0.99676126,0.9967918,0.9967672,1.0,0.9967701,0.99677855,0.99679387,0.9991145,0.99162304,0.9967668,0.99676245,0.61607116,0.996763,0.99678314,0.99677646,0.99676824,0.9967856,0.9967772,0.99683917,0.9967394,0.99678326,0.9967414,0.99676996,0.99677074,0.99675477,0.9967572,0.9967781,0.99677837,0.9967645,0.99677813,0.9968186,0.9967572,0.99676245,0.9967771,0.9966238,0.99675983,0.996765,0.9967659,0.9967779,0.9967764,0.996767,0.99678415,0.9967587,0.9967728,0.99676824,0.99676263,0.9966894,0.9967779,0.9967594,0.9967748,0.99681437,0.996764,0.9967736,0.99676156,0.99673086,0.99674684,0.99677145,0.99676615,0.997007,0.98886096,0.9967707,0.9967469,0.99678886,0.9966829,0.99677914,0.9966744,0.996768,0.99674886,0.99674034,0.9967694,0.9968189,0.9967744,0.99676794,0.9967874,0.9967776,0.9967269,0.9967562,0.99675107,0.9967756,0.9967518,0.9967693,0.99680483,0.9967778,0.9967528,0.99680907,0.99677396,0.99675983,0.99676514,0.996749,0.9967707,0.9967432,0.99677235,0.99675417,0.9967731,0.9967604,0.9967787,0.9967773,0.99677765,0.99678963,0.99678534,0.9968132,0.9967738,0.99678797,0.996737,0.9967223,0.9967724,0.9967626,0.9968363,0.99677175,0.9967715,0.9967729,0.9967728,0.9967734,0.9967669,0.99677044,0.9967872,0.9967781,0.9966852,0.99679047,0.99676746,0.9967514,0.9967593,0.9967615,0.9967686,0.99675286,0.96155584,0.9967564,0.9967738,0.99677604
LARP4_HepG2,1.0,0.99999994,1.0,0.9999999,1.0,1.0,1.0,1.0,1.0,0.9999998,0.99999994,0.9999948,1.0,0.99999994,1.0,1.0,1.0,1.0,0.9999813,1.0,0.9999999,0.9999999,1.0,1.0,0.99999976,1.0,1.0,1.0,1.0,0.99999964,1.0,1.0,1.0,1.0,0.9999913,0.99998677,1.0,1.0,0.99999976,1.0,1.0,1.0,1.0,1.0,1.0,1.0,0.9999999,1.0,0.99999994,1.0,1.0,1.0,1.0,1.0,1.0,1.0,0.7305578,1.0,1.0,1.0,1.0,1.0,1.0,0.99999905,1.0,1.0,1.0,1.0,1.0,1.0,1.0,1.0,0.9999999,1.0,1.0,1.0,1.0,1.0,1.0,1.0,0.9999983,1.0,1.0,0.99999875,1.0,1.0,1.0,1.0,0.9999996,0.9999909,0.9999999,1.0,1.0,0.9999999,1.0,0.99999994,1.0,0.9967701,1.0,1.0,0.99999994,0.9992663,0.99879324,1.0,1.0,0.5508234,1.0,1.0,1.0,1.0,1.0,1.0,0.99999964,0.99999994,1.0,0.99999994,1.0,1.0,1.0,1.0,1.0,1.0,1.0,1.0,0.9999998,1.0,1.0,1.0,0.9999984,1.0,1.0,1.0,1.0,1.0,1.0,1.0,1.0,1.0,1.0,1.0,0.9999995,1.0,1.0,1.0,0.9999998,1.0,1.0,1.0,0.9999999,0.99999994,1.0,1.0,0.99999547,0.9976203,1.0,0.99999994,1.0,0.9999994,1.0,0.9999993,1.0,0.99999994,0.99999994,1.0,0.9999998,1.0,1.0,1.0,1.0,0.9999999,1.0,1.0,1.0,1.0,1.0,0.9999999,1.0,1.0,0.9999999,1.0,1.0,1.0,0.99999994,1.0,0.99999994,1.0,1.0,1.0,1.0,1.0,1.0,1.0,1.0,1.0,0.9999999,1.0,1.0,0.99999994,0.9999998,1.0,1.0,0.99999964,1.0,1.0,1.0,1.0,1.0,1.0,1.0,1.0,1.0,0.99999946,0.99999994,1.0,1.0,1.0,1.0,1.0,1.0,0.98050344,1.0,1.0,1.0
LARP4_K562,1.0,0.99999994,1.0,0.9999998,1.0,1.0,1.0,1.0,1.0,0.99999976,0.9999999,0.9999952,1.0,0.99999994,0.99999994,1.0,1.0,1.0,0.9999807,1.0,0.99999994,0.9999998,1.0,1.0,0.99999964,1.0,1.0,1.0,1.0,0.9999996,1.0,1.0,1.0,1.0,0.9999917,0.9999862,1.0,0.99999994,0.99999964,1.0,1.0,1.0,1.0,1.0,1.0,1.0,0.9999999,0.99999994,0.99999994,1.0,0.99999994,1.0,1.0,1.0,1.0,1.0,0.7304861,1.0,1.0,1.0,1.0,0.99999994,1.0,0.99999887,0.99999994,1.0,1.0,1.0,1.0,1.0,1.0,1.0,0.99999976,1.0,1.0,0.99999994,1.0,1.0,1.0,1.0,0.9999981,1.0,1.0,0.99999887,1.0,0.99999994,1.0,0.99999994,0.99999946,0.99999136,0.9999998,1.0,1.0,0.9999998,1.0,1.0,1.0,0.99677855,1.0,1.0,1.0,0.9992703,0.99878806,1.0,1.0,0.550911,1.0,1.0,1.0,1.0,1.0,1.0,0.9999997,0.9999999,1.0,0.9999999,1.0,1.0,0.99999994,0.99999994,1.0,1.0,1.0,1.0,0.9999999,0.99999994,1.0,1.0,0.9999982,1.0,1.0,1.0,1.0,1.0,1.0,1.0,0.99999994,1.0,1.0,1.0,0.9999994,1.0,1.0,1.0,0.9999999,1.0,1.0,1.0,0.9999998,0.99999994,1.0,1.0,0.99999577,0.997613,1.0,0.99999994,1.0,0.9999993,1.0,0.99999917,1.0,0.99999994,0.9999999,1.0,0.9999999,1.0,1.0,1.0,1.0,0.9999998,0.99999994,0.99999994,1.0,0.99999994,1.0,0.99999994,1.0,0.99999994,0.99999994,1.0,1.0,1.0,0.99999994,1.0,0.9999999,1.0,0.99999994,1.0,1.0,1.0,1.0,1.0,1.0,1.0,0.9999999,1.0,1.0,0.9999999,0.99999976,1.0,1.0,0.99999976,1.0,1.0,1.0,1.0,1.0,1.0,1.0,1.0,1.0,0.99999934,1.0,1.0,0.99999994,1.0,1.0,1.0,0.99999994,0.9804828,0.99999994,1.0,1.0
LARP7_HepG2,1.0,0.9999998,0.99999994,0.9999997,1.0,1.0,1.0,1.0,1.0,0.9999996,0.99999976,0.9999957,0.99999994,0.9999998,0.9999999,0.99999994,0.99999994,0.99999994,0.99997944,1.0,1.0,0.9999997,0.99999994,1.0,0.99999946,1.0,0.99999994,0.99999994,0.99999994,0.99999934,1.0,1.0,1.0,0.99999994,0.9999925,0.99998516,1.0,0.9999999,0.9999995,1.0,0.99999994,0.99999994,1.0,0.99999994,0.99999994,0.99999994,0.99999976,0.9999999,0.9999998,1.0,0.9999999,1.0,1.0,0.99999994,1.0,0.99999994,0.730355,0.99999994,1.0,1.0,0.99999994,0.9999999,0.99999994,0.99999857,0.9999999,0.99999994,0.99999994,1.0,1.0,0.99999994,0.99999994,0.99999994,0.99999964,1.0,0.99999994,0.9999999,0.99999994,1.0,1.0,0.99999994,0.9999977,1.0,1.0,0.99999917,0.99999994,0.9999999,0.99999994,0.9999999,0.9999992,0.99999213,0.99999964,0.99999994,0.9999999,0.99999964,0.99999994,1.0,0.99999994,0.99679387,0.99999994,1.0,1.0,0.99927765,0.9987786,0.99999994,0.99999994,0.55107117,0.99999994,1.0,1.0,0.99999994,1.0,1.0,0.9999998,0.99999976,1.0,0.99999976,0.99999994,0.99999994,0.9999999,0.9999999,1.0,1.0,0.99999994,1.0,0.99999994,0.9999999,0.99999994,1.0,0.9999978,0.9999999,0.99999994,0.99999994,1.0,1.0,0.99999994,1.0,0.9999999,0.99999994,0.99999994,0.99999994,0.99999917,1.0,0.9999999,1.0,0.99999994,0.99999994,0.99999994,0.99999994,0.9999997,0.9999998,0.99999994,0.99999994,0.9999963,0.9975997,0.99999994,0.9999998,1.0,0.99999905,1.0,0.9999989,0.99999994,0.9999998,0.99999976,0.99999994,0.99999994,1.0,0.99999994,1.0,1.0,0.99999964,0.9999999,0.9999999,1.0,0.9999999,0.99999994,1.0,1.0,0.9999999,1.0,0.99999994,0.9999999,0.99999994,0.9999998,0.99999994,0.9999998,0.99999994,0.9999999,0.99999994,0.99999994,1.0,1.0,1.0,1.0,1.0,1.0,0.99999994,1.0,0.99999976,0.9999996,0.99999994,0.99999994,0.9999999,0.99999994,0.99999994,0.99999994,0.99999994,0.99999994,0.99999994,0.99999994,1.0,1.0,0.9999991,1.0,0.99999994,0.9999999,0.9999999,0.99999994,0.99999994,0.9999999,0.9804451,0.9999999,0.99999994,1.0
LARP7_K562,0.99927044,0.9992547,0.9992626,0.9992491,0.9992706,0.999272,0.99926865,0.9992728,0.9992688,0.9992427,0.9992517,0.99938434,0.99926496,0.9992566,0.99926084,0.9992656,0.99926287,0.99926364,0.9990135,0.9992749,0.9992837,0.99924695,0.9992651,0.9992684,0.9992381,0.99927014,0.99926776,0.99926764,0.99926794,0.99923414,0.99926865,0.9992718,0.99926996,0.99926674,0.99941736,0.9990559,0.9992695,0.9992574,0.9992389,0.99927264,0.9992615,0.9992656,0.9992739,0.99926716,0.99926174,0.9992652,0.9992499,0.99925894,0.9992545,0.9992745,0.9992592,0.99927133,0.9992711,0.99926823,0.9992693,0.99926543,0.70386916,0.9992683,0.9992694,0.9992707,0.9992652,0.99925995,0.9992679,0.9992117,0.9992605,0.9992681,0.9992641,0.9992719,0.9992689,0.99926686,0.9992617,0.9992673,0.99924535,0.99927056,0.999267,0.99925876,0.9992625,0.9992705,0.99927455,0.9992668,0.99919343,0.99927014,0.9992691,0.9993261,0.9992615,0.9992608,0.99926424,0.9992584,0.9992302,0.9994206,0.99924636,0.9992662,0.999261,0.9992456,0.9992621,0.99927664,0.99926496,0.9991145,0.9992663,0.9992703,0.99927765,1.0,0.99617946,0.9992647,0.9992627,0.5823846,0.9992629,0.9992725,0.99926937,0.99926543,0.99927366,0.99926966,0.99929905,0.99925166,0.9992726,0.9992526,0.99926627,0.9992666,0.999259,0.9992602,0.99927014,0.99927026,0.99926364,0.99927014,0.99928933,0.9992602,0.9992627,0.99926966,0.9991957,0.99926144,0.9992639,0.99926436,0.99927,0.9992693,0.99926484,0.999273,0.9992609,0.99926764,0.99926543,0.99926275,0.9992275,0.99927,0.99926126,0.99926853,0.99928737,0.9992634,0.999268,0.9992623,0.99924755,0.9992552,0.999267,0.9992644,0.99937695,0.9942477,0.9992666,0.99925524,0.99927527,0.9992244,0.9992706,0.9992203,0.9992653,0.9992562,0.9992521,0.999266,0.9992895,0.99926835,0.99926525,0.99927455,0.9992699,0.99924564,0.9992597,0.99925727,0.99926895,0.99925756,0.99926597,0.99928284,0.99926996,0.99925804,0.99928486,0.9992682,0.99926144,0.99926394,0.99925625,0.9992666,0.99925345,0.9992674,0.9992587,0.99926776,0.99926174,0.99927044,0.9992698,0.99926996,0.9992756,0.9992736,0.9992868,0.99926805,0.99927485,0.9992505,0.99924344,0.9992674,0.99926275,0.99929774,0.9992671,0.999267,0.99926764,0.99926764,0.99926794,0.99926484,0.9992665,0.9992745,0.99927014,0.99922556,0.999276,0.9992651,0.9992574,0.9992612,0.9992622,0.9992656,0.9992581,0.9722582,0.99925977,0.99926805,0.9992691
LIN28B_HepG2,0.99878794,0.998808,0.998798,0.99881506,0.99878764,0.9987859,0.9987902,0.99878484,0.9987901,0.99882305,0.9988117,0.9986301,0.998795,0.9988056,0.9988002,0.9987941,0.99879766,0.99879664,0.9990748,0.99878216,0.9987708,0.99881774,0.9987948,0.99879056,0.9988288,0.9987883,0.9987914,0.9987915,0.99879116,0.99883366,0.9987902,0.99878615,0.99878854,0.99879265,0.9985797,0.99903286,0.99878913,0.9988046,0.9988278,0.9987851,0.9987994,0.99879414,0.9987834,0.9987922,0.9987991,0.9987947,0.9988141,0.99880266,0.99880826,0.9987827,0.99880236,0.9987868,0.9987871,0.99879074,0.99878937,0.9987944,0.76321316,0.9987907,0.99878925,0.9987876,0.9987947,0.9988013,0.9987912,0.998861,0.99880064,0.9987909,0.99879605,0.99878603,0.9987899,0.99879247,0.99879915,0.998792,0.99881977,0.99878776,0.99879235,0.9988029,0.9987981,0.9987878,0.99878263,0.9987926,0.9988828,0.9987883,0.9987896,0.9987137,0.9987994,0.9988003,0.9987959,0.9988033,0.9988385,0.9985747,0.9988185,0.99879336,0.9988,0.9988195,0.9987986,0.9987799,0.998795,0.99162304,0.99879324,0.99878806,0.9987786,0.99617946,1.0,0.9987952,0.9987979,0.50916773,0.99879754,0.99878526,0.9987893,0.9987944,0.9987837,0.9987889,0.9987504,0.9988119,0.99878514,0.99881065,0.9987933,0.9987928,0.9988026,0.9988011,0.9987883,0.9987882,0.99879664,0.9987883,0.99876326,0.99880105,0.9987979,0.9987889,0.9988801,0.9987995,0.99879634,0.99879575,0.9987884,0.99878937,0.9987951,0.9987846,0.99880016,0.9987915,0.9987944,0.9987978,0.9988418,0.9987884,0.99879974,0.9987903,0.9987659,0.99879694,0.9987911,0.99879843,0.998817,0.9988074,0.9987924,0.9987956,0.9986411,0.9998026,0.9987928,0.9988073,0.9987817,0.9988456,0.9987877,0.99885064,0.9987945,0.9988061,0.9988113,0.9987936,0.9987631,0.9987906,0.99879456,0.9987826,0.9987886,0.9988194,0.9988017,0.9988048,0.9987898,0.9988044,0.9987937,0.99877185,0.99878854,0.99880373,0.9987692,0.99879086,0.99879944,0.9987962,0.99880606,0.9987929,0.9988096,0.9987919,0.99880296,0.9987914,0.9987991,0.99878794,0.99878883,0.9987886,0.9987812,0.9987839,0.9987666,0.998791,0.9987823,0.99881333,0.99882215,0.9987918,0.9987978,0.9987522,0.99879223,0.99879235,0.9987915,0.9987915,0.99879116,0.99879515,0.998793,0.9987827,0.99878836,0.99884427,0.9987807,0.99879485,0.99880457,0.9987998,0.9987985,0.99879414,0.99880373,0.988971,0.9988016,0.998791,0.99878955
LIN28B_K562,1.0,0.99999994,1.0,0.99999994,1.0,1.0,1.0,1.0,1.0,0.9999998,0.99999994,0.9999947,1.0,1.0,1.0,1.0,1.0,1.0,0.9999816,0.99999994,0.9999999,0.9999999,1.0,1.0,0.99999976,1.0,1.0,1.0,1.0,0.9999997,1.0,1.0,1.0,1.0,0.9999911,0.99998695,1.0,1.0,0.99999976,1.0,1.0,1.0,1.0,1.0,1.0,1.0,0.99999994,1.0,0.99999994,0.99999994,1.0,1.0,1.0,1.0,1.0,1.0,0.73058593,1.0,1.0,1.0,1.0,1.0,1.0,0.9999991,1.0,1.0,1.0,1.0,1.0,1.0,1.0,1.0,0.9999999,1.0,1.0,1.0,1.0,1.0,0.99999994,1.0,0.99999833,1.0,1.0,0.9999987,1.0,1.0,1.0,1.0,0.9999996,0.9999907,0.9999999,1.0,1.0,0.9999999,1.0,0.99999994,1.0,0.9967668,1.0,1.0,0.99999994,0.9992647,0.9987952,1.0,1.0,0.55078906,1.0,1.0,1.0,1.0,1.0,1.0,0.9999996,0.99999994,1.0,0.99999994,1.0,1.0,1.0,1.0,1.0,1.0,1.0,1.0,0.99999976,1.0,1.0,1.0,0.99999845,1.0,1.0,1.0,1.0,1.0,1.0,1.0,1.0,1.0,1.0,1.0,0.9999995,1.0,1.0,1.0,0.9999998,1.0,1.0,1.0,0.9999999,0.99999994,1.0,1.0,0.99999535,0.9976231,1.0,0.99999994,0.99999994,0.99999946,1.0,0.99999934,1.0,1.0,0.99999994,1.0,0.99999976,1.0,1.0,0.99999994,1.0,0.9999999,1.0,1.0,1.0,1.0,1.0,0.9999999,1.0,1.0,0.9999999,1.0,1.0,1.0,1.0,1.0,0.99999994,1.0,1.0,1.0,1.0,1.0,1.0,1.0,0.99999994,1.0,0.9999998,1.0,0.99999994,0.99999994,0.9999998,1.0,1.0,0.99999964,1.0,1.0,1.0,1.0,1.0,1.0,1.0,0.99999994,1.0,0.99999946,0.99999994,1.0,1.0,1.0,1.0,1.0,1.0,0.98051155,1.0,1.0,1.0
LSM11_HepG2,1.0,1.0,1.0,0.99999994,1.0,1.0,1.0,0.99999994,1.0,0.9999999,0.99999994,0.9999945,1.0,1.0,1.0,1.0,1.0,1.0,0.9999819,0.99999994,0.9999998,0.99999994,1.0,1.0,0.9999998,1.0,1.0,1.0,1.0,0.9999997,1.0,1.0,1.0,1.0,0.9999909,0.99998724,1.0,1.0,0.9999998,0.99999994,1.0,1.0,0.99999994,1.0,1.0,1.0,0.99999994,1.0,1.0,0.99999994,1.0,1.0,1.0,1.0,1.0,1.0,0.73062277,1.0,1.0,1.0,1.0,1.0,1.0,0.99999917,1.0,1.0,1.0,1.0,1.0,1.0,1.0,1.0,0.9999999,1.0,1.0,1.0,1.0,1.0,0.99999994,1.0,0.99999845,1.0,1.0,0.99999857,1.0,1.0,1.0,1.0,0.99999964,0.9999905,0.99999994,1.0,1.0,0.9999999,1.0,0.99999994,1.0,0.99676245,1.0,1.0,0.99999994,0.9992627,0.9987979,1.0,1.0,0.550744,1.0,0.99999994,1.0,1.0,0.99999994,1.0,0.9999995,0.99999994,0.99999994,0.99999994,1.0,1.0,1.0,1.0,1.0,1.0,1.0,1.0,0.99999976,1.0,1.0,1.0,0.99999857,1.0,1.0,1.0,1.0,1.0,1.0,0.99999994,1.0,1.0,1.0,1.0,0.9999996,1.0,1.0,1.0,0.99999976,1.0,1.0,1.0,0.99999994,1.0,1.0,1.0,0.9999952,0.99762684,1.0,1.0,0.99999994,0.9999995,1.0,0.9999994,1.0,1.0,0.99999994,1.0,0.99999976,1.0,1.0,0.99999994,1.0,0.9999999,1.0,1.0,1.0,1.0,1.0,0.9999999,1.0,1.0,0.9999998,1.0,1.0,1.0,1.0,1.0,1.0,1.0,1.0,1.0,1.0,1.0,1.0,1.0,0.99999994,0.99999994,0.9999998,1.0,0.99999994,0.99999994,0.9999999,1.0,1.0,0.9999996,1.0,1.0,1.0,1.0,1.0,1.0,1.0,0.99999994,1.0,0.9999995,0.99999994,1.0,1.0,1.0,1.0,1.0,1.0,0.98052216,1.0,1.0,1.0
LSM11_K562,0.5509132,0.55057114,0.5507421,0.5504508,0.5509178,0.55094725,0.55087465,0.55096537,0.5508768,0.5503131,0.55050737,0.5535051,0.5507937,0.55061305,0.55070406,0.55080837,0.55074847,0.55076534,0.54571027,0.5510108,0.55120325,0.5504043,0.5507968,0.55086845,0.55021375,0.55090743,0.55085427,0.55085224,0.55085826,0.55012995,0.5508746,0.5509431,0.55090266,0.55083275,0.5542994,0.5465191,0.55089295,0.5506287,0.55023104,0.55096126,0.55071896,0.55080783,0.5509894,0.55084133,0.5507238,0.5507984,0.5504666,0.55066246,0.55056673,0.55100167,0.55066806,0.55093247,0.55092716,0.55086553,0.55088836,0.5508038,-0.16751398,0.55086684,0.55089116,0.5509187,0.5507984,0.5506855,0.5508577,0.54965436,0.55069697,0.5508628,0.55077523,0.5509455,0.55087954,0.5508357,0.5507222,0.55084383,0.5503695,0.55091566,0.5508377,0.55065846,0.5507408,0.5509148,0.5510034,0.5508344,0.5492717,0.5509065,0.5508848,0.55215293,0.55071837,0.5507035,0.55077773,0.55065125,0.55004615,0.5543779,0.55039126,0.55082047,0.5507085,0.5503747,0.5507319,0.551049,0.5507934,0.61607116,0.5508234,0.550911,0.55107117,0.5823846,0.50916773,0.55078906,0.550744,1.0,0.5507496,0.5509589,0.55088985,0.55080414,0.5509844,0.5508969,0.55154485,0.55050504,0.55096024,0.55052614,0.55082226,0.5508303,0.550664,0.5506896,0.5509066,0.5509093,0.55076486,0.5509067,0.5513294,0.55068976,0.55074424,0.5508967,0.5493191,0.55071694,0.5507704,0.55078024,0.5509046,0.5508889,0.5507911,0.5509696,0.5507053,0.550852,0.5508041,0.5507457,0.5499891,0.5509046,0.55071276,0.55087227,0.5512851,0.55076015,0.5508599,0.5507347,0.5504172,0.5505818,0.5508372,0.5507823,0.5533299,0.49196717,0.55082965,0.5505828,0.55101883,0.549923,0.5509172,0.54983574,0.5508018,0.5506034,0.5505148,0.5508166,0.5513328,0.55086774,0.5508008,0.55100375,0.5509016,0.55037546,0.55067915,0.55062616,0.5508812,0.55063355,0.5508152,0.55118537,0.5509031,0.5506439,0.5512295,0.5508637,0.5507171,0.5507722,0.55060464,0.55082947,0.5505447,0.55084676,0.550658,0.55085474,0.5507232,0.5509132,0.5508984,0.55090225,0.5510268,0.5509821,0.55127275,0.5508618,0.5510092,0.55048037,0.5503284,0.55084753,0.5507455,0.55151504,0.5508404,0.550838,0.5508525,0.55085194,0.5508582,0.55079055,0.5508271,0.5510014,0.55090636,0.5499465,0.5510353,0.55079603,0.55062956,0.55071145,0.5507343,0.550808,0.5506446,0.37607953,0.5506813,0.5508618,0.55088526
MATR3_HepG2,1.0,1.0,1.0,0.99999994,1.0,1.0,1.0,0.99999994,1.0,0.9999999,0.99999994,0.9999945,1.0,1.0,1.0,1.0,1.0,1.0,0.9999818,0.99999994,0.9999999,0.99999994,1.0,1.0,0.9999998,1.0,1.0,1.0,1.0,0.9999997,1.0,1.0,1.0,1.0,0.99999094,0.9999872,1.0,1.0,0.9999998,0.99999994,1.0,1.0,0.99999994,1.0,1.0,1.0,0.99999994,1.0,1.0,0.99999994,1.0,1.0,1.0,1.0,1.0,1.0,0.7306182,1.0,1.0,1.0,1.0,1.0,1.0,0.99999917,1.0,1.0,1.0,1.0,1.0,1.0,1.0,1.0,0.9999999,1.0,1.0,1.0,1.0,1.0,0.99999994,1.0,0.99999845,1.0,1.0,0.99999857,1.0,1.0,1.0,1.0,0.99999964,0.9999905,0.9999999,1.0,1.0,0.9999999,1.0,0.99999994,1.0,0.996763,1.0,1.0,0.99999994,0.9992629,0.99879754,1.0,1.0,0.5507496,1.0,0.99999994,1.0,1.0,0.99999994,1.0,0.9999995,0.99999994,0.99999994,0.99999994,1.0,1.0,1.0,1.0,1.0,1.0,1.0,1.0,0.99999976,1.0,1.0,1.0,0.9999985,1.0,1.0,1.0,1.0,1.0,1.0,0.99999994,1.0,1.0,1.0,1.0,0.9999996,1.0,1.0,1.0,0.9999998,1.0,1.0,1.0,0.99999994,1.0,1.0,1.0,0.99999523,0.99762636,1.0,1.0,0.99999994,0.9999995,1.0,0.9999994,1.0,1.0,0.99999994,1.0,0.99999976,1.0,1.0,0.99999994,1.0,0.9999999,1.0,1.0,1.0,1.0,1.0,0.9999999,1.0,1.0,0.9999998,1.0,1.0,1.0,1.0,1.0,0.99999994,1.0,1.0,1.0,1.0,1.0,1.0,1.0,0.99999994,0.99999994,0.9999998,1.0,0.99999994,0.99999994,0.9999999,1.0,1.0,0.9999996,1.0,1.0,1.0,1.0,1.0,1.0,1.0,0.99999994,1.0,0.9999995,0.99999994,1.0,1.0,1.0,1.0,1.0,1.0,0.98052084,1.0,1.0,1.0
MATR3_K562,1.0,0.9999999,0.99999994,0.9999998,1.0,1.0,1.0,1.0,1.0,0.9999997,0.9999999,0.99999535,1.0,0.99999994,0.99999994,1.0,0.99999994,1.0,0.99998033,1.0,0.99999994,0.99999976,1.0,1.0,0.9999996,1.0,1.0,1.0,1.0,0.9999995,1.0,1.0,1.0,1.0,0.99999195,0.9999859,1.0,0.99999994,0.99999964,1.0,0.99999994,1.0,1.0,1.0,0.99999994,1.0,0.9999998,0.99999994,0.9999999,1.0,0.99999994,1.0,1.0,1.0,1.0,1.0,0.73044693,1.0,1.0,1.0,1.0,0.99999994,1.0,0.9999988,0.99999994,1.0,1.0,1.0,1.0,1.0,0.99999994,1.0,0.99999976,1.0,1.0,0.99999994,0.99999994,1.0,1.0,1.0,0.999998,1.0,1.0,0.999999,0.99999994,0.99999994,1.0,0.99999994,0.9999994,0.9999916,0.99999976,1.0,0.99999994,0.99999976,0.99999994,1.0,1.0,0.99678314,1.0,1.0,1.0,0.9992725,0.99878526,1.0,0.99999994,0.5509589,0.99999994,1.0,1.0,1.0,1.0,1.0,0.99999976,0.9999999,1.0,0.9999999,1.0,1.0,0.99999994,0.99999994,1.0,1.0,1.0,1.0,0.9999999,0.99999994,0.99999994,1.0,0.9999981,0.99999994,1.0,1.0,1.0,1.0,1.0,1.0,0.99999994,1.0,1.0,0.99999994,0.99999934,1.0,0.99999994,1.0,0.99999994,1.0,1.0,0.99999994,0.99999976,0.9999999,1.0,1.0,0.99999595,0.9976091,1.0,0.9999999,1.0,0.9999992,1.0,0.9999991,1.0,0.9999999,0.9999999,1.0,0.9999999,1.0,1.0,1.0,1.0,0.99999976,0.99999994,0.99999994,1.0,0.99999994,1.0,0.99999994,1.0,0.99999994,0.99999994,1.0,0.99999994,1.0,0.9999999,1.0,0.9999999,1.0,0.99999994,1.0,0.99999994,1.0,1.0,1.0,1.0,1.0,0.99999994,1.0,1.0,0.9999998,0.9999997,1.0,0.99999994,0.99999976,1.0,1.0,1.0,1.0,1.0,1.0,1.0,1.0,1.0,0.9999993,1.0,1.0,0.99999994,0.99999994,0.99999994,1.0,0.99999994,0.98047155,0.99999994,1.0,1.0
METAP2_K562,1.0,0.99999994,1.0,0.9999999,1.0,1.0,1.0,1.0,1.0,0.99999976,0.9999999,0.99999505,1.0,0.99999994,1.0,1.0,1.0,1.0,0.9999808,1.0,0.99999994,0.9999998,1.0,1.0,0.99999964,1.0,1.0,1.0,1.0,0.9999996,1.0,1.0,1.0,1.0,0.99999166,0.99998635,1.0,0.99999994,0.9999997,1.0,1.0,1.0,1.0,1.0,1.0,1.0,0.9999999,0.99999994,0.99999994,1.0,0.99999994,1.0,1.0,1.0,1.0,1.0,0.73050344,1.0,1.0,1.0,1.0,0.99999994,1.0,0.9999989,1.0,1.0,1.0,1.0,1.0,1.0,1.0,1.0,0.9999998,1.0,1.0,0.99999994,1.0,1.0,1.0,1.0,0.99999815,1.0,1.0,0.99999887,1.0,1.0,1.0,0.99999994,0.99999946,0.99999124,0.9999998,1.0,1.0,0.9999998,1.0,1.0,1.0,0.99677646,1.0,1.0,1.0,0.99926937,0.9987893,1.0,1.0,0.55088985,1.0,1.0,1.0,1.0,1.0,1.0,0.9999997,0.9999999,1.0,0.9999999,1.0,1.0,0.99999994,1.0,1.0,1.0,1.0,1.0,0.9999999,1.0,1.0,1.0,0.9999982,1.0,1.0,1.0,1.0,1.0,1.0,1.0,1.0,1.0,1.0,1.0,0.9999994,1.0,1.0,1.0,0.9999999,1.0,1.0,1.0,0.9999998,0.99999994,1.0,1.0,0.9999957,0.9976148,1.0,0.99999994,1.0,0.99999934,1.0,0.9999992,1.0,0.99999994,0.9999999,1.0,0.9999999,1.0,1.0,1.0,1.0,0.9999998,0.99999994,0.99999994,1.0,0.99999994,1.0,0.99999994,1.0,0.99999994,0.99999994,1.0,1.0,1.0,0.99999994,1.0,0.99999994,1.0,0.99999994,1.0,1.0,1.0,1.0,1.0,1.0,1.0,0.9999999,1.0,1.0,0.9999999,0.99999976,1.0,1.0,0.9999997,1.0,1.0,1.0,1.0,1.0,1.0,1.0,1.0,1.0,0.99999934,1.0,1.0,0.99999994,1.0,1.0,1.0,0.99999994,0.9804878,0.99999994,1.0,1.0
MTPAP_K562,1.0,0.99999994,1.0,0.9999999,1.0,1.0,1.0,1.0,1.0,0.9999998,0.99999994,0.99999475,1.0,1.0,1.0,1.0,1.0,1.0,0.99998146,0.99999994,0.9999999,0.9999999,1.0,1.0,0.99999976,1.0,1.0,1.0,1.0,0.9999997,1.0,1.0,1.0,1.0,0.9999912,0.9999869,1.0,1.0,0.99999976,1.0,1.0,1.0,1.0,1.0,1.0,1.0,0.99999994,1.0,0.99999994,1.0,1.0,1.0,1.0,1.0,1.0,1.0,0.73057353,1.0,1.0,1.0,1.0,1.0,1.0,0.99999905,1.0,1.0,1.0,1.0,1.0,1.0,1.0,1.0,0.9999999,1.0,1.0,1.0,1.0,1.0,1.0,1.0,0.99999833,1.0,1.0,0.9999987,1.0,1.0,1.0,1.0,0.9999996,0.9999908,0.9999999,1.0,1.0,0.9999999,1.0,0.99999994,1.0,0.99676824,1.0,1.0,0.99999994,0.99926543,0.9987944,1.0,1.0,0.55080414,1.0,1.0,1.0,1.0,1.0,1.0,0.9999996,0.99999994,1.0,0.99999994,1.0,1.0,1.0,1.0,1.0,1.0,1.0,1.0,0.9999998,1.0,1.0,1.0,0.9999984,1.0,1.0,1.0,1.0,1.0,1.0,1.0,1.0,1.0,1.0,1.0,0.9999995,1.0,1.0,1.0,0.9999998,1.0,1.0,1.0,0.9999999,0.99999994,1.0,1.0,0.9999954,0.99762183,1.0,0.99999994,0.99999994,0.99999946,1.0,0.99999934,1.0,1.0,0.99999994,1.0,0.9999998,1.0,1.0,1.0,1.0,0.9999999,1.0,1.0,1.0,1.0,1.0,0.9999999,1.0,1.0,0.9999999,1.0,1.0,1.0,1.0,1.0,0.99999994,1.0,1.0,1.0,1.0,1.0,1.0,1.0,0.99999994,1.0,0.9999998,1.0,0.99999994,0.99999994,0.9999998,1.0,1.0,0.99999964,1.0,1.0,1.0,1.0,1.0,1.0,1.0,1.0,1.0,0.99999946,0.99999994,1.0,1.0,1.0,1.0,1.0,1.0,0.98050797,1.0,1.0,1.0
NCBP2_HepG2,1.0,0.9999999,0.99999994,0.9999998,1.0,1.0,1.0,1.0,1.0,0.9999997,0.9999998,0.9999954,1.0,0.9999999,0.99999994,1.0,0.99999994,0.99999994,0.9999801,1.0,0.99999994,0.99999976,1.0,1.0,0.9999996,1.0,1.0,1.0,1.0,0.99999946,1.0,1.0,1.0,1.0,0.9999921,0.99998575,1.0,0.9999999,0.9999996,1.0,0.99999994,1.0,1.0,1.0,0.99999994,1.0,0.9999998,0.99999994,0.9999999,1.0,0.99999994,1.0,1.0,1.0,1.0,1.0,0.7304261,1.0,1.0,1.0,1.0,0.99999994,1.0,0.99999875,0.99999994,1.0,0.99999994,1.0,1.0,1.0,0.99999994,1.0,0.9999997,1.0,1.0,0.99999994,0.99999994,1.0,1.0,1.0,0.9999979,1.0,1.0,0.99999905,0.99999994,0.99999994,0.99999994,0.99999994,0.99999934,0.9999917,0.99999976,1.0,0.99999994,0.99999976,0.99999994,1.0,1.0,0.9967856,1.0,1.0,1.0,0.99927366,0.9987837,1.0,0.99999994,0.5509844,0.99999994,1.0,1.0,1.0,1.0,1.0,0.99999976,0.9999998,1.0,0.9999998,1.0,1.0,0.99999994,0.99999994,1.0,1.0,0.99999994,1.0,0.99999994,0.99999994,0.99999994,1.0,0.99999803,0.99999994,0.99999994,0.99999994,1.0,1.0,1.0,1.0,0.99999994,1.0,1.0,0.99999994,0.9999993,1.0,0.99999994,1.0,0.99999994,0.99999994,1.0,0.99999994,0.99999976,0.9999999,1.0,1.0,0.99999607,0.99760693,1.0,0.9999999,1.0,0.99999917,1.0,0.99999905,1.0,0.9999999,0.9999998,1.0,0.99999994,1.0,1.0,1.0,1.0,0.99999976,0.99999994,0.9999999,1.0,0.99999994,1.0,1.0,1.0,0.99999994,0.99999994,1.0,0.99999994,0.99999994,0.9999999,1.0,0.9999999,1.0,0.99999994,1.0,0.99999994,1.0,1.0,1.0,1.0,1.0,0.99999994,1.0,1.0,0.9999998,0.9999997,1.0,0.99999994,0.9999998,1.0,1.0,1.0,1.0,1.0,1.0,1.0,1.0,1.0,0.9999992,1.0,1.0,0.9999999,0.99999994,0.99999994,1.0,0.99999994,0.98046553,0.99999994,1.0,1.0
NCBP2_K562,1.0,0.99999994,1.0,0.9999999,1.0,1.0,1.0,1.0,1.0,0.99999976,0.9999999,0.9999951,1.0,0.99999994,1.0,1.0,1.0,1.0,0.99998075,1.0,0.99999994,0.9999998,1.0,1.0,0.99999964,1.0,1.0,1.0,1.0,0.9999996,1.0,1.0,1.0,1.0,0.99999166,0.9999863,1.0,0.99999994,0.9999997,1.0,1.0,1.0,1.0,1.0,1.0,1.0,0.9999999,0.99999994,0.99999994,1.0,0.99999994,1.0,1.0,1.0,1.0,1.0,0.73049766,1.0,1.0,1.0,1.0,0.99999994,1.0,0.99999887,1.0,1.0,1.0,1.0,1.0,1.0,1.0,1.0,0.9999998,1.0,1.0,0.99999994,1.0,1.0,1.0,1.0,0.9999981,1.0,1.0,0.99999887,1.0,1.0,1.0,0.99999994,0.99999946,0.9999913,0.9999998,1.0,1.0,0.9999998,1.0,1.0,1.0,0.9967772,1.0,1.0,1.0,0.99926966,0.9987889,1.0,1.0,0.5508969,1.0,1.0,1.0,1.0,1.0,1.0,0.9999997,0.9999999,1.0,0.9999999,1.0,1.0,0.99999994,0.99999994,1.0,1.0,1.0,1.0,0.9999999,0.99999994,1.0,1.0,0.9999982,1.0,1.0,1.0,1.0,1.0,1.0,1.0,1.0,1.0,1.0,1.0,0.9999994,1.0,1.0,1.0,0.9999999,1.0,1.0,1.0,0.9999998,0.99999994,1.0,1.0,0.99999577,0.9976142,1.0,0.99999994,1.0,0.99999934,1.0,0.99999917,1.0,0.99999994,0.9999999,1.0,0.9999999,1.0,1.0,1.0,1.0,0.9999998,0.99999994,0.99999994,1.0,0.99999994,1.0,0.99999994,1.0,0.99999994,0.99999994,1.0,1.0,1.0,0.99999994,1.0,0.99999994,1.0,0.99999994,1.0,1.0,1.0,1.0,1.0,1.0,1.0,0.9999999,1.0,1.0,0.9999999,0.99999976,1.0,1.0,0.9999997,1.0,1.0,1.0,1.0,1.0,1.0,1.0,1.0,1.0,0.99999934,1.0,1.0,0.99999994,1.0,1.0,1.0,0.99999994,0.98048615,0.99999994,1.0,1.0
NIP7_HepG2,0.9999997,0.99999934,0.9999995,0.99999917,0.9999997,0.99999976,0.9999997,0.99999976,0.9999997,0.9999989,0.9999992,0.99999726,0.9999996,0.9999994,0.99999946,0.9999996,0.9999995,0.9999996,0.9999756,0.9999998,0.99999994,0.99999905,0.9999996,0.99999964,0.99999875,0.9999997,0.99999964,0.99999964,0.99999964,0.99999857,0.9999997,0.99999976,0.9999997,0.99999964,0.9999945,0.99998194,0.9999997,0.9999994,0.99999875,0.99999976,0.9999995,0.9999996,0.99999976,0.99999964,0.9999995,0.9999996,0.99999917,0.99999946,0.9999993,0.99999976,0.99999946,0.9999997,0.9999997,0.99999964,0.9999997,0.9999996,0.7299671,0.99999964,0.9999997,0.9999997,0.9999996,0.99999946,0.99999964,0.99999744,0.99999946,0.99999964,0.9999996,0.99999976,0.9999997,0.99999964,0.9999995,0.99999964,0.999999,0.9999997,0.99999964,0.99999946,0.9999995,0.9999997,0.99999976,0.99999964,0.9999963,0.9999997,0.9999997,0.99999976,0.9999995,0.99999946,0.9999996,0.9999994,0.9999984,0.9999942,0.99999905,0.99999964,0.9999995,0.99999905,0.9999995,0.9999998,0.9999996,0.99683917,0.99999964,0.9999997,0.9999998,0.99929905,0.9987504,0.9999996,0.9999995,0.55154485,0.9999995,0.99999976,0.9999997,0.9999996,0.99999976,0.9999997,1.0,0.9999992,0.99999976,0.9999992,0.99999964,0.99999964,0.99999946,0.99999946,0.9999997,0.9999997,0.9999996,0.9999997,0.99999994,0.99999946,0.9999995,0.9999997,0.9999964,0.9999995,0.9999996,0.9999996,0.9999997,0.9999997,0.9999996,0.99999976,0.9999995,0.99999964,0.9999996,0.9999995,0.9999983,0.9999997,0.9999995,0.9999997,0.99999994,0.9999996,0.99999964,0.9999995,0.9999991,0.99999934,0.99999964,0.9999996,0.99999774,0.99756026,0.99999964,0.99999934,0.9999998,0.9999981,0.9999997,0.9999979,0.9999996,0.99999934,0.9999992,0.99999964,0.99999994,0.99999964,0.9999996,0.99999976,0.9999997,0.99999905,0.99999946,0.9999994,0.9999997,0.9999994,0.99999964,0.9999999,0.9999997,0.9999994,0.99999994,0.99999964,0.9999995,0.9999996,0.99999934,0.99999964,0.9999993,0.99999964,0.99999946,0.99999964,0.9999995,0.9999997,0.9999997,0.9999997,0.9999998,0.99999976,0.99999994,0.99999964,0.9999998,0.99999917,0.9999989,0.99999964,0.9999995,1.0,0.99999964,0.99999964,0.99999964,0.99999964,0.99999964,0.9999996,0.99999964,0.99999976,0.9999997,0.99999815,0.9999998,0.9999996,0.9999994,0.9999995,0.9999995,0.9999996,0.9999994,0.98033315,0.99999946,0.99999964,0.9999997
NIPBL_K562,0.9999999,1.0,0.99999994,1.0,0.9999999,0.9999999,0.9999999,0.9999998,0.9999999,1.0,1.0,0.9999935,0.99999994,1.0,1.0,0.99999994,0.99999994,0.99999994,0.99998355,0.9999998,0.99999964,1.0,0.99999994,0.9999999,0.99999994,0.9999999,0.99999994,0.99999994,0.9999999,0.9999999,0.9999999,0.9999999,0.9999999,0.99999994,0.9999896,0.9999886,0.9999999,1.0,0.99999994,0.9999998,0.99999994,0.99999994,0.9999998,0.99999994,0.99999994,0.99999994,1.0,1.0,1.0,0.9999998,1.0,0.9999999,0.9999999,0.9999999,0.9999999,0.99999994,0.7308182,0.9999999,0.9999999,0.9999999,0.99999994,1.0,0.99999994,0.99999946,1.0,0.9999999,0.99999994,0.9999999,0.9999999,0.99999994,0.99999994,0.99999994,1.0,0.9999999,0.99999994,1.0,0.99999994,0.9999999,0.9999998,0.99999994,0.9999989,0.9999999,0.9999999,0.99999803,0.99999994,1.0,0.99999994,1.0,0.9999998,0.9999892,1.0,0.99999994,1.0,1.0,0.99999994,0.99999976,0.99999994,0.9967394,0.99999994,0.9999999,0.99999976,0.99925166,0.9988119,0.99999994,0.99999994,0.55050504,0.99999994,0.9999999,0.9999999,0.99999994,0.9999998,0.9999999,0.9999992,1.0,0.9999999,1.0,0.99999994,0.99999994,1.0,1.0,0.9999999,0.9999999,0.99999994,0.9999999,0.9999995,1.0,0.99999994,0.9999999,0.999999,0.99999994,0.99999994,0.99999994,0.9999999,0.9999999,0.99999994,0.9999998,1.0,0.99999994,0.99999994,0.99999994,0.9999998,0.9999999,0.99999994,0.9999999,0.9999996,0.99999994,0.9999999,0.99999994,1.0,1.0,0.99999994,0.99999994,0.9999943,0.9976465,0.99999994,1.0,0.9999998,0.99999976,0.9999999,0.9999997,0.99999994,1.0,1.0,0.99999994,0.9999995,0.9999999,0.99999994,0.9999998,0.9999999,1.0,1.0,1.0,0.9999999,1.0,0.99999994,0.99999964,0.9999999,1.0,0.99999964,0.9999999,0.99999994,0.99999994,1.0,0.99999994,1.0,0.99999994,1.0,0.99999994,0.99999994,0.9999999,0.9999999,0.9999999,0.9999998,0.9999998,0.9999996,0.9999999,0.9999998,1.0,1.0,0.99999994,0.99999994,0.9999993,0.99999994,0.99999994,0.99999994,0.99999994,0.9999999,0.99999994,0.99999994,0.9999998,0.9999999,0.99999976,0.9999998,0.99999994,1.0,0.99999994,0.99999994,0.99999994,1.0,0.9805783,1.0,0.9999999,0.9999999
NKRF_HepG2,1.0,0.9999999,0.99999994,0.9999998,1.0,1.0,1.0,1.0,1.0,0.9999997,0.9999999,0.99999535,1.0,0.99999994,0.99999994,1.0,0.99999994,1.0,0.9999803,1.0,0.99999994,0.99999976,1.0,1.0,0.9999996,1.0,1.0,1.0,1.0,0.9999995,1.0,1.0,1.0,1.0,0.99999195,0.9999859,1.0,0.99999994,0.99999964,1.0,0.99999994,1.0,1.0,1.0,0.99999994,1.0,0.9999998,0.99999994,0.9999999,1.0,0.99999994,1.0,1.0,1.0,1.0,1.0,0.7304458,1.0,1.0,1.0,1.0,0.99999994,1.0,0.99999875,0.99999994,1.0,1.0,1.0,1.0,1.0,0.99999994,1.0,0.99999976,1.0,1.0,0.99999994,0.99999994,1.0,1.0,1.0,0.999998,1.0,1.0,0.999999,0.99999994,0.99999994,1.0,0.99999994,0.9999994,0.9999916,0.99999976,1.0,0.99999994,0.99999976,0.99999994,1.0,1.0,0.99678326,1.0,1.0,1.0,0.9992726,0.99878514,1.0,0.99999994,0.55096024,0.99999994,1.0,1.0,1.0,1.0,1.0,0.99999976,0.9999999,1.0,0.9999999,1.0,1.0,0.99999994,0.99999994,1.0,1.0,1.0,1.0,0.9999999,0.99999994,0.99999994,1.0,0.9999981,0.99999994,1.0,1.0,1.0,1.0,1.0,1.0,0.99999994,1.0,1.0,0.99999994,0.99999934,1.0,0.99999994,1.0,0.99999994,1.0,1.0,0.99999994,0.99999976,0.9999999,1.0,1.0,0.99999595,0.99760896,1.0,0.9999999,1.0,0.9999992,1.0,0.9999991,1.0,0.9999999,0.9999999,1.0,0.9999999,1.0,1.0,1.0,1.0,0.99999976,0.99999994,0.99999994,1.0,0.99999994,1.0,0.99999994,1.0,0.99999994,0.99999994,1.0,0.99999994,1.0,0.9999999,1.0,0.9999999,1.0,0.99999994,1.0,0.99999994,1.0,1.0,1.0,1.0,1.0,0.99999994,1.0,1.0,0.9999998,0.9999997,1.0,0.99999994,0.99999976,1.0,1.0,1.0,1.0,1.0,1.0,1.0,1.0,1.0,0.9999993,1.0,1.0,0.99999994,0.99999994,0.99999994,1.0,0.99999994,0.9804712,0.99999994,1.0,1.0
NOL12_HepG2,0.9999999,1.0,0.99999994,1.0,0.9999999,0.9999999,0.99999994,0.9999999,0.99999994,0.99999994,1.0,0.9999936,0.99999994,1.0,1.0,0.99999994,0.99999994,0.99999994,0.99998343,0.9999998,0.99999964,1.0,0.99999994,0.99999994,0.99999994,0.9999999,0.99999994,0.99999994,0.99999994,0.9999999,0.99999994,0.9999999,0.9999999,0.99999994,0.99998975,0.9999885,0.9999999,1.0,0.99999994,0.9999999,1.0,0.99999994,0.9999998,0.99999994,1.0,0.99999994,1.0,1.0,1.0,0.9999998,1.0,0.9999999,0.9999999,0.99999994,0.9999999,0.99999994,0.7308009,0.99999994,0.9999999,0.9999999,0.99999994,1.0,0.99999994,0.99999946,1.0,0.99999994,0.99999994,0.9999999,0.9999999,0.99999994,1.0,0.99999994,1.0,0.9999999,0.99999994,1.0,0.99999994,0.9999999,0.9999998,0.99999994,0.99999887,0.9999999,0.9999999,0.9999981,1.0,1.0,0.99999994,1.0,0.9999998,0.99998933,1.0,0.99999994,1.0,1.0,0.99999994,0.9999998,0.99999994,0.9967414,0.99999994,0.9999999,0.99999976,0.9992526,0.99881065,0.99999994,0.99999994,0.55052614,0.99999994,0.9999999,0.9999999,0.99999994,0.9999998,0.9999999,0.9999992,1.0,0.9999999,1.0,0.99999994,0.99999994,1.0,1.0,0.9999999,0.9999999,0.99999994,0.9999999,0.9999995,1.0,0.99999994,0.9999999,0.9999989,1.0,0.99999994,0.99999994,0.9999999,0.9999999,0.99999994,0.9999999,1.0,0.99999994,0.99999994,0.99999994,0.9999998,0.9999999,1.0,0.99999994,0.9999996,0.99999994,0.99999994,0.99999994,1.0,1.0,0.99999994,0.99999994,0.99999434,0.9976448,0.99999994,1.0,0.9999998,0.99999976,0.9999999,0.99999964,0.99999994,1.0,1.0,0.99999994,0.9999995,0.99999994,0.99999994,0.9999998,0.9999999,1.0,1.0,1.0,0.9999999,1.0,0.99999994,0.9999997,0.9999999,1.0,0.99999964,0.99999994,1.0,0.99999994,1.0,0.99999994,1.0,0.99999994,1.0,0.99999994,1.0,0.9999999,0.9999999,0.9999999,0.9999998,0.9999998,0.9999996,0.99999994,0.9999998,1.0,1.0,0.99999994,0.99999994,0.9999993,0.99999994,0.99999994,0.99999994,0.99999994,0.99999994,0.99999994,0.99999994,0.9999998,0.9999999,0.99999976,0.9999998,0.99999994,1.0,1.0,0.99999994,0.99999994,1.0,0.98057336,1.0,0.99999994,0.9999999
NOLC1_HepG2,1.0,0.99999994,1.0,0.9999999,1.0,1.0,1.0,1.0,1.0,0.9999998,0.99999994,0.9999948,1.0,0.99999994,1.0,1.0,1.0,1.0,0.99998134,1.0,0.9999999,0.9999999,1.0,1.0,0.99999976,1.0,1.0,1.0,1.0,0.99999964,1.0,1.0,1.0,1.0,0.9999913,0.99998677,1.0,1.0,0.99999976,1.0,1.0,1.0,1.0,1.0,1.0,1.0,0.9999999,1.0,0.99999994,1.0,1.0,1.0,1.0,1.0,1.0,1.0,0.73055875,1.0,1.0,1.0,1.0,1.0,1.0,0.99999905,1.0,1.0,1.0,1.0,1.0,1.0,1.0,1.0,0.9999999,1.0,1.0,1.0,1.0,1.0,1.0,1.0,0.9999983,1.0,1.0,0.99999875,1.0,1.0,1.0,1.0,0.9999996,0.9999909,0.9999999,1.0,1.0,0.9999999,1.0,0.99999994,1.0,0.99676996,1.0,1.0,0.99999994,0.99926627,0.9987933,1.0,1.0,0.55082226,1.0,1.0,1.0,1.0,1.0,1.0,0.99999964,0.99999994,1.0,0.99999994,1.0,1.0,1.0,1.0,1.0,1.0,1.0,1.0,0.9999998,1.0,1.0,1.0,0.9999984,1.0,1.0,1.0,1.0,1.0,1.0,1.0,1.0,1.0,1.0,1.0,0.9999995,1.0,1.0,1.0,0.9999998,1.0,1.0,1.0,0.9999999,0.99999994,1.0,1.0,0.99999547,0.99762034,1.0,0.99999994,1.0,0.9999994,1.0,0.9999993,1.0,0.99999994,0.99999994,1.0,0.9999998,1.0,1.0,1.0,1.0,0.9999999,1.0,1.0,1.0,1.0,1.0,0.9999999,1.0,1.0,0.9999999,1.0,1.0,1.0,0.99999994,1.0,0.99999994,1.0,1.0,1.0,1.0,1.0,1.0,1.0,0.99999994,1.0,0.9999999,1.0,1.0,0.99999994,0.9999998,1.0,1.0,0.99999964,1.0,1.0,1.0,1.0,1.0,1.0,1.0,1.0,1.0,0.99999946,0.99999994,1.0,1.0,1.0,1.0,1.0,1.0,0.98050374,1.0,1.0,1.0
NOLC1_K562,1.0,0.99999994,1.0,0.9999999,1.0,1.0,1.0,1.0,1.0,0.9999998,0.99999994,0.9999949,1.0,0.99999994,1.0,1.0,1.0,1.0,0.9999813,1.0,0.9999999,0.9999999,1.0,1.0,0.9999997,1.0,1.0,1.0,1.0,0.99999964,1.0,1.0,1.0,1.0,0.99999136,0.9999867,1.0,1.0,0.99999976,1.0,1.0,1.0,1.0,1.0,1.0,1.0,0.9999999,1.0,0.99999994,1.0,1.0,1.0,1.0,1.0,1.0,1.0,0.73055214,1.0,1.0,1.0,1.0,1.0,1.0,0.999999,1.0,1.0,1.0,1.0,1.0,1.0,1.0,1.0,0.9999998,1.0,1.0,1.0,1.0,1.0,1.0,1.0,0.9999983,1.0,1.0,0.99999875,1.0,1.0,1.0,1.0,0.9999996,0.99999094,0.9999999,1.0,1.0,0.9999999,1.0,0.99999994,1.0,0.99677074,1.0,1.0,0.99999994,0.9992666,0.9987928,1.0,1.0,0.5508303,1.0,1.0,1.0,1.0,1.0,1.0,0.99999964,0.99999994,1.0,0.99999994,1.0,1.0,1.0,1.0,1.0,1.0,1.0,1.0,0.9999998,1.0,1.0,1.0,0.9999984,1.0,1.0,1.0,1.0,1.0,1.0,1.0,1.0,1.0,1.0,1.0,0.99999946,1.0,1.0,1.0,0.9999999,1.0,1.0,1.0,0.9999999,0.99999994,1.0,1.0,0.9999955,0.9976197,1.0,0.99999994,1.0,0.9999994,1.0,0.9999993,1.0,0.99999994,0.99999994,1.0,0.9999998,1.0,1.0,1.0,1.0,0.9999999,1.0,0.99999994,1.0,1.0,1.0,0.9999999,1.0,1.0,0.9999999,1.0,1.0,1.0,0.99999994,1.0,0.99999994,1.0,1.0,1.0,1.0,1.0,1.0,1.0,1.0,1.0,0.9999999,1.0,1.0,0.99999994,0.9999998,1.0,1.0,0.99999964,1.0,1.0,1.0,1.0,1.0,1.0,1.0,1.0,1.0,0.99999946,0.99999994,1.0,1.0,1.0,1.0,1.0,1.0,0.98050183,1.0,1.0,1.0
NONO_K562,0.99999994,1.0,1.0,0.99999994,0.99999994,0.99999994,0.99999994,0.99999994,0.99999994,0.99999994,1.0,0.9999942,1.0,1.0,1.0,1.0,1.0,1.0,0.9999825,0.99999994,0.99999976,0.99999994,1.0,0.99999994,0.9999999,0.99999994,1.0,1.0,1.0,0.9999998,0.99999994,0.99999994,0.99999994,1.0,0.99999046,0.9999877,0.99999994,1.0,0.9999999,0.99999994,1.0,1.0,0.99999994,1.0,1.0,1.0,1.0,1.0,1.0,0.99999994,1.0,0.99999994,0.99999994,1.0,0.99999994,1.0,0.73068815,1.0,0.99999994,0.99999994,1.0,1.0,1.0,0.9999993,1.0,1.0,1.0,0.99999994,0.99999994,1.0,1.0,1.0,0.99999994,0.99999994,1.0,1.0,1.0,0.99999994,0.99999994,1.0,0.9999986,0.99999994,0.99999994,0.9999984,1.0,1.0,1.0,1.0,0.9999997,0.99999005,0.99999994,1.0,1.0,0.99999994,1.0,0.9999999,1.0,0.99675477,1.0,0.99999994,0.9999999,0.999259,0.9988026,1.0,1.0,0.550664,1.0,0.99999994,0.99999994,1.0,0.99999994,0.99999994,0.99999946,1.0,0.99999994,1.0,1.0,1.0,1.0,1.0,0.99999994,0.99999994,1.0,0.99999994,0.9999997,1.0,1.0,0.99999994,0.9999987,1.0,1.0,1.0,0.99999994,0.99999994,1.0,0.99999994,1.0,1.0,1.0,1.0,0.9999997,0.99999994,1.0,0.99999994,0.9999997,1.0,1.0,1.0,0.99999994,1.0,1.0,1.0,0.9999949,0.9976334,1.0,1.0,0.9999999,0.9999996,0.99999994,0.9999995,1.0,1.0,1.0,1.0,0.9999997,1.0,1.0,0.99999994,0.99999994,0.99999994,1.0,1.0,0.99999994,1.0,1.0,0.9999998,0.99999994,1.0,0.99999976,1.0,1.0,1.0,1.0,1.0,1.0,1.0,1.0,1.0,1.0,0.99999994,0.99999994,0.99999994,0.9999999,0.99999994,0.99999976,1.0,0.99999994,1.0,0.99999994,1.0,1.0,0.99999946,1.0,1.0,1.0,1.0,1.0,1.0,1.0,0.99999994,0.99999994,0.99999964,0.9999999,1.0,1.0,1.0,1.0,1.0,1.0,0.98054093,1.0,1.0,0.99999994
NPM1_K562,0.99999994,1.0,1.0,0.99999994,0.99999994,0.99999994,1.0,0.99999994,1.0,0.9999999,1.0,0.9999943,1.0,1.0,1.0,1.0,1.0,1.0,0.9999823,0.99999994,0.9999998,0.99999994,1.0,1.0,0.9999998,0.99999994,1.0,1.0,1.0,0.99999976,1.0,0.99999994,0.99999994,1.0,0.99999064,0.99998754,1.0,1.0,0.9999998,0.99999994,1.0,1.0,0.99999994,1.0,1.0,1.0,0.99999994,1.0,1.0,0.99999994,1.0,0.99999994,0.99999994,1.0,1.0,1.0,0.7306673,1.0,1.0,0.99999994,1.0,1.0,1.0,0.9999992,1.0,1.0,1.0,0.99999994,1.0,1.0,1.0,1.0,0.99999994,0.99999994,1.0,1.0,1.0,0.99999994,0.99999994,1.0,0.99999857,0.99999994,1.0,0.99999845,1.0,1.0,1.0,1.0,0.9999997,0.9999902,0.99999994,1.0,1.0,0.99999994,1.0,0.9999999,1.0,0.9967572,1.0,0.99999994,0.9999999,0.9992602,0.9988011,1.0,1.0,0.5506896,1.0,0.99999994,1.0,1.0,0.99999994,0.99999994,0.99999946,1.0,0.99999994,1.0,1.0,1.0,1.0,1.0,0.99999994,0.99999994,1.0,0.99999994,0.9999997,1.0,1.0,0.99999994,0.9999986,1.0,1.0,1.0,0.99999994,1.0,1.0,0.99999994,1.0,1.0,1.0,1.0,0.99999964,0.99999994,1.0,1.0,0.99999976,1.0,1.0,1.0,0.99999994,1.0,1.0,1.0,0.999995,0.9976313,1.0,1.0,0.99999994,0.9999996,0.99999994,0.99999946,1.0,1.0,1.0,1.0,0.9999997,1.0,1.0,0.99999994,0.99999994,0.99999994,1.0,1.0,1.0,1.0,1.0,0.9999998,0.99999994,1.0,0.99999976,1.0,1.0,1.0,1.0,1.0,1.0,1.0,1.0,1.0,1.0,0.99999994,0.99999994,0.99999994,0.99999994,0.99999994,0.99999976,1.0,0.99999994,0.99999994,0.9999999,1.0,1.0,0.9999995,1.0,1.0,1.0,1.0,1.0,1.0,1.0,0.99999994,0.99999994,0.9999996,0.99999994,1.0,1.0,1.0,1.0,1.0,1.0,0.980535,1.0,1.0,1.0
NSUN2_K562,1.0,0.99999994,1.0,0.9999998,1.0,1.0,1.0,1.0,1.0,0.99999976,0.9999999,0.9999952,1.0,0.99999994,1.0,1.0,1.0,1.0,0.9999807,1.0,0.99999994,0.9999998,1.0,1.0,0.99999964,1.0,1.0,1.0,1.0,0.9999996,1.0,1.0,1.0,1.0,0.9999917,0.99998623,1.0,0.99999994,0.9999997,1.0,1.0,1.0,1.0,1.0,1.0,1.0,0.9999999,0.99999994,0.99999994,1.0,0.99999994,1.0,1.0,1.0,1.0,1.0,0.73048973,1.0,1.0,1.0,1.0,0.99999994,1.0,0.99999887,0.99999994,1.0,1.0,1.0,1.0,1.0,1.0,1.0,0.9999998,1.0,1.0,0.99999994,1.0,1.0,1.0,1.0,0.9999981,1.0,1.0,0.99999887,1.0,1.0,1.0,0.99999994,0.99999946,0.9999913,0.9999998,1.0,1.0,0.9999998,1.0,1.0,1.0,0.9967781,1.0,1.0,1.0,0.99927014,0.9987883,1.0,1.0,0.5509066,1.0,1.0,1.0,1.0,1.0,1.0,0.9999997,0.9999999,1.0,0.9999999,1.0,1.0,0.99999994,0.99999994,1.0,1.0,1.0,1.0,0.9999999,0.99999994,1.0,1.0,0.9999982,1.0,1.0,1.0,1.0,1.0,1.0,1.0,1.0,1.0,1.0,1.0,0.9999994,1.0,1.0,1.0,0.9999999,1.0,1.0,1.0,0.9999998,0.99999994,1.0,1.0,0.99999577,0.9976134,1.0,0.99999994,1.0,0.9999993,1.0,0.99999917,1.0,0.99999994,0.9999999,1.0,0.9999999,1.0,1.0,1.0,1.0,0.9999998,0.99999994,0.99999994,1.0,0.99999994,1.0,0.99999994,1.0,0.99999994,0.99999994,1.0,1.0,1.0,0.99999994,1.0,0.9999999,1.0,0.99999994,1.0,1.0,1.0,1.0,1.0,1.0,1.0,0.9999999,1.0,1.0,0.9999999,0.99999976,1.0,1.0,0.99999976,1.0,1.0,1.0,1.0,1.0,1.0,1.0,1.0,1.0,0.99999934,1.0,1.0,0.99999994,1.0,1.0,1.0,0.99999994,0.98048383,0.99999994,1.0,1.0
PABPC4_K562,1.0,0.99999994,1.0,0.9999998,1.0,1.0,1.0,1.0,1.0,0.99999976,0.9999999,0.9999952,1.0,0.99999994,0.99999994,1.0,1.0,1.0,0.9999807,1.0,0.99999994,0.9999998,1.0,1.0,0.99999964,1.0,1.0,1.0,1.0,0.9999996,1.0,1.0,1.0,1.0,0.9999917,0.99998623,1.0,0.99999994,0.99999964,1.0,1.0,1.0,1.0,1.0,1.0,1.0,0.9999999,0.99999994,0.99999994,1.0,0.99999994,1.0,1.0,1.0,1.0,1.0,0.7304875,1.0,1.0,1.0,1.0,0.99999994,1.0,0.99999887,0.99999994,1.0,1.0,1.0,1.0,1.0,1.0,1.0,0.99999976,1.0,1.0,0.99999994,1.0,1.0,1.0,1.0,0.9999981,1.0,1.0,0.99999887,1.0,0.99999994,1.0,0.99999994,0.99999946,0.99999136,0.9999998,1.0,1.0,0.9999998,1.0,1.0,1.0,0.99677837,1.0,1.0,1.0,0.99927026,0.9987882,1.0,1.0,0.5509093,1.0,1.0,1.0,1.0,1.0,1.0,0.9999997,0.9999999,1.0,0.9999999,1.0,1.0,0.99999994,0.99999994,1.0,1.0,1.0,1.0,0.9999999,0.99999994,1.0,1.0,0.9999982,1.0,1.0,1.0,1.0,1.0,1.0,1.0,0.99999994,1.0,1.0,1.0,0.9999994,1.0,1.0,1.0,0.9999999,1.0,1.0,1.0,0.9999998,0.99999994,1.0,1.0,0.99999577,0.9976132,1.0,0.99999994,1.0,0.9999993,1.0,0.99999917,1.0,0.99999994,0.9999999,1.0,0.9999999,1.0,1.0,1.0,1.0,0.9999998,0.99999994,0.99999994,1.0,0.99999994,1.0,0.99999994,1.0,0.99999994,0.99999994,1.0,1.0,1.0,0.99999994,1.0,0.9999999,1.0,0.99999994,1.0,1.0,1.0,1.0,1.0,1.0,1.0,0.9999999,1.0,1.0,0.9999999,0.99999976,1.0,1.0,0.99999976,1.0,1.0,1.0,1.0,1.0,1.0,1.0,1.0,1.0,0.99999934,1.0,1.0,0.99999994,1.0,1.0,1.0,0.99999994,0.98048323,0.99999994,1.0,1.0
PABPN1_HepG2,1.0,1.0,1.0,0.99999994,1.0,1.0,1.0,1.0,1.0,0.9999999,0.99999994,0.9999946,1.0,1.0,1.0,1.0,1.0,1.0,0.99998176,0.99999994,0.9999999,0.9999999,1.0,1.0,0.99999976,1.0,1.0,1.0,1.0,0.9999997,1.0,1.0,1.0,1.0,0.999991,0.9999871,1.0,1.0,0.9999998,1.0,1.0,1.0,0.99999994,1.0,1.0,1.0,0.99999994,1.0,1.0,0.99999994,1.0,1.0,1.0,1.0,1.0,1.0,0.7306057,1.0,1.0,1.0,1.0,1.0,1.0,0.9999991,1.0,1.0,1.0,1.0,1.0,1.0,1.0,1.0,0.9999999,1.0,1.0,1.0,1.0,1.0,0.99999994,1.0,0.9999984,1.0,1.0,0.9999986,1.0,1.0,1.0,1.0,0.99999964,0.9999906,0.9999999,1.0,1.0,0.9999999,1.0,0.99999994,1.0,0.9967645,1.0,1.0,0.99999994,0.99926364,0.99879664,1.0,1.0,0.55076486,1.0,1.0,1.0,1.0,0.99999994,1.0,0.9999996,0.99999994,1.0,0.99999994,1.0,1.0,1.0,1.0,1.0,1.0,1.0,1.0,0.99999976,1.0,1.0,1.0,0.9999985,1.0,1.0,1.0,1.0,1.0,1.0,0.99999994,1.0,1.0,1.0,1.0,0.9999996,1.0,1.0,1.0,0.9999998,1.0,1.0,1.0,0.99999994,1.0,1.0,1.0,0.9999953,0.9976251,1.0,1.0,0.99999994,0.99999946,1.0,0.9999994,1.0,1.0,0.99999994,1.0,0.99999976,1.0,1.0,0.99999994,1.0,0.9999999,1.0,1.0,1.0,1.0,1.0,0.9999999,1.0,1.0,0.9999998,1.0,1.0,1.0,1.0,1.0,0.99999994,1.0,1.0,1.0,1.0,1.0,1.0,1.0,0.99999994,0.99999994,0.9999998,1.0,0.99999994,0.99999994,0.9999999,1.0,1.0,0.9999996,1.0,1.0,1.0,1.0,1.0,1.0,1.0,0.99999994,1.0,0.9999995,0.99999994,1.0,1.0,1.0,1.0,1.0,1.0,0.9805172,1.0,1.0,1.0
PCBP1_HepG2,1.0,0.99999994,1.0,0.9999998,1.0,1.0,1.0,1.0,1.0,0.99999976,0.9999999,0.9999952,1.0,0.99999994,1.0,1.0,1.0,1.0,0.9999807,1.0,0.99999994,0.9999998,1.0,1.0,0.99999964,1.0,1.0,1.0,1.0,0.9999996,1.0,1.0,1.0,1.0,0.9999917,0.99998623,1.0,0.99999994,0.9999997,1.0,1.0,1.0,1.0,1.0,1.0,1.0,0.9999999,0.99999994,0.99999994,1.0,0.99999994,1.0,1.0,1.0,1.0,1.0,0.7304896,1.0,1.0,1.0,1.0,0.99999994,1.0,0.99999887,0.99999994,1.0,1.0,1.0,1.0,1.0,1.0,1.0,0.9999998,1.0,1.0,0.99999994,1.0,1.0,1.0,1.0,0.9999981,1.0,1.0,0.99999887,1.0,1.0,1.0,0.99999994,0.99999946,0.9999913,0.9999998,1.0,1.0,0.9999998,1.0,1.0,1.0,0.99677813,1.0,1.0,1.0,0.99927014,0.9987883,1.0,1.0,0.5509067,1.0,1.0,1.0,1.0,1.0,1.0,0.9999997,0.9999999,1.0,0.9999999,1.0,1.0,0.99999994,0.99999994,1.0,1.0,1.0,1.0,0.9999999,0.99999994,1.0,1.0,0.9999982,1.0,1.0,1.0,1.0,1.0,1.0,1.0,1.0,1.0,1.0,1.0,0.9999994,1.0,1.0,1.0,0.9999999,1.0,1.0,1.0,0.9999998,0.99999994,1.0,1.0,0.99999577,0.9976134,1.0,0.99999994,1.0,0.9999993,1.0,0.99999917,1.0,0.99999994,0.9999999,1.0,0.9999999,1.0,1.0,1.0,1.0,0.9999998,0.99999994,0.99999994,1.0,0.99999994,1.0,0.99999994,1.0,0.99999994,0.99999994,1.0,1.0,1.0,0.99999994,1.0,0.9999999,1.0,0.99999994,1.0,1.0,1.0,1.0,1.0,1.0,1.0,0.9999999,1.0,1.0,0.9999999,0.99999976,1.0,1.0,0.99999976,1.0,1.0,1.0,1.0,1.0,1.0,1.0,1.0,1.0,0.99999934,1.0,1.0,0.99999994,1.0,1.0,1.0,0.99999994,0.98048383,0.99999994,1.0,1.0
PCBP1_K562,0.9999999,0.9999996,0.99999976,0.99999946,0.9999999,0.9999999,0.9999999,0.9999999,0.9999999,0.9999993,0.9999995,0.9999966,0.9999998,0.99999964,0.9999997,0.9999998,0.99999976,0.99999976,0.9999774,0.99999994,1.0,0.9999994,0.9999998,0.9999998,0.9999991,0.9999999,0.9999998,0.9999998,0.9999998,0.999999,0.9999999,0.9999999,0.9999999,0.9999998,0.9999936,0.99998343,0.9999999,0.99999964,0.9999991,0.9999999,0.99999976,0.9999998,0.99999994,0.9999998,0.99999976,0.9999998,0.99999946,0.9999997,0.9999996,0.99999994,0.9999997,0.9999999,0.9999999,0.9999998,0.9999999,0.9999998,0.7301436,0.9999998,0.9999999,0.9999999,0.9999998,0.9999997,0.9999998,0.999998,0.9999997,0.9999998,0.99999976,0.9999999,0.9999999,0.9999998,0.99999976,0.9999998,0.99999934,0.9999999,0.9999998,0.9999997,0.99999976,0.9999999,0.99999994,0.9999998,0.99999696,0.9999999,0.9999999,0.9999995,0.99999976,0.9999997,0.99999976,0.99999964,0.9999988,0.9999933,0.99999934,0.9999998,0.9999997,0.99999934,0.99999976,0.99999994,0.9999998,0.9968186,0.9999998,0.9999999,0.99999994,0.99928933,0.99876326,0.99999976,0.99999976,0.5513294,0.99999976,0.9999999,0.9999999,0.9999998,0.99999994,0.9999999,0.99999994,0.9999995,0.9999999,0.9999995,0.9999998,0.9999998,0.9999997,0.9999997,0.9999999,0.9999999,0.99999976,0.9999999,1.0,0.9999997,0.99999976,0.9999999,0.9999971,0.9999997,0.99999976,0.99999976,0.9999999,0.9999999,0.9999998,0.9999999,0.9999997,0.9999998,0.9999998,0.99999976,0.9999987,0.9999999,0.9999997,0.9999998,1.0,0.99999976,0.9999998,0.99999976,0.9999994,0.9999996,0.9999998,0.99999976,0.99999714,0.99757826,0.9999998,0.9999996,0.99999994,0.99999857,0.9999999,0.9999984,0.9999998,0.99999964,0.9999995,0.9999998,1.0,0.9999998,0.9999998,0.99999994,0.9999999,0.99999934,0.9999997,0.99999964,0.9999999,0.99999964,0.9999998,1.0,0.9999999,0.99999964,1.0,0.9999998,0.9999997,0.99999976,0.99999964,0.9999998,0.9999996,0.9999998,0.9999997,0.9999998,0.99999976,0.9999999,0.9999999,0.9999999,0.99999994,0.99999994,1.0,0.9999998,0.99999994,0.99999946,0.9999993,0.9999998,0.99999976,1.0,0.9999998,0.9999998,0.9999998,0.9999998,0.9999998,0.9999998,0.9999998,0.99999994,0.9999999,0.9999986,0.99999994,0.9999998,0.99999964,0.9999997,0.99999976,0.9999998,0.99999964,0.9803841,0.9999997,0.9999998,0.9999999
PCBP2_HepG2,0.99999994,1.0,1.0,0.99999994,0.99999994,0.99999994,1.0,0.99999994,1.0,0.9999999,1.0,0.9999943,1.0,1.0,1.0,1.0,1.0,1.0,0.9999823,0.99999994,0.9999998,0.99999994,1.0,1.0,0.9999998,0.99999994,1.0,1.0,1.0,0.99999976,1.0,0.99999994,0.99999994,1.0,0.99999064,0.99998754,1.0,1.0,0.9999998,0.99999994,1.0,1.0,0.99999994,1.0,1.0,1.0,0.99999994,1.0,1.0,0.99999994,1.0,0.99999994,0.99999994,1.0,1.0,1.0,0.7306671,1.0,1.0,0.99999994,1.0,1.0,1.0,0.9999992,1.0,1.0,1.0,0.99999994,1.0,1.0,1.0,1.0,0.99999994,0.99999994,1.0,1.0,1.0,0.99999994,0.99999994,1.0,0.99999857,0.99999994,1.0,0.99999845,1.0,1.0,1.0,1.0,0.9999997,0.9999902,0.99999994,1.0,1.0,0.99999994,1.0,0.9999999,1.0,0.9967572,1.0,0.99999994,0.9999999,0.9992602,0.99880105,1.0,1.0,0.55068976,1.0,0.99999994,1.0,1.0,0.99999994,0.99999994,0.99999946,1.0,0.99999994,1.0,1.0,1.0,1.0,1.0,0.99999994,0.99999994,1.0,0.99999994,0.9999997,1.0,1.0,0.99999994,0.9999986,1.0,1.0,1.0,0.99999994,1.0,1.0,0.99999994,1.0,1.0,1.0,1.0,0.99999964,0.99999994,1.0,1.0,0.99999976,1.0,1.0,1.0,0.99999994,1.0,1.0,1.0,0.999995,0.9976313,1.0,1.0,0.99999994,0.9999996,0.99999994,0.99999946,1.0,1.0,1.0,1.0,0.9999997,1.0,1.0,0.99999994,0.99999994,0.99999994,1.0,1.0,1.0,1.0,1.0,0.9999998,0.99999994,1.0,0.99999976,1.0,1.0,1.0,1.0,1.0,1.0,1.0,1.0,1.0,1.0,0.99999994,0.99999994,0.99999994,0.99999994,0.99999994,0.99999976,1.0,0.99999994,0.99999994,0.9999999,1.0,1.0,0.9999995,1.0,1.0,1.0,1.0,1.0,1.0,1.0,0.99999994,0.99999994,0.9999996,0.99999994,1.0,1.0,1.0,1.0,1.0,1.0,0.9805349,1.0,1.0,1.0
PHF6_K562,1.0,1.0,1.0,0.99999994,1.0,1.0,1.0,0.99999994,1.0,0.9999999,0.99999994,0.9999945,1.0,1.0,1.0,1.0,1.0,1.0,0.9999819,0.99999994,0.9999998,0.99999994,1.0,1.0,0.9999998,1.0,1.0,1.0,1.0,0.9999997,1.0,1.0,1.0,1.0,0.9999909,0.99998724,1.0,1.0,0.9999998,0.99999994,1.0,1.0,0.99999994,1.0,1.0,1.0,0.99999994,1.0,1.0,0.99999994,1.0,1.0,1.0,1.0,1.0,1.0,0.7306226,1.0,1.0,1.0,1.0,1.0,1.0,0.99999917,1.0,1.0,1.0,1.0,1.0,1.0,1.0,1.0,0.9999999,1.0,1.0,1.0,1.0,1.0,0.99999994,1.0,0.99999845,1.0,1.0,0.99999857,1.0,1.0,1.0,1.0,0.99999964,0.9999905,0.99999994,1.0,1.0,0.9999999,1.0,0.99999994,1.0,0.99676245,1.0,1.0,0.99999994,0.9992627,0.9987979,1.0,1.0,0.55074424,1.0,0.99999994,1.0,1.0,0.99999994,1.0,0.9999995,0.99999994,0.99999994,0.99999994,1.0,1.0,1.0,1.0,1.0,1.0,1.0,1.0,0.99999976,1.0,1.0,1.0,0.99999857,1.0,1.0,1.0,1.0,1.0,1.0,0.99999994,1.0,1.0,1.0,1.0,0.9999996,1.0,1.0,1.0,0.99999976,1.0,1.0,1.0,0.99999994,1.0,1.0,1.0,0.9999952,0.9976268,1.0,1.0,0.99999994,0.9999995,1.0,0.9999994,1.0,1.0,0.99999994,1.0,0.99999976,1.0,1.0,0.99999994,1.0,0.9999999,1.0,1.0,1.0,1.0,1.0,0.9999999,1.0,1.0,0.9999998,1.0,1.0,1.0,1.0,1.0,1.0,1.0,1.0,1.0,1.0,1.0,1.0,1.0,0.99999994,0.99999994,0.9999998,1.0,0.99999994,0.99999994,0.9999999,1.0,1.0,0.9999996,1.0,1.0,1.0,1.0,1.0,1.0,1.0,0.99999994,1.0,0.9999995,0.99999994,1.0,1.0,1.0,1.0,1.0,1.0,0.9805221,1.0,1.0,1.0
POLR2G_HepG2,1.0,0.99999994,1.0,0.9999999,1.0,1.0,1.0,1.0,1.0,0.99999976,0.9999999,0.9999951,1.0,0.99999994,1.0,1.0,1.0,1.0,0.99998075,1.0,0.99999994,0.9999998,1.0,1.0,0.99999964,1.0,1.0,1.0,1.0,0.9999996,1.0,1.0,1.0,1.0,0.99999166,0.9999863,1.0,0.99999994,0.9999997,1.0,1.0,1.0,1.0,1.0,1.0,1.0,0.9999999,0.99999994,0.99999994,1.0,0.99999994,1.0,1.0,1.0,1.0,1.0,0.73049784,1.0,1.0,1.0,1.0,0.99999994,1.0,0.99999887,1.0,1.0,1.0,1.0,1.0,1.0,1.0,1.0,0.9999998,1.0,1.0,0.99999994,1.0,1.0,1.0,1.0,0.9999981,1.0,1.0,0.99999887,1.0,1.0,1.0,0.99999994,0.99999946,0.9999913,0.9999998,1.0,1.0,0.9999998,1.0,1.0,1.0,0.9967771,1.0,1.0,1.0,0.99926966,0.9987889,1.0,1.0,0.5508967,1.0,1.0,1.0,1.0,1.0,1.0,0.9999997,0.9999999,1.0,0.9999999,1.0,1.0,0.99999994,0.99999994,1.0,1.0,1.0,1.0,0.9999999,0.99999994,1.0,1.0,0.9999982,1.0,1.0,1.0,1.0,1.0,1.0,1.0,1.0,1.0,1.0,1.0,0.9999994,1.0,1.0,1.0,0.9999999,1.0,1.0,1.0,0.9999998,0.99999994,1.0,1.0,0.99999577,0.9976142,1.0,0.99999994,1.0,0.99999934,1.0,0.99999917,1.0,0.99999994,0.9999999,1.0,0.9999999,1.0,1.0,1.0,1.0,0.9999998,0.99999994,0.99999994,1.0,0.99999994,1.0,0.99999994,1.0,0.99999994,0.99999994,1.0,1.0,1.0,0.99999994,1.0,0.99999994,1.0,0.99999994,1.0,1.0,1.0,1.0,1.0,1.0,1.0,0.9999999,1.0,1.0,0.9999999,0.99999976,1.0,1.0,0.9999997,1.0,1.0,1.0,1.0,1.0,1.0,1.0,1.0,1.0,0.99999934,1.0,1.0,0.99999994,1.0,1.0,1.0,0.99999994,0.98048615,0.99999994,1.0,1.0
PPIG_HepG2,0.99999815,0.99999887,0.99999857,0.9999991,0.99999815,0.9999981,0.9999983,0.99999803,0.9999983,0.9999993,0.999999,0.9999874,0.99999845,0.9999988,0.9999986,0.9999984,0.9999985,0.9999985,0.9999907,0.999998,0.99999744,0.99999917,0.99999845,0.9999983,0.9999994,0.9999982,0.99999833,0.99999833,0.99999833,0.9999995,0.9999983,0.9999981,0.9999982,0.99999833,0.9999822,0.9999944,0.9999982,0.99999875,0.9999994,0.9999981,0.99999857,0.9999984,0.999998,0.99999833,0.99999857,0.99999845,0.99999905,0.9999987,0.99999887,0.999998,0.9999987,0.99999815,0.99999815,0.9999983,0.9999982,0.9999984,0.73178667,0.9999983,0.9999982,0.99999815,0.99999845,0.9999987,0.99999833,0.99999994,0.9999986,0.9999983,0.99999845,0.9999981,0.9999983,0.99999833,0.99999857,0.99999833,0.9999992,0.99999815,0.99999833,0.9999987,0.99999857,0.99999815,0.999998,0.99999833,1.0,0.9999982,0.9999983,0.9999942,0.99999857,0.9999986,0.99999845,0.99999875,0.99999964,0.9999816,0.99999917,0.9999984,0.9999986,0.9999992,0.99999857,0.99999785,0.99999845,0.9966238,0.9999984,0.9999982,0.9999978,0.9991957,0.9988801,0.99999845,0.99999857,0.5493191,0.9999985,0.9999981,0.9999982,0.9999984,0.99999803,0.9999982,0.9999964,0.999999,0.9999981,0.9999989,0.9999984,0.9999984,0.9999987,0.9999986,0.9999982,0.9999982,0.9999985,0.9999982,0.9999971,0.9999986,0.99999857,0.9999982,1.0,0.99999857,0.9999985,0.99999845,0.9999982,0.9999982,0.99999845,0.99999803,0.9999986,0.99999833,0.9999984,0.99999857,0.9999997,0.9999982,0.9999986,0.9999983,0.9999972,0.9999985,0.9999983,0.99999857,0.99999917,0.99999887,0.99999833,0.99999845,0.99998844,0.99774283,0.9999984,0.99999887,0.9999979,0.99999976,0.99999815,0.9999998,0.99999845,0.9999988,0.999999,0.9999984,0.9999971,0.9999983,0.99999845,0.999998,0.9999982,0.9999992,0.9999987,0.99999875,0.9999983,0.99999875,0.9999984,0.9999975,0.9999982,0.99999875,0.9999974,0.9999983,0.99999857,0.9999985,0.9999988,0.9999984,0.9999989,0.99999833,0.9999987,0.99999833,0.99999857,0.99999815,0.9999982,0.9999982,0.9999979,0.99999803,0.99999726,0.9999983,0.999998,0.99999905,0.9999993,0.99999833,0.99999857,0.99999654,0.99999833,0.99999833,0.99999833,0.99999833,0.99999833,0.99999845,0.9999984,0.999998,0.9999982,0.9999997,0.9999979,0.99999845,0.99999875,0.9999986,0.99999857,0.9999984,0.99999875,0.9808558,0.9999987,0.9999983,0.9999982
PPIL4_K562,1.0,1.0,1.0,0.99999994,1.0,0.99999994,1.0,0.99999994,1.0,0.9999999,0.99999994,0.9999944,1.0,1.0,1.0,1.0,1.0,1.0,0.99998206,0.99999994,0.9999998,0.99999994,1.0,1.0,0.9999998,1.0,1.0,1.0,1.0,0.99999976,1.0,0.99999994,1.0,1.0,0.99999076,0.9999874,1.0,1.0,0.9999998,0.99999994,1.0,1.0,0.99999994,1.0,1.0,1.0,0.99999994,1.0,1.0,0.99999994,1.0,0.99999994,0.99999994,1.0,1.0,1.0,0.7306449,1.0,1.0,1.0,1.0,1.0,1.0,0.99999917,1.0,1.0,1.0,0.99999994,1.0,1.0,1.0,1.0,0.99999994,1.0,1.0,1.0,1.0,1.0,0.99999994,1.0,0.9999985,1.0,1.0,0.9999985,1.0,1.0,1.0,1.0,0.9999997,0.99999034,0.99999994,1.0,1.0,0.99999994,1.0,0.99999994,1.0,0.99675983,1.0,1.0,0.9999999,0.99926144,0.9987995,1.0,1.0,0.55071694,1.0,0.99999994,1.0,1.0,0.99999994,1.0,0.9999995,0.99999994,0.99999994,1.0,1.0,1.0,1.0,1.0,1.0,1.0,1.0,1.0,0.9999997,1.0,1.0,1.0,0.99999857,1.0,1.0,1.0,1.0,1.0,1.0,0.99999994,1.0,1.0,1.0,1.0,0.99999964,1.0,1.0,1.0,0.99999976,1.0,1.0,1.0,0.99999994,1.0,1.0,1.0,0.9999951,0.99762905,1.0,1.0,0.99999994,0.9999995,1.0,0.99999946,1.0,1.0,1.0,1.0,0.9999997,1.0,1.0,0.99999994,1.0,0.99999994,1.0,1.0,1.0,1.0,1.0,0.9999998,1.0,1.0,0.9999998,1.0,1.0,1.0,1.0,1.0,1.0,1.0,1.0,1.0,1.0,1.0,1.0,1.0,0.99999994,0.99999994,0.99999976,1.0,0.99999994,0.99999994,0.9999999,1.0,1.0,0.9999995,1.0,1.0,1.0,1.0,1.0,1.0,1.0,0.99999994,1.0,0.9999996,0.99999994,1.0,1.0,1.0,1.0,1.0,1.0,0.9805285,1.0,1.0,1.0
PRPF4_HepG2,1.0,1.0,1.0,0.99999994,1.0,1.0,1.0,1.0,1.0,0.9999998,0.99999994,0.99999464,1.0,1.0,1.0,1.0,1.0,1.0,0.9999817,0.99999994,0.9999999,0.9999999,1.0,1.0,0.99999976,1.0,1.0,1.0,1.0,0.9999997,1.0,1.0,1.0,1.0,0.99999106,0.99998707,1.0,1.0,0.99999976,1.0,1.0,1.0,0.99999994,1.0,1.0,1.0,0.99999994,1.0,1.0,0.99999994,1.0,1.0,1.0,1.0,1.0,1.0,0.73060113,1.0,1.0,1.0,1.0,1.0,1.0,0.9999991,1.0,1.0,1.0,1.0,1.0,1.0,1.0,1.0,0.9999999,1.0,1.0,1.0,1.0,1.0,0.99999994,1.0,0.9999984,1.0,1.0,0.9999986,1.0,1.0,1.0,1.0,0.99999964,0.99999064,0.9999999,1.0,1.0,0.9999999,1.0,0.99999994,1.0,0.996765,1.0,1.0,0.99999994,0.9992639,0.99879634,1.0,1.0,0.5507704,1.0,1.0,1.0,1.0,0.99999994,1.0,0.9999996,0.99999994,1.0,0.99999994,1.0,1.0,1.0,1.0,1.0,1.0,1.0,1.0,0.99999976,1.0,1.0,1.0,0.9999985,1.0,1.0,1.0,1.0,1.0,1.0,1.0,1.0,1.0,1.0,1.0,0.9999996,1.0,1.0,1.0,0.9999998,1.0,1.0,1.0,0.9999999,1.0,1.0,1.0,0.9999953,0.99762464,1.0,1.0,0.99999994,0.99999946,1.0,0.99999934,1.0,1.0,0.99999994,1.0,0.99999976,1.0,1.0,0.99999994,1.0,0.9999999,1.0,1.0,1.0,1.0,1.0,0.9999999,1.0,1.0,0.9999998,1.0,1.0,1.0,1.0,1.0,0.99999994,1.0,1.0,1.0,1.0,1.0,1.0,1.0,0.99999994,0.99999994,0.9999998,1.0,0.99999994,0.99999994,0.9999999,1.0,1.0,0.9999996,1.0,1.0,1.0,1.0,1.0,1.0,1.0,0.99999994,1.0,0.9999995,0.99999994,1.0,1.0,1.0,1.0,1.0,1.0,0.9805159,1.0,1.0,1.0
PRPF8_HepG2,1.0,0.99999994,1.0,0.99999994,1.0,1.0,1.0,1.0,1.0,0.9999998,0.99999994,0.99999464,1.0,1.0,1.0,1.0,1.0,1.0,0.99998164,0.99999994,0.9999999,0.9999999,1.0,1.0,0.99999976,1.0,1.0,1.0,1.0,0.9999997,1.0,1.0,1.0,1.0,0.99999106,0.999987,1.0,1.0,0.99999976,1.0,1.0,1.0,0.99999994,1.0,1.0,1.0,0.99999994,1.0,0.99999994,0.99999994,1.0,1.0,1.0,1.0,1.0,1.0,0.73059314,1.0,1.0,1.0,1.0,1.0,1.0,0.9999991,1.0,1.0,1.0,1.0,1.0,1.0,1.0,1.0,0.9999999,1.0,1.0,1.0,1.0,1.0,0.99999994,1.0,0.9999984,1.0,1.0,0.9999986,1.0,1.0,1.0,1.0,0.99999964,0.9999907,0.9999999,1.0,1.0,0.9999999,1.0,0.99999994,1.0,0.9967659,1.0,1.0,0.99999994,0.99926436,0.99879575,1.0,1.0,0.55078024,1.0,1.0,1.0,1.0,0.99999994,1.0,0.9999996,0.99999994,1.0,0.99999994,1.0,1.0,1.0,1.0,1.0,1.0,1.0,1.0,0.99999976,1.0,1.0,1.0,0.99999845,1.0,1.0,1.0,1.0,1.0,1.0,1.0,1.0,1.0,1.0,1.0,0.9999995,1.0,1.0,1.0,0.9999998,1.0,1.0,1.0,0.9999999,1.0,1.0,1.0,0.99999535,0.9976238,1.0,1.0,0.99999994,0.99999946,1.0,0.99999934,1.0,1.0,0.99999994,1.0,0.99999976,1.0,1.0,0.99999994,1.0,0.9999999,1.0,1.0,1.0,1.0,1.0,0.9999999,1.0,1.0,0.9999999,1.0,1.0,1.0,1.0,1.0,0.99999994,1.0,1.0,1.0,1.0,1.0,1.0,1.0,0.99999994,1.0,0.9999998,1.0,0.99999994,0.99999994,0.9999999,1.0,1.0,0.9999996,1.0,1.0,1.0,1.0,1.0,1.0,1.0,0.99999994,1.0,0.9999995,0.99999994,1.0,1.0,1.0,1.0,1.0,1.0,0.98051363,1.0,1.0,1.0
PRPF8_K562,1.0,0.99999994,1.0,0.9999999,1.0,1.0,1.0,1.0,1.0,0.99999976,0.9999999,0.9999951,1.0,0.99999994,1.0,1.0,1.0,1.0,0.9999807,1.0,0.99999994,0.9999998,1.0,1.0,0.99999964,1.0,1.0,1.0,1.0,0.9999996,1.0,1.0,1.0,1.0,0.9999917,0.99998623,1.0,0.99999994,0.9999997,1.0,1.0,1.0,1.0,1.0,1.0,1.0,0.9999999,0.99999994,0.99999994,1.0,0.99999994,1.0,1.0,1.0,1.0,1.0,0.7304914,1.0,1.0,1.0,1.0,0.99999994,1.0,0.99999887,0.99999994,1.0,1.0,1.0,1.0,1.0,1.0,1.0,0.9999998,1.0,1.0,0.99999994,1.0,1.0,1.0,1.0,0.9999981,1.0,1.0,0.99999887,1.0,1.0,1.0,0.99999994,0.99999946,0.9999913,0.9999998,1.0,1.0,0.9999998,1.0,1.0,1.0,0.9967779,1.0,1.0,1.0,0.99927,0.9987884,1.0,1.0,0.5509046,1.0,1.0,1.0,1.0,1.0,1.0,0.9999997,0.9999999,1.0,0.9999999,1.0,1.0,0.99999994,0.99999994,1.0,1.0,1.0,1.0,0.9999999,0.99999994,1.0,1.0,0.9999982,1.0,1.0,1.0,1.0,1.0,1.0,1.0,1.0,1.0,1.0,1.0,0.9999994,1.0,1.0,1.0,0.9999999,1.0,1.0,1.0,0.9999998,0.99999994,1.0,1.0,0.99999577,0.99761355,1.0,0.99999994,1.0,0.9999993,1.0,0.99999917,1.0,0.99999994,0.9999999,1.0,0.9999999,1.0,1.0,1.0,1.0,0.9999998,0.99999994,0.99999994,1.0,0.99999994,1.0,0.99999994,1.0,0.99999994,0.99999994,1.0,1.0,1.0,0.99999994,1.0,0.9999999,1.0,0.99999994,1.0,1.0,1.0,1.0,1.0,1.0,1.0,0.9999999,1.0,1.0,0.9999999,0.99999976,1.0,1.0,0.99999976,1.0,1.0,1.0,1.0,1.0,1.0,1.0,1.0,1.0,0.99999934,1.0,1.0,0.99999994,1.0,1.0,1.0,0.99999994,0.98048437,0.99999994,1.0,1.0
PTBP1_HepG2,1.0,0.99999994,1.0,0.9999999,1.0,1.0,1.0,1.0,1.0,0.99999976,0.9999999,0.99999505,1.0,0.99999994,1.0,1.0,1.0,1.0,0.9999808,1.0,0.99999994,0.9999998,1.0,1.0,0.9999997,1.0,1.0,1.0,1.0,0.9999996,1.0,1.0,1.0,1.0,0.99999166,0.99998635,1.0,0.99999994,0.9999997,1.0,1.0,1.0,1.0,1.0,1.0,1.0,0.9999999,0.99999994,0.99999994,1.0,0.99999994,1.0,1.0,1.0,1.0,1.0,0.7305042,1.0,1.0,1.0,1.0,1.0,1.0,0.9999989,1.0,1.0,1.0,1.0,1.0,1.0,1.0,1.0,0.9999998,1.0,1.0,0.99999994,1.0,1.0,1.0,1.0,0.99999815,1.0,1.0,0.99999887,1.0,1.0,1.0,0.99999994,0.99999946,0.99999124,0.9999998,1.0,1.0,0.9999998,1.0,1.0,1.0,0.9967764,1.0,1.0,1.0,0.9992693,0.99878937,1.0,1.0,0.5508889,1.0,1.0,1.0,1.0,1.0,1.0,0.9999997,0.9999999,1.0,0.9999999,1.0,1.0,0.99999994,1.0,1.0,1.0,1.0,1.0,0.9999999,1.0,1.0,1.0,0.9999982,1.0,1.0,1.0,1.0,1.0,1.0,1.0,1.0,1.0,1.0,1.0,0.9999994,1.0,1.0,1.0,0.9999999,1.0,1.0,1.0,0.9999998,0.99999994,1.0,1.0,0.9999957,0.99761486,1.0,0.99999994,1.0,0.99999934,1.0,0.9999992,1.0,0.99999994,0.9999999,1.0,0.9999999,1.0,1.0,1.0,1.0,0.9999998,0.99999994,0.99999994,1.0,0.99999994,1.0,0.99999994,1.0,0.99999994,0.99999994,1.0,1.0,1.0,0.99999994,1.0,0.99999994,1.0,0.99999994,1.0,1.0,1.0,1.0,1.0,1.0,1.0,0.9999999,1.0,1.0,0.9999999,0.99999976,1.0,1.0,0.9999997,1.0,1.0,1.0,1.0,1.0,1.0,1.0,1.0,1.0,0.99999934,1.0,1.0,0.99999994,1.0,1.0,1.0,0.99999994,0.98048806,0.99999994,1.0,1.0
PTBP1_K562,1.0,0.99999994,1.0,0.99999994,1.0,1.0,1.0,1.0,1.0,0.9999998,0.99999994,0.9999947,1.0,1.0,1.0,1.0,1.0,1.0,0.9999815,0.99999994,0.9999999,0.9999999,1.0,1.0,0.99999976,1.0,1.0,1.0,1.0,0.9999997,1.0,1.0,1.0,1.0,0.9999911,0.99998695,1.0,1.0,0.99999976,1.0,1.0,1.0,1.0,1.0,1.0,1.0,0.99999994,1.0,0.99999994,0.99999994,1.0,1.0,1.0,1.0,1.0,1.0,0.73058426,1.0,1.0,1.0,1.0,1.0,1.0,0.99999905,1.0,1.0,1.0,1.0,1.0,1.0,1.0,1.0,0.9999999,1.0,1.0,1.0,1.0,1.0,0.99999994,1.0,0.99999833,1.0,1.0,0.9999987,1.0,1.0,1.0,1.0,0.9999996,0.99999076,0.9999999,1.0,1.0,0.9999999,1.0,0.99999994,1.0,0.996767,1.0,1.0,0.99999994,0.99926484,0.9987951,1.0,1.0,0.5507911,1.0,1.0,1.0,1.0,1.0,1.0,0.9999996,0.99999994,1.0,0.99999994,1.0,1.0,1.0,1.0,1.0,1.0,1.0,1.0,0.9999998,1.0,1.0,1.0,0.99999845,1.0,1.0,1.0,1.0,1.0,1.0,1.0,1.0,1.0,1.0,1.0,0.9999995,1.0,1.0,1.0,0.9999998,1.0,1.0,1.0,0.9999999,0.99999994,1.0,1.0,0.99999535,0.9976229,1.0,0.99999994,0.99999994,0.99999946,1.0,0.99999934,1.0,1.0,0.99999994,1.0,0.99999976,1.0,1.0,0.99999994,1.0,0.9999999,1.0,1.0,1.0,1.0,1.0,0.9999999,1.0,1.0,0.9999999,1.0,1.0,1.0,1.0,1.0,0.99999994,1.0,1.0,1.0,1.0,1.0,1.0,1.0,0.99999994,1.0,0.9999998,1.0,0.99999994,0.99999994,0.9999998,1.0,1.0,0.99999964,1.0,1.0,1.0,1.0,1.0,1.0,1.0,0.99999994,1.0,0.99999946,0.99999994,1.0,1.0,1.0,1.0,1.0,1.0,0.98051107,1.0,1.0,1.0
PUM1_K562,1.0,0.9999999,0.99999994,0.9999998,1.0,1.0,1.0,1.0,1.0,0.9999997,0.9999998,0.99999535,1.0,0.9999999,0.99999994,1.0,0.99999994,0.99999994,0.9999802,1.0,0.99999994,0.99999976,1.0,1.0,0.9999996,1.0,1.0,1.0,1.0,0.9999995,1.0,1.0,1.0,1.0,0.999992,0.9999858,1.0,0.99999994,0.9999996,1.0,0.99999994,1.0,1.0,1.0,0.99999994,1.0,0.9999998,0.99999994,0.9999999,1.0,0.99999994,1.0,1.0,1.0,1.0,1.0,0.7304382,1.0,1.0,1.0,1.0,0.99999994,1.0,0.99999875,0.99999994,1.0,1.0,1.0,1.0,1.0,0.99999994,1.0,0.99999976,1.0,1.0,0.99999994,0.99999994,1.0,1.0,1.0,0.9999979,1.0,1.0,0.999999,0.99999994,0.99999994,1.0,0.99999994,0.9999994,0.99999166,0.99999976,1.0,0.99999994,0.99999976,0.99999994,1.0,1.0,0.99678415,1.0,1.0,1.0,0.999273,0.9987846,1.0,0.99999994,0.5509696,0.99999994,1.0,1.0,1.0,1.0,1.0,0.99999976,0.9999998,1.0,0.9999999,1.0,1.0,0.99999994,0.99999994,1.0,1.0,0.99999994,1.0,0.9999999,0.99999994,0.99999994,1.0,0.99999803,0.99999994,1.0,1.0,1.0,1.0,1.0,1.0,0.99999994,1.0,1.0,0.99999994,0.9999993,1.0,0.99999994,1.0,0.99999994,0.99999994,1.0,0.99999994,0.99999976,0.9999999,1.0,1.0,0.999996,0.9976082,1.0,0.9999999,1.0,0.9999992,1.0,0.9999991,1.0,0.9999999,0.9999999,1.0,0.9999999,1.0,1.0,1.0,1.0,0.99999976,0.99999994,0.99999994,1.0,0.99999994,1.0,0.99999994,1.0,0.99999994,0.99999994,1.0,0.99999994,1.0,0.9999999,1.0,0.9999999,1.0,0.99999994,1.0,0.99999994,1.0,1.0,1.0,1.0,1.0,0.99999994,1.0,1.0,0.9999998,0.9999997,1.0,0.99999994,0.99999976,1.0,1.0,1.0,1.0,1.0,1.0,1.0,1.0,1.0,0.9999992,1.0,1.0,0.99999994,0.99999994,0.99999994,1.0,0.99999994,0.980469,0.99999994,1.0,1.0
PUM2_K562,0.99999994,1.0,1.0,0.99999994,0.99999994,0.99999994,1.0,0.99999994,1.0,0.9999999,1.0,0.99999434,1.0,1.0,1.0,1.0,1.0,1.0,0.9999822,0.99999994,0.9999998,0.99999994,1.0,1.0,0.9999998,1.0,1.0,1.0,1.0,0.99999976,1.0,0.99999994,1.0,1.0,0.9999907,0.9999875,1.0,1.0,0.9999998,0.99999994,1.0,1.0,0.99999994,1.0,1.0,1.0,0.99999994,1.0,1.0,0.99999994,1.0,0.99999994,0.99999994,1.0,1.0,1.0,0.7306544,1.0,1.0,0.99999994,1.0,1.0,1.0,0.9999992,1.0,1.0,1.0,0.99999994,1.0,1.0,1.0,1.0,0.99999994,0.99999994,1.0,1.0,1.0,0.99999994,0.99999994,1.0,0.9999985,1.0,1.0,0.9999985,1.0,1.0,1.0,1.0,0.9999997,0.9999903,0.99999994,1.0,1.0,0.99999994,1.0,0.99999994,1.0,0.9967587,1.0,0.99999994,0.9999999,0.9992609,0.99880016,1.0,1.0,0.5507053,1.0,0.99999994,1.0,1.0,0.99999994,1.0,0.9999995,1.0,0.99999994,1.0,1.0,1.0,1.0,1.0,1.0,0.99999994,1.0,1.0,0.9999997,1.0,1.0,1.0,0.9999986,1.0,1.0,1.0,1.0,1.0,1.0,0.99999994,1.0,1.0,1.0,1.0,0.99999964,1.0,1.0,1.0,0.99999976,1.0,1.0,1.0,0.99999994,1.0,1.0,1.0,0.99999505,0.99763,1.0,1.0,0.99999994,0.9999996,0.99999994,0.99999946,1.0,1.0,1.0,1.0,0.9999997,1.0,1.0,0.99999994,1.0,0.99999994,1.0,1.0,1.0,1.0,1.0,0.9999998,1.0,1.0,0.9999998,1.0,1.0,1.0,1.0,1.0,1.0,1.0,1.0,1.0,1.0,0.99999994,1.0,1.0,0.99999994,0.99999994,0.99999976,1.0,0.99999994,0.99999994,0.9999999,1.0,1.0,0.9999995,1.0,1.0,1.0,1.0,1.0,1.0,1.0,0.99999994,1.0,0.9999996,0.99999994,1.0,1.0,1.0,1.0,1.0,1.0,0.9805312,1.0,1.0,1.0
PUS1_K562,1.0,0.99999994,1.0,0.9999999,1.0,1.0,1.0,1.0,1.0,0.9999998,0.99999994,0.99999493,1.0,0.99999994,1.0,1.0,1.0,1.0,0.9999811,1.0,0.99999994,0.9999999,1.0,1.0,0.9999997,1.0,1.0,1.0,1.0,0.99999964,1.0,1.0,1.0,1.0,0.9999914,0.9999866,1.0,0.99999994,0.9999997,1.0,1.0,1.0,1.0,1.0,1.0,1.0,0.9999999,1.0,0.99999994,1.0,1.0,1.0,1.0,1.0,1.0,1.0,0.7305344,1.0,1.0,1.0,1.0,1.0,1.0,0.999999,1.0,1.0,1.0,1.0,1.0,1.0,1.0,1.0,0.9999998,1.0,1.0,1.0,1.0,1.0,1.0,1.0,0.9999982,1.0,1.0,0.9999988,1.0,1.0,1.0,1.0,0.9999995,0.99999106,0.9999998,1.0,1.0,0.9999998,1.0,1.0,1.0,0.9967728,1.0,1.0,0.99999994,0.99926764,0.9987915,1.0,1.0,0.550852,1.0,1.0,1.0,1.0,1.0,1.0,0.99999964,0.99999994,1.0,0.99999994,1.0,1.0,1.0,1.0,1.0,1.0,1.0,1.0,0.9999998,1.0,1.0,1.0,0.99999833,1.0,1.0,1.0,1.0,1.0,1.0,1.0,1.0,1.0,1.0,1.0,0.99999946,1.0,1.0,1.0,0.9999999,1.0,1.0,1.0,0.9999999,0.99999994,1.0,1.0,0.9999956,0.9976179,1.0,0.99999994,1.0,0.9999994,1.0,0.9999993,1.0,0.99999994,0.99999994,1.0,0.9999998,1.0,1.0,1.0,1.0,0.9999998,1.0,0.99999994,1.0,0.99999994,1.0,0.99999994,1.0,0.99999994,0.9999999,1.0,1.0,1.0,0.99999994,1.0,0.99999994,1.0,1.0,1.0,1.0,1.0,1.0,1.0,1.0,1.0,0.9999999,1.0,1.0,0.9999999,0.9999998,1.0,1.0,0.9999997,1.0,1.0,1.0,1.0,1.0,1.0,1.0,1.0,1.0,0.9999994,1.0,1.0,0.99999994,1.0,1.0,1.0,0.99999994,0.9804967,1.0,1.0,1.0
QKI_HepG2,1.0,0.99999994,1.0,0.9999999,1.0,1.0,1.0,1.0,1.0,0.9999998,0.99999994,0.99999475,1.0,1.0,1.0,1.0,1.0,1.0,0.99998146,0.99999994,0.9999999,0.9999999,1.0,1.0,0.99999976,1.0,1.0,1.0,1.0,0.9999997,1.0,1.0,1.0,1.0,0.9999912,0.9999869,1.0,1.0,0.99999976,1.0,1.0,1.0,1.0,1.0,1.0,1.0,0.99999994,1.0,0.99999994,1.0,1.0,1.0,1.0,1.0,1.0,1.0,0.73057365,1.0,1.0,1.0,1.0,1.0,1.0,0.99999905,1.0,1.0,1.0,1.0,1.0,1.0,1.0,1.0,0.9999999,1.0,1.0,1.0,1.0,1.0,1.0,1.0,0.99999833,1.0,1.0,0.9999987,1.0,1.0,1.0,1.0,0.9999996,0.9999908,0.9999999,1.0,1.0,0.9999999,1.0,0.99999994,1.0,0.99676824,1.0,1.0,0.99999994,0.99926543,0.9987944,1.0,1.0,0.5508041,1.0,1.0,1.0,1.0,1.0,1.0,0.9999996,0.99999994,1.0,0.99999994,1.0,1.0,1.0,1.0,1.0,1.0,1.0,1.0,0.9999998,1.0,1.0,1.0,0.9999984,1.0,1.0,1.0,1.0,1.0,1.0,1.0,1.0,1.0,1.0,1.0,0.9999995,1.0,1.0,1.0,0.9999998,1.0,1.0,1.0,0.9999999,0.99999994,1.0,1.0,0.9999954,0.99762183,1.0,0.99999994,0.99999994,0.99999946,1.0,0.99999934,1.0,1.0,0.99999994,1.0,0.9999998,1.0,1.0,1.0,1.0,0.9999999,1.0,1.0,1.0,1.0,1.0,0.9999999,1.0,1.0,0.9999999,1.0,1.0,1.0,1.0,1.0,0.99999994,1.0,1.0,1.0,1.0,1.0,1.0,1.0,0.99999994,1.0,0.9999998,1.0,0.99999994,0.99999994,0.9999998,1.0,1.0,0.99999964,1.0,1.0,1.0,1.0,1.0,1.0,1.0,1.0,1.0,0.99999946,0.99999994,1.0,1.0,1.0,1.0,1.0,1.0,0.980508,1.0,1.0,1.0
QKI_K562,1.0,1.0,1.0,0.99999994,1.0,1.0,1.0,0.99999994,1.0,0.9999999,0.99999994,0.9999945,1.0,1.0,1.0,1.0,1.0,1.0,0.9999819,0.99999994,0.9999998,0.99999994,1.0,1.0,0.9999998,1.0,1.0,1.0,1.0,0.9999997,1.0,1.0,1.0,1.0,0.99999094,0.99998724,1.0,1.0,0.9999998,0.99999994,1.0,1.0,0.99999994,1.0,1.0,1.0,0.99999994,1.0,1.0,0.99999994,1.0,1.0,1.0,1.0,1.0,1.0,0.73062134,1.0,1.0,1.0,1.0,1.0,1.0,0.99999917,1.0,1.0,1.0,1.0,1.0,1.0,1.0,1.0,0.9999999,1.0,1.0,1.0,1.0,1.0,0.99999994,1.0,0.99999845,1.0,1.0,0.99999857,1.0,1.0,1.0,1.0,0.99999964,0.9999905,0.9999999,1.0,1.0,0.9999999,1.0,0.99999994,1.0,0.99676263,1.0,1.0,0.99999994,0.99926275,0.9987978,1.0,1.0,0.5507457,1.0,0.99999994,1.0,1.0,0.99999994,1.0,0.9999995,0.99999994,0.99999994,0.99999994,1.0,1.0,1.0,1.0,1.0,1.0,1.0,1.0,0.99999976,1.0,1.0,1.0,0.99999857,1.0,1.0,1.0,1.0,1.0,1.0,0.99999994,1.0,1.0,1.0,1.0,0.9999996,1.0,1.0,1.0,0.99999976,1.0,1.0,1.0,0.99999994,1.0,1.0,1.0,0.9999952,0.99762666,1.0,1.0,0.99999994,0.9999995,1.0,0.9999994,1.0,1.0,0.99999994,1.0,0.99999976,1.0,1.0,0.99999994,1.0,0.9999999,1.0,1.0,1.0,1.0,1.0,0.9999999,1.0,1.0,0.9999998,1.0,1.0,1.0,1.0,1.0,1.0,1.0,1.0,1.0,1.0,1.0,1.0,1.0,0.99999994,0.99999994,0.9999998,1.0,0.99999994,0.99999994,0.9999999,1.0,1.0,0.9999996,1.0,1.0,1.0,1.0,1.0,1.0,1.0,0.99999994,1.0,0.9999995,0.99999994,1.0,1.0,1.0,1.0,1.0,1.0,0.98052174,1.0,1.0,1.0
RBFOX2_HepG2,0.9999994,0.99999976,0.9999996,0.9999998,0.9999994,0.99999934,0.99999946,0.99999934,0.99999946,0.99999994,0.9999998,0.9999911,0.9999995,0.9999997,0.99999964,0.9999995,0.9999996,0.9999996,0.99998695,0.9999992,0.9999989,0.9999999,0.9999995,0.99999946,0.99999994,0.9999994,0.99999946,0.99999946,0.99999946,1.0,0.99999946,0.99999934,0.9999994,0.99999946,0.99998665,0.9999914,0.9999994,0.9999997,0.99999994,0.99999934,0.99999964,0.9999995,0.9999993,0.99999946,0.99999964,0.9999995,0.9999998,0.9999997,0.99999976,0.9999993,0.99999964,0.99999934,0.99999934,0.99999946,0.9999994,0.9999995,0.7312398,0.99999946,0.9999994,0.9999994,0.9999995,0.99999964,0.99999946,0.99999994,0.99999964,0.99999946,0.9999996,0.99999934,0.9999994,0.99999946,0.99999964,0.99999946,0.9999999,0.9999994,0.99999946,0.9999997,0.9999996,0.9999994,0.9999993,0.99999946,0.99999964,0.9999994,0.9999994,0.99999666,0.99999964,0.99999964,0.9999996,0.9999997,1.0,0.9999862,0.9999999,0.9999995,0.99999964,0.9999999,0.9999996,0.99999917,0.9999995,0.9966894,0.9999995,0.9999994,0.99999917,0.9992275,0.9988418,0.9999995,0.9999996,0.5499891,0.9999996,0.99999934,0.9999994,0.9999995,0.9999993,0.9999994,0.9999983,0.9999998,0.99999934,0.9999998,0.9999995,0.99999946,0.9999997,0.99999964,0.9999994,0.9999994,0.9999996,0.9999994,0.9999987,0.99999964,0.9999996,0.9999994,0.9999997,0.99999964,0.9999996,0.9999995,0.9999994,0.9999994,0.9999995,0.9999993,0.99999964,0.99999946,0.9999995,0.9999996,1.0,0.9999994,0.99999964,0.99999946,0.9999988,0.9999996,0.99999946,0.9999996,0.9999999,0.99999976,0.99999946,0.9999995,0.99999195,0.99768865,0.99999946,0.99999976,0.9999992,1.0,0.9999994,1.0,0.9999995,0.9999997,0.9999998,0.9999995,0.9999987,0.99999946,0.9999995,0.9999993,0.9999994,0.9999999,0.99999964,0.9999997,0.9999994,0.9999997,0.9999995,0.999999,0.9999994,0.9999997,0.99999887,0.99999946,0.99999964,0.9999996,0.9999997,0.9999995,0.99999976,0.99999946,0.9999997,0.99999946,0.99999964,0.9999994,0.9999994,0.9999994,0.9999992,0.9999993,0.9999988,0.99999946,0.9999992,0.9999998,0.99999994,0.99999946,0.9999996,0.99999833,0.99999946,0.99999946,0.99999946,0.99999946,0.99999946,0.9999995,0.9999995,0.9999993,0.9999994,1.0,0.9999992,0.9999995,0.9999997,0.99999964,0.9999996,0.9999995,0.9999997,0.9806993,0.99999964,0.99999946,0.9999994
RBFOX2_K562,1.0,0.99999994,1.0,0.9999999,1.0,1.0,1.0,1.0,1.0,0.99999976,0.9999999,0.9999951,1.0,0.99999994,1.0,1.0,1.0,1.0,0.9999807,1.0,0.99999994,0.9999998,1.0,1.0,0.99999964,1.0,1.0,1.0,1.0,0.9999996,1.0,1.0,1.0,1.0,0.9999917,0.99998623,1.0,0.99999994,0.9999997,1.0,1.0,1.0,1.0,1.0,1.0,1.0,0.9999999,0.99999994,0.99999994,1.0,0.99999994,1.0,1.0,1.0,1.0,1.0,0.73049134,1.0,1.0,1.0,1.0,0.99999994,1.0,0.99999887,0.99999994,1.0,1.0,1.0,1.0,1.0,1.0,1.0,0.9999998,1.0,1.0,0.99999994,1.0,1.0,1.0,1.0,0.9999981,1.0,1.0,0.99999887,1.0,1.0,1.0,0.99999994,0.99999946,0.9999913,0.9999998,1.0,1.0,0.9999998,1.0,1.0,1.0,0.9967779,1.0,1.0,1.0,0.99927,0.9987884,1.0,1.0,0.5509046,1.0,1.0,1.0,1.0,1.0,1.0,0.9999997,0.9999999,1.0,0.9999999,1.0,1.0,0.99999994,0.99999994,1.0,1.0,1.0,1.0,0.9999999,0.99999994,1.0,1.0,0.9999982,1.0,1.0,1.0,1.0,1.0,1.0,1.0,1.0,1.0,1.0,1.0,0.9999994,1.0,1.0,1.0,0.9999999,1.0,1.0,1.0,0.9999998,0.99999994,1.0,1.0,0.99999577,0.99761355,1.0,0.99999994,1.0,0.9999993,1.0,0.99999917,1.0,0.99999994,0.9999999,1.0,0.9999999,1.0,1.0,1.0,1.0,0.9999998,0.99999994,0.99999994,1.0,0.99999994,1.0,0.99999994,1.0,0.99999994,0.99999994,1.0,1.0,1.0,0.99999994,1.0,0.9999999,1.0,0.99999994,1.0,1.0,1.0,1.0,1.0,1.0,1.0,0.9999999,1.0,1.0,0.9999999,0.99999976,1.0,1.0,0.99999976,1.0,1.0,1.0,1.0,1.0,1.0,1.0,1.0,1.0,0.99999934,1.0,1.0,0.99999994,1.0,1.0,1.0,0.99999994,0.9804843,0.99999994,1.0,1.0
RBM15_HepG2,1.0,1.0,1.0,0.99999994,0.99999994,0.99999994,1.0,0.99999994,1.0,0.9999999,0.99999994,0.9999944,1.0,1.0,1.0,1.0,1.0,1.0,0.9999821,0.99999994,0.9999998,0.99999994,1.0,1.0,0.9999998,1.0,1.0,1.0,1.0,0.99999976,1.0,0.99999994,1.0,1.0,0.99999076,0.9999874,1.0,1.0,0.9999998,0.99999994,1.0,1.0,0.99999994,1.0,1.0,1.0,0.99999994,1.0,1.0,0.99999994,1.0,0.99999994,0.99999994,1.0,1.0,1.0,0.7306483,1.0,1.0,0.99999994,1.0,1.0,1.0,0.9999992,1.0,1.0,1.0,0.99999994,1.0,1.0,1.0,1.0,0.99999994,1.0,1.0,1.0,1.0,1.0,0.99999994,1.0,0.9999985,1.0,1.0,0.9999985,1.0,1.0,1.0,1.0,0.9999997,0.99999034,0.99999994,1.0,1.0,0.99999994,1.0,0.99999994,1.0,0.9967594,1.0,1.0,0.9999999,0.99926126,0.99879974,1.0,1.0,0.55071276,1.0,0.99999994,1.0,1.0,0.99999994,1.0,0.9999995,0.99999994,0.99999994,1.0,1.0,1.0,1.0,1.0,1.0,1.0,1.0,1.0,0.9999997,1.0,1.0,1.0,0.9999986,1.0,1.0,1.0,1.0,1.0,1.0,0.99999994,1.0,1.0,1.0,1.0,0.99999964,1.0,1.0,1.0,0.99999976,1.0,1.0,1.0,0.99999994,1.0,1.0,1.0,0.99999505,0.9976294,1.0,1.0,0.99999994,0.9999995,0.99999994,0.99999946,1.0,1.0,1.0,1.0,0.9999997,1.0,1.0,0.99999994,1.0,0.99999994,1.0,1.0,1.0,1.0,1.0,0.9999998,1.0,1.0,0.9999998,1.0,1.0,1.0,1.0,1.0,1.0,1.0,1.0,1.0,1.0,1.0,1.0,1.0,0.99999994,0.99999994,0.99999976,1.0,0.99999994,0.99999994,0.9999999,1.0,1.0,0.9999995,1.0,1.0,1.0,1.0,1.0,1.0,1.0,0.99999994,1.0,0.9999996,0.99999994,1.0,1.0,1.0,1.0,1.0,1.0,0.9805295,1.0,1.0,1.0
RBM15_K562,1.0,0.99999994,1.0,0.9999999,1.0,1.0,1.0,1.0,1.0,0.99999976,0.9999999,0.999995,1.0,0.99999994,1.0,1.0,1.0,1.0,0.9999809,1.0,0.99999994,0.9999998,1.0,1.0,0.9999997,1.0,1.0,1.0,1.0,0.9999996,1.0,1.0,1.0,1.0,0.99999154,0.99998647,1.0,0.99999994,0.9999997,1.0,1.0,1.0,1.0,1.0,1.0,1.0,0.9999999,0.99999994,0.99999994,1.0,0.99999994,1.0,1.0,1.0,1.0,1.0,0.7305178,1.0,1.0,1.0,1.0,1.0,1.0,0.9999989,1.0,1.0,1.0,1.0,1.0,1.0,1.0,1.0,0.9999998,1.0,1.0,0.99999994,1.0,1.0,1.0,1.0,0.99999815,1.0,1.0,0.9999988,1.0,1.0,1.0,0.99999994,0.9999995,0.9999912,0.9999998,1.0,1.0,0.9999998,1.0,1.0,1.0,0.9967748,1.0,1.0,1.0,0.99926853,0.9987903,1.0,1.0,0.55087227,1.0,1.0,1.0,1.0,1.0,1.0,0.9999997,0.9999999,1.0,0.99999994,1.0,1.0,0.99999994,1.0,1.0,1.0,1.0,1.0,0.9999998,1.0,1.0,1.0,0.9999983,1.0,1.0,1.0,1.0,1.0,1.0,1.0,1.0,1.0,1.0,1.0,0.99999946,1.0,1.0,1.0,0.9999999,1.0,1.0,1.0,0.9999999,0.99999994,1.0,1.0,0.99999565,0.99761623,1.0,0.99999994,1.0,0.99999934,1.0,0.9999992,1.0,0.99999994,0.9999999,1.0,0.9999998,1.0,1.0,1.0,1.0,0.9999998,1.0,0.99999994,1.0,0.99999994,1.0,0.99999994,1.0,0.99999994,0.9999999,1.0,1.0,1.0,0.99999994,1.0,0.99999994,1.0,0.99999994,1.0,1.0,1.0,1.0,1.0,1.0,1.0,0.9999999,1.0,1.0,0.9999999,0.99999976,1.0,1.0,0.9999997,1.0,1.0,1.0,1.0,1.0,1.0,1.0,1.0,1.0,0.9999994,1.0,1.0,0.99999994,1.0,1.0,1.0,0.99999994,0.98049194,1.0,1.0,1.0
RBM22_HepG2,0.9999999,0.99999964,0.99999976,0.9999995,0.9999999,0.99999994,0.9999999,0.99999994,0.9999999,0.99999934,0.9999996,0.9999964,0.9999998,0.9999997,0.99999976,0.9999998,0.9999998,0.9999998,0.99997777,0.99999994,1.0,0.99999946,0.9999998,0.9999999,0.99999917,0.9999999,0.9999999,0.9999999,0.9999999,0.99999905,0.9999999,0.99999994,0.9999999,0.9999999,0.99999344,0.9999837,0.9999999,0.9999997,0.9999992,0.99999994,0.99999976,0.9999998,0.99999994,0.9999999,0.99999976,0.9999998,0.9999995,0.9999997,0.99999964,0.99999994,0.9999997,0.99999994,0.9999999,0.9999999,0.9999999,0.9999998,0.7301799,0.9999999,0.9999999,0.9999999,0.9999998,0.99999976,0.9999999,0.9999981,0.99999976,0.9999999,0.9999998,0.99999994,0.9999999,0.9999999,0.99999976,0.9999999,0.9999994,0.9999999,0.9999999,0.9999997,0.99999976,0.9999999,0.99999994,0.9999999,0.9999971,0.9999999,0.9999999,0.99999946,0.99999976,0.99999976,0.9999998,0.9999997,0.9999989,0.9999931,0.9999994,0.9999998,0.99999976,0.9999994,0.99999976,0.99999994,0.9999998,0.99681437,0.9999998,0.9999999,0.99999994,0.99928737,0.9987659,0.9999998,0.99999976,0.5512851,0.9999998,0.99999994,0.9999999,0.9999998,0.99999994,0.9999999,0.99999994,0.9999996,0.99999994,0.9999996,0.9999998,0.9999999,0.9999997,0.99999976,0.9999999,0.9999999,0.9999998,0.9999999,1.0,0.99999976,0.99999976,0.9999999,0.9999972,0.99999976,0.9999998,0.9999998,0.9999999,0.9999999,0.9999998,0.99999994,0.99999976,0.9999999,0.9999998,0.99999976,0.9999988,0.9999999,0.99999976,0.9999999,1.0,0.9999998,0.9999999,0.99999976,0.99999946,0.99999964,0.9999999,0.9999998,0.999997,0.99758196,0.9999999,0.99999964,0.99999994,0.9999987,0.9999999,0.9999985,0.9999998,0.99999964,0.9999996,0.9999998,1.0,0.9999999,0.9999998,0.99999994,0.9999999,0.9999994,0.99999976,0.9999997,0.9999999,0.9999997,0.9999998,1.0,0.9999999,0.9999997,1.0,0.9999999,0.99999976,0.9999998,0.99999964,0.9999998,0.9999996,0.9999999,0.9999997,0.9999999,0.99999976,0.9999999,0.9999999,0.9999999,0.99999994,0.99999994,1.0,0.9999999,0.99999994,0.9999995,0.99999934,0.9999999,0.99999976,0.99999994,0.9999999,0.9999999,0.9999999,0.9999999,0.9999999,0.9999998,0.9999998,0.99999994,0.9999999,0.9999987,0.99999994,0.9999998,0.9999997,0.99999976,0.99999976,0.9999998,0.9999997,0.9803946,0.99999976,0.9999999,0.9999999
RBM22_K562,1.0,1.0,1.0,0.99999994,1.0,1.0,1.0,0.99999994,1.0,0.9999999,0.99999994,0.9999946,1.0,1.0,1.0,1.0,1.0,1.0,0.99998176,0.99999994,0.9999999,0.9999999,1.0,1.0,0.99999976,1.0,1.0,1.0,1.0,0.9999997,1.0,1.0,1.0,1.0,0.999991,0.9999871,1.0,1.0,0.9999998,1.0,1.0,1.0,0.99999994,1.0,1.0,1.0,0.99999994,1.0,1.0,0.99999994,1.0,1.0,1.0,1.0,1.0,1.0,0.7306096,1.0,1.0,1.0,1.0,1.0,1.0,0.9999991,1.0,1.0,1.0,1.0,1.0,1.0,1.0,1.0,0.9999999,1.0,1.0,1.0,1.0,1.0,0.99999994,1.0,0.9999984,1.0,1.0,0.9999986,1.0,1.0,1.0,1.0,0.99999964,0.9999906,0.9999999,1.0,1.0,0.9999999,1.0,0.99999994,1.0,0.996764,1.0,1.0,0.99999994,0.9992634,0.99879694,1.0,1.0,0.55076015,1.0,1.0,1.0,1.0,0.99999994,1.0,0.9999996,0.99999994,1.0,0.99999994,1.0,1.0,1.0,1.0,1.0,1.0,1.0,1.0,0.99999976,1.0,1.0,1.0,0.9999985,1.0,1.0,1.0,1.0,1.0,1.0,0.99999994,1.0,1.0,1.0,1.0,0.9999996,1.0,1.0,1.0,0.9999998,1.0,1.0,1.0,0.99999994,1.0,1.0,1.0,0.99999523,0.99762547,1.0,1.0,0.99999994,0.9999995,1.0,0.9999994,1.0,1.0,0.99999994,1.0,0.99999976,1.0,1.0,0.99999994,1.0,0.9999999,1.0,1.0,1.0,1.0,1.0,0.9999999,1.0,1.0,0.9999998,1.0,1.0,1.0,1.0,1.0,0.99999994,1.0,1.0,1.0,1.0,1.0,1.0,1.0,0.99999994,0.99999994,0.9999998,1.0,0.99999994,0.99999994,0.9999999,1.0,1.0,0.9999996,1.0,1.0,1.0,1.0,1.0,1.0,1.0,0.99999994,1.0,0.9999995,0.99999994,1.0,1.0,1.0,1.0,1.0,1.0,0.98051834,1.0,1.0,1.0
RBM5_HepG2,1.0,0.99999994,1.0,0.9999999,1.0,1.0,1.0,1.0,1.0,0.99999976,0.99999994,0.999995,1.0,0.99999994,1.0,1.0,1.0,1.0,0.99998105,1.0,0.99999994,0.9999999,1.0,1.0,0.9999997,1.0,1.0,1.0,1.0,0.99999964,1.0,1.0,1.0,1.0,0.9999915,0.9999865,1.0,0.99999994,0.9999997,1.0,1.0,1.0,1.0,1.0,1.0,1.0,0.9999999,1.0,0.99999994,1.0,1.0,1.0,1.0,1.0,1.0,1.0,0.73052794,1.0,1.0,1.0,1.0,1.0,1.0,0.999999,1.0,1.0,1.0,1.0,1.0,1.0,1.0,1.0,0.9999998,1.0,1.0,1.0,1.0,1.0,1.0,1.0,0.9999982,1.0,1.0,0.9999988,1.0,1.0,1.0,0.99999994,0.9999995,0.9999911,0.9999998,1.0,1.0,0.9999998,1.0,1.0,1.0,0.9967736,1.0,1.0,0.99999994,0.999268,0.9987911,1.0,1.0,0.5508599,1.0,1.0,1.0,1.0,1.0,1.0,0.99999964,0.9999999,1.0,0.99999994,1.0,1.0,1.0,1.0,1.0,1.0,1.0,1.0,0.9999998,1.0,1.0,1.0,0.9999983,1.0,1.0,1.0,1.0,1.0,1.0,1.0,1.0,1.0,1.0,1.0,0.99999946,1.0,1.0,1.0,0.9999999,1.0,1.0,1.0,0.9999999,0.99999994,1.0,1.0,0.9999956,0.99761724,1.0,0.99999994,1.0,0.99999934,1.0,0.9999992,1.0,0.99999994,0.99999994,1.0,0.9999998,1.0,1.0,1.0,1.0,0.9999998,1.0,0.99999994,1.0,0.99999994,1.0,0.99999994,1.0,0.99999994,0.9999999,1.0,1.0,1.0,0.99999994,1.0,0.99999994,1.0,1.0,1.0,1.0,1.0,1.0,1.0,1.0,1.0,0.9999999,1.0,1.0,0.9999999,0.9999998,1.0,1.0,0.9999997,1.0,1.0,1.0,1.0,1.0,1.0,1.0,1.0,1.0,0.9999994,1.0,1.0,0.99999994,1.0,1.0,1.0,0.99999994,0.98049486,1.0,1.0,1.0
RPS11_K562,1.0,1.0,1.0,0.99999994,1.0,0.99999994,1.0,0.99999994,1.0,0.9999999,0.99999994,0.99999446,1.0,1.0,1.0,1.0,1.0,1.0,0.99998194,0.99999994,0.9999998,0.99999994,1.0,1.0,0.9999998,1.0,1.0,1.0,1.0,0.99999976,1.0,0.99999994,1.0,1.0,0.9999909,0.9999873,1.0,1.0,0.9999998,0.99999994,1.0,1.0,0.99999994,1.0,1.0,1.0,0.99999994,1.0,1.0,0.99999994,1.0,1.0,1.0,1.0,1.0,1.0,0.73063034,1.0,1.0,1.0,1.0,1.0,1.0,0.99999917,1.0,1.0,1.0,0.99999994,1.0,1.0,1.0,1.0,0.9999999,1.0,1.0,1.0,1.0,1.0,0.99999994,1.0,0.99999845,1.0,1.0,0.99999857,1.0,1.0,1.0,1.0,0.99999964,0.99999046,0.99999994,1.0,1.0,0.9999999,1.0,0.99999994,1.0,0.99676156,1.0,1.0,0.99999994,0.9992623,0.99879843,1.0,1.0,0.5507347,1.0,0.99999994,1.0,1.0,0.99999994,1.0,0.9999995,0.99999994,0.99999994,0.99999994,1.0,1.0,1.0,1.0,1.0,1.0,1.0,1.0,0.99999976,1.0,1.0,1.0,0.99999857,1.0,1.0,1.0,1.0,1.0,1.0,0.99999994,1.0,1.0,1.0,1.0,0.9999996,1.0,1.0,1.0,0.99999976,1.0,1.0,1.0,0.99999994,1.0,1.0,1.0,0.9999952,0.99762756,1.0,1.0,0.99999994,0.9999995,1.0,0.9999994,1.0,1.0,0.99999994,1.0,0.99999976,1.0,1.0,0.99999994,1.0,0.9999999,1.0,1.0,1.0,1.0,1.0,0.9999999,1.0,1.0,0.9999998,1.0,1.0,1.0,1.0,1.0,1.0,1.0,1.0,1.0,1.0,1.0,1.0,1.0,0.99999994,0.99999994,0.9999998,1.0,0.99999994,0.99999994,0.9999999,1.0,1.0,0.9999996,1.0,1.0,1.0,1.0,1.0,1.0,1.0,0.99999994,1.0,0.9999996,0.99999994,1.0,1.0,1.0,1.0,1.0,1.0,0.9805243,1.0,1.0,1.0
RPS3_HepG2,0.9999998,1.0,0.99999994,1.0,0.9999998,0.9999998,0.9999998,0.99999976,0.9999998,1.0,1.0,0.99999315,0.9999999,1.0,0.99999994,0.9999999,0.99999994,0.99999994,0.99998415,0.99999976,0.9999996,1.0,0.9999999,0.9999999,1.0,0.9999998,0.9999999,0.9999999,0.9999999,0.99999994,0.9999998,0.9999998,0.9999998,0.9999999,0.99998915,0.99998915,0.9999998,0.99999994,1.0,0.99999976,0.99999994,0.9999999,0.99999976,0.9999999,0.99999994,0.9999999,1.0,0.99999994,1.0,0.99999976,0.99999994,0.9999998,0.9999998,0.9999999,0.9999998,0.9999999,0.73089004,0.9999999,0.9999998,0.9999998,0.9999999,0.99999994,0.9999999,0.9999996,0.99999994,0.9999999,0.9999999,0.9999998,0.9999998,0.9999999,0.99999994,0.9999999,1.0,0.9999998,0.9999999,0.99999994,0.99999994,0.9999998,0.99999976,0.9999999,0.99999905,0.9999998,0.9999998,0.99999785,0.99999994,0.99999994,0.9999999,0.99999994,0.9999999,0.99998873,1.0,0.9999999,0.99999994,1.0,0.99999994,0.9999997,0.9999999,0.99673086,0.9999999,0.9999998,0.9999997,0.99924755,0.998817,0.9999999,0.99999994,0.5504172,0.99999994,0.99999976,0.9999998,0.9999999,0.99999976,0.9999998,0.9999991,1.0,0.99999976,1.0,0.9999999,0.9999999,0.99999994,0.99999994,0.9999998,0.9999998,0.99999994,0.9999998,0.9999994,0.99999994,0.99999994,0.9999998,0.99999917,0.99999994,0.9999999,0.9999999,0.9999998,0.9999998,0.9999999,0.99999976,0.99999994,0.9999999,0.9999999,0.99999994,0.9999999,0.9999998,0.99999994,0.9999999,0.99999946,0.99999994,0.9999999,0.99999994,1.0,1.0,0.9999999,0.9999999,0.9999939,0.9976537,0.9999999,1.0,0.99999976,0.9999998,0.9999998,0.99999976,0.9999999,1.0,1.0,0.9999999,0.9999994,0.9999999,0.9999999,0.99999976,0.9999998,1.0,0.99999994,0.99999994,0.9999998,0.99999994,0.9999999,0.9999996,0.9999998,0.99999994,0.9999995,0.9999999,0.99999994,0.9999999,1.0,0.9999999,1.0,0.9999999,0.99999994,0.9999999,0.99999994,0.9999998,0.9999998,0.9999998,0.99999976,0.99999976,0.99999946,0.9999999,0.99999976,1.0,1.0,0.9999999,0.99999994,0.9999991,0.9999999,0.9999999,0.9999999,0.9999999,0.9999999,0.9999999,0.9999999,0.99999976,0.9999998,0.9999998,0.9999997,0.9999999,0.99999994,0.99999994,0.99999994,0.9999999,0.99999994,0.980599,0.99999994,0.9999999,0.9999998
RPS3_K562,0.99999994,1.0,1.0,1.0,0.99999994,0.9999999,0.99999994,0.9999999,0.99999994,0.99999994,1.0,0.99999386,0.99999994,1.0,1.0,0.99999994,1.0,1.0,0.999983,0.9999999,0.9999997,1.0,0.99999994,0.99999994,0.9999999,0.99999994,0.99999994,0.99999994,0.99999994,0.9999999,0.99999994,0.9999999,0.99999994,0.99999994,0.99999005,0.9999882,0.99999994,1.0,0.99999994,0.9999999,1.0,0.99999994,0.9999999,0.99999994,1.0,0.99999994,1.0,1.0,1.0,0.9999999,1.0,0.99999994,0.99999994,0.99999994,0.99999994,0.99999994,0.7307554,0.99999994,0.99999994,0.99999994,0.99999994,1.0,0.99999994,0.9999994,1.0,0.99999994,1.0,0.9999999,0.99999994,0.99999994,1.0,0.99999994,0.99999994,0.99999994,0.99999994,1.0,1.0,0.99999994,0.9999999,0.99999994,0.99999875,0.99999994,0.99999994,0.9999982,1.0,1.0,1.0,1.0,0.9999998,0.9999896,1.0,0.99999994,1.0,0.99999994,1.0,0.9999998,0.99999994,0.99674684,0.99999994,0.99999994,0.9999998,0.9992552,0.9988074,0.99999994,1.0,0.5505818,1.0,0.9999999,0.99999994,0.99999994,0.9999999,0.99999994,0.99999934,1.0,0.9999999,1.0,0.99999994,0.99999994,1.0,1.0,0.99999994,0.99999994,1.0,0.99999994,0.9999996,1.0,1.0,0.99999994,0.99999887,1.0,1.0,1.0,0.99999994,0.99999994,0.99999994,0.9999999,1.0,0.99999994,0.99999994,1.0,0.99999976,0.99999994,1.0,0.99999994,0.99999964,1.0,0.99999994,1.0,1.0,1.0,0.99999994,1.0,0.9999946,0.9976402,0.99999994,1.0,0.9999999,0.9999997,0.99999994,0.9999996,0.99999994,1.0,1.0,0.99999994,0.9999996,0.99999994,0.99999994,0.9999999,0.99999994,0.99999994,1.0,1.0,0.99999994,1.0,0.99999994,0.99999976,0.99999994,1.0,0.9999997,0.99999994,1.0,1.0,1.0,0.99999994,1.0,0.99999994,1.0,0.99999994,1.0,0.99999994,0.99999994,0.99999994,0.9999999,0.9999999,0.99999964,0.99999994,0.9999999,1.0,0.99999994,0.99999994,1.0,0.9999994,0.99999994,0.99999994,0.99999994,0.99999994,0.99999994,0.99999994,0.99999994,0.9999999,0.99999994,0.9999997,0.9999999,0.99999994,1.0,1.0,1.0,0.99999994,1.0,0.9805603,1.0,0.99999994,0.99999994
SAFB_HepG2,1.0,0.99999994,1.0,0.9999999,1.0,1.0,1.0,1.0,1.0,0.9999998,0.99999994,0.9999949,1.0,0.99999994,1.0,1.0,1.0,1.0,0.9999812,1.0,0.9999999,0.9999999,1.0,1.0,0.9999997,1.0,1.0,1.0,1.0,0.99999964,1.0,1.0,1.0,1.0,0.99999136,0.99998665,1.0,0.99999994,0.99999976,1.0,1.0,1.0,1.0,1.0,1.0,1.0,0.9999999,1.0,0.99999994,1.0,1.0,1.0,1.0,1.0,1.0,1.0,0.7305465,1.0,1.0,1.0,1.0,1.0,1.0,0.999999,1.0,1.0,1.0,1.0,1.0,1.0,1.0,1.0,0.9999998,1.0,1.0,1.0,1.0,1.0,1.0,1.0,0.9999983,1.0,1.0,0.99999875,1.0,1.0,1.0,1.0,0.9999995,0.999991,0.9999999,1.0,1.0,0.9999998,1.0,0.99999994,1.0,0.99677145,1.0,1.0,0.99999994,0.999267,0.9987924,1.0,1.0,0.5508372,1.0,1.0,1.0,1.0,1.0,1.0,0.99999964,0.99999994,1.0,0.99999994,1.0,1.0,1.0,1.0,1.0,1.0,1.0,1.0,0.9999998,1.0,1.0,1.0,0.99999833,1.0,1.0,1.0,1.0,1.0,1.0,1.0,1.0,1.0,1.0,1.0,0.99999946,1.0,1.0,1.0,0.9999999,1.0,1.0,1.0,0.9999999,0.99999994,1.0,1.0,0.9999955,0.9976191,1.0,0.99999994,1.0,0.9999994,1.0,0.9999993,1.0,0.99999994,0.99999994,1.0,0.9999998,1.0,1.0,1.0,1.0,0.9999998,1.0,0.99999994,1.0,1.0,1.0,0.99999994,1.0,1.0,0.9999999,1.0,1.0,1.0,0.99999994,1.0,0.99999994,1.0,1.0,1.0,1.0,1.0,1.0,1.0,1.0,1.0,0.9999999,1.0,1.0,0.9999999,0.9999998,1.0,1.0,0.99999964,1.0,1.0,1.0,1.0,1.0,1.0,1.0,1.0,1.0,0.9999994,1.0,1.0,0.99999994,1.0,1.0,1.0,1.0,0.9805002,1.0,1.0,1.0
SAFB_K562,1.0,0.99999994,1.0,0.99999994,1.0,1.0,1.0,1.0,1.0,0.9999998,0.99999994,0.9999947,1.0,1.0,1.0,1.0,1.0,1.0,0.9999816,0.99999994,0.9999999,0.9999999,1.0,1.0,0.99999976,1.0,1.0,1.0,1.0,0.9999997,1.0,1.0,1.0,1.0,0.9999911,0.999987,1.0,1.0,0.99999976,1.0,1.0,1.0,0.99999994,1.0,1.0,1.0,0.99999994,1.0,0.99999994,0.99999994,1.0,1.0,1.0,1.0,1.0,1.0,0.7305914,1.0,1.0,1.0,1.0,1.0,1.0,0.9999991,1.0,1.0,1.0,1.0,1.0,1.0,1.0,1.0,0.9999999,1.0,1.0,1.0,1.0,1.0,0.99999994,1.0,0.9999984,1.0,1.0,0.9999986,1.0,1.0,1.0,1.0,0.9999996,0.9999907,0.9999999,1.0,1.0,0.9999999,1.0,0.99999994,1.0,0.99676615,1.0,1.0,0.99999994,0.9992644,0.9987956,1.0,1.0,0.5507823,1.0,1.0,1.0,1.0,1.0,1.0,0.9999996,0.99999994,1.0,0.99999994,1.0,1.0,1.0,1.0,1.0,1.0,1.0,1.0,0.99999976,1.0,1.0,1.0,0.99999845,1.0,1.0,1.0,1.0,1.0,1.0,1.0,1.0,1.0,1.0,1.0,0.9999995,1.0,1.0,1.0,0.9999998,1.0,1.0,1.0,0.9999999,1.0,1.0,1.0,0.99999535,0.9976237,1.0,1.0,0.99999994,0.99999946,1.0,0.99999934,1.0,1.0,0.99999994,1.0,0.99999976,1.0,1.0,0.99999994,1.0,0.9999999,1.0,1.0,1.0,1.0,1.0,0.9999999,1.0,1.0,0.9999999,1.0,1.0,1.0,1.0,1.0,0.99999994,1.0,1.0,1.0,1.0,1.0,1.0,1.0,0.99999994,1.0,0.9999998,1.0,0.99999994,0.99999994,0.9999999,1.0,1.0,0.99999964,1.0,1.0,1.0,1.0,1.0,1.0,1.0,0.99999994,1.0,0.9999995,0.99999994,1.0,1.0,1.0,1.0,1.0,1.0,0.9805131,1.0,1.0,1.0
SAFB2_K562,0.9999958,0.9999945,0.9999952,0.99999404,0.9999958,0.9999959,0.99999565,0.999996,0.99999565,0.99999344,0.9999943,1.0,0.99999535,0.9999947,0.99999505,0.9999954,0.99999523,0.9999953,0.9999584,0.9999961,0.9999967,0.99999386,0.9999954,0.99999565,0.999993,0.99999577,0.9999956,0.9999956,0.9999956,0.99999267,0.99999565,0.9999959,0.99999577,0.9999955,0.99999934,0.99996674,0.9999957,0.99999475,0.9999931,0.99999595,0.9999951,0.9999954,0.99999607,0.9999955,0.9999951,0.9999954,0.9999941,0.9999949,0.9999945,0.9999961,0.99999493,0.9999959,0.9999958,0.99999565,0.9999957,0.9999954,0.7285018,0.99999565,0.9999957,0.9999958,0.9999954,0.999995,0.9999956,0.9999903,0.999995,0.99999565,0.9999953,0.9999959,0.9999957,0.9999955,0.9999951,0.9999955,0.9999937,0.9999958,0.9999955,0.9999949,0.9999952,0.9999958,0.9999961,0.9999955,0.9999882,0.99999577,0.9999957,0.999999,0.9999951,0.99999505,0.9999953,0.9999948,0.99999225,0.9999992,0.9999938,0.99999547,0.99999505,0.99999374,0.9999952,0.99999624,0.99999535,0.997007,0.99999547,0.99999577,0.9999963,0.99937695,0.9986411,0.99999535,0.9999952,0.5533299,0.99999523,0.99999595,0.9999957,0.9999954,0.99999607,0.99999577,0.99999774,0.9999943,0.99999595,0.99999434,0.99999547,0.9999955,0.9999949,0.999995,0.99999577,0.99999577,0.9999953,0.99999577,0.99999714,0.999995,0.9999952,0.99999577,0.99998844,0.9999951,0.9999953,0.99999535,0.99999577,0.9999957,0.99999535,0.999996,0.99999505,0.9999956,0.9999954,0.9999952,0.99999195,0.99999577,0.99999505,0.99999565,0.999997,0.99999523,0.9999956,0.9999952,0.9999939,0.9999946,0.9999955,0.99999535,1.0,0.9974085,0.9999955,0.9999946,0.9999962,0.99999166,0.9999958,0.99999124,0.9999954,0.99999464,0.9999943,0.99999547,0.99999714,0.99999565,0.9999954,0.9999961,0.99999577,0.99999374,0.99999493,0.99999475,0.9999957,0.99999475,0.99999547,0.99999666,0.99999577,0.9999948,0.99999684,0.99999565,0.9999951,0.9999953,0.99999464,0.9999955,0.9999944,0.9999956,0.9999949,0.9999956,0.9999951,0.9999958,0.99999577,0.99999577,0.9999962,0.999996,0.99999696,0.9999956,0.9999961,0.99999416,0.9999935,0.9999956,0.9999952,0.9999976,0.9999955,0.9999955,0.9999956,0.9999956,0.9999956,0.99999535,0.99999547,0.9999961,0.99999577,0.9999918,0.9999962,0.9999954,0.99999475,0.99999505,0.9999952,0.9999954,0.9999948,0.9799083,0.99999493,0.9999956,0.9999957
SBDS_K562,0.99761283,0.997641,0.99762696,0.9976509,0.9976125,0.99761003,0.99761605,0.99760854,0.9976159,0.99766225,0.9976463,0.9973933,0.9976227,0.9976376,0.9976301,0.9976215,0.9976265,0.99762505,0.99802315,0.9976048,0.99758875,0.99765474,0.9976225,0.9976165,0.99767035,0.9976133,0.9976177,0.9976179,0.99761736,0.9976772,0.99761605,0.9976104,0.9976137,0.9976195,0.99732405,0.997962,0.9976145,0.9976363,0.9976689,0.99760884,0.99762887,0.99762154,0.9976065,0.9976188,0.9976285,0.9976223,0.99764967,0.9976335,0.99764144,0.9976055,0.9976331,0.9976112,0.9976117,0.99761677,0.9976149,0.9976219,0.77590036,0.99761665,0.9976147,0.9976124,0.9976223,0.99763167,0.9976174,0.99771583,0.9976307,0.997617,0.9976242,0.99761015,0.99761564,0.9976193,0.9976286,0.99761856,0.9976576,0.99761266,0.9976191,0.9976339,0.9976271,0.9976127,0.9976054,0.99761933,0.99774665,0.9976134,0.9976152,0.9975091,0.9976289,0.9976302,0.99762404,0.9976345,0.997684,0.99731714,0.9976558,0.9976205,0.99762976,0.9976572,0.9976278,0.99760157,0.9976227,0.98886096,0.9976203,0.997613,0.9975997,0.9942477,0.9998026,0.9976231,0.99762684,0.49196717,0.99762636,0.9976091,0.9976148,0.99762183,0.99760693,0.9976142,0.99756026,0.9976465,0.99760896,0.9976448,0.99762034,0.9976197,0.9976334,0.9976313,0.9976134,0.9976132,0.9976251,0.9976134,0.99757826,0.9976313,0.9976268,0.9976142,0.99774283,0.99762905,0.99762464,0.9976238,0.99761355,0.99761486,0.9976229,0.9976082,0.99763,0.9976179,0.99762183,0.99762666,0.99768865,0.99761355,0.9976294,0.99761623,0.99758196,0.99762547,0.99761724,0.99762756,0.9976537,0.9976402,0.9976191,0.9976237,0.9974085,1.0,0.99761975,0.9976401,0.9976041,0.997694,0.99761254,0.9977011,0.9976221,0.9976384,0.9976457,0.9976208,0.99757797,0.9976166,0.99762213,0.9976053,0.9976138,0.9976571,0.99763215,0.99763656,0.99761546,0.9976359,0.99762094,0.99759024,0.99761367,0.99763507,0.9975866,0.99761695,0.99762905,0.9976245,0.9976383,0.99761975,0.99764323,0.9976183,0.99763393,0.99761766,0.9976285,0.99761283,0.9976141,0.9976137,0.9976034,0.9976071,0.997583,0.99761707,0.9976049,0.99764854,0.997661,0.99761826,0.9976267,0.99756277,0.99761885,0.99761903,0.99761784,0.9976179,0.99761736,0.99762297,0.99762,0.9976055,0.99761343,0.9976921,0.9976027,0.99762255,0.99763626,0.9976295,0.9976276,0.99762154,0.997635,0.9917185,0.99763197,0.99761707,0.99761516
SDAD1_HepG2,1.0,0.99999994,1.0,0.9999999,1.0,1.0,1.0,1.0,1.0,0.9999998,0.99999994,0.9999949,1.0,0.99999994,1.0,1.0,1.0,1.0,0.9999813,1.0,0.9999999,0.9999999,1.0,1.0,0.9999997,1.0,1.0,1.0,1.0,0.99999964,1.0,1.0,1.0,1.0,0.99999136,0.9999867,1.0,1.0,0.99999976,1.0,1.0,1.0,1.0,1.0,1.0,1.0,0.9999999,1.0,0.99999994,1.0,1.0,1.0,1.0,1.0,1.0,1.0,0.7305527,1.0,1.0,1.0,1.0,1.0,1.0,0.999999,1.0,1.0,1.0,1.0,1.0,1.0,1.0,1.0,0.9999998,1.0,1.0,1.0,1.0,1.0,1.0,1.0,0.9999983,1.0,1.0,0.99999875,1.0,1.0,1.0,1.0,0.9999996,0.99999094,0.9999999,1.0,1.0,0.9999999,1.0,0.99999994,1.0,0.9967707,1.0,1.0,0.99999994,0.9992666,0.9987928,1.0,1.0,0.55082965,1.0,1.0,1.0,1.0,1.0,1.0,0.99999964,0.99999994,1.0,0.99999994,1.0,1.0,1.0,1.0,1.0,1.0,1.0,1.0,0.9999998,1.0,1.0,1.0,0.9999984,1.0,1.0,1.0,1.0,1.0,1.0,1.0,1.0,1.0,1.0,1.0,0.99999946,1.0,1.0,1.0,0.9999999,1.0,1.0,1.0,0.9999999,0.99999994,1.0,1.0,0.9999955,0.99761975,1.0,0.99999994,1.0,0.9999994,1.0,0.9999993,1.0,0.99999994,0.99999994,1.0,0.9999998,1.0,1.0,1.0,1.0,0.9999999,1.0,1.0,1.0,1.0,1.0,0.9999999,1.0,1.0,0.9999999,1.0,1.0,1.0,0.99999994,1.0,0.99999994,1.0,1.0,1.0,1.0,1.0,1.0,1.0,1.0,1.0,0.9999999,1.0,1.0,0.99999994,0.9999998,1.0,1.0,0.99999964,1.0,1.0,1.0,1.0,1.0,1.0,1.0,1.0,1.0,0.99999946,0.99999994,1.0,1.0,1.0,1.0,1.0,1.0,0.980502,1.0,1.0,1.0
SDAD1_K562,0.99999994,1.0,1.0,1.0,0.99999994,0.9999999,0.99999994,0.9999999,0.99999994,0.99999994,1.0,0.99999386,0.99999994,1.0,1.0,0.99999994,1.0,1.0,0.999983,0.9999999,0.9999997,1.0,0.99999994,0.99999994,0.9999999,0.99999994,0.99999994,0.99999994,0.99999994,0.9999999,0.99999994,0.9999999,0.99999994,0.99999994,0.99999005,0.9999882,0.99999994,1.0,0.99999994,0.9999999,1.0,0.99999994,0.9999999,0.99999994,1.0,0.99999994,1.0,1.0,1.0,0.9999999,1.0,0.99999994,0.99999994,0.99999994,0.99999994,0.99999994,0.7307546,0.99999994,0.99999994,0.99999994,0.99999994,1.0,0.99999994,0.9999994,1.0,0.99999994,1.0,0.9999999,0.99999994,0.99999994,1.0,0.99999994,0.99999994,0.99999994,0.99999994,1.0,1.0,0.99999994,0.9999999,0.99999994,0.99999875,0.99999994,0.99999994,0.9999982,1.0,1.0,1.0,1.0,0.9999998,0.9999896,1.0,0.99999994,1.0,0.99999994,1.0,0.9999998,0.99999994,0.9967469,0.99999994,0.99999994,0.9999998,0.99925524,0.9988073,0.99999994,1.0,0.5505828,1.0,0.9999999,0.99999994,0.99999994,0.9999999,0.99999994,0.99999934,1.0,0.9999999,1.0,0.99999994,0.99999994,1.0,1.0,0.99999994,0.99999994,1.0,0.99999994,0.9999996,1.0,1.0,0.99999994,0.99999887,1.0,1.0,1.0,0.99999994,0.99999994,0.99999994,0.9999999,1.0,0.99999994,0.99999994,1.0,0.99999976,0.99999994,1.0,0.99999994,0.99999964,1.0,0.99999994,1.0,1.0,1.0,0.99999994,1.0,0.9999946,0.9976401,0.99999994,1.0,0.9999999,0.9999997,0.99999994,0.9999996,0.99999994,1.0,1.0,0.99999994,0.9999996,0.99999994,0.99999994,0.9999999,0.99999994,0.99999994,1.0,1.0,0.99999994,1.0,0.99999994,0.99999976,0.99999994,1.0,0.9999997,0.99999994,1.0,1.0,1.0,0.99999994,1.0,0.99999994,1.0,0.99999994,1.0,0.99999994,0.99999994,0.99999994,0.9999999,0.9999999,0.99999964,0.99999994,0.9999999,1.0,0.99999994,0.99999994,1.0,0.9999994,0.99999994,0.99999994,0.99999994,0.99999994,0.99999994,0.99999994,0.99999994,0.9999999,0.99999994,0.9999997,0.9999999,0.99999994,1.0,1.0,1.0,0.99999994,1.0,0.98056006,1.0,0.99999994,0.99999994
SERBP1_K562,1.0,0.9999999,0.99999994,0.99999976,1.0,1.0,1.0,1.0,1.0,0.99999964,0.9999998,0.9999955,0.99999994,0.9999999,0.99999994,0.99999994,0.99999994,0.99999994,0.99997985,1.0,1.0,0.9999997,0.99999994,1.0,0.9999995,1.0,1.0,1.0,1.0,0.9999994,1.0,1.0,1.0,1.0,0.99999225,0.9999855,1.0,0.9999999,0.9999996,1.0,0.99999994,0.99999994,1.0,1.0,0.99999994,0.99999994,0.99999976,0.9999999,0.9999999,1.0,0.99999994,1.0,1.0,1.0,1.0,0.99999994,0.7303979,1.0,1.0,1.0,0.99999994,0.99999994,1.0,0.9999987,0.99999994,1.0,0.99999994,1.0,1.0,1.0,0.99999994,1.0,0.9999997,1.0,1.0,0.9999999,0.99999994,1.0,1.0,1.0,0.9999978,1.0,1.0,0.99999905,0.99999994,0.99999994,0.99999994,0.9999999,0.99999934,0.9999919,0.9999997,1.0,0.99999994,0.9999997,0.99999994,1.0,0.99999994,0.99678886,1.0,1.0,1.0,0.99927527,0.9987817,0.99999994,0.99999994,0.55101883,0.99999994,1.0,1.0,0.99999994,1.0,1.0,0.9999998,0.9999998,1.0,0.9999998,1.0,1.0,0.9999999,0.99999994,1.0,1.0,0.99999994,1.0,0.99999994,0.99999994,0.99999994,1.0,0.9999979,0.99999994,0.99999994,0.99999994,1.0,1.0,0.99999994,1.0,0.99999994,1.0,0.99999994,0.99999994,0.9999992,1.0,0.99999994,1.0,0.99999994,0.99999994,1.0,0.99999994,0.99999976,0.9999999,1.0,0.99999994,0.9999962,0.9976041,1.0,0.9999999,1.0,0.99999917,1.0,0.999999,0.99999994,0.9999999,0.9999998,1.0,0.99999994,1.0,0.99999994,1.0,1.0,0.9999997,0.99999994,0.9999999,1.0,0.9999999,1.0,1.0,1.0,0.9999999,0.99999994,1.0,0.99999994,0.99999994,0.9999999,1.0,0.9999998,1.0,0.9999999,1.0,0.99999994,1.0,1.0,1.0,1.0,1.0,0.99999994,1.0,1.0,0.9999998,0.99999964,1.0,0.99999994,0.9999998,1.0,1.0,1.0,1.0,1.0,0.99999994,1.0,1.0,1.0,0.99999917,1.0,0.99999994,0.9999999,0.99999994,0.99999994,0.99999994,0.9999999,0.9804574,0.99999994,1.0,1.0
SF3A3_HepG2,0.9999993,0.9999997,0.9999995,0.9999998,0.9999993,0.9999992,0.99999934,0.9999992,0.99999934,0.9999999,0.99999976,0.99999076,0.99999946,0.99999964,0.9999996,0.99999946,0.9999995,0.99999946,0.9999873,0.99999917,0.9999988,0.9999998,0.99999946,0.99999934,0.99999994,0.9999993,0.9999994,0.9999994,0.99999934,0.99999994,0.99999934,0.9999992,0.9999993,0.9999994,0.99998623,0.9999917,0.99999934,0.99999964,0.99999994,0.9999992,0.9999995,0.99999946,0.99999917,0.9999994,0.9999995,0.99999946,0.99999976,0.9999996,0.9999997,0.99999917,0.9999996,0.9999993,0.9999993,0.99999934,0.99999934,0.99999946,0.73129374,0.99999934,0.99999934,0.9999993,0.99999946,0.9999996,0.99999934,0.99999994,0.9999996,0.99999934,0.99999946,0.9999992,0.99999934,0.9999994,0.9999995,0.9999994,0.9999999,0.9999993,0.9999994,0.9999996,0.9999995,0.9999993,0.99999917,0.9999994,0.9999997,0.9999993,0.99999934,0.9999964,0.9999995,0.9999996,0.99999946,0.99999964,1.0,0.99998575,0.9999998,0.9999994,0.9999996,0.9999999,0.9999995,0.9999991,0.99999946,0.9966829,0.9999994,0.9999993,0.99999905,0.9992244,0.9988456,0.99999946,0.9999995,0.549923,0.9999995,0.9999992,0.99999934,0.99999946,0.99999917,0.99999934,0.9999981,0.99999976,0.9999992,0.99999976,0.9999994,0.9999994,0.9999996,0.9999996,0.9999993,0.9999993,0.99999946,0.9999993,0.99999857,0.9999996,0.9999995,0.99999934,0.99999976,0.9999995,0.99999946,0.99999946,0.9999993,0.99999934,0.99999946,0.9999992,0.9999996,0.9999994,0.99999946,0.9999995,1.0,0.9999993,0.9999995,0.99999934,0.9999987,0.9999995,0.99999934,0.9999995,0.9999998,0.9999997,0.9999994,0.99999946,0.99999166,0.997694,0.9999994,0.9999997,0.99999917,1.0,0.9999993,1.0,0.99999946,0.99999964,0.99999976,0.9999994,0.99999857,0.99999934,0.99999946,0.99999917,0.9999993,0.9999999,0.9999996,0.99999964,0.99999934,0.99999964,0.9999994,0.99999887,0.9999993,0.99999964,0.99999875,0.99999934,0.9999995,0.99999946,0.99999964,0.9999994,0.9999997,0.9999994,0.99999964,0.9999994,0.9999995,0.9999993,0.99999934,0.9999993,0.9999991,0.9999992,0.9999987,0.99999934,0.99999917,0.99999976,0.9999999,0.9999994,0.9999995,0.99999815,0.9999994,0.9999994,0.9999994,0.9999994,0.99999934,0.99999946,0.9999994,0.99999917,0.9999993,1.0,0.9999991,0.99999946,0.99999964,0.9999996,0.9999995,0.99999946,0.99999964,0.9807148,0.9999996,0.99999934,0.99999934
SF3B1_K562,1.0,0.99999994,1.0,0.9999998,1.0,1.0,1.0,1.0,1.0,0.99999976,0.9999999,0.9999952,1.0,0.99999994,0.99999994,1.0,1.0,1.0,0.9999806,1.0,0.99999994,0.9999998,1.0,1.0,0.99999964,1.0,1.0,1.0,1.0,0.9999996,1.0,1.0,1.0,1.0,0.9999918,0.9999862,1.0,0.99999994,0.99999964,1.0,1.0,1.0,1.0,1.0,1.0,1.0,0.9999999,0.99999994,0.99999994,1.0,0.99999994,1.0,1.0,1.0,1.0,1.0,0.730481,1.0,1.0,1.0,1.0,0.99999994,1.0,0.99999887,0.99999994,1.0,1.0,1.0,1.0,1.0,1.0,1.0,0.99999976,1.0,1.0,0.99999994,1.0,1.0,1.0,1.0,0.99999803,1.0,1.0,0.9999989,1.0,0.99999994,1.0,0.99999994,0.99999946,0.99999136,0.9999998,1.0,0.99999994,0.99999976,1.0,1.0,1.0,0.99677914,1.0,1.0,1.0,0.9992706,0.9987877,1.0,1.0,0.5509172,1.0,1.0,1.0,1.0,1.0,1.0,0.9999997,0.9999999,1.0,0.9999999,1.0,1.0,0.99999994,0.99999994,1.0,1.0,1.0,1.0,0.9999999,0.99999994,1.0,1.0,0.99999815,1.0,1.0,1.0,1.0,1.0,1.0,1.0,0.99999994,1.0,1.0,1.0,0.9999994,1.0,0.99999994,1.0,0.9999999,1.0,1.0,1.0,0.9999998,0.99999994,1.0,1.0,0.9999958,0.99761254,1.0,0.99999994,1.0,0.9999993,1.0,0.99999917,1.0,0.99999994,0.9999999,1.0,0.9999999,1.0,1.0,1.0,1.0,0.99999976,0.99999994,0.99999994,1.0,0.99999994,1.0,0.99999994,1.0,0.99999994,0.99999994,1.0,1.0,1.0,0.99999994,1.0,0.9999999,1.0,0.99999994,1.0,1.0,1.0,1.0,1.0,1.0,1.0,0.9999999,1.0,1.0,0.9999999,0.99999976,1.0,1.0,0.99999976,1.0,1.0,1.0,1.0,1.0,1.0,1.0,1.0,1.0,0.99999934,1.0,1.0,0.99999994,0.99999994,1.0,1.0,0.99999994,0.9804813,0.99999994,1.0,1.0
SF3B4_HepG2,0.99999917,0.9999996,0.9999994,0.9999997,0.99999917,0.9999991,0.9999992,0.9999991,0.9999992,0.9999998,0.9999997,0.99999034,0.99999934,0.9999996,0.99999946,0.99999934,0.9999994,0.9999994,0.99998784,0.999999,0.9999986,0.99999976,0.99999934,0.9999992,0.9999999,0.99999917,0.9999993,0.9999993,0.9999992,0.99999994,0.9999992,0.9999991,0.99999917,0.9999993,0.9999857,0.99999213,0.9999992,0.9999995,0.9999999,0.9999991,0.99999946,0.99999934,0.99999905,0.9999993,0.99999946,0.99999934,0.9999997,0.9999995,0.99999964,0.99999905,0.9999995,0.99999917,0.99999917,0.9999992,0.9999992,0.99999934,0.731365,0.9999992,0.9999992,0.99999917,0.99999934,0.99999946,0.9999992,1.0,0.99999946,0.9999992,0.99999934,0.9999991,0.9999992,0.9999993,0.99999946,0.9999993,0.9999998,0.99999917,0.9999993,0.9999995,0.9999994,0.99999917,0.99999905,0.9999993,0.99999976,0.99999917,0.9999992,0.9999961,0.99999946,0.99999946,0.99999934,0.9999995,0.99999994,0.99998516,0.99999976,0.9999993,0.99999946,0.9999998,0.9999994,0.9999989,0.99999934,0.9966744,0.9999993,0.99999917,0.9999989,0.9992203,0.99885064,0.99999934,0.9999994,0.54983574,0.9999994,0.9999991,0.9999992,0.99999934,0.99999905,0.99999917,0.9999979,0.9999997,0.9999991,0.99999964,0.9999993,0.9999993,0.9999995,0.99999946,0.99999917,0.99999917,0.9999994,0.99999917,0.9999984,0.99999946,0.9999994,0.99999917,0.9999998,0.99999946,0.99999934,0.99999934,0.99999917,0.9999992,0.99999934,0.9999991,0.99999946,0.9999993,0.99999934,0.9999994,1.0,0.99999917,0.99999946,0.9999992,0.9999985,0.9999994,0.9999992,0.9999994,0.99999976,0.9999996,0.9999993,0.99999934,0.99999124,0.9977011,0.9999993,0.9999996,0.999999,1.0,0.99999917,1.0,0.99999934,0.9999996,0.99999964,0.9999993,0.9999984,0.9999992,0.99999934,0.99999905,0.99999917,0.99999976,0.99999946,0.9999995,0.9999992,0.9999995,0.9999993,0.9999987,0.99999917,0.9999995,0.9999986,0.9999992,0.99999946,0.99999934,0.9999996,0.9999993,0.99999964,0.9999993,0.9999995,0.9999993,0.99999946,0.99999917,0.99999917,0.99999917,0.999999,0.99999905,0.9999985,0.9999992,0.999999,0.9999997,0.9999998,0.9999993,0.9999994,0.999998,0.9999993,0.9999993,0.9999993,0.9999993,0.9999992,0.99999934,0.9999993,0.99999905,0.99999917,1.0,0.999999,0.99999934,0.9999995,0.99999946,0.9999994,0.99999934,0.9999995,0.9807352,0.99999946,0.9999992,0.9999992
SF3B4_K562,1.0,0.99999994,1.0,0.99999994,1.0,1.0,1.0,1.0,1.0,0.9999998,0.99999994,0.99999475,1.0,1.0,1.0,1.0,1.0,1.0,0.99998146,0.99999994,0.9999999,0.9999999,1.0,1.0,0.99999976,1.0,1.0,1.0,1.0,0.9999997,1.0,1.0,1.0,1.0,0.9999912,0.9999869,1.0,1.0,0.99999976,1.0,1.0,1.0,1.0,1.0,1.0,1.0,0.99999994,1.0,0.99999994,1.0,1.0,1.0,1.0,1.0,1.0,1.0,0.73057544,1.0,1.0,1.0,1.0,1.0,1.0,0.99999905,1.0,1.0,1.0,1.0,1.0,1.0,1.0,1.0,0.9999999,1.0,1.0,1.0,1.0,1.0,1.0,1.0,0.99999833,1.0,1.0,0.9999987,1.0,1.0,1.0,1.0,0.9999996,0.9999908,0.9999999,1.0,1.0,0.9999999,1.0,0.99999994,1.0,0.996768,1.0,1.0,0.99999994,0.9992653,0.9987945,1.0,1.0,0.5508018,1.0,1.0,1.0,1.0,1.0,1.0,0.9999996,0.99999994,1.0,0.99999994,1.0,1.0,1.0,1.0,1.0,1.0,1.0,1.0,0.9999998,1.0,1.0,1.0,0.99999845,1.0,1.0,1.0,1.0,1.0,1.0,1.0,1.0,1.0,1.0,1.0,0.9999995,1.0,1.0,1.0,0.9999998,1.0,1.0,1.0,0.9999999,0.99999994,1.0,1.0,0.9999954,0.9976221,1.0,0.99999994,0.99999994,0.99999946,1.0,0.99999934,1.0,1.0,0.99999994,1.0,0.9999998,1.0,1.0,1.0,1.0,0.9999999,1.0,1.0,1.0,1.0,1.0,0.9999999,1.0,1.0,0.9999999,1.0,1.0,1.0,1.0,1.0,0.99999994,1.0,1.0,1.0,1.0,1.0,1.0,1.0,0.99999994,1.0,0.9999998,1.0,0.99999994,0.99999994,0.9999998,1.0,1.0,0.99999964,1.0,1.0,1.0,1.0,1.0,1.0,1.0,1.0,1.0,0.99999946,0.99999994,1.0,1.0,1.0,1.0,1.0,1.0,0.9805085,1.0,1.0,1.0
SFPQ_HepG2,0.99999994,1.0,1.0,1.0,0.99999994,0.99999994,0.99999994,0.9999999,0.99999994,0.99999994,1.0,0.9999939,1.0,1.0,1.0,0.99999994,1.0,1.0,0.9999829,0.9999999,0.99999976,1.0,1.0,0.99999994,0.9999999,0.99999994,0.99999994,0.99999994,0.99999994,0.9999998,0.99999994,0.99999994,0.99999994,0.99999994,0.99999017,0.9999881,0.99999994,1.0,0.9999999,0.9999999,1.0,0.99999994,0.9999999,0.99999994,1.0,1.0,1.0,1.0,1.0,0.9999999,1.0,0.99999994,0.99999994,0.99999994,0.99999994,1.0,0.73073775,0.99999994,0.99999994,0.99999994,1.0,1.0,0.99999994,0.99999934,1.0,0.99999994,1.0,0.99999994,0.99999994,0.99999994,1.0,0.99999994,0.99999994,0.99999994,0.99999994,1.0,1.0,0.99999994,0.9999999,0.99999994,0.99999875,0.99999994,0.99999994,0.9999983,1.0,1.0,1.0,1.0,0.99999976,0.99998975,0.99999994,0.99999994,1.0,0.99999994,1.0,0.9999999,1.0,0.99674886,0.99999994,0.99999994,0.9999998,0.9992562,0.9988061,1.0,1.0,0.5506034,1.0,0.9999999,0.99999994,1.0,0.9999999,0.99999994,0.99999934,1.0,0.9999999,1.0,0.99999994,0.99999994,1.0,1.0,0.99999994,0.99999994,1.0,0.99999994,0.99999964,1.0,1.0,0.99999994,0.9999988,1.0,1.0,1.0,0.99999994,0.99999994,1.0,0.9999999,1.0,0.99999994,1.0,1.0,0.9999997,0.99999994,1.0,0.99999994,0.99999964,1.0,0.99999994,1.0,1.0,1.0,0.99999994,1.0,0.99999464,0.9976384,0.99999994,1.0,0.9999999,0.99999964,0.99999994,0.9999996,1.0,1.0,1.0,0.99999994,0.99999964,0.99999994,1.0,0.9999999,0.99999994,0.99999994,1.0,1.0,0.99999994,1.0,0.99999994,0.99999976,0.99999994,1.0,0.9999997,0.99999994,1.0,1.0,1.0,0.99999994,1.0,0.99999994,1.0,0.99999994,1.0,0.99999994,0.99999994,0.99999994,0.9999999,0.9999999,0.9999997,0.99999994,0.9999999,1.0,0.99999994,0.99999994,1.0,0.9999994,0.99999994,0.99999994,0.99999994,0.99999994,0.99999994,1.0,0.99999994,0.9999999,0.99999994,0.9999997,0.9999999,1.0,1.0,1.0,1.0,0.99999994,1.0,0.98055524,1.0,0.99999994,0.99999994
SLBP_K562,0.9999999,1.0,0.99999994,1.0,0.9999999,0.9999999,0.9999999,0.9999999,0.9999999,1.0,1.0,0.99999356,0.99999994,1.0,1.0,0.99999994,0.99999994,0.99999994,0.9999835,0.9999998,0.99999964,1.0,0.99999994,0.9999999,0.99999994,0.9999999,0.99999994,0.99999994,0.99999994,0.9999999,0.9999999,0.9999999,0.9999999,0.99999994,0.9999897,0.99998856,0.9999999,1.0,0.99999994,0.9999999,0.99999994,0.99999994,0.9999998,0.99999994,0.99999994,0.99999994,1.0,1.0,1.0,0.9999998,1.0,0.9999999,0.9999999,0.99999994,0.9999999,0.99999994,0.73081017,0.99999994,0.9999999,0.9999999,0.99999994,1.0,0.99999994,0.99999946,1.0,0.99999994,0.99999994,0.9999999,0.9999999,0.99999994,0.99999994,0.99999994,1.0,0.9999999,0.99999994,1.0,0.99999994,0.9999999,0.9999998,0.99999994,0.99999887,0.9999999,0.9999999,0.9999981,1.0,1.0,0.99999994,1.0,0.9999998,0.9999893,1.0,0.99999994,1.0,1.0,0.99999994,0.9999998,0.99999994,0.99674034,0.99999994,0.9999999,0.99999976,0.9992521,0.9988113,0.99999994,0.99999994,0.5505148,0.99999994,0.9999999,0.9999999,0.99999994,0.9999998,0.9999999,0.9999992,1.0,0.9999999,1.0,0.99999994,0.99999994,1.0,1.0,0.9999999,0.9999999,0.99999994,0.9999999,0.9999995,1.0,0.99999994,0.9999999,0.999999,1.0,0.99999994,0.99999994,0.9999999,0.9999999,0.99999994,0.9999999,1.0,0.99999994,0.99999994,0.99999994,0.9999998,0.9999999,1.0,0.9999999,0.9999996,0.99999994,0.99999994,0.99999994,1.0,1.0,0.99999994,0.99999994,0.9999943,0.9976457,0.99999994,1.0,0.9999998,0.99999976,0.9999999,0.99999964,0.99999994,1.0,1.0,0.99999994,0.9999995,0.99999994,0.99999994,0.9999998,0.9999999,1.0,1.0,1.0,0.9999999,1.0,0.99999994,0.9999997,0.9999999,1.0,0.99999964,0.99999994,1.0,0.99999994,1.0,0.99999994,1.0,0.99999994,1.0,0.99999994,0.99999994,0.9999999,0.9999999,0.9999999,0.9999998,0.9999998,0.9999996,0.99999994,0.9999998,1.0,1.0,0.99999994,0.99999994,0.9999993,0.99999994,0.99999994,0.99999994,0.99999994,0.99999994,0.99999994,0.99999994,0.9999998,0.9999999,0.99999976,0.9999998,0.99999994,1.0,1.0,0.99999994,0.99999994,1.0,0.98057604,1.0,0.99999994,0.9999999
SLTM_HepG2,1.0,0.99999994,1.0,0.9999999,1.0,1.0,1.0,1.0,1.0,0.9999998,0.99999994,0.9999948,1.0,1.0,1.0,1.0,1.0,1.0,0.99998134,1.0,0.9999999,0.9999999,1.0,1.0,0.99999976,1.0,1.0,1.0,1.0,0.99999964,1.0,1.0,1.0,1.0,0.9999913,0.99998677,1.0,1.0,0.99999976,1.0,1.0,1.0,1.0,1.0,1.0,1.0,0.99999994,1.0,0.99999994,1.0,1.0,1.0,1.0,1.0,1.0,1.0,0.73056334,1.0,1.0,1.0,1.0,1.0,1.0,0.99999905,1.0,1.0,1.0,1.0,1.0,1.0,1.0,1.0,0.9999999,1.0,1.0,1.0,1.0,1.0,1.0,1.0,0.9999983,1.0,1.0,0.9999987,1.0,1.0,1.0,1.0,0.9999996,0.9999909,0.9999999,1.0,1.0,0.9999999,1.0,0.99999994,1.0,0.9967694,1.0,1.0,0.99999994,0.999266,0.9987936,1.0,1.0,0.5508166,1.0,1.0,1.0,1.0,1.0,1.0,0.99999964,0.99999994,1.0,0.99999994,1.0,1.0,1.0,1.0,1.0,1.0,1.0,1.0,0.9999998,1.0,1.0,1.0,0.9999984,1.0,1.0,1.0,1.0,1.0,1.0,1.0,1.0,1.0,1.0,1.0,0.9999995,1.0,1.0,1.0,0.9999998,1.0,1.0,1.0,0.9999999,0.99999994,1.0,1.0,0.99999547,0.9976208,1.0,0.99999994,1.0,0.9999994,1.0,0.9999993,1.0,0.99999994,0.99999994,1.0,0.9999998,1.0,1.0,1.0,1.0,0.9999999,1.0,1.0,1.0,1.0,1.0,0.9999999,1.0,1.0,0.9999999,1.0,1.0,1.0,0.99999994,1.0,0.99999994,1.0,1.0,1.0,1.0,1.0,1.0,1.0,0.99999994,1.0,0.9999998,1.0,1.0,0.99999994,0.9999998,1.0,1.0,0.99999964,1.0,1.0,1.0,1.0,1.0,1.0,1.0,1.0,1.0,0.99999946,0.99999994,1.0,1.0,1.0,1.0,1.0,1.0,0.98050505,1.0,1.0,1.0
SLTM_K562,0.9999999,0.9999996,0.99999976,0.99999946,0.9999999,0.9999999,0.9999998,0.9999999,0.9999998,0.9999992,0.9999995,0.9999966,0.99999976,0.99999964,0.9999997,0.9999998,0.99999976,0.99999976,0.9999774,0.99999994,1.0,0.9999994,0.9999998,0.9999998,0.9999991,0.9999999,0.9999998,0.9999998,0.9999998,0.999999,0.9999998,0.9999999,0.9999999,0.9999998,0.9999937,0.99998343,0.9999999,0.99999964,0.9999991,0.9999999,0.9999997,0.9999998,0.99999994,0.9999998,0.99999976,0.9999998,0.99999946,0.9999997,0.9999996,0.99999994,0.9999997,0.9999999,0.9999999,0.9999998,0.9999999,0.9999998,0.73014086,0.9999998,0.9999999,0.9999999,0.9999998,0.9999997,0.9999998,0.999998,0.9999997,0.9999998,0.99999976,0.9999999,0.9999999,0.9999998,0.99999976,0.9999998,0.99999934,0.9999999,0.9999998,0.9999997,0.99999976,0.9999999,0.99999994,0.9999998,0.99999696,0.9999999,0.9999999,0.9999995,0.9999997,0.9999997,0.99999976,0.99999964,0.9999988,0.9999933,0.99999934,0.9999998,0.9999997,0.99999934,0.99999976,0.99999994,0.99999976,0.9968189,0.9999998,0.9999999,0.99999994,0.9992895,0.9987631,0.99999976,0.99999976,0.5513328,0.99999976,0.9999999,0.9999999,0.9999998,0.99999994,0.9999999,0.99999994,0.9999995,0.9999999,0.9999995,0.9999998,0.9999998,0.9999997,0.9999997,0.9999999,0.9999999,0.99999976,0.9999999,1.0,0.9999997,0.99999976,0.9999999,0.9999971,0.9999997,0.99999976,0.99999976,0.9999999,0.9999999,0.99999976,0.9999999,0.9999997,0.9999998,0.9999998,0.99999976,0.9999987,0.9999999,0.9999997,0.9999998,1.0,0.99999976,0.9999998,0.99999976,0.9999994,0.9999996,0.9999998,0.99999976,0.99999714,0.99757797,0.9999998,0.9999996,0.99999994,0.99999857,0.9999999,0.9999984,0.9999998,0.99999964,0.9999995,0.9999998,1.0,0.9999998,0.9999998,0.99999994,0.9999999,0.99999934,0.9999997,0.99999964,0.9999999,0.99999964,0.9999998,1.0,0.9999999,0.99999964,1.0,0.9999998,0.9999997,0.99999976,0.99999964,0.9999998,0.9999996,0.9999998,0.9999997,0.9999998,0.99999976,0.9999999,0.9999999,0.9999999,0.99999994,0.99999994,1.0,0.9999998,0.99999994,0.99999946,0.9999993,0.9999998,0.99999976,1.0,0.9999998,0.9999998,0.9999998,0.9999998,0.9999998,0.99999976,0.9999998,0.99999994,0.9999999,0.9999986,0.99999994,0.9999998,0.99999964,0.9999997,0.99999976,0.9999998,0.99999964,0.98038334,0.9999997,0.9999998,0.9999999
SMNDC1_HepG2,1.0,0.99999994,1.0,0.9999999,1.0,1.0,1.0,1.0,1.0,0.99999976,0.9999999,0.999995,1.0,0.99999994,1.0,1.0,1.0,1.0,0.999981,1.0,0.99999994,0.9999998,1.0,1.0,0.9999997,1.0,1.0,1.0,1.0,0.9999996,1.0,1.0,1.0,1.0,0.99999154,0.99998647,1.0,0.99999994,0.9999997,1.0,1.0,1.0,1.0,1.0,1.0,1.0,0.9999999,0.99999994,0.99999994,1.0,1.0,1.0,1.0,1.0,1.0,1.0,0.7305215,1.0,1.0,1.0,1.0,1.0,1.0,0.9999989,1.0,1.0,1.0,1.0,1.0,1.0,1.0,1.0,0.9999998,1.0,1.0,0.99999994,1.0,1.0,1.0,1.0,0.99999815,1.0,1.0,0.9999988,1.0,1.0,1.0,0.99999994,0.9999995,0.9999911,0.9999998,1.0,1.0,0.9999998,1.0,1.0,1.0,0.9967744,1.0,1.0,1.0,0.99926835,0.9987906,1.0,1.0,0.55086774,1.0,1.0,1.0,1.0,1.0,1.0,0.99999964,0.9999999,1.0,0.99999994,1.0,1.0,1.0,1.0,1.0,1.0,1.0,1.0,0.9999998,1.0,1.0,1.0,0.9999983,1.0,1.0,1.0,1.0,1.0,1.0,1.0,1.0,1.0,1.0,1.0,0.99999946,1.0,1.0,1.0,0.9999999,1.0,1.0,1.0,0.9999999,0.99999994,1.0,1.0,0.99999565,0.9976166,1.0,0.99999994,1.0,0.99999934,1.0,0.9999992,1.0,0.99999994,0.99999994,1.0,0.9999998,1.0,1.0,1.0,1.0,0.9999998,1.0,0.99999994,1.0,0.99999994,1.0,0.99999994,1.0,0.99999994,0.9999999,1.0,1.0,1.0,0.99999994,1.0,0.99999994,1.0,0.99999994,1.0,1.0,1.0,1.0,1.0,1.0,1.0,0.9999999,1.0,1.0,0.9999999,0.99999976,1.0,1.0,0.9999997,1.0,1.0,1.0,1.0,1.0,1.0,1.0,1.0,1.0,0.9999994,1.0,1.0,0.99999994,1.0,1.0,1.0,0.99999994,0.980493,1.0,1.0,1.0
SMNDC1_K562,1.0,0.99999994,1.0,0.99999994,1.0,1.0,1.0,1.0,1.0,0.9999998,0.99999994,0.99999475,1.0,1.0,1.0,1.0,1.0,1.0,0.99998146,0.99999994,0.9999999,0.9999999,1.0,1.0,0.99999976,1.0,1.0,1.0,1.0,0.9999997,1.0,1.0,1.0,1.0,0.9999912,0.9999869,1.0,1.0,0.99999976,1.0,1.0,1.0,1.0,1.0,1.0,1.0,0.99999994,1.0,0.99999994,1.0,1.0,1.0,1.0,1.0,1.0,1.0,0.7305763,1.0,1.0,1.0,1.0,1.0,1.0,0.99999905,1.0,1.0,1.0,1.0,1.0,1.0,1.0,1.0,0.9999999,1.0,1.0,1.0,1.0,1.0,1.0,1.0,0.99999833,1.0,1.0,0.9999987,1.0,1.0,1.0,1.0,0.9999996,0.99999076,0.9999999,1.0,1.0,0.9999999,1.0,0.99999994,1.0,0.99676794,1.0,1.0,0.99999994,0.99926525,0.99879456,1.0,1.0,0.5508008,1.0,1.0,1.0,1.0,1.0,1.0,0.9999996,0.99999994,1.0,0.99999994,1.0,1.0,1.0,1.0,1.0,1.0,1.0,1.0,0.9999998,1.0,1.0,1.0,0.99999845,1.0,1.0,1.0,1.0,1.0,1.0,1.0,1.0,1.0,1.0,1.0,0.9999995,1.0,1.0,1.0,0.9999998,1.0,1.0,1.0,0.9999999,0.99999994,1.0,1.0,0.9999954,0.99762213,1.0,0.99999994,0.99999994,0.99999946,1.0,0.99999934,1.0,1.0,0.99999994,1.0,0.9999998,1.0,1.0,1.0,1.0,0.9999999,1.0,1.0,1.0,1.0,1.0,0.9999999,1.0,1.0,0.9999999,1.0,1.0,1.0,1.0,1.0,0.99999994,1.0,1.0,1.0,1.0,1.0,1.0,1.0,0.99999994,1.0,0.9999998,1.0,0.99999994,0.99999994,0.9999998,1.0,1.0,0.99999964,1.0,1.0,1.0,1.0,1.0,1.0,1.0,1.0,1.0,0.99999946,0.99999994,1.0,1.0,1.0,1.0,1.0,1.0,0.98050874,1.0,1.0,1.0
SND1_HepG2,1.0,0.9999999,0.99999994,0.99999976,1.0,1.0,1.0,1.0,1.0,0.99999964,0.9999998,0.99999547,0.99999994,0.9999999,0.99999994,1.0,0.99999994,0.99999994,0.99998,1.0,1.0,0.99999976,0.99999994,1.0,0.9999995,1.0,1.0,1.0,1.0,0.99999946,1.0,1.0,1.0,1.0,0.9999922,0.99998564,1.0,0.9999999,0.9999996,1.0,0.99999994,1.0,1.0,1.0,0.99999994,0.99999994,0.9999998,0.99999994,0.9999999,1.0,0.99999994,1.0,1.0,1.0,1.0,1.0,0.7304102,1.0,1.0,1.0,0.99999994,0.99999994,1.0,0.9999987,0.99999994,1.0,0.99999994,1.0,1.0,1.0,0.99999994,1.0,0.9999997,1.0,1.0,0.99999994,0.99999994,1.0,1.0,1.0,0.99999785,1.0,1.0,0.99999905,0.99999994,0.99999994,0.99999994,0.99999994,0.99999934,0.9999918,0.9999997,1.0,0.99999994,0.9999997,0.99999994,1.0,0.99999994,0.9967874,1.0,1.0,1.0,0.99927455,0.9987826,0.99999994,0.99999994,0.55100375,0.99999994,1.0,1.0,1.0,1.0,1.0,0.99999976,0.9999998,1.0,0.9999998,1.0,1.0,0.99999994,0.99999994,1.0,1.0,0.99999994,1.0,0.99999994,0.99999994,0.99999994,1.0,0.999998,0.99999994,0.99999994,0.99999994,1.0,1.0,0.99999994,1.0,0.99999994,1.0,1.0,0.99999994,0.9999993,1.0,0.99999994,1.0,0.99999994,0.99999994,1.0,0.99999994,0.99999976,0.9999999,1.0,0.99999994,0.9999961,0.9976053,1.0,0.9999999,1.0,0.99999917,1.0,0.99999905,1.0,0.9999999,0.9999998,1.0,0.99999994,1.0,1.0,1.0,1.0,0.9999997,0.99999994,0.9999999,1.0,0.9999999,1.0,1.0,1.0,0.9999999,0.99999994,1.0,0.99999994,0.99999994,0.9999999,1.0,0.9999998,1.0,0.99999994,1.0,0.99999994,1.0,1.0,1.0,1.0,1.0,0.99999994,1.0,1.0,0.9999998,0.9999997,1.0,0.99999994,0.9999998,1.0,1.0,1.0,1.0,1.0,0.99999994,1.0,1.0,1.0,0.9999992,1.0,0.99999994,0.9999999,0.99999994,0.99999994,1.0,0.9999999,0.98046094,0.99999994,1.0,1.0
SND1_K562,1.0,0.99999994,1.0,0.9999999,1.0,1.0,1.0,1.0,1.0,0.99999976,0.9999999,0.9999951,1.0,0.99999994,1.0,1.0,1.0,1.0,0.99998075,1.0,0.99999994,0.9999998,1.0,1.0,0.99999964,1.0,1.0,1.0,1.0,0.9999996,1.0,1.0,1.0,1.0,0.9999917,0.99998623,1.0,0.99999994,0.9999997,1.0,1.0,1.0,1.0,1.0,1.0,1.0,0.9999999,0.99999994,0.99999994,1.0,0.99999994,1.0,1.0,1.0,1.0,1.0,0.73049384,1.0,1.0,1.0,1.0,0.99999994,1.0,0.99999887,0.99999994,1.0,1.0,1.0,1.0,1.0,1.0,1.0,0.9999998,1.0,1.0,0.99999994,1.0,1.0,1.0,1.0,0.9999981,1.0,1.0,0.99999887,1.0,1.0,1.0,0.99999994,0.99999946,0.9999913,0.9999998,1.0,1.0,0.9999998,1.0,1.0,1.0,0.9967776,1.0,1.0,1.0,0.9992699,0.9987886,1.0,1.0,0.5509016,1.0,1.0,1.0,1.0,1.0,1.0,0.9999997,0.9999999,1.0,0.9999999,1.0,1.0,0.99999994,0.99999994,1.0,1.0,1.0,1.0,0.9999999,0.99999994,1.0,1.0,0.9999982,1.0,1.0,1.0,1.0,1.0,1.0,1.0,1.0,1.0,1.0,1.0,0.9999994,1.0,1.0,1.0,0.9999999,1.0,1.0,1.0,0.9999998,0.99999994,1.0,1.0,0.99999577,0.9976138,1.0,0.99999994,1.0,0.9999993,1.0,0.99999917,1.0,0.99999994,0.9999999,1.0,0.9999999,1.0,1.0,1.0,1.0,0.9999998,0.99999994,0.99999994,1.0,0.99999994,1.0,0.99999994,1.0,0.99999994,0.99999994,1.0,1.0,1.0,0.99999994,1.0,0.9999999,1.0,0.99999994,1.0,1.0,1.0,1.0,1.0,1.0,1.0,0.9999999,1.0,1.0,0.9999999,0.99999976,1.0,1.0,0.9999997,1.0,1.0,1.0,1.0,1.0,1.0,1.0,1.0,1.0,0.99999934,1.0,1.0,0.99999994,1.0,1.0,1.0,0.99999994,0.980485,0.99999994,1.0,1.0
SRSF1_HepG2,0.9999998,1.0,0.9999999,1.0,0.99999976,0.99999976,0.9999998,0.99999976,0.9999998,1.0,1.0,0.99999297,0.9999999,0.99999994,0.99999994,0.9999999,0.9999999,0.9999999,0.99998444,0.9999997,0.9999995,1.0,0.9999999,0.9999998,1.0,0.9999998,0.9999998,0.9999998,0.9999998,0.99999994,0.9999998,0.99999976,0.9999998,0.9999998,0.9999889,0.9999894,0.9999998,0.99999994,1.0,0.99999976,0.99999994,0.9999999,0.9999997,0.9999998,0.99999994,0.9999999,1.0,0.99999994,1.0,0.9999997,0.99999994,0.99999976,0.99999976,0.9999998,0.9999998,0.9999999,0.7309241,0.9999998,0.9999998,0.99999976,0.9999999,0.99999994,0.9999998,0.99999964,0.99999994,0.9999998,0.9999999,0.99999976,0.9999998,0.9999998,0.99999994,0.9999998,1.0,0.99999976,0.9999998,0.99999994,0.9999999,0.99999976,0.9999997,0.9999998,0.9999991,0.9999998,0.9999998,0.99999774,0.99999994,0.99999994,0.9999999,0.99999994,0.99999994,0.9999885,1.0,0.9999999,0.99999994,1.0,0.9999999,0.9999997,0.9999999,0.9967269,0.9999999,0.9999998,0.99999964,0.99924564,0.9988194,0.9999999,0.9999999,0.55037546,0.9999999,0.99999976,0.9999998,0.9999999,0.99999976,0.9999998,0.99999905,1.0,0.99999976,1.0,0.9999999,0.9999999,0.99999994,0.99999994,0.9999998,0.9999998,0.9999999,0.9999998,0.99999934,0.99999994,0.9999999,0.9999998,0.9999992,0.99999994,0.9999999,0.9999999,0.9999998,0.9999998,0.9999999,0.99999976,0.99999994,0.9999998,0.9999999,0.9999999,0.9999999,0.9999998,0.99999994,0.9999998,0.9999994,0.9999999,0.9999998,0.9999999,1.0,0.99999994,0.9999998,0.9999999,0.99999374,0.9976571,0.9999999,0.99999994,0.9999997,0.9999999,0.99999976,0.99999976,0.9999999,0.99999994,1.0,0.9999999,0.99999934,0.9999998,0.9999999,0.9999997,0.9999998,1.0,0.99999994,0.99999994,0.9999998,0.99999994,0.9999999,0.9999995,0.9999998,0.99999994,0.99999946,0.9999998,0.99999994,0.9999999,0.99999994,0.9999999,1.0,0.9999998,0.99999994,0.9999998,0.99999994,0.9999998,0.9999998,0.9999998,0.9999997,0.99999976,0.9999994,0.9999998,0.9999997,1.0,1.0,0.9999998,0.9999999,0.99999905,0.9999998,0.9999998,0.9999998,0.9999998,0.9999998,0.9999999,0.9999999,0.9999997,0.9999998,0.9999999,0.9999997,0.9999999,0.99999994,0.99999994,0.9999999,0.9999999,0.99999994,0.98060876,0.99999994,0.9999998,0.9999998
SRSF1_K562,0.99999994,1.0,1.0,0.99999994,0.99999994,0.99999994,1.0,0.99999994,1.0,0.9999999,1.0,0.9999943,1.0,1.0,1.0,1.0,1.0,1.0,0.99998236,0.99999994,0.9999998,0.99999994,1.0,1.0,0.9999998,0.99999994,1.0,1.0,1.0,0.99999976,1.0,0.99999994,0.99999994,1.0,0.9999906,0.9999876,0.99999994,1.0,0.9999999,0.99999994,1.0,1.0,0.99999994,1.0,1.0,1.0,0.99999994,1.0,1.0,0.99999994,1.0,0.99999994,0.99999994,1.0,0.99999994,1.0,0.7306758,1.0,0.99999994,0.99999994,1.0,1.0,1.0,0.9999992,1.0,1.0,1.0,0.99999994,1.0,1.0,1.0,1.0,0.99999994,0.99999994,1.0,1.0,1.0,0.99999994,0.99999994,1.0,0.99999857,0.99999994,0.99999994,0.99999845,1.0,1.0,1.0,1.0,0.9999997,0.99999017,0.99999994,1.0,1.0,0.99999994,1.0,0.9999999,1.0,0.9967562,1.0,0.99999994,0.9999999,0.9992597,0.9988017,1.0,1.0,0.55067915,1.0,0.99999994,0.99999994,1.0,0.99999994,0.99999994,0.99999946,1.0,0.99999994,1.0,1.0,1.0,1.0,1.0,0.99999994,0.99999994,1.0,0.99999994,0.9999997,1.0,1.0,0.99999994,0.9999987,1.0,1.0,1.0,0.99999994,0.99999994,1.0,0.99999994,1.0,1.0,1.0,1.0,0.99999964,0.99999994,1.0,1.0,0.99999976,1.0,1.0,1.0,0.99999994,1.0,1.0,1.0,0.99999493,0.99763215,1.0,1.0,0.99999994,0.9999996,0.99999994,0.99999946,1.0,1.0,1.0,1.0,0.9999997,1.0,1.0,0.99999994,0.99999994,0.99999994,1.0,1.0,1.0,1.0,1.0,0.9999998,0.99999994,1.0,0.99999976,1.0,1.0,1.0,1.0,1.0,1.0,1.0,1.0,1.0,1.0,0.99999994,0.99999994,0.99999994,0.99999994,0.99999994,0.99999976,1.0,0.99999994,1.0,0.99999994,1.0,1.0,0.9999995,1.0,1.0,1.0,1.0,1.0,1.0,1.0,0.99999994,0.99999994,0.99999964,0.9999999,1.0,1.0,1.0,1.0,1.0,1.0,0.9805374,1.0,1.0,0.99999994
SRSF7_HepG2,0.99999994,1.0,1.0,1.0,0.99999994,0.99999994,0.99999994,0.99999994,0.99999994,0.99999994,1.0,0.99999404,1.0,1.0,1.0,1.0,1.0,1.0,0.9999827,0.9999999,0.99999976,0.99999994,1.0,0.99999994,0.9999999,0.99999994,0.99999994,0.99999994,0.99999994,0.9999998,0.99999994,0.99999994,0.99999994,0.99999994,0.9999903,0.99998796,0.99999994,1.0,0.9999999,0.99999994,1.0,1.0,0.9999999,0.99999994,1.0,1.0,1.0,1.0,1.0,0.9999999,1.0,0.99999994,0.99999994,0.99999994,0.99999994,1.0,0.73071915,0.99999994,0.99999994,0.99999994,1.0,1.0,0.99999994,0.99999934,1.0,0.99999994,1.0,0.99999994,0.99999994,0.99999994,1.0,0.99999994,0.99999994,0.99999994,0.99999994,1.0,1.0,0.99999994,0.9999999,0.99999994,0.9999987,0.99999994,0.99999994,0.99999833,1.0,1.0,1.0,1.0,0.99999976,0.99998987,0.99999994,1.0,1.0,0.99999994,1.0,0.9999999,1.0,0.99675107,1.0,0.99999994,0.9999999,0.99925727,0.9988048,1.0,1.0,0.55062616,1.0,0.99999994,0.99999994,1.0,0.9999999,0.99999994,0.9999994,1.0,0.99999994,1.0,1.0,0.99999994,1.0,1.0,0.99999994,0.99999994,1.0,0.99999994,0.99999964,1.0,1.0,0.99999994,0.99999875,1.0,1.0,1.0,0.99999994,0.99999994,1.0,0.99999994,1.0,0.99999994,1.0,1.0,0.9999997,0.99999994,1.0,0.99999994,0.9999997,1.0,0.99999994,1.0,0.99999994,1.0,0.99999994,1.0,0.99999475,0.99763656,1.0,1.0,0.9999999,0.99999964,0.99999994,0.9999995,1.0,1.0,1.0,1.0,0.99999964,0.99999994,1.0,0.9999999,0.99999994,0.99999994,1.0,1.0,0.99999994,1.0,1.0,0.99999976,0.99999994,1.0,0.99999976,0.99999994,1.0,1.0,1.0,1.0,1.0,0.99999994,1.0,0.99999994,1.0,0.99999994,0.99999994,0.99999994,0.9999999,0.9999999,0.9999997,0.99999994,0.9999999,1.0,0.99999994,0.99999994,1.0,0.9999994,0.99999994,0.99999994,0.99999994,0.99999994,0.99999994,1.0,1.0,0.9999999,0.99999994,0.99999964,0.9999999,1.0,1.0,1.0,1.0,1.0,1.0,0.9805499,1.0,0.99999994,0.99999994
SRSF7_K562,1.0,0.99999994,1.0,0.9999999,1.0,1.0,1.0,1.0,1.0,0.99999976,0.9999999,0.99999505,1.0,0.99999994,1.0,1.0,1.0,1.0,0.99998087,1.0,0.99999994,0.9999998,1.0,1.0,0.9999997,1.0,1.0,1.0,1.0,0.9999996,1.0,1.0,1.0,1.0,0.9999916,0.9999864,1.0,0.99999994,0.9999997,1.0,1.0,1.0,1.0,1.0,1.0,1.0,0.9999999,0.99999994,0.99999994,1.0,0.99999994,1.0,1.0,1.0,1.0,1.0,0.7305105,1.0,1.0,1.0,1.0,1.0,1.0,0.9999989,1.0,1.0,1.0,1.0,1.0,1.0,1.0,1.0,0.9999998,1.0,1.0,0.99999994,1.0,1.0,1.0,1.0,0.99999815,1.0,1.0,0.99999887,1.0,1.0,1.0,0.99999994,0.9999995,0.9999912,0.9999998,1.0,1.0,0.9999998,1.0,1.0,1.0,0.9967756,1.0,1.0,1.0,0.99926895,0.9987898,1.0,1.0,0.5508812,1.0,1.0,1.0,1.0,1.0,1.0,0.9999997,0.9999999,1.0,0.9999999,1.0,1.0,0.99999994,1.0,1.0,1.0,1.0,1.0,0.9999999,1.0,1.0,1.0,0.9999983,1.0,1.0,1.0,1.0,1.0,1.0,1.0,1.0,1.0,1.0,1.0,0.9999994,1.0,1.0,1.0,0.9999999,1.0,1.0,1.0,0.9999998,0.99999994,1.0,1.0,0.9999957,0.99761546,1.0,0.99999994,1.0,0.99999934,1.0,0.9999992,1.0,0.99999994,0.9999999,1.0,0.9999999,1.0,1.0,1.0,1.0,0.9999998,1.0,0.99999994,1.0,0.99999994,1.0,0.99999994,1.0,0.99999994,0.99999994,1.0,1.0,1.0,0.99999994,1.0,0.99999994,1.0,0.99999994,1.0,1.0,1.0,1.0,1.0,1.0,1.0,0.9999999,1.0,1.0,0.9999999,0.99999976,1.0,1.0,0.9999997,1.0,1.0,1.0,1.0,1.0,1.0,1.0,1.0,1.0,0.99999934,1.0,1.0,0.99999994,1.0,1.0,1.0,0.99999994,0.98048985,1.0,1.0,1.0
SRSF9_HepG2,0.99999994,1.0,1.0,1.0,0.99999994,0.99999994,0.99999994,0.99999994,0.99999994,0.99999994,1.0,0.9999941,1.0,1.0,1.0,1.0,1.0,1.0,0.99998266,0.9999999,0.99999976,0.99999994,1.0,0.99999994,0.9999999,0.99999994,0.99999994,0.99999994,0.99999994,0.9999998,0.99999994,0.99999994,0.99999994,1.0,0.99999034,0.9999879,0.99999994,1.0,0.9999999,0.99999994,1.0,1.0,0.9999999,0.99999994,1.0,1.0,1.0,1.0,1.0,0.9999999,1.0,0.99999994,0.99999994,0.99999994,0.99999994,1.0,0.73071307,0.99999994,0.99999994,0.99999994,1.0,1.0,0.99999994,0.9999993,1.0,0.99999994,1.0,0.99999994,0.99999994,1.0,1.0,0.99999994,0.99999994,0.99999994,0.99999994,1.0,1.0,0.99999994,0.9999999,1.0,0.9999987,0.99999994,0.99999994,0.99999833,1.0,1.0,1.0,1.0,0.99999976,0.9999899,0.99999994,1.0,1.0,0.99999994,1.0,0.9999999,1.0,0.9967518,1.0,0.99999994,0.9999999,0.99925756,0.9988044,1.0,1.0,0.55063355,1.0,0.99999994,0.99999994,1.0,0.99999994,0.99999994,0.9999994,1.0,0.99999994,1.0,1.0,1.0,1.0,1.0,0.99999994,0.99999994,1.0,0.99999994,0.99999964,1.0,1.0,0.99999994,0.99999875,1.0,1.0,1.0,0.99999994,0.99999994,1.0,0.99999994,1.0,0.99999994,1.0,1.0,0.9999997,0.99999994,1.0,0.99999994,0.9999997,1.0,0.99999994,1.0,0.99999994,1.0,1.0,1.0,0.99999475,0.9976359,1.0,1.0,0.9999999,0.99999964,0.99999994,0.9999995,1.0,1.0,1.0,1.0,0.99999964,0.99999994,1.0,0.9999999,0.99999994,0.99999994,1.0,1.0,0.99999994,1.0,1.0,0.99999976,0.99999994,1.0,0.99999976,0.99999994,1.0,1.0,1.0,1.0,1.0,0.99999994,1.0,0.99999994,1.0,0.99999994,0.99999994,0.99999994,0.9999999,0.99999994,0.9999997,0.99999994,0.9999999,1.0,0.99999994,0.99999994,1.0,0.99999946,0.99999994,0.99999994,0.99999994,0.99999994,0.99999994,1.0,1.0,0.9999999,0.99999994,0.99999964,0.9999999,1.0,1.0,1.0,1.0,1.0,1.0,0.98054814,1.0,0.99999994,0.99999994
SSB_HepG2,1.0,0.99999994,1.0,0.9999999,1.0,1.0,1.0,1.0,1.0,0.9999998,0.99999994,0.9999948,1.0,1.0,1.0,1.0,1.0,1.0,0.99998134,1.0,0.9999999,0.9999999,1.0,1.0,0.99999976,1.0,1.0,1.0,1.0,0.99999964,1.0,1.0,1.0,1.0,0.99999124,0.99998677,1.0,1.0,0.99999976,1.0,1.0,1.0,1.0,1.0,1.0,1.0,0.99999994,1.0,0.99999994,1.0,1.0,1.0,1.0,1.0,1.0,1.0,0.7305645,1.0,1.0,1.0,1.0,1.0,1.0,0.99999905,1.0,1.0,1.0,1.0,1.0,1.0,1.0,1.0,0.9999999,1.0,1.0,1.0,1.0,1.0,1.0,1.0,0.9999983,1.0,1.0,0.9999987,1.0,1.0,1.0,1.0,0.9999996,0.9999909,0.9999999,1.0,1.0,0.9999999,1.0,0.99999994,1.0,0.9967693,1.0,1.0,0.99999994,0.99926597,0.9987937,1.0,1.0,0.5508152,1.0,1.0,1.0,1.0,1.0,1.0,0.99999964,0.99999994,1.0,0.99999994,1.0,1.0,1.0,1.0,1.0,1.0,1.0,1.0,0.9999998,1.0,1.0,1.0,0.9999984,1.0,1.0,1.0,1.0,1.0,1.0,1.0,1.0,1.0,1.0,1.0,0.9999995,1.0,1.0,1.0,0.9999998,1.0,1.0,1.0,0.9999999,0.99999994,1.0,1.0,0.99999547,0.99762094,1.0,0.99999994,1.0,0.9999994,1.0,0.9999993,1.0,0.99999994,0.99999994,1.0,0.9999998,1.0,1.0,1.0,1.0,0.9999999,1.0,1.0,1.0,1.0,1.0,0.9999999,1.0,1.0,0.9999999,1.0,1.0,1.0,0.99999994,1.0,0.99999994,1.0,1.0,1.0,1.0,1.0,1.0,1.0,0.99999994,1.0,0.9999998,1.0,1.0,0.99999994,0.9999998,1.0,1.0,0.99999964,1.0,1.0,1.0,1.0,1.0,1.0,1.0,1.0,1.0,0.99999946,0.99999994,1.0,1.0,1.0,1.0,1.0,1.0,0.98050535,1.0,1.0,1.0
SSB_K562,0.99999994,0.9999997,0.9999999,0.99999964,0.99999994,0.99999994,0.99999994,0.99999994,0.99999994,0.99999946,0.99999964,0.9999961,0.9999999,0.99999976,0.9999998,0.9999999,0.9999999,0.9999999,0.99997854,1.0,1.0,0.9999996,0.9999999,0.99999994,0.99999934,0.99999994,0.99999994,0.99999994,0.99999994,0.9999992,0.99999994,0.99999994,0.99999994,0.99999994,0.999993,0.99998444,0.99999994,0.99999976,0.99999934,0.99999994,0.9999998,0.9999999,1.0,0.99999994,0.9999998,0.9999999,0.99999964,0.9999998,0.9999997,1.0,0.9999998,0.99999994,0.99999994,0.99999994,0.99999994,0.9999999,0.73026156,0.99999994,0.99999994,0.99999994,0.9999999,0.9999998,0.99999994,0.99999833,0.9999998,0.99999994,0.9999999,0.99999994,0.99999994,0.99999994,0.9999998,0.99999994,0.9999995,0.99999994,0.99999994,0.9999998,0.9999999,0.99999994,1.0,0.99999994,0.9999974,0.99999994,0.99999994,0.99999934,0.9999998,0.9999998,0.9999999,0.9999998,0.99999905,0.99999267,0.9999995,0.9999999,0.9999998,0.9999995,0.9999999,1.0,0.9999999,0.99680483,0.9999999,0.99999994,1.0,0.99928284,0.99877185,0.9999999,0.9999999,0.55118537,0.9999999,0.99999994,0.99999994,0.9999999,1.0,0.99999994,0.9999999,0.99999964,0.99999994,0.9999997,0.9999999,0.9999999,0.9999998,0.9999998,0.99999994,0.99999994,0.9999999,0.99999994,1.0,0.9999998,0.9999999,0.99999994,0.9999975,0.9999998,0.9999999,0.9999999,0.99999994,0.99999994,0.9999999,0.99999994,0.9999998,0.99999994,0.9999999,0.9999999,0.999999,0.99999994,0.9999998,0.99999994,1.0,0.9999999,0.99999994,0.9999999,0.9999996,0.99999976,0.99999994,0.9999999,0.99999666,0.99759024,0.9999999,0.99999976,1.0,0.99999887,0.99999994,0.9999987,0.9999999,0.99999976,0.9999997,0.9999999,1.0,0.99999994,0.9999999,1.0,0.99999994,0.9999995,0.9999998,0.99999976,0.99999994,0.99999976,0.9999999,1.0,0.99999994,0.99999976,1.0,0.99999994,0.9999998,0.9999999,0.99999976,0.9999999,0.9999997,0.99999994,0.9999998,0.99999994,0.9999998,0.99999994,0.99999994,0.99999994,1.0,1.0,1.0,0.99999994,1.0,0.99999964,0.99999946,0.99999994,0.9999999,0.99999994,0.99999994,0.99999994,0.99999994,0.99999994,0.99999994,0.9999999,0.9999999,1.0,0.99999994,0.9999989,1.0,0.9999999,0.99999976,0.9999998,0.9999999,0.9999999,0.99999976,0.98041815,0.9999998,0.99999994,0.99999994
STAU2_HepG2,1.0,0.99999994,1.0,0.9999999,1.0,1.0,1.0,1.0,1.0,0.99999976,0.9999999,0.9999951,1.0,0.99999994,1.0,1.0,1.0,1.0,0.99998075,1.0,0.99999994,0.9999998,1.0,1.0,0.99999964,1.0,1.0,1.0,1.0,0.9999996,1.0,1.0,1.0,1.0,0.9999917,0.99998623,1.0,0.99999994,0.9999997,1.0,1.0,1.0,1.0,1.0,1.0,1.0,0.9999999,0.99999994,0.99999994,1.0,0.99999994,1.0,1.0,1.0,1.0,1.0,0.7304926,1.0,1.0,1.0,1.0,0.99999994,1.0,0.99999887,0.99999994,1.0,1.0,1.0,1.0,1.0,1.0,1.0,0.9999998,1.0,1.0,0.99999994,1.0,1.0,1.0,1.0,0.9999981,1.0,1.0,0.99999887,1.0,1.0,1.0,0.99999994,0.99999946,0.9999913,0.9999998,1.0,1.0,0.9999998,1.0,1.0,1.0,0.9967778,1.0,1.0,1.0,0.99926996,0.99878854,1.0,1.0,0.5509031,1.0,1.0,1.0,1.0,1.0,1.0,0.9999997,0.9999999,1.0,0.9999999,1.0,1.0,0.99999994,0.99999994,1.0,1.0,1.0,1.0,0.9999999,0.99999994,1.0,1.0,0.9999982,1.0,1.0,1.0,1.0,1.0,1.0,1.0,1.0,1.0,1.0,1.0,0.9999994,1.0,1.0,1.0,0.9999999,1.0,1.0,1.0,0.9999998,0.99999994,1.0,1.0,0.99999577,0.99761367,1.0,0.99999994,1.0,0.9999993,1.0,0.99999917,1.0,0.99999994,0.9999999,1.0,0.9999999,1.0,1.0,1.0,1.0,0.9999998,0.99999994,0.99999994,1.0,0.99999994,1.0,0.99999994,1.0,0.99999994,0.99999994,1.0,1.0,1.0,0.99999994,1.0,0.9999999,1.0,0.99999994,1.0,1.0,1.0,1.0,1.0,1.0,1.0,0.9999999,1.0,1.0,0.9999999,0.99999976,1.0,1.0,0.9999997,1.0,1.0,1.0,1.0,1.0,1.0,1.0,1.0,1.0,0.99999934,1.0,1.0,0.99999994,1.0,1.0,1.0,0.99999994,0.98048466,0.99999994,1.0,1.0
SUB1_HepG2,0.99999994,1.0,1.0,1.0,0.99999994,0.99999994,0.99999994,0.99999994,0.99999994,0.99999994,1.0,0.9999941,1.0,1.0,1.0,1.0,1.0,1.0,0.9999826,0.9999999,0.99999976,0.99999994,1.0,0.99999994,0.9999999,0.99999994,0.99999994,0.99999994,0.99999994,0.9999998,0.99999994,0.99999994,0.99999994,1.0,0.9999904,0.99998784,0.99999994,1.0,0.9999999,0.99999994,1.0,1.0,0.99999994,1.0,1.0,1.0,1.0,1.0,1.0,0.9999999,1.0,0.99999994,0.99999994,0.99999994,0.99999994,1.0,0.7307046,0.99999994,0.99999994,0.99999994,1.0,1.0,0.99999994,0.9999993,1.0,0.99999994,1.0,0.99999994,0.99999994,1.0,1.0,1.0,0.99999994,0.99999994,1.0,1.0,1.0,0.99999994,0.9999999,1.0,0.9999986,0.99999994,0.99999994,0.9999984,1.0,1.0,1.0,1.0,0.99999976,0.99999,0.99999994,1.0,1.0,0.99999994,1.0,0.9999999,1.0,0.9967528,1.0,0.99999994,0.9999999,0.99925804,0.99880373,1.0,1.0,0.5506439,1.0,0.99999994,0.99999994,1.0,0.99999994,0.99999994,0.9999994,1.0,0.99999994,1.0,1.0,1.0,1.0,1.0,0.99999994,0.99999994,1.0,0.99999994,0.99999964,1.0,1.0,0.99999994,0.99999875,1.0,1.0,1.0,0.99999994,0.99999994,1.0,0.99999994,1.0,0.99999994,1.0,1.0,0.9999997,0.99999994,1.0,0.99999994,0.9999997,1.0,0.99999994,1.0,0.99999994,1.0,1.0,1.0,0.9999948,0.99763507,1.0,1.0,0.9999999,0.99999964,0.99999994,0.9999995,1.0,1.0,1.0,1.0,0.99999964,0.99999994,1.0,0.9999999,0.99999994,0.99999994,1.0,1.0,0.99999994,1.0,1.0,0.99999976,0.99999994,1.0,0.99999976,0.99999994,1.0,1.0,1.0,1.0,1.0,1.0,1.0,0.99999994,1.0,0.99999994,0.99999994,0.99999994,0.9999999,0.99999994,0.9999997,0.99999994,0.9999999,1.0,0.99999994,1.0,1.0,0.99999946,1.0,1.0,0.99999994,0.99999994,0.99999994,1.0,1.0,0.9999999,0.99999994,0.99999964,0.9999999,1.0,1.0,1.0,1.0,1.0,1.0,0.9805457,1.0,0.99999994,0.99999994
SUGP2_HepG2,0.99999994,0.9999997,0.9999998,0.9999996,0.99999994,0.99999994,0.9999999,0.99999994,0.99999994,0.9999994,0.99999964,0.99999624,0.9999999,0.9999997,0.9999998,0.9999999,0.9999998,0.9999998,0.99997824,0.99999994,1.0,0.9999995,0.9999999,0.9999999,0.9999993,0.99999994,0.9999999,0.9999999,0.9999999,0.9999991,0.9999999,0.99999994,0.99999994,0.9999999,0.9999932,0.99998415,0.99999994,0.99999976,0.9999993,0.99999994,0.9999998,0.9999999,0.99999994,0.9999999,0.9999998,0.9999999,0.9999996,0.99999976,0.9999997,0.99999994,0.99999976,0.99999994,0.99999994,0.9999999,0.99999994,0.9999999,0.73022544,0.9999999,0.99999994,0.99999994,0.9999999,0.99999976,0.9999999,0.9999982,0.9999998,0.9999999,0.9999999,0.99999994,0.99999994,0.9999999,0.9999998,0.9999999,0.99999946,0.99999994,0.9999999,0.99999976,0.9999998,0.99999994,0.99999994,0.9999999,0.99999726,0.99999994,0.99999994,0.9999994,0.9999998,0.9999998,0.9999999,0.99999976,0.999999,0.99999285,0.9999995,0.9999999,0.9999998,0.99999946,0.9999998,1.0,0.9999999,0.99680907,0.9999999,0.99999994,1.0,0.99928486,0.9987692,0.9999999,0.9999998,0.5512295,0.9999998,0.99999994,0.99999994,0.9999999,0.99999994,0.99999994,0.99999994,0.99999964,0.99999994,0.99999964,0.9999999,0.9999999,0.99999976,0.99999976,0.99999994,0.99999994,0.9999998,0.99999994,1.0,0.99999976,0.9999998,0.99999994,0.9999974,0.9999998,0.9999998,0.9999999,0.99999994,0.99999994,0.9999999,0.99999994,0.9999998,0.9999999,0.9999999,0.9999998,0.99999887,0.99999994,0.9999998,0.9999999,1.0,0.9999998,0.9999999,0.9999998,0.9999995,0.9999997,0.9999999,0.9999999,0.99999684,0.9975866,0.9999999,0.9999997,0.99999994,0.99999875,0.99999994,0.9999986,0.9999999,0.9999997,0.99999964,0.9999999,1.0,0.9999999,0.9999999,0.99999994,0.99999994,0.99999946,0.99999976,0.99999976,0.99999994,0.99999976,0.9999999,1.0,0.99999994,0.99999976,1.0,0.9999999,0.9999998,0.9999998,0.9999997,0.9999999,0.99999964,0.9999999,0.99999976,0.9999999,0.9999998,0.99999994,0.99999994,0.99999994,1.0,0.99999994,1.0,0.9999999,0.99999994,0.9999996,0.9999994,0.9999999,0.9999998,0.99999994,0.9999999,0.9999999,0.9999999,0.9999999,0.9999999,0.9999999,0.9999999,0.99999994,0.99999994,0.9999988,1.0,0.9999999,0.99999976,0.9999998,0.9999998,0.9999999,0.99999976,0.9804077,0.99999976,0.9999999,0.99999994
SUPV3L1_HepG2,1.0,0.99999994,1.0,0.9999999,1.0,1.0,1.0,1.0,1.0,0.99999976,0.9999999,0.999995,1.0,0.99999994,1.0,1.0,1.0,1.0,0.999981,1.0,0.99999994,0.9999998,1.0,1.0,0.9999997,1.0,1.0,1.0,1.0,0.99999964,1.0,1.0,1.0,1.0,0.9999915,0.99998647,1.0,0.99999994,0.9999997,1.0,1.0,1.0,1.0,1.0,1.0,1.0,0.9999999,1.0,0.99999994,1.0,1.0,1.0,1.0,1.0,1.0,1.0,0.73052484,1.0,1.0,1.0,1.0,1.0,1.0,0.9999989,1.0,1.0,1.0,1.0,1.0,1.0,1.0,1.0,0.9999998,1.0,1.0,0.99999994,1.0,1.0,1.0,1.0,0.9999982,1.0,1.0,0.9999988,1.0,1.0,1.0,0.99999994,0.9999995,0.9999911,0.9999998,1.0,1.0,0.9999998,1.0,1.0,1.0,0.99677396,1.0,1.0,0.99999994,0.9992682,0.99879086,1.0,1.0,0.5508637,1.0,1.0,1.0,1.0,1.0,1.0,0.99999964,0.9999999,1.0,0.99999994,1.0,1.0,1.0,1.0,1.0,1.0,1.0,1.0,0.9999998,1.0,1.0,1.0,0.9999983,1.0,1.0,1.0,1.0,1.0,1.0,1.0,1.0,1.0,1.0,1.0,0.99999946,1.0,1.0,1.0,0.9999999,1.0,1.0,1.0,0.9999999,0.99999994,1.0,1.0,0.99999565,0.99761695,1.0,0.99999994,1.0,0.99999934,1.0,0.9999992,1.0,0.99999994,0.99999994,1.0,0.9999998,1.0,1.0,1.0,1.0,0.9999998,1.0,0.99999994,1.0,0.99999994,1.0,0.99999994,1.0,0.99999994,0.9999999,1.0,1.0,1.0,0.99999994,1.0,0.99999994,1.0,0.99999994,1.0,1.0,1.0,1.0,1.0,1.0,1.0,0.9999999,1.0,1.0,0.9999999,0.9999998,1.0,1.0,0.9999997,1.0,1.0,1.0,1.0,1.0,1.0,1.0,1.0,1.0,0.9999994,1.0,1.0,0.99999994,1.0,1.0,1.0,0.99999994,0.98049396,1.0,1.0,1.0
SUPV3L1_K562,1.0,1.0,1.0,0.99999994,1.0,0.99999994,1.0,0.99999994,1.0,0.9999999,0.99999994,0.9999944,1.0,1.0,1.0,1.0,1.0,1.0,0.99998206,0.99999994,0.9999998,0.99999994,1.0,1.0,0.9999998,1.0,1.0,1.0,1.0,0.99999976,1.0,0.99999994,1.0,1.0,0.99999076,0.9999874,1.0,1.0,0.9999998,0.99999994,1.0,1.0,0.99999994,1.0,1.0,1.0,0.99999994,1.0,1.0,0.99999994,1.0,0.99999994,0.99999994,1.0,1.0,1.0,0.73064476,1.0,1.0,1.0,1.0,1.0,1.0,0.99999917,1.0,1.0,1.0,0.99999994,1.0,1.0,1.0,1.0,0.99999994,1.0,1.0,1.0,1.0,1.0,0.99999994,1.0,0.9999985,1.0,1.0,0.9999985,1.0,1.0,1.0,1.0,0.9999997,0.99999034,0.99999994,1.0,1.0,0.99999994,1.0,0.99999994,1.0,0.99675983,1.0,1.0,0.9999999,0.99926144,0.99879944,1.0,1.0,0.5507171,1.0,0.99999994,1.0,1.0,0.99999994,1.0,0.9999995,0.99999994,0.99999994,1.0,1.0,1.0,1.0,1.0,1.0,1.0,1.0,1.0,0.9999997,1.0,1.0,1.0,0.99999857,1.0,1.0,1.0,1.0,1.0,1.0,0.99999994,1.0,1.0,1.0,1.0,0.99999964,1.0,1.0,1.0,0.99999976,1.0,1.0,1.0,0.99999994,1.0,1.0,1.0,0.9999951,0.99762905,1.0,1.0,0.99999994,0.9999995,1.0,0.99999946,1.0,1.0,1.0,1.0,0.9999997,1.0,1.0,0.99999994,1.0,0.99999994,1.0,1.0,1.0,1.0,1.0,0.9999998,1.0,1.0,0.9999998,1.0,1.0,1.0,1.0,1.0,1.0,1.0,1.0,1.0,1.0,1.0,1.0,1.0,0.99999994,0.99999994,0.99999976,1.0,0.99999994,0.99999994,0.9999999,1.0,1.0,0.9999995,1.0,1.0,1.0,1.0,1.0,1.0,1.0,0.99999994,1.0,0.9999996,0.99999994,1.0,1.0,1.0,1.0,1.0,1.0,0.9805285,1.0,1.0,1.0
TAF15_HepG2,1.0,1.0,1.0,0.99999994,1.0,1.0,1.0,1.0,1.0,0.9999998,0.99999994,0.99999464,1.0,1.0,1.0,1.0,1.0,1.0,0.9999817,0.99999994,0.9999999,0.9999999,1.0,1.0,0.99999976,1.0,1.0,1.0,1.0,0.9999997,1.0,1.0,1.0,1.0,0.99999106,0.99998707,1.0,1.0,0.99999976,1.0,1.0,1.0,0.99999994,1.0,1.0,1.0,0.99999994,1.0,0.99999994,0.99999994,1.0,1.0,1.0,1.0,1.0,1.0,0.7305997,1.0,1.0,1.0,1.0,1.0,1.0,0.9999991,1.0,1.0,1.0,1.0,1.0,1.0,1.0,1.0,0.9999999,1.0,1.0,1.0,1.0,1.0,0.99999994,1.0,0.9999984,1.0,1.0,0.9999986,1.0,1.0,1.0,1.0,0.99999964,0.99999064,0.9999999,1.0,1.0,0.9999999,1.0,0.99999994,1.0,0.99676514,1.0,1.0,0.99999994,0.99926394,0.9987962,1.0,1.0,0.5507722,1.0,1.0,1.0,1.0,0.99999994,1.0,0.9999996,0.99999994,1.0,0.99999994,1.0,1.0,1.0,1.0,1.0,1.0,1.0,1.0,0.99999976,1.0,1.0,1.0,0.9999985,1.0,1.0,1.0,1.0,1.0,1.0,1.0,1.0,1.0,1.0,1.0,0.9999996,1.0,1.0,1.0,0.9999998,1.0,1.0,1.0,0.9999999,1.0,1.0,1.0,0.9999953,0.9976245,1.0,1.0,0.99999994,0.99999946,1.0,0.99999934,1.0,1.0,0.99999994,1.0,0.99999976,1.0,1.0,0.99999994,1.0,0.9999999,1.0,1.0,1.0,1.0,1.0,0.9999999,1.0,1.0,0.9999998,1.0,1.0,1.0,1.0,1.0,0.99999994,1.0,1.0,1.0,1.0,1.0,1.0,1.0,0.99999994,0.99999994,0.9999998,1.0,0.99999994,0.99999994,0.9999999,1.0,1.0,0.9999996,1.0,1.0,1.0,1.0,1.0,1.0,1.0,0.99999994,1.0,0.9999995,0.99999994,1.0,1.0,1.0,1.0,1.0,1.0,0.98051554,1.0,1.0,1.0
TAF15_K562,0.99999994,1.0,1.0,1.0,0.99999994,0.99999994,0.99999994,0.9999999,0.99999994,0.99999994,1.0,0.9999939,1.0,1.0,1.0,1.0,1.0,1.0,0.9999829,0.9999999,0.99999976,1.0,1.0,0.99999994,0.9999999,0.99999994,0.99999994,0.99999994,0.99999994,0.9999998,0.99999994,0.99999994,0.99999994,0.99999994,0.99999017,0.9999881,0.99999994,1.0,0.9999999,0.9999999,1.0,1.0,0.9999999,0.99999994,1.0,1.0,1.0,1.0,1.0,0.9999999,1.0,0.99999994,0.99999994,0.99999994,0.99999994,1.0,0.73073673,0.99999994,0.99999994,0.99999994,1.0,1.0,0.99999994,0.99999934,1.0,0.99999994,1.0,0.99999994,0.99999994,0.99999994,1.0,0.99999994,0.99999994,0.99999994,0.99999994,1.0,1.0,0.99999994,0.9999999,0.99999994,0.99999875,0.99999994,0.99999994,0.9999983,1.0,1.0,1.0,1.0,0.99999976,0.99998975,0.99999994,0.99999994,1.0,0.99999994,1.0,0.9999999,1.0,0.996749,0.99999994,0.99999994,0.9999998,0.99925625,0.99880606,1.0,1.0,0.55060464,1.0,0.9999999,0.99999994,1.0,0.9999999,0.99999994,0.99999934,1.0,0.9999999,1.0,0.99999994,0.99999994,1.0,1.0,0.99999994,0.99999994,1.0,0.99999994,0.99999964,1.0,1.0,0.99999994,0.9999988,1.0,1.0,1.0,0.99999994,0.99999994,1.0,0.9999999,1.0,0.99999994,1.0,1.0,0.9999997,0.99999994,1.0,0.99999994,0.99999964,1.0,0.99999994,1.0,1.0,1.0,0.99999994,1.0,0.99999464,0.9976383,0.99999994,1.0,0.9999999,0.99999964,0.99999994,0.9999996,1.0,1.0,1.0,0.99999994,0.99999964,0.99999994,1.0,0.9999999,0.99999994,0.99999994,1.0,1.0,0.99999994,1.0,0.99999994,0.99999976,0.99999994,1.0,0.9999997,0.99999994,1.0,1.0,1.0,0.99999994,1.0,0.99999994,1.0,0.99999994,1.0,0.99999994,0.99999994,0.99999994,0.9999999,0.9999999,0.9999997,0.99999994,0.9999999,1.0,0.99999994,0.99999994,1.0,0.9999994,0.99999994,0.99999994,0.99999994,0.99999994,0.99999994,1.0,0.99999994,0.9999999,0.99999994,0.9999997,0.9999999,1.0,1.0,1.0,1.0,1.0,1.0,0.98055494,1.0,0.99999994,0.99999994
TARDBP_K562,1.0,0.99999994,1.0,0.9999999,1.0,1.0,1.0,1.0,1.0,0.9999998,0.99999994,0.9999949,1.0,0.99999994,1.0,1.0,1.0,1.0,0.9999813,1.0,0.9999999,0.9999999,1.0,1.0,0.9999997,1.0,1.0,1.0,1.0,0.99999964,1.0,1.0,1.0,1.0,0.99999136,0.9999867,1.0,1.0,0.99999976,1.0,1.0,1.0,1.0,1.0,1.0,1.0,0.9999999,1.0,0.99999994,1.0,1.0,1.0,1.0,1.0,1.0,1.0,0.7305528,1.0,1.0,1.0,1.0,1.0,1.0,0.999999,1.0,1.0,1.0,1.0,1.0,1.0,1.0,1.0,0.9999998,1.0,1.0,1.0,1.0,1.0,1.0,1.0,0.9999983,1.0,1.0,0.99999875,1.0,1.0,1.0,1.0,0.9999996,0.99999094,0.9999999,1.0,1.0,0.9999999,1.0,0.99999994,1.0,0.9967707,1.0,1.0,0.99999994,0.9992666,0.9987929,1.0,1.0,0.55082947,1.0,1.0,1.0,1.0,1.0,1.0,0.99999964,0.99999994,1.0,0.99999994,1.0,1.0,1.0,1.0,1.0,1.0,1.0,1.0,0.9999998,1.0,1.0,1.0,0.9999984,1.0,1.0,1.0,1.0,1.0,1.0,1.0,1.0,1.0,1.0,1.0,0.9999995,1.0,1.0,1.0,0.9999998,1.0,1.0,1.0,0.9999999,0.99999994,1.0,1.0,0.9999955,0.99761975,1.0,0.99999994,1.0,0.9999994,1.0,0.9999993,1.0,0.99999994,0.99999994,1.0,0.9999998,1.0,1.0,1.0,1.0,0.9999999,1.0,1.0,1.0,1.0,1.0,0.9999999,1.0,1.0,0.9999999,1.0,1.0,1.0,0.99999994,1.0,0.99999994,1.0,1.0,1.0,1.0,1.0,1.0,1.0,1.0,1.0,0.9999999,1.0,1.0,0.99999994,0.9999998,1.0,1.0,0.99999964,1.0,1.0,1.0,1.0,1.0,1.0,1.0,1.0,1.0,0.99999946,0.99999994,1.0,1.0,1.0,1.0,1.0,1.0,0.980502,1.0,1.0,1.0
TBRG4_HepG2,0.9999999,1.0,1.0,1.0,0.9999999,0.9999999,0.99999994,0.9999999,0.99999994,0.99999994,1.0,0.9999937,0.99999994,1.0,1.0,0.99999994,1.0,0.99999994,0.9999833,0.9999998,0.9999997,1.0,0.99999994,0.99999994,0.99999994,0.9999999,0.99999994,0.99999994,0.99999994,0.9999999,0.99999994,0.9999999,0.9999999,0.99999994,0.99998987,0.99998844,0.99999994,1.0,0.99999994,0.9999999,1.0,0.99999994,0.9999999,0.99999994,1.0,0.99999994,1.0,1.0,1.0,0.9999998,1.0,0.9999999,0.9999999,0.99999994,0.99999994,0.99999994,0.7307857,0.99999994,0.99999994,0.9999999,0.99999994,1.0,0.99999994,0.9999994,1.0,0.99999994,0.99999994,0.9999999,0.99999994,0.99999994,1.0,0.99999994,1.0,0.9999999,0.99999994,1.0,1.0,0.9999999,0.9999998,0.99999994,0.99999887,0.9999999,0.99999994,0.99999815,1.0,1.0,0.99999994,1.0,0.9999998,0.99998945,1.0,0.99999994,1.0,1.0,1.0,0.9999998,0.99999994,0.9967432,0.99999994,0.9999999,0.9999998,0.99925345,0.9988096,0.99999994,1.0,0.5505447,0.99999994,0.9999999,0.99999994,0.99999994,0.9999999,0.99999994,0.9999993,1.0,0.9999999,1.0,0.99999994,0.99999994,1.0,1.0,0.9999999,0.9999999,0.99999994,0.9999999,0.9999996,1.0,1.0,0.99999994,0.9999989,1.0,0.99999994,0.99999994,0.9999999,0.99999994,0.99999994,0.9999999,1.0,0.99999994,0.99999994,1.0,0.99999976,0.9999999,1.0,0.99999994,0.9999996,0.99999994,0.99999994,1.0,1.0,1.0,0.99999994,0.99999994,0.9999944,0.99764323,0.99999994,1.0,0.9999998,0.9999997,0.9999999,0.99999964,0.99999994,1.0,1.0,0.99999994,0.9999996,0.99999994,0.99999994,0.9999998,0.9999999,1.0,1.0,1.0,0.99999994,1.0,0.99999994,0.9999997,0.9999999,1.0,0.99999964,0.99999994,1.0,0.99999994,1.0,0.99999994,1.0,0.99999994,1.0,0.99999994,1.0,0.9999999,0.9999999,0.9999999,0.9999998,0.9999999,0.99999964,0.99999994,0.9999998,1.0,0.99999994,0.99999994,1.0,0.99999934,0.99999994,0.99999994,0.99999994,0.99999994,0.99999994,0.99999994,0.99999994,0.9999998,0.9999999,0.99999976,0.9999998,0.99999994,1.0,1.0,1.0,0.99999994,1.0,0.980569,1.0,0.99999994,0.99999994
TBRG4_K562,1.0,0.99999994,1.0,0.9999999,1.0,1.0,1.0,1.0,1.0,0.9999998,0.99999994,0.99999493,1.0,0.99999994,1.0,1.0,1.0,1.0,0.99998116,1.0,0.9999999,0.9999999,1.0,1.0,0.9999997,1.0,1.0,1.0,1.0,0.99999964,1.0,1.0,1.0,1.0,0.9999914,0.9999866,1.0,0.99999994,0.9999997,1.0,1.0,1.0,1.0,1.0,1.0,1.0,0.9999999,1.0,0.99999994,1.0,1.0,1.0,1.0,1.0,1.0,1.0,0.73053867,1.0,1.0,1.0,1.0,1.0,1.0,0.999999,1.0,1.0,1.0,1.0,1.0,1.0,1.0,1.0,0.9999998,1.0,1.0,1.0,1.0,1.0,1.0,1.0,0.9999982,1.0,1.0,0.99999875,1.0,1.0,1.0,1.0,0.9999995,0.999991,0.9999999,1.0,1.0,0.9999998,1.0,1.0,1.0,0.99677235,1.0,1.0,0.99999994,0.9992674,0.9987919,1.0,1.0,0.55084676,1.0,1.0,1.0,1.0,1.0,1.0,0.99999964,0.99999994,1.0,0.99999994,1.0,1.0,1.0,1.0,1.0,1.0,1.0,1.0,0.9999998,1.0,1.0,1.0,0.99999833,1.0,1.0,1.0,1.0,1.0,1.0,1.0,1.0,1.0,1.0,1.0,0.99999946,1.0,1.0,1.0,0.9999999,1.0,1.0,1.0,0.9999999,0.99999994,1.0,1.0,0.9999956,0.9976183,1.0,0.99999994,1.0,0.9999994,1.0,0.9999993,1.0,0.99999994,0.99999994,1.0,0.9999998,1.0,1.0,1.0,1.0,0.9999998,1.0,0.99999994,1.0,0.99999994,1.0,0.99999994,1.0,1.0,0.9999999,1.0,1.0,1.0,0.99999994,1.0,0.99999994,1.0,1.0,1.0,1.0,1.0,1.0,1.0,1.0,1.0,0.9999999,1.0,1.0,0.9999999,0.9999998,1.0,1.0,0.9999997,1.0,1.0,1.0,1.0,1.0,1.0,1.0,1.0,1.0,0.9999994,1.0,1.0,0.99999994,1.0,1.0,1.0,1.0,0.98049796,1.0,1.0,1.0
TIA1_HepG2,0.99999994,1.0,1.0,0.99999994,0.99999994,0.99999994,0.99999994,0.99999994,0.99999994,0.99999994,1.0,0.99999416,1.0,1.0,1.0,1.0,1.0,1.0,0.9999825,0.99999994,0.99999976,0.99999994,1.0,0.99999994,0.9999999,0.99999994,1.0,1.0,1.0,0.9999998,0.99999994,0.99999994,0.99999994,1.0,0.99999046,0.9999877,0.99999994,1.0,0.9999999,0.99999994,1.0,1.0,0.99999994,1.0,1.0,1.0,1.0,1.0,1.0,0.99999994,1.0,0.99999994,0.99999994,0.99999994,0.99999994,1.0,0.7306931,0.99999994,0.99999994,0.99999994,1.0,1.0,1.0,0.9999993,1.0,0.99999994,1.0,0.99999994,0.99999994,1.0,1.0,1.0,0.99999994,0.99999994,1.0,1.0,1.0,0.99999994,0.99999994,1.0,0.9999986,0.99999994,0.99999994,0.9999984,1.0,1.0,1.0,1.0,0.9999997,0.99999005,0.99999994,1.0,1.0,0.99999994,1.0,0.9999999,1.0,0.99675417,1.0,0.99999994,0.9999999,0.9992587,0.99880296,1.0,1.0,0.550658,1.0,0.99999994,0.99999994,1.0,0.99999994,0.99999994,0.99999946,1.0,0.99999994,1.0,1.0,1.0,1.0,1.0,0.99999994,0.99999994,1.0,0.99999994,0.9999997,1.0,1.0,0.99999994,0.9999987,1.0,1.0,1.0,0.99999994,0.99999994,1.0,0.99999994,1.0,1.0,1.0,1.0,0.9999997,0.99999994,1.0,0.99999994,0.9999997,1.0,1.0,1.0,0.99999994,1.0,1.0,1.0,0.9999949,0.99763393,1.0,1.0,0.9999999,0.99999964,0.99999994,0.9999995,1.0,1.0,1.0,1.0,0.9999997,0.99999994,1.0,0.99999994,0.99999994,0.99999994,1.0,1.0,0.99999994,1.0,1.0,0.9999998,0.99999994,1.0,0.99999976,0.99999994,1.0,1.0,1.0,1.0,1.0,1.0,1.0,1.0,1.0,0.99999994,0.99999994,0.99999994,0.9999999,0.99999994,0.9999997,0.99999994,0.99999994,1.0,0.99999994,1.0,1.0,0.99999946,1.0,1.0,1.0,1.0,1.0,1.0,1.0,0.99999994,0.99999994,0.99999964,0.9999999,1.0,1.0,1.0,1.0,1.0,1.0,0.98054236,1.0,0.99999994,0.99999994
TIA1_K562,1.0,0.99999994,1.0,0.9999999,1.0,1.0,1.0,1.0,1.0,0.99999976,0.99999994,0.99999493,1.0,0.99999994,1.0,1.0,1.0,1.0,0.9999811,1.0,0.99999994,0.9999999,1.0,1.0,0.9999997,1.0,1.0,1.0,1.0,0.99999964,1.0,1.0,1.0,1.0,0.9999915,0.9999865,1.0,0.99999994,0.9999997,1.0,1.0,1.0,1.0,1.0,1.0,1.0,0.9999999,1.0,0.99999994,1.0,1.0,1.0,1.0,1.0,1.0,1.0,0.73053217,1.0,1.0,1.0,1.0,1.0,1.0,0.999999,1.0,1.0,1.0,1.0,1.0,1.0,1.0,1.0,0.9999998,1.0,1.0,1.0,1.0,1.0,1.0,1.0,0.9999982,1.0,1.0,0.9999988,1.0,1.0,1.0,1.0,0.9999995,0.99999106,0.9999998,1.0,1.0,0.9999998,1.0,1.0,1.0,0.9967731,1.0,1.0,0.99999994,0.99926776,0.9987914,1.0,1.0,0.55085474,1.0,1.0,1.0,1.0,1.0,1.0,0.99999964,0.99999994,1.0,0.99999994,1.0,1.0,1.0,1.0,1.0,1.0,1.0,1.0,0.9999998,1.0,1.0,1.0,0.99999833,1.0,1.0,1.0,1.0,1.0,1.0,1.0,1.0,1.0,1.0,1.0,0.99999946,1.0,1.0,1.0,0.9999999,1.0,1.0,1.0,0.9999999,0.99999994,1.0,1.0,0.9999956,0.99761766,1.0,0.99999994,1.0,0.9999994,1.0,0.9999993,1.0,0.99999994,0.99999994,1.0,0.9999998,1.0,1.0,1.0,1.0,0.9999998,1.0,0.99999994,1.0,0.99999994,1.0,0.99999994,1.0,0.99999994,0.9999999,1.0,1.0,1.0,0.99999994,1.0,0.99999994,1.0,1.0,1.0,1.0,1.0,1.0,1.0,1.0,1.0,0.9999999,1.0,1.0,0.9999999,0.9999998,1.0,1.0,0.9999997,1.0,1.0,1.0,1.0,1.0,1.0,1.0,1.0,1.0,0.9999994,1.0,1.0,0.99999994,1.0,1.0,1.0,0.99999994,0.98049605,1.0,1.0,1.0
TIAL1_HepG2,1.0,1.0,1.0,0.99999994,1.0,0.99999994,1.0,0.99999994,1.0,0.9999999,0.99999994,0.99999446,1.0,1.0,1.0,1.0,1.0,1.0,0.99998206,0.99999994,0.9999998,0.99999994,1.0,1.0,0.9999998,1.0,1.0,1.0,1.0,0.99999976,1.0,0.99999994,1.0,1.0,0.9999908,0.99998736,1.0,1.0,0.9999998,0.99999994,1.0,1.0,0.99999994,1.0,1.0,1.0,0.99999994,1.0,1.0,0.99999994,1.0,0.99999994,0.99999994,1.0,1.0,1.0,0.73063976,1.0,1.0,1.0,1.0,1.0,1.0,0.99999917,1.0,1.0,1.0,0.99999994,1.0,1.0,1.0,1.0,0.9999999,1.0,1.0,1.0,1.0,1.0,0.99999994,1.0,0.9999985,1.0,1.0,0.9999985,1.0,1.0,1.0,1.0,0.99999964,0.9999904,0.99999994,1.0,1.0,0.99999994,1.0,0.99999994,1.0,0.9967604,1.0,1.0,0.99999994,0.99926174,0.9987991,1.0,1.0,0.5507232,1.0,0.99999994,1.0,1.0,0.99999994,1.0,0.9999995,0.99999994,0.99999994,1.0,1.0,1.0,1.0,1.0,1.0,1.0,1.0,1.0,0.99999976,1.0,1.0,1.0,0.99999857,1.0,1.0,1.0,1.0,1.0,1.0,0.99999994,1.0,1.0,1.0,1.0,0.99999964,1.0,1.0,1.0,0.99999976,1.0,1.0,1.0,0.99999994,1.0,1.0,1.0,0.9999951,0.9976285,1.0,1.0,0.99999994,0.9999995,1.0,0.99999946,1.0,1.0,0.99999994,1.0,0.99999976,1.0,1.0,0.99999994,1.0,0.99999994,1.0,1.0,1.0,1.0,1.0,0.9999998,1.0,1.0,0.9999998,1.0,1.0,1.0,1.0,1.0,1.0,1.0,1.0,1.0,1.0,1.0,1.0,1.0,0.99999994,0.99999994,0.99999976,1.0,0.99999994,0.99999994,0.9999999,1.0,1.0,0.9999995,1.0,1.0,1.0,1.0,1.0,1.0,1.0,0.99999994,1.0,0.9999996,0.99999994,1.0,1.0,1.0,1.0,1.0,1.0,0.98052704,1.0,1.0,1.0
TRA2A_HepG2,1.0,0.99999994,1.0,0.9999998,1.0,1.0,1.0,1.0,1.0,0.99999976,0.9999999,0.9999952,1.0,0.99999994,0.99999994,1.0,1.0,1.0,0.9999806,1.0,0.99999994,0.9999998,1.0,1.0,0.99999964,1.0,1.0,1.0,1.0,0.9999996,1.0,1.0,1.0,1.0,0.9999918,0.9999862,1.0,0.99999994,0.99999964,1.0,1.0,1.0,1.0,1.0,1.0,1.0,0.9999999,0.99999994,0.99999994,1.0,0.99999994,1.0,1.0,1.0,1.0,1.0,0.7304843,1.0,1.0,1.0,1.0,0.99999994,1.0,0.99999887,0.99999994,1.0,1.0,1.0,1.0,1.0,1.0,1.0,0.99999976,1.0,1.0,0.99999994,1.0,1.0,1.0,1.0,0.9999981,1.0,1.0,0.99999887,1.0,0.99999994,1.0,0.99999994,0.99999946,0.99999136,0.9999998,1.0,0.99999994,0.9999998,1.0,1.0,1.0,0.9967787,1.0,1.0,1.0,0.99927044,0.99878794,1.0,1.0,0.5509132,1.0,1.0,1.0,1.0,1.0,1.0,0.9999997,0.9999999,1.0,0.9999999,1.0,1.0,0.99999994,0.99999994,1.0,1.0,1.0,1.0,0.9999999,0.99999994,1.0,1.0,0.99999815,1.0,1.0,1.0,1.0,1.0,1.0,1.0,0.99999994,1.0,1.0,1.0,0.9999994,1.0,1.0,1.0,0.9999999,1.0,1.0,1.0,0.9999998,0.99999994,1.0,1.0,0.9999958,0.99761283,1.0,0.99999994,1.0,0.9999993,1.0,0.99999917,1.0,0.99999994,0.9999999,1.0,0.9999999,1.0,1.0,1.0,1.0,0.9999998,0.99999994,0.99999994,1.0,0.99999994,1.0,0.99999994,1.0,0.99999994,0.99999994,1.0,1.0,1.0,0.99999994,1.0,0.9999999,1.0,0.99999994,1.0,1.0,1.0,1.0,1.0,1.0,1.0,0.9999999,1.0,1.0,0.9999999,0.99999976,1.0,1.0,0.99999976,1.0,1.0,1.0,1.0,1.0,1.0,1.0,1.0,1.0,0.99999934,1.0,1.0,0.99999994,1.0,1.0,1.0,0.99999994,0.9804823,0.99999994,1.0,1.0
TRA2A_K562,1.0,0.99999994,1.0,0.9999999,1.0,1.0,1.0,1.0,1.0,0.99999976,0.9999999,0.9999951,1.0,0.99999994,1.0,1.0,1.0,1.0,0.99998075,1.0,0.99999994,0.9999998,1.0,1.0,0.99999964,1.0,1.0,1.0,1.0,0.9999996,1.0,1.0,1.0,1.0,0.99999166,0.9999863,1.0,0.99999994,0.9999997,1.0,1.0,1.0,1.0,1.0,1.0,1.0,0.9999999,0.99999994,0.99999994,1.0,0.99999994,1.0,1.0,1.0,1.0,1.0,0.73049647,1.0,1.0,1.0,1.0,0.99999994,1.0,0.99999887,1.0,1.0,1.0,1.0,1.0,1.0,1.0,1.0,0.9999998,1.0,1.0,0.99999994,1.0,1.0,1.0,1.0,0.9999981,1.0,1.0,0.99999887,1.0,1.0,1.0,0.99999994,0.99999946,0.9999913,0.9999998,1.0,1.0,0.9999998,1.0,1.0,1.0,0.9967773,1.0,1.0,1.0,0.9992698,0.99878883,1.0,1.0,0.5508984,1.0,1.0,1.0,1.0,1.0,1.0,0.9999997,0.9999999,1.0,0.9999999,1.0,1.0,0.99999994,0.99999994,1.0,1.0,1.0,1.0,0.9999999,0.99999994,1.0,1.0,0.9999982,1.0,1.0,1.0,1.0,1.0,1.0,1.0,1.0,1.0,1.0,1.0,0.9999994,1.0,1.0,1.0,0.9999999,1.0,1.0,1.0,0.9999998,0.99999994,1.0,1.0,0.99999577,0.9976141,1.0,0.99999994,1.0,0.99999934,1.0,0.99999917,1.0,0.99999994,0.9999999,1.0,0.9999999,1.0,1.0,1.0,1.0,0.9999998,0.99999994,0.99999994,1.0,0.99999994,1.0,0.99999994,1.0,0.99999994,0.99999994,1.0,1.0,1.0,0.99999994,1.0,0.9999999,1.0,0.99999994,1.0,1.0,1.0,1.0,1.0,1.0,1.0,0.9999999,1.0,1.0,0.9999999,0.99999976,1.0,1.0,0.9999997,1.0,1.0,1.0,1.0,1.0,1.0,1.0,1.0,1.0,0.99999934,1.0,1.0,0.99999994,1.0,1.0,1.0,0.99999994,0.9804858,0.99999994,1.0,1.0
TROVE2_HepG2,1.0,0.99999994,1.0,0.9999999,1.0,1.0,1.0,1.0,1.0,0.99999976,0.9999999,0.9999951,1.0,0.99999994,1.0,1.0,1.0,1.0,0.99998075,1.0,0.99999994,0.9999998,1.0,1.0,0.99999964,1.0,1.0,1.0,1.0,0.9999996,1.0,1.0,1.0,1.0,0.9999917,0.99998623,1.0,0.99999994,0.9999997,1.0,1.0,1.0,1.0,1.0,1.0,1.0,0.9999999,0.99999994,0.99999994,1.0,0.99999994,1.0,1.0,1.0,1.0,1.0,0.73049325,1.0,1.0,1.0,1.0,0.99999994,1.0,0.99999887,0.99999994,1.0,1.0,1.0,1.0,1.0,1.0,1.0,0.9999998,1.0,1.0,0.99999994,1.0,1.0,1.0,1.0,0.9999981,1.0,1.0,0.99999887,1.0,1.0,1.0,0.99999994,0.99999946,0.9999913,0.9999998,1.0,1.0,0.9999998,1.0,1.0,1.0,0.99677765,1.0,1.0,1.0,0.99926996,0.9987886,1.0,1.0,0.55090225,1.0,1.0,1.0,1.0,1.0,1.0,0.9999997,0.9999999,1.0,0.9999999,1.0,1.0,0.99999994,0.99999994,1.0,1.0,1.0,1.0,0.9999999,0.99999994,1.0,1.0,0.9999982,1.0,1.0,1.0,1.0,1.0,1.0,1.0,1.0,1.0,1.0,1.0,0.9999994,1.0,1.0,1.0,0.9999999,1.0,1.0,1.0,0.9999998,0.99999994,1.0,1.0,0.99999577,0.9976137,1.0,0.99999994,1.0,0.9999993,1.0,0.99999917,1.0,0.99999994,0.9999999,1.0,0.9999999,1.0,1.0,1.0,1.0,0.9999998,0.99999994,0.99999994,1.0,0.99999994,1.0,0.99999994,1.0,0.99999994,0.99999994,1.0,1.0,1.0,0.99999994,1.0,0.9999999,1.0,0.99999994,1.0,1.0,1.0,1.0,1.0,1.0,1.0,0.9999999,1.0,1.0,0.9999999,0.99999976,1.0,1.0,0.9999997,1.0,1.0,1.0,1.0,1.0,1.0,1.0,1.0,1.0,0.99999934,1.0,1.0,0.99999994,1.0,1.0,1.0,0.99999994,0.9804849,0.99999994,1.0,1.0
TROVE2_K562,1.0,0.9999999,0.99999994,0.99999976,1.0,1.0,1.0,1.0,1.0,0.99999964,0.9999998,0.9999956,0.99999994,0.9999999,0.99999994,0.99999994,0.99999994,0.99999994,0.9999798,1.0,1.0,0.9999997,0.99999994,1.0,0.9999995,1.0,1.0,1.0,1.0,0.9999994,1.0,1.0,1.0,1.0,0.9999923,0.99998546,1.0,0.9999999,0.9999995,1.0,0.99999994,0.99999994,1.0,1.0,0.99999994,0.99999994,0.99999976,0.9999999,0.9999998,1.0,0.9999999,1.0,1.0,1.0,1.0,0.99999994,0.7303913,1.0,1.0,1.0,0.99999994,0.99999994,1.0,0.9999986,0.99999994,1.0,0.99999994,1.0,1.0,1.0,0.99999994,1.0,0.9999997,1.0,1.0,0.9999999,0.99999994,1.0,1.0,1.0,0.9999978,1.0,1.0,0.9999991,0.99999994,0.99999994,0.99999994,0.9999999,0.9999993,0.9999919,0.9999997,0.99999994,0.99999994,0.9999997,0.99999994,1.0,0.99999994,0.99678963,1.0,1.0,1.0,0.9992756,0.9987812,0.99999994,0.99999994,0.5510268,0.99999994,1.0,1.0,0.99999994,1.0,1.0,0.9999998,0.9999998,1.0,0.9999998,0.99999994,1.0,0.9999999,0.99999994,1.0,1.0,0.99999994,1.0,0.99999994,0.99999994,0.99999994,1.0,0.9999979,0.99999994,0.99999994,0.99999994,1.0,1.0,0.99999994,1.0,0.99999994,1.0,0.99999994,0.99999994,0.9999992,1.0,0.99999994,1.0,0.99999994,0.99999994,1.0,0.99999994,0.99999976,0.9999999,1.0,0.99999994,0.9999962,0.9976034,1.0,0.9999999,1.0,0.9999991,1.0,0.999999,0.99999994,0.9999999,0.9999998,0.99999994,0.99999994,1.0,0.99999994,1.0,1.0,0.9999997,0.99999994,0.9999999,1.0,0.9999999,0.99999994,1.0,1.0,0.9999999,1.0,1.0,0.99999994,0.99999994,0.9999999,1.0,0.9999998,1.0,0.9999999,1.0,0.99999994,1.0,1.0,1.0,1.0,1.0,0.99999994,1.0,1.0,0.99999976,0.99999964,1.0,0.99999994,0.9999998,1.0,1.0,1.0,1.0,1.0,0.99999994,1.0,1.0,1.0,0.99999917,1.0,0.99999994,0.9999999,0.99999994,0.99999994,0.99999994,0.9999999,0.9804555,0.99999994,1.0,1.0
U2AF1_HepG2,1.0,0.9999999,0.99999994,0.9999998,1.0,1.0,1.0,1.0,1.0,0.9999997,0.9999998,0.9999954,1.0,0.9999999,0.99999994,1.0,0.99999994,0.99999994,0.99998015,1.0,0.99999994,0.99999976,1.0,1.0,0.9999996,1.0,1.0,1.0,1.0,0.99999946,1.0,1.0,1.0,1.0,0.9999921,0.99998575,1.0,0.9999999,0.9999996,1.0,0.99999994,1.0,1.0,1.0,0.99999994,1.0,0.9999998,0.99999994,0.9999999,1.0,0.99999994,1.0,1.0,1.0,1.0,1.0,0.7304279,1.0,1.0,1.0,1.0,0.99999994,1.0,0.99999875,0.99999994,1.0,0.99999994,1.0,1.0,1.0,0.99999994,1.0,0.9999997,1.0,1.0,0.99999994,0.99999994,1.0,1.0,1.0,0.9999979,1.0,1.0,0.999999,0.99999994,0.99999994,0.99999994,0.99999994,0.99999934,0.9999917,0.99999976,1.0,0.99999994,0.99999976,0.99999994,1.0,1.0,0.99678534,1.0,1.0,1.0,0.9992736,0.9987839,1.0,0.99999994,0.5509821,0.99999994,1.0,1.0,1.0,1.0,1.0,0.99999976,0.9999998,1.0,0.9999998,1.0,1.0,0.99999994,0.99999994,1.0,1.0,0.99999994,1.0,0.99999994,0.99999994,0.99999994,1.0,0.99999803,0.99999994,0.99999994,1.0,1.0,1.0,1.0,1.0,0.99999994,1.0,1.0,0.99999994,0.9999993,1.0,0.99999994,1.0,0.99999994,0.99999994,1.0,0.99999994,0.99999976,0.9999999,1.0,1.0,0.999996,0.9976071,1.0,0.9999999,1.0,0.9999992,1.0,0.99999905,1.0,0.9999999,0.9999998,1.0,0.99999994,1.0,1.0,1.0,1.0,0.99999976,0.99999994,0.9999999,1.0,0.99999994,1.0,1.0,1.0,0.99999994,0.99999994,1.0,0.99999994,0.99999994,0.9999999,1.0,0.9999999,1.0,0.99999994,1.0,0.99999994,1.0,1.0,1.0,1.0,1.0,0.99999994,1.0,1.0,0.9999998,0.9999997,1.0,0.99999994,0.9999998,1.0,1.0,1.0,1.0,1.0,1.0,1.0,1.0,1.0,0.9999992,1.0,1.0,0.99999994,0.99999994,0.99999994,1.0,0.99999994,0.98046607,0.99999994,1.0,1.0
U2AF1_K562,0.9999999,0.99999964,0.9999998,0.9999995,0.9999999,0.99999994,0.9999999,0.99999994,0.9999999,0.99999934,0.9999996,0.9999964,0.9999998,0.9999997,0.99999976,0.9999998,0.9999998,0.9999998,0.9999779,0.99999994,1.0,0.99999946,0.9999998,0.9999999,0.99999917,0.9999999,0.9999999,0.9999999,0.9999999,0.99999905,0.9999999,0.99999994,0.9999999,0.9999999,0.9999934,0.99998385,0.9999999,0.9999997,0.9999992,0.99999994,0.99999976,0.9999998,0.99999994,0.9999999,0.99999976,0.9999998,0.9999995,0.99999976,0.99999964,0.99999994,0.99999976,0.99999994,0.99999994,0.9999999,0.9999999,0.9999998,0.73019004,0.9999999,0.9999999,0.9999999,0.9999998,0.99999976,0.9999999,0.9999981,0.99999976,0.9999999,0.9999998,0.99999994,0.9999999,0.9999999,0.99999976,0.9999999,0.9999994,0.9999999,0.9999999,0.9999997,0.9999998,0.9999999,0.99999994,0.9999999,0.99999714,0.9999999,0.9999999,0.99999946,0.99999976,0.99999976,0.9999998,0.9999997,0.9999989,0.9999931,0.99999946,0.9999999,0.99999976,0.9999994,0.99999976,0.99999994,0.9999998,0.9968132,0.9999999,0.9999999,1.0,0.9992868,0.9987666,0.9999998,0.9999998,0.55127275,0.9999998,0.99999994,0.9999999,0.9999998,0.99999994,0.9999999,0.99999994,0.9999996,0.99999994,0.9999996,0.9999999,0.9999999,0.99999976,0.99999976,0.9999999,0.9999999,0.9999998,0.9999999,1.0,0.99999976,0.9999998,0.9999999,0.99999726,0.99999976,0.9999998,0.9999998,0.9999999,0.9999999,0.9999998,0.99999994,0.99999976,0.9999999,0.9999998,0.9999998,0.9999988,0.9999999,0.99999976,0.9999999,1.0,0.9999998,0.9999999,0.9999998,0.99999946,0.99999964,0.9999999,0.9999998,0.99999696,0.997583,0.9999999,0.99999964,0.99999994,0.9999987,0.9999999,0.9999985,0.9999998,0.9999997,0.9999996,0.9999998,1.0,0.9999999,0.9999998,0.99999994,0.9999999,0.9999994,0.99999976,0.9999997,0.9999999,0.9999997,0.9999998,1.0,0.9999999,0.9999997,1.0,0.9999999,0.99999976,0.9999998,0.9999997,0.9999999,0.99999964,0.9999999,0.9999997,0.9999999,0.99999976,0.9999999,0.9999999,0.9999999,0.99999994,0.99999994,1.0,0.9999999,0.99999994,0.9999995,0.99999934,0.9999999,0.9999998,0.99999994,0.9999999,0.9999999,0.9999999,0.9999999,0.9999999,0.9999998,0.9999999,0.99999994,0.9999999,0.99999875,0.99999994,0.9999998,0.9999997,0.99999976,0.9999998,0.9999998,0.9999997,0.98039746,0.99999976,0.9999999,0.9999999
U2AF2_HepG2,1.0,0.99999994,1.0,0.9999999,1.0,1.0,1.0,1.0,1.0,0.99999976,0.9999999,0.999995,1.0,0.99999994,1.0,1.0,1.0,1.0,0.99998105,1.0,0.99999994,0.9999998,1.0,1.0,0.9999997,1.0,1.0,1.0,1.0,0.99999964,1.0,1.0,1.0,1.0,0.9999915,0.9999865,1.0,0.99999994,0.9999997,1.0,1.0,1.0,1.0,1.0,1.0,1.0,0.9999999,1.0,0.99999994,1.0,1.0,1.0,1.0,1.0,1.0,1.0,0.7305264,1.0,1.0,1.0,1.0,1.0,1.0,0.9999989,1.0,1.0,1.0,1.0,1.0,1.0,1.0,1.0,0.9999998,1.0,1.0,1.0,1.0,1.0,1.0,1.0,0.9999982,1.0,1.0,0.9999988,1.0,1.0,1.0,0.99999994,0.9999995,0.9999911,0.9999998,1.0,1.0,0.9999998,1.0,1.0,1.0,0.9967738,1.0,1.0,0.99999994,0.99926805,0.998791,1.0,1.0,0.5508618,1.0,1.0,1.0,1.0,1.0,1.0,0.99999964,0.9999999,1.0,0.99999994,1.0,1.0,1.0,1.0,1.0,1.0,1.0,1.0,0.9999998,1.0,1.0,1.0,0.9999983,1.0,1.0,1.0,1.0,1.0,1.0,1.0,1.0,1.0,1.0,1.0,0.99999946,1.0,1.0,1.0,0.9999999,1.0,1.0,1.0,0.9999999,0.99999994,1.0,1.0,0.9999956,0.99761707,1.0,0.99999994,1.0,0.99999934,1.0,0.9999992,1.0,0.99999994,0.99999994,1.0,0.9999998,1.0,1.0,1.0,1.0,0.9999998,1.0,0.99999994,1.0,0.99999994,1.0,0.99999994,1.0,0.99999994,0.9999999,1.0,1.0,1.0,0.99999994,1.0,0.99999994,1.0,0.99999994,1.0,1.0,1.0,1.0,1.0,1.0,1.0,0.9999999,1.0,1.0,0.9999999,0.9999998,1.0,1.0,0.9999997,1.0,1.0,1.0,1.0,1.0,1.0,1.0,1.0,1.0,0.9999994,1.0,1.0,0.99999994,1.0,1.0,1.0,0.99999994,0.98049444,1.0,1.0,1.0
U2AF2_K562,1.0,0.9999999,0.99999994,0.99999976,1.0,1.0,1.0,1.0,1.0,0.99999964,0.9999998,0.9999955,0.99999994,0.9999999,0.99999994,1.0,0.99999994,0.99999994,0.9999799,1.0,1.0,0.99999976,0.99999994,1.0,0.9999995,1.0,1.0,1.0,1.0,0.99999946,1.0,1.0,1.0,1.0,0.9999922,0.9999856,1.0,0.9999999,0.9999996,1.0,0.99999994,1.0,1.0,1.0,0.99999994,0.99999994,0.99999976,0.99999994,0.9999999,1.0,0.99999994,1.0,1.0,1.0,1.0,0.99999994,0.73040575,1.0,1.0,1.0,0.99999994,0.99999994,1.0,0.9999987,0.99999994,1.0,0.99999994,1.0,1.0,1.0,0.99999994,1.0,0.9999997,1.0,1.0,0.99999994,0.99999994,1.0,1.0,1.0,0.99999785,1.0,1.0,0.99999905,0.99999994,0.99999994,0.99999994,0.9999999,0.99999934,0.99999183,0.9999997,1.0,0.99999994,0.9999997,0.99999994,1.0,0.99999994,0.99678797,1.0,1.0,1.0,0.99927485,0.9987823,0.99999994,0.99999994,0.5510092,0.99999994,1.0,1.0,0.99999994,1.0,1.0,0.9999998,0.9999998,1.0,0.9999998,1.0,1.0,0.99999994,0.99999994,1.0,1.0,0.99999994,1.0,0.99999994,0.99999994,0.99999994,1.0,0.999998,0.99999994,0.99999994,0.99999994,1.0,1.0,0.99999994,1.0,0.99999994,1.0,0.99999994,0.99999994,0.9999992,1.0,0.99999994,1.0,0.99999994,0.99999994,1.0,0.99999994,0.99999976,0.9999999,1.0,0.99999994,0.9999961,0.9976049,1.0,0.9999999,1.0,0.99999917,1.0,0.999999,0.99999994,0.9999999,0.9999998,1.0,0.99999994,1.0,0.99999994,1.0,1.0,0.9999997,0.99999994,0.9999999,1.0,0.9999999,1.0,1.0,1.0,0.9999999,0.99999994,1.0,0.99999994,0.99999994,0.9999999,1.0,0.9999998,1.0,0.99999994,1.0,0.99999994,1.0,1.0,1.0,1.0,1.0,0.99999994,1.0,1.0,0.9999998,0.99999964,1.0,0.99999994,0.9999998,1.0,1.0,1.0,1.0,1.0,0.99999994,1.0,1.0,1.0,0.99999917,1.0,0.99999994,0.9999999,0.99999994,0.99999994,1.0,0.9999999,0.9804597,0.99999994,1.0,1.0
UCHL5_HepG2,0.9999999,1.0,0.99999994,1.0,0.9999999,0.9999998,0.9999999,0.9999998,0.9999999,1.0,1.0,0.99999344,0.99999994,1.0,0.99999994,0.99999994,0.99999994,0.99999994,0.9999837,0.9999998,0.99999964,1.0,0.99999994,0.9999999,0.99999994,0.9999999,0.9999999,0.9999999,0.9999999,0.99999994,0.9999999,0.9999998,0.9999999,0.99999994,0.9999895,0.9999888,0.9999999,1.0,0.99999994,0.9999998,0.99999994,0.99999994,0.9999998,0.9999999,0.99999994,0.99999994,1.0,1.0,1.0,0.9999998,1.0,0.9999999,0.9999999,0.9999999,0.9999999,0.99999994,0.73083836,0.9999999,0.9999999,0.9999999,0.99999994,0.99999994,0.9999999,0.9999995,0.99999994,0.9999999,0.99999994,0.9999998,0.9999999,0.9999999,0.99999994,0.9999999,1.0,0.9999999,0.9999999,1.0,0.99999994,0.9999999,0.9999998,0.9999999,0.9999989,0.9999999,0.9999999,0.999998,0.99999994,0.99999994,0.99999994,1.0,0.9999999,0.9999891,1.0,0.99999994,0.99999994,1.0,0.99999994,0.99999976,0.99999994,0.996737,0.99999994,0.9999999,0.99999976,0.9992505,0.99881333,0.99999994,0.99999994,0.55048037,0.99999994,0.9999998,0.9999999,0.99999994,0.9999998,0.9999999,0.99999917,1.0,0.9999998,1.0,0.99999994,0.99999994,1.0,0.99999994,0.9999999,0.9999999,0.99999994,0.9999999,0.99999946,0.99999994,0.99999994,0.9999999,0.99999905,0.99999994,0.99999994,0.99999994,0.9999999,0.9999999,0.99999994,0.9999998,0.99999994,0.9999999,0.99999994,0.99999994,0.9999998,0.9999999,0.99999994,0.9999999,0.9999995,0.99999994,0.9999999,0.99999994,1.0,1.0,0.9999999,0.99999994,0.99999416,0.99764854,0.99999994,1.0,0.9999998,0.99999976,0.9999999,0.9999997,0.99999994,1.0,1.0,0.99999994,0.99999946,0.9999999,0.99999994,0.9999998,0.9999999,1.0,1.0,1.0,0.9999999,1.0,0.99999994,0.99999964,0.9999999,1.0,0.9999996,0.9999999,0.99999994,0.99999994,1.0,0.99999994,1.0,0.9999999,1.0,0.9999999,0.99999994,0.9999999,0.9999999,0.9999999,0.99999976,0.9999998,0.9999995,0.9999999,0.9999998,1.0,1.0,0.9999999,0.99999994,0.9999992,0.9999999,0.9999999,0.9999999,0.9999999,0.9999999,0.99999994,0.99999994,0.9999998,0.9999999,0.9999998,0.99999976,0.99999994,1.0,0.99999994,0.99999994,0.99999994,1.0,0.98058414,1.0,0.9999999,0.9999999
UCHL5_K562,0.99999976,0.99999994,0.9999999,1.0,0.99999976,0.9999997,0.99999976,0.9999997,0.99999976,1.0,1.0,0.9999927,0.9999998,0.99999994,0.9999999,0.9999998,0.9999999,0.9999999,0.99998474,0.99999964,0.99999946,1.0,0.9999998,0.99999976,1.0,0.99999976,0.9999998,0.9999998,0.9999998,1.0,0.99999976,0.9999997,0.99999976,0.9999998,0.9999887,0.9999896,0.99999976,0.99999994,1.0,0.9999997,0.9999999,0.9999998,0.9999997,0.9999998,0.9999999,0.9999998,1.0,0.99999994,0.99999994,0.9999997,0.99999994,0.99999976,0.99999976,0.9999998,0.99999976,0.9999998,0.7309626,0.9999998,0.99999976,0.99999976,0.9999998,0.9999999,0.9999998,0.9999997,0.9999999,0.9999998,0.9999999,0.9999997,0.99999976,0.9999998,0.9999999,0.9999998,1.0,0.99999976,0.9999998,0.99999994,0.9999999,0.99999976,0.9999997,0.9999998,0.9999992,0.99999976,0.99999976,0.9999976,0.9999999,0.9999999,0.9999999,0.99999994,0.99999994,0.9999882,1.0,0.9999998,0.9999999,1.0,0.9999999,0.99999964,0.9999998,0.9967223,0.9999998,0.99999976,0.9999996,0.99924344,0.99882215,0.9999998,0.9999999,0.5503284,0.9999999,0.9999997,0.99999976,0.9999998,0.9999997,0.99999976,0.9999989,1.0,0.9999997,1.0,0.9999998,0.9999998,0.99999994,0.9999999,0.99999976,0.99999976,0.9999999,0.99999976,0.9999993,0.9999999,0.9999999,0.99999976,0.9999993,0.9999999,0.9999999,0.9999999,0.99999976,0.99999976,0.9999998,0.9999997,0.9999999,0.9999998,0.9999998,0.9999999,0.99999994,0.99999976,0.9999999,0.99999976,0.99999934,0.9999999,0.9999998,0.9999999,1.0,0.99999994,0.9999998,0.9999999,0.9999935,0.997661,0.9999998,0.99999994,0.99999964,0.9999999,0.99999976,0.9999998,0.9999998,0.99999994,1.0,0.9999998,0.9999993,0.99999976,0.9999998,0.9999997,0.99999976,1.0,0.99999994,0.99999994,0.99999976,0.99999994,0.9999998,0.99999946,0.99999976,0.99999994,0.9999994,0.9999998,0.9999999,0.9999999,0.99999994,0.9999998,0.99999994,0.9999998,0.99999994,0.9999998,0.9999999,0.99999976,0.99999976,0.99999976,0.99999964,0.9999997,0.99999934,0.9999998,0.99999964,1.0,1.0,0.9999998,0.9999999,0.999999,0.9999998,0.9999998,0.9999998,0.9999998,0.9999998,0.9999998,0.9999998,0.9999997,0.99999976,0.9999999,0.99999964,0.9999998,0.99999994,0.9999999,0.9999999,0.9999998,0.99999994,0.9806198,0.99999994,0.9999998,0.99999976
UPF1_HepG2,1.0,0.99999994,1.0,0.9999999,1.0,1.0,1.0,1.0,1.0,0.9999998,0.99999994,0.99999493,1.0,0.99999994,1.0,1.0,1.0,1.0,0.9999811,1.0,0.9999999,0.9999999,1.0,1.0,0.9999997,1.0,1.0,1.0,1.0,0.99999964,1.0,1.0,1.0,1.0,0.9999914,0.9999866,1.0,0.99999994,0.9999997,1.0,1.0,1.0,1.0,1.0,1.0,1.0,0.9999999,1.0,0.99999994,1.0,1.0,1.0,1.0,1.0,1.0,1.0,0.7305381,1.0,1.0,1.0,1.0,1.0,1.0,0.999999,1.0,1.0,1.0,1.0,1.0,1.0,1.0,1.0,0.9999998,1.0,1.0,1.0,1.0,1.0,1.0,1.0,0.9999982,1.0,1.0,0.99999875,1.0,1.0,1.0,1.0,0.9999995,0.999991,0.9999998,1.0,1.0,0.9999998,1.0,1.0,1.0,0.9967724,1.0,1.0,0.99999994,0.9992674,0.9987918,1.0,1.0,0.55084753,1.0,1.0,1.0,1.0,1.0,1.0,0.99999964,0.99999994,1.0,0.99999994,1.0,1.0,1.0,1.0,1.0,1.0,1.0,1.0,0.9999998,1.0,1.0,1.0,0.99999833,1.0,1.0,1.0,1.0,1.0,1.0,1.0,1.0,1.0,1.0,1.0,0.99999946,1.0,1.0,1.0,0.9999999,1.0,1.0,1.0,0.9999999,0.99999994,1.0,1.0,0.9999956,0.99761826,1.0,0.99999994,1.0,0.9999994,1.0,0.9999993,1.0,0.99999994,0.99999994,1.0,0.9999998,1.0,1.0,1.0,1.0,0.9999998,1.0,0.99999994,1.0,0.99999994,1.0,0.99999994,1.0,1.0,0.9999999,1.0,1.0,1.0,0.99999994,1.0,0.99999994,1.0,1.0,1.0,1.0,1.0,1.0,1.0,1.0,1.0,0.9999999,1.0,1.0,0.9999999,0.9999998,1.0,1.0,0.9999997,1.0,1.0,1.0,1.0,1.0,1.0,1.0,1.0,1.0,0.9999994,1.0,1.0,0.99999994,1.0,1.0,1.0,1.0,0.9804978,1.0,1.0,1.0
UPF1_K562,1.0,1.0,1.0,0.99999994,1.0,1.0,1.0,0.99999994,1.0,0.9999999,0.99999994,0.9999945,1.0,1.0,1.0,1.0,1.0,1.0,0.9999819,0.99999994,0.9999998,0.99999994,1.0,1.0,0.9999998,1.0,1.0,1.0,1.0,0.9999997,1.0,1.0,1.0,1.0,0.9999909,0.99998724,1.0,1.0,0.9999998,0.99999994,1.0,1.0,0.99999994,1.0,1.0,1.0,0.99999994,1.0,1.0,0.99999994,1.0,1.0,1.0,1.0,1.0,1.0,0.7306215,1.0,1.0,1.0,1.0,1.0,1.0,0.99999917,1.0,1.0,1.0,1.0,1.0,1.0,1.0,1.0,0.9999999,1.0,1.0,1.0,1.0,1.0,0.99999994,1.0,0.99999845,1.0,1.0,0.99999857,1.0,1.0,1.0,1.0,0.99999964,0.9999905,0.9999999,1.0,1.0,0.9999999,1.0,0.99999994,1.0,0.9967626,1.0,1.0,0.99999994,0.99926275,0.9987978,1.0,1.0,0.5507455,1.0,0.99999994,1.0,1.0,0.99999994,1.0,0.9999995,0.99999994,0.99999994,0.99999994,1.0,1.0,1.0,1.0,1.0,1.0,1.0,1.0,0.99999976,1.0,1.0,1.0,0.99999857,1.0,1.0,1.0,1.0,1.0,1.0,0.99999994,1.0,1.0,1.0,1.0,0.9999996,1.0,1.0,1.0,0.99999976,1.0,1.0,1.0,0.99999994,1.0,1.0,1.0,0.9999952,0.9976267,1.0,1.0,0.99999994,0.9999995,1.0,0.9999994,1.0,1.0,0.99999994,1.0,0.99999976,1.0,1.0,0.99999994,1.0,0.9999999,1.0,1.0,1.0,1.0,1.0,0.9999999,1.0,1.0,0.9999998,1.0,1.0,1.0,1.0,1.0,1.0,1.0,1.0,1.0,1.0,1.0,1.0,1.0,0.99999994,0.99999994,0.9999998,1.0,0.99999994,0.99999994,0.9999999,1.0,1.0,0.9999996,1.0,1.0,1.0,1.0,1.0,1.0,1.0,0.99999994,1.0,0.9999995,0.99999994,1.0,1.0,1.0,1.0,1.0,1.0,0.9805218,1.0,1.0,1.0
UTP18_HepG2,0.99999976,0.99999934,0.9999996,0.99999917,0.99999976,0.99999976,0.9999997,0.99999976,0.9999997,0.999999,0.9999993,0.99999714,0.99999964,0.9999994,0.9999995,0.99999964,0.9999996,0.9999996,0.9999759,0.9999998,0.99999994,0.9999991,0.99999964,0.9999997,0.9999988,0.99999976,0.9999997,0.9999997,0.9999997,0.9999986,0.9999997,0.99999976,0.9999997,0.99999964,0.9999944,0.9999821,0.9999997,0.99999946,0.9999988,0.99999976,0.9999995,0.99999964,0.9999998,0.9999997,0.9999995,0.99999964,0.9999992,0.99999946,0.99999934,0.9999998,0.99999946,0.99999976,0.99999976,0.9999997,0.9999997,0.99999964,0.7299915,0.9999997,0.9999997,0.99999976,0.99999964,0.9999995,0.9999997,0.9999975,0.9999995,0.9999997,0.9999996,0.99999976,0.9999997,0.99999964,0.9999995,0.9999997,0.99999905,0.99999976,0.99999964,0.99999946,0.9999996,0.99999976,0.9999998,0.99999964,0.99999636,0.99999976,0.9999997,0.9999997,0.9999995,0.9999995,0.9999996,0.99999946,0.99999845,0.9999941,0.9999991,0.99999964,0.9999995,0.99999905,0.9999996,0.9999998,0.99999964,0.9968363,0.99999964,0.99999976,0.9999999,0.99929774,0.9987522,0.99999964,0.9999996,0.55151504,0.9999996,0.99999976,0.9999997,0.99999964,0.9999998,0.9999997,1.0,0.9999993,0.99999976,0.9999993,0.99999964,0.99999964,0.99999946,0.9999995,0.99999976,0.99999976,0.9999996,0.99999976,1.0,0.9999995,0.9999996,0.9999997,0.99999654,0.9999995,0.9999996,0.9999996,0.99999976,0.9999997,0.99999964,0.99999976,0.9999995,0.9999997,0.99999964,0.9999996,0.99999833,0.99999976,0.9999995,0.9999997,0.99999994,0.9999996,0.9999997,0.9999996,0.9999991,0.9999994,0.99999964,0.99999964,0.9999976,0.99756277,0.99999964,0.9999994,0.9999998,0.99999815,0.99999976,0.999998,0.99999964,0.9999994,0.9999993,0.99999964,1.0,0.9999997,0.99999964,0.9999998,0.9999997,0.99999905,0.9999995,0.9999994,0.9999997,0.99999946,0.99999964,0.99999994,0.9999997,0.99999946,0.99999994,0.9999997,0.9999995,0.9999996,0.9999994,0.99999964,0.99999934,0.9999997,0.99999946,0.9999997,0.9999995,0.99999976,0.9999997,0.9999997,0.9999998,0.9999998,0.99999994,0.9999997,0.9999998,0.9999992,0.999999,0.9999997,0.9999996,1.0,0.9999997,0.99999964,0.9999997,0.9999997,0.9999997,0.99999964,0.99999964,0.9999998,0.99999976,0.9999982,0.9999998,0.99999964,0.99999946,0.9999995,0.9999996,0.99999964,0.99999946,0.98034024,0.9999995,0.9999997,0.9999997
UTP18_K562,1.0,0.99999994,1.0,0.9999999,1.0,1.0,1.0,1.0,1.0,0.9999998,0.99999994,0.9999949,1.0,0.99999994,1.0,1.0,1.0,1.0,0.99998116,1.0,0.9999999,0.9999999,1.0,1.0,0.9999997,1.0,1.0,1.0,1.0,0.99999964,1.0,1.0,1.0,1.0,0.9999914,0.99998665,1.0,0.99999994,0.99999976,1.0,1.0,1.0,1.0,1.0,1.0,1.0,0.9999999,1.0,0.99999994,1.0,1.0,1.0,1.0,1.0,1.0,1.0,0.7305439,1.0,1.0,1.0,1.0,1.0,1.0,0.999999,1.0,1.0,1.0,1.0,1.0,1.0,1.0,1.0,0.9999998,1.0,1.0,1.0,1.0,1.0,1.0,1.0,0.9999982,1.0,1.0,0.99999875,1.0,1.0,1.0,1.0,0.9999995,0.999991,0.9999999,1.0,1.0,0.9999998,1.0,0.99999994,1.0,0.99677175,1.0,1.0,0.99999994,0.9992671,0.99879223,1.0,1.0,0.5508404,1.0,1.0,1.0,1.0,1.0,1.0,0.99999964,0.99999994,1.0,0.99999994,1.0,1.0,1.0,1.0,1.0,1.0,1.0,1.0,0.9999998,1.0,1.0,1.0,0.99999833,1.0,1.0,1.0,1.0,1.0,1.0,1.0,1.0,1.0,1.0,1.0,0.99999946,1.0,1.0,1.0,0.9999999,1.0,1.0,1.0,0.9999999,0.99999994,1.0,1.0,0.9999955,0.99761885,1.0,0.99999994,1.0,0.9999994,1.0,0.9999993,1.0,0.99999994,0.99999994,1.0,0.9999998,1.0,1.0,1.0,1.0,0.9999998,1.0,0.99999994,1.0,0.99999994,1.0,0.99999994,1.0,1.0,0.9999999,1.0,1.0,1.0,0.99999994,1.0,0.99999994,1.0,1.0,1.0,1.0,1.0,1.0,1.0,1.0,1.0,0.9999999,1.0,1.0,0.9999999,0.9999998,1.0,1.0,0.9999997,1.0,1.0,1.0,1.0,1.0,1.0,1.0,1.0,1.0,0.9999994,1.0,1.0,0.99999994,1.0,1.0,1.0,1.0,0.98049945,1.0,1.0,1.0
UTP3_K562,1.0,0.99999994,1.0,0.9999999,1.0,1.0,1.0,1.0,1.0,0.9999998,0.99999994,0.9999949,1.0,0.99999994,1.0,1.0,1.0,1.0,0.9999812,1.0,0.9999999,0.9999999,1.0,1.0,0.9999997,1.0,1.0,1.0,1.0,0.99999964,1.0,1.0,1.0,1.0,0.99999136,0.99998665,1.0,0.99999994,0.99999976,1.0,1.0,1.0,1.0,1.0,1.0,1.0,0.9999999,1.0,0.99999994,1.0,1.0,1.0,1.0,1.0,1.0,1.0,0.7305459,1.0,1.0,1.0,1.0,1.0,1.0,0.999999,1.0,1.0,1.0,1.0,1.0,1.0,1.0,1.0,0.9999998,1.0,1.0,1.0,1.0,1.0,1.0,1.0,0.9999982,1.0,1.0,0.99999875,1.0,1.0,1.0,1.0,0.9999995,0.999991,0.9999999,1.0,1.0,0.9999998,1.0,0.99999994,1.0,0.9967715,1.0,1.0,0.99999994,0.999267,0.99879235,1.0,1.0,0.550838,1.0,1.0,1.0,1.0,1.0,1.0,0.99999964,0.99999994,1.0,0.99999994,1.0,1.0,1.0,1.0,1.0,1.0,1.0,1.0,0.9999998,1.0,1.0,1.0,0.99999833,1.0,1.0,1.0,1.0,1.0,1.0,1.0,1.0,1.0,1.0,1.0,0.99999946,1.0,1.0,1.0,0.9999999,1.0,1.0,1.0,0.9999999,0.99999994,1.0,1.0,0.9999955,0.99761903,1.0,0.99999994,1.0,0.9999994,1.0,0.9999993,1.0,0.99999994,0.99999994,1.0,0.9999998,1.0,1.0,1.0,1.0,0.9999998,1.0,0.99999994,1.0,0.99999994,1.0,0.99999994,1.0,1.0,0.9999999,1.0,1.0,1.0,0.99999994,1.0,0.99999994,1.0,1.0,1.0,1.0,1.0,1.0,1.0,1.0,1.0,0.9999999,1.0,1.0,0.9999999,0.9999998,1.0,1.0,0.99999964,1.0,1.0,1.0,1.0,1.0,1.0,1.0,1.0,1.0,0.9999994,1.0,1.0,0.99999994,1.0,1.0,1.0,1.0,0.9805,1.0,1.0,1.0
WDR3_K562,1.0,0.99999994,1.0,0.9999999,1.0,1.0,1.0,1.0,1.0,0.99999976,0.99999994,0.99999493,1.0,0.99999994,1.0,1.0,1.0,1.0,0.9999811,1.0,0.99999994,0.9999999,1.0,1.0,0.9999997,1.0,1.0,1.0,1.0,0.99999964,1.0,1.0,1.0,1.0,0.9999915,0.9999866,1.0,0.99999994,0.9999997,1.0,1.0,1.0,1.0,1.0,1.0,1.0,0.9999999,1.0,0.99999994,1.0,1.0,1.0,1.0,1.0,1.0,1.0,0.730534,1.0,1.0,1.0,1.0,1.0,1.0,0.999999,1.0,1.0,1.0,1.0,1.0,1.0,1.0,1.0,0.9999998,1.0,1.0,1.0,1.0,1.0,1.0,1.0,0.9999982,1.0,1.0,0.9999988,1.0,1.0,1.0,1.0,0.9999995,0.99999106,0.9999998,1.0,1.0,0.9999998,1.0,1.0,1.0,0.9967729,1.0,1.0,0.99999994,0.99926764,0.9987915,1.0,1.0,0.5508525,1.0,1.0,1.0,1.0,1.0,1.0,0.99999964,0.99999994,1.0,0.99999994,1.0,1.0,1.0,1.0,1.0,1.0,1.0,1.0,0.9999998,1.0,1.0,1.0,0.99999833,1.0,1.0,1.0,1.0,1.0,1.0,1.0,1.0,1.0,1.0,1.0,0.99999946,1.0,1.0,1.0,0.9999999,1.0,1.0,1.0,0.9999999,0.99999994,1.0,1.0,0.9999956,0.99761784,1.0,0.99999994,1.0,0.9999994,1.0,0.9999993,1.0,0.99999994,0.99999994,1.0,0.9999998,1.0,1.0,1.0,1.0,0.9999998,1.0,0.99999994,1.0,0.99999994,1.0,0.99999994,1.0,0.99999994,0.9999999,1.0,1.0,1.0,0.99999994,1.0,0.99999994,1.0,1.0,1.0,1.0,1.0,1.0,1.0,1.0,1.0,0.9999999,1.0,1.0,0.9999999,0.9999998,1.0,1.0,0.9999997,1.0,1.0,1.0,1.0,1.0,1.0,1.0,1.0,1.0,0.9999994,1.0,1.0,0.99999994,1.0,1.0,1.0,0.99999994,0.9804966,1.0,1.0,1.0
WDR43_HepG2,1.0,0.99999994,1.0,0.9999999,1.0,1.0,1.0,1.0,1.0,0.9999998,0.99999994,0.99999493,1.0,0.99999994,1.0,1.0,1.0,1.0,0.9999811,1.0,0.99999994,0.9999999,1.0,1.0,0.9999997,1.0,1.0,1.0,1.0,0.99999964,1.0,1.0,1.0,1.0,0.9999914,0.9999866,1.0,0.99999994,0.9999997,1.0,1.0,1.0,1.0,1.0,1.0,1.0,0.9999999,1.0,0.99999994,1.0,1.0,1.0,1.0,1.0,1.0,1.0,0.7305345,1.0,1.0,1.0,1.0,1.0,1.0,0.999999,1.0,1.0,1.0,1.0,1.0,1.0,1.0,1.0,0.9999998,1.0,1.0,1.0,1.0,1.0,1.0,1.0,0.9999982,1.0,1.0,0.9999988,1.0,1.0,1.0,1.0,0.9999995,0.99999106,0.9999998,1.0,1.0,0.9999998,1.0,1.0,1.0,0.9967728,1.0,1.0,0.99999994,0.99926764,0.9987915,1.0,1.0,0.55085194,1.0,1.0,1.0,1.0,1.0,1.0,0.99999964,0.99999994,1.0,0.99999994,1.0,1.0,1.0,1.0,1.0,1.0,1.0,1.0,0.9999998,1.0,1.0,1.0,0.99999833,1.0,1.0,1.0,1.0,1.0,1.0,1.0,1.0,1.0,1.0,1.0,0.99999946,1.0,1.0,1.0,0.9999999,1.0,1.0,1.0,0.9999999,0.99999994,1.0,1.0,0.9999956,0.9976179,1.0,0.99999994,1.0,0.9999994,1.0,0.9999993,1.0,0.99999994,0.99999994,1.0,0.9999998,1.0,1.0,1.0,1.0,0.9999998,1.0,0.99999994,1.0,0.99999994,1.0,0.99999994,1.0,0.99999994,0.9999999,1.0,1.0,1.0,0.99999994,1.0,0.99999994,1.0,1.0,1.0,1.0,1.0,1.0,1.0,1.0,1.0,0.9999999,1.0,1.0,0.9999999,0.9999998,1.0,1.0,0.9999997,1.0,1.0,1.0,1.0,1.0,1.0,1.0,1.0,1.0,0.9999994,1.0,1.0,0.99999994,1.0,1.0,1.0,0.99999994,0.9804967,1.0,1.0,1.0
WDR43_K562,1.0,0.99999994,1.0,0.9999999,1.0,1.0,1.0,1.0,1.0,0.99999976,0.99999994,0.99999493,1.0,0.99999994,1.0,1.0,1.0,1.0,0.99998105,1.0,0.99999994,0.9999999,1.0,1.0,0.9999997,1.0,1.0,1.0,1.0,0.99999964,1.0,1.0,1.0,1.0,0.9999915,0.9999865,1.0,0.99999994,0.9999997,1.0,1.0,1.0,1.0,1.0,1.0,1.0,0.9999999,1.0,0.99999994,1.0,1.0,1.0,1.0,1.0,1.0,1.0,0.73052937,1.0,1.0,1.0,1.0,1.0,1.0,0.999999,1.0,1.0,1.0,1.0,1.0,1.0,1.0,1.0,0.9999998,1.0,1.0,1.0,1.0,1.0,1.0,1.0,0.9999982,1.0,1.0,0.9999988,1.0,1.0,1.0,0.99999994,0.9999995,0.99999106,0.9999998,1.0,1.0,0.9999998,1.0,1.0,1.0,0.9967734,1.0,1.0,0.99999994,0.99926794,0.99879116,1.0,1.0,0.5508582,1.0,1.0,1.0,1.0,1.0,1.0,0.99999964,0.9999999,1.0,0.99999994,1.0,1.0,1.0,1.0,1.0,1.0,1.0,1.0,0.9999998,1.0,1.0,1.0,0.99999833,1.0,1.0,1.0,1.0,1.0,1.0,1.0,1.0,1.0,1.0,1.0,0.99999946,1.0,1.0,1.0,0.9999999,1.0,1.0,1.0,0.9999999,0.99999994,1.0,1.0,0.9999956,0.99761736,1.0,0.99999994,1.0,0.99999934,1.0,0.9999992,1.0,0.99999994,0.99999994,1.0,0.9999998,1.0,1.0,1.0,1.0,0.9999998,1.0,0.99999994,1.0,0.99999994,1.0,0.99999994,1.0,0.99999994,0.9999999,1.0,1.0,1.0,0.99999994,1.0,0.99999994,1.0,1.0,1.0,1.0,1.0,1.0,1.0,1.0,1.0,0.9999999,1.0,1.0,0.9999999,0.9999998,1.0,1.0,0.9999997,1.0,1.0,1.0,1.0,1.0,1.0,1.0,1.0,1.0,0.9999994,1.0,1.0,0.99999994,1.0,1.0,1.0,0.99999994,0.9804953,1.0,1.0,1.0
WRN_K562,1.0,0.99999994,1.0,0.99999994,1.0,1.0,1.0,1.0,1.0,0.9999998,0.99999994,0.9999947,1.0,1.0,1.0,1.0,1.0,1.0,0.9999815,0.99999994,0.9999999,0.9999999,1.0,1.0,0.99999976,1.0,1.0,1.0,1.0,0.9999997,1.0,1.0,1.0,1.0,0.9999911,0.99998695,1.0,1.0,0.99999976,1.0,1.0,1.0,1.0,1.0,1.0,1.0,0.99999994,1.0,0.99999994,0.99999994,1.0,1.0,1.0,1.0,1.0,1.0,0.7305847,1.0,1.0,1.0,1.0,1.0,1.0,0.99999905,1.0,1.0,1.0,1.0,1.0,1.0,1.0,1.0,0.9999999,1.0,1.0,1.0,1.0,1.0,0.99999994,1.0,0.99999833,1.0,1.0,0.9999987,1.0,1.0,1.0,1.0,0.9999996,0.99999076,0.9999999,1.0,1.0,0.9999999,1.0,0.99999994,1.0,0.9967669,1.0,1.0,0.99999994,0.99926484,0.99879515,1.0,1.0,0.55079055,1.0,1.0,1.0,1.0,1.0,1.0,0.9999996,0.99999994,1.0,0.99999994,1.0,1.0,1.0,1.0,1.0,1.0,1.0,1.0,0.9999998,1.0,1.0,1.0,0.99999845,1.0,1.0,1.0,1.0,1.0,1.0,1.0,1.0,1.0,1.0,1.0,0.9999995,1.0,1.0,1.0,0.9999998,1.0,1.0,1.0,0.9999999,0.99999994,1.0,1.0,0.99999535,0.99762297,1.0,0.99999994,0.99999994,0.99999946,1.0,0.99999934,1.0,1.0,0.99999994,1.0,0.99999976,1.0,1.0,0.99999994,1.0,0.9999999,1.0,1.0,1.0,1.0,1.0,0.9999999,1.0,1.0,0.9999999,1.0,1.0,1.0,1.0,1.0,0.99999994,1.0,1.0,1.0,1.0,1.0,1.0,1.0,0.99999994,1.0,0.9999998,1.0,0.99999994,0.99999994,0.9999998,1.0,1.0,0.99999964,1.0,1.0,1.0,1.0,1.0,1.0,1.0,0.99999994,1.0,0.99999946,0.99999994,1.0,1.0,1.0,1.0,1.0,1.0,0.9805112,1.0,1.0,1.0
XPO5_HepG2,1.0,0.99999994,1.0,0.9999999,1.0,1.0,1.0,1.0,1.0,0.9999998,0.99999994,0.9999948,1.0,0.99999994,1.0,1.0,1.0,1.0,0.9999813,1.0,0.9999999,0.9999999,1.0,1.0,0.9999997,1.0,1.0,1.0,1.0,0.99999964,1.0,1.0,1.0,1.0,0.9999913,0.9999867,1.0,1.0,0.99999976,1.0,1.0,1.0,1.0,1.0,1.0,1.0,0.9999999,1.0,0.99999994,1.0,1.0,1.0,1.0,1.0,1.0,1.0,0.73055476,1.0,1.0,1.0,1.0,1.0,1.0,0.999999,1.0,1.0,1.0,1.0,1.0,1.0,1.0,1.0,0.9999998,1.0,1.0,1.0,1.0,1.0,1.0,1.0,0.9999983,1.0,1.0,0.99999875,1.0,1.0,1.0,1.0,0.9999996,0.99999094,0.9999999,1.0,1.0,0.9999999,1.0,0.99999994,1.0,0.99677044,1.0,1.0,0.99999994,0.9992665,0.998793,1.0,1.0,0.5508271,1.0,1.0,1.0,1.0,1.0,1.0,0.99999964,0.99999994,1.0,0.99999994,1.0,1.0,1.0,1.0,1.0,1.0,1.0,1.0,0.9999998,1.0,1.0,1.0,0.9999984,1.0,1.0,1.0,1.0,1.0,1.0,1.0,1.0,1.0,1.0,1.0,0.9999995,1.0,1.0,1.0,0.9999998,1.0,1.0,1.0,0.9999999,0.99999994,1.0,1.0,0.99999547,0.99762,1.0,0.99999994,1.0,0.9999994,1.0,0.9999993,1.0,0.99999994,0.99999994,1.0,0.9999998,1.0,1.0,1.0,1.0,0.9999999,1.0,1.0,1.0,1.0,1.0,0.9999999,1.0,1.0,0.9999999,1.0,1.0,1.0,0.99999994,1.0,0.99999994,1.0,1.0,1.0,1.0,1.0,1.0,1.0,1.0,1.0,0.9999999,1.0,1.0,0.99999994,0.9999998,1.0,1.0,0.99999964,1.0,1.0,1.0,1.0,1.0,1.0,1.0,1.0,1.0,0.99999946,0.99999994,1.0,1.0,1.0,1.0,1.0,1.0,0.9805026,1.0,1.0,1.0
XRCC6_HepG2,1.0,0.9999999,0.99999994,0.99999976,1.0,1.0,1.0,1.0,1.0,0.99999964,0.9999998,0.99999547,0.99999994,0.9999999,0.99999994,1.0,0.99999994,0.99999994,0.99998,1.0,1.0,0.99999976,0.99999994,1.0,0.9999996,1.0,1.0,1.0,1.0,0.99999946,1.0,1.0,1.0,1.0,0.9999922,0.99998564,1.0,0.9999999,0.9999996,1.0,0.99999994,1.0,1.0,1.0,0.99999994,1.0,0.9999998,0.99999994,0.9999999,1.0,0.99999994,1.0,1.0,1.0,1.0,1.0,0.73041207,1.0,1.0,1.0,1.0,0.99999994,1.0,0.9999987,0.99999994,1.0,0.99999994,1.0,1.0,1.0,0.99999994,1.0,0.9999997,1.0,1.0,0.99999994,0.99999994,1.0,1.0,1.0,0.99999785,1.0,1.0,0.99999905,0.99999994,0.99999994,0.99999994,0.99999994,0.99999934,0.9999918,0.99999976,1.0,0.99999994,0.9999997,0.99999994,1.0,0.99999994,0.9967872,1.0,1.0,1.0,0.9992745,0.9987827,0.99999994,0.99999994,0.5510014,0.99999994,1.0,1.0,1.0,1.0,1.0,0.99999976,0.9999998,1.0,0.9999998,1.0,1.0,0.99999994,0.99999994,1.0,1.0,0.99999994,1.0,0.99999994,0.99999994,0.99999994,1.0,0.999998,0.99999994,0.99999994,0.99999994,1.0,1.0,0.99999994,1.0,0.99999994,1.0,1.0,0.99999994,0.9999993,1.0,0.99999994,1.0,0.99999994,0.99999994,1.0,0.99999994,0.99999976,0.9999999,1.0,0.99999994,0.9999961,0.9976055,1.0,0.9999999,1.0,0.99999917,1.0,0.99999905,1.0,0.9999999,0.9999998,1.0,0.99999994,1.0,1.0,1.0,1.0,0.9999997,0.99999994,0.9999999,1.0,0.9999999,1.0,1.0,1.0,0.9999999,0.99999994,1.0,0.99999994,0.99999994,0.9999999,1.0,0.9999998,1.0,0.99999994,1.0,0.99999994,1.0,1.0,1.0,1.0,1.0,0.99999994,1.0,1.0,0.9999998,0.9999997,1.0,0.99999994,0.9999998,1.0,1.0,1.0,1.0,1.0,0.99999994,1.0,1.0,1.0,0.9999992,1.0,0.99999994,0.9999999,0.99999994,0.99999994,1.0,0.9999999,0.9804615,0.99999994,1.0,1.0
XRCC6_K562,1.0,0.99999994,1.0,0.9999999,1.0,1.0,1.0,1.0,1.0,0.99999976,0.9999999,0.9999951,1.0,0.99999994,1.0,1.0,1.0,1.0,0.9999807,1.0,0.99999994,0.9999998,1.0,1.0,0.99999964,1.0,1.0,1.0,1.0,0.9999996,1.0,1.0,1.0,1.0,0.9999917,0.99998623,1.0,0.99999994,0.9999997,1.0,1.0,1.0,1.0,1.0,1.0,1.0,0.9999999,0.99999994,0.99999994,1.0,0.99999994,1.0,1.0,1.0,1.0,1.0,0.7304899,1.0,1.0,1.0,1.0,0.99999994,1.0,0.99999887,0.99999994,1.0,1.0,1.0,1.0,1.0,1.0,1.0,0.9999998,1.0,1.0,0.99999994,1.0,1.0,1.0,1.0,0.9999981,1.0,1.0,0.99999887,1.0,1.0,1.0,0.99999994,0.99999946,0.9999913,0.9999998,1.0,1.0,0.9999998,1.0,1.0,1.0,0.9967781,1.0,1.0,1.0,0.99927014,0.99878836,1.0,1.0,0.55090636,1.0,1.0,1.0,1.0,1.0,1.0,0.9999997,0.9999999,1.0,0.9999999,1.0,1.0,0.99999994,0.99999994,1.0,1.0,1.0,1.0,0.9999999,0.99999994,1.0,1.0,0.9999982,1.0,1.0,1.0,1.0,1.0,1.0,1.0,1.0,1.0,1.0,1.0,0.9999994,1.0,1.0,1.0,0.9999999,1.0,1.0,1.0,0.9999998,0.99999994,1.0,1.0,0.99999577,0.99761343,1.0,0.99999994,1.0,0.9999993,1.0,0.99999917,1.0,0.99999994,0.9999999,1.0,0.9999999,1.0,1.0,1.0,1.0,0.9999998,0.99999994,0.99999994,1.0,0.99999994,1.0,0.99999994,1.0,0.99999994,0.99999994,1.0,1.0,1.0,0.99999994,1.0,0.9999999,1.0,0.99999994,1.0,1.0,1.0,1.0,1.0,1.0,1.0,0.9999999,1.0,1.0,0.9999999,0.99999976,1.0,1.0,0.99999976,1.0,1.0,1.0,1.0,1.0,1.0,1.0,1.0,1.0,0.99999934,1.0,1.0,0.99999994,1.0,1.0,1.0,0.99999994,0.9804839,0.99999994,1.0,1.0
XRN2_HepG2,0.99999934,0.9999997,0.9999995,0.9999998,0.99999934,0.9999993,0.9999994,0.9999993,0.9999994,0.9999999,0.99999976,0.9999909,0.99999946,0.9999997,0.9999996,0.99999946,0.9999995,0.9999995,0.9999872,0.99999917,0.99999887,0.9999998,0.99999946,0.9999994,0.99999994,0.99999934,0.9999994,0.9999994,0.9999994,1.0,0.9999994,0.9999993,0.99999934,0.99999946,0.99998635,0.9999916,0.99999934,0.99999964,0.99999994,0.9999993,0.9999996,0.99999946,0.9999992,0.9999994,0.9999996,0.99999946,0.9999998,0.99999964,0.9999997,0.9999992,0.99999964,0.9999993,0.9999993,0.9999994,0.99999934,0.99999946,0.7312746,0.9999994,0.99999934,0.99999934,0.99999946,0.9999996,0.9999994,0.99999994,0.9999996,0.9999994,0.9999995,0.9999993,0.9999994,0.9999994,0.9999996,0.9999994,0.9999999,0.99999934,0.9999994,0.99999964,0.9999995,0.99999934,0.9999992,0.99999946,0.9999997,0.99999934,0.99999934,0.9999965,0.9999996,0.9999996,0.9999995,0.99999964,1.0,0.9999859,0.9999999,0.99999946,0.9999996,0.9999999,0.9999996,0.9999991,0.99999946,0.9966852,0.99999946,0.99999934,0.9999991,0.99922556,0.99884427,0.99999946,0.9999995,0.5499465,0.9999995,0.9999993,0.99999934,0.99999946,0.9999992,0.99999934,0.99999815,0.99999976,0.9999993,0.99999976,0.99999946,0.99999946,0.99999964,0.9999996,0.99999934,0.99999934,0.9999995,0.99999934,0.9999986,0.9999996,0.9999995,0.99999934,0.9999997,0.9999996,0.9999995,0.9999995,0.99999934,0.99999934,0.99999946,0.9999992,0.9999996,0.9999994,0.99999946,0.9999995,1.0,0.99999934,0.9999996,0.9999994,0.9999987,0.9999995,0.9999994,0.9999996,0.9999998,0.9999997,0.9999994,0.9999995,0.9999918,0.9976921,0.99999946,0.9999997,0.99999917,1.0,0.99999934,1.0,0.99999946,0.9999997,0.99999976,0.99999946,0.9999986,0.9999994,0.99999946,0.9999992,0.99999934,0.9999999,0.99999964,0.99999964,0.99999934,0.99999964,0.99999946,0.9999989,0.99999934,0.99999964,0.9999988,0.9999994,0.9999996,0.9999995,0.9999997,0.99999946,0.99999976,0.9999994,0.99999964,0.9999994,0.9999996,0.99999934,0.99999934,0.99999934,0.99999917,0.9999992,0.99999875,0.9999994,0.99999917,0.9999998,0.9999999,0.9999994,0.9999995,0.9999982,0.9999994,0.9999994,0.9999994,0.9999994,0.9999994,0.99999946,0.99999946,0.9999992,0.99999934,1.0,0.99999917,0.99999946,0.99999964,0.9999996,0.9999996,0.99999946,0.99999964,0.9807093,0.99999964,0.9999994,0.99999934
XRN2_K562,1.0,0.9999998,0.99999994,0.99999976,1.0,1.0,1.0,1.0,1.0,0.99999964,0.9999998,0.9999956,0.99999994,0.9999999,0.99999994,0.99999994,0.99999994,0.99999994,0.99997973,1.0,1.0,0.9999997,0.99999994,1.0,0.9999995,1.0,1.0,1.0,1.0,0.9999994,1.0,1.0,1.0,1.0,0.9999923,0.9999854,1.0,0.9999999,0.9999995,1.0,0.99999994,0.99999994,1.0,1.0,0.99999994,0.99999994,0.99999976,0.9999999,0.9999998,1.0,0.9999999,1.0,1.0,1.0,1.0,0.99999994,0.7303844,1.0,1.0,1.0,0.99999994,0.99999994,1.0,0.9999986,0.99999994,1.0,0.99999994,1.0,1.0,1.0,0.99999994,1.0,0.9999997,1.0,1.0,0.9999999,0.99999994,1.0,1.0,1.0,0.9999978,1.0,1.0,0.9999991,0.99999994,0.99999994,0.99999994,0.9999999,0.9999993,0.99999195,0.9999997,0.99999994,0.99999994,0.9999997,0.99999994,1.0,0.99999994,0.99679047,0.99999994,1.0,1.0,0.999276,0.9987807,0.99999994,0.99999994,0.5510353,0.99999994,1.0,1.0,0.99999994,1.0,1.0,0.9999998,0.9999998,1.0,0.9999998,0.99999994,0.99999994,0.9999999,0.99999994,1.0,1.0,0.99999994,1.0,0.99999994,0.99999994,0.99999994,1.0,0.9999979,0.99999994,0.99999994,0.99999994,1.0,1.0,0.99999994,1.0,0.99999994,1.0,0.99999994,0.99999994,0.9999992,1.0,0.99999994,1.0,0.99999994,0.99999994,1.0,0.99999994,0.9999997,0.9999999,1.0,0.99999994,0.9999962,0.9976027,0.99999994,0.9999999,1.0,0.9999991,1.0,0.999999,0.99999994,0.9999999,0.9999998,0.99999994,0.99999994,1.0,0.99999994,1.0,1.0,0.9999997,0.9999999,0.9999999,1.0,0.9999999,0.99999994,1.0,1.0,0.9999999,1.0,1.0,0.99999994,0.99999994,0.9999999,0.99999994,0.9999998,1.0,0.9999999,1.0,0.99999994,1.0,1.0,1.0,1.0,1.0,0.99999994,1.0,1.0,0.99999976,0.99999964,1.0,0.99999994,0.9999998,1.0,1.0,1.0,1.0,1.0,0.99999994,0.99999994,1.0,1.0,0.99999917,1.0,0.99999994,0.9999999,0.99999994,0.99999994,0.99999994,0.9999999,0.98045355,0.9999999,1.0,1.0
YBX3_HepG2,1.0,0.99999994,1.0,0.99999994,1.0,1.0,1.0,1.0,1.0,0.9999998,0.99999994,0.9999947,1.0,1.0,1.0,1.0,1.0,1.0,0.9999815,0.99999994,0.9999999,0.9999999,1.0,1.0,0.99999976,1.0,1.0,1.0,1.0,0.9999997,1.0,1.0,1.0,1.0,0.9999912,0.9999869,1.0,1.0,0.99999976,1.0,1.0,1.0,1.0,1.0,1.0,1.0,0.99999994,1.0,0.99999994,0.99999994,1.0,1.0,1.0,1.0,1.0,1.0,0.7305802,1.0,1.0,1.0,1.0,1.0,1.0,0.99999905,1.0,1.0,1.0,1.0,1.0,1.0,1.0,1.0,0.9999999,1.0,1.0,1.0,1.0,1.0,0.99999994,1.0,0.99999833,1.0,1.0,0.9999987,1.0,1.0,1.0,1.0,0.9999996,0.99999076,0.9999999,1.0,1.0,0.9999999,1.0,0.99999994,1.0,0.99676746,1.0,1.0,0.99999994,0.9992651,0.99879485,1.0,1.0,0.55079603,1.0,1.0,1.0,1.0,1.0,1.0,0.9999996,0.99999994,1.0,0.99999994,1.0,1.0,1.0,1.0,1.0,1.0,1.0,1.0,0.9999998,1.0,1.0,1.0,0.99999845,1.0,1.0,1.0,1.0,1.0,1.0,1.0,1.0,1.0,1.0,1.0,0.9999995,1.0,1.0,1.0,0.9999998,1.0,1.0,1.0,0.9999999,0.99999994,1.0,1.0,0.9999954,0.99762255,1.0,0.99999994,0.99999994,0.99999946,1.0,0.99999934,1.0,1.0,0.99999994,1.0,0.9999998,1.0,1.0,0.99999994,1.0,0.9999999,1.0,1.0,1.0,1.0,1.0,0.9999999,1.0,1.0,0.9999999,1.0,1.0,1.0,1.0,1.0,0.99999994,1.0,1.0,1.0,1.0,1.0,1.0,1.0,0.99999994,1.0,0.9999998,1.0,0.99999994,0.99999994,0.9999998,1.0,1.0,0.99999964,1.0,1.0,1.0,1.0,1.0,1.0,1.0,0.99999994,1.0,0.99999946,0.99999994,1.0,1.0,1.0,1.0,1.0,1.0,0.9805099,1.0,1.0,1.0
YBX3_K562,0.99999994,1.0,1.0,1.0,0.99999994,0.99999994,0.99999994,0.99999994,0.99999994,0.99999994,1.0,0.99999404,1.0,1.0,1.0,1.0,1.0,1.0,0.9999827,0.9999999,0.99999976,0.99999994,1.0,0.99999994,0.9999999,0.99999994,0.99999994,0.99999994,0.99999994,0.9999998,0.99999994,0.99999994,0.99999994,1.0,0.9999903,0.9999879,0.99999994,1.0,0.9999999,0.99999994,1.0,1.0,0.9999999,0.99999994,1.0,1.0,1.0,1.0,1.0,0.9999999,1.0,0.99999994,0.99999994,0.99999994,0.99999994,1.0,0.73071635,0.99999994,0.99999994,0.99999994,1.0,1.0,0.99999994,0.99999934,1.0,0.99999994,1.0,0.99999994,0.99999994,0.99999994,1.0,0.99999994,0.99999994,0.99999994,0.99999994,1.0,1.0,0.99999994,0.9999999,0.99999994,0.9999987,0.99999994,0.99999994,0.99999833,1.0,1.0,1.0,1.0,0.99999976,0.99998987,0.99999994,1.0,1.0,0.99999994,1.0,0.9999999,1.0,0.9967514,1.0,0.99999994,0.9999999,0.9992574,0.99880457,1.0,1.0,0.55062956,1.0,0.99999994,0.99999994,1.0,0.9999999,0.99999994,0.9999994,1.0,0.99999994,1.0,1.0,1.0,1.0,1.0,0.99999994,0.99999994,1.0,0.99999994,0.99999964,1.0,1.0,0.99999994,0.99999875,1.0,1.0,1.0,0.99999994,0.99999994,1.0,0.99999994,1.0,0.99999994,1.0,1.0,0.9999997,0.99999994,1.0,0.99999994,0.9999997,1.0,0.99999994,1.0,0.99999994,1.0,0.99999994,1.0,0.99999475,0.99763626,1.0,1.0,0.9999999,0.99999964,0.99999994,0.9999995,1.0,1.0,1.0,1.0,0.99999964,0.99999994,1.0,0.9999999,0.99999994,0.99999994,1.0,1.0,0.99999994,1.0,1.0,0.99999976,0.99999994,1.0,0.99999976,0.99999994,1.0,1.0,1.0,1.0,1.0,0.99999994,1.0,0.99999994,1.0,0.99999994,0.99999994,0.99999994,0.9999999,0.99999994,0.9999997,0.99999994,0.9999999,1.0,0.99999994,0.99999994,1.0,0.99999946,0.99999994,0.99999994,0.99999994,0.99999994,0.99999994,1.0,1.0,0.9999999,0.99999994,0.99999964,0.9999999,1.0,1.0,1.0,1.0,1.0,1.0,0.98054904,1.0,0.99999994,0.99999994
YWHAG_K562,1.0,1.0,1.0,0.99999994,0.99999994,0.99999994,1.0,0.99999994,1.0,0.9999999,0.99999994,0.9999944,1.0,1.0,1.0,1.0,1.0,1.0,0.9999821,0.99999994,0.9999998,0.99999994,1.0,1.0,0.9999998,1.0,1.0,1.0,1.0,0.99999976,1.0,0.99999994,1.0,1.0,0.99999076,0.9999874,1.0,1.0,0.9999998,0.99999994,1.0,1.0,0.99999994,1.0,1.0,1.0,0.99999994,1.0,1.0,0.99999994,1.0,0.99999994,0.99999994,1.0,1.0,1.0,0.73064935,1.0,1.0,0.99999994,1.0,1.0,1.0,0.9999992,1.0,1.0,1.0,0.99999994,1.0,1.0,1.0,1.0,0.99999994,0.99999994,1.0,1.0,1.0,1.0,0.99999994,1.0,0.9999985,1.0,1.0,0.9999985,1.0,1.0,1.0,1.0,0.9999997,0.99999034,0.99999994,1.0,1.0,0.99999994,1.0,0.99999994,1.0,0.9967593,1.0,1.0,0.9999999,0.9992612,0.9987998,1.0,1.0,0.55071145,1.0,0.99999994,1.0,1.0,0.99999994,1.0,0.9999995,0.99999994,0.99999994,1.0,1.0,1.0,1.0,1.0,1.0,1.0,1.0,1.0,0.9999997,1.0,1.0,1.0,0.9999986,1.0,1.0,1.0,1.0,1.0,1.0,0.99999994,1.0,1.0,1.0,1.0,0.99999964,1.0,1.0,1.0,0.99999976,1.0,1.0,1.0,0.99999994,1.0,1.0,1.0,0.99999505,0.9976295,1.0,1.0,0.99999994,0.9999996,0.99999994,0.99999946,1.0,1.0,1.0,1.0,0.9999997,1.0,1.0,0.99999994,1.0,0.99999994,1.0,1.0,1.0,1.0,1.0,0.9999998,1.0,1.0,0.9999998,1.0,1.0,1.0,1.0,1.0,1.0,1.0,1.0,1.0,1.0,1.0,1.0,1.0,0.99999994,0.99999994,0.99999976,1.0,0.99999994,0.99999994,0.9999999,1.0,1.0,0.9999995,1.0,1.0,1.0,1.0,1.0,1.0,1.0,0.99999994,1.0,0.9999996,0.99999994,1.0,1.0,1.0,1.0,1.0,1.0,0.9805298,1.0,1.0,1.0
ZC3H11A_HepG2,1.0,1.0,1.0,0.99999994,1.0,0.99999994,1.0,0.99999994,1.0,0.9999999,0.99999994,0.99999446,1.0,1.0,1.0,1.0,1.0,1.0,0.99998194,0.99999994,0.9999998,0.99999994,1.0,1.0,0.9999998,1.0,1.0,1.0,1.0,0.99999976,1.0,0.99999994,1.0,1.0,0.9999909,0.9999873,1.0,1.0,0.9999998,0.99999994,1.0,1.0,0.99999994,1.0,1.0,1.0,0.99999994,1.0,1.0,0.99999994,1.0,1.0,1.0,1.0,1.0,1.0,0.7306307,1.0,1.0,1.0,1.0,1.0,1.0,0.99999917,1.0,1.0,1.0,0.99999994,1.0,1.0,1.0,1.0,0.9999999,1.0,1.0,1.0,1.0,1.0,0.99999994,1.0,0.99999845,1.0,1.0,0.99999857,1.0,1.0,1.0,1.0,0.99999964,0.99999046,0.99999994,1.0,1.0,0.9999999,1.0,0.99999994,1.0,0.9967615,1.0,1.0,0.99999994,0.9992622,0.9987985,1.0,1.0,0.5507343,1.0,0.99999994,1.0,1.0,0.99999994,1.0,0.9999995,0.99999994,0.99999994,0.99999994,1.0,1.0,1.0,1.0,1.0,1.0,1.0,1.0,0.99999976,1.0,1.0,1.0,0.99999857,1.0,1.0,1.0,1.0,1.0,1.0,0.99999994,1.0,1.0,1.0,1.0,0.9999996,1.0,1.0,1.0,0.99999976,1.0,1.0,1.0,0.99999994,1.0,1.0,1.0,0.9999952,0.9976276,1.0,1.0,0.99999994,0.9999995,1.0,0.9999994,1.0,1.0,0.99999994,1.0,0.99999976,1.0,1.0,0.99999994,1.0,0.9999999,1.0,1.0,1.0,1.0,1.0,0.9999999,1.0,1.0,0.9999998,1.0,1.0,1.0,1.0,1.0,1.0,1.0,1.0,1.0,1.0,1.0,1.0,1.0,0.99999994,0.99999994,0.9999998,1.0,0.99999994,0.99999994,0.9999999,1.0,1.0,0.9999996,1.0,1.0,1.0,1.0,1.0,1.0,1.0,0.99999994,1.0,0.9999996,0.99999994,1.0,1.0,1.0,1.0,1.0,1.0,0.9805244,1.0,1.0,1.0
ZC3H11A_K562,1.0,0.99999994,1.0,0.9999999,1.0,1.0,1.0,1.0,1.0,0.9999998,0.99999994,0.99999475,1.0,1.0,1.0,1.0,1.0,1.0,0.9999814,1.0,0.9999999,0.9999999,1.0,1.0,0.99999976,1.0,1.0,1.0,1.0,0.99999964,1.0,1.0,1.0,1.0,0.99999124,0.9999868,1.0,1.0,0.99999976,1.0,1.0,1.0,1.0,1.0,1.0,1.0,0.99999994,1.0,0.99999994,1.0,1.0,1.0,1.0,1.0,1.0,1.0,0.7305704,1.0,1.0,1.0,1.0,1.0,1.0,0.99999905,1.0,1.0,1.0,1.0,1.0,1.0,1.0,1.0,0.9999999,1.0,1.0,1.0,1.0,1.0,1.0,1.0,0.99999833,1.0,1.0,0.9999987,1.0,1.0,1.0,1.0,0.9999996,0.9999908,0.9999999,1.0,1.0,0.9999999,1.0,0.99999994,1.0,0.9967686,1.0,1.0,0.99999994,0.9992656,0.99879414,1.0,1.0,0.550808,1.0,1.0,1.0,1.0,1.0,1.0,0.9999996,0.99999994,1.0,0.99999994,1.0,1.0,1.0,1.0,1.0,1.0,1.0,1.0,0.9999998,1.0,1.0,1.0,0.9999984,1.0,1.0,1.0,1.0,1.0,1.0,1.0,1.0,1.0,1.0,1.0,0.9999995,1.0,1.0,1.0,0.9999998,1.0,1.0,1.0,0.9999999,0.99999994,1.0,1.0,0.9999954,0.99762154,1.0,0.99999994,0.99999994,0.99999946,1.0,0.99999934,1.0,0.99999994,0.99999994,1.0,0.9999998,1.0,1.0,1.0,1.0,0.9999999,1.0,1.0,1.0,1.0,1.0,0.9999999,1.0,1.0,0.9999999,1.0,1.0,1.0,1.0,1.0,0.99999994,1.0,1.0,1.0,1.0,1.0,1.0,1.0,0.99999994,1.0,0.9999998,1.0,1.0,0.99999994,0.9999998,1.0,1.0,0.99999964,1.0,1.0,1.0,1.0,1.0,1.0,1.0,1.0,1.0,0.99999946,0.99999994,1.0,1.0,1.0,1.0,1.0,1.0,0.9805071,1.0,1.0,1.0
ZC3H8_K562,0.99999994,1.0,1.0,1.0,0.99999994,0.99999994,0.99999994,0.99999994,0.99999994,0.99999994,1.0,0.9999941,1.0,1.0,1.0,1.0,1.0,1.0,0.9999826,0.9999999,0.99999976,0.99999994,1.0,0.99999994,0.9999999,0.99999994,0.99999994,0.99999994,0.99999994,0.9999998,0.99999994,0.99999994,0.99999994,1.0,0.9999904,0.99998784,0.99999994,1.0,0.9999999,0.99999994,1.0,1.0,0.99999994,1.0,1.0,1.0,1.0,1.0,1.0,0.9999999,1.0,0.99999994,0.99999994,0.99999994,0.99999994,1.0,0.73070407,0.99999994,0.99999994,0.99999994,1.0,1.0,0.99999994,0.9999993,1.0,0.99999994,1.0,0.99999994,0.99999994,1.0,1.0,1.0,0.99999994,0.99999994,1.0,1.0,1.0,0.99999994,0.9999999,1.0,0.9999986,0.99999994,0.99999994,0.9999984,1.0,1.0,1.0,1.0,0.99999976,0.99999,0.99999994,1.0,1.0,0.99999994,1.0,0.9999999,1.0,0.99675286,1.0,0.99999994,0.9999999,0.9992581,0.99880373,1.0,1.0,0.5506446,1.0,0.99999994,0.99999994,1.0,0.99999994,0.99999994,0.9999994,1.0,0.99999994,1.0,1.0,1.0,1.0,1.0,0.99999994,0.99999994,1.0,0.99999994,0.99999964,1.0,1.0,0.99999994,0.99999875,1.0,1.0,1.0,0.99999994,0.99999994,1.0,0.99999994,1.0,0.99999994,1.0,1.0,0.9999997,0.99999994,1.0,0.99999994,0.9999997,1.0,0.99999994,1.0,0.99999994,1.0,1.0,1.0,0.9999948,0.997635,1.0,1.0,0.9999999,0.99999964,0.99999994,0.9999995,1.0,1.0,1.0,1.0,0.99999964,0.99999994,1.0,0.9999999,0.99999994,0.99999994,1.0,1.0,0.99999994,1.0,1.0,0.99999976,0.99999994,1.0,0.99999976,0.99999994,1.0,1.0,1.0,1.0,1.0,1.0,1.0,0.99999994,1.0,0.99999994,0.99999994,0.99999994,0.9999999,0.99999994,0.9999997,0.99999994,0.9999999,1.0,0.99999994,1.0,1.0,0.99999946,1.0,1.0,0.99999994,0.99999994,0.99999994,1.0,1.0,0.9999999,0.99999994,0.99999964,0.9999999,1.0,1.0,1.0,1.0,1.0,1.0,0.9805455,1.0,0.99999994,0.99999994
ZNF622_K562,0.9804823,0.98056275,0.9805226,0.98059106,0.9804812,0.9804743,0.9804914,0.98047,0.98049086,0.98062336,0.98057777,0.9798663,0.9805104,0.9805529,0.9805315,0.98050696,0.9805211,0.9805171,0.98168653,0.9804593,0.9804139,0.98060197,0.9805097,0.98049283,0.98064667,0.98048365,0.98049617,0.98049664,0.9804953,0.98066634,0.9804914,0.98047525,0.9804848,0.98050123,0.9796754,0.9815021,0.98048705,0.9805493,0.9806426,0.98047096,0.980528,0.98050714,0.98046434,0.9804992,0.98052686,0.98050934,0.98058736,0.9805413,0.9805638,0.9804614,0.98054,0.98047775,0.980479,0.98049355,0.9804882,0.9805081,0.85049593,0.9804932,0.98048747,0.980481,0.98050934,0.9805359,0.98049533,0.9807776,0.9805332,0.98049414,0.9805148,0.98047465,0.9804902,0.9805005,0.9805273,0.9804986,0.98061013,0.98048174,0.9805001,0.98054224,0.9805229,0.9804819,0.98046106,0.9805009,0.98086685,0.9804839,0.980489,0.980189,0.9805282,0.98053163,0.98051417,0.980544,0.98068595,0.97965646,0.98060507,0.98050416,0.9805305,0.98060894,0.98052496,0.9804503,0.98051053,0.96155584,0.98050344,0.9804828,0.9804451,0.9722582,0.988971,0.98051155,0.98052216,0.37607953,0.98052084,0.98047155,0.9804878,0.98050797,0.98046553,0.98048615,0.98033315,0.9805783,0.9804712,0.98057336,0.98050374,0.98050183,0.98054093,0.980535,0.98048383,0.98048323,0.9805172,0.98048383,0.9803841,0.9805349,0.9805221,0.98048615,0.9808558,0.9805285,0.9805159,0.98051363,0.98048437,0.98048806,0.98051107,0.980469,0.9805312,0.9804967,0.980508,0.98052174,0.9806993,0.9804843,0.9805295,0.98049194,0.9803946,0.98051834,0.98049486,0.9805243,0.980599,0.9805603,0.9805002,0.9805131,0.9799083,0.9917185,0.980502,0.98056006,0.9804574,0.9807148,0.9804813,0.9807352,0.9805085,0.98055524,0.98057604,0.98050505,0.98038334,0.980493,0.98050874,0.98046094,0.980485,0.98060876,0.9805374,0.9805499,0.98048985,0.98054814,0.98050535,0.98041815,0.98048466,0.9805457,0.9804077,0.98049396,0.9805285,0.98051554,0.98055494,0.980502,0.980569,0.98049796,0.98054236,0.98049605,0.98052704,0.9804823,0.9804858,0.9804849,0.9804555,0.98046607,0.98039746,0.98049444,0.9804597,0.98058414,0.9806198,0.9804978,0.9805218,0.98034024,0.98049945,0.9805,0.9804966,0.9804967,0.9804953,0.9805112,0.9805026,0.9804615,0.9804839,0.9807093,0.98045355,0.9805099,0.98054904,0.9805298,0.9805244,0.9805071,0.9805455,1.0,0.9805369,0.98049444,0.9804889
ZNF800_HepG2,0.99999994,1.0,1.0,0.99999994,0.99999994,0.99999994,1.0,0.99999994,1.0,0.9999999,1.0,0.9999943,1.0,1.0,1.0,1.0,1.0,1.0,0.99998236,0.99999994,0.9999998,0.99999994,1.0,1.0,0.9999998,0.99999994,1.0,1.0,1.0,0.99999976,1.0,0.99999994,0.99999994,1.0,0.9999906,0.9999876,0.99999994,1.0,0.9999999,0.99999994,1.0,1.0,0.99999994,1.0,1.0,1.0,0.99999994,1.0,1.0,0.99999994,1.0,0.99999994,0.99999994,1.0,0.99999994,1.0,0.7306741,1.0,0.99999994,0.99999994,1.0,1.0,1.0,0.9999992,1.0,1.0,1.0,0.99999994,1.0,1.0,1.0,1.0,0.99999994,0.99999994,1.0,1.0,1.0,0.99999994,0.99999994,1.0,0.99999857,0.99999994,1.0,0.99999845,1.0,1.0,1.0,1.0,0.9999997,0.99999017,0.99999994,1.0,1.0,0.99999994,1.0,0.9999999,1.0,0.9967564,1.0,0.99999994,0.9999999,0.99925977,0.9988016,1.0,1.0,0.5506813,1.0,0.99999994,0.99999994,1.0,0.99999994,0.99999994,0.99999946,1.0,0.99999994,1.0,1.0,1.0,1.0,1.0,0.99999994,0.99999994,1.0,0.99999994,0.9999997,1.0,1.0,0.99999994,0.9999987,1.0,1.0,1.0,0.99999994,0.99999994,1.0,0.99999994,1.0,1.0,1.0,1.0,0.99999964,0.99999994,1.0,1.0,0.99999976,1.0,1.0,1.0,0.99999994,1.0,1.0,1.0,0.99999493,0.99763197,1.0,1.0,0.99999994,0.9999996,0.99999994,0.99999946,1.0,1.0,1.0,1.0,0.9999997,1.0,1.0,0.99999994,0.99999994,0.99999994,1.0,1.0,1.0,1.0,1.0,0.9999998,0.99999994,1.0,0.99999976,1.0,1.0,1.0,1.0,1.0,1.0,1.0,1.0,1.0,1.0,0.99999994,0.99999994,0.99999994,0.99999994,0.99999994,0.99999976,1.0,0.99999994,1.0,0.99999994,1.0,1.0,0.9999995,1.0,1.0,1.0,1.0,1.0,1.0,1.0,0.99999994,0.99999994,0.99999964,0.9999999,1.0,1.0,1.0,1.0,1.0,1.0,0.9805369,1.0,1.0,0.99999994
ZNF800_K562,1.0,0.99999994,1.0,0.9999999,1.0,1.0,1.0,1.0,1.0,0.99999976,0.9999999,0.999995,1.0,0.99999994,1.0,1.0,1.0,1.0,0.99998105,1.0,0.99999994,0.9999998,1.0,1.0,0.9999997,1.0,1.0,1.0,1.0,0.99999964,1.0,1.0,1.0,1.0,0.9999915,0.9999865,1.0,0.99999994,0.9999997,1.0,1.0,1.0,1.0,1.0,1.0,1.0,0.9999999,1.0,0.99999994,1.0,1.0,1.0,1.0,1.0,1.0,1.0,0.7305264,1.0,1.0,1.0,1.0,1.0,1.0,0.9999989,1.0,1.0,1.0,1.0,1.0,1.0,1.0,1.0,0.9999998,1.0,1.0,1.0,1.0,1.0,1.0,1.0,0.9999982,1.0,1.0,0.9999988,1.0,1.0,1.0,0.99999994,0.9999995,0.9999911,0.9999998,1.0,1.0,0.9999998,1.0,1.0,1.0,0.9967738,1.0,1.0,0.99999994,0.99926805,0.998791,1.0,1.0,0.5508618,1.0,1.0,1.0,1.0,1.0,1.0,0.99999964,0.9999999,1.0,0.99999994,1.0,1.0,1.0,1.0,1.0,1.0,1.0,1.0,0.9999998,1.0,1.0,1.0,0.9999983,1.0,1.0,1.0,1.0,1.0,1.0,1.0,1.0,1.0,1.0,1.0,0.99999946,1.0,1.0,1.0,0.9999999,1.0,1.0,1.0,0.9999999,0.99999994,1.0,1.0,0.9999956,0.99761707,1.0,0.99999994,1.0,0.99999934,1.0,0.9999992,1.0,0.99999994,0.99999994,1.0,0.9999998,1.0,1.0,1.0,1.0,0.9999998,1.0,0.99999994,1.0,0.99999994,1.0,0.99999994,1.0,0.99999994,0.9999999,1.0,1.0,1.0,0.99999994,1.0,0.99999994,1.0,0.99999994,1.0,1.0,1.0,1.0,1.0,1.0,1.0,0.9999999,1.0,1.0,0.9999999,0.9999998,1.0,1.0,0.9999997,1.0,1.0,1.0,1.0,1.0,1.0,1.0,1.0,1.0,0.9999994,1.0,1.0,0.99999994,1.0,1.0,1.0,0.99999994,0.98049444,1.0,1.0,1.0
ZRANB2_K562,1.0,0.99999994,1.0,0.9999999,1.0,1.0,1.0,1.0,1.0,0.99999976,0.9999999,0.99999505,1.0,0.99999994,1.0,1.0,1.0,1.0,0.99998087,1.0,0.99999994,0.9999998,1.0,1.0,0.9999997,1.0,1.0,1.0,1.0,0.9999996,1.0,1.0,1.0,1.0,0.9999916,0.99998635,1.0,0.99999994,0.9999997,1.0,1.0,1.0,1.0,1.0,1.0,1.0,0.9999999,0.99999994,0.99999994,1.0,0.99999994,1.0,1.0,1.0,1.0,1.0,0.7305072,1.0,1.0,1.0,1.0,1.0,1.0,0.9999989,1.0,1.0,1.0,1.0,1.0,1.0,1.0,1.0,0.9999998,1.0,1.0,0.99999994,1.0,1.0,1.0,1.0,0.99999815,1.0,1.0,0.99999887,1.0,1.0,1.0,0.99999994,0.9999995,0.99999124,0.9999998,1.0,1.0,0.9999998,1.0,1.0,1.0,0.99677604,1.0,1.0,1.0,0.9992691,0.99878955,1.0,1.0,0.55088526,1.0,1.0,1.0,1.0,1.0,1.0,0.9999997,0.9999999,1.0,0.9999999,1.0,1.0,0.99999994,1.0,1.0,1.0,1.0,1.0,0.9999999,1.0,1.0,1.0,0.9999982,1.0,1.0,1.0,1.0,1.0,1.0,1.0,1.0,1.0,1.0,1.0,0.9999994,1.0,1.0,1.0,0.9999999,1.0,1.0,1.0,0.9999998,0.99999994,1.0,1.0,0.9999957,0.99761516,1.0,0.99999994,1.0,0.99999934,1.0,0.9999992,1.0,0.99999994,0.9999999,1.0,0.9999999,1.0,1.0,1.0,1.0,0.9999998,0.99999994,0.99999994,1.0,0.99999994,1.0,0.99999994,1.0,0.99999994,0.99999994,1.0,1.0,1.0,0.99999994,1.0,0.99999994,1.0,0.99999994,1.0,1.0,1.0,1.0,1.0,1.0,1.0,0.9999999,1.0,1.0,0.9999999,0.99999976,1.0,1.0,0.9999997,1.0,1.0,1.0,1.0,1.0,1.0,1.0,1.0,1.0,0.99999934,1.0,1.0,0.99999994,1.0,1.0,1.0,0.99999994,0.9804889,0.99999994,1.0,1.0
