sequence_index,pearson_r
0,0.41176724433898926
1,0.3463570177555084
2,0.6296811103820801
3,0.5730622410774231
4,0.13806970417499542
5,0.24839898943901062
6,0.6909573078155518
7,0.5890372395515442
8,0.5051184892654419
9,0.4377910792827606
10,0.2893620729446411
11,0.19414538145065308
12,0.6290480494499207
13,0.1292031705379486
14,0.3348115086555481
15,0.3981936573982239
16,0.711719810962677
17,0.37332072854042053
18,0.6059838533401489
19,0.4757393002510071
20,0.49953073263168335
21,0.48693931102752686
22,0.3356684744358063
23,0.5485227108001709
24,0.14118489623069763
25,0.25518402457237244
26,0.5408952236175537
27,0.7966549396514893
28,0.49600842595100403
29,0.5982504487037659
30,0.18253280222415924
31,0.31843164563179016
32,0.310383141040802
33,0.5692025423049927
34,0.4058655798435211
35,0.32155662775039673
36,0.5498507618904114
37,0.14284095168113708
38,0.15528976917266846
39,0.6839100122451782
40,0.5288744568824768
41,0.5650323629379272
42,0.39673975110054016
43,0.6496589779853821
44,0.5802794098854065
45,0.4816703200340271
46,0.19266465306282043
47,0.18364104628562927
48,0.5324140787124634
49,0.18406909704208374
50,0.5459117293357849
51,0.4134698212146759
52,0.6138184070587158
53,0.25083598494529724
54,0.6157951951026917
55,0.6673192977905273
56,0.2954927980899811
57,0.4133100211620331
58,0.43263864517211914
59,0.5903493165969849
60,0.4540098011493683
61,0.17230816185474396
62,0.31042060256004333
63,0.3813173174858093
64,0.5140781402587891
65,0.5760497450828552
66,0.45162156224250793
67,0.3900386095046997
68,0.46385979652404785
69,0.4407672584056854
70,0.394706666469574
71,0.37848609685897827
72,0.44886088371276855
73,0.437246173620224
74,0.49351948499679565
75,0.0505092516541481
76,0.5528656840324402
77,0.5994378924369812
78,0.49254488945007324
79,0.5590895414352417
80,0.5281745791435242
81,0.8598582148551941
82,0.6540529727935791
83,0.05974226072430611
84,0.7466943264007568
85,0.30485644936561584
86,0.3667190670967102
87,0.5445995330810547
88,0.5179924964904785
89,0.5210132598876953
90,0.4601612985134125
91,0.31243497133255005
92,0.4858393967151642
93,0.3733550012111664
94,0.5771914124488831
95,0.5923494100570679
96,0.43424153327941895
97,0.46932724118232727
98,0.45889991521835327
99,0.23985318839550018
100,0.4839976131916046
101,0.5784892439842224
102,0.27494391798973083
103,0.24114561080932617
104,0.4444299638271332
105,0.6692583560943604
106,0.2817752957344055
107,0.48427310585975647
108,0.41757333278656006
109,0.3623974323272705
110,0.28129589557647705
111,0.03852825239300728
112,0.43549084663391113
113,0.288707435131073
114,0.46847736835479736
115,0.3896198868751526
116,0.07976684719324112
117,0.45675113797187805
118,0.5372951626777649
119,0.6324032545089722
120,0.7218774557113647
121,0.4010370969772339
122,0.4491894841194153
123,0.3650560975074768
124,0.3497553765773773
125,0.431522011756897
126,0.30801039934158325
127,0.6281115412712097
128,0.1984725147485733
129,0.4865616261959076
130,0.5712977647781372
131,0.4291306138038635
132,0.40874388813972473
133,0.4296228289604187
134,0.6616785526275635
135,0.5811193585395813
136,0.34000295400619507
137,0.25818324089050293
138,0.2872222661972046
139,0.6346321105957031
140,0.4073631763458252
141,0.4123609662055969
142,0.39881905913352966
143,0.62077796459198
144,0.23691661655902863
145,0.45270317792892456
146,0.1911022663116455
147,0.5252972841262817
148,0.5851678848266602
149,0.5923476219177246
150,0.6557060480117798
151,0.500133752822876
152,0.27776801586151123
153,-0.006827117409557104
154,0.3618584871292114
155,0.4605906307697296
156,0.5410899519920349
157,0.3205209970474243
158,0.703563928604126
159,0.1870805323123932
160,0.6306784152984619
161,0.6398317217826843
162,0.4960983395576477
163,0.6873192191123962
164,0.3349626362323761
165,0.33973029255867004
166,0.1349327713251114
167,0.4023686945438385
168,0.15445443987846375
169,0.7161164283752441
170,0.5756892561912537
171,0.5707752108573914
172,0.5538970232009888
173,0.3370315730571747
174,0.27016761898994446
175,0.4845692813396454
176,0.6204507946968079
177,0.49243029952049255
178,0.45310115814208984
179,0.31587979197502136
180,0.4420102834701538
181,0.7060179114341736
182,0.44693684577941895
183,0.5215200185775757
184,0.3919781744480133
185,0.531502366065979
186,-0.0760282650589943
187,0.6555359363555908
188,0.31499338150024414
189,0.3452497124671936
190,0.4228460490703583
191,0.2528708577156067
192,0.5995107889175415
193,0.47742563486099243
194,0.5694515109062195
195,0.3862169682979584
196,0.425500750541687
197,0.29031309485435486
198,0.7014182806015015
199,0.4416089355945587
200,0.5231741070747375
201,0.4156217873096466
202,0.7924157381057739
203,0.5499758124351501
204,0.21040812134742737
205,0.339550256729126
206,0.4036198556423187
207,0.493055522441864
208,0.4941510856151581
209,0.5235653519630432
210,0.6066194772720337
211,0.6573476791381836
212,0.3277650773525238
213,0.4396040439605713
214,0.28961649537086487
215,0.3676761984825134
216,0.22685261070728302
217,0.2863808870315552
218,0.03194339945912361
219,0.5569530725479126
220,0.5937244296073914
221,0.5309150218963623
222,0.6030166149139404
223,0.36332035064697266
224,0.706450343132019
225,0.15657995641231537
226,0.30218860507011414
227,0.47727006673812866
228,0.40404751896858215
229,0.3649636209011078
230,0.48315173387527466
231,0.6394267678260803
232,0.2485145926475525
233,0.2673128843307495
234,0.12452032417058945
235,0.24747230112552643
236,0.4247288107872009
237,0.4641333520412445
238,0.4044482707977295
239,0.5176998972892761
240,0.6405537128448486
241,0.41088226437568665
242,0.33629080653190613
243,0.6790873408317566
244,0.4053809642791748
245,0.5815985202789307
246,0.4466964900493622
247,0.488391637802124
248,0.42042261362075806
249,0.6233353018760681
250,0.4919010400772095
251,0.3888280689716339
252,0.6152291893959045
253,0.6171516180038452
254,0.4148317873477936
255,0.5571295619010925
256,0.15541867911815643
257,0.3745753765106201
258,0.352979838848114
259,0.7421420812606812
260,0.6438450813293457
261,0.41135916113853455
262,0.6668412685394287
263,0.40423086285591125
264,0.5100159645080566
265,0.713712751865387
266,0.3187004327774048
267,0.31010040640830994
268,0.3322903513908386
269,0.2392018437385559
270,0.5293661952018738
271,0.4345535635948181
272,0.2698701322078705
273,0.5071620345115662
274,0.2301611453294754
275,0.4193178415298462
276,0.4176830053329468
277,0.5324264764785767
278,0.528628408908844
279,0.5431498885154724
280,0.5279033780097961
281,0.4067668318748474
282,0.28988611698150635
283,0.7627798318862915
284,0.5848851799964905
285,0.4787059724330902
286,0.47299572825431824
287,0.3914624750614166
288,0.7540146112442017
289,0.2862372100353241
290,0.25310018658638
291,0.352863073348999
292,0.7035566568374634
293,0.3452179729938507
294,0.6489693522453308
295,0.6356796622276306
296,0.5891576409339905
297,0.2264600247144699
298,0.6716485619544983
299,0.535376787185669
300,0.3506874740123749
301,0.46353358030319214
302,0.36679697036743164
303,0.4410568177700043
304,0.48833420872688293
305,0.7115140557289124
306,0.22884264588356018
307,0.521912157535553
308,0.6663002967834473
309,0.5353901982307434
310,0.34886133670806885
311,0.7277109026908875
312,0.17862389981746674
313,0.3094917833805084
314,0.2933048605918884
315,0.19164378941059113
316,0.8734748363494873
317,0.7294349074363708
318,0.4951822757720947
319,0.445105642080307
320,0.7492578029632568
321,0.39611053466796875
322,0.4139878749847412
323,0.6234659552574158
324,0.313223272562027
325,0.2967216670513153
326,0.3895794749259949
327,0.5148410201072693
328,0.3583604693412781
329,0.5934816598892212
330,0.6669678092002869
331,0.3628813624382019
332,0.6237680315971375
333,0.621605634689331
334,0.11134582757949829
335,0.425798624753952
336,0.2992839813232422
337,0.3089270293712616
338,0.5127934217453003
339,0.5938509106636047
340,0.5103307962417603
341,0.14742489159107208
342,0.3838838040828705
343,0.7461509108543396
344,0.5303543210029602
345,0.7131181955337524
346,0.3297227621078491
347,0.5523796677589417
348,0.4494253695011139
349,0.6255622506141663
350,0.36986541748046875
351,0.6894917488098145
352,0.31453654170036316
353,0.3831523656845093
354,0.49988478422164917
355,0.47079625725746155
356,0.415060818195343
357,0.5558753609657288
358,0.1855868399143219
359,0.40633678436279297
360,0.8132307529449463
361,0.5277758836746216
362,0.30634814500808716
363,0.470295250415802
364,0.3096694350242615
365,0.41325196623802185
366,0.2901872396469116
367,0.7524283528327942
368,0.47751665115356445
369,0.09942427277565002
370,0.6476097702980042
371,0.5074332356452942
372,0.12419893592596054
373,0.6205810904502869
374,0.5657305121421814
375,0.4353008270263672
376,0.33788245916366577
377,0.42024773359298706
378,0.46896111965179443
379,0.46927616000175476
380,0.6425641775131226
381,0.21602095663547516
382,0.5589879155158997
383,0.15213145315647125
384,0.3836705684661865
385,0.18342940509319305
386,0.4811425805091858
387,0.6990390419960022
388,0.27019205689430237
389,0.36156001687049866
390,0.6166247725486755
391,0.5331451296806335
392,0.44411537051200867
393,0.16198015213012695
394,0.5800469517707825
395,0.7509765028953552
396,0.04271074756979942
397,0.6586747169494629
398,0.5465731620788574
399,0.24250327050685883
400,0.4412807822227478
401,0.6414029598236084
402,0.405671626329422
403,0.6341807246208191
404,0.3051556348800659
405,0.46776634454727173
406,0.6736962199211121
407,0.5536690950393677
408,0.23344774544239044
409,0.3216974437236786
410,0.2112012654542923
411,0.40092766284942627
412,0.5690086483955383
413,0.11527670919895172
414,0.3367612659931183
415,0.6275348663330078
416,0.5281819105148315
417,0.6204941868782043
418,0.14136798679828644
419,0.7550927400588989
420,0.5354118943214417
421,0.27496013045310974
422,0.6104472875595093
423,0.3315352499485016
424,0.5846694111824036
425,0.61492919921875
426,0.37326785922050476
427,0.3153088390827179
428,0.5860682725906372
429,0.5222811102867126
430,0.06636966019868851
431,0.4107635021209717
432,0.5392886996269226
433,0.42105185985565186
434,0.2583220899105072
435,0.5579268932342529
436,0.36493799090385437
437,0.5466084480285645
438,0.22353903949260712
439,0.6807302832603455
440,0.4025508165359497
441,0.2966218590736389
442,0.3468286395072937
443,0.6475783586502075
444,0.6963633298873901
445,0.49670732021331787
446,0.49443233013153076
447,0.2996215224266052
448,0.3746277987957001
449,0.5383182168006897
450,0.5407460927963257
451,0.5312179923057556
452,0.7158135175704956
453,0.7218106985092163
454,0.40709924697875977
455,0.24471750855445862
456,0.4691261351108551
457,0.7835396528244019
458,0.47254976630210876
459,0.5764962434768677
460,0.392707496881485
461,0.3662196397781372
462,0.309344083070755
463,0.46980613470077515
464,0.4137999415397644
465,0.5791963338851929
466,0.5803617835044861
467,0.41447657346725464
468,0.388735294342041
469,0.5439316630363464
470,0.1961120367050171
471,0.6121076345443726
472,0.631477952003479
473,0.3726671636104584
474,0.2174282819032669
475,0.6923315525054932
476,0.4113205373287201
477,0.24024634063243866
478,0.3607015609741211
479,0.34473785758018494
480,0.6453914046287537
481,0.6921241283416748
482,0.49632418155670166
483,0.3125419616699219
484,0.5616395473480225
485,0.31903788447380066
486,0.2930231988430023
487,0.41944965720176697
488,0.3533339500427246
489,0.3732582628726959
490,0.4809747040271759
491,0.5823135375976562
492,0.6191201210021973
493,0.5602526664733887
494,0.5702219009399414
495,0.5007732510566711
496,0.11859706789255142
497,0.5162546634674072
498,0.3183407187461853
499,0.5488917231559753
500,0.399434894323349
501,0.6131590604782104
502,0.3615322411060333
503,0.7266862988471985
504,0.7174772620201111
505,0.554441511631012
506,0.683164119720459
507,0.3130126893520355
508,0.4285215735435486
509,0.5051607489585876
510,0.22163544595241547
511,0.2977599501609802
512,0.2518211603164673
513,0.42209723591804504
514,0.17311157286167145
515,0.47574082016944885
516,0.6562936902046204
517,0.3578074872493744
518,0.17396056652069092
519,0.5255561470985413
520,0.37521496415138245
521,0.42546606063842773
522,0.41529807448387146
523,0.4893706440925598
524,0.42103132605552673
525,0.3715752959251404
526,0.11737490445375443
527,0.2870410084724426
528,0.28238534927368164
529,0.2201116681098938
530,0.4259759485721588
531,0.3479131758213043
532,0.41868799924850464
533,0.4143260419368744
534,0.3487391173839569
535,0.5732681751251221
536,0.659080445766449
537,0.4276317059993744
538,0.4738141894340515
539,0.618046224117279
540,0.6209240555763245
541,0.6548479199409485
542,0.39709481596946716
543,0.4193400740623474
544,0.3240019381046295
545,0.3929864466190338
546,0.35242071747779846
547,0.46436938643455505
548,0.19330301880836487
549,0.4802543520927429
550,0.4850538969039917
551,0.34900519251823425
552,0.540124237537384
553,0.2977837920188904
554,0.16864946484565735
555,0.48683086037635803
556,0.3409491777420044
557,0.3958236575126648
558,0.648654580116272
559,0.5681902766227722
560,0.20534421503543854
561,0.27345922589302063
562,0.6012808680534363
563,0.21627135574817657
564,0.45657169818878174
565,0.37454935908317566
566,0.6489178538322449
567,0.3567999005317688
568,0.34854260087013245
569,0.23585858941078186
570,0.3097892999649048
571,0.4307877719402313
572,0.7239171266555786
573,0.7023932933807373
574,0.5457258820533752
575,0.45150136947631836
576,0.30992308259010315
577,0.1791808009147644
578,0.5650379657745361
579,0.41365188360214233
580,0.22799350321292877
581,0.5594963431358337
582,0.6711057424545288
583,0.3471790850162506
584,0.5245816111564636
585,0.5641918778419495
586,0.6043674349784851
587,0.20547625422477722
588,0.39445480704307556
589,0.7139648795127869
590,0.3232511281967163
591,0.4673553705215454
592,0.51118403673172
593,0.4272315502166748
594,0.8144553899765015
595,0.56851726770401
596,0.3298482596874237
597,0.6489882469177246
598,0.3891211450099945
599,0.23780769109725952
600,0.4168856739997864
601,-0.05763867497444153
602,0.5383915901184082
603,0.7968720197677612
604,0.5342760682106018
605,0.6181240081787109
606,0.4307114779949188
607,0.6083414554595947
608,0.45628583431243896
609,0.402128666639328
610,0.36662358045578003
611,0.4143841862678528
612,0.489667683839798
613,0.5483788251876831
614,0.6869293451309204
615,0.27078235149383545
616,0.3883165419101715
617,0.1000894233584404
618,0.5101008415222168
619,0.11238749325275421
620,0.35551717877388
621,0.4756186902523041
622,0.5544227957725525
623,0.5678564310073853
624,0.3702544867992401
625,0.34197717905044556
626,0.529906690120697
627,0.38551849126815796
628,0.41545677185058594
629,0.8390039205551147
630,0.38057345151901245
631,0.41887834668159485
632,0.5785865187644958
633,0.6211119890213013
634,0.4602082073688507
635,0.5036160349845886
636,0.48084691166877747
637,0.2081465721130371
638,0.2827717661857605
639,0.23385101556777954
640,0.6663913130760193
641,0.6496486067771912
642,0.5068732500076294
643,0.43903452157974243
644,0.3482675552368164
645,0.2888447940349579
646,0.15374571084976196
647,0.2986738681793213
648,0.5042966604232788
649,0.3599720299243927
650,0.4666723608970642
651,0.3349086344242096
652,0.6467046141624451
653,0.47590917348861694
654,0.5581423044204712
655,0.6412627100944519
656,0.4345055818557739
657,0.5426352620124817
658,0.5514714121818542
659,0.45574072003364563
660,0.37742283940315247
661,0.6184111833572388
662,0.38122692704200745
663,0.5614112615585327
664,0.5689768195152283
665,0.49842193722724915
666,0.5423809885978699
667,0.30131909251213074
668,0.5044914484024048
669,0.6203987002372742
670,0.5082383751869202
671,0.5898386240005493
672,0.21994143724441528
673,0.2883528470993042
674,0.6056258082389832
675,0.4348805844783783
676,0.4359190762042999
677,0.4974646270275116
678,0.3083934485912323
679,0.46047738194465637
680,0.5056810975074768
681,0.6871541142463684
682,0.1778687685728073
683,0.4787425696849823
684,0.5553520321846008
685,0.42049500346183777
686,0.8230666518211365
687,0.569696307182312
688,0.6031533479690552
689,0.4093218147754669
690,0.690623939037323
691,0.2655603289604187
692,0.4142085015773773
693,0.170882448554039
694,0.27440616488456726
695,0.3894118070602417
696,0.5584621429443359
697,0.299441397190094
698,0.40489912033081055
699,0.31252798438072205
700,0.6174686551094055
701,0.011284226551651955
702,0.32669585943222046
703,0.4454720914363861
704,0.3866395950317383
705,0.3228921890258789
706,0.20099695026874542
707,0.688028872013092
708,0.4506220519542694
709,0.6762634515762329
710,0.5461603403091431
711,0.5785220265388489
712,0.47304245829582214
713,0.29775822162628174
714,0.3512374758720398
715,0.5363326072692871
716,0.568800687789917
717,0.5785059928894043
718,0.4835510551929474
719,0.5853933691978455
720,0.37649402022361755
721,0.4781169593334198
722,0.04729446768760681
723,0.3376583456993103
724,0.49132561683654785
725,0.42986029386520386
726,0.5839821696281433
727,0.048107389360666275
728,0.5303159952163696
729,0.4986967444419861
730,0.44979870319366455
731,0.605308473110199
732,0.5776211619377136
733,0.3466375768184662
734,0.40923309326171875
735,0.7518976926803589
736,0.3898718059062958
737,0.3783662021160126
738,0.3198961019515991
739,0.43679744005203247
740,0.5688620209693909
741,0.437324196100235
742,0.7344234585762024
743,0.7054114937782288
744,0.5526168346405029
745,0.4328731596469879
746,0.5769438743591309
747,0.3407162129878998
748,0.3614238202571869
749,0.6768752336502075
750,0.31056180596351624
751,0.35983631014823914
752,0.3629295527935028
753,0.602938175201416
754,0.5495256781578064
755,0.4458051025867462
756,0.6764888167381287
757,0.8033421039581299
758,0.07354866713285446
759,0.48921990394592285
760,0.5327374935150146
761,0.60059654712677
762,0.4094233810901642
763,0.5317625403404236
764,0.49431514739990234
765,0.5411392450332642
766,0.47655487060546875
767,0.5614515542984009
768,0.6020030975341797
769,0.5840998291969299
770,0.22236335277557373
771,0.2979815900325775
772,0.2191016674041748
773,0.467243492603302
774,0.5033537745475769
775,0.5565792918205261
776,0.40355563163757324
777,0.3297795355319977
778,0.7120721936225891
779,0.5249312520027161
780,0.597939133644104
781,0.5856443643569946
782,0.647931694984436
783,0.47814974188804626
784,0.3675527274608612
785,0.544582188129425
786,0.7466843128204346
787,0.19172155857086182
788,0.2770596742630005
789,0.5290021300315857
790,0.534247100353241
791,0.43643519282341003
792,0.507805585861206
793,0.41246506571769714
794,0.08162770420312881
795,0.5094346404075623
796,0.36085304617881775
797,0.44484129548072815
798,0.5040857195854187
799,0.40925082564353943
800,0.7407793402671814
801,0.4617263972759247
802,0.35306745767593384
803,0.8086193203926086
804,0.5984219908714294
805,0.4042116105556488
806,0.35687053203582764
807,0.4097132384777069
808,0.5467085838317871
809,0.49398350715637207
810,0.517507016658783
811,0.5522848963737488
812,0.384038507938385
813,0.36115002632141113
814,0.5459110140800476
815,0.4306635558605194
816,0.4228791892528534
817,0.47489607334136963
818,0.5829886794090271
819,0.41751566529273987
820,0.41585326194763184
821,0.4696153402328491
822,0.5834519863128662
823,0.32318592071533203
824,0.6224727630615234
825,0.3680787980556488
826,0.32133913040161133
827,0.37800276279449463
828,0.5368584394454956
829,0.6060079336166382
830,0.37064504623413086
831,0.13650919497013092
832,0.4449286460876465
833,0.5309948921203613
834,0.7262592315673828
835,0.46846410632133484
836,0.2887166142463684
837,0.590431272983551
838,0.3830878436565399
839,0.711618959903717
840,0.5623772740364075
841,0.5113723874092102
842,0.5696937441825867
843,0.5643453001976013
844,0.29023054242134094
845,0.31416481733322144
846,0.5376209616661072
847,0.7393820881843567
848,0.680056095123291
849,0.6561722755432129
850,0.3409942090511322
851,0.5114284157752991
852,0.40234604477882385
853,0.26308026909828186
854,0.44427984952926636
855,0.602508008480072
856,0.15289254486560822
857,0.4235980212688446
858,0.4553661048412323
859,0.41050687432289124
860,0.5026990175247192
861,0.2325625717639923
862,0.2643517553806305
863,0.5467275977134705
864,0.7219043374061584
865,0.32332390546798706
866,0.4423687756061554
867,0.6502996683120728
868,0.45374444127082825
869,0.559421956539154
870,0.5583669543266296
871,0.35885387659072876
872,0.19796930253505707
873,0.5177228450775146
874,0.3693971335887909
875,0.5742714405059814
876,0.47048771381378174
877,0.4918537437915802
878,0.30834686756134033
879,0.46927255392074585
880,0.5250767469406128
881,0.6632720232009888
882,0.07009377330541611
883,0.40800997614860535
884,0.3729420304298401
885,0.5448716878890991
886,0.5485309362411499
887,0.4996127784252167
888,0.5540292859077454
889,0.5797786712646484
890,0.28225722908973694
891,0.5093590021133423
892,0.2453322857618332
893,0.2904897928237915
894,0.19200724363327026
895,0.5532857775688171
896,0.4295700192451477
897,0.262093186378479
898,0.2753222584724426
899,0.022833531722426414
900,0.7139546871185303
901,0.49337053298950195
902,0.08525944501161575
903,0.5175637006759644
904,0.6505706310272217
905,0.5246785283088684
906,0.46364372968673706
907,0.624764621257782
908,0.22428925335407257
909,0.5501885414123535
910,0.3927561342716217
911,0.38665273785591125
912,0.4438251554965973
913,0.19241268932819366
914,0.5412134528160095
915,0.1942860633134842
916,0.21209630370140076
917,0.2660450339317322
918,0.10088177025318146
919,0.310930073261261
920,0.40662819147109985
921,0.7449029684066772
922,0.47616198658943176
923,0.6373939514160156
924,0.14984522759914398
925,0.310160368680954
926,0.4434718191623688
927,0.175315722823143
928,0.5795003175735474
929,0.5374497175216675
930,0.4121178984642029
931,0.35933345556259155
932,0.3042628765106201
933,0.48916900157928467
934,0.5625677704811096
935,0.6195028424263
936,0.3611418604850769
937,0.5410947203636169
938,0.08227846771478653
939,0.39431706070899963
940,0.5800074338912964
941,0.5492005944252014
942,0.5112490057945251
943,0.4828648567199707
944,0.5093440413475037
945,0.14765258133411407
946,0.4253650903701782
947,0.19431641697883606
948,0.4935948848724365
949,0.5474269986152649
950,0.25115853548049927
951,0.7741358280181885
952,0.7174510955810547
953,0.07036389410495758
954,0.6179304718971252
955,0.46820080280303955
956,0.597661018371582
957,0.3180287182331085
958,0.4025791883468628
959,0.13360483944416046
960,0.22574463486671448
961,0.633329451084137
962,0.4540456235408783
963,0.2986907362937927
964,0.5547242760658264
965,0.6831269860267639
966,0.6856802105903625
967,0.39031264185905457
968,0.14311258494853973
969,0.3568001985549927
970,0.3483649492263794
971,0.3322902321815491
972,0.3133258819580078
973,0.4625241160392761
974,0.43144235014915466
975,0.5426592230796814
976,0.3098727762699127
977,0.3163321316242218
978,0.34281229972839355
979,0.389516681432724
980,0.4086630642414093
981,0.2971588671207428
982,0.48520541191101074
983,0.23167188465595245
984,0.48393532633781433
985,0.30436015129089355
986,0.28047263622283936
987,0.671136200428009
988,0.49440160393714905
989,0.26159384846687317
990,0.40101006627082825
991,0.4993816614151001
992,0.6312766075134277
993,0.5192994475364685
994,0.4932534694671631
995,0.4591330885887146
996,0.5976850986480713
997,0.697079598903656
998,0.7087820768356323
999,0.43933942914009094
1000,0.5455353260040283
1001,0.20600943267345428
1002,0.41370001435279846
1003,0.3164672553539276
1004,0.26398172974586487
1005,0.4102691113948822
1006,0.48072901368141174
1007,0.49862489104270935
1008,0.5397456288337708
1009,0.5903351306915283
1010,0.7295513153076172
1011,0.28250157833099365
1012,0.6156638264656067
1013,0.5114189982414246
1014,0.44032254815101624
1015,0.3187762200832367
1016,0.5987313985824585
1017,0.4213739335536957
1018,0.2892930507659912
1019,0.23750519752502441
1020,0.4809011220932007
1021,0.370057076215744
1022,0.5203800797462463
1023,0.2153523862361908
1024,0.5860676169395447
1025,0.6525741815567017
1026,0.2767965793609619
1027,0.4481998682022095
1028,0.310313880443573
1029,0.4247305691242218
1030,0.43432214856147766
1031,0.3836624324321747
1032,0.5795900821685791
1033,0.4450938403606415
1034,0.10185838490724564
1035,0.5451024174690247
1036,0.6776348948478699
1037,0.607825756072998
1038,0.43187299370765686
1039,0.2916993498802185
1040,0.25840768218040466
1041,0.4665529131889343
1042,0.31467798352241516
1043,0.5413184762001038
1044,0.5110031962394714
1045,0.2965584993362427
1046,0.06646796315908432
1047,0.6224584579467773
1048,0.5888510942459106
1049,0.17741459608078003
1050,0.5656089782714844
1051,0.37922465801239014
1052,0.16132044792175293
1053,0.6786515116691589
1054,0.5088220834732056
1055,0.35293591022491455
1056,0.6965193152427673
1057,0.19464141130447388
1058,0.47013261914253235
1059,0.23127499222755432
1060,0.42048269510269165
1061,0.5645394921302795
1062,0.4433217942714691
1063,0.20384036004543304
1064,0.5604642033576965
1065,0.517771303653717
1066,0.28234270215034485
1067,0.4439990520477295
1068,0.511786162853241
1069,0.5105790495872498
1070,0.23357318341732025
1071,0.2507268786430359
1072,0.33496588468551636
1073,0.16365329921245575
1074,0.6616877317428589
1075,0.5343913435935974
1076,0.3411478102207184
1077,0.3478369414806366
1078,0.6103613376617432
1079,0.7301130890846252
1080,0.6168373823165894
1081,0.1335730403661728
1082,0.45147809386253357
1083,0.3593432307243347
1084,0.5904542207717896
1085,0.4460301697254181
1086,0.3121181130409241
1087,0.3652137815952301
1088,0.4055818021297455
1089,0.5379374623298645
1090,0.36993712186813354
1091,0.47366803884506226
1092,0.23245905339717865
1093,0.4673152267932892
1094,0.46397820115089417
1095,0.49033549427986145
1096,0.49399134516716003
1097,0.49904748797416687
1098,0.5517327785491943
1099,0.3866111636161804
1100,0.5979134440422058
1101,0.27349868416786194
1102,0.4377465844154358
1103,0.497911661863327
1104,0.4500195384025574
1105,0.46351158618927
1106,0.48660528659820557
1107,0.5868255496025085
1108,0.1351599097251892
1109,0.5039064884185791
1110,0.3535018265247345
1111,0.7131031155586243
1112,0.5268922448158264
1113,0.2113018035888672
1114,0.3852708637714386
1115,0.53660649061203
1116,0.5128822326660156
1117,0.23654870688915253
1118,0.32420244812965393
1119,0.5750759840011597
1120,0.5418816208839417
1121,0.4820622503757477
1122,0.6277848482131958
1123,0.3025580942630768
1124,0.20072755217552185
1125,0.36499255895614624
1126,0.590045690536499
1127,0.5061682462692261
1128,0.451625257730484
1129,0.2859468162059784
1130,0.3875862658023834
1131,0.47047218680381775
1132,0.5673012733459473
1133,0.5752699971199036
1134,0.5345262289047241
1135,0.45454874634742737
1136,0.3326021432876587
1137,0.4982921779155731
1138,0.40858304500579834
1139,0.4382338225841522
1140,0.36908823251724243
1141,0.20651668310165405
1142,0.1923505961894989
1143,0.29578545689582825
1144,0.6434037089347839
1145,0.5703688263893127
1146,0.4716123342514038
1147,0.4155489504337311
1148,0.4470594823360443
1149,0.4324954152107239
1150,0.708241879940033
1151,0.5063857436180115
1152,0.33107516169548035
1153,0.5365635752677917
1154,0.6094857454299927
1155,0.35455578565597534
1156,0.6415857076644897
1157,0.22264008224010468
1158,0.16254231333732605
1159,0.20836849510669708
1160,0.47645699977874756
1161,0.4601874351501465
1162,0.3323958218097687
1163,0.06775625050067902
1164,0.4055701196193695
1165,0.8258316516876221
1166,0.39399367570877075
1167,0.35685208439826965
1168,0.2358616143465042
1169,0.6804700493812561
1170,0.49870941042900085
1171,0.42656368017196655
1172,0.4984588027000427
1173,0.49050813913345337
1174,0.6449548006057739
1175,0.10243093967437744
1176,0.4910058081150055
1177,0.5609658360481262
1178,0.6191731095314026
1179,0.5616453886032104
1180,0.37305760383605957
1181,0.7804307341575623
1182,0.20927201211452484
1183,0.17504942417144775
1184,0.5531071424484253
1185,0.34608086943626404
1186,0.21419556438922882
1187,0.35884931683540344
1188,0.5075104832649231
1189,0.7703866362571716
1190,0.5106291174888611
1191,0.4757806062698364
1192,0.43891432881355286
1193,0.17334531247615814
1194,0.026766806840896606
1195,0.3872804343700409
1196,0.5932609438896179
1197,0.42429599165916443
1198,0.32492613792419434
1199,0.621339738368988
1200,0.17346544563770294
1201,0.42484739422798157
1202,0.4907588064670563
1203,0.34032368659973145
1204,0.543044924736023
1205,0.4689745604991913
1206,0.6859263181686401
1207,0.29518648982048035
1208,0.07694616913795471
1209,0.2868352234363556
1210,0.4472712278366089
1211,0.3889022469520569
1212,0.3170671761035919
1213,0.5480783581733704
1214,0.6220527291297913
1215,0.6490087509155273
1216,0.3874731957912445
1217,0.16915598511695862
1218,0.3990735709667206
1219,0.5103539824485779
1220,0.3759584128856659
1221,0.6547195911407471
1222,0.22750714421272278
1223,0.4793376624584198
1224,0.7083936929702759
1225,0.6576785445213318
1226,0.3280632495880127
1227,0.4809109568595886
1228,0.41632720828056335
1229,0.2714557647705078
1230,0.47340908646583557
1231,0.19516535103321075
1232,0.16201180219650269
1233,0.45074462890625
1234,0.5014200806617737
1235,0.42808935046195984
1236,0.537290632724762
1237,0.3130742609500885
1238,0.5656863451004028
1239,0.25595277547836304
1240,0.5989550948143005
1241,0.3987812399864197
1242,0.22129055857658386
1243,0.4907390773296356
1244,0.41756999492645264
1245,0.48109370470046997
1246,0.044983696192502975
1247,0.49508848786354065
1248,0.4791514277458191
1249,0.5555825233459473
1250,0.3257850706577301
1251,0.3046068251132965
1252,0.5024365782737732
1253,0.535344660282135
1254,0.46300628781318665
1255,0.4110988974571228
1256,0.4235464632511139
1257,0.6424031853675842
1258,0.6568548083305359
1259,0.5360637307167053
1260,0.4149918854236603
1261,0.6367056965827942
1262,0.6829922199249268
1263,0.5372902750968933
1264,0.6888004541397095
1265,0.4097062647342682
1266,0.33568811416625977
1267,0.33148062229156494
1268,0.5077225565910339
1269,0.3119320571422577
1270,0.6211625337600708
1271,0.49397873878479004
1272,0.4785864055156708
1273,0.3854216933250427
1274,0.19756437838077545
1275,0.37616872787475586
1276,0.07984022796154022
1277,0.656553328037262
1278,0.26093024015426636
1279,0.3926454484462738
1280,0.6173815131187439
1281,0.7031601667404175
1282,0.4358837604522705
1283,0.6219375133514404
1284,0.6274764537811279
1285,0.49474242329597473
1286,0.5645579695701599
1287,0.14787665009498596
1288,0.5365803241729736
1289,0.4587588906288147
1290,0.4223092198371887
1291,0.3252573609352112
1292,0.6564092040061951
1293,0.5308687686920166
1294,0.6623783707618713
1295,0.567143440246582
1296,0.22839680314064026
1297,0.4407103955745697
1298,0.29047465324401855
1299,0.5357090830802917
1300,0.2853648364543915
1301,0.5308225154876709
1302,0.17877085506916046
1303,0.6012006402015686
1304,0.15474297106266022
1305,0.25956085324287415
1306,0.205832377076149
1307,0.34924691915512085
1308,0.5058229565620422
1309,0.45384788513183594
1310,0.21608155965805054
1311,0.4352368116378784
1312,0.27261435985565186
1313,0.3323778808116913
1314,0.39471131563186646
1315,0.4574134349822998
1316,0.43584537506103516
1317,0.40464919805526733
1318,0.22560635209083557
1319,0.2819092273712158
1320,0.4276420772075653
1321,0.320681631565094
1322,0.36050161719322205
1323,0.42923852801322937
1324,0.7854496240615845
1325,0.1611880362033844
1326,0.6209220290184021
1327,0.40300285816192627
1328,0.49512457847595215
1329,0.41183724999427795
1330,0.589860737323761
1331,0.3477366864681244
1332,0.4037175476551056
1333,0.39786672592163086
1334,0.5181317925453186
1335,0.3665626645088196
1336,0.43313518166542053
1337,0.4408622682094574
1338,0.2717737853527069
1339,0.13890433311462402
1340,0.3703620135784149
1341,0.46443456411361694
1342,0.7285532355308533
1343,0.39707323908805847
1344,0.3070557713508606
1345,0.5875678062438965
1346,0.5928243398666382
1347,0.628665030002594
1348,0.24340809881687164
1349,0.22714419662952423
1350,0.274920791387558
1351,0.3882633447647095
1352,0.45633217692375183
1353,0.4420539438724518
1354,0.3395768105983734
1355,0.24795888364315033
1356,0.3350662291049957
1357,0.548520028591156
1358,0.3004560172557831
1359,0.21268965303897858
1360,0.5270309448242188
1361,0.1133410707116127
1362,0.4984981417655945
1363,0.6146364212036133
1364,0.11577442288398743
1365,0.41774338483810425
1366,0.3490356206893921
1367,0.31055283546447754
1368,0.5418872237205505
1369,0.46686530113220215
1370,0.19298109412193298
1371,0.18244299292564392
1372,0.2376156747341156
1373,0.29110828042030334
1374,0.643913745880127
1375,0.3949829041957855
1376,0.36142730712890625
1377,0.6492959856987
1378,0.47613030672073364
1379,0.7481730580329895
1380,0.2936626672744751
1381,0.5199722647666931
1382,0.2296770215034485
1383,0.5299134254455566
1384,0.3076707124710083
1385,0.13706296682357788
1386,0.6459714770317078
1387,0.5820229053497314
1388,0.2132750302553177
1389,0.3665466904640198
1390,0.5152733325958252
1391,0.5448540449142456
1392,0.5760212540626526
1393,0.14023572206497192
1394,0.34165313839912415
1395,0.6137232780456543
1396,0.4904506504535675
1397,0.18981917202472687
1398,0.8399826884269714
1399,0.5435531735420227
1400,0.7211238145828247
1401,0.36640825867652893
1402,0.6811305284500122
1403,0.3586793839931488
1404,0.1807788759469986
1405,0.5625206232070923
1406,0.45988279581069946
1407,0.5239118337631226
1408,0.3127174973487854
1409,0.6673970818519592
1410,0.35684195160865784
1411,0.45225414633750916
1412,0.3145442605018616
1413,0.4571079909801483
1414,0.36681124567985535
1415,0.3655346930027008
1416,0.4063336253166199
1417,0.34469345211982727
1418,0.11997471749782562
1419,0.15361012518405914
1420,0.5369451642036438
1421,0.3894064128398895
1422,0.3124365508556366
1423,0.3402591347694397
1424,0.5627414584159851
1425,0.14491231739521027
1426,0.5505414009094238
1427,0.697937548160553
1428,0.4417267441749573
1429,0.5272031426429749
1430,0.352703720331192
1431,0.2226841300725937
1432,0.16348713636398315
1433,0.12358850985765457
1434,0.5302268266677856
1435,0.29375791549682617
1436,0.5768906474113464
1437,0.6559240818023682
1438,0.308290034532547
1439,0.3707825243473053
1440,0.6988628506660461
1441,0.4443204402923584
1442,0.31994491815567017
1443,0.5849542617797852
1444,0.49938130378723145
1445,0.4201161563396454
1446,0.40042752027511597
1447,0.4653180241584778
1448,0.34614402055740356
1449,0.3758188784122467
1450,0.4714253544807434
1451,0.32660990953445435
1452,0.14003445208072662
1453,0.4281000792980194
1454,0.3815966844558716
1455,0.48938170075416565
1456,0.36551809310913086
1457,0.5780649781227112
1458,0.419874906539917
1459,0.5703917741775513
1460,0.48995867371559143
1461,0.553490936756134
1462,0.47065332531929016
1463,0.2784169912338257
1464,0.8111501932144165
1465,0.510155200958252
1466,0.2632259726524353
1467,0.1922396719455719
1468,0.35694339871406555
1469,0.3615597188472748
1470,0.757591724395752
1471,0.4981362819671631
1472,0.23296307027339935
1473,0.4168844521045685
1474,0.5434833765029907
1475,0.530474841594696
1476,0.5969085097312927
1477,0.36409634351730347
1478,0.2540780305862427
1479,0.48322349786758423
1480,0.2881312668323517
1481,0.21967171132564545
1482,0.6204784512519836
1483,0.5250900983810425
1484,0.23250208795070648
1485,0.4600440561771393
1486,0.20895031094551086
1487,0.4574373960494995
1488,0.3575451970100403
1489,0.39066818356513977
1490,0.20640505850315094
1491,0.37148118019104004
1492,0.5450790524482727
1493,0.3283379077911377
1494,0.49510085582733154
1495,0.3348909616470337
1496,0.5498341917991638
1497,0.07045547664165497
1498,0.31284892559051514
1499,0.4667750597000122
1500,0.60378098487854
1501,0.46959471702575684
1502,0.031616006046533585
1503,0.38306888937950134
1504,0.5389249324798584
1505,0.15490546822547913
1506,0.4760136604309082
1507,0.36561888456344604
1508,0.3503541946411133
1509,0.4522430896759033
1510,0.37487155199050903
1511,0.4381459653377533
1512,0.2177736461162567
1513,0.20563705265522003
1514,0.3991638422012329
1515,0.45034414529800415
1516,0.29898419976234436
1517,0.494243860244751
1518,0.12826812267303467
1519,0.6512584090232849
1520,0.3269655108451843
1521,0.29540392756462097
1522,0.5094404816627502
1523,0.3137289881706238
1524,0.44482889771461487
1525,0.3725716471672058
1526,0.3526562750339508
1527,0.27974456548690796
1528,0.20461156964302063
1529,0.5154318809509277
1530,0.4579794704914093
1531,0.47411346435546875
1532,0.5128965377807617
1533,0.3966078460216522
1534,0.3655719459056854
1535,0.5065339207649231
1536,0.5053920745849609
1537,0.5333056449890137
1538,0.2593775689601898
1539,0.6810603737831116
1540,0.28675445914268494
1541,0.6432149410247803
1542,0.3108583390712738
1543,0.4350815415382385
1544,0.32604673504829407
1545,0.2810145914554596
1546,0.404012531042099
1547,0.5070896744728088
1548,0.36314257979393005
1549,0.6265820264816284
1550,0.4469389021396637
1551,0.44352808594703674
1552,0.2598676383495331
1553,0.4386734366416931
1554,0.27478930354118347
1555,0.32509714365005493
1556,0.5408658981323242
1557,0.4431884288787842
1558,0.25100216269493103
1559,0.23517613112926483
1560,0.43318432569503784
1561,0.3789764940738678
1562,0.35682106018066406
1563,0.6431877017021179
1564,0.8175608515739441
1565,0.5105108618736267
1566,0.6344196200370789
1567,0.45224523544311523
1568,0.5000842213630676
1569,0.22712500393390656
1570,0.36082229018211365
1571,0.3474230170249939
1572,0.25088590383529663
1573,0.36835038661956787
1574,0.4606311619281769
1575,0.42476901412010193
1576,0.42835378646850586
1577,0.4521077573299408
1578,0.47799918055534363
1579,0.4316192865371704
1580,0.46829140186309814
1581,0.3013900816440582
1582,0.2137640118598938
1583,0.4660911560058594
1584,0.4905714690685272
1585,0.4121791422367096
1586,0.1920105218887329
1587,0.47720858454704285
1588,0.731656014919281
1589,0.5242630839347839
1590,0.4338585138320923
1591,0.23733286559581757
1592,0.6107892394065857
1593,0.6093363165855408
1594,0.6428384184837341
1595,0.40723252296447754
1596,0.4224435091018677
1597,0.3132639527320862
1598,0.3040313720703125
1599,0.46953123807907104
1600,0.41950374841690063
1601,0.4993097186088562
1602,0.5430139899253845
1603,0.4351509213447571
1604,0.657065749168396
1605,0.8654245734214783
1606,0.4941180944442749
1607,0.7237673401832581
1608,0.5949106216430664
1609,0.28338196873664856
1610,0.3956031799316406
1611,0.6528637409210205
1612,0.7740788459777832
1613,0.4957696199417114
1614,0.3396075367927551
1615,0.3542632460594177
1616,0.36385011672973633
1617,0.7612101435661316
1618,0.2877236008644104
1619,0.46115967631340027
1620,0.44177889823913574
1621,0.4960750639438629
1622,0.4524240791797638
1623,0.45017141103744507
1624,0.0867602527141571
1625,0.6841487884521484
1626,0.2418321669101715
1627,0.5534569621086121
1628,0.18481875956058502
1629,0.251196026802063
1630,0.42642703652381897
1631,0.5727112293243408
1632,0.5634391903877258
1633,0.4439781606197357
1634,0.47129926085472107
1635,0.5556508898735046
1636,0.613517165184021
1637,0.43174442648887634
1638,0.567689061164856
1639,0.34100037813186646
1640,0.4866546094417572
1641,0.2438097596168518
1642,0.4334021806716919
1643,0.2369953691959381
1644,0.746310830116272
1645,0.41561880707740784
1646,0.44128283858299255
1647,0.5449101328849792
1648,0.7105739712715149
1649,0.48649701476097107
1650,0.4792908728122711
1651,0.22043372690677643
1652,0.5681455135345459
1653,0.4716385304927826
1654,0.30998119711875916
1655,0.6802430748939514
1656,0.2034028321504593
1657,0.5690686702728271
1658,0.541900634765625
1659,0.4101579189300537
1660,0.44993433356285095
1661,0.3875432014465332
1662,0.7296559810638428
1663,0.33953675627708435
1664,0.5763600468635559
1665,0.30428653955459595
1666,0.2130407989025116
1667,0.20169121026992798
1668,0.6233083009719849
1669,0.6533893942832947
1670,0.3497878909111023
1671,0.7088871002197266
1672,0.6562609672546387
1673,0.3348717987537384
1674,0.6254427433013916
1675,0.43632975220680237
1676,0.18297988176345825
1677,0.48558008670806885
1678,0.6013649702072144
1679,0.3831765949726105
1680,0.6493929624557495
1681,0.450851708650589
1682,0.5281717777252197
1683,0.5001718997955322
1684,0.49997246265411377
1685,0.4254109263420105
1686,0.7203964591026306
1687,0.5340975522994995
1688,0.22660216689109802
1689,0.7045514583587646
1690,0.5784687399864197
1691,0.30333590507507324
1692,0.43647849559783936
1693,0.060346491634845734
1694,0.6988167762756348
1695,0.46751004457473755
1696,0.31280362606048584
1697,0.25328534841537476
1698,0.19647350907325745
1699,0.32104459404945374
1700,0.41500353813171387
1701,0.5570498704910278
1702,0.3648003339767456
1703,0.26320669054985046
1704,-0.03156813234090805
1705,0.10386718809604645
1706,0.32743021845817566
1707,0.45785921812057495
1708,0.36741387844085693
1709,0.41018858551979065
1710,0.4412704408168793
1711,0.4114069938659668
1712,0.6798718571662903
1713,0.3069958984851837
1714,0.10329142957925797
1715,0.26673564314842224
1716,0.398374080657959
1717,0.1018429547548294
1718,0.35594436526298523
1719,0.17262108623981476
1720,0.19249320030212402
1721,0.19205564260482788
1722,0.05514027923345566
1723,0.646839439868927
1724,0.3114089071750641
1725,0.38211673498153687
1726,0.30678680539131165
1727,0.33300894498825073
1728,0.47104647755622864
1729,0.4124671220779419
1730,0.7819585800170898
1731,0.34105658531188965
1732,0.6283342838287354
1733,0.06907110661268234
1734,0.5189952254295349
1735,0.26382166147232056
1736,0.6248028874397278
1737,0.36729398369789124
1738,0.5855004787445068
1739,0.4811220169067383
1740,0.3735786974430084
1741,0.4142093062400818
1742,0.38470929861068726
1743,0.5100929737091064
1744,0.39160826802253723
1745,0.5306866765022278
1746,0.6134405732154846
1747,0.36048412322998047
1748,0.6399881839752197
1749,0.4086390733718872
1750,0.4881835877895355
1751,0.46342733502388
1752,0.566342294216156
1753,0.33301475644111633
1754,0.37447553873062134
1755,0.35928577184677124
1756,0.5139430165290833
1757,0.6662755012512207
1758,0.40368905663490295
1759,0.4089311957359314
1760,0.4409909248352051
1761,0.31694453954696655
1762,0.4808470904827118
1763,0.5200803875923157
1764,0.7510042786598206
1765,0.4314151406288147
1766,0.44169214367866516
1767,0.5810695886611938
1768,0.6226603388786316
1769,0.5734208226203918
1770,0.48336276412010193
1771,0.4577980041503906
1772,0.4722004234790802
1773,0.3434383273124695
1774,0.3065624535083771
1775,0.1669510304927826
1776,0.5099111795425415
1777,0.5115066170692444
1778,0.3795296847820282
1779,0.5893856287002563
1780,0.5564443469047546
1781,0.48165634274482727
1782,0.4281701445579529
1783,0.5757707953453064
1784,0.4646041691303253
1785,0.1758383810520172
1786,0.4384498596191406
1787,0.5134636163711548
1788,0.3334142565727234
1789,0.41684573888778687
1790,0.5235692262649536
1791,0.32245364785194397
1792,0.5582190752029419
1793,0.44510170817375183
1794,0.39619582891464233
1795,0.49681854248046875
1796,0.4944020211696625
1797,0.5274234414100647
1798,0.6233915686607361
1799,0.33921191096305847
1800,0.5022054314613342
1801,0.2632087469100952
1802,0.5933666825294495
1803,0.4705488085746765
1804,0.699677050113678
1805,0.4216521978378296
1806,0.7363453507423401
1807,0.549252450466156
1808,0.28087669610977173
1809,0.28679877519607544
1810,0.1532302349805832
1811,0.2122042328119278
1812,0.3356863856315613
1813,0.32730832695961
1814,0.50678950548172
1815,0.40261349081993103
1816,0.5545457005500793
1817,0.5734004974365234
1818,0.13591882586479187
1819,0.28381043672561646
1820,0.5574209690093994
1821,0.5178888440132141
1822,0.6926867365837097
1823,0.30003535747528076
1824,-0.023082591593265533
1825,0.5146390199661255
1826,0.4402766823768616
1827,0.5773769617080688
1828,0.46433180570602417
1829,0.4474624693393707
1830,0.5582275986671448
1831,0.2822389006614685
1832,0.3114345967769623
1833,0.23734350502490997
1834,0.340973824262619
1835,0.8601449131965637
1836,0.2880742847919464
1837,0.4194866418838501
1838,0.5679694414138794
1839,0.0338284932076931
1840,0.3768065869808197
1841,0.2471170723438263
1842,0.504984974861145
1843,0.6824195384979248
1844,0.6699336767196655
1845,0.6232381463050842
1846,0.2247595489025116
1847,0.5233365893363953
1848,0.5072570443153381
1849,0.47447261214256287
1850,0.5293254852294922
1851,0.5663975477218628
1852,0.1864401400089264
1853,0.41998091340065
1854,0.5568134188652039
1855,0.5681968927383423
1856,0.7361379265785217
1857,0.5906826853752136
1858,0.4403933584690094
1859,0.5926850438117981
1860,0.4432419240474701
1861,0.6128271818161011
1862,0.3596174716949463
1863,0.38956665992736816
1864,0.39832061529159546
1865,0.4597785174846649
1866,0.29180216789245605
1867,0.5340573787689209
1868,0.13016299903392792
1869,0.6332128047943115
1870,0.4766789674758911
1871,0.44157901406288147
1872,0.7255383729934692
1873,0.5567896366119385
1874,0.2863774001598358
1875,0.4078664481639862
1876,0.796906590461731
1877,0.3762923777103424
1878,0.2790982127189636
1879,0.6933080554008484
1880,0.29624900221824646
1881,0.4567069411277771
1882,0.21038910746574402
1883,0.07496459037065506
1884,0.5793285965919495
1885,0.270031213760376
1886,0.3748377859592438
1887,0.4490932822227478
1888,0.4985615611076355
1889,0.4507707953453064
1890,0.4249099791049957
1891,0.45432138442993164
1892,0.22763700783252716
1893,0.7891274094581604
1894,0.37015271186828613
1895,0.18334771692752838
1896,0.23524326086044312
1897,0.23863887786865234
1898,0.532440721988678
1899,0.47525912523269653
1900,0.5805890560150146
1901,0.18584071099758148
1902,0.4261528253555298
1903,0.4603416621685028
1904,0.3568268120288849
1905,0.4579799473285675
1906,0.4260978102684021
1907,0.5272909998893738
1908,0.48177725076675415
1909,0.12259995937347412
1910,0.479736328125
1911,0.5115618705749512
1912,0.4470299780368805
1913,0.32680004835128784
1914,0.7056412100791931
1915,0.5016310811042786
1916,0.4592978060245514
1917,0.6733791828155518
1918,0.6032498478889465
1919,0.4243025481700897
1920,0.37808752059936523
1921,0.2586941421031952
1922,0.44615834951400757
1923,0.44575223326683044
1924,0.23412661254405975
1925,0.4856927990913391
1926,0.32576337456703186
1927,0.5546499490737915
1928,0.4980250298976898
1929,0.6659214496612549
1930,0.296218603849411
1931,0.38943228125572205
1932,0.5033293962478638
1933,0.3996589183807373
1934,0.15708935260772705
1935,0.36930087208747864
1936,0.25043126940727234
1937,0.6199613809585571
1938,0.5525252819061279
1939,0.5307056307792664
1940,0.03559538349509239
1941,0.24009452760219574
1942,0.26135432720184326
1943,0.6394322514533997
1944,0.4840950667858124
1945,0.27899330854415894
1946,0.6149356365203857
1947,0.31855207681655884
1948,0.8176406621932983
1949,0.4107162654399872
1950,0.710467517375946
1951,0.43223124742507935
1952,0.15362951159477234
1953,0.5338268876075745
1954,0.41526728868484497
1955,0.5830589532852173
1956,0.5042349100112915
1957,0.3635026216506958
1958,0.7257450222969055
1959,0.2588222920894623
1960,0.44239163398742676
1961,0.6551579833030701
1962,0.41045230627059937
1963,0.2928452491760254
1964,0.18715086579322815
1965,0.492864191532135
1966,0.4266839027404785
1967,0.42312321066856384
1968,0.24434681236743927
1969,0.45485758781433105
1970,0.6673685908317566
1971,0.7042540311813354
1972,0.5251106023788452
1973,0.4285522699356079
1974,0.49551334977149963
1975,0.41731053590774536
1976,0.24714775383472443
1977,0.6002053618431091
1978,0.4152304530143738
1979,0.6073490977287292
1980,0.3873945474624634
1981,0.6116126179695129
1982,0.20692585408687592
1983,0.4533727467060089
1984,0.6599308848381042
1985,0.468753844499588
1986,0.63445645570755
1987,0.1637648046016693
1988,0.6209068894386292
1989,0.6144286394119263
1990,0.42928165197372437
1991,0.573657214641571
1992,0.5736584067344666
1993,0.45579952001571655
1994,0.5417945384979248
1995,0.6179940700531006
1996,0.3433122932910919
1997,0.16179519891738892
1998,0.38979655504226685
1999,0.3355772793292999
2000,0.453093022108078
2001,0.3438609838485718
2002,0.44636088609695435
2003,0.5100353956222534
2004,0.6524305939674377
2005,0.2707589864730835
2006,0.6352130174636841
2007,0.45551589131355286
2008,0.4785026013851166
2009,0.5959301590919495
2010,0.45670807361602783
2011,0.3335990607738495
2012,0.5790485143661499
2013,0.28245633840560913
2014,0.30169883370399475
2015,0.678859531879425
2016,0.3697582483291626
2017,0.2617870271205902
2018,0.5040608048439026
2019,0.3693806827068329
2020,0.03860234469175339
2021,0.5153116583824158
2022,0.30381762981414795
2023,0.40971750020980835
2024,0.4799840450286865
2025,0.5487129092216492
2026,0.3262636363506317
2027,0.38873013854026794
2028,0.49805206060409546
2029,0.6039779782295227
2030,0.5179322361946106
2031,0.38833343982696533
2032,0.4856331944465637
2033,0.33605948090553284
2034,0.44799894094467163
2035,0.579914391040802
2036,0.7467275857925415
2037,0.36510056257247925
2038,0.8240163326263428
2039,0.6533833742141724
2040,0.584404706954956
2041,0.3195471167564392
2042,0.4009307324886322
2043,0.5143735408782959
2044,0.3531397879123688
2045,0.25912097096443176
2046,0.5602217316627502
2047,0.28208860754966736
2048,0.46807706356048584
2049,0.256276935338974
2050,0.5350996255874634
2051,0.7131326794624329
2052,0.6267039775848389
2053,0.10041137039661407
2054,0.5631274580955505
2055,0.7392550110816956
2056,0.5260566473007202
2057,0.4900262653827667
2058,0.3378888666629791
2059,0.6639681458473206
2060,0.36102861166000366
2061,0.42074522376060486
2062,0.47205081582069397
2063,0.6189500689506531
2064,0.47987958788871765
2065,0.6664383411407471
2066,0.39432594180107117
2067,0.48525071144104004
2068,0.3909658193588257
2069,0.477143257856369
2070,0.8210838437080383
2071,0.2710815668106079
2072,0.2619342803955078
2073,0.3466217815876007
2074,0.7463136315345764
2075,0.5474251508712769
2076,0.6058688163757324
2077,0.2734539806842804
2078,0.4634079933166504
2079,0.5195112228393555
2080,0.7533582448959351
2081,0.4427986443042755
2082,0.2640334963798523
2083,0.3902892768383026
2084,0.36336150765419006
2085,0.5642846822738647
2086,0.496269166469574
2087,0.4573284387588501
2088,0.2797088325023651
2089,0.4135700762271881
2090,0.5534119009971619
2091,0.17904624342918396
2092,0.3048323094844818
2093,0.33535417914390564
2094,0.6082809567451477
2095,0.5081175565719604
2096,0.260692834854126
2097,0.6160739660263062
2098,0.42124858498573303
2099,0.388657808303833
2100,0.1810566484928131
2101,0.3183024525642395
2102,0.31932422518730164
2103,0.20497383177280426
2104,0.26750290393829346
2105,0.3927483856678009
2106,0.5033571124076843
2107,0.33777785301208496
2108,0.5064144134521484
2109,0.41395077109336853
2110,0.3556162416934967
2111,0.6243593692779541
2112,0.4296068251132965
2113,0.3867180049419403
2114,0.36930251121520996
2115,0.5473234057426453
2116,0.254700630903244
2117,0.08705322444438934
2118,0.5374760031700134
2119,0.4702143669128418
2120,0.2157411128282547
2121,0.4371998608112335
2122,0.6298114657402039
2123,0.37746310234069824
2124,0.5745090246200562
2125,0.45002591609954834
2126,0.19169597327709198
2127,0.3353022336959839
2128,0.4428049623966217
2129,0.3876377046108246
2130,0.5275689959526062
2131,0.5280489921569824
2132,0.44393983483314514
2133,0.5459597110748291
2134,0.3710848093032837
2135,0.3740027844905853
2136,0.4636656939983368
2137,0.6487953066825867
2138,0.24491190910339355
2139,0.6226146221160889
2140,0.4700026214122772
2141,0.09806303679943085
2142,0.037704575806856155
2143,0.3034323453903198
2144,0.4326570928096771
2145,0.4665352702140808
2146,0.39040955901145935
2147,0.3538455665111542
2148,0.03937879204750061
2149,0.40856093168258667
2150,0.5925613641738892
2151,0.3130629062652588
2152,0.4012535810470581
2153,0.1078682616353035
2154,0.5430565476417542
2155,0.6021732091903687
2156,0.6144201159477234
2157,0.6896589398384094
2158,0.4256633520126343
2159,0.7185006141662598
2160,0.26365041732788086
2161,0.498698890209198
2162,0.3655086159706116
2163,-0.0217701718211174
2164,0.6822088956832886
2165,0.10373024642467499
2166,0.4837377965450287
2167,0.6502346396446228
2168,0.18803448975086212
2169,0.5199076533317566
2170,0.22344186902046204
2171,0.55826336145401
2172,0.425136923789978
2173,0.5719172358512878
2174,0.04429299384355545
2175,0.4958437383174896
2176,0.4877367913722992
2177,0.42673125863075256
2178,0.3836098909378052
2179,0.3448169529438019
2180,0.24820387363433838
2181,0.3600201904773712
2182,0.42658746242523193
2183,0.2485371232032776
2184,0.34185990691185
2185,0.3770328462123871
2186,0.383069783449173
2187,0.518577516078949
2188,0.2202330231666565
2189,0.33613553643226624
2190,0.2533252239227295
2191,0.45048585534095764
2192,0.6082478761672974
2193,0.4478074014186859
2194,0.4294678866863251
2195,0.5005850195884705
2196,0.48178836703300476
2197,0.4948953092098236
2198,0.40846970677375793
2199,0.43667909502983093
2200,0.3087511658668518
2201,0.2927922010421753
2202,0.592902660369873
2203,0.5107948780059814
2204,0.6142891645431519
2205,0.14262594282627106
2206,0.5668615698814392
2207,0.6286707520484924
2208,0.40273022651672363
2209,0.325817734003067
2210,0.3227390944957733
2211,0.4408477246761322
2212,0.2132192850112915
2213,0.5966609120368958
2214,0.23035259544849396
2215,0.3589046001434326
2216,0.5289281010627747
2217,0.4422150254249573
2218,0.3604256212711334
2219,0.7713956236839294
2220,0.46489542722702026
2221,0.3920753300189972
2222,0.34147152304649353
2223,0.6288654804229736
2224,0.5423107743263245
2225,0.6719006299972534
2226,0.23446016013622284
2227,0.4750896692276001
2228,0.1880711019039154
2229,0.48417508602142334
2230,0.3705156743526459
2231,0.3379054367542267
2232,0.6319947242736816
2233,0.7404016256332397
2234,0.27934756875038147
2235,0.21109595894813538
2236,0.7522274851799011
2237,0.578239917755127
2238,0.2577013671398163
2239,0.6134619116783142
2240,0.22138942778110504
2241,-0.050466783344745636
2242,0.3372243642807007
2243,0.40013495087623596
2244,0.610217273235321
2245,0.6861075758934021
2246,0.5588436126708984
2247,0.37419161200523376
2248,0.45982542634010315
2249,0.2739153206348419
2250,0.30899757146835327
2251,0.5123496055603027
2252,0.6309946775436401
2253,0.5835660099983215
2254,0.46944642066955566
2255,0.3621535301208496
2256,0.49901771545410156
2257,0.44778451323509216
2258,0.37909162044525146
2259,0.5487091541290283
2260,0.24014540016651154
2261,0.30621370673179626
2262,0.3346967399120331
2263,0.8197200894355774
2264,0.560347318649292
2265,0.7273617386817932
2266,0.45691704750061035
2267,0.5423663854598999
2268,0.5086647868156433
2269,0.3667680025100708
2270,0.3044288456439972
2271,0.4964894652366638
2272,0.3032616078853607
2273,0.6640490889549255
2274,0.4782021939754486
2275,0.44228675961494446
2276,0.5922738313674927
2277,0.36493414640426636
2278,0.4855450987815857
2279,0.32341450452804565
2280,0.5125572085380554
2281,0.5636031031608582
2282,0.12837469577789307
2283,0.07138142734766006
2284,0.23599158227443695
2285,0.7973299622535706
2286,0.41659778356552124
2287,0.4671306312084198
2288,0.32789185643196106
2289,0.6468505859375
2290,0.4261140525341034
2291,0.16010436415672302
2292,0.44228795170783997
2293,0.5162355899810791
2294,0.5107533931732178
2295,0.3326597809791565
2296,0.21607515215873718
2297,0.4831487536430359
2298,0.38014838099479675
2299,0.19032378494739532
2300,0.3895815312862396
2301,0.6864000558853149
2302,0.17125162482261658
2303,0.29125484824180603
2304,0.3362504541873932
2305,0.1952773928642273
2306,0.37331676483154297
2307,0.7103608250617981
2308,0.2340206503868103
2309,0.48397573828697205
2310,0.6386285424232483
2311,0.34008437395095825
2312,0.6677449345588684
2313,0.2358703464269638
2314,0.38885220885276794
2315,0.5299426913261414
2316,0.5084047317504883
2317,0.5338696241378784
2318,0.22309458255767822
2319,0.4107647240161896
2320,0.4144408404827118
2321,0.3484414219856262
2322,0.4988486170768738
2323,0.5913011431694031
2324,0.14741367101669312
2325,0.399414598941803
2326,0.5953678488731384
2327,0.49239227175712585
2328,0.4258035719394684
2329,0.4827333986759186
2330,0.26458120346069336
2331,0.5283345580101013
2332,0.5617421269416809
2333,0.6157477498054504
2334,0.38073310256004333
2335,0.4324054718017578
2336,0.35528993606567383
2337,0.25935956835746765
2338,0.512457549571991
2339,0.4139857292175293
2340,0.46122974157333374
2341,0.3874075412750244
2342,0.6627423167228699
2343,0.36319246888160706
2344,0.3541967272758484
2345,0.4920210540294647
2346,0.29973462224006653
2347,0.3850376009941101
2348,0.3698144555091858
2349,0.3255192041397095
2350,0.5411856174468994
2351,0.37998560070991516
2352,0.3365474045276642
2353,0.4821697175502777
2354,0.40503138303756714
2355,0.3741370141506195
2356,0.2809734046459198
2357,0.712886393070221
2358,0.3677622377872467
2359,0.3000859022140503
2360,0.6571862697601318
2361,0.2799931764602661
2362,0.3308405876159668
2363,0.2772340774536133
2364,0.5728248357772827
2365,0.3599785268306732
2366,0.5294873714447021
2367,0.4204120635986328
2368,0.4238053262233734
2369,0.46593815088272095
2370,0.5501119494438171
2371,0.54093998670578
2372,0.3706150949001312
2373,0.4020228087902069
2374,0.41739270091056824
2375,0.5466075539588928
2376,0.3547058701515198
2377,0.29313141107559204
2378,0.3954431414604187
2379,0.6108516454696655
2380,0.6731103658676147
2381,0.36546972393989563
2382,0.6366202235221863
2383,0.5148364901542664
2384,0.43761593103408813
2385,0.14410243928432465
2386,0.4771680235862732
2387,0.07390493154525757
2388,0.062160465866327286
2389,0.0739930272102356
2390,0.3654303550720215
2391,0.5003543496131897
2392,0.37579265236854553
2393,0.4732966721057892
2394,0.5199226140975952
2395,0.37809544801712036
2396,0.5487301349639893
2397,0.3175584077835083
2398,0.205910786986351
2399,0.6521089673042297
2400,0.1753225028514862
2401,0.5848817825317383
2402,0.5401884913444519
2403,0.38336944580078125
2404,0.5524032711982727
2405,0.6861189603805542
2406,0.3794810175895691
2407,0.373403400182724
2408,0.4296158254146576
2409,0.5842585563659668
2410,0.44594210386276245
2411,0.18398825824260712
2412,0.6692967414855957
2413,0.6509201526641846
2414,0.22762106359004974
2415,0.5190859436988831
2416,0.5016986727714539
2417,0.5927100777626038
2418,0.530994176864624
2419,0.37550628185272217
2420,0.25326675176620483
2421,0.5866366624832153
2422,0.2477426677942276
2423,0.3038772642612457
2424,0.13796430826187134
2425,0.3971635103225708
2426,0.28236594796180725
2427,0.25468146800994873
2428,0.49096956849098206
2429,0.5017511248588562
2430,0.49407854676246643
2431,0.5943887829780579
2432,0.48374760150909424
2433,0.6036950349807739
2434,0.44798141717910767
2435,0.5047069787979126
2436,0.6141914129257202
2437,0.4830622971057892
2438,0.4300976097583771
2439,0.6220375299453735
2440,0.41568881273269653
2441,0.1756562888622284
2442,0.3836401402950287
2443,0.5992955565452576
2444,0.5955498814582825
2445,0.1503823697566986
2446,0.6706031560897827
2447,0.4536980390548706
2448,0.4008251428604126
2449,0.200996994972229
2450,0.19339875876903534
2451,0.4207155406475067
2452,0.3695923984050751
2453,0.316233366727829
2454,0.48259085416793823
2455,0.7103833556175232
2456,0.42824241518974304
2457,0.11627151072025299
2458,0.34508252143859863
2459,0.4134712815284729
2460,0.3647553324699402
2461,0.3604350984096527
2462,0.33665183186531067
2463,0.7956881523132324
2464,0.5591254830360413
2465,0.6230610609054565
2466,0.2993582785129547
2467,0.3940887451171875
2468,0.5030409693717957
2469,0.6198983192443848
2470,0.3874346911907196
2471,0.311061292886734
2472,0.4123055934906006
2473,0.34911036491394043
2474,0.5279544591903687
2475,0.4377198815345764
2476,0.4366019368171692
2477,0.3069925606250763
2478,0.5169665813446045
2479,0.538551390171051
2480,0.3286893963813782
2481,0.4851001501083374
2482,0.5852534770965576
2483,0.41601404547691345
2484,0.6265929937362671
2485,0.27912530303001404
2486,0.6634724140167236
2487,0.4319290518760681
2488,0.37245839834213257
2489,0.5414528250694275
2490,0.23220650851726532
2491,0.3801245391368866
2492,0.667303740978241
2493,0.5291464924812317
2494,0.6138423681259155
2495,0.3652457296848297
2496,0.3714548349380493
2497,0.35565412044525146
2498,0.5709748864173889
2499,0.8083826303482056
2500,0.6549148559570312
2501,0.25878164172172546
2502,0.5185302495956421
2503,0.5068652033805847
2504,0.05856861174106598
2505,0.4891917407512665
2506,0.4768238365650177
2507,0.49977126717567444
2508,0.43094828724861145
2509,0.4174853563308716
2510,0.36636272072792053
2511,0.643783688545227
2512,0.7245832681655884
2513,0.21725064516067505
2514,0.6334459781646729
2515,0.23016496002674103
2516,0.716526210308075
2517,0.6708705425262451
2518,0.31394463777542114
2519,0.36947211623191833
2520,0.4431970417499542
2521,0.7096335291862488
2522,0.48167455196380615
2523,0.24862177670001984
2524,0.30058959126472473
2525,0.3307696282863617
2526,0.37572458386421204
2527,0.5184229016304016
2528,0.4558938443660736
2529,0.28722482919692993
2530,0.31860989332199097
2531,0.6207691431045532
2532,0.3882741630077362
2533,0.4889790713787079
2534,0.3336091637611389
2535,0.8209806680679321
2536,0.3001878261566162
2537,0.6359137296676636
2538,0.6410248875617981
2539,0.5278717279434204
2540,0.261408269405365
2541,0.45426666736602783
2542,0.47131380438804626
2543,0.5959431529045105
2544,0.7782775163650513
2545,0.38909831643104553
2546,0.35145103931427
2547,0.24030418694019318
2548,0.2724322974681854
2549,0.395113468170166
2550,0.3383534550666809
2551,0.3985786736011505
2552,0.32159557938575745
2553,0.09610294550657272
2554,0.4402519762516022
2555,0.6549076437950134
2556,0.14944815635681152
2557,0.25986772775650024
2558,0.3981885015964508
2559,0.7394618391990662
2560,0.5174736976623535
2561,0.5413609743118286
2562,0.7242730259895325
2563,0.2629941999912262
2564,0.2920192778110504
2565,0.23712226748466492
2566,0.5545123815536499
2567,0.14419974386692047
2568,0.4649823307991028
2569,0.44409090280532837
2570,0.6271352767944336
2571,0.46791359782218933
2572,0.2530648112297058
2573,0.47689828276634216
2574,0.48709869384765625
2575,0.38241055607795715
2576,0.319410115480423
2577,0.4155885577201843
2578,0.5473328828811646
2579,0.26532405614852905
2580,0.5138357877731323
2581,0.46904540061950684
2582,0.409829318523407
2583,0.6052700877189636
2584,0.5099479556083679
2585,0.5711584687232971
2586,0.03488617017865181
2587,0.5089684724807739
2588,0.7916349172592163
2589,0.7105486989021301
2590,0.35912078619003296
2591,0.32267114520072937
2592,0.22107961773872375
2593,0.3109908103942871
2594,0.07816308736801147
2595,0.41383445262908936
2596,0.7686107158660889
2597,0.25965607166290283
2598,0.02487899549305439
2599,0.0786842554807663
2600,0.2709216773509979
2601,0.2510431408882141
2602,0.4960390031337738
2603,0.5625312328338623
2604,0.16447430849075317
2605,0.6945690512657166
2606,0.3868194818496704
2607,0.5598223209381104
2608,0.22303825616836548
2609,0.5555939078330994
2610,0.5323636531829834
2611,0.1971006989479065
2612,0.25604888796806335
2613,0.4036352038383484
2614,0.4106700122356415
2615,0.4596506357192993
2616,0.44089755415916443
2617,0.3882775902748108
2618,0.3855634033679962
2619,0.3575607240200043
2620,0.5995580554008484
2621,0.26233360171318054
2622,0.40596818923950195
2623,0.16419635713100433
2624,-0.08625485002994537
2625,0.5933146476745605
2626,0.7211713194847107
2627,0.5716578364372253
2628,0.4784359037876129
2629,0.6627023816108704
2630,0.27364420890808105
2631,0.3531467318534851
2632,0.21680393815040588
2633,0.5910669565200806
2634,0.3721610903739929
2635,0.25726547837257385
2636,0.21207405626773834
2637,0.338870108127594
2638,0.40989264845848083
2639,0.5489723682403564
2640,0.37995070219039917
2641,0.5364339351654053
2642,0.560778021812439
2643,0.2999742329120636
2644,0.7011489868164062
2645,0.3282627463340759
2646,0.7136543393135071
2647,0.6500383615493774
2648,0.33528563380241394
2649,0.41643568873405457
2650,0.5652490854263306
2651,0.4934871792793274
2652,0.3666593134403229
2653,0.4375021457672119
2654,0.6639248132705688
2655,0.5226638317108154
2656,0.16502682864665985
2657,0.30204644799232483
2658,0.31598883867263794
2659,0.5188065767288208
2660,0.46257251501083374
2661,0.4832744598388672
2662,0.36580175161361694
2663,0.3380585014820099
2664,0.5650237202644348
2665,0.6816752552986145
2666,0.7225233912467957
2667,0.7260956764221191
2668,0.4103044867515564
2669,0.26954326033592224
2670,0.524599552154541
2671,0.3229065537452698
2672,0.2149815410375595
2673,0.5672152042388916
2674,0.4476296901702881
2675,0.40117454528808594
2676,0.39687880873680115
2677,0.661524772644043
2678,0.4655534029006958
2679,0.1851804405450821
2680,0.636967122554779
2681,0.3118342459201813
2682,0.28901854157447815
2683,0.5820508599281311
2684,0.3362524211406708
2685,0.6995180249214172
2686,0.4763403534889221
2687,0.39182889461517334
2688,0.7205159664154053
2689,0.47911468148231506
2690,0.40240925550460815
2691,0.5638400912284851
2692,0.111704982817173
2693,0.3905211091041565
2694,0.48471444845199585
2695,0.40720486640930176
2696,0.4296465516090393
2697,0.7158400416374207
2698,0.5729228854179382
2699,0.47732725739479065
2700,0.5853486061096191
2701,0.15174630284309387
2702,0.26429226994514465
2703,0.6276989579200745
2704,0.7014375329017639
2705,0.5179258584976196
2706,0.25598862767219543
2707,0.6203292012214661
2708,0.6032588481903076
2709,0.42588114738464355
2710,0.1815941035747528
2711,0.6502580046653748
2712,0.5971514582633972
2713,0.3381328582763672
2714,0.32504165172576904
2715,0.31355130672454834
2716,0.5300417542457581
2717,0.11947056651115417
2718,0.3441258668899536
2719,0.6235302686691284
2720,0.4762277901172638
2721,0.3506331443786621
2722,0.6985403895378113
2723,0.6217759847640991
2724,0.34564894437789917
2725,0.4737566411495209
2726,0.6127468347549438
2727,0.5200459957122803
2728,0.43598875403404236
2729,0.3556288182735443
2730,0.2238423377275467
2731,0.8186333775520325
2732,0.4035545885562897
2733,0.38508957624435425
2734,0.39149609208106995
2735,0.6028433442115784
2736,0.547037661075592
2737,0.5025508403778076
2738,0.4198886752128601
2739,0.21777793765068054
2740,0.5866596698760986
2741,0.296238511800766
2742,0.4045566916465759
2743,0.402101993560791
2744,0.2552351951599121
2745,0.2738690674304962
2746,0.4194289445877075
2747,0.10228972882032394
2748,0.5980457663536072
2749,0.5640021562576294
2750,0.6260091662406921
2751,0.33013448119163513
2752,0.37857264280319214
2753,0.30445021390914917
2754,0.25858747959136963
2755,0.46220850944519043
2756,0.27844399213790894
2757,0.7657556533813477
2758,0.6741783618927002
2759,0.13905099034309387
2760,0.4961211085319519
2761,0.3855840563774109
2762,0.6254259347915649
2763,0.32010143995285034
2764,0.6999688148498535
2765,0.29071044921875
2766,0.6943910717964172
2767,0.2080133706331253
2768,0.3474157750606537
2769,0.46787959337234497
2770,0.4274909496307373
2771,0.36289969086647034
2772,0.3511011302471161
2773,0.36079999804496765
2774,0.47077056765556335
2775,0.39456838369369507
2776,0.684806764125824
2777,0.3771868348121643
2778,0.3892305791378021
2779,0.3296380639076233
2780,0.5617802739143372
2781,0.7619484066963196
2782,0.5037564039230347
2783,0.37935709953308105
2784,0.2914549708366394
2785,0.6160210967063904
2786,0.1073836013674736
2787,0.4606170058250427
2788,0.5132223963737488
2789,0.7503311038017273
2790,0.5226073265075684
2791,0.2766481041908264
2792,0.4037231206893921
2793,0.26821786165237427
2794,0.4274483919143677
2795,0.5406956672668457
2796,0.2882389724254608
2797,0.36357370018959045
2798,0.5287498235702515
2799,0.45271027088165283
2800,0.3712201714515686
2801,0.4264141023159027
2802,0.39005735516548157
2803,0.41613510251045227
2804,0.5520150661468506
2805,0.3852166533470154
2806,0.5370161533355713
2807,0.530306875705719
2808,0.37133511900901794
2809,0.5467885732650757
2810,0.4999527633190155
2811,0.3009464740753174
2812,0.3649619519710541
2813,0.4002169370651245
2814,0.3726218640804291
2815,0.10947895795106888
2816,0.3479602634906769
2817,0.7007206082344055
2818,0.2868027985095978
2819,0.6625414490699768
2820,0.48117372393608093
2821,0.47509586811065674
2822,0.47222626209259033
2823,0.8028448224067688
2824,0.5511793494224548
2825,0.3280145227909088
2826,0.557235062122345
2827,0.5409836173057556
2828,0.4119475185871124
2829,0.3820500075817108
2830,0.12455286830663681
2831,0.5424879193305969
2832,0.568113386631012
2833,0.4153119623661041
2834,0.5893856287002563
2835,0.4313839077949524
2836,0.5156926512718201
2837,0.5837225914001465
2838,0.46961283683776855
2839,0.35319527983665466
2840,0.5719563364982605
2841,0.4248445928096771
2842,0.3089416027069092
2843,0.6061804890632629
2844,0.719720721244812
2845,0.5260633826255798
2846,0.6599425673484802
2847,0.337862104177475
2848,0.6097626686096191
2849,0.30211374163627625
2850,0.11296302080154419
2851,0.5189976096153259
2852,0.4393865466117859
2853,0.038440391421318054
2854,0.6482462882995605
2855,0.38529172539711
2856,0.3250294625759125
2857,0.4119212329387665
2858,0.18196600675582886
2859,0.8161324262619019
2860,0.5710911750793457
2861,0.49526306986808777
2862,0.5479387640953064
2863,0.6768568158149719
2864,0.4476805329322815
2865,0.32622554898262024
2866,0.5661445260047913
2867,0.656769871711731
2868,0.3971070349216461
2869,0.4226101040840149
2870,0.4758238196372986
2871,0.8735765218734741
2872,0.38105008006095886
2873,0.5172513127326965
2874,0.691038966178894
2875,0.6601992845535278
2876,0.6837102770805359
2877,0.1370723843574524
2878,0.3612399101257324
2879,0.6401559114456177
2880,0.3854856491088867
2881,0.40846073627471924
2882,0.3510710597038269
2883,0.28932327032089233
2884,0.5500786304473877
2885,0.3733487129211426
2886,0.23994682729244232
2887,0.4631100594997406
2888,0.3903001844882965
2889,0.34724822640419006
2890,0.34611770510673523
2891,0.5770465135574341
2892,0.3053973913192749
2893,0.5365845561027527
2894,0.6033021211624146
2895,0.32307010889053345
2896,0.5589216947555542
2897,0.3925113379955292
2898,0.5873205661773682
2899,0.4069657027721405
2900,0.22200821340084076
2901,0.4515262842178345
2902,0.30821025371551514
2903,0.44381505250930786
2904,0.19172555208206177
2905,0.3578236997127533
2906,0.6263742446899414
2907,0.2954557538032532
2908,0.2955056428909302
2909,0.6096882820129395
2910,0.35102084279060364
2911,0.47907745838165283
2912,0.5795319080352783
2913,0.45412182807922363
2914,0.46780434250831604
2915,0.3838297724723816
2916,0.4251136779785156
2917,0.3189641833305359
2918,0.3267003893852234
2919,0.5707516074180603
2920,0.20500274002552032
2921,0.4472326934337616
2922,0.3692117929458618
2923,0.3429868519306183
2924,0.555978000164032
2925,0.2740570902824402
2926,0.4544198215007782
2927,0.5636419057846069
2928,0.11121433228254318
2929,0.3530592918395996
2930,0.5767416954040527
2931,0.5310043096542358
2932,0.42980241775512695
2933,0.18149840831756592
2934,0.29539379477500916
2935,0.542729377746582
2936,0.5283908247947693
2937,0.2670198678970337
2938,0.6321272850036621
2939,0.2600557804107666
2940,0.7141342759132385
2941,0.45901283621788025
2942,0.6089541912078857
2943,0.6435682773590088
2944,0.6366615295410156
2945,0.5717385411262512
2946,0.27160146832466125
2947,0.3982238173484802
2948,0.5241686701774597
2949,0.5382433533668518
2950,0.4137497842311859
2951,0.5206510424613953
2952,0.21357090771198273
2953,0.4679062068462372
2954,0.3302760422229767
2955,0.698711633682251
2956,0.40598243474960327
2957,0.4304826259613037
2958,0.54285728931427
2959,0.4215611517429352
2960,0.3786969482898712
2961,0.40718215703964233
2962,0.4510062336921692
2963,0.5391675233840942
2964,0.5029242634773254
2965,0.5059140920639038
2966,0.27913597226142883
2967,0.8682902455329895
2968,0.34178969264030457
2969,0.33171239495277405
2970,0.5786496996879578
2971,0.5139748454093933
2972,0.35331857204437256
2973,0.17450685799121857
2974,0.5293312072753906
2975,0.17364254593849182
2976,0.2569330334663391
2977,0.6472112536430359
2978,0.34125638008117676
2979,0.4916469156742096
2980,0.5690560340881348
2981,0.35534900426864624
2982,0.48005062341690063
2983,0.5962451696395874
2984,0.42638006806373596
2985,0.5399560928344727
2986,0.23648187518119812
2987,0.36421769857406616
2988,0.5999330282211304
2989,0.5018019080162048
2990,0.2535378634929657
2991,0.6777749061584473
2992,0.5742355585098267
2993,0.37969526648521423
2994,0.5700401067733765
2995,0.38109320402145386
2996,0.5621429681777954
2997,0.4067983031272888
2998,0.493670791387558
2999,0.7456262111663818
3000,0.5236634016036987
3001,0.4800979197025299
3002,0.29551494121551514
3003,0.3692227900028229
3004,0.44281551241874695
3005,0.5991151332855225
3006,0.2154061198234558
3007,0.5160900950431824
3008,0.5508536696434021
3009,0.05103747919201851
3010,0.8642217516899109
3011,0.3909301459789276
3012,0.49335941672325134
3013,0.4110129177570343
3014,0.36932653188705444
3015,0.32614701986312866
3016,0.4121759235858917
3017,0.4141336679458618
3018,0.32437244057655334
3019,0.2489713728427887
3020,0.4748501479625702
3021,0.5720447301864624
3022,0.37579578161239624
3023,0.36880528926849365
3024,0.3571208417415619
3025,0.2858949303627014
3026,0.4421509802341461
3027,0.5778156518936157
3028,0.5980094075202942
3029,0.32334521412849426
3030,0.28958073258399963
3031,0.585911750793457
3032,0.5685585737228394
3033,0.20570698380470276
3034,0.3377683162689209
3035,0.6141526699066162
3036,0.6281031370162964
3037,0.5952163934707642
3038,0.43602973222732544
3039,0.3932095766067505
3040,0.45440399646759033
3041,0.23535573482513428
3042,0.5773841738700867
3043,0.47011515498161316
3044,0.4927939176559448
3045,0.5011699795722961
3046,0.5558622479438782
3047,0.3579442799091339
3048,0.2747642993927002
3049,0.7646573185920715
3050,0.6535954475402832
3051,0.6146838665008545
3052,0.6425920128822327
3053,0.579386293888092
3054,0.5238198637962341
3055,0.39263588190078735
3056,0.4078575670719147
3057,0.5984978079795837
3058,0.532942533493042
3059,0.3935679495334625
3060,0.6155530214309692
3061,0.4627954363822937
3062,0.2672387361526489
3063,0.3106425404548645
3064,0.8541847467422485
3065,0.4164978563785553
3066,0.3292587101459503
3067,0.3677424192428589
3068,0.5378777384757996
3069,0.48895174264907837
3070,0.493609756231308
3071,0.3948844373226166
3072,0.39086535573005676
3073,0.4804198145866394
3074,0.25966736674308777
3075,0.5335159301757812
3076,0.42451906204223633
3077,0.3204009234905243
3078,0.43057629466056824
3079,0.5602043271064758
3080,0.6510407328605652
3081,0.42104485630989075
3082,0.36293888092041016
3083,0.39333271980285645
3084,0.8249490261077881
3085,0.4806923270225525
3086,0.6248526573181152
3087,0.5574693083763123
3088,0.42292752861976624
3089,0.7224627137184143
3090,0.17242032289505005
3091,0.5773171782493591
3092,0.40992501378059387
3093,0.29373931884765625
3094,0.527692973613739
3095,0.403551310300827
3096,0.5675027966499329
3097,0.3895547688007355
3098,0.09886171668767929
3099,0.7288810610771179
3100,0.21254238486289978
3101,0.39723020792007446
3102,0.08558539301156998
3103,0.41234150528907776
3104,0.3408917486667633
3105,0.4341743588447571
3106,0.3956831693649292
3107,0.2863699197769165
3108,0.6867625713348389
3109,0.2567085325717926
3110,0.3919599652290344
3111,0.482474684715271
3112,0.12557253241539001
3113,0.638211727142334
3114,0.15772351622581482
3115,0.631449282169342
3116,0.2927028238773346
3117,0.5440123081207275
3118,0.6710929870605469
3119,0.2790936231613159
3120,0.28975361585617065
3121,0.5406360030174255
3122,0.2213897407054901
3123,0.5939787030220032
3124,0.4818685054779053
3125,0.5416668653488159
3126,0.5803731083869934
3127,0.36435338854789734
3128,0.3237970471382141
3129,0.2763693630695343
3130,0.5598463416099548
3131,0.21547724306583405
3132,0.39554980397224426
3133,0.5126014351844788
3134,0.49143412709236145
3135,0.18736569583415985
3136,0.42269325256347656
3137,0.5797399282455444
3138,0.6161410212516785
3139,0.5163482427597046
3140,0.5627691149711609
3141,0.3595578372478485
3142,0.0611552968621254
3143,0.2809852957725525
3144,0.6795832514762878
3145,0.28649675846099854
3146,0.4218917489051819
3147,0.6129818558692932
3148,0.5843506455421448
3149,0.38400009274482727
3150,0.5146400928497314
3151,0.37757253646850586
3152,0.5697574019432068
3153,0.3816626965999603
3154,0.6031789779663086
3155,0.4864620864391327
3156,0.574474573135376
3157,0.3377402126789093
3158,0.5494857430458069
3159,0.4669492840766907
3160,0.5265253782272339
3161,0.3991217613220215
3162,0.5687065720558167
3163,0.8746509552001953
3164,0.37871477007865906
3165,0.5724970102310181
3166,0.5821841359138489
3167,0.09510797262191772
3168,0.48408031463623047
3169,0.2583933174610138
3170,0.4504930078983307
3171,0.42090895771980286
3172,0.7527851462364197
3173,0.6318039894104004
3174,0.5149793028831482
3175,0.31422340869903564
3176,0.36438313126564026
3177,0.3349188566207886
3178,0.4757561981678009
3179,0.5635684728622437
3180,0.31469571590423584
3181,0.6761812567710876
3182,0.29733818769454956
3183,0.8520448207855225
3184,0.5537153482437134
3185,0.4853454828262329
3186,0.2205847203731537
3187,0.34298157691955566
3188,0.22502459585666656
3189,0.7379029989242554
3190,0.4079836905002594
3191,0.21806779503822327
3192,0.4493948519229889
3193,0.5841202735900879
3194,0.6987250447273254
3195,0.6821087002754211
3196,0.5621336698532104
3197,0.46118229627609253
3198,0.6626973152160645
3199,0.2575448453426361
3200,0.5026624798774719
3201,0.4150485396385193
3202,0.22359472513198853
3203,0.5218090415000916
3204,0.33889004588127136
3205,0.4643978178501129
3206,0.20770031213760376
3207,0.3056132197380066
3208,0.39596810936927795
3209,0.5660760998725891
3210,0.5945995450019836
3211,0.32261353731155396
3212,0.5144917964935303
3213,0.20842954516410828
3214,0.6475808620452881
3215,0.5779207944869995
3216,0.41180774569511414
3217,0.5220031142234802
3218,0.3230239450931549
3219,0.2627890706062317
3220,0.3312317132949829
3221,0.6613119840621948
3222,0.4246247708797455
3223,0.49217119812965393
3224,0.6189634203910828
3225,0.3555847108364105
3226,0.6838533282279968
3227,0.5959749221801758
3228,0.5398113131523132
3229,0.32773861289024353
3230,0.6606425642967224
3231,0.3770063817501068
3232,0.5903728604316711
3233,0.4481496214866638
3234,0.25368747115135193
3235,0.3567991554737091
3236,0.5191382765769958
3237,0.34319233894348145
3238,0.5302087068557739
3239,0.29811814427375793
3240,0.5108660459518433
3241,0.39512166380882263
3242,0.6132320761680603
3243,0.5058766603469849
3244,0.4470215439796448
3245,0.3676639795303345
3246,0.5068974494934082
3247,0.45237717032432556
3248,0.2989623546600342
3249,0.34571439027786255
3250,0.13453485071659088
3251,0.506007730960846
3252,0.2635018527507782
3253,0.6825356483459473
3254,0.2867141366004944
3255,0.6108788251876831
3256,0.3549998104572296
3257,0.41462576389312744
3258,0.360058069229126
3259,0.6333849430084229
3260,0.24110618233680725
3261,0.36820584535598755
3262,0.6975241899490356
3263,0.2953145205974579
3264,0.2861941158771515
3265,0.06353746354579926
3266,0.5117487907409668
3267,0.6836786270141602
3268,0.34066689014434814
3269,0.3866281509399414
3270,0.312934011220932
3271,0.38689514994621277
3272,0.4051024615764618
3273,0.16429536044597626
3274,0.3894411325454712
3275,0.7113050818443298
3276,0.26036205887794495
3277,0.355427622795105
3278,0.4052864611148834
3279,0.4205961525440216
3280,0.267875611782074
3281,0.25709107518196106
3282,0.5719422698020935
3283,0.30512258410453796
3284,0.2965377867221832
3285,0.7802254557609558
3286,0.35297876596450806
3287,0.5685060024261475
3288,0.2940640151500702
3289,0.5132414102554321
3290,0.2861119210720062
3291,0.35753902792930603
3292,0.22484219074249268
3293,0.2629254162311554
3294,0.2716865539550781
3295,0.3563464283943176
3296,0.24346168339252472
3297,0.24547789990901947
3298,0.3472445011138916
3299,0.4266664981842041
3300,0.6525949835777283
3301,0.5034989714622498
3302,0.6731244921684265
3303,0.22081628441810608
3304,0.6272150278091431
3305,0.41654711961746216
3306,0.35357633233070374
3307,0.46702027320861816
3308,0.5411638021469116
3309,0.6894443035125732
3310,0.6986401677131653
3311,0.40660208463668823
3312,0.6115412712097168
3313,0.5100412368774414
3314,0.3521941602230072
3315,0.27842020988464355
3316,0.4942532777786255
3317,0.47911617159843445
3318,0.29916873574256897
3319,0.5310195088386536
3320,0.5505310893058777
3321,0.6345033049583435
3322,0.36767229437828064
3323,0.5868155360221863
3324,0.3234676122665405
3325,0.36472615599632263
3326,-0.026139944791793823
3327,0.38583701848983765
3328,0.5003260374069214
3329,0.26624977588653564
3330,0.4950917065143585
3331,0.5892996191978455
3332,0.5634981393814087
3333,0.3733985424041748
3334,0.5580336451530457
3335,0.4106030762195587
3336,0.5439099669456482
3337,0.47913187742233276
3338,0.3065192401409149
3339,0.5485608577728271
3340,0.4309835135936737
3341,0.23039361834526062
3342,0.6339007019996643
3343,0.13157282769680023
3344,0.2927124500274658
3345,0.6891447305679321
3346,0.38535135984420776
3347,0.4953779876232147
3348,0.6347544193267822
3349,0.5167092084884644
3350,0.35046151280403137
3351,0.5830311179161072
3352,0.43403977155685425
3353,0.39753252267837524
3354,0.23022569715976715
3355,0.21459922194480896
3356,0.5376401543617249
3357,0.31594863533973694
3358,0.4264013469219208
3359,0.5419806241989136
3360,0.26573845744132996
3361,0.5758466720581055
3362,0.49751386046409607
3363,0.7551787495613098
3364,0.5755861401557922
3365,0.4747314751148224
3366,0.7891560792922974
3367,0.5427383184432983
3368,0.6802316904067993
3369,0.4225369095802307
3370,0.2808068096637726
3371,0.5584795475006104
3372,0.12020795047283173
3373,0.3657763600349426
3374,0.38717690110206604
3375,0.5273170471191406
3376,0.729089081287384
3377,0.4378370940685272
3378,0.4527638256549835
3379,0.34580594301223755
3380,0.06639853119850159
3381,0.274114191532135
3382,0.4563814103603363
3383,0.5360463261604309
3384,0.5318940281867981
3385,0.25822532176971436
3386,0.4944969713687897
3387,0.5915773510932922
3388,0.4616085886955261
3389,0.7094029188156128
3390,0.38409748673439026
3391,0.5073271989822388
3392,0.6366125345230103
3393,0.43973973393440247
3394,0.47872689366340637
3395,0.7398932576179504
3396,0.3691837787628174
3397,0.30497458577156067
3398,0.1954784095287323
3399,0.4124108552932739
3400,0.4497106671333313
3401,0.19146431982517242
3402,0.49401912093162537
3403,0.2680247128009796
3404,0.049275267869234085
3405,0.36869388818740845
3406,0.5243074297904968
3407,0.5201709866523743
3408,0.33145737648010254
3409,0.24554920196533203
3410,0.23902039229869843
3411,0.543578565120697
3412,0.7125504016876221
3413,0.5967330932617188
3414,0.3756310045719147
3415,0.4427669644355774
3416,0.5681276917457581
3417,0.5356837511062622
3418,0.5546751022338867
3419,0.44642603397369385
3420,0.17472411692142487
3421,0.6402353644371033
3422,0.5900714993476868
3423,0.3524557948112488
3424,0.511788547039032
3425,0.7247338891029358
3426,0.4143314063549042
3427,0.535807192325592
3428,0.32607775926589966
3429,0.4119475185871124
3430,0.5875434279441833
3431,0.6011739373207092
3432,0.6451541185379028
3433,0.28366854786872864
3434,0.10331236571073532
3435,0.2462417632341385
3436,0.7849844098091125
3437,0.7415815591812134
3438,0.6411409378051758
3439,0.47615569829940796
3440,0.47475335001945496
3441,0.3502909541130066
3442,0.5705093741416931
3443,0.6529813408851624
3444,0.1694600135087967
3445,0.48946261405944824
3446,0.35695815086364746
3447,0.41097041964530945
3448,0.431041419506073
3449,0.6594176888465881
3450,0.5507814884185791
3451,0.42093583941459656
3452,0.7650259733200073
3453,0.48580077290534973
3454,0.6279464960098267
3455,0.346051961183548
3456,0.4980837106704712
3457,0.6145201921463013
3458,0.28271007537841797
3459,0.500808596611023
3460,0.6249455809593201
3461,0.556065022945404
3462,0.3486543595790863
3463,0.4452448785305023
3464,0.1867348849773407
3465,0.8605945110321045
3466,0.31139951944351196
3467,0.23666416108608246
3468,0.5047679543495178
3469,0.46876630187034607
3470,0.0750635415315628
3471,0.6251260638237
3472,0.35776105523109436
3473,0.5528632998466492
3474,0.45989319682121277
3475,0.3072585165500641
3476,0.4876668155193329
3477,0.645124077796936
3478,0.5606834292411804
3479,0.3367656171321869
3480,0.43855997920036316
3481,0.4230929911136627
3482,0.29564204812049866
3483,0.24058781564235687
3484,0.5182811617851257
3485,0.1616491973400116
3486,0.6422892808914185
3487,0.5130847692489624
3488,0.2989455461502075
3489,0.25079643726348877
3490,0.38131585717201233
3491,0.34887459874153137
3492,0.13599936664104462
3493,0.5114151239395142
3494,0.5164750218391418
3495,0.3499975800514221
3496,0.34607383608818054
3497,0.45821213722229004
3498,0.4411948323249817
3499,0.37339478731155396
3500,0.2765635550022125
3501,0.38307487964630127
3502,0.3844565451145172
3503,0.5281133651733398
3504,0.33109772205352783
3505,0.4889720678329468
3506,0.4156399369239807
3507,0.3222852647304535
3508,0.8377412557601929
3509,0.5297502279281616
3510,0.6340065598487854
3511,0.45908379554748535
3512,0.20892448723316193
3513,0.3071978688240051
3514,0.5634543299674988
3515,0.38559985160827637
3516,0.3646003007888794
3517,0.4534584879875183
3518,0.07825231552124023
3519,0.6411576867103577
3520,0.2860617935657501
3521,0.7175284028053284
3522,0.5043512582778931
3523,0.4081522822380066
3524,0.5657936930656433
3525,0.6116882562637329
3526,0.3349764049053192
3527,0.4846881628036499
3528,0.4136708080768585
3529,0.2165357619524002
3530,0.3562251031398773
3531,0.5666792392730713
3532,0.12575793266296387
3533,0.27621394395828247
3534,0.20358379185199738
3535,0.3947860896587372
3536,0.861502468585968
3537,0.4369693100452423
3538,0.6317927837371826
3539,0.3108315169811249
3540,0.5920255780220032
3541,0.41042572259902954
3542,0.4145719110965729
3543,0.6769352555274963
3544,0.7135129570960999
3545,0.43602272868156433
3546,0.43266329169273376
3547,0.3795909285545349
3548,0.3643814027309418
3549,0.5344070196151733
3550,0.4009009301662445
3551,0.3006575405597687
3552,0.32200145721435547
3553,0.4289577901363373
3554,0.3873451352119446
3555,0.4196082055568695
3556,0.5842180848121643
3557,0.4375661015510559
3558,0.600523054599762
3559,0.40448877215385437
3560,0.3644799590110779
3561,0.7788485288619995
3562,0.30377596616744995
3563,0.23019608855247498
3564,0.025187695398926735
3565,0.5815231800079346
3566,0.31768226623535156
3567,0.2842324674129486
3568,0.35448625683784485
3569,0.2346228063106537
3570,0.39527156949043274
3571,0.3811948001384735
3572,0.13811935484409332
3573,0.43855226039886475
3574,0.6079379320144653
3575,0.514570415019989
3576,0.39184173941612244
3577,0.2840655446052551
3578,0.44026345014572144
3579,0.6532513499259949
3580,0.5246187448501587
3581,0.32356250286102295
3582,0.584460973739624
3583,0.5219007730484009
3584,0.6768966913223267
3585,0.5311669111251831
3586,0.6028333306312561
3587,0.19421538710594177
3588,0.40477609634399414
3589,0.672413170337677
3590,0.39782801270484924
3591,0.5298277139663696
3592,0.4328027665615082
3593,0.3945131003856659
3594,0.34151095151901245
3595,0.421756774187088
3596,0.7032806873321533
3597,0.30750805139541626
3598,0.43081673979759216
3599,0.6414132714271545
3600,0.4382328987121582
3601,0.29640671610832214
3602,0.28343942761421204
3603,0.155738964676857
3604,0.7325043678283691
3605,0.311354398727417
3606,0.3711153268814087
3607,0.43251699209213257
3608,0.3676663637161255
3609,0.3985010087490082
3610,0.4188285768032074
3611,0.45847493410110474
3612,0.32681331038475037
3613,0.5616639852523804
3614,0.292176216840744
3615,0.2713553309440613
3616,0.3314596116542816
3617,0.2729741632938385
3618,0.26567351818084717
3619,0.3664759695529938
3620,0.3373815715312958
3621,0.5840218663215637
3622,0.17030978202819824
3623,0.4673951268196106
3624,0.2653804123401642
3625,0.5250744223594666
3626,0.4006021022796631
3627,0.21149058640003204
3628,0.3624421954154968
3629,0.24429050087928772
3630,0.5761258602142334
3631,0.3537910580635071
3632,0.48593971133232117
3633,0.48267218470573425
3634,0.5131386518478394
3635,0.45296940207481384
3636,0.4397830367088318
3637,0.28918567299842834
3638,0.44809773564338684
3639,0.3747498691082001
3640,0.2849186062812805
3641,0.36053842306137085
3642,0.6109861731529236
3643,0.5115401744842529
3644,0.4352732300758362
3645,0.4159765839576721
3646,0.756077229976654
3647,0.5231569409370422
3648,0.37003278732299805
3649,0.2857038080692291
3650,0.35198912024497986
3651,0.35096800327301025
3652,0.2662000358104706
3653,0.7599048018455505
3654,0.7157508730888367
3655,0.07967627793550491
3656,0.35277584195137024
3657,0.6117245554924011
3658,0.44283145666122437
3659,0.37969204783439636
3660,0.1107085570693016
3661,0.4917302131652832
3662,0.6178527474403381
3663,0.38586217164993286
3664,0.6503638625144958
3665,0.6212471127510071
3666,0.5132177472114563
3667,0.4679162800312042
3668,0.08578849583864212
3669,0.41196903586387634
3670,0.23033691942691803
3671,0.6037254333496094
3672,0.11977002024650574
3673,0.4034341275691986
3674,0.5669050216674805
3675,0.790981650352478
3676,0.5118445158004761
3677,0.5943278670310974
3678,0.2840571999549866
3679,0.4774942100048065
3680,0.3643566370010376
3681,0.19886578619480133
3682,0.5264086127281189
3683,0.22831489145755768
3684,0.49859243631362915
3685,0.6797849535942078
3686,0.4617867171764374
3687,0.5831405520439148
3688,0.4548530578613281
3689,0.7079349756240845
3690,0.4482702612876892
3691,0.3493896424770355
3692,0.17668507993221283
3693,0.37387388944625854
3694,0.16951385140419006
3695,0.5240961909294128
3696,0.38481923937797546
3697,0.4685966670513153
3698,0.787067174911499
3699,0.4789827764034271
3700,0.1844147890806198
3701,0.5434838533401489
3702,0.48415103554725647
3703,0.4197571873664856
3704,0.26915213465690613
3705,0.31271371245384216
3706,0.3119605779647827
3707,0.3765462338924408
3708,0.6785100102424622
3709,0.2767650783061981
3710,0.3505636155605316
3711,0.3558393716812134
3712,0.5981451272964478
3713,0.6928291320800781
3714,0.3253754675388336
3715,0.49305951595306396
3716,0.6791285276412964
3717,0.26368191838264465
3718,0.34633201360702515
3719,0.7901257872581482
3720,0.5458313822746277
3721,0.37653905153274536
3722,0.7099280953407288
3723,0.4415284991264343
3724,-0.027020195499062538
3725,0.4645371437072754
3726,0.3589393198490143
3727,0.47368210554122925
3728,0.5913279056549072
3729,0.15946584939956665
3730,0.3860279321670532
3731,0.46732664108276367
3732,0.6931411623954773
3733,0.29715418815612793
3734,0.6909911036491394
3735,0.5446109771728516
3736,0.340429425239563
3737,0.2946830987930298
3738,0.3043796122074127
3739,0.5286379456520081
3740,0.6399573683738708
3741,0.546177864074707
3742,0.5467721223831177
3743,0.5802143216133118
3744,0.3435519337654114
3745,0.5493154525756836
3746,0.4311269223690033
3747,0.12171423435211182
3748,0.467011958360672
3749,0.3775328993797302
3750,0.6837076544761658
3751,0.42989981174468994
3752,0.6573532819747925
3753,0.48030200600624084
3754,0.2928684651851654
3755,0.3291846215724945
3756,0.6835324764251709
3757,0.4313483238220215
3758,0.277748703956604
3759,0.7163227200508118
3760,0.40024009346961975
3761,0.3004414141178131
3762,0.6137439012527466
3763,0.11597125232219696
3764,0.7127630710601807
3765,0.23711824417114258
3766,0.4522603154182434
3767,0.6596938967704773
3768,0.36044013500213623
3769,0.16447104513645172
3770,0.4515557289123535
3771,0.4056164622306824
3772,0.5123233795166016
3773,0.6360873579978943
3774,0.24103528261184692
3775,0.5614356398582458
3776,0.1772225797176361
3777,0.34829461574554443
3778,0.2643600106239319
3779,0.3222860097885132
3780,0.19895213842391968
3781,0.3731319010257721
3782,0.42268770933151245
3783,0.6050382256507874
3784,0.5922799110412598
3785,0.5559318661689758
3786,0.5505443215370178
3787,0.06809104233980179
3788,0.4368041157722473
3789,0.5707383751869202
3790,0.19295993447303772
3791,0.737950325012207
3792,0.6288144588470459
3793,0.5197948217391968
3794,0.44738343358039856
3795,0.4788668155670166
3796,0.5279251933097839
3797,0.31385305523872375
3798,0.42066746950149536
3799,0.34328731894493103
3800,0.46732380986213684
3801,0.45015302300453186
3802,0.38393929600715637
3803,0.4700514078140259
3804,0.6435285806655884
3805,0.40571704506874084
3806,0.7356762290000916
3807,0.6500207781791687
3808,0.4147196114063263
3809,0.3692924678325653
3810,0.42788878083229065
3811,0.35312607884407043
3812,0.5227662920951843
3813,0.28914257884025574
3814,0.3286515772342682
3815,0.22947406768798828
3816,0.6462258100509644
3817,0.6628062129020691
3818,0.2550891637802124
3819,0.5732017159461975
3820,0.4865082800388336
3821,0.3959294557571411
3822,0.4778216481208801
3823,0.5105876326560974
3824,0.4677031338214874
3825,0.1824043095111847
3826,0.6132413744926453
3827,0.5695223808288574
3828,0.42357388138771057
3829,0.502577006816864
3830,0.4577832818031311
3831,0.4896829128265381
3832,0.5681025981903076
3833,0.5490253567695618
3834,0.4092503786087036
3835,0.3472677171230316
3836,0.3429880440235138
3837,0.1853892207145691
3838,0.15465998649597168
3839,0.4781132638454437
3840,0.42054760456085205
3841,0.5232599377632141
3842,0.4830203950405121
3843,0.6292847990989685
3844,0.27061226963996887
3845,0.41787290573120117
3846,0.13094612956047058
3847,0.26198098063468933
3848,0.6552038788795471
3849,0.20581066608428955
3850,0.4974539279937744
3851,0.4047177731990814
3852,0.3703349232673645
3853,0.7316949963569641
3854,0.5607863068580627
3855,0.22553963959217072
3856,0.4163173735141754
3857,0.2177886664867401
3858,0.3201528489589691
3859,0.4394223988056183
3860,0.26829299330711365
3861,0.5271974802017212
3862,0.4661538004875183
3863,0.4103717803955078
3864,0.7105141878128052
3865,0.3955615758895874
3866,0.3717699944972992
3867,0.3562052845954895
3868,0.6236160397529602
3869,0.883197546005249
3870,0.5320920348167419
3871,0.2134745717048645
3872,0.36762768030166626
3873,0.6427439451217651
3874,0.4843900203704834
3875,0.5727212429046631
3876,0.005483069457113743
3877,0.6067951321601868
3878,0.33208319544792175
3879,0.4439699649810791
3880,0.3684084415435791
3881,0.42664098739624023
3882,0.5307706594467163
3883,0.43357133865356445
3884,0.33922478556632996
3885,0.40223002433776855
3886,0.5715417265892029
3887,0.4197388291358948
3888,0.541102409362793
3889,0.512517511844635
3890,0.5900514125823975
3891,0.6031408905982971
3892,0.5378987789154053
3893,0.32530447840690613
3894,0.45106297731399536
3895,0.5692747235298157
3896,0.39607489109039307
3897,0.5316316485404968
3898,0.5876419544219971
3899,0.39667344093322754
3900,0.25649914145469666
3901,0.6589898467063904
3902,0.1659713238477707
3903,0.4394860863685608
3904,0.4822304844856262
3905,0.5517570376396179
3906,0.6002156138420105
3907,0.5200520157814026
3908,0.28723272681236267
3909,0.17805097997188568
3910,0.1750025451183319
3911,0.37191247940063477
3912,0.24780996143817902
3913,0.7200971245765686
3914,0.5855682492256165
3915,0.22211766242980957
3916,0.35962915420532227
3917,0.18262356519699097
3918,0.24992430210113525
3919,0.20943516492843628
3920,0.2298261821269989
3921,0.686080813407898
3922,0.5096912980079651
3923,0.6779870986938477
3924,0.3135603070259094
3925,0.3258025646209717
3926,0.0674511045217514
3927,0.14882805943489075
3928,0.5913325548171997
3929,0.32342493534088135
3930,0.37526294589042664
3931,0.6008361577987671
3932,0.7526236772537231
3933,0.465324729681015
3934,0.4740719199180603
3935,0.543059766292572
3936,0.2551095187664032
3937,0.4386501610279083
3938,0.31950339674949646
3939,0.34992921352386475
3940,0.5053954124450684
3941,0.5300887823104858
3942,0.6924618482589722
3943,0.4366520345211029
3944,0.3318386375904083
3945,0.6214834451675415
3946,0.5256252288818359
3947,0.3134317994117737
3948,0.37602272629737854
3949,0.3523757755756378
3950,0.2781479060649872
3951,0.6175962686538696
3952,0.40329647064208984
3953,0.5856713056564331
3954,0.34342700242996216
3955,0.5250048041343689
3956,0.2798372209072113
3957,0.14024583995342255
3958,0.5287682414054871
3959,0.3890884518623352
3960,0.24752183258533478
3961,0.4164510667324066
3962,0.278117299079895
3963,0.3191259205341339
3964,0.5901098251342773
3965,0.48842909932136536
3966,0.3197835683822632
3967,0.42207610607147217
3968,0.5893255472183228
3969,0.5513630509376526
3970,0.4223957359790802
3971,0.6337210536003113
3972,0.2906716763973236
3973,0.5047206282615662
3974,0.41440916061401367
3975,0.569679319858551
3976,0.38975369930267334
3977,0.7317527532577515
3978,0.375804603099823
3979,0.41514524817466736
3980,0.34414049983024597
3981,0.6154167652130127
3982,0.7398674488067627
3983,0.2788890302181244
3984,0.2616046667098999
3985,-0.06146736815571785
3986,0.4821881949901581
3987,0.530933678150177
3988,0.36424925923347473
3989,0.48433855175971985
3990,0.5146306157112122
3991,0.6266570687294006
3992,0.540324866771698
3993,0.565128743648529
3994,0.4098641276359558
3995,0.4674713909626007
3996,0.5049352049827576
3997,0.38726451992988586
3998,0.47119081020355225
3999,0.31820231676101685
4000,0.7033479809761047
4001,0.48534271121025085
4002,0.8264631628990173
4003,0.5430135130882263
4004,0.49350759387016296
4005,0.3048790991306305
4006,0.5292115807533264
4007,0.4500020444393158
4008,0.20055346190929413
4009,0.7264759540557861
4010,0.3040907680988312
4011,0.4168838560581207
4012,0.6493481397628784
4013,0.4080127775669098
4014,0.5409489274024963
4015,0.41694357991218567
4016,0.3895804286003113
4017,0.6323270201683044
4018,0.4387339651584625
4019,0.6549414396286011
4020,0.4797619581222534
4021,0.32884514331817627
4022,0.30567285418510437
4023,0.5188162326812744
4024,0.646325409412384
4025,0.4420972764492035
4026,0.49134281277656555
4027,0.4636705815792084
4028,0.1792866587638855
4029,0.5122825503349304
4030,0.1753842532634735
4031,0.22028189897537231
4032,0.4971562325954437
4033,0.40246856212615967
4034,0.3479870855808258
4035,0.45095399022102356
4036,0.5352981090545654
4037,0.3746403753757477
4038,0.4043020009994507
4039,0.49473169445991516
4040,0.3688945472240448
4041,0.8178521394729614
4042,0.5692132115364075
4043,0.31713372468948364
4044,0.307457834482193
4045,0.5385753512382507
4046,0.10765545815229416
4047,0.3836583197116852
4048,0.19258993864059448
4049,0.43628033995628357
4050,0.24813689291477203
4051,0.4012417197227478
4052,0.23848585784435272
4053,0.25937870144844055
4054,0.5823166966438293
4055,0.47967201471328735
4056,0.5504035353660583
4057,0.3990262448787689
4058,0.2320476621389389
4059,0.4434768259525299
4060,0.274228572845459
4061,0.41267019510269165
4062,0.44191357493400574
4063,0.35487404465675354
4064,0.47370123863220215
4065,0.2033531814813614
4066,0.4676135182380676
4067,0.5779950022697449
4068,0.5661304593086243
4069,0.5812116861343384
4070,0.3738786280155182
4071,0.35096463561058044
4072,0.513486921787262
4073,0.4788728654384613
4074,0.5786044001579285
4075,0.46573927998542786
4076,0.012862642295658588
4077,0.16286145150661469
4078,0.4667297601699829
4079,0.5222208499908447
4080,0.29060328006744385
4081,0.5245661735534668
4082,0.3358664810657501
4083,0.2769608497619629
4084,0.5309867858886719
4085,0.4299996793270111
4086,0.22271810472011566
4087,0.3296392858028412
4088,0.39636537432670593
4089,0.4961285889148712
4090,0.6995359659194946
4091,0.08781173825263977
4092,0.4250100255012512
4093,0.2624300420284271
4094,0.5352643728256226
4095,0.682986319065094
4096,0.45668646693229675
4097,0.44544896483421326
4098,0.48193123936653137
4099,0.4617079496383667
4100,0.431293249130249
4101,0.36093828082084656
4102,0.34324076771736145
4103,0.46625152230262756
4104,0.5354933142662048
4105,0.6609166264533997
4106,0.6857970356941223
4107,0.5469096899032593
4108,0.282634437084198
4109,0.24144648015499115
4110,0.35301804542541504
4111,0.1958319991827011
4112,0.4669477641582489
4113,0.6565245389938354
4114,0.5201011300086975
4115,0.5965770483016968
4116,0.4375792145729065
4117,0.721702516078949
4118,0.4053124487400055
4119,0.29688864946365356
4120,0.5914108157157898
4121,0.584147572517395
4122,0.448821097612381
4123,0.5589424967765808
4124,0.39121827483177185
4125,0.7202432751655579
4126,0.13691169023513794
4127,0.4730589687824249
4128,0.7860995531082153
4129,0.4070252478122711
4130,0.48240408301353455
4131,0.48202598094940186
4132,0.8629119992256165
4133,0.6362327933311462
4134,0.3050318658351898
4135,0.20554699003696442
4136,0.4982592463493347
4137,0.47924235463142395
4138,0.3358585834503174
4139,0.34468188881874084
4140,0.4794270098209381
4141,0.40126603841781616
4142,0.7042319774627686
4143,0.4663877487182617
4144,0.48991143703460693
4145,0.5572507381439209
4146,0.32186734676361084
4147,0.42635732889175415
4148,0.11463288217782974
4149,0.5398629307746887
4150,0.5822794437408447
4151,0.3281876742839813
4152,0.7670854330062866
4153,0.6070799231529236
4154,0.26434871554374695
4155,0.5814845561981201
4156,0.3809783160686493
4157,0.23056621849536896
4158,0.33864808082580566
4159,0.22955702245235443
4160,0.31024420261383057
4161,0.4873788058757782
4162,0.37969809770584106
4163,0.43524861335754395
4164,0.3302178382873535
4165,0.6815938353538513
4166,0.21062767505645752
4167,0.32512998580932617
4168,0.4288477301597595
4169,0.27299609780311584
4170,0.3726198971271515
4171,0.4391931891441345
4172,0.5500254034996033
4173,0.43538573384284973
4174,0.2654463052749634
4175,0.26359131932258606
4176,0.45805758237838745
4177,0.54951012134552
4178,0.4541134834289551
4179,0.48539432883262634
4180,0.34071215987205505
4181,0.5870407819747925
4182,0.35451337695121765
4183,0.334110826253891
4184,0.4421692490577698
4185,0.37844008207321167
4186,0.6164103150367737
4187,0.3887822926044464
4188,0.4897768199443817
4189,0.31744879484176636
4190,0.34601131081581116
4191,0.20581284165382385
4192,0.5462344884872437
4193,0.3044305145740509
4194,0.4549361765384674
4195,0.5539082288742065
4196,0.4432995021343231
4197,0.1679314225912094
4198,0.48177409172058105
4199,0.5810084342956543
4200,0.6374667286872864
4201,0.28552019596099854
4202,0.4483324885368347
4203,0.5094534754753113
4204,0.4422638416290283
4205,0.3913857638835907
4206,0.3825097382068634
4207,0.40370067954063416
4208,0.30696144700050354
4209,0.3848007619380951
4210,0.08670270442962646
4211,0.4221700429916382
4212,0.47436174750328064
4213,0.5230527520179749
4214,0.46345067024230957
4215,0.5398733019828796
4216,0.40798941254615784
4217,0.09667614102363586
4218,0.2775801122188568
4219,0.36880940198898315
4220,0.7918258905410767
4221,0.29820337891578674
4222,0.3164637088775635
4223,0.8338140249252319
4224,0.42219269275665283
4225,0.7789486646652222
4226,0.7148786783218384
4227,0.1086670383810997
4228,0.3951694667339325
4229,0.33948075771331787
4230,0.2688910663127899
4231,0.5338186025619507
4232,0.4289266765117645
4233,0.30671560764312744
4234,0.6421488523483276
4235,0.2493007928133011
4236,0.5392699241638184
4237,0.36478087306022644
4238,0.531776487827301
4239,0.4276759624481201
4240,0.4105464816093445
4241,0.510443925857544
4242,0.4814751148223877
4243,0.4811748266220093
4244,0.46866121888160706
4245,0.7280482053756714
4246,0.15882731974124908
4247,0.40344226360321045
4248,0.40143242478370667
4249,0.6346564888954163
4250,0.500039279460907
4251,0.3810965418815613
4252,0.39520493149757385
4253,0.18952447175979614
4254,0.2838309407234192
4255,0.20414111018180847
4256,0.3296297788619995
4257,0.3517528772354126
4258,0.17740315198898315
4259,0.7032250761985779
4260,0.6114400625228882
4261,0.48338058590888977
4262,0.44569024443626404
4263,0.5792257189750671
4264,0.4334157407283783
4265,0.2771309018135071
4266,0.42760592699050903
4267,0.43872323632240295
4268,0.25570350885391235
4269,0.18056254088878632
4270,0.36379823088645935
4271,0.49523454904556274
4272,0.4716484844684601
4273,0.16213010251522064
4274,0.1576695740222931
4275,0.4329846203327179
4276,0.7215797305107117
4277,0.45203107595443726
4278,0.6447341442108154
4279,0.5621005892753601
4280,0.14390446245670319
4281,0.08184811472892761
4282,0.6511126160621643
4283,0.36859601736068726
4284,0.3560231029987335
4285,0.5024840235710144
4286,0.5045421123504639
4287,0.6999610066413879
4288,0.42880022525787354
4289,0.6067607998847961
4290,0.24365046620368958
4291,0.22747524082660675
4292,0.4584670066833496
4293,0.47217515110969543
4294,0.4194563329219818
4295,0.47817885875701904
4296,0.4336576759815216
4297,0.7891197204589844
4298,0.10323745757341385
4299,0.2105986326932907
4300,0.4795728325843811
4301,0.5869178175926208
4302,0.5787919759750366
4303,0.5945147275924683
4304,0.27655214071273804
4305,0.5037504434585571
4306,0.20122024416923523
4307,0.4436909258365631
4308,0.5433594584465027
4309,0.535193145275116
4310,0.704277515411377
4311,0.44821321964263916
4312,0.4118652641773224
4313,0.41672348976135254
4314,0.18726767599582672
4315,0.30770501494407654
4316,0.3636031448841095
4317,0.4377242922782898
4318,0.4909985363483429
4319,0.33454740047454834
4320,0.26635780930519104
4321,0.404803991317749
4322,0.6097168326377869
4323,0.6186698079109192
4324,0.3572685122489929
4325,0.34816819429397583
4326,0.45132482051849365
4327,0.6665756106376648
4328,0.4879152178764343
4329,0.3096606731414795
4330,0.5100578665733337
4331,0.5772157311439514
4332,0.4753754138946533
4333,0.5402644872665405
4334,0.47300851345062256
4335,0.7658647298812866
4336,0.25202637910842896
4337,0.5241414308547974
4338,0.22368699312210083
4339,0.47725582122802734
4340,0.44346919655799866
4341,0.6589034199714661
4342,0.33278733491897583
4343,0.3872300088405609
4344,0.3407747745513916
4345,0.2809426188468933
4346,0.22990109026432037
4347,0.29280558228492737
4348,0.6349742412567139
4349,0.42299413681030273
4350,0.6080734729766846
4351,0.584072470664978
4352,0.6820335984230042
4353,0.4165857136249542
4354,0.7042956948280334
4355,0.6501241326332092
4356,0.340250164270401
4357,0.4184013605117798
4358,0.247568741440773
4359,0.3913167119026184
4360,0.6115738749504089
4361,0.17966154217720032
4362,0.5931590795516968
4363,0.5542863011360168
4364,0.1672612577676773
4365,0.2693980038166046
4366,0.5770431756973267
4367,0.5335151553153992
4368,0.4105279743671417
4369,0.25180119276046753
4370,0.8544918894767761
4371,0.2588284909725189
4372,0.5401254296302795
4373,0.5479937195777893
4374,0.29836487770080566
4375,0.36197853088378906
4376,0.4944196343421936
4377,0.27212968468666077
4378,0.7801083922386169
4379,0.3056952953338623
4380,0.36265313625335693
4381,0.5922130346298218
4382,0.5860589146614075
4383,0.3928707242012024
4384,0.4424341320991516
4385,0.5245323181152344
4386,0.6539013385772705
4387,0.18612241744995117
4388,0.34550920128822327
4389,0.1712285280227661
4390,0.5376924276351929
4391,0.6003336906433105
4392,0.4472590982913971
4393,0.34899330139160156
4394,0.5787747502326965
4395,0.7675722241401672
4396,0.1939859837293625
4397,0.6533591151237488
4398,0.5315807461738586
4399,0.6074463725090027
4400,0.4048771262168884
4401,0.5095677375793457
4402,0.40943846106529236
4403,0.39829182624816895
4404,0.3356770873069763
4405,0.6652751564979553
4406,0.47038909792900085
4407,0.4984991252422333
4408,0.37754130363464355
4409,0.47454559803009033
4410,0.3909144699573517
4411,0.5431287288665771
4412,0.6286961436271667
4413,0.4766564667224884
4414,0.12559273838996887
4415,0.3257921040058136
4416,0.4427715539932251
4417,0.2967725396156311
4418,0.2071363925933838
4419,0.31970515847206116
4420,0.20872235298156738
4421,0.4146490693092346
4422,0.3812519311904907
4423,0.27373456954956055
4424,0.4458310008049011
4425,0.18707217276096344
4426,0.44321930408477783
4427,0.38018709421157837
4428,0.5532602071762085
4429,0.8908345699310303
4430,0.4339922368526459
4431,0.6595056653022766
4432,0.40483325719833374
4433,0.4890974462032318
4434,0.6082713603973389
4435,0.7295559644699097
4436,0.33854466676712036
4437,0.2695726156234741
4438,0.3709764778614044
4439,0.3703047037124634
4440,0.07956358045339584
4441,0.5590640306472778
4442,0.2311394214630127
4443,0.4467100203037262
4444,0.5590576529502869
4445,0.3603837192058563
4446,0.5503398776054382
4447,0.2686850428581238
4448,0.6015753149986267
4449,0.5541212558746338
4450,0.4645244777202606
4451,0.506820797920227
4452,0.5719814300537109
4453,0.6522831916809082
4454,0.5221353769302368
4455,0.5204519629478455
4456,0.4783983528614044
4457,0.3970712721347809
4458,0.4873062074184418
4459,0.6582559943199158
4460,0.33186718821525574
4461,0.5611138939857483
4462,0.2423343062400818
4463,0.5412143468856812
4464,0.4503287076950073
4465,0.5591766238212585
4466,0.4255286753177643
4467,0.37426671385765076
4468,0.5322535634040833
4469,0.6731226444244385
4470,0.4147712290287018
4471,0.5441538095474243
4472,0.4836195111274719
4473,0.6041238307952881
4474,0.5294696688652039
4475,0.37299370765686035
4476,0.49001529812812805
4477,0.48848041892051697
4478,0.652673602104187
4479,0.3626847267150879
4480,0.6850546002388
4481,0.38798460364341736
4482,0.241660937666893
4483,0.5205766558647156
4484,0.792277991771698
4485,0.25830209255218506
4486,0.416655570268631
4487,0.1633913666009903
4488,0.5831460952758789
4489,0.40705209970474243
4490,0.3300086259841919
4491,0.3283117413520813
4492,0.5656707286834717
4493,0.5302804112434387
4494,0.22443987429141998
4495,0.3481871485710144
4496,0.21649354696273804
4497,0.5236055850982666
4498,0.5402945876121521
4499,0.3928680121898651
4500,0.3323276937007904
4501,0.5176292061805725
4502,0.18889819085597992
4503,0.30249541997909546
4504,0.1627713292837143
4505,0.33371293544769287
4506,0.30472564697265625
4507,0.2236204296350479
4508,0.6073275804519653
4509,0.28769397735595703
4510,0.7725762724876404
4511,0.49969422817230225
4512,0.17105895280838013
4513,0.2825923562049866
4514,0.5372798442840576
4515,0.384847491979599
4516,0.23634561896324158
4517,0.6936032772064209
4518,0.507768988609314
4519,0.5246000289916992
4520,0.35271576046943665
4521,0.6449345946311951
4522,0.5351163148880005
4523,0.7335437536239624
4524,0.33888494968414307
4525,0.43841150403022766
4526,0.438631534576416
4527,0.17515279352664948
4528,0.36205482482910156
4529,0.432891309261322
4530,0.550750732421875
4531,0.43658360838890076
4532,0.17730431258678436
4533,0.3418199419975281
4534,0.3581089973449707
4535,0.27804431319236755
4536,0.18665984272956848
4537,0.39725908637046814
4538,0.5724138617515564
4539,0.5122121572494507
4540,0.5933220386505127
4541,0.4311589300632477
4542,0.14976166188716888
4543,0.5819027423858643
4544,0.14891569316387177
4545,0.2632441520690918
4546,0.4635118246078491
4547,0.5038310885429382
4548,0.18740570545196533
4549,0.46880042552948
4550,0.4579176902770996
4551,0.2653929889202118
4552,0.6497498750686646
4553,0.6062131524085999
4554,0.31510427594184875
4555,0.25610339641571045
4556,0.3704686462879181
4557,0.5441394448280334
4558,0.2507031261920929
4559,0.5042846202850342
4560,0.5860676169395447
4561,0.29016992449760437
4562,0.527565062046051
4563,0.46049371361732483
4564,0.8380171060562134
4565,0.6617128849029541
4566,0.3386520445346832
4567,0.623662531375885
4568,0.4944067895412445
4569,0.5081919431686401
4570,0.3098996877670288
4571,0.252353310585022
4572,0.45638275146484375
4573,0.4377647340297699
4574,0.5356852412223816
4575,0.3422398865222931
4576,0.6905238628387451
4577,0.3890916109085083
4578,0.6649103760719299
4579,0.5064311027526855
4580,0.6345604658126831
4581,0.6525964736938477
4582,0.4528637230396271
4583,0.36270543932914734
4584,0.4343971014022827
4585,0.6125285625457764
4586,0.6230313181877136
4587,0.5453195571899414
4588,0.47170621156692505
4589,0.33676284551620483
4590,0.33668074011802673
4591,0.43843409419059753
4592,0.3802950978279114
4593,0.40993210673332214
4594,0.4602697789669037
4595,0.4058198630809784
4596,0.6376937031745911
4597,0.13764360547065735
4598,0.3679715096950531
4599,0.36459535360336304
4600,0.3573622405529022
4601,0.7572537064552307
4602,0.4486524760723114
4603,0.2270621657371521
4604,0.051909174770116806
4605,0.3983607590198517
4606,0.5096107125282288
4607,0.4119499921798706
4608,0.30103325843811035
4609,0.16320781409740448
4610,0.25355565547943115
4611,0.48838555812835693
4612,0.3845190703868866
4613,0.3487325608730316
4614,0.7970177531242371
4615,0.6089807748794556
4616,0.43633049726486206
4617,0.3692014515399933
4618,0.35875654220581055
4619,0.5101021528244019
4620,0.428947776556015
4621,0.3515990972518921
4622,0.5594896078109741
4623,0.3169342577457428
4624,0.2557862401008606
4625,0.6740333437919617
4626,0.3033238649368286
4627,0.585014820098877
4628,0.34133821725845337
4629,0.45548132061958313
4630,0.4359741508960724
4631,0.48299548029899597
4632,0.3970116078853607
4633,0.717930257320404
4634,0.4800688624382019
4635,0.24263502657413483
4636,0.5046292543411255
4637,0.508228063583374
4638,0.22847488522529602
4639,0.15464650094509125
4640,0.37738096714019775
4641,0.39260369539260864
4642,0.6258628368377686
4643,0.8503469228744507
4644,0.3145226538181305
4645,0.2547730505466461
4646,0.5549613833427429
4647,0.33760547637939453
4648,0.34557634592056274
4649,0.6680517792701721
4650,0.4005262851715088
4651,0.4637136161327362
4652,0.4703878164291382
4653,0.6009907722473145
4654,0.6724690794944763
4655,0.4166523516178131
4656,0.4873907268047333
4657,0.4870573878288269
4658,0.4240044951438904
4659,0.414729505777359
4660,0.7694573402404785
4661,0.00616848049685359
4662,0.7733438014984131
4663,0.44767245650291443
4664,0.6182656288146973
4665,0.469592422246933
4666,0.6299035549163818
4667,0.3634530007839203
4668,0.26842638850212097
4669,0.5644819140434265
4670,0.5419872403144836
4671,0.8062739968299866
4672,0.3389233350753784
4673,0.5683271884918213
4674,0.45870867371559143
4675,0.577933669090271
4676,0.20987379550933838
4677,0.20103026926517487
4678,0.4887317419052124
4679,0.2863006889820099
4680,0.6048941612243652
4681,0.5070640444755554
4682,0.7746536135673523
4683,0.34571757912635803
4684,0.21143871545791626
4685,0.2432861328125
4686,0.34095266461372375
4687,0.4134944975376129
4688,0.27971401810646057
4689,0.22976385056972504
4690,0.19752107560634613
4691,0.4258360266685486
4692,0.5785121917724609
4693,0.2655865252017975
4694,0.4927358329296112
4695,0.5814661383628845
4696,0.534141480922699
4697,0.5375001430511475
4698,0.40994805097579956
4699,0.6893181204795837
4700,0.3762960433959961
4701,0.4389328956604004
4702,0.4292721450328827
4703,0.5232604742050171
4704,0.8005823493003845
4705,0.5561563372612
4706,0.4620952606201172
4707,0.42074501514434814
4708,0.4440516531467438
4709,0.37270331382751465
4710,0.3505423069000244
4711,0.5128824710845947
4712,0.33301544189453125
4713,0.6505768895149231
4714,0.26836633682250977
4715,0.5627211332321167
4716,0.16883379220962524
4717,0.2997412085533142
4718,0.3757230341434479
4719,0.5371600985527039
4720,0.5189531445503235
4721,0.4595508277416229
4722,0.4922281801700592
4723,0.4992709159851074
4724,0.4566439092159271
4725,0.3042796850204468
4726,0.4150589406490326
4727,0.24500514566898346
4728,0.3565658628940582
4729,0.6545908451080322
4730,0.6247044801712036
4731,0.225950688123703
4732,0.3081187605857849
4733,0.13161201775074005
4734,0.29427003860473633
4735,0.7661986351013184
4736,0.404114693403244
4737,0.5672672986984253
4738,0.274834007024765
4739,0.3551096022129059
4740,0.3981013000011444
4741,0.46683448553085327
4742,0.2860252857208252
4743,0.029012365266680717
4744,0.5156528353691101
4745,0.4174259901046753
4746,0.22615277767181396
4747,0.47113096714019775
4748,0.7213370203971863
4749,0.6659329533576965
4750,0.582604706287384
4751,0.8086295127868652
4752,0.784521758556366
4753,0.3947789669036865
4754,0.8316236734390259
4755,0.5909661054611206
4756,0.1319488137960434
4757,0.409036248922348
4758,0.4182511568069458
4759,0.26963192224502563
4760,0.5080994367599487
4761,0.5740495324134827
4762,0.3836544454097748
4763,0.48306354880332947
4764,0.36674225330352783
4765,0.16360485553741455
4766,0.5277924537658691
4767,0.23307137191295624
4768,0.24258071184158325
4769,0.34973371028900146
4770,0.2333562672138214
4771,0.5391697287559509
4772,0.39637890458106995
4773,0.5074046850204468
4774,0.3215116858482361
4775,0.29019585251808167
4776,0.41991543769836426
4777,0.4688083827495575
4778,0.6816827654838562
4779,0.4143823981285095
4780,0.37120893597602844
4781,0.5118052363395691
4782,0.4083681106567383
4783,0.47985130548477173
4784,0.4296936094760895
4785,0.5189134478569031
4786,0.6426371335983276
4787,0.07437547296285629
4788,0.5415627956390381
4789,0.38082075119018555
4790,0.5014317035675049
4791,0.23542055487632751
4792,0.8033344745635986
4793,0.614162266254425
4794,0.36914458870887756
4795,0.42790487408638
4796,0.6169008612632751
4797,0.330617755651474
4798,0.24748603999614716
4799,0.2677508294582367
4800,0.5039845705032349
4801,0.6081065535545349
4802,0.35899439454078674
4803,0.3204118311405182
4804,0.4192487299442291
4805,0.4862275719642639
4806,0.29137372970581055
4807,0.5628212094306946
4808,0.6015675663948059
4809,0.5295313000679016
4810,0.3525671660900116
4811,0.5679152011871338
4812,0.4042198657989502
4813,0.6479557752609253
4814,0.36153411865234375
4815,0.364255428314209
4816,0.572908341884613
4817,0.4244001805782318
4818,0.5005539655685425
4819,0.35652148723602295
4820,0.5806088447570801
4821,0.21637633442878723
4822,0.4093002378940582
4823,0.21796435117721558
4824,0.46134746074676514
4825,0.643544614315033
4826,0.4943329989910126
4827,0.8682312369346619
4828,0.3142671585083008
4829,0.24443098902702332
4830,0.39131230115890503
4831,0.457398921251297
4832,0.7604975700378418
4833,0.44132834672927856
4834,0.3567040264606476
4835,0.6093332767486572
4836,0.6199401617050171
4837,0.5759198069572449
4838,0.21949315071105957
4839,0.5642805695533752
4840,0.609758734703064
4841,0.6244628429412842
4842,0.3751257061958313
4843,0.199027881026268
4844,0.4906159043312073
4845,0.4600493609905243
4846,0.17982418835163116
4847,0.5826795697212219
4848,0.2905978858470917
4849,0.5797114372253418
4850,0.6679602265357971
4851,0.43140310049057007
4852,0.3098549246788025
4853,0.5879784822463989
4854,0.5439861416816711
4855,0.4292563498020172
4856,0.6444100141525269
4857,0.4557306170463562
4858,0.5826827883720398
4859,0.2868046760559082
4860,0.32350456714630127
4861,0.36183270812034607
4862,0.39680829644203186
4863,0.4424963891506195
4864,0.6500369906425476
4865,0.4583079516887665
4866,0.5759513974189758
4867,0.3624294102191925
4868,0.3224960267543793
4869,0.24963310360908508
4870,0.5048125386238098
4871,0.7067428231239319
4872,0.6461464166641235
4873,0.47734594345092773
4874,0.5557659268379211
4875,0.3516486585140228
4876,0.48128342628479004
4877,0.2768370807170868
4878,0.5833243131637573
4879,0.7124882340431213
4880,0.37642523646354675
4881,0.489433616399765
4882,0.18058352172374725
4883,0.48533397912979126
4884,0.5877264738082886
4885,0.5487974882125854
4886,0.33033791184425354
4887,0.13587646186351776
4888,0.49250030517578125
4889,0.23458872735500336
4890,0.7090279459953308
4891,0.4067089557647705
4892,0.39272040128707886
4893,0.7291737794876099
4894,0.5671933889389038
4895,0.5846210718154907
