sequence_index,pearson_r
0,0.35985612869262695
1,0.36713796854019165
2,0.5913887023925781
3,0.605775773525238
4,0.2059354931116104
5,0.2955281436443329
6,0.8575084805488586
7,0.569861888885498
8,0.5124601721763611
9,0.3330666720867157
10,0.26002103090286255
11,0.2375476360321045
12,0.5900507569313049
13,0.18345209956169128
14,0.3727157413959503
15,0.5227134823799133
16,0.7467362880706787
17,0.30876293778419495
18,0.5973842144012451
19,0.3395470678806305
20,0.4905088245868683
21,0.4823471009731293
22,0.27222326397895813
23,0.5448982119560242
24,0.06802081316709518
25,0.28221529722213745
26,0.46479684114456177
27,0.6205390095710754
28,0.5422671437263489
29,0.5877607464790344
30,0.24516674876213074
31,0.10332989692687988
32,0.28902244567871094
33,0.5450695753097534
34,0.3938000500202179
35,0.2654791474342346
36,0.5349296927452087
37,0.05935737490653992
38,0.13758470118045807
39,0.6758434772491455
40,0.5257056951522827
41,0.5380708575248718
42,0.4382960796356201
43,0.6200722455978394
44,0.5755050182342529
45,0.5092728734016418
46,0.20934221148490906
47,0.19288960099220276
48,0.4650232493877411
49,0.18664038181304932
50,0.5387611389160156
51,0.35585084557533264
52,0.6264428496360779
53,0.29317498207092285
54,0.5820712447166443
55,0.7696383595466614
56,0.06318870931863785
57,0.3575328290462494
58,0.4164676070213318
59,0.5666281580924988
60,0.44020703434944153
61,0.13684795796871185
62,0.28490427136421204
63,0.35990551114082336
64,0.5395625829696655
65,0.5725402235984802
66,0.403125524520874
67,0.3273518681526184
68,0.48764482140541077
69,0.47166189551353455
70,0.37304407358169556
71,0.34639352560043335
72,0.3880229890346527
73,0.3338634669780731
74,0.4676126539707184
75,0.043085649609565735
76,0.572272002696991
77,0.6042417287826538
78,0.5466721057891846
79,0.6427584290504456
80,0.5340578556060791
81,0.8285608887672424
82,0.6498928666114807
83,0.07939200848340988
84,0.6858994364738464
85,0.26455095410346985
86,0.3448377251625061
87,0.5359300374984741
88,0.4986586272716522
89,0.48073917627334595
90,0.4839535355567932
91,0.30490806698799133
92,0.5393155813217163
93,0.3741823732852936
94,0.5704188942909241
95,0.5913928151130676
96,0.38497599959373474
97,0.43159469962120056
98,0.40488511323928833
99,0.21867872774600983
100,0.46911129355430603
101,0.5429201126098633
102,0.30743759870529175
103,0.30618318915367126
104,0.4467630982398987
105,0.6632345914840698
106,0.21789677441120148
107,0.4418482184410095
108,0.3730196952819824
109,0.3309008479118347
110,0.2821510434150696
111,0.026793934404850006
112,0.4457339346408844
113,0.30335044860839844
114,0.48517605662345886
115,0.38530710339546204
116,0.043242886662483215
117,0.45352908968925476
118,0.49903783202171326
119,0.5343578457832336
120,0.7188400030136108
121,0.4101177752017975
122,0.4534292221069336
123,0.3585220277309418
124,0.18750979006290436
125,0.44315269589424133
126,0.23411746323108673
127,0.5925009846687317
128,0.2896305024623871
129,0.477171391248703
130,0.5619200468063354
131,0.43395087122917175
132,0.3495570123195648
133,0.4940703511238098
134,0.6947950124740601
135,0.5914731025695801
136,0.34102317690849304
137,0.17615550756454468
138,0.32023629546165466
139,0.6782029867172241
140,0.421885222196579
141,0.386746346950531
142,0.490018755197525
143,0.6378635168075562
144,0.17373353242874146
145,0.4763677716255188
146,0.2487238496541977
147,0.44202834367752075
148,0.5789764523506165
149,0.5736552476882935
150,0.6575092077255249
151,0.5287384986877441
152,0.28266945481300354
153,-0.007831012830138206
154,0.39327678084373474
155,0.4966249167919159
156,0.5078173875808716
157,0.28749462962150574
158,0.6617660522460938
159,0.3429638743400574
160,0.6737216711044312
161,0.6604889035224915
162,0.5023940801620483
163,0.726654589176178
164,0.4335200786590576
165,0.318710595369339
166,0.2199249267578125
167,0.4106996953487396
168,0.19747017323970795
169,0.7161851525306702
170,0.5867428779602051
171,0.4976949095726013
172,0.5619910955429077
173,0.3891852796077728
174,0.33341848850250244
175,0.2266564518213272
176,0.3134578764438629
177,0.46840834617614746
178,0.4165695309638977
179,0.29712799191474915
180,0.49466025829315186
181,0.6572169065475464
182,0.4487394094467163
183,0.5429252982139587
184,0.32334762811660767
185,0.5860097408294678
186,-0.06297445297241211
187,0.59538334608078
188,0.26347747445106506
189,0.43980270624160767
190,0.41754940152168274
191,0.24698680639266968
192,0.5986902117729187
193,0.5055687427520752
194,0.5532397031784058
195,0.4523589313030243
196,0.4622265100479126
197,0.2726801335811615
198,0.6547216773033142
199,0.4766390919685364
200,0.5337299108505249
201,0.3538062572479248
202,0.7880975008010864
203,0.4150213599205017
204,0.17085887491703033
205,0.49708041548728943
206,0.4490725100040436
207,0.49834999442100525
208,0.4584096670150757
209,0.5090807676315308
210,0.5577619671821594
211,0.6813604831695557
212,0.2946288585662842
213,0.3534184992313385
214,0.40223923325538635
215,0.2749398648738861
216,0.1545926332473755
217,0.4334352910518646
218,0.02820875681936741
219,0.5351093411445618
220,0.62165766954422
221,0.5947607755661011
222,0.6419255137443542
223,0.31299638748168945
224,0.6590244174003601
225,0.11846228688955307
226,0.43941831588745117
227,0.5082730054855347
228,0.38120123744010925
229,0.35161906480789185
230,0.48326459527015686
231,0.6784206032752991
232,0.35817065834999084
233,0.3005479872226715
234,0.20560376346111298
235,0.24297839403152466
236,0.46528613567352295
237,0.47442135214805603
238,0.4051681160926819
239,0.4617292881011963
240,0.614669680595398
241,0.4119729697704315
242,0.21163198351860046
243,0.6496055722236633
244,0.3808339536190033
245,0.47179660201072693
246,0.4967517852783203
247,0.3860492706298828
248,0.3707542419433594
249,0.5976232290267944
250,0.4843273460865021
251,0.3924221992492676
252,0.6258763074874878
253,0.6573948264122009
254,0.34810328483581543
255,0.5144590735435486
256,0.17649799585342407
257,0.505401074886322
258,0.3382054269313812
259,0.6900355219841003
260,0.5596870183944702
261,0.45337826013565063
262,0.6892669200897217
263,0.3349340856075287
264,0.528531014919281
265,0.6247815489768982
266,0.30198144912719727
267,0.2708803713321686
268,0.2953115403652191
269,0.24714168906211853
270,0.5313780307769775
271,0.4627992510795593
272,0.2600962221622467
273,0.5358471274375916
274,0.35763853788375854
275,0.3921211361885071
276,0.3671914041042328
277,0.4731315076351166
278,0.5030766129493713
279,0.5382044315338135
280,0.5420997738838196
281,0.4123995304107666
282,0.2828935384750366
283,0.803777277469635
284,0.5655534267425537
285,0.4129480719566345
286,0.5138091444969177
287,0.5030267834663391
288,0.846103847026825
289,0.28200292587280273
290,0.2869052588939667
291,0.3705582618713379
292,0.7548855543136597
293,0.2667940557003021
294,0.6579108238220215
295,0.6886606216430664
296,0.41658204793930054
297,0.19456268846988678
298,0.6428459882736206
299,0.5193760395050049
300,0.36806413531303406
301,0.47260063886642456
302,0.48951876163482666
303,0.34609824419021606
304,0.5199674367904663
305,0.6058938503265381
306,0.12682944536209106
307,0.5159915089607239
308,0.5731056928634644
309,0.3958989977836609
310,0.3195430040359497
311,0.6868113279342651
312,0.17149153351783752
313,0.40866759419441223
314,0.16116173565387726
315,0.2084534764289856
316,0.8666501641273499
317,0.6503527760505676
318,0.3860945403575897
319,0.42461034655570984
320,0.742350697517395
321,0.37754324078559875
322,0.4347204566001892
323,0.5877460241317749
324,0.20826071500778198
325,0.3082856833934784
326,0.36337101459503174
327,0.5110878348350525
328,0.3493751287460327
329,0.5791687369346619
330,0.6342872977256775
331,0.3309031128883362
332,0.6933463215827942
333,0.6894491314888
334,0.14416992664337158
335,0.33758744597435
336,0.42123618721961975
337,0.34851759672164917
338,0.5065061450004578
339,0.5366339087486267
340,0.47687727212905884
341,0.11509384214878082
342,0.39987999200820923
343,0.6529629230499268
344,0.5870197415351868
345,0.7042400240898132
346,0.31828486919403076
347,0.561042845249176
348,0.5095757842063904
349,0.6017675995826721
350,0.39167818427085876
351,0.6482911705970764
352,0.274258017539978
353,0.31736066937446594
354,0.45483893156051636
355,0.46536946296691895
356,0.42357608675956726
357,0.38717779517173767
358,0.22568857669830322
359,0.423475444316864
360,0.7829573750495911
361,0.5514457821846008
362,0.3155548572540283
363,0.45453256368637085
364,0.19261358678340912
365,0.34469959139823914
366,0.27794700860977173
367,0.7461726665496826
368,0.4764194190502167
369,0.14845071732997894
370,0.6225078701972961
371,0.4543885588645935
372,0.1433468759059906
373,0.6521497964859009
374,0.5250945091247559
375,0.43610823154449463
376,0.3731785714626312
377,0.4033735394477844
378,0.3886702358722687
379,0.3308364748954773
380,0.6664232611656189
381,0.16809724271297455
382,0.5509687662124634
383,0.12005788087844849
384,0.2853092849254608
385,0.1255640983581543
386,0.4854687452316284
387,0.6666806936264038
388,0.25584784150123596
389,0.4039463698863983
390,0.5517685413360596
391,0.5102632641792297
392,0.38460803031921387
393,0.24983806908130646
394,0.4810602366924286
395,0.4681132733821869
396,0.03225782886147499
397,0.649398922920227
398,0.519188642501831
399,0.29702985286712646
400,0.4015839993953705
401,0.6088011264801025
402,0.3822512626647949
403,0.6529473066329956
404,0.331905722618103
405,0.3477470874786377
406,0.6254134178161621
407,0.5711521506309509
408,0.10293849557638168
409,0.30895352363586426
410,0.2928211987018585
411,0.3548595905303955
412,0.5988296866416931
413,0.09606858342885971
414,0.40458768606185913
415,0.5850116610527039
416,0.5386716723442078
417,0.6310645937919617
418,0.009386380203068256
419,0.7054682970046997
420,0.4706741273403168
421,0.24438874423503876
422,0.7371212244033813
423,0.3133282959461212
424,0.5008071660995483
425,0.6771167516708374
426,0.32543066143989563
427,0.27503132820129395
428,0.5651534199714661
429,0.4752008318901062
430,0.056312255561351776
431,0.38805145025253296
432,0.5526577234268188
433,0.41211074590682983
434,0.16646338999271393
435,0.5452645421028137
436,0.3593878448009491
437,0.5346342921257019
438,0.24599458277225494
439,0.6920837759971619
440,0.40602582693099976
441,0.30160242319107056
442,0.33498677611351013
443,0.6199784874916077
444,0.5910380482673645
445,0.4586057960987091
446,0.47555026412010193
447,0.35904163122177124
448,0.2443656623363495
449,0.5748320817947388
450,0.5434272885322571
451,0.5770974159240723
452,0.6489342451095581
453,0.6975361704826355
454,0.40474995970726013
455,0.242061048746109
456,0.4906705319881439
457,0.7615963816642761
458,0.49892836809158325
459,0.5366196036338806
460,0.29210972785949707
461,0.35586950182914734
462,0.3377797603607178
463,0.44542068243026733
464,0.40865737199783325
465,0.5409188270568848
466,0.5923700928688049
467,0.2799447774887085
468,0.36857566237449646
469,0.5327785611152649
470,0.23987509310245514
471,0.6075670123100281
472,0.6188057065010071
473,0.41733118891716003
474,0.24480411410331726
475,0.702448308467865
476,0.39291951060295105
477,0.24123047292232513
478,0.4433770775794983
479,0.28446561098098755
480,0.623875617980957
481,0.7058626413345337
482,0.46138134598731995
483,0.33214253187179565
484,0.5301978588104248
485,0.3417091965675354
486,0.29445549845695496
487,0.4209135174751282
488,0.30343297123908997
489,0.37816882133483887
490,0.5120092630386353
491,0.5547888278961182
492,0.6151564121246338
493,0.50759357213974
494,0.5380153656005859
495,0.41951069235801697
496,0.16393069922924042
497,0.4102126955986023
498,0.3314399719238281
499,0.5193639397621155
500,0.305918425321579
501,0.5829818248748779
502,0.3324304223060608
503,0.7154078483581543
504,0.6647382378578186
505,0.394356369972229
506,0.610998809337616
507,0.34790512919425964
508,0.48140379786491394
509,0.357292503118515
510,0.08740411698818207
511,0.2356599122285843
512,0.2487935721874237
513,0.5347781181335449
514,0.12823982536792755
515,0.4559447765350342
516,0.6720342636108398
517,0.4104127883911133
518,0.20357102155685425
519,0.49862271547317505
520,0.3587857782840729
521,0.4528876543045044
522,0.3854418694972992
523,0.4888535737991333
524,0.5327099561691284
525,0.42409366369247437
526,0.08740490674972534
527,0.29407307505607605
528,0.37470579147338867
529,0.1728944182395935
530,0.3863501250743866
531,0.3682998716831207
532,0.39495497941970825
533,0.4173511862754822
534,0.3083506226539612
535,0.5244340896606445
536,0.5993908047676086
537,0.4592410624027252
538,0.43807846307754517
539,0.6151137948036194
540,0.5742038488388062
541,0.5419014096260071
542,0.26322662830352783
543,0.3783077299594879
544,0.3690933585166931
545,0.24569807946681976
546,0.27698808908462524
547,0.45828333497047424
548,0.17684520781040192
549,0.49180543422698975
550,0.4250151216983795
551,0.40820252895355225
552,0.49060913920402527
553,0.30499595403671265
554,0.18099445104599
555,0.46919330954551697
556,0.27630212903022766
557,0.46595191955566406
558,0.6520768404006958
559,0.5939061641693115
560,0.24127423763275146
561,0.20323428511619568
562,0.6051033735275269
563,0.1932155340909958
564,0.46769779920578003
565,0.4170876145362854
566,0.6431592106819153
567,0.2628362476825714
568,0.4014414846897125
569,0.33867254853248596
570,0.3817334771156311
571,0.45649877190589905
572,0.6594220995903015
573,0.38359490036964417
574,0.6246275901794434
575,0.3817923069000244
576,0.2382882833480835
577,0.10339769721031189
578,0.4921658933162689
579,0.5293021202087402
580,0.25261199474334717
581,0.5594254732131958
582,0.664740800857544
583,0.3759363889694214
584,0.6215488910675049
585,0.5772709250450134
586,0.6537987589836121
587,0.11095860600471497
588,0.3577215373516083
589,0.5267807245254517
590,0.31856319308280945
591,0.4675362706184387
592,0.4438583552837372
593,0.45240285992622375
594,0.771964430809021
595,0.5758975744247437
596,0.3159935474395752
597,0.7225881814956665
598,0.3953530788421631
599,0.22268150746822357
600,0.45706692337989807
601,-0.030718008056282997
602,0.4415535628795624
603,0.7058659195899963
604,0.5475017428398132
605,0.5588090419769287
606,0.3439904749393463
607,0.6700878739356995
608,0.4198206067085266
609,0.24221909046173096
610,0.29915350675582886
611,0.4669897258281708
612,0.4883832037448883
613,0.45827987790107727
614,0.6480637788772583
615,0.3093976676464081
616,0.4570012390613556
617,0.10756885260343552
618,0.47006678581237793
619,0.07310133427381516
620,0.3713030219078064
621,0.46440666913986206
622,0.5847348570823669
623,0.5762264728546143
624,0.28097760677337646
625,0.2762225866317749
626,0.6030584573745728
627,0.42764249444007874
628,0.3959553837776184
629,0.7586564421653748
630,0.4008457362651825
631,0.46541160345077515
632,0.6071031093597412
633,0.5872879028320312
634,0.44436898827552795
635,0.5408470034599304
636,0.49068763852119446
637,0.18213264644145966
638,0.40352797508239746
639,0.2604283392429352
640,0.6241565942764282
641,0.6521604061126709
642,0.5122479796409607
643,0.41131505370140076
644,0.3976578116416931
645,0.3308754861354828
646,0.023580795153975487
647,0.3697623908519745
648,0.5306167602539062
649,0.35312288999557495
650,0.48936763405799866
651,0.3165120482444763
652,0.6453900337219238
653,0.4199874997138977
654,0.5246933698654175
655,0.6253072023391724
656,0.4212287366390228
657,0.46400466561317444
658,0.5228138566017151
659,0.46255403757095337
660,0.3825821280479431
661,0.6060401201248169
662,0.3843076825141907
663,0.5207176804542542
664,0.5878843665122986
665,0.44104552268981934
666,0.44032061100006104
667,0.2689024806022644
668,0.4865933358669281
669,0.6059951186180115
670,0.5637970566749573
671,0.5807029008865356
672,0.21376824378967285
673,0.3136829435825348
674,0.6535846590995789
675,0.4051366448402405
676,0.42371493577957153
677,0.5154232382774353
678,0.26752474904060364
679,0.518064558506012
680,0.5069864392280579
681,0.7428083419799805
682,0.14460521936416626
683,0.4052026867866516
684,0.5510505437850952
685,0.375921368598938
686,0.8334789276123047
687,0.5395209193229675
688,0.590430498123169
689,0.3920639455318451
690,0.7310373187065125
691,0.21868786215782166
692,0.3923206329345703
693,0.2664501368999481
694,0.303800106048584
695,0.4087023437023163
696,0.5831658840179443
697,0.25354820489883423
698,0.4351508319377899
699,0.22694958746433258
700,0.614325225353241
701,0.020388592034578323
702,0.39206168055534363
703,0.38525864481925964
704,0.35784468054771423
705,0.3567730784416199
706,0.2778851389884949
707,0.7173027992248535
708,0.43063580989837646
709,0.6874802708625793
710,0.5261276960372925
711,0.5684929490089417
712,0.4551420509815216
713,0.32222437858581543
714,0.3973894417285919
715,0.537943959236145
716,0.5985438823699951
717,0.5926181077957153
718,0.44425490498542786
719,0.5555790066719055
720,0.4010389745235443
721,0.4877890348434448
722,0.025759948417544365
723,0.34665220975875854
724,0.47187843918800354
725,0.48494455218315125
726,0.581718385219574
727,-0.0018340441165491939
728,0.6039649844169617
729,0.4490754008293152
730,0.41610851883888245
731,0.5970310568809509
732,0.6277100443840027
733,0.33567607402801514
734,0.4025036692619324
735,0.5127246975898743
736,0.38887733221054077
737,0.3520672023296356
738,0.23328043520450592
739,0.44828760623931885
740,0.5856769680976868
741,0.44752874970436096
742,0.7437620759010315
743,0.6602571606636047
744,0.5340914726257324
745,0.4354904890060425
746,0.5399842262268066
747,0.3305710256099701
748,0.3943614363670349
749,0.599775493144989
750,0.28022727370262146
751,0.5552324652671814
752,0.34800973534584045
753,0.6025002002716064
754,0.5269484519958496
755,0.4460090100765228
756,0.6444491147994995
757,0.7589723467826843
758,0.0413297638297081
759,0.4629985988140106
760,0.5114225149154663
761,0.4958310127258301
762,0.22020241618156433
763,0.30737441778182983
764,0.45042556524276733
765,0.5380415320396423
766,0.4863443970680237
767,0.569178581237793
768,0.5635423064231873
769,0.5399047136306763
770,0.17386357486248016
771,0.2780626714229584
772,0.13727153837680817
773,0.5013124942779541
774,0.5140535831451416
775,0.6104893088340759
776,0.33270031213760376
777,0.27839207649230957
778,0.74575275182724
779,0.48932647705078125
780,0.5156897902488708
781,0.5777871012687683
782,0.6463003158569336
783,0.42893147468566895
784,0.30832403898239136
785,0.47528794407844543
786,0.757273256778717
787,0.23622241616249084
788,0.2561894655227661
789,0.5330533385276794
790,0.5272144675254822
791,0.4764777719974518
792,0.4849110245704651
793,0.3419320583343506
794,0.09195861965417862
795,0.49006906151771545
796,0.3529587984085083
797,0.43512725830078125
798,0.5445480942726135
799,0.5451063513755798
800,0.7705230712890625
801,0.4537905156612396
802,0.34023797512054443
803,0.7823368310928345
804,0.6265364289283752
805,0.3692876398563385
806,0.3641272783279419
807,0.2991117238998413
808,0.518173098564148
809,0.522366464138031
810,0.48691508173942566
811,0.47389939427375793
812,0.4106009006500244
813,0.2914278507232666
814,0.4959460496902466
815,0.5116273164749146
816,0.46079021692276
817,0.3445175290107727
818,0.5717849731445312
819,0.3604606091976166
820,0.4608214199542999
821,0.45072320103645325
822,0.526512622833252
823,0.2516144812107086
824,0.6207942962646484
825,0.38611212372779846
826,0.27876558899879456
827,0.2842525541782379
828,0.5032477378845215
829,0.66558438539505
830,0.3368991017341614
831,0.19218306243419647
832,0.42528101801872253
833,0.5019519925117493
834,0.7071189880371094
835,0.42468321323394775
836,0.2534859776496887
837,0.5729959607124329
838,0.330026239156723
839,0.3041525185108185
840,0.575939416885376
841,0.5527076125144958
842,0.5300961136817932
843,0.5609067678451538
844,0.19692352414131165
845,0.34124696254730225
846,0.538043200969696
847,0.6898375153541565
848,0.6617022752761841
849,0.6701319813728333
850,0.3360693156719208
851,0.5210962891578674
852,0.41974619030952454
853,0.2433491349220276
854,0.4431477189064026
855,0.5966702699661255
856,0.11350946873426437
857,0.42323586344718933
858,0.40804946422576904
859,0.37990471720695496
860,0.4477371871471405
861,0.22932420670986176
862,0.26067614555358887
863,0.5551012754440308
864,0.6844666004180908
865,0.311513215303421
866,0.37940526008605957
867,0.6109805107116699
868,0.4272359013557434
869,0.5945761203765869
870,0.6011618971824646
871,0.4288267195224762
872,0.24757210910320282
873,0.4784466624259949
874,0.4175836741924286
875,0.5742899179458618
876,0.45522868633270264
877,0.48828163743019104
878,0.3029673099517822
879,0.5375652313232422
880,0.4760948121547699
881,0.6602182388305664
882,0.02298649773001671
883,0.40869346261024475
884,0.3755989074707031
885,0.5735377669334412
886,0.5196433663368225
887,0.5059798359870911
888,0.4849698841571808
889,0.5710105299949646
890,0.2799620032310486
891,0.6403353810310364
892,0.21512603759765625
893,0.27435997128486633
894,0.06841535866260529
895,0.5157006978988647
896,0.46006345748901367
897,0.22482459247112274
898,0.19221672415733337
899,0.009272778406739235
900,0.658764660358429
901,0.454936683177948
902,0.23167891800403595
903,0.443535715341568
904,0.6571744680404663
905,0.515166163444519
906,0.38711586594581604
907,0.541094183921814
908,0.2688423693180084
909,0.5424649715423584
910,0.41323983669281006
911,0.375284880399704
912,0.5266326665878296
913,0.21197840571403503
914,0.5201890468597412
915,0.19403786957263947
916,0.15528656542301178
917,0.20970633625984192
918,0.09504473209381104
919,0.34908628463745117
920,0.3872820734977722
921,0.7145991921424866
922,0.4894005358219147
923,0.6568472981452942
924,0.06653770804405212
925,0.3247930705547333
926,0.48842111229896545
927,0.22145965695381165
928,0.5943213701248169
929,0.5451856851577759
930,0.40508735179901123
931,0.3453482985496521
932,0.22358401119709015
933,0.511410117149353
934,0.6099949479103088
935,0.6186061501502991
936,0.4409920573234558
937,0.42537572979927063
938,0.10653368383646011
939,0.37687188386917114
940,0.46190768480300903
941,0.6053444743156433
942,0.4912465810775757
943,0.5065781474113464
944,0.4929671883583069
945,0.19453255832195282
946,0.41743358969688416
947,0.18971794843673706
948,0.4814812242984772
949,0.4368201196193695
950,0.3024284839630127
951,0.7449533939361572
952,0.7200128436088562
953,0.06885644793510437
954,0.5894127488136292
955,0.4105614721775055
956,0.5851287841796875
957,0.33731576800346375
958,0.35271671414375305
959,0.11895766854286194
960,0.20642465353012085
961,0.6335703134536743
962,0.40552836656570435
963,0.27020934224128723
964,0.5335153341293335
965,0.5925202965736389
966,0.6933403015136719
967,0.3047686517238617
968,0.20104993879795074
969,0.4177108407020569
970,0.41807013750076294
971,0.3768460750579834
972,0.2580210864543915
973,0.4702305793762207
974,0.47726863622665405
975,0.5202731490135193
976,0.341666579246521
977,0.3033283054828644
978,0.3096126616001129
979,0.38392242789268494
980,0.3748341500759125
981,0.2065024971961975
982,0.3983197808265686
983,0.16863034665584564
984,0.4292658269405365
985,0.2970864772796631
986,0.2411133348941803
987,0.5647677183151245
988,0.44673243165016174
989,0.26221176981925964
990,0.39584559202194214
991,0.4750794768333435
992,0.5445572733879089
993,0.5361120700836182
994,0.4618948698043823
995,0.579644501209259
996,0.6200040578842163
997,0.609463095664978
998,0.6822059154510498
999,0.4178054928779602
1000,0.4990461766719818
1001,0.20117783546447754
1002,0.42312005162239075
1003,0.28571513295173645
1004,0.24429786205291748
1005,0.3864762485027313
1006,0.35618653893470764
1007,0.4649824798107147
1008,0.5501662492752075
1009,0.5758916139602661
1010,0.7071179151535034
1011,0.25240471959114075
1012,0.6127517819404602
1013,0.5200637578964233
1014,0.4138692617416382
1015,0.2683757543563843
1016,0.5818523168563843
1017,0.3962056338787079
1018,0.38138091564178467
1019,0.2282227873802185
1020,0.44980546832084656
1021,0.3469487428665161
1022,0.5069882869720459
1023,0.2656210958957672
1024,0.43878957629203796
1025,0.6685819625854492
1026,0.2649531066417694
1027,0.4297088384628296
1028,0.43159499764442444
1029,0.26664337515830994
1030,0.44400328397750854
1031,0.395199716091156
1032,0.5628319382667542
1033,0.4276372790336609
1034,0.0964505672454834
1035,0.5509029626846313
1036,0.6567448973655701
1037,0.4959096610546112
1038,0.43467211723327637
1039,0.24892979860305786
1040,0.10906388610601425
1041,0.4393535852432251
1042,0.3237910568714142
1043,0.454977422952652
1044,0.4607855975627899
1045,0.3021071255207062
1046,0.08036359399557114
1047,0.49719664454460144
1048,0.5344771146774292
1049,0.08977506309747696
1050,0.5387808084487915
1051,0.4121800661087036
1052,0.23230716586112976
1053,0.4970085918903351
1054,0.579418420791626
1055,0.23265132308006287
1056,0.6985934972763062
1057,0.15784619748592377
1058,0.3475658595561981
1059,0.24057666957378387
1060,0.18200774490833282
1061,0.5902807712554932
1062,0.44180962443351746
1063,0.17062312364578247
1064,0.513083815574646
1065,0.44628310203552246
1066,0.2890303432941437
1067,0.4534105956554413
1068,0.46400055289268494
1069,0.42989057302474976
1070,0.2331520915031433
1071,0.19142058491706848
1072,0.34095650911331177
1073,0.13306045532226562
1074,0.6663755774497986
1075,0.4963550865650177
1076,0.3472525477409363
1077,0.3331465423107147
1078,0.6286108493804932
1079,0.6914960145950317
1080,0.4849218428134918
1081,0.13006196916103363
1082,0.44944772124290466
1083,0.444510817527771
1084,0.5850733518600464
1085,0.33270350098609924
1086,0.12515191733837128
1087,0.36705270409584045
1088,0.44065409898757935
1089,0.5118574500083923
1090,0.335678368806839
1091,0.41555696725845337
1092,0.35181692242622375
1093,0.435879647731781
1094,0.4650973975658417
1095,0.4494594633579254
1096,0.561982274055481
1097,0.517378568649292
1098,0.5671404600143433
1099,0.35277995467185974
1100,0.5813962817192078
1101,0.26841285824775696
1102,0.41229861974716187
1103,0.523939311504364
1104,0.46088069677352905
1105,0.4598919749259949
1106,0.44522538781166077
1107,0.5763475298881531
1108,0.12285850942134857
1109,0.5313510298728943
1110,0.3859241008758545
1111,0.7834088802337646
1112,0.5217730402946472
1113,0.22386744618415833
1114,0.4008849859237671
1115,0.5102044343948364
1116,0.4763568639755249
1117,0.2376663088798523
1118,0.3961012661457062
1119,0.5233734846115112
1120,0.5368945598602295
1121,0.5203782320022583
1122,0.5882495045661926
1123,0.27984654903411865
1124,0.20388847589492798
1125,0.3026547133922577
1126,0.5272281169891357
1127,0.4669494330883026
1128,0.4273636043071747
1129,0.28139635920524597
1130,0.3735942542552948
1131,0.47753995656967163
1132,0.560213565826416
1133,0.5556100606918335
1134,0.5476774573326111
1135,0.34737905859947205
1136,0.31771543622016907
1137,0.5294488072395325
1138,0.4132615327835083
1139,0.4892599284648895
1140,0.36267656087875366
1141,0.1366392821073532
1142,0.2403910756111145
1143,0.22230251133441925
1144,0.5925719141960144
1145,0.6089504361152649
1146,0.4070548713207245
1147,0.4395546019077301
1148,0.4751715660095215
1149,0.5416424870491028
1150,0.6869272589683533
1151,0.538733184337616
1152,0.36944782733917236
1153,0.4722989499568939
1154,0.554819643497467
1155,0.36431244015693665
1156,0.5455626845359802
1157,0.3124905526638031
1158,0.1628636121749878
1159,0.18733321130275726
1160,0.48256197571754456
1161,0.4190095067024231
1162,0.3577738404273987
1163,0.22046925127506256
1164,0.36570948362350464
1165,0.8104084730148315
1166,0.3645766079425812
1167,0.3239916265010834
1168,0.22521717846393585
1169,0.6606780886650085
1170,0.5267008543014526
1171,0.4145742654800415
1172,0.5427302122116089
1173,0.46461039781570435
1174,0.6453864574432373
1175,0.14902062714099884
1176,0.5076788067817688
1177,0.5823027491569519
1178,0.6314806342124939
1179,0.49713313579559326
1180,0.37485262751579285
1181,0.7799892425537109
1182,0.2532961368560791
1183,0.2991793155670166
1184,0.5570740699768066
1185,0.3164885938167572
1186,0.16000650823116302
1187,0.36208686232566833
1188,0.5330612659454346
1189,0.7510147094726562
1190,0.4887256920337677
1191,0.38990339636802673
1192,0.4107753038406372
1193,0.2167634665966034
1194,0.018958892673254013
1195,0.3226988911628723
1196,0.5544966459274292
1197,0.40975940227508545
1198,0.3531574308872223
1199,0.6390889286994934
1200,0.22303803265094757
1201,0.4773322641849518
1202,0.45277097821235657
1203,0.23427695035934448
1204,0.5187385082244873
1205,0.40491124987602234
1206,0.6745957136154175
1207,0.2675876021385193
1208,0.3404105603694916
1209,0.22890140116214752
1210,0.428494930267334
1211,0.3727722465991974
1212,0.36041706800460815
1213,0.4513765573501587
1214,0.6403407454490662
1215,0.6129333972930908
1216,0.36598077416419983
1217,0.2593473196029663
1218,0.3800167739391327
1219,0.5764582753181458
1220,0.4080175459384918
1221,0.6662487387657166
1222,0.24233804643154144
1223,0.39494752883911133
1224,0.6914108991622925
1225,0.7048218846321106
1226,0.34013405442237854
1227,0.4857877492904663
1228,0.3755749762058258
1229,0.2301158905029297
1230,0.37224265933036804
1231,0.19011247158050537
1232,0.15016977488994598
1233,0.46030393242836
1234,0.5245100855827332
1235,0.4099382758140564
1236,0.5143739581108093
1237,0.35076990723609924
1238,0.5918266773223877
1239,0.44195032119750977
1240,0.6177073121070862
1241,0.39671123027801514
1242,0.21265509724617004
1243,0.4815247654914856
1244,0.37593919038772583
1245,0.5188460350036621
1246,0.06640512496232986
1247,0.5413179397583008
1248,0.4616415798664093
1249,0.5528830885887146
1250,0.3495059311389923
1251,0.3038068413734436
1252,0.538260817527771
1253,0.5133565068244934
1254,0.44679564237594604
1255,0.4051452875137329
1256,0.40823084115982056
1257,0.604903519153595
1258,0.6448512673377991
1259,0.5281564593315125
1260,0.40073734521865845
1261,0.7034655809402466
1262,0.6335629820823669
1263,0.5029782652854919
1264,0.6188942193984985
1265,0.178318589925766
1266,0.32847896218299866
1267,0.3077476918697357
1268,0.516562819480896
1269,0.27417585253715515
1270,0.6503159403800964
1271,0.49790263175964355
1272,0.49256280064582825
1273,0.3892464339733124
1274,0.31615591049194336
1275,0.47827938199043274
1276,0.09213992953300476
1277,0.6534385681152344
1278,0.29322993755340576
1279,0.3687756061553955
1280,0.37764671444892883
1281,0.6948187947273254
1282,0.33833423256874084
1283,0.6137974262237549
1284,0.5636431574821472
1285,0.4343273937702179
1286,0.26795318722724915
1287,0.1454555243253708
1288,0.46122661232948303
1289,0.4352036714553833
1290,0.4178704619407654
1291,0.32845667004585266
1292,0.6646711230278015
1293,0.5512314438819885
1294,0.664583146572113
1295,0.5776824355125427
1296,0.2397037148475647
1297,0.32044726610183716
1298,0.4219673275947571
1299,0.5660923719406128
1300,0.41729217767715454
1301,0.45367273688316345
1302,0.20913486182689667
1303,0.5482446551322937
1304,0.13821573555469513
1305,0.2401975393295288
1306,0.22715288400650024
1307,0.3572522699832916
1308,0.47904008626937866
1309,0.4199235439300537
1310,0.1888713538646698
1311,0.37219202518463135
1312,0.38855862617492676
1313,0.2937943637371063
1314,0.3758050799369812
1315,0.5069717168807983
1316,0.33158281445503235
1317,0.4143647849559784
1318,0.4386155605316162
1319,0.26940202713012695
1320,0.3946162164211273
1321,0.346867173910141
1322,0.33121970295906067
1323,0.36079639196395874
1324,0.7677455544471741
1325,0.1667584776878357
1326,0.6026898622512817
1327,0.5049408674240112
1328,0.47469621896743774
1329,0.4926239848136902
1330,0.5669677257537842
1331,0.37200674414634705
1332,0.42193055152893066
1333,0.3805311918258667
1334,0.4984988272190094
1335,0.40793415904045105
1336,0.4875894784927368
1337,0.41975098848342896
1338,0.2608964145183563
1339,0.1648658812046051
1340,0.3703334331512451
1341,0.4307292699813843
1342,0.7236195802688599
1343,0.3417322039604187
1344,0.33591946959495544
1345,0.4918552339076996
1346,0.6019420027732849
1347,0.6505325436592102
1348,0.34293562173843384
1349,0.2310468852519989
1350,0.33569368720054626
1351,0.4532051682472229
1352,0.44010305404663086
1353,0.418586403131485
1354,0.3176625072956085
1355,0.24991104006767273
1356,0.3221466839313507
1357,0.5634796023368835
1358,0.2208433747291565
1359,0.17489193379878998
1360,0.4809039831161499
1361,0.040732577443122864
1362,0.5021466612815857
1363,0.6540501713752747
1364,0.2250378280878067
1365,0.40815624594688416
1366,0.3555559813976288
1367,0.3155989646911621
1368,0.5677250027656555
1369,0.4082302153110504
1370,0.20915360748767853
1371,0.16424988210201263
1372,0.216630220413208
1373,0.2819802463054657
1374,0.5808170437812805
1375,0.42317649722099304
1376,0.4033328890800476
1377,0.6624998450279236
1378,0.48275142908096313
1379,0.7099829912185669
1380,0.32236728072166443
1381,0.414862722158432
1382,0.2078680843114853
1383,0.5167331099510193
1384,0.27534064650535583
1385,0.23578304052352905
1386,0.6532145142555237
1387,0.5864719748497009
1388,0.26128125190734863
1389,0.4068413972854614
1390,0.51836758852005
1391,0.37132298946380615
1392,0.5949847102165222
1393,0.22159886360168457
1394,0.34227725863456726
1395,0.6416701078414917
1396,0.5723495483398438
1397,0.29224157333374023
1398,0.8422205448150635
1399,0.5615741610527039
1400,0.7095507979393005
1401,0.30278706550598145
1402,0.6688814759254456
1403,0.3740029036998749
1404,0.16626287996768951
1405,0.5736896395683289
1406,0.41917556524276733
1407,0.4567759335041046
1408,0.19524165987968445
1409,0.6479964852333069
1410,0.27945220470428467
1411,0.4200112521648407
1412,0.30765753984451294
1413,0.40294843912124634
1414,0.33255133032798767
1415,0.3698022961616516
1416,0.35231077671051025
1417,0.341581791639328
1418,0.06532562524080276
1419,0.15352995693683624
1420,0.5111818909645081
1421,0.401123970746994
1422,0.2963372766971588
1423,0.3521389663219452
1424,0.5533519387245178
1425,0.11295092850923538
1426,0.345576673746109
1427,0.6860237121582031
1428,0.4708382487297058
1429,0.5527863502502441
1430,0.2863079011440277
1431,0.24204815924167633
1432,0.12665244936943054
1433,0.2172420769929886
1434,0.5114408135414124
1435,0.29071298241615295
1436,0.6422643661499023
1437,0.693028450012207
1438,0.36271631717681885
1439,0.4015812575817108
1440,0.6449758410453796
1441,0.43605518341064453
1442,0.2871995270252228
1443,0.5339744687080383
1444,0.4915113151073456
1445,0.45723727345466614
1446,0.3547278940677643
1447,0.4670637547969818
1448,0.18685376644134521
1449,0.4743672013282776
1450,0.4762085974216461
1451,0.41294217109680176
1452,0.051951613277196884
1453,0.4582000970840454
1454,0.36367690563201904
1455,0.5223680734634399
1456,0.2624649703502655
1457,0.5356225371360779
1458,0.35271599888801575
1459,0.5759598016738892
1460,0.4916952848434448
1461,0.6146178841590881
1462,0.4691757559776306
1463,0.2297181785106659
1464,0.7250123620033264
1465,0.524604856967926
1466,0.30914396047592163
1467,0.22245989739894867
1468,0.4093817174434662
1469,0.3779986500740051
1470,0.7474850416183472
1471,0.43679165840148926
1472,0.2101549208164215
1473,0.42051616311073303
1474,0.5932039618492126
1475,0.4763696491718292
1476,0.5365456342697144
1477,0.3904784917831421
1478,0.14003513753414154
1479,0.3936696946620941
1480,0.31037527322769165
1481,0.3337670862674713
1482,0.6058597564697266
1483,0.5411354303359985
1484,0.15440019965171814
1485,0.45695221424102783
1486,0.2017429620027542
1487,0.4346400797367096
1488,0.413796603679657
1489,0.42324841022491455
1490,0.46175459027290344
1491,0.3513083755970001
1492,0.5164313316345215
1493,0.30988702178001404
1494,0.46436184644699097
1495,0.4268490970134735
1496,0.5451108813285828
1497,0.014125818386673927
1498,0.29072335362434387
1499,0.4594951570034027
1500,0.642512857913971
1501,0.4496583342552185
1502,0.03211680054664612
1503,0.44966596364974976
1504,0.5242517590522766
1505,0.2158750295639038
1506,0.538479208946228
1507,0.3744581341743469
1508,0.27712979912757874
1509,0.4669918119907379
1510,0.33385372161865234
1511,0.513038694858551
1512,0.2041293829679489
1513,0.10537967085838318
1514,0.39125001430511475
1515,0.4350831210613251
1516,0.2685891389846802
1517,0.48914653062820435
1518,0.13121752440929413
1519,0.6586130857467651
1520,0.33236610889434814
1521,0.2302883118391037
1522,0.5067821741104126
1523,0.38644516468048096
1524,0.3713720738887787
1525,0.3177323043346405
1526,0.3527427911758423
1527,0.2891429364681244
1528,0.24556435644626617
1529,0.5044548511505127
1530,0.44629940390586853
1531,0.4472353756427765
1532,0.5170224905014038
1533,0.40388962626457214
1534,0.35377246141433716
1535,0.5126018524169922
1536,0.5169928073883057
1537,0.5218824744224548
1538,0.27753734588623047
1539,0.6414631605148315
1540,0.17304085195064545
1541,0.6256814002990723
1542,0.2945958375930786
1543,0.45978251099586487
1544,0.2653939425945282
1545,0.2416590303182602
1546,0.40188896656036377
1547,0.49765610694885254
1548,0.3618352711200714
1549,0.6436675190925598
1550,0.48143187165260315
1551,0.49697738885879517
1552,0.22335055470466614
1553,0.41351237893104553
1554,0.25265538692474365
1555,0.3442147672176361
1556,0.4532831907272339
1557,0.46556031703948975
1558,0.226273313164711
1559,0.33551153540611267
1560,0.43042752146720886
1561,0.3525216579437256
1562,0.40465059876441956
1563,0.6811572909355164
1564,0.8308021426200867
1565,0.4450434148311615
1566,0.6707375645637512
1567,0.41417527198791504
1568,0.4252786934375763
1569,0.2903904914855957
1570,0.3721902072429657
1571,0.3763304650783539
1572,0.19488878548145294
1573,0.27482613921165466
1574,0.475333571434021
1575,0.37450969219207764
1576,0.500110387802124
1577,0.48779791593551636
1578,0.37738490104675293
1579,0.3850928544998169
1580,0.48908424377441406
1581,0.2919716238975525
1582,0.2445107102394104
1583,0.46127864718437195
1584,0.47679513692855835
1585,0.32822078466415405
1586,0.21654635667800903
1587,0.4435875713825226
1588,0.7290303111076355
1589,0.46202120184898376
1590,0.4671674072742462
1591,0.17796622216701508
1592,0.6161504983901978
1593,0.5429567694664001
1594,0.5792394280433655
1595,0.37845033407211304
1596,0.41978687047958374
1597,0.2637445330619812
1598,0.274160236120224
1599,0.4321970045566559
1600,0.38732078671455383
1601,0.48112595081329346
1602,0.5418763160705566
1603,0.36734887957572937
1604,0.6343179941177368
1605,0.8552923798561096
1606,0.5260542631149292
1607,0.6525770425796509
1608,0.5696349143981934
1609,0.22371284663677216
1610,0.38119053840637207
1611,0.6297328472137451
1612,0.7323386669158936
1613,0.5422003269195557
1614,0.33347997069358826
1615,0.3751842975616455
1616,0.35997870564460754
1617,0.7814816832542419
1618,0.2457636445760727
1619,0.4324677884578705
1620,0.39348047971725464
1621,0.46554261445999146
1622,0.47322264313697815
1623,0.4143436551094055
1624,0.06196950003504753
1625,0.6598103642463684
1626,0.26936668157577515
1627,0.5496522784233093
1628,0.07687580585479736
1629,0.16775815188884735
1630,0.37778186798095703
1631,0.40897467732429504
1632,0.5527296662330627
1633,0.4835124611854553
1634,0.543292224407196
1635,0.5347889065742493
1636,0.561460554599762
1637,0.47295379638671875
1638,0.5214796662330627
1639,0.36881381273269653
1640,0.38604000210762024
1641,0.3008899688720703
1642,0.42476677894592285
1643,0.2152353972196579
1644,0.6269693970680237
1645,0.3137710392475128
1646,0.4087640941143036
1647,0.5545749664306641
1648,0.7087162137031555
1649,0.49878332018852234
1650,0.4179912805557251
1651,0.19071681797504425
1652,0.5916364789009094
1653,0.5030755400657654
1654,0.27837473154067993
1655,0.6202800869941711
1656,0.2541898787021637
1657,0.5538268089294434
1658,0.3169361650943756
1659,0.41290006041526794
1660,0.38749632239341736
1661,0.3918609023094177
1662,0.6694720387458801
1663,0.35539349913597107
1664,0.5604862570762634
1665,0.28816670179367065
1666,0.26084843277931213
1667,0.19045709073543549
1668,0.5862302184104919
1669,0.6732481122016907
1670,0.405040442943573
1671,0.6828511953353882
1672,0.7199928760528564
1673,0.33979806303977966
1674,0.6187533736228943
1675,0.4242536723613739
1676,0.2660456895828247
1677,0.4496484696865082
1678,0.5308049321174622
1679,0.39087289571762085
1680,0.5817466378211975
1681,0.4478679299354553
1682,0.5976815819740295
1683,0.44810187816619873
1684,0.4830050468444824
1685,0.41754648089408875
1686,0.7200372815132141
1687,0.771534264087677
1688,0.20753304660320282
1689,0.6549388766288757
1690,0.5269534587860107
1691,0.2739504277706146
1692,0.41123172640800476
1693,0.05761517211794853
1694,0.5657244920730591
1695,0.526190996170044
1696,0.24286477267742157
1697,0.19056452810764313
1698,0.17489856481552124
1699,0.2714211344718933
1700,0.39760151505470276
1701,0.5134495496749878
1702,0.35658782720565796
1703,0.22594837844371796
1704,-0.007117555011063814
1705,0.221100851893425
1706,0.3196951150894165
1707,0.4792986512184143
1708,0.36280277371406555
1709,0.3657810091972351
1710,0.4286568760871887
1711,0.4126971364021301
1712,0.6726023554801941
1713,0.2960813343524933
1714,0.15394237637519836
1715,0.2053724229335785
1716,0.3681652545928955
1717,0.054592061787843704
1718,0.35708844661712646
1719,0.21389204263687134
1720,0.29031047224998474
1721,0.2411474734544754
1722,0.046751413494348526
1723,0.5670422911643982
1724,0.31277427077293396
1725,0.4845208525657654
1726,0.2191532552242279
1727,0.3256624639034271
1728,0.4206114411354065
1729,0.4223772883415222
1730,0.7056459784507751
1731,0.3979322612285614
1732,0.616192638874054
1733,0.0741586685180664
1734,0.4557676613330841
1735,0.24430909752845764
1736,0.6410188674926758
1737,0.3924139440059662
1738,0.5955360531806946
1739,0.4685131013393402
1740,0.41401979327201843
1741,0.6484399437904358
1742,0.3822367191314697
1743,0.5356348156929016
1744,0.38436073064804077
1745,0.5322054028511047
1746,0.6044111847877502
1747,0.28397136926651
1748,0.6253958940505981
1749,0.48381146788597107
1750,0.3770239055156708
1751,0.4964781105518341
1752,0.5620941519737244
1753,0.3595150113105774
1754,0.37492790818214417
1755,0.32125723361968994
1756,0.5050060153007507
1757,0.6946525573730469
1758,0.4321154057979584
1759,0.37725892663002014
1760,0.433878093957901
1761,0.21325096487998962
1762,0.36235523223876953
1763,0.548018217086792
1764,0.7797390818595886
1765,0.44530144333839417
1766,0.29944613575935364
1767,0.5568599104881287
1768,0.6204249262809753
1769,0.46868017315864563
1770,0.33831366896629333
1771,0.4656311869621277
1772,0.4834851622581482
1773,0.29655933380126953
1774,0.5468688607215881
1775,0.16548070311546326
1776,0.4723305404186249
1777,0.46412205696105957
1778,0.36029937863349915
1779,0.6146804094314575
1780,0.5128709077835083
1781,0.5367883443832397
1782,0.4375673532485962
1783,0.31796348094940186
1784,0.42551642656326294
1785,0.19071565568447113
1786,0.28549933433532715
1787,0.3977416157722473
1788,0.334949791431427
1789,0.4118264615535736
1790,0.4749111533164978
1791,0.3343869745731354
1792,0.5812016129493713
1793,0.3833813965320587
1794,0.3979668617248535
1795,0.3893776834011078
1796,0.4955902695655823
1797,0.5266294479370117
1798,0.575075089931488
1799,0.3661186099052429
1800,0.45321160554885864
1801,0.3016936480998993
1802,0.6441185474395752
1803,0.6103001832962036
1804,0.46790945529937744
1805,0.5080398917198181
1806,0.6582924723625183
1807,0.3667588531970978
1808,0.2641552686691284
1809,0.3198348581790924
1810,0.2006348818540573
1811,0.26516568660736084
1812,0.3430421054363251
1813,0.3202137351036072
1814,0.46368128061294556
1815,0.42052146792411804
1816,0.532492458820343
1817,0.5763190388679504
1818,0.15781216323375702
1819,0.28124162554740906
1820,0.6201716065406799
1821,0.313261479139328
1822,0.6322320103645325
1823,0.2992297410964966
1824,-0.083090640604496
1825,0.535065233707428
1826,0.4084528386592865
1827,0.559826135635376
1828,0.39284852147102356
1829,0.47877857089042664
1830,0.6023354530334473
1831,0.3223646283149719
1832,0.1888386607170105
1833,0.23600929975509644
1834,0.3766137361526489
1835,0.8264207243919373
1836,0.25507238507270813
1837,0.39751410484313965
1838,0.5789753198623657
1839,0.04203040897846222
1840,0.4027443826198578
1841,0.2221066653728485
1842,0.5178873538970947
1843,0.6754826903343201
1844,0.7046195864677429
1845,0.5680378079414368
1846,0.32472866773605347
1847,0.5012732744216919
1848,0.3492332696914673
1849,0.48150646686553955
1850,0.48168468475341797
1851,0.6315954923629761
1852,0.2325870245695114
1853,0.4207898676395416
1854,0.5299912095069885
1855,0.5877765417098999
1856,0.754268229007721
1857,0.5989875793457031
1858,0.36335742473602295
1859,0.6145811080932617
1860,0.40965789556503296
1861,0.6353834867477417
1862,0.4011151194572449
1863,0.36172428727149963
1864,0.3404982089996338
1865,0.4546096920967102
1866,0.33565619587898254
1867,0.5074847936630249
1868,0.16077806055545807
1869,0.6354373693466187
1870,0.4729190766811371
1871,0.45979851484298706
1872,0.7330349087715149
1873,0.5550968050956726
1874,0.3713994324207306
1875,0.3678039014339447
1876,0.808563768863678
1877,0.3862951695919037
1878,0.2300124168395996
1879,0.7035993337631226
1880,0.2927417457103729
1881,0.4525222182273865
1882,0.24368970096111298
1883,0.04347839951515198
1884,0.5506521463394165
1885,0.2583388388156891
1886,0.3830541670322418
1887,0.42887359857559204
1888,0.4505884051322937
1889,0.41352856159210205
1890,0.36893230676651
1891,0.439166784286499
1892,0.24443982541561127
1893,0.750404953956604
1894,0.3524757921695709
1895,0.12637454271316528
1896,0.29175108671188354
1897,0.21546199917793274
1898,0.5109184980392456
1899,0.5369709730148315
1900,0.6337758302688599
1901,0.2177518904209137
1902,0.36900168657302856
1903,0.3955274522304535
1904,0.30726465582847595
1905,0.44726207852363586
1906,0.40948212146759033
1907,0.49040889739990234
1908,0.46589410305023193
1909,0.16360893845558167
1910,0.40062451362609863
1911,0.39736345410346985
1912,0.4797101616859436
1913,0.31063300371170044
1914,0.6353589296340942
1915,0.5339305996894836
1916,0.43322432041168213
1917,0.6640785336494446
1918,0.58907151222229
1919,0.43509718775749207
1920,0.41759058833122253
1921,0.20885322988033295
1922,0.4594425857067108
1923,0.4043480455875397
1924,0.16412368416786194
1925,0.5022894740104675
1926,0.3377183973789215
1927,0.42410993576049805
1928,0.39920538663864136
1929,0.604341983795166
1930,0.30627018213272095
1931,0.3830625116825104
1932,0.4532889127731323
1933,0.4313165545463562
1934,0.11479346454143524
1935,0.3009793758392334
1936,0.3018897771835327
1937,0.604343056678772
1938,0.5388813614845276
1939,0.3633609712123871
1940,0.025120267644524574
1941,0.2617432177066803
1942,0.33646732568740845
1943,0.6052642464637756
1944,0.4992377460002899
1945,0.26016125082969666
1946,0.5942383408546448
1947,0.27109453082084656
1948,0.8095540404319763
1949,0.4471827447414398
1950,0.5092636346817017
1951,0.40710949897766113
1952,0.14211176335811615
1953,0.5440334677696228
1954,0.4401422142982483
1955,0.6152547001838684
1956,0.4786224961280823
1957,0.4558943808078766
1958,0.7287567853927612
1959,0.26273009181022644
1960,0.47636449337005615
1961,0.5485178828239441
1962,0.3606693744659424
1963,0.2797980010509491
1964,0.2732030749320984
1965,0.4859638512134552
1966,0.3683803975582123
1967,0.38163986802101135
1968,0.17520588636398315
1969,0.4276275336742401
1970,0.6731684803962708
1971,0.6336966156959534
1972,0.45777276158332825
1973,0.3318694829940796
1974,0.44504597783088684
1975,0.39608532190322876
1976,0.1772775948047638
1977,0.5999188423156738
1978,0.4501290023326874
1979,0.631399393081665
1980,0.3244757354259491
1981,0.6080799102783203
1982,0.260963499546051
1983,0.42812812328338623
1984,0.6339812278747559
1985,0.4640922546386719
1986,0.6139969825744629
1987,0.2533838450908661
1988,0.6633127927780151
1989,0.5748587846755981
1990,0.4494554400444031
1991,0.534737229347229
1992,0.33923617005348206
1993,0.46238183975219727
1994,0.6090202331542969
1995,0.6000823378562927
1996,0.3438608646392822
1997,0.21548619866371155
1998,0.3839780390262604
1999,0.3356826603412628
2000,0.5041031241416931
2001,0.34455758333206177
2002,0.40976157784461975
2003,0.451221227645874
2004,0.6855831742286682
2005,0.31398138403892517
2006,0.6149753928184509
2007,0.3641003966331482
2008,0.4964224100112915
2009,0.5332911014556885
2010,0.4250444769859314
2011,0.2734377384185791
2012,0.5777409672737122
2013,0.24682462215423584
2014,0.3245975971221924
2015,0.6329255104064941
2016,0.3864746391773224
2017,0.20524099469184875
2018,0.5316833257675171
2019,0.3955082595348358
2020,0.041055675595998764
2021,0.48206716775894165
2022,0.2523638606071472
2023,0.40562835335731506
2024,0.4212612807750702
2025,0.5384859442710876
2026,0.48282063007354736
2027,0.4250200390815735
2028,0.4695432484149933
2029,0.6393762230873108
2030,0.5060668587684631
2031,0.42809444665908813
2032,0.49118998646736145
2033,0.3733810782432556
2034,0.46829360723495483
2035,0.5727411508560181
2036,0.7555571794509888
2037,0.3421953618526459
2038,0.8605480194091797
2039,0.5885038375854492
2040,0.48479145765304565
2041,0.24388182163238525
2042,0.4204193651676178
2043,0.536760687828064
2044,0.3785014748573303
2045,0.2660911977291107
2046,0.48978450894355774
2047,0.27402040362358093
2048,0.44475388526916504
2049,0.24681265652179718
2050,0.4607263207435608
2051,0.7015935182571411
2052,0.6261208653450012
2053,0.013572522439062595
2054,0.5573558807373047
2055,0.7634793519973755
2056,0.4550146162509918
2057,0.5335335731506348
2058,0.3345887362957001
2059,0.6719499826431274
2060,0.3764456510543823
2061,0.5644774436950684
2062,0.4542732834815979
2063,0.5716214776039124
2064,0.4613572955131531
2065,0.6205666661262512
2066,0.3618815541267395
2067,0.4747706651687622
2068,0.3193812370300293
2069,0.47930142283439636
2070,0.8137938380241394
2071,0.28710365295410156
2072,0.2575528025627136
2073,0.4223572015762329
2074,0.6658121943473816
2075,0.4700167775154114
2076,0.6477140784263611
2077,0.2514289915561676
2078,0.5284650325775146
2079,0.4994297921657562
2080,0.8115056753158569
2081,0.4408474564552307
2082,0.22848722338676453
2083,0.3319554626941681
2084,0.3884853720664978
2085,0.5105063319206238
2086,0.5018318891525269
2087,0.40220627188682556
2088,0.2522961497306824
2089,0.40187889337539673
2090,0.5375964641571045
2091,0.2194633036851883
2092,0.2975945472717285
2093,0.352207213640213
2094,0.6361557245254517
2095,0.4707508385181427
2096,0.22191530466079712
2097,0.5678712129592896
2098,0.37087565660476685
2099,0.36226776242256165
2100,0.18229520320892334
2101,0.24326841533184052
2102,0.32124871015548706
2103,0.2967745065689087
2104,0.2729572355747223
2105,0.36955007910728455
2106,0.5250406265258789
2107,0.3937181830406189
2108,0.5282155275344849
2109,0.43086063861846924
2110,0.32483038306236267
2111,0.511163055896759
2112,0.4376468360424042
2113,0.24352389574050903
2114,0.3769973814487457
2115,0.5210122466087341
2116,0.25973522663116455
2117,0.06973732262849808
2118,0.5158601999282837
2119,0.48799535632133484
2120,0.26070088148117065
2121,0.39036792516708374
2122,0.6150625348091125
2123,0.2408004105091095
2124,0.4615841507911682
2125,0.5280764102935791
2126,0.16272158920764923
2127,0.499485045671463
2128,0.538408100605011
2129,0.39206644892692566
2130,0.529461681842804
2131,0.5636864900588989
2132,0.32621681690216064
2133,0.46602049469947815
2134,0.323235422372818
2135,0.3241247534751892
2136,0.42413991689682007
2137,0.6524639129638672
2138,0.26032358407974243
2139,0.630814254283905
2140,0.4386124908924103
2141,0.13842268288135529
2142,0.05484583601355553
2143,0.18550683557987213
2144,0.3843926191329956
2145,0.47336745262145996
2146,0.4063950181007385
2147,0.39902424812316895
2148,0.030997293069958687
2149,0.28221461176872253
2150,0.6117547154426575
2151,0.24150827527046204
2152,0.4213617742061615
2153,0.07973170280456543
2154,0.45427635312080383
2155,0.5980375409126282
2156,0.5942108035087585
2157,0.6430366635322571
2158,0.4475550949573517
2159,0.7213114500045776
2160,0.2627079486846924
2161,0.5160630345344543
2162,0.4141009747982025
2163,0.01844792626798153
2164,0.6408268809318542
2165,0.13514204323291779
2166,0.5084924697875977
2167,0.6260882019996643
2168,0.23285117745399475
2169,0.49544793367385864
2170,0.09255079925060272
2171,0.5981956720352173
2172,0.4204334616661072
2173,0.527372419834137
2174,0.0329330638051033
2175,0.4746982753276825
2176,0.5185586214065552
2177,0.33160215616226196
2178,0.37123531103134155
2179,0.30013951659202576
2180,0.22861340641975403
2181,0.36512309312820435
2182,0.4737025201320648
2183,0.199365496635437
2184,0.29818862676620483
2185,0.17695440351963043
2186,0.33325886726379395
2187,0.48972833156585693
2188,0.14118748903274536
2189,0.3666248619556427
2190,0.2571464478969574
2191,0.4063540995121002
2192,0.5633285045623779
2193,0.4471813440322876
2194,0.4141313433647156
2195,0.4775979816913605
2196,0.48308613896369934
2197,0.4435981810092926
2198,0.3587092459201813
2199,0.42180049419403076
2200,0.32751989364624023
2201,0.2770530581474304
2202,0.5402534008026123
2203,0.3619615137577057
2204,0.6220707893371582
2205,0.04700058698654175
2206,0.6444636583328247
2207,0.47010526061058044
2208,0.3021557927131653
2209,0.36306533217430115
2210,0.33192193508148193
2211,0.2822003662586212
2212,0.25247716903686523
2213,0.6285887956619263
2214,0.3387061655521393
2215,0.3484625220298767
2216,0.5088165402412415
2217,0.42156776785850525
2218,0.34270069003105164
2219,0.7350553274154663
2220,0.6037856936454773
2221,0.4192206561565399
2222,0.3184010088443756
2223,0.6274828314781189
2224,0.6254958510398865
2225,0.647341787815094
2226,0.25958913564682007
2227,0.4650111496448517
2228,0.19379495084285736
2229,0.5184082984924316
2230,0.19922493398189545
2231,0.33944618701934814
2232,0.5785608887672424
2233,0.6922144293785095
2234,0.23848535120487213
2235,0.23921336233615875
2236,0.6650214195251465
2237,0.5830976963043213
2238,0.28345802426338196
2239,0.6475242972373962
2240,0.25320008397102356
2241,-0.09079091250896454
2242,0.3262932300567627
2243,0.3890259861946106
2244,0.6151267886161804
2245,0.647437334060669
2246,0.5714803338050842
2247,0.3453419506549835
2248,0.3675241470336914
2249,0.3242426812648773
2250,0.3262447416782379
2251,0.49488797783851624
2252,0.6955206394195557
2253,0.5393655896186829
2254,0.4400254786014557
2255,0.2980678975582123
2256,0.49409934878349304
2257,0.40356409549713135
2258,0.3598773181438446
2259,0.48865556716918945
2260,0.24664635956287384
2261,0.17003363370895386
2262,0.39584049582481384
2263,0.7895985841751099
2264,0.5007107853889465
2265,0.729698657989502
2266,0.44667187333106995
2267,0.5102011561393738
2268,0.5049656629562378
2269,0.30163076519966125
2270,0.243624746799469
2271,0.4559670686721802
2272,0.3046797215938568
2273,0.6061238646507263
2274,0.47504284977912903
2275,0.48434627056121826
2276,0.619362473487854
2277,0.35111287236213684
2278,0.514533281326294
2279,0.28490781784057617
2280,0.4852810204029083
2281,0.5253810882568359
2282,0.13380323350429535
2283,0.09660965949296951
2284,0.26721474528312683
2285,0.7300981879234314
2286,0.432269811630249
2287,0.3637346029281616
2288,0.32566773891448975
2289,0.6573635339736938
2290,0.3576497733592987
2291,0.20275847613811493
2292,0.40127041935920715
2293,0.45211508870124817
2294,0.4786742031574249
2295,0.35621851682662964
2296,0.26540181040763855
2297,0.48677417635917664
2298,0.41444674134254456
2299,0.17630846798419952
2300,0.3674098551273346
2301,0.7137411236763
2302,0.14075052738189697
2303,0.22410158812999725
2304,0.31884637475013733
2305,0.17625544965267181
2306,0.3688338100910187
2307,0.711495041847229
2308,0.20902639627456665
2309,0.42218324542045593
2310,0.5739994645118713
2311,0.36924389004707336
2312,0.6102374196052551
2313,0.2551518976688385
2314,0.3551487326622009
2315,0.5784319043159485
2316,0.5283676981925964
2317,0.5624856352806091
2318,0.1944463551044464
2319,0.46978747844696045
2320,0.34586337208747864
2321,0.3321565091609955
2322,0.43281224370002747
2323,0.6069287061691284
2324,0.12857802212238312
2325,0.383466511964798
2326,0.6166618466377258
2327,0.4811954200267792
2328,0.4008632302284241
2329,0.4868726432323456
2330,0.1959904581308365
2331,0.4643059968948364
2332,0.5407754182815552
2333,0.5951955318450928
2334,0.3613828122615814
2335,0.42366036772727966
2336,0.32848039269447327
2337,0.20457153022289276
2338,0.4607500433921814
2339,0.4249579906463623
2340,0.4355962574481964
2341,0.41406694054603577
2342,0.6711812615394592
2343,0.3920041620731354
2344,0.33830663561820984
2345,0.3827982246875763
2346,0.3789803683757782
2347,0.291887104511261
2348,0.34963735938072205
2349,0.3247002363204956
2350,0.4842543303966522
2351,0.37065207958221436
2352,0.23781763017177582
2353,0.5037777423858643
2354,0.3129860758781433
2355,0.3680161237716675
2356,0.30931344628334045
2357,0.6734849214553833
2358,0.3198915421962738
2359,0.2739311456680298
2360,0.5955920815467834
2361,0.2982497215270996
2362,0.26833856105804443
2363,0.41233763098716736
2364,0.56760174036026
2365,0.35125264525413513
2366,0.5273053646087646
2367,0.4639338552951813
2368,0.48058390617370605
2369,0.4290493428707123
2370,0.541226863861084
2371,0.44124937057495117
2372,0.3505251705646515
2373,0.3422068655490875
2374,0.3487550914287567
2375,0.3878568708896637
2376,0.3598897159099579
2377,0.318556010723114
2378,0.4065748453140259
2379,0.6395338177680969
2380,0.6376330256462097
2381,0.35098373889923096
2382,0.5953335165977478
2383,0.468655526638031
2384,0.4436277151107788
2385,0.14740650355815887
2386,0.4352862238883972
2387,0.1739206612110138
2388,0.026028519496321678
2389,0.12609148025512695
2390,0.3907950818538666
2391,0.5336023569107056
2392,0.3714506924152374
2393,0.4898410439491272
2394,0.5355651378631592
2395,0.37731462717056274
2396,0.6263456344604492
2397,0.3543466329574585
2398,0.120301254093647
2399,0.678745687007904
2400,0.19263143837451935
2401,0.5795212388038635
2402,0.5538076162338257
2403,0.38568055629730225
2404,0.5638023018836975
2405,0.619190514087677
2406,0.3587532937526703
2407,0.20613384246826172
2408,0.3883383274078369
2409,0.5008324980735779
2410,0.454192578792572
2411,0.22226127982139587
2412,0.6452047228813171
2413,0.678899347782135
2414,0.18474604189395905
2415,0.5048568248748779
2416,0.45322665572166443
2417,0.621170699596405
2418,0.5250122547149658
2419,0.32707491517066956
2420,0.20234480500221252
2421,0.5182814002037048
2422,0.20937789976596832
2423,0.266851544380188
2424,0.11768998950719833
2425,0.412817120552063
2426,0.2764810025691986
2427,0.1857777088880539
2428,0.4957650899887085
2429,0.3161286413669586
2430,0.4870462715625763
2431,0.5639193058013916
2432,0.4382036328315735
2433,0.6484275460243225
2434,0.4411903917789459
2435,0.5233154296875
2436,0.5556007027626038
2437,0.40776148438453674
2438,0.2112656980752945
2439,0.5951913595199585
2440,0.2888927161693573
2441,0.2023136019706726
2442,0.34106287360191345
2443,0.6052287220954895
2444,0.5838136076927185
2445,0.19678297638893127
2446,0.7223746180534363
2447,0.4788450002670288
2448,0.4131629467010498
2449,0.2286168783903122
2450,0.26941439509391785
2451,0.43794143199920654
2452,0.40464869141578674
2453,0.35636958479881287
2454,0.4322775900363922
2455,0.6656702756881714
2456,0.36955735087394714
2457,0.08519220352172852
2458,0.3172757625579834
2459,0.41624072194099426
2460,0.3161841630935669
2461,0.4168674647808075
2462,0.2977823317050934
2463,0.7804533839225769
2464,0.5414493680000305
2465,0.6531742215156555
2466,0.3341619372367859
2467,0.4260292947292328
2468,0.5828002691268921
2469,0.6638227701187134
2470,0.4002167880535126
2471,0.31210583448410034
2472,0.32023152709007263
2473,0.34560713171958923
2474,0.45733094215393066
2475,0.4386956989765167
2476,0.4114185869693756
2477,0.2603658139705658
2478,0.44093644618988037
2479,0.5265610218048096
2480,0.300393670797348
2481,0.4692452847957611
2482,0.5162642598152161
2483,0.3927328586578369
2484,0.5944536924362183
2485,0.2970237731933594
2486,0.6988053917884827
2487,0.41522499918937683
2488,0.3752056062221527
2489,0.5260379910469055
2490,0.191681370139122
2491,0.3288348615169525
2492,0.6679461598396301
2493,0.4252573251724243
2494,0.5993223190307617
2495,0.371986985206604
2496,0.3650414049625397
2497,0.41264259815216064
2498,0.5049033164978027
2499,0.7835264801979065
2500,0.6447234749794006
2501,0.2496500462293625
2502,0.48655593395233154
2503,0.5587347745895386
2504,0.06309344619512558
2505,0.42864990234375
2506,0.47934094071388245
2507,0.49516671895980835
2508,0.5494756698608398
2509,0.33146971464157104
2510,0.36724069714546204
2511,0.5968584418296814
2512,0.6592220067977905
2513,0.21147480607032776
2514,0.5894875526428223
2515,0.2502672076225281
2516,0.7499542236328125
2517,0.6551710963249207
2518,0.1944517344236374
2519,0.36408600211143494
2520,0.45729923248291016
2521,0.6450079083442688
2522,0.409465491771698
2523,0.17049822211265564
2524,0.47715499997138977
2525,0.26425614953041077
2526,0.4246537983417511
2527,0.5775526762008667
2528,0.46600183844566345
2529,0.3066600561141968
2530,0.27926385402679443
2531,0.5737289786338806
2532,0.43030741810798645
2533,0.49245187640190125
2534,0.3575848639011383
2535,0.8131946921348572
2536,0.2190532684326172
2537,0.6110764145851135
2538,0.6214409470558167
2539,0.541912317276001
2540,0.28821930289268494
2541,0.4310254454612732
2542,0.4997631311416626
2543,0.5803406238555908
2544,0.7093555927276611
2545,0.3098019063472748
2546,0.3324086666107178
2547,0.25633931159973145
2548,0.27588096261024475
2549,0.3842165470123291
2550,0.35934531688690186
2551,0.4041319787502289
2552,0.27798983454704285
2553,0.12316344678401947
2554,0.48212337493896484
2555,0.5256097316741943
2556,0.18920256197452545
2557,0.22164909541606903
2558,0.455804705619812
2559,0.7147024869918823
2560,0.46370062232017517
2561,0.5583008527755737
2562,0.7559602856636047
2563,0.20303718745708466
2564,0.28788360953330994
2565,0.2330200970172882
2566,0.5802704691886902
2567,0.09540193527936935
2568,0.4762822389602661
2569,0.383391797542572
2570,0.5642850399017334
2571,0.44162610173225403
2572,0.13518661260604858
2573,0.4954005777835846
2574,0.42007264494895935
2575,0.38512974977493286
2576,0.31949734687805176
2577,0.46616867184638977
2578,0.5275429487228394
2579,0.14255861937999725
2580,0.500123143196106
2581,0.4912551939487457
2582,0.4042944312095642
2583,0.517769992351532
2584,0.5270403027534485
2585,0.6099914908409119
2586,0.011638028547167778
2587,0.46058040857315063
2588,0.7803017497062683
2589,0.7297056913375854
2590,0.35917484760284424
2591,0.18599288165569305
2592,0.17044974863529205
2593,0.3035532832145691
2594,0.1223667785525322
2595,0.3918560743331909
2596,0.7977999448776245
2597,0.2577947974205017
2598,0.12035466730594635
2599,0.09177061915397644
2600,0.24802541732788086
2601,0.2177300900220871
2602,0.4093702435493469
2603,0.5608718395233154
2604,0.1109352633357048
2605,0.5785366296768188
2606,0.40040552616119385
2607,0.5606862902641296
2608,0.33409595489501953
2609,0.5698038339614868
2610,0.5719941258430481
2611,0.26682883501052856
2612,0.2026320993900299
2613,0.3958531618118286
2614,0.4250355660915375
2615,0.4412703812122345
2616,0.48975712060928345
2617,0.3763693571090698
2618,0.37074846029281616
2619,0.3821342885494232
2620,0.652337908744812
2621,0.20040962100028992
2622,0.43076014518737793
2623,0.14212702214717865
2624,-0.08269330859184265
2625,0.6059815287590027
2626,0.6902202367782593
2627,0.5191851854324341
2628,0.5280930995941162
2629,0.6316765546798706
2630,0.2745005488395691
2631,0.33590272068977356
2632,0.2585657238960266
2633,0.5894504189491272
2634,0.3956105411052704
2635,0.22726215422153473
2636,0.23950591683387756
2637,0.3580574691295624
2638,0.4861452877521515
2639,0.7444885969161987
2640,0.372339129447937
2641,0.5731065273284912
2642,0.39840853214263916
2643,0.29693979024887085
2644,0.6948472261428833
2645,0.36932244896888733
2646,0.6663766503334045
2647,0.6077414751052856
2648,0.40689247846603394
2649,0.38035476207733154
2650,0.5782967805862427
2651,0.5083432197570801
2652,0.2162947803735733
2653,0.4684538245201111
2654,0.705990731716156
2655,0.5902632474899292
2656,-0.007839169353246689
2657,0.25981852412223816
2658,0.4223155081272125
2659,0.6084636449813843
2660,0.4791867434978485
2661,0.5323401689529419
2662,0.36153921484947205
2663,0.3437265157699585
2664,0.5274028182029724
2665,0.6626388430595398
2666,0.7097474932670593
2667,0.6978333592414856
2668,0.3363594710826874
2669,0.24522879719734192
2670,0.6254001259803772
2671,0.2889952063560486
2672,0.1782098263502121
2673,0.502830982208252
2674,0.46369653940200806
2675,0.3724038302898407
2676,0.46010345220565796
2677,0.6178591251373291
2678,0.5082407593727112
2679,0.1289311945438385
2680,0.636082112789154
2681,0.31980130076408386
2682,0.2385939359664917
2683,0.5522504448890686
2684,0.33533021807670593
2685,0.6079961061477661
2686,0.5087367296218872
2687,0.4387149512767792
2688,0.723720908164978
2689,0.4367007315158844
2690,0.4454701840877533
2691,0.5391029715538025
2692,0.11349351704120636
2693,0.34989941120147705
2694,0.38919126987457275
2695,0.3609420955181122
2696,0.3531569540500641
2697,0.7310622334480286
2698,0.5899773836135864
2699,0.43179187178611755
2700,0.5442842841148376
2701,0.13455022871494293
2702,0.23076419532299042
2703,0.5933607220649719
2704,0.5443121194839478
2705,0.48596063256263733
2706,0.41828545928001404
2707,0.6860883235931396
2708,0.6271070241928101
2709,0.40933457016944885
2710,0.1877414435148239
2711,0.6478753685951233
2712,0.5343250036239624
2713,0.31783315539360046
2714,0.31047526001930237
2715,0.3049052357673645
2716,0.5347577929496765
2717,0.10114836692810059
2718,0.3565211892127991
2719,0.6198830604553223
2720,0.47933217883110046
2721,0.32421985268592834
2722,0.6426776051521301
2723,0.6259651780128479
2724,0.2700765132904053
2725,0.4805194139480591
2726,0.631057858467102
2727,0.4051416218280792
2728,0.2677960693836212
2729,0.37947723269462585
2730,0.24093608558177948
2731,0.7883082628250122
2732,0.3246971070766449
2733,0.2652285695075989
2734,0.31134527921676636
2735,0.6300925612449646
2736,0.5382301807403564
2737,0.4030437469482422
2738,0.39944058656692505
2739,0.2020527571439743
2740,0.515062689781189
2741,0.27612724900245667
2742,0.40966227650642395
2743,0.449185848236084
2744,0.26477086544036865
2745,0.19725944101810455
2746,0.42649683356285095
2747,0.135655015707016
2748,0.5682277679443359
2749,0.558559775352478
2750,0.6477288007736206
2751,0.35567596554756165
2752,0.3671700656414032
2753,0.2617917060852051
2754,0.23841018974781036
2755,0.4728758633136749
2756,0.31473520398139954
2757,0.7638155817985535
2758,0.6503052115440369
2759,0.10368669033050537
2760,0.44208765029907227
2761,0.3346776068210602
2762,0.6060057878494263
2763,0.33740994334220886
2764,0.6891388297080994
2765,0.35941559076309204
2766,0.7333629131317139
2767,0.22885683178901672
2768,0.3595679998397827
2769,0.4143436849117279
2770,0.4251488149166107
2771,0.27967002987861633
2772,0.33907732367515564
2773,0.3632977604866028
2774,0.39066046476364136
2775,0.3494862914085388
2776,0.6773390173912048
2777,0.38797006011009216
2778,0.35380077362060547
2779,0.33587855100631714
2780,0.5199030637741089
2781,0.7007502913475037
2782,0.5009514093399048
2783,0.36977389454841614
2784,0.37181270122528076
2785,0.5976319909095764
2786,0.11605941504240036
2787,0.4320034384727478
2788,0.5909352898597717
2789,0.8078219890594482
2790,0.5695428252220154
2791,0.2971833348274231
2792,0.29007217288017273
2793,0.26868098974227905
2794,0.3485282063484192
2795,0.5688750147819519
2796,0.3351994454860687
2797,0.3906841278076172
2798,0.5603709816932678
2799,0.41720810532569885
2800,0.42596951127052307
2801,0.4877488911151886
2802,0.38135993480682373
2803,0.5381540060043335
2804,0.5692390203475952
2805,0.4030393958091736
2806,0.5021244287490845
2807,0.5615718364715576
2808,0.3979431688785553
2809,0.5736899375915527
2810,0.5029695630073547
2811,0.28139200806617737
2812,0.37678858637809753
2813,0.4465877413749695
2814,0.37305715680122375
2815,0.10802487283945084
2816,0.32010704278945923
2817,0.6878816485404968
2818,0.23144568502902985
2819,0.5181310772895813
2820,0.4932796061038971
2821,0.4130464792251587
2822,0.4006172716617584
2823,0.8392181396484375
2824,0.5297461152076721
2825,0.3346940577030182
2826,0.559087872505188
2827,0.4929268956184387
2828,0.41729459166526794
2829,0.47882673144340515
2830,0.09651319682598114
2831,0.6099079251289368
2832,0.5299755334854126
2833,0.45634329319000244
2834,0.5214210748672485
2835,0.41532421112060547
2836,0.4750976264476776
2837,0.5681937336921692
2838,0.4022354483604431
2839,0.2832771837711334
2840,0.5602045655250549
2841,0.48927921056747437
2842,0.2543677091598511
2843,0.5847623944282532
2844,0.6940211653709412
2845,0.4700106382369995
2846,0.5919204950332642
2847,0.357257604598999
2848,0.5752943754196167
2849,0.29644080996513367
2850,0.06451229751110077
2851,0.4480738341808319
2852,0.31438174843788147
2853,0.07611977308988571
2854,0.45864832401275635
2855,0.32745856046676636
2856,0.3489445447921753
2857,0.4271226227283478
2858,0.27694839239120483
2859,0.8601176738739014
2860,0.5696200728416443
2861,0.4771668612957001
2862,0.5963748097419739
2863,0.6863883137702942
2864,0.42215830087661743
2865,0.4239221513271332
2866,0.5337247848510742
2867,0.6077186465263367
2868,0.3293154537677765
2869,0.2202172726392746
2870,0.5819070339202881
2871,0.7880725264549255
2872,0.39398860931396484
2873,0.4632655680179596
2874,0.46390917897224426
2875,0.668106198310852
2876,0.6698229312896729
2877,0.18684172630310059
2878,0.33017322421073914
2879,0.56571364402771
2880,0.4133363366127014
2881,0.443509578704834
2882,0.24912592768669128
2883,0.27992162108421326
2884,0.5000841617584229
2885,0.40461987257003784
2886,0.17705471813678741
2887,0.4210145175457001
2888,0.3727494180202484
2889,0.3616645038127899
2890,0.22797852754592896
2891,0.5323742032051086
2892,0.33446362614631653
2893,0.4812164306640625
2894,0.5399429202079773
2895,0.2779120206832886
2896,0.5703920722007751
2897,0.35482117533683777
2898,0.5612624287605286
2899,0.21843254566192627
2900,0.18320323526859283
2901,0.3844738304615021
2902,0.3120154142379761
2903,0.36350342631340027
2904,0.2173517793416977
2905,0.38258206844329834
2906,0.6210457682609558
2907,0.30056044459342957
2908,0.2931938171386719
2909,0.6298642754554749
2910,0.3012986183166504
2911,0.4797976613044739
2912,0.5206282734870911
2913,0.4522830843925476
2914,0.43819209933280945
2915,0.3957502245903015
2916,0.4662262797355652
2917,0.311138391494751
2918,0.30445992946624756
2919,0.27531784772872925
2920,0.07674621790647507
2921,0.4314430058002472
2922,0.40458402037620544
2923,0.37335363030433655
2924,0.5940419435501099
2925,0.3184641897678375
2926,0.4201941192150116
2927,0.5420922040939331
2928,0.1329496055841446
2929,0.3475067615509033
2930,0.5376344919204712
2931,0.5380871295928955
2932,0.42391255497932434
2933,0.12509191036224365
2934,0.24926160275936127
2935,0.5041218996047974
2936,0.5746714472770691
2937,0.19359606504440308
2938,0.554379940032959
2939,0.26153403520584106
2940,0.7250369787216187
2941,0.3871081471443176
2942,0.6186326742172241
2943,0.6339073777198792
2944,0.6270970702171326
2945,0.5429695248603821
2946,0.15377415716648102
2947,0.363718181848526
2948,0.493933767080307
2949,0.5265179872512817
2950,0.4156237542629242
2951,0.5193285346031189
2952,0.13903024792671204
2953,0.4299015700817108
2954,0.25589442253112793
2955,0.6293419003486633
2956,0.40240392088890076
2957,0.3825366795063019
2958,0.5469197034835815
2959,0.4573381841182709
2960,0.36059001088142395
2961,0.36838385462760925
2962,0.4588317573070526
2963,0.39947792887687683
2964,0.3740816116333008
2965,0.4876502752304077
2966,0.16328756511211395
2967,0.8476183414459229
2968,0.32979682087898254
2969,0.3237551748752594
2970,0.5908185243606567
2971,0.4007808268070221
2972,0.4050794243812561
2973,0.17619897425174713
2974,0.6067401766777039
2975,0.19153793156147003
2976,0.25968310236930847
2977,0.6333516836166382
2978,0.33817607164382935
2979,0.4235278069972992
2980,0.3920791447162628
2981,0.35422927141189575
2982,0.465965211391449
2983,0.5534155964851379
2984,0.46187275648117065
2985,0.5436221957206726
2986,0.24781467020511627
2987,0.4553917646408081
2988,0.6190138459205627
2989,0.46146443486213684
2990,0.37094658613204956
2991,0.6218981742858887
2992,0.585308849811554
2993,0.4044519364833832
2994,0.4822179675102234
2995,0.37963244318962097
2996,0.5682200789451599
2997,0.45184943079948425
2998,0.4114018678665161
2999,0.7141897082328796
3000,0.49327802658081055
3001,0.4593944251537323
3002,0.2583432197570801
3003,0.3959905207157135
3004,0.47658398747444153
3005,0.571284294128418
3006,0.31954917311668396
3007,0.45347025990486145
3008,0.514141857624054
3009,0.054972101002931595
3010,0.9050019383430481
3011,0.35226112604141235
3012,0.4814116954803467
3013,0.38628461956977844
3014,0.3269581198692322
3015,0.3021579682826996
3016,0.43014758825302124
3017,0.469294011592865
3018,0.3735569715499878
3019,0.277863472700119
3020,0.5104328989982605
3021,0.48334407806396484
3022,0.39893096685409546
3023,0.3335057199001312
3024,0.5670295357704163
3025,0.25037524104118347
3026,0.37248694896698
3027,0.5604950785636902
3028,0.5852729678153992
3029,0.28620266914367676
3030,0.22429700195789337
3031,0.5652877688407898
3032,0.5292013883590698
3033,0.23820292949676514
3034,0.36091238260269165
3035,0.6088521480560303
3036,0.6570204496383667
3037,0.500254213809967
3038,0.302807092666626
3039,0.5547521114349365
3040,0.45986002683639526
3041,0.2383882850408554
3042,0.5625476837158203
3043,0.4041895270347595
3044,0.47618404030799866
3045,0.4968581199645996
3046,0.5554245114326477
3047,0.3350062966346741
3048,0.20737192034721375
3049,0.7632372379302979
3050,0.6631190180778503
3051,0.5690854787826538
3052,0.6519905924797058
3053,0.5525152683258057
3054,0.4723140299320221
3055,0.37400704622268677
3056,0.4140316843986511
3057,0.5804511904716492
3058,0.6442462205886841
3059,0.39881816506385803
3060,0.5658159852027893
3061,0.4626532196998596
3062,0.240576833486557
3063,0.3140042722225189
3064,0.8018896579742432
3065,0.5270196199417114
3066,0.2824036478996277
3067,0.3751128613948822
3068,0.5225456357002258
3069,0.45520123839378357
3070,0.510998547077179
3071,0.10963743925094604
3072,0.4068465232849121
3073,0.49990418553352356
3074,0.31353628635406494
3075,0.49926963448524475
3076,0.3924739956855774
3077,0.34139153361320496
3078,0.4163675904273987
3079,0.5619046092033386
3080,0.6073682308197021
3081,0.35835468769073486
3082,0.3275233507156372
3083,0.37277522683143616
3084,0.7994764447212219
3085,0.4111191928386688
3086,0.5735539793968201
3087,0.5549654364585876
3088,0.4202871024608612
3089,0.7522188425064087
3090,0.16168755292892456
3091,0.5460383296012878
3092,0.3708699941635132
3093,0.2834192216396332
3094,0.5197983980178833
3095,0.3996930718421936
3096,0.4460550844669342
3097,0.3711012601852417
3098,0.06200283020734787
3099,0.6672788262367249
3100,0.19553740322589874
3101,0.37727734446525574
3102,0.08209288120269775
3103,0.43254294991493225
3104,0.375968337059021
3105,0.4568496346473694
3106,0.4342007637023926
3107,0.28440314531326294
3108,0.667218029499054
3109,0.2563183605670929
3110,0.4201267659664154
3111,0.37786075472831726
3112,0.17092013359069824
3113,0.6143545508384705
3114,0.13974975049495697
3115,0.4898620545864105
3116,0.28305748105049133
3117,0.5409148335456848
3118,0.6310017108917236
3119,0.18818405270576477
3120,0.2858550250530243
3121,0.5344986319541931
3122,0.18369823694229126
3123,0.58487868309021
3124,0.44046759605407715
3125,0.5052210092544556
3126,0.5521308779716492
3127,0.3497827351093292
3128,0.4513191878795624
3129,0.28725606203079224
3130,0.5295189619064331
3131,0.24929235875606537
3132,0.3624923825263977
3133,0.40063557028770447
3134,0.47938841581344604
3135,0.22773879766464233
3136,0.3598845899105072
3137,0.681451678276062
3138,0.6446089744567871
3139,0.5705748200416565
3140,0.5348929166793823
3141,0.3469701111316681
3142,0.09625321626663208
3143,0.2769967317581177
3144,0.6229618191719055
3145,0.2692795991897583
3146,0.40653443336486816
3147,0.4820115864276886
3148,0.6146474480628967
3149,0.3415102958679199
3150,0.44865334033966064
3151,0.2960858941078186
3152,0.5680129528045654
3153,0.47410812973976135
3154,0.47964757680892944
3155,0.47217583656311035
3156,0.6284677982330322
3157,0.3903179466724396
3158,0.5645644664764404
3159,0.4706055819988251
3160,0.44259417057037354
3161,0.46089139580726624
3162,0.5391411185264587
3163,0.8426687121391296
3164,0.36502978205680847
3165,0.5893909931182861
3166,0.5852182507514954
3167,0.09729867428541183
3168,0.4917513430118561
3169,0.18859629333019257
3170,0.4378555417060852
3171,0.3664511442184448
3172,0.7302579879760742
3173,0.54278564453125
3174,0.52572101354599
3175,0.12308825552463531
3176,0.4265144467353821
3177,0.25402459502220154
3178,0.40621453523635864
3179,0.5379033088684082
3180,0.37007537484169006
3181,0.6011291742324829
3182,0.34602656960487366
3183,0.8320195078849792
3184,0.5368199944496155
3185,0.4636727571487427
3186,0.13162776827812195
3187,0.3748100697994232
3188,0.23005667328834534
3189,0.7867184281349182
3190,0.3263764977455139
3191,0.2089037448167801
3192,0.4421686828136444
3193,0.5986812114715576
3194,0.6651764512062073
3195,0.7868711352348328
3196,0.5694957971572876
3197,0.365165114402771
3198,0.6706733703613281
3199,0.2467528134584427
3200,0.3994753062725067
3201,0.3639734089374542
3202,0.38534894585609436
3203,0.500501811504364
3204,0.41325920820236206
3205,0.5150730609893799
3206,0.16015197336673737
3207,0.329531729221344
3208,0.36421194672584534
3209,0.42141401767730713
3210,0.56398606300354
3211,0.15018177032470703
3212,0.4915408492088318
3213,0.20991288125514984
3214,0.6470545530319214
3215,0.6080465316772461
3216,0.3040311634540558
3217,0.5133286714553833
3218,0.3411473333835602
3219,0.28897571563720703
3220,0.18255895376205444
3221,0.680388331413269
3222,0.4347285330295563
3223,0.4612402319908142
3224,0.5726531744003296
3225,0.3479132056236267
3226,0.6721232533454895
3227,0.6660234928131104
3228,0.5399926900863647
3229,0.2596742510795593
3230,0.6241976618766785
3231,0.3199189305305481
3232,0.602114737033844
3233,0.44614315032958984
3234,0.1983930617570877
3235,0.3324199914932251
3236,0.5000235438346863
3237,0.3030834496021271
3238,0.5390105247497559
3239,0.3174763023853302
3240,0.5297897458076477
3241,0.15580208599567413
3242,0.6034588813781738
3243,0.4600262939929962
3244,0.4557963013648987
3245,0.361232191324234
3246,0.50699383020401
3247,0.45631757378578186
3248,0.29861319065093994
3249,0.32759416103363037
3250,0.133320152759552
3251,0.5388216972351074
3252,0.3569909930229187
3253,0.6553739309310913
3254,0.25608116388320923
3255,0.5965459942817688
3256,0.41119831800460815
3257,0.29461365938186646
3258,0.3218859136104584
3259,0.37405431270599365
3260,0.2721439599990845
3261,0.33292970061302185
3262,0.7161356210708618
3263,0.2799772620201111
3264,0.2908397614955902
3265,0.04075091704726219
3266,0.5209298729896545
3267,0.6782942414283752
3268,0.31516095995903015
3269,0.4494095742702484
3270,0.25893834233283997
3271,0.37801337242126465
3272,0.29685330390930176
3273,0.12429207563400269
3274,0.5052503943443298
3275,0.7103978395462036
3276,0.21940197050571442
3277,0.40710458159446716
3278,0.37940385937690735
3279,0.4648914635181427
3280,0.3809923827648163
3281,0.28477931022644043
3282,0.6177727580070496
3283,0.2806447446346283
3284,0.39984291791915894
3285,0.7725754976272583
3286,0.37623271346092224
3287,0.5647344589233398
3288,0.31926000118255615
3289,0.45980104804039
3290,0.2853042781352997
3291,0.37453073263168335
3292,0.25118395686149597
3293,0.19473682343959808
3294,0.1961248815059662
3295,0.35602784156799316
3296,0.2549048364162445
3297,0.3285382091999054
3298,0.42303141951560974
3299,0.44635358452796936
3300,0.43576082587242126
3301,0.5041487812995911
3302,0.6677588820457458
3303,0.19024130702018738
3304,0.539227306842804
3305,0.36563682556152344
3306,0.34757667779922485
3307,0.43521180748939514
3308,0.47902950644493103
3309,0.7407188415527344
3310,0.680903434753418
3311,0.3745339810848236
3312,0.5872686505317688
3313,0.46661826968193054
3314,0.3435620963573456
3315,0.28795772790908813
3316,0.3767174482345581
3317,0.5147164463996887
3318,0.3054969012737274
3319,0.5339970588684082
3320,0.5620900392532349
3321,0.5207446813583374
3322,0.3224676847457886
3323,0.5933208465576172
3324,0.3288116157054901
3325,0.30502936244010925
3326,-0.09793096780776978
3327,0.4552742838859558
3328,0.4765600264072418
3329,0.3722142279148102
3330,0.5095606446266174
3331,0.5619111657142639
3332,0.6085063815116882
3333,0.35148194432258606
3334,0.5406370162963867
3335,0.4744533598423004
3336,0.4600239098072052
3337,0.42269009351730347
3338,0.3792926073074341
3339,0.5302906036376953
3340,0.4851544201374054
3341,0.18585246801376343
3342,0.6305832266807556
3343,0.1865178942680359
3344,0.22864696383476257
3345,0.6740604043006897
3346,0.37515461444854736
3347,0.48174983263015747
3348,0.487967312335968
3349,0.4836618900299072
3350,0.3086070418357849
3351,0.48981332778930664
3352,0.47245368361473083
3353,0.3460369110107422
3354,0.23569738864898682
3355,0.1459956169128418
3356,0.5419359803199768
3357,0.28841400146484375
3358,0.43086716532707214
3359,0.5087432265281677
3360,0.2095874398946762
3361,0.5759859681129456
3362,0.4917512536048889
3363,0.7354493737220764
3364,0.6475812196731567
3365,0.4067962169647217
3366,0.7782275080680847
3367,0.3694283962249756
3368,0.6947571039199829
3369,0.4376319348812103
3370,0.28189629316329956
3371,0.5345649123191833
3372,0.08494450151920319
3373,0.3089728057384491
3374,0.3357456624507904
3375,0.4839451313018799
3376,0.7295123338699341
3377,0.38293343782424927
3378,0.422359824180603
3379,0.34131520986557007
3380,0.07525210827589035
3381,0.2753954529762268
3382,0.4417441487312317
3383,0.5394273400306702
3384,0.5085042715072632
3385,0.25525063276290894
3386,0.5053575038909912
3387,0.6097618937492371
3388,0.4218755066394806
3389,0.6846135258674622
3390,0.3452524244785309
3391,0.485829621553421
3392,0.6169989109039307
3393,0.3450252413749695
3394,0.4656500220298767
3395,0.7680772542953491
3396,0.4076770842075348
3397,0.36521950364112854
3398,0.2866477072238922
3399,0.441026896238327
3400,0.49571317434310913
3401,0.20482021570205688
3402,0.4431498944759369
3403,0.25835326313972473
3404,0.05786577984690666
3405,0.38601645827293396
3406,0.5386002063751221
3407,0.42916005849838257
3408,0.3361920714378357
3409,0.27143236994743347
3410,0.29930928349494934
3411,0.5367676019668579
3412,0.7254764437675476
3413,0.576288640499115
3414,0.3658924400806427
3415,0.41704243421554565
3416,0.48135754466056824
3417,0.4743677079677582
3418,0.5552093386650085
3419,0.4679972231388092
3420,0.2883620858192444
3421,0.6445437669754028
3422,0.5629068613052368
3423,0.3206579387187958
3424,0.4360446035861969
3425,0.6723639369010925
3426,0.4314829111099243
3427,0.5038675665855408
3428,0.31943559646606445
3429,0.374687135219574
3430,0.2093116194009781
3431,0.5494672060012817
3432,0.6733089685440063
3433,0.2661604881286621
3434,0.06857327371835709
3435,0.22994545102119446
3436,0.80070561170578
3437,0.6946512460708618
3438,0.6662450432777405
3439,0.4717448651790619
3440,0.4594497084617615
3441,0.3332451581954956
3442,0.5536496043205261
3443,0.6437487006187439
3444,0.20147420465946198
3445,0.33284905552864075
3446,0.2875102162361145
3447,0.38021549582481384
3448,0.34979239106178284
3449,0.6234989166259766
3450,0.4293445646762848
3451,0.39191925525665283
3452,0.7804266810417175
3453,0.47422048449516296
3454,0.6012839674949646
3455,0.3786185085773468
3456,0.4890964925289154
3457,0.6160107254981995
3458,0.2815375030040741
3459,0.41579169034957886
3460,0.6260258555412292
3461,0.5378227829933167
3462,0.24084453284740448
3463,0.4388253688812256
3464,0.08892781287431717
3465,0.8481443524360657
3466,0.36158210039138794
3467,0.22913040220737457
3468,0.5334510207176208
3469,0.4881952404975891
3470,0.13233409821987152
3471,0.6336839199066162
3472,0.2908706068992615
3473,0.5336147546768188
3474,0.38269007205963135
3475,0.266142874956131
3476,0.5388245582580566
3477,0.6588252782821655
3478,0.5190865397453308
3479,0.3235684633255005
3480,0.4232628643512726
3481,0.38774144649505615
3482,0.30916234850883484
3483,0.2062375247478485
3484,0.5106788277626038
3485,0.311829149723053
3486,0.6621575951576233
3487,0.5103919506072998
3488,0.24515296518802643
3489,0.18109554052352905
3490,0.3445703685283661
3491,0.31145721673965454
3492,0.10268910229206085
3493,0.45083722472190857
3494,0.457592248916626
3495,0.40575480461120605
3496,0.3358055651187897
3497,0.4349411725997925
3498,0.44211599230766296
3499,0.37637126445770264
3500,0.27330198884010315
3501,0.36212843656539917
3502,0.3850760757923126
3503,0.6062923073768616
3504,0.4198364317417145
3505,0.5350956320762634
3506,0.4712215065956116
3507,0.3323708176612854
3508,0.8136692643165588
3509,0.4849395751953125
3510,0.6553526520729065
3511,0.2936150133609772
3512,0.2173718959093094
3513,0.27751559019088745
3514,0.5920268893241882
3515,0.3444678783416748
3516,0.2710832357406616
3517,0.3908339738845825
3518,0.11449571698904037
3519,0.6438544988632202
3520,0.2970152795314789
3521,0.717300534248352
3522,0.3912627398967743
3523,0.4266783595085144
3524,0.4957697093486786
3525,0.5824060440063477
3526,0.2699466347694397
3527,0.4927743077278137
3528,0.4539220333099365
3529,0.20986434817314148
3530,0.2780192792415619
3531,0.5661718249320984
3532,0.1417996883392334
3533,0.21391957998275757
3534,0.27908504009246826
3535,0.4027180075645447
3536,0.857796847820282
3537,0.3966579735279083
3538,0.6474941372871399
3539,0.3765360414981842
3540,0.5778136253356934
3541,0.3870374858379364
3542,0.3785511255264282
3543,0.6101474165916443
3544,0.6301796436309814
3545,0.5184784531593323
3546,0.4612258970737457
3547,0.38705024123191833
3548,0.3293832242488861
3549,0.4796946942806244
3550,0.3767315149307251
3551,0.3566162884235382
3552,0.23675701022148132
3553,0.31818822026252747
3554,0.3962518870830536
3555,0.41643381118774414
3556,0.5113158226013184
3557,0.4951450228691101
3558,0.6017560362815857
3559,0.4275127649307251
3560,0.3607105314731598
3561,0.7317067384719849
3562,0.31325656175613403
3563,0.24014915525913239
3564,0.013294062577188015
3565,0.6710968017578125
3566,0.2501792907714844
3567,0.26814165711402893
3568,0.3420994281768799
3569,0.18422846496105194
3570,0.41239991784095764
3571,0.3079467713832855
3572,0.15561793744564056
3573,0.5038625001907349
3574,0.5655044913291931
3575,0.575873613357544
3576,0.4368864595890045
3577,0.24503664672374725
3578,0.4234890937805176
3579,0.6373434662818909
3580,0.49225714802742004
3581,0.33119088411331177
3582,0.5861327648162842
3583,0.4715270698070526
3584,0.6433358192443848
3585,0.5227922201156616
3586,0.6447576880455017
3587,0.2027701437473297
3588,0.3298550844192505
3589,0.6581903696060181
3590,0.37636876106262207
3591,0.5405772924423218
3592,0.4200589060783386
3593,0.39636456966400146
3594,0.41165223717689514
3595,0.38227513432502747
3596,0.6500767469406128
3597,0.2814980447292328
3598,0.45730772614479065
3599,0.6427232027053833
3600,0.35490652918815613
3601,0.3161265552043915
3602,0.2882230877876282
3603,0.1448933333158493
3604,0.6362613439559937
3605,0.3020119071006775
3606,0.4675692617893219
3607,0.4197123050689697
3608,0.39804768562316895
3609,0.44707563519477844
3610,0.37872251868247986
3611,0.42515942454338074
3612,0.29614290595054626
3613,0.45243415236473083
3614,0.1980811059474945
3615,0.24033193290233612
3616,0.3466514050960541
3617,0.2549387514591217
3618,0.24134573340415955
3619,0.33220353722572327
3620,0.3591482639312744
3621,0.5264972448348999
3622,0.2114505022764206
3623,0.4498245120048523
3624,0.18683351576328278
3625,0.48239803314208984
3626,0.35436153411865234
3627,0.23039528727531433
3628,0.35072654485702515
3629,0.26475104689598083
3630,0.5929400324821472
3631,0.36438485980033875
3632,0.45760607719421387
3633,0.46294644474983215
3634,0.4862082898616791
3635,0.29381880164146423
3636,0.38561001420021057
3637,0.2010038197040558
3638,0.4642501175403595
3639,0.469355046749115
3640,0.27287057042121887
3641,0.3777436316013336
3642,0.7120145559310913
3643,0.500554084777832
3644,0.47470587491989136
3645,0.3830576241016388
3646,0.6488828659057617
3647,0.467258483171463
3648,0.4060966968536377
3649,0.30579614639282227
3650,0.23231267929077148
3651,0.39792877435684204
3652,0.24366874992847443
3653,0.79447340965271
3654,0.7068292498588562
3655,0.08618522435426712
3656,0.40072235465049744
3657,0.4573012590408325
3658,0.4473001956939697
3659,0.39845409989356995
3660,0.15725453197956085
3661,0.40524500608444214
3662,0.5865331888198853
3663,0.3987014889717102
3664,0.6211677193641663
3665,0.557167112827301
3666,0.5401672720909119
3667,0.4351728856563568
3668,0.013961398042738438
3669,0.2723855674266815
3670,0.1962849497795105
3671,0.6665085554122925
3672,0.06396479159593582
3673,0.4690624177455902
3674,0.5503103733062744
3675,0.7346512675285339
3676,0.46509018540382385
3677,0.5861584544181824
3678,0.43727120757102966
3679,0.43999674916267395
3680,0.2784584164619446
3681,0.085503950715065
3682,0.43819501996040344
3683,0.2081911712884903
3684,0.5998678803443909
3685,0.6407297253608704
3686,0.427891343832016
3687,0.5940172076225281
3688,0.4467807710170746
3689,0.728930652141571
3690,0.32045668363571167
3691,0.3238704204559326
3692,0.15052038431167603
3693,0.3275563716888428
3694,0.14828583598136902
3695,0.3889409601688385
3696,0.3647572100162506
3697,0.4486311376094818
3698,0.7689374685287476
3699,0.46206364035606384
3700,0.14821532368659973
3701,0.5582583546638489
3702,0.4875810742378235
3703,0.44010668992996216
3704,0.2582699954509735
3705,0.33375656604766846
3706,0.32944589853286743
3707,0.35977330803871155
3708,0.6955292820930481
3709,0.27699390053749084
3710,0.32893362641334534
3711,0.3513759970664978
3712,0.6047333478927612
3713,0.6607662439346313
3714,0.3833763599395752
3715,0.49983543157577515
3716,0.6498132348060608
3717,0.2774401903152466
3718,0.28832533955574036
3719,0.7813585996627808
3720,0.5741089582443237
3721,0.47780171036720276
3722,0.6985637545585632
3723,0.40652996301651
3724,-0.033752087503671646
3725,0.464979887008667
3726,0.3252183496952057
3727,0.3527194559574127
3728,0.5609983205795288
3729,0.16331198811531067
3730,0.3773600161075592
3731,0.487239271402359
3732,0.694222629070282
3733,0.2157631814479828
3734,0.6533958315849304
3735,0.5247072577476501
3736,0.33962205052375793
3737,0.25099849700927734
3738,0.32927489280700684
3739,0.5392311811447144
3740,0.615686297416687
3741,0.6095454692840576
3742,0.5328184366226196
3743,0.5306427478790283
3744,0.3110409677028656
3745,0.5999059677124023
3746,0.4768843650817871
3747,0.21932247281074524
3748,0.466351717710495
3749,0.3376706838607788
3750,0.6711890697479248
3751,0.2939617335796356
3752,0.5866394639015198
3753,0.538528323173523
3754,0.29289454221725464
3755,0.34360042214393616
3756,0.6987878680229187
3757,0.6061978340148926
3758,0.3042195737361908
3759,0.5930986404418945
3760,0.4383954107761383
3761,0.276593953371048
3762,0.6270931363105774
3763,0.13441064953804016
3764,0.5792056322097778
3765,0.27838218212127686
3766,0.38028013706207275
3767,0.6135771870613098
3768,0.3666461408138275
3769,0.14569902420043945
3770,0.3995743691921234
3771,0.3956948518753052
3772,0.49480995535850525
3773,0.6470080614089966
3774,0.2651546597480774
3775,0.5319938063621521
3776,0.1857166886329651
3777,0.2940977215766907
3778,0.29285764694213867
3779,0.3423873484134674
3780,0.2356344759464264
3781,0.3952789008617401
3782,0.4065336287021637
3783,0.6175035238265991
3784,0.509084165096283
3785,0.4933888912200928
3786,0.535541296005249
3787,0.08424930274486542
3788,0.424679160118103
3789,0.5272824168205261
3790,0.2294045239686966
3791,0.7309719324111938
3792,0.6190462708473206
3793,0.4897761642932892
3794,0.396452397108078
3795,0.4975850582122803
3796,0.4790205657482147
3797,0.3104471266269684
3798,0.4246573746204376
3799,0.2572682797908783
3800,0.5522663593292236
3801,0.48447516560554504
3802,0.4126327931880951
3803,0.47055840492248535
3804,0.696360170841217
3805,0.4323863387107849
3806,0.7097616791725159
3807,0.6587064266204834
3808,0.4377676248550415
3809,0.3815385103225708
3810,0.4379025399684906
3811,0.31736597418785095
3812,0.5640799403190613
3813,0.21289105713367462
3814,0.2960171401500702
3815,0.2151690274477005
3816,0.5613725185394287
3817,0.6123905181884766
3818,0.1916687786579132
3819,0.5179278254508972
3820,0.44946181774139404
3821,0.36912617087364197
3822,0.4896126091480255
3823,0.4850447475910187
3824,0.32065510749816895
3825,0.16600869596004486
3826,0.6711183786392212
3827,0.49195173382759094
3828,0.4031760096549988
3829,0.45961305499076843
3830,0.49400246143341064
3831,0.556686520576477
3832,0.46222952008247375
3833,0.564517617225647
3834,0.3732535243034363
3835,0.3419536054134369
3836,0.5260589718818665
3837,0.2165830284357071
3838,0.13170650601387024
3839,0.45236000418663025
3840,0.3777889013290405
3841,0.5691166520118713
3842,0.4699625074863434
3843,0.6173378229141235
3844,0.3721933364868164
3845,0.36537966132164
3846,0.2309112846851349
3847,0.3306998014450073
3848,0.6730029582977295
3849,0.24304337799549103
3850,0.4411815404891968
3851,0.4109475314617157
3852,0.5482327342033386
3853,0.7243083715438843
3854,0.5628822445869446
3855,0.28254976868629456
3856,0.2867400646209717
3857,0.2018861174583435
3858,0.3128482699394226
3859,0.4736092984676361
3860,0.3147081434726715
3861,0.531455397605896
3862,0.5215965509414673
3863,0.4392696022987366
3864,0.6978427171707153
3865,0.41114965081214905
3866,0.2781977653503418
3867,0.3612478971481323
3868,0.6524420976638794
3869,0.8975833058357239
3870,0.4798818826675415
3871,0.2270556390285492
3872,0.37103351950645447
3873,0.5870535373687744
3874,0.53709876537323
3875,0.5048573613166809
3876,0.0007771104574203491
3877,0.5933544039726257
3878,0.3518570363521576
3879,0.4200432300567627
3880,0.3695344626903534
3881,0.41710424423217773
3882,0.5152697563171387
3883,0.4614621698856354
3884,0.3036884665489197
3885,0.42148345708847046
3886,0.5645087361335754
3887,0.4140739440917969
3888,0.4336700439453125
3889,0.5438181161880493
3890,0.6006641387939453
3891,0.613631010055542
3892,0.5334406495094299
3893,0.2897329032421112
3894,0.4727080464363098
3895,0.5643194317817688
3896,0.39616209268569946
3897,0.5030058026313782
3898,0.5394449234008789
3899,0.31769895553588867
3900,0.35179540514945984
3901,0.6575939655303955
3902,0.2289634644985199
3903,0.22951115667819977
3904,0.3570806682109833
3905,0.5986118316650391
3906,0.6534467935562134
3907,0.5394413471221924
3908,0.2649420201778412
3909,0.13275708258152008
3910,0.22966793179512024
3911,0.3928268849849701
3912,0.3032819628715515
3913,0.6895133256912231
3914,0.6266635060310364
3915,0.14711758494377136
3916,0.38600143790245056
3917,0.15906868875026703
3918,0.31536880135536194
3919,0.2460988312959671
3920,0.2431616634130478
3921,0.6535022854804993
3922,0.4809582829475403
3923,0.5579911470413208
3924,0.2850710153579712
3925,0.31313130259513855
3926,0.11862000077962875
3927,0.20116570591926575
3928,0.5891147255897522
3929,0.3706723749637604
3930,0.41869354248046875
3931,0.5567371845245361
3932,0.7450214624404907
3933,0.3880351781845093
3934,0.4834493100643158
3935,0.46415087580680847
3936,0.23602382838726044
3937,0.3886314928531647
3938,0.3624889552593231
3939,0.3156186640262604
3940,0.6325446963310242
3941,0.4544805884361267
3942,0.6943784952163696
3943,0.4587644636631012
3944,0.21817375719547272
3945,0.6780074834823608
3946,0.5531656742095947
3947,0.3614277243614197
3948,0.41786015033721924
3949,0.3142528533935547
3950,0.2678733468055725
3951,0.5417495965957642
3952,0.3634825646877289
3953,0.5031650066375732
3954,0.43905845284461975
3955,0.5307288765907288
3956,0.2849423289299011
3957,0.0684971734881401
3958,0.5216248631477356
3959,0.38560959696769714
3960,0.2016981840133667
3961,0.3334503471851349
3962,0.25827956199645996
3963,0.4670315384864807
3964,0.5919246673583984
3965,0.523619532585144
3966,0.3174721896648407
3967,0.4877064824104309
3968,0.5821085572242737
3969,0.554767906665802
3970,0.3711094558238983
3971,0.6102749109268188
3972,0.23545505106449127
3973,0.4639374613761902
3974,0.41033291816711426
3975,0.4736407697200775
3976,0.4079912006855011
3977,0.7441830635070801
3978,0.34079501032829285
3979,0.3877081573009491
3980,0.4053362011909485
3981,0.47115013003349304
3982,0.7741295695304871
3983,0.3959732949733734
3984,0.5035285949707031
3985,-0.03321240842342377
3986,0.5030030012130737
3987,0.4056232273578644
3988,0.37169694900512695
3989,0.428540974855423
3990,0.5645009875297546
3991,0.6488454937934875
3992,0.5024467706680298
3993,0.5548475980758667
3994,0.46807828545570374
3995,0.4270545244216919
3996,0.4492870569229126
3997,0.3882576823234558
3998,0.47734731435775757
3999,0.2743586599826813
4000,0.5707440376281738
4001,0.5176144242286682
4002,0.810624361038208
4003,0.4929024875164032
4004,0.4768596589565277
4005,0.3415762484073639
4006,0.47588810324668884
4007,0.49024391174316406
4008,0.2495502531528473
4009,0.6457281708717346
4010,0.3105258345603943
4011,0.38460269570350647
4012,0.6404397487640381
4013,0.3528989851474762
4014,0.5651609301567078
4015,0.3780325651168823
4016,0.36523568630218506
4017,0.6385394334793091
4018,0.46491652727127075
4019,0.6139681339263916
4020,0.44835785031318665
4021,0.1822563260793686
4022,0.30739906430244446
4023,0.5043950080871582
4024,0.4711487889289856
4025,0.3975929617881775
4026,0.46538564562797546
4027,0.4406560957431793
4028,0.18489797413349152
4029,0.5518203973770142
4030,0.17133402824401855
4031,0.24952268600463867
4032,0.5006928443908691
4033,0.3802933096885681
4034,0.32798442244529724
4035,0.4762592017650604
4036,0.45121055841445923
4037,0.3299417495727539
4038,0.37815818190574646
4039,0.4038742184638977
4040,0.28056851029396057
4041,0.8155995011329651
4042,0.5630193948745728
4043,0.3269786536693573
4044,0.39593935012817383
4045,0.5520796179771423
4046,0.13942769169807434
4047,0.3173392117023468
4048,0.2127259373664856
4049,0.44645243883132935
4050,0.27558591961860657
4051,0.42110762000083923
4052,0.23411649465560913
4053,0.23891612887382507
4054,0.519774317741394
4055,0.3876558840274811
4056,0.5044096112251282
4057,0.401904821395874
4058,0.22070544958114624
4059,0.4088554084300995
4060,0.27294793725013733
4061,0.5125576853752136
4062,0.4488006830215454
4063,0.43658211827278137
4064,0.49065855145454407
4065,0.2283875197172165
4066,0.47536930441856384
4067,0.560335099697113
4068,0.46944892406463623
4069,0.5517944693565369
4070,0.3603162467479706
4071,0.2790178656578064
4072,0.4152871370315552
4073,0.4821607768535614
4074,0.5571839213371277
4075,0.45849671959877014
4076,-0.014050678350031376
4077,0.18377381563186646
4078,0.33204448223114014
4079,0.5069337487220764
4080,0.23212282359600067
4081,0.41191646456718445
4082,0.33803898096084595
4083,0.2749881148338318
4084,0.5051047205924988
4085,0.47830504179000854
4086,0.328914076089859
4087,0.24417327344417572
4088,0.3584163188934326
4089,0.5122562050819397
4090,0.6375707983970642
4091,0.09962179511785507
4092,0.383896142244339
4093,0.2364414930343628
4094,0.3601066470146179
4095,0.7003765106201172
4096,0.477668434381485
4097,0.5113899111747742
4098,0.45994511246681213
4099,0.4561540186405182
4100,0.4023444354534149
4101,0.3687268793582916
4102,0.28052738308906555
4103,0.404635488986969
4104,0.5250192284584045
4105,0.6542602181434631
4106,0.692344069480896
4107,0.6192051768302917
4108,0.3146955370903015
4109,0.24240906536579132
4110,0.31906306743621826
4111,0.17124617099761963
4112,0.47808730602264404
4113,0.5939192771911621
4114,0.4752805233001709
4115,0.5873916745185852
4116,0.4487549662590027
4117,0.6986002922058105
4118,0.318568617105484
4119,0.2476402223110199
4120,0.5973369479179382
4121,0.5903370976448059
4122,0.3877828121185303
4123,0.5691763758659363
4124,0.5013141632080078
4125,0.7573800683021545
4126,0.1734498292207718
4127,0.4603157937526703
4128,0.7322902679443359
4129,0.4105253219604492
4130,0.4716789722442627
4131,0.4986306428909302
4132,0.8439851403236389
4133,0.626283586025238
4134,0.1512329876422882
4135,0.1848028153181076
4136,0.48295798897743225
4137,0.4698258936405182
4138,0.3095375895500183
4139,0.2842635214328766
4140,0.539970874786377
4141,0.4058780074119568
4142,0.7149146199226379
4143,0.5540205836296082
4144,0.5097811818122864
4145,0.5654643774032593
4146,0.33044567704200745
4147,0.45490944385528564
4148,0.15424375236034393
4149,0.577717661857605
4150,0.5365628004074097
4151,0.2591778635978699
4152,0.7466081380844116
4153,0.5962771773338318
4154,0.24279725551605225
4155,0.4854089915752411
4156,0.3435065448284149
4157,0.21214395761489868
4158,0.34148675203323364
4159,0.3666893541812897
4160,0.26543739438056946
4161,0.4597265422344208
4162,0.29696181416511536
4163,0.3201495409011841
4164,0.3329964280128479
4165,0.636961817741394
4166,0.1874213069677353
4167,0.3196481764316559
4168,0.4601294994354248
4169,0.2989771068096161
4170,0.3879946768283844
4171,0.3925529420375824
4172,0.5103905200958252
4173,0.435061514377594
4174,0.22518405318260193
4175,0.3370702564716339
4176,0.3973467946052551
4177,0.5311578512191772
4178,0.4618450403213501
4179,0.45955586433410645
4180,0.3313458561897278
4181,0.6046299934387207
4182,0.4207051694393158
4183,0.29050207138061523
4184,0.36184418201446533
4185,0.34159383177757263
4186,0.7017468810081482
4187,0.38821539282798767
4188,0.48965075612068176
4189,0.349306583404541
4190,0.36944711208343506
4191,0.25214090943336487
4192,0.5099548101425171
4193,0.31553104519844055
4194,0.5097311735153198
4195,0.5881092548370361
4196,0.44022083282470703
4197,0.14912602305412292
4198,0.4631800055503845
4199,0.6370335817337036
4200,0.6159740686416626
4201,0.23717935383319855
4202,0.38467472791671753
4203,0.46299755573272705
4204,0.6291234493255615
4205,0.3316854238510132
4206,0.3513878285884857
4207,0.3488902747631073
4208,0.3245822787284851
4209,0.3319360911846161
4210,0.004318078048527241
4211,0.4118541479110718
4212,0.36650505661964417
4213,0.5187848210334778
4214,0.5203108787536621
4215,0.5626183748245239
4216,0.3361963927745819
4217,0.10380462557077408
4218,0.274261474609375
4219,0.3820499777793884
4220,0.7814300656318665
4221,0.23144741356372833
4222,0.14884184300899506
4223,0.8610085844993591
4224,0.44319024682044983
4225,0.759371817111969
4226,0.697964072227478
4227,0.026941103860735893
4228,0.34714582562446594
4229,0.2828156054019928
4230,0.2504308819770813
4231,0.5594411492347717
4232,0.4081111252307892
4233,0.2768511176109314
4234,0.648147702217102
4235,0.18286634981632233
4236,0.532309889793396
4237,0.39490702748298645
4238,0.5087296366691589
4239,0.40725189447402954
4240,0.39881420135498047
4241,0.44346508383750916
4242,0.4116964340209961
4243,0.48564431071281433
4244,0.4547765851020813
4245,0.7223853468894958
4246,0.1509261280298233
4247,0.4455731213092804
4248,0.47582125663757324
4249,0.6377713084220886
4250,0.34600043296813965
4251,0.39413172006607056
4252,0.396915078163147
4253,0.1825282871723175
4254,0.34068602323532104
4255,0.2292589396238327
4256,0.310832142829895
4257,0.268339067697525
4258,0.1691914200782776
4259,0.6434945464134216
4260,0.5855737924575806
4261,0.5091073513031006
4262,0.4977566599845886
4263,0.5895763635635376
4264,0.46554189920425415
4265,0.3033771812915802
4266,0.5095957517623901
4267,0.3104906678199768
4268,0.26661983132362366
4269,0.2541182339191437
4270,0.32873833179473877
4271,0.49504536390304565
4272,0.47344163060188293
4273,0.1775858849287033
4274,0.12649521231651306
4275,0.49392881989479065
4276,0.7080546617507935
4277,0.4171384572982788
4278,0.6177073121070862
4279,0.47456350922584534
4280,0.29717275500297546
4281,0.07699951529502869
4282,0.6340702772140503
4283,0.3282946050167084
4284,0.3637393116950989
4285,0.5540763735771179
4286,0.2857605814933777
4287,0.7098838686943054
4288,0.39067307114601135
4289,0.6327423453330994
4290,0.22196413576602936
4291,0.2249385565519333
4292,0.4653734862804413
4293,0.5371911525726318
4294,0.36119669675827026
4295,0.40761706233024597
4296,0.49325624108314514
4297,0.7281895875930786
4298,0.10202722996473312
4299,0.22561873495578766
4300,0.48944544792175293
4301,0.6110113859176636
4302,0.5036722421646118
4303,0.6081292629241943
4304,0.4943588078022003
4305,0.4949193000793457
4306,0.22957229614257812
4307,0.41650131344795227
4308,0.591882050037384
4309,0.5006232857704163
4310,0.5488775968551636
4311,0.4352286159992218
4312,0.4370705187320709
4313,0.3595454692840576
4314,0.13751938939094543
4315,0.32526153326034546
4316,0.3782276511192322
4317,0.47203198075294495
4318,0.4810480773448944
4319,0.3392920196056366
4320,0.24264834821224213
4321,0.37786874175071716
4322,0.5624271035194397
4323,0.6277372241020203
4324,0.35115212202072144
4325,0.4865463078022003
4326,0.5126811861991882
4327,0.6504997611045837
4328,0.5341835021972656
4329,0.2591659128665924
4330,0.49958860874176025
4331,0.5529511570930481
4332,0.47219061851501465
4333,0.5296899080276489
4334,0.4736253619194031
4335,0.73675537109375
4336,0.2210814207792282
4337,0.34252268075942993
4338,0.1742357760667801
4339,0.3314395546913147
4340,0.3503205478191376
4341,0.6277894973754883
4342,0.309513121843338
4343,0.41350871324539185
4344,0.3599837124347687
4345,0.25085803866386414
4346,0.17521639168262482
4347,0.2622036337852478
4348,0.677050769329071
4349,0.45143193006515503
4350,0.6252437829971313
4351,0.5400246381759644
4352,0.6396118402481079
4353,0.4588899314403534
4354,0.737407386302948
4355,0.6361651420593262
4356,0.3384438157081604
4357,0.43371936678886414
4358,0.24573640525341034
4359,0.411451518535614
4360,0.5438455939292908
4361,0.16587167978286743
4362,0.5697277188301086
4363,0.5580248832702637
4364,0.2082490473985672
4365,0.24121429026126862
4366,0.5616345405578613
4367,0.5753950476646423
4368,0.33271631598472595
4369,0.3130057156085968
4370,0.8976159691810608
4371,0.19122934341430664
4372,0.5363895297050476
4373,0.5761250257492065
4374,0.27305930852890015
4375,0.3505185544490814
4376,0.4818374514579773
4377,0.2457774579524994
4378,0.7600108981132507
4379,0.2672352194786072
4380,0.3883480429649353
4381,0.5253322720527649
4382,0.48287704586982727
4383,0.3949395418167114
4384,0.35955604910850525
4385,0.5353972911834717
4386,0.6092528104782104
4387,0.20561832189559937
4388,0.32633256912231445
4389,0.18915753066539764
4390,0.4126928746700287
4391,0.5813423991203308
4392,0.5237130522727966
4393,0.4217391610145569
4394,0.5686352849006653
4395,0.8101602792739868
4396,0.34522879123687744
4397,0.6784636378288269
4398,0.47674494981765747
4399,0.4983104467391968
4400,0.2960432469844818
4401,0.4405779242515564
4402,0.35816600918769836
4403,0.356687068939209
4404,0.2714361548423767
4405,0.5455482006072998
4406,0.32230162620544434
4407,0.4888496994972229
4408,0.3598595857620239
4409,0.42941781878471375
4410,0.386257529258728
4411,0.5860356688499451
4412,0.6165270805358887
4413,0.4604262411594391
4414,0.20471788942813873
4415,0.43040546774864197
4416,0.503044605255127
4417,0.2991386651992798
4418,0.289489209651947
4419,0.3424355983734131
4420,0.2666049301624298
4421,0.40756890177726746
4422,0.3928791880607605
4423,0.29621243476867676
4424,0.44960275292396545
4425,0.2524349093437195
4426,0.43667498230934143
4427,0.5153522491455078
4428,0.5082136988639832
4429,0.8230166435241699
4430,0.4353673756122589
4431,0.6385354399681091
4432,0.3746250867843628
4433,0.4649403989315033
4434,0.531773030757904
4435,0.728463351726532
4436,0.2852747440338135
4437,0.20183606445789337
4438,0.32948875427246094
4439,0.37749356031417847
4440,0.03328971937298775
4441,0.5438504219055176
4442,0.18753667175769806
4443,0.4139784276485443
4444,0.6015520691871643
4445,0.40694233775138855
4446,0.5470687747001648
4447,0.25446274876594543
4448,0.48902270197868347
4449,0.5207400321960449
4450,0.5041730403900146
4451,0.5030540823936462
4452,0.5963977575302124
4453,0.21176055073738098
4454,0.5496700406074524
4455,0.5669385194778442
4456,0.4319954216480255
4457,0.34057509899139404
4458,0.4996013641357422
4459,0.6515441536903381
4460,0.2379041165113449
4461,0.5592740774154663
4462,0.2131631076335907
4463,0.6230208873748779
4464,0.4302555322647095
4465,0.25627607107162476
4466,0.27685269713401794
4467,0.4072158932685852
4468,0.45037633180618286
4469,0.6602546572685242
4470,0.47516629099845886
4471,0.5450167059898376
4472,0.45716041326522827
4473,0.6363651156425476
4474,0.5135157704353333
4475,0.4329645037651062
4476,0.47774356603622437
4477,0.44695645570755005
4478,0.6474300622940063
4479,0.3164479732513428
4480,0.6611928343772888
4481,0.38110989332199097
4482,0.21432511508464813
4483,0.5414817333221436
4484,0.788324236869812
4485,0.32626646757125854
4486,0.4588279724121094
4487,0.18482649326324463
4488,0.611297070980072
4489,0.32772430777549744
4490,0.301165908575058
4491,0.27402690052986145
4492,0.5891920328140259
4493,0.6099943518638611
4494,0.23279979825019836
4495,0.36717888712882996
4496,0.1697026640176773
4497,0.5182049870491028
4498,0.3912796080112457
4499,0.3910911977291107
4500,0.35888350009918213
4501,0.3906623125076294
4502,0.22795504331588745
4503,0.30841901898384094
4504,0.12787483632564545
4505,0.25598859786987305
4506,0.27137407660484314
4507,0.21567438542842865
4508,0.626449704170227
4509,0.29708436131477356
4510,0.7909243702888489
4511,0.4805489480495453
4512,0.17552700638771057
4513,0.2826405465602875
4514,0.5950511693954468
4515,0.2815002202987671
4516,0.2176886647939682
4517,0.630974531173706
4518,0.5412607789039612
4519,0.5130254030227661
4520,0.22741135954856873
4521,0.6789272427558899
4522,0.5359874367713928
4523,0.7034329175949097
4524,0.318756103515625
4525,0.44121795892715454
4526,0.5400136709213257
4527,0.19132566452026367
4528,0.4195212125778198
4529,0.34003371000289917
4530,0.5805444121360779
4531,0.42589306831359863
4532,0.12370951473712921
4533,0.3226834833621979
4534,0.2761007845401764
4535,0.290388822555542
4536,0.279917448759079
4537,0.11727694422006607
4538,0.5576052665710449
4539,0.5507161021232605
4540,0.595474362373352
4541,0.33885303139686584
4542,0.1906246691942215
4543,0.5707847476005554
4544,0.19577133655548096
4545,0.2476750761270523
4546,0.47241947054862976
4547,0.49096813797950745
4548,0.1995643675327301
4549,0.4595305025577545
4550,0.5259525179862976
4551,0.27918335795402527
4552,0.6224815845489502
4553,0.5768296718597412
4554,0.23747795820236206
4555,0.36736664175987244
4556,0.3501667380332947
4557,0.4942784011363983
4558,0.318512499332428
4559,0.5794224739074707
4560,0.5305348634719849
4561,0.31345102190971375
4562,0.5378850102424622
4563,0.4696454703807831
4564,0.7900075316429138
4565,0.6987720131874084
4566,0.3777255117893219
4567,0.5704030990600586
4568,0.37520456314086914
4569,0.4999324083328247
4570,0.29145190119743347
4571,0.152556374669075
4572,0.45501798391342163
4573,0.46226444840431213
4574,0.47398990392684937
4575,0.4436677396297455
4576,0.6655706167221069
4577,0.3070991039276123
4578,0.5953197479248047
4579,0.4614000618457794
4580,0.5548969507217407
4581,0.6715372204780579
4582,0.5035021305084229
4583,0.28968891501426697
4584,0.31619101762771606
4585,0.6033828854560852
4586,0.6435879468917847
4587,0.5725414752960205
4588,0.4445057213306427
4589,0.3398406505584717
4590,0.330419659614563
4591,0.42395198345184326
4592,0.40215083956718445
4593,0.3461330831050873
4594,0.5045225620269775
4595,0.38195085525512695
4596,0.6798345446586609
4597,0.19095689058303833
4598,0.312642902135849
4599,0.42998191714286804
4600,0.26593852043151855
4601,0.7501320838928223
4602,0.47990548610687256
4603,0.19900964200496674
4604,0.12722206115722656
4605,0.3854793310165405
4606,0.512715756893158
4607,0.42071112990379333
4608,0.28526753187179565
4609,0.13434529304504395
4610,0.24588902294635773
4611,0.38230079412460327
4612,0.41385921835899353
4613,0.33448484539985657
4614,0.8309293389320374
4615,0.3420906364917755
4616,0.5774832963943481
4617,0.3983970582485199
4618,0.4200300872325897
4619,0.532821536064148
4620,0.4262077808380127
4621,0.32679256796836853
4622,0.51849764585495
4623,0.31608784198760986
4624,0.1498851776123047
4625,0.6362147927284241
4626,0.32517293095588684
4627,0.5724608302116394
4628,0.37921464443206787
4629,0.44287511706352234
4630,0.4069254994392395
4631,0.39682674407958984
4632,0.41521570086479187
4633,0.696928858757019
4634,0.3858690857887268
4635,0.21722263097763062
4636,0.5119231343269348
4637,0.5409173965454102
4638,0.18853124976158142
4639,0.20341186225414276
4640,0.31938987970352173
4641,0.3509884774684906
4642,0.6363688111305237
4643,0.8443153500556946
4644,0.32035356760025024
4645,0.24819952249526978
4646,0.5391154289245605
4647,0.27624592185020447
4648,0.3568646311759949
4649,0.6773473024368286
4650,0.36854299902915955
4651,0.48269525170326233
4652,0.46120426058769226
4653,0.6613882780075073
4654,0.6994991302490234
4655,0.45028823614120483
4656,0.5130723714828491
4657,0.424450159072876
4658,0.40482762455940247
4659,0.4431438744068146
4660,0.7299374341964722
4661,-0.011125343851745129
4662,0.7129608988761902
4663,0.39007216691970825
4664,0.6129709482192993
4665,0.41142386198043823
4666,0.697551965713501
4667,0.4140392541885376
4668,0.30475640296936035
4669,0.5446210503578186
4670,0.43672865629196167
4671,0.82072913646698
4672,0.40505272150039673
4673,0.5969861149787903
4674,0.4438716471195221
4675,0.491034597158432
4676,0.20941543579101562
4677,0.20438842475414276
4678,0.5283955335617065
4679,0.3153907358646393
4680,0.5891151428222656
4681,0.5409755706787109
4682,0.5722723603248596
4683,0.33672887086868286
4684,0.18541444838047028
4685,0.3109586536884308
4686,0.3783645033836365
4687,0.41067445278167725
4688,0.23168325424194336
4689,0.2769382894039154
4690,0.11198600381612778
4691,0.3302876353263855
4692,0.510391116142273
4693,0.27484554052352905
4694,0.5120064616203308
4695,0.5587693452835083
4696,0.5455579161643982
4697,0.47869056463241577
4698,0.4263778328895569
4699,0.6733159422874451
4700,0.36675092577934265
4701,0.40595656633377075
4702,0.4041370451450348
4703,0.4780641794204712
4704,0.8679481744766235
4705,0.6181588172912598
4706,0.44350093603134155
4707,0.3676244914531708
4708,0.45090386271476746
4709,0.4656304717063904
4710,0.4342018663883209
4711,0.5504039525985718
4712,0.3498437702655792
4713,0.5933701395988464
4714,0.34253042936325073
4715,0.5653952360153198
4716,0.1825360208749771
4717,0.23580895364284515
4718,0.36648622155189514
4719,0.5695566534996033
4720,0.5400341749191284
4721,0.47938957810401917
4722,0.47256556153297424
4723,0.4690483510494232
4724,0.4625746011734009
4725,0.2627100348472595
4726,0.42975741624832153
4727,0.2407381385564804
4728,0.32880115509033203
4729,0.65735924243927
4730,0.5872999429702759
4731,0.27433592081069946
4732,0.2927916347980499
4733,0.1947202980518341
4734,0.3480508625507355
4735,0.7826870083808899
4736,0.35223767161369324
4737,0.538459837436676
4738,0.22771212458610535
4739,0.42645102739334106
4740,0.4255826473236084
4741,0.40536007285118103
4742,0.23288455605506897
4743,-0.0038294426631182432
4744,0.5546922087669373
4745,0.3327791392803192
4746,0.22116605937480927
4747,0.462285578250885
4748,0.7640606164932251
4749,0.6472943425178528
4750,0.5798360109329224
4751,0.7886021733283997
4752,0.7859968543052673
4753,0.3771207630634308
4754,0.7538822293281555
4755,0.4887470304965973
4756,0.07535248249769211
4757,0.3667171597480774
4758,0.4137958586215973
4759,0.26437070965766907
4760,0.41497159004211426
4761,0.5395034551620483
4762,0.45239973068237305
4763,0.41416454315185547
4764,0.40675511956214905
4765,0.14840471744537354
4766,0.5563452839851379
4767,0.20419247448444366
4768,0.10744069516658783
4769,0.2770076096057892
4770,0.12227776646614075
4771,0.5164430141448975
4772,0.42306530475616455
4773,0.4497726857662201
4774,0.3694523274898529
4775,0.2512398362159729
4776,0.390573114156723
4777,0.34040847420692444
4778,0.6629762649536133
4779,0.4496569335460663
4780,0.37777847051620483
4781,0.5461320877075195
4782,0.3725382089614868
4783,0.4463038146495819
4784,0.26589328050613403
4785,0.5202077031135559
4786,0.609673023223877
4787,0.08665759861469269
4788,0.5383171439170837
4789,0.3270688056945801
4790,0.4793834984302521
4791,0.24610009789466858
4792,0.8259557485580444
4793,0.5061144828796387
4794,0.4630175232887268
4795,0.4091606140136719
4796,0.5712031722068787
4797,0.33894971013069153
4798,0.230734184384346
4799,0.32416144013404846
4800,0.4458499550819397
4801,0.6002690196037292
4802,0.34899309277534485
4803,0.2846725881099701
4804,0.4380500018596649
4805,0.4931700527667999
4806,0.24721840023994446
4807,0.5472819209098816
4808,0.5831698775291443
4809,0.577424168586731
4810,0.23688174784183502
4811,0.6352111101150513
4812,0.4542807936668396
4813,0.5963584184646606
4814,0.37873056530952454
4815,0.3561418354511261
4816,0.5433552861213684
4817,0.4311119019985199
4818,0.4590526521205902
4819,0.5237210392951965
4820,0.5522201061248779
4821,0.19829261302947998
4822,0.3346775472164154
4823,0.2037079781293869
4824,0.44714245200157166
4825,0.6933552622795105
4826,0.3437245190143585
4827,0.8882395625114441
4828,0.3256552815437317
4829,0.2050297111272812
4830,0.3938688039779663
4831,0.463358610868454
4832,0.7074300050735474
4833,0.3730911314487457
4834,0.377298504114151
4835,0.6051526069641113
4836,0.611756443977356
4837,0.546424150466919
4838,0.223992258310318
4839,0.5360955595970154
4840,0.4001881778240204
4841,0.61537766456604
4842,0.4227914810180664
4843,0.16858182847499847
4844,0.4353523552417755
4845,0.4513528347015381
4846,0.15251734852790833
4847,0.5643503069877625
4848,0.31713852286338806
4849,0.5935184955596924
4850,0.6065374612808228
4851,0.41100412607192993
4852,0.2923945486545563
4853,0.5897369384765625
4854,0.5187171697616577
4855,0.4815549850463867
4856,0.6494722962379456
4857,0.4095304012298584
4858,0.546786904335022
4859,0.30291295051574707
4860,0.31971293687820435
4861,0.3676062226295471
4862,0.340515673160553
4863,0.4337046146392822
4864,0.6399520635604858
4865,0.40030524134635925
4866,0.4012431800365448
4867,0.35054129362106323
4868,0.3212296962738037
4869,0.24544967710971832
4870,0.4735967218875885
4871,0.6901178956031799
4872,0.6445558071136475
4873,0.5183166265487671
4874,0.6160450577735901
4875,0.3166615664958954
4876,0.42940178513526917
4877,0.2552120089530945
4878,0.5685332417488098
4879,0.685383141040802
4880,0.40115097165107727
4881,0.4576726257801056
4882,0.3531568646430969
4883,0.509951114654541
4884,0.6108267307281494
4885,0.44948485493659973
4886,0.3536561131477356
4887,0.2310570329427719
4888,0.50505131483078
4889,0.31802085041999817
4890,0.6973831057548523
4891,0.3772983253002167
4892,0.37101784348487854
4893,0.7786390781402588
4894,0.5412334203720093
4895,0.5065956115722656
