sequence_index,pearson_r
0,0.3953743577003479
1,0.34379228949546814
2,0.6601524949073792
3,0.6186498403549194
4,0.15921643376350403
5,0.13011188805103302
6,0.5739170908927917
7,0.5039005279541016
8,0.49073052406311035
9,0.3646973967552185
10,0.3042667806148529
11,0.2200729101896286
12,0.6423410177230835
13,0.15881893038749695
14,0.3366014063358307
15,0.4196011424064636
16,0.6957275867462158
17,0.37009355425834656
18,0.6095154881477356
19,0.5218645930290222
20,0.5401596426963806
21,0.48202165961265564
22,0.36667630076408386
23,0.5634938478469849
24,0.10073841363191605
25,0.2347627431154251
26,0.5301120281219482
27,0.7606346011161804
28,0.5391578078269958
29,0.558539628982544
30,0.25825512409210205
31,0.14828899502754211
32,0.30470389127731323
33,0.5959386229515076
34,0.3410041928291321
35,0.2837052345275879
36,0.5628970861434937
37,0.0706954076886177
38,0.30617794394493103
39,0.6905136108398438
40,0.5596919059753418
41,0.5315243601799011
42,0.4159025549888611
43,0.6336413025856018
44,0.5873820781707764
45,0.4906056225299835
46,0.18033193051815033
47,0.18692953884601593
48,0.5205146670341492
49,0.18871553242206573
50,0.5683673620223999
51,0.4420929253101349
52,0.6316864490509033
53,0.28884780406951904
54,0.6287897229194641
55,0.7059218287467957
56,0.3107318878173828
57,0.3745415508747101
58,0.436052531003952
59,0.5824131369590759
60,0.691207766532898
61,0.5095549821853638
62,0.1619475930929184
63,0.29173415899276733
64,0.37302592396736145
65,0.5355128645896912
66,0.5649625062942505
67,0.4752034842967987
68,0.35336804389953613
69,0.46168413758277893
70,0.4378087818622589
71,0.4421350359916687
72,0.38818109035491943
73,0.23502203822135925
74,0.40953871607780457
75,0.5111005902290344
76,0.0586002953350544
77,0.7236970067024231
78,0.6055202484130859
79,0.6167718172073364
80,0.8225982189178467
81,0.49044206738471985
82,0.6042352318763733
83,0.5273867249488831
84,0.8540187478065491
85,0.6545264720916748
86,0.1365480124950409
87,0.6882173418998718
88,0.29415684938430786
89,0.8332182168960571
90,0.3573818802833557
91,0.5143226981163025
92,0.5423356890678406
93,0.5265297293663025
94,0.4752909541130066
95,0.3390178680419922
96,0.4993560016155243
97,0.4031757116317749
98,0.571273148059845
99,0.6321432590484619
100,0.46280333399772644
101,0.46866557002067566
102,0.4611292779445648
103,0.234529510140419
104,0.484366238117218
105,0.5937354564666748
106,0.21628166735172272
107,0.3465827405452728
108,0.44176942110061646
109,0.6860759854316711
110,0.2579832673072815
111,0.471820205450058
112,0.36035341024398804
113,0.33322709798812866
114,0.23074980080127716
115,0.04244318976998329
116,0.46949127316474915
117,0.31131789088249207
118,0.4677332639694214
119,0.4008951187133789
120,0.11242812871932983
121,0.4611113369464874
122,0.48537829518318176
123,0.6379957795143127
124,0.7251042127609253
125,0.389925479888916
126,0.45044443011283875
127,0.3685060143470764
128,0.25458627939224243
129,0.46167904138565063
130,0.34196433424949646
131,0.5994349718093872
132,0.21711337566375732
133,0.5214120149612427
134,0.5953457355499268
135,0.46503746509552
136,0.3785921037197113
137,0.28612926602363586
138,0.6946768164634705
139,0.6046571135520935
140,0.3400494456291199
141,0.2555156350135803
142,0.2842252254486084
143,0.6878926157951355
144,0.42202016711235046
145,0.4040055274963379
146,0.3792027235031128
147,0.5941835641860962
148,0.21452246606349945
149,0.46110597252845764
150,0.2073153257369995
151,0.5103293657302856
152,0.6004116535186768
153,0.5861660838127136
154,0.6837925314903259
155,0.4962155520915985
156,0.34576016664505005
157,0.02415517531335354
158,0.3587479591369629
159,0.4701255261898041
160,0.5370668768882751
161,0.29637521505355835
162,0.7068042159080505
163,0.22069206833839417
164,0.6605941653251648
165,0.6680137515068054
166,0.4884684383869171
167,0.7092357873916626
168,0.3674911558628082
169,0.3286978602409363
170,0.16618172824382782
171,0.40837326645851135
172,0.1466403603553772
173,0.7335736751556396
174,0.5754352807998657
175,0.4896848201751709
176,0.5691799521446228
177,0.3977256119251251
178,0.34812724590301514
179,0.3457147479057312
180,0.6508037447929382
181,0.5497013926506042
182,0.46737316250801086
183,0.27437731623649597
184,0.4363206624984741
185,0.6628888249397278
186,0.5057296752929688
187,0.5458760261535645
188,0.44405004382133484
189,0.5797603726387024
190,-0.07127665728330612
191,0.7030932307243347
192,0.31140318512916565
193,0.3703707754611969
194,0.42413824796676636
195,0.23999139666557312
196,0.5493720173835754
197,0.6707196831703186
198,0.532017707824707
199,0.5654312372207642
200,0.41067391633987427
201,0.47070732712745667
202,0.33749815821647644
203,0.6863211989402771
204,0.4543495774269104
205,0.5241499543190002
206,0.43482476472854614
207,0.775829553604126
208,0.46941718459129333
209,0.2705730199813843
210,0.33113929629325867
211,0.4485056400299072
212,0.4944363236427307
213,0.5099137425422668
214,0.5173672437667847
215,0.5836540460586548
216,0.6455676555633545
217,0.3407297432422638
218,0.42126649618148804
219,0.35040584206581116
220,0.36908623576164246
221,0.1935577541589737
222,0.4101366400718689
223,0.09070469439029694
224,0.5563867092132568
225,0.6312130093574524
226,0.5662297606468201
227,0.6458174586296082
228,0.3808022737503052
229,0.6986117959022522
230,0.12354997545480728
231,0.28720590472221375
232,0.4581105411052704
233,0.41429653763771057
234,0.3746338188648224
235,0.4886738061904907
236,0.58415687084198
237,0.3020792603492737
238,0.24921269714832306
239,0.12623196840286255
240,0.1957346796989441
241,0.4795144200325012
242,0.471040278673172
243,0.47180429100990295
244,0.4972992539405823
245,0.6171046495437622
246,0.338533878326416
247,0.32208600640296936
248,0.64845210313797
249,0.3988890051841736
250,0.5387738943099976
251,0.5069299936294556
252,0.5049020051956177
253,0.4323611855506897
254,0.6397008299827576
255,0.5260538458824158
256,0.4138758182525635
257,0.6439393162727356
258,0.6802690029144287
259,0.42401671409606934
260,0.8317086696624756
261,0.5582152009010315
262,0.2031015306711197
263,0.43357712030410767
264,0.3371213376522064
265,0.6668089032173157
266,0.5731981992721558
267,0.40975654125213623
268,0.6929730772972107
269,0.4276482164859772
270,0.55274897813797
271,0.6900204420089722
272,0.2352844923734665
273,0.33233195543289185
274,0.3895178437232971
275,0.2572137117385864
276,0.5590629577636719
277,0.5541298985481262
278,0.27263060212135315
279,0.535024106502533
280,0.20731854438781738
281,0.4457021951675415
282,0.38764074444770813
283,0.5433480739593506
284,0.5185261964797974
285,0.5642298460006714
286,0.5476988554000854
287,0.40182891488075256
288,0.32766881585121155
289,0.7905851006507874
290,0.5753725171089172
291,0.8097829818725586
292,0.44638270139694214
293,0.5075648427009583
294,0.4249444901943207
295,0.8121274709701538
296,0.29335227608680725
297,0.30783599615097046
298,0.3516388535499573
299,0.7052685022354126
300,0.42154499888420105
301,0.6594734191894531
302,0.6449915766716003
303,0.5409883856773376
304,0.18759797513484955
305,0.689293384552002
306,0.5191140174865723
307,0.35572129487991333
308,0.4498882591724396
309,0.45416060090065
310,0.472697377204895
311,0.4782772660255432
312,0.6689938902854919
313,0.1321888267993927
314,0.534957230091095
315,0.6704849004745483
316,0.48243242502212524
317,0.40335720777511597
318,0.678757905960083
319,0.18968072533607483
320,0.3944072723388672
321,0.3710012137889862
322,0.2125527262687683
323,0.8758484721183777
324,0.6935895681381226
325,0.48984211683273315
326,0.40877705812454224
327,0.7060645222663879
328,0.4191674590110779
329,0.40902218222618103
330,0.6647056341171265
331,0.2642253637313843
332,0.24344585835933685
333,0.3715880811214447
334,0.49514734745025635
335,0.39225712418556213
336,0.6277669072151184
337,0.6772874593734741
338,0.4132518172264099
339,0.730682909488678
340,0.6057102680206299
341,0.11235718429088593
342,0.43468374013900757
343,0.3097746968269348
344,0.31631892919540405
345,0.5208525657653809
346,0.6128748059272766
347,0.4889599680900574
348,0.1737508922815323
349,0.38871443271636963
350,0.7515813708305359
351,0.6695944666862488
352,0.6905876398086548
353,0.37001147866249084
354,0.552278995513916
355,0.41311946511268616
356,0.6992151737213135
357,0.30967041850090027
358,0.6876893043518066
359,0.34268462657928467
360,0.4298730790615082
361,0.44056224822998047
362,0.45205363631248474
363,0.4005202054977417
364,0.5044680237770081
365,0.21669192612171173
366,0.3737955093383789
367,0.709010899066925
368,0.30422744154930115
369,0.30175212025642395
370,0.4498082995414734
371,0.30295270681381226
372,0.349608451128006
373,0.31276559829711914
374,0.7402978539466858
375,0.505042314529419
376,0.10921543091535568
377,0.6541861295700073
378,0.5055647492408752
379,0.1425168663263321
380,0.6420373916625977
381,0.5808605551719666
382,0.4547409117221832
383,0.225568026304245
384,0.42379581928253174
385,0.4481297731399536
386,0.40863946080207825
387,0.4843405485153198
388,0.5705311894416809
389,0.23705412447452545
390,0.5404784083366394
391,0.16925378143787384
392,0.32401159405708313
393,0.36683428287506104
394,0.4647999703884125
395,0.7025878429412842
396,0.30087533593177795
397,0.34118983149528503
398,0.636789083480835
399,0.5201437473297119
400,0.4562058448791504
401,0.17509976029396057
402,0.573137104511261
403,0.7395197153091431
404,0.03324660658836365
405,0.6773242354393005
406,0.5712518692016602
407,0.22996991872787476
408,0.43945765495300293
409,0.632526159286499
410,0.41465792059898376
411,0.6517589688301086
412,0.3254917860031128
413,0.4273476004600525
414,0.6695652604103088
415,0.6432653069496155
416,0.23879031836986542
417,0.3169894516468048
418,0.22294467687606812
419,0.39178258180618286
420,0.6232994794845581
421,0.10776485502719879
422,0.3283028304576874
423,0.6311680674552917
424,0.5584510564804077
425,0.612727701663971
426,0.04351465404033661
427,0.7565637230873108
428,0.5853193402290344
429,0.2647087275981903
430,0.6846711039543152
431,0.2482748031616211
432,0.5947640538215637
433,0.6332116723060608
434,0.38043349981307983
435,0.3262687623500824
436,0.6198598146438599
437,0.5367367267608643
438,0.11930958926677704
439,0.4253480136394501
440,0.526533842086792
441,0.4099477231502533
442,0.27226144075393677
443,0.5904848575592041
444,0.36148014664649963
445,0.5634650588035583
446,0.21273280680179596
447,0.7101454138755798
448,0.4078858196735382
449,0.3175029158592224
450,0.34173011779785156
451,0.655208945274353
452,0.6248745918273926
453,0.42397648096084595
454,0.5157001614570618
455,0.3097970485687256
456,0.37159374356269836
457,0.5299198031425476
458,0.536561131477356
459,0.5315558314323425
460,0.7091352343559265
461,0.7286984920501709
462,0.4101281762123108
463,0.26196661591529846
464,0.4929235577583313
465,0.7391328811645508
466,0.5421730279922485
467,0.6201630234718323
468,0.3427447974681854
469,0.3326184153556824
470,0.3252663016319275
471,0.4790148138999939
472,0.42698702216148376
473,0.5788302421569824
474,0.6698961853981018
475,0.39734068512916565
476,0.3833140432834625
477,0.5515636205673218
478,0.2386799156665802
479,0.6161389350891113
480,0.6055762767791748
481,0.4323330521583557
482,0.2380864918231964
483,0.7079018354415894
484,0.426352858543396
485,0.2478668987751007
486,0.37475281953811646
487,0.3603769540786743
488,0.6593785881996155
489,0.7140749096870422
490,0.46775922179222107
491,0.29173991084098816
492,0.5718697309494019
493,0.33320537209510803
494,0.27374258637428284
495,0.4544096291065216
496,0.37777599692344666
497,0.34166544675827026
498,0.49249887466430664
499,0.5968062281608582
500,0.587153434753418
501,0.5494869351387024
502,0.5836823582649231
503,0.533288300037384
504,0.10185068100690842
505,0.4826411008834839
506,0.301934152841568
507,0.5718114376068115
508,0.3809908926486969
509,0.5378557443618774
510,0.3592953085899353
511,0.6979554295539856
512,0.6962670683860779
513,0.574821412563324
514,0.6796606183052063
515,0.3279380202293396
516,0.4243534207344055
517,0.48639875650405884
518,0.09691807627677917
519,0.24686437845230103
520,0.2182977944612503
521,0.4108772873878479
522,0.136517733335495
523,0.5954001545906067
524,0.693896472454071
525,0.30580607056617737
526,0.13767319917678833
527,0.5139183402061462
528,0.3747551441192627
529,0.4940235912799835
530,0.42253780364990234
531,0.48971855640411377
532,0.5079572796821594
533,0.4573347568511963
534,0.1546081304550171
535,0.28727900981903076
536,0.2974678874015808
537,0.20853324234485626
538,0.43313050270080566
539,0.36538219451904297
540,0.3994297385215759
541,0.39083799719810486
542,0.33687955141067505
543,0.5774939060211182
544,0.5762226581573486
545,0.4387090802192688
546,0.5960865020751953
547,0.5071044564247131
548,0.6272650957107544
549,0.6035640835762024
550,0.6132746338844299
551,0.4054509997367859
552,0.3464947044849396
553,0.33578261733055115
554,0.34909939765930176
555,0.2926429808139801
556,0.47274935245513916
557,0.20800098776817322
558,0.45422324538230896
559,0.4488193690776825
560,0.38394731283187866
561,0.5020270943641663
562,0.2956652045249939
563,0.18538932502269745
564,0.5728808045387268
565,0.3453716039657593
566,0.42480358481407166
567,0.6850383877754211
568,0.5399118661880493
569,0.216596782207489
570,0.25654417276382446
571,0.6472621560096741
572,0.21153508126735687
573,0.4979858100414276
574,0.41513538360595703
575,0.6617310643196106
576,0.3910234570503235
577,0.34364184737205505
578,0.257928729057312
579,0.4486745297908783
580,0.4619056284427643
581,0.7199811339378357
582,0.600229799747467
583,0.5743862390518188
584,0.437422513961792
585,0.24596001207828522
586,0.05034757778048515
587,0.17066355049610138
588,0.5476706027984619
589,0.4915723204612732
590,0.2572946548461914
591,0.5828426480293274
592,0.6641833782196045
593,0.43718671798706055
594,0.5084208846092224
595,0.6106005311012268
596,0.6428123116493225
597,0.1118524894118309
598,0.374146431684494
599,0.667060911655426
600,0.3519739806652069
601,0.4669415354728699
602,0.5295533537864685
603,0.45492932200431824
604,0.7826554179191589
605,0.5620439052581787
606,0.3371821939945221
607,0.6435190439224243
608,0.4003312885761261
609,0.23534852266311646
610,0.4219398498535156
611,-0.02790095843374729
612,0.45805686712265015
613,0.7880296111106873
614,0.5575565099716187
615,0.594254195690155
616,0.4610626697540283
617,0.5936347842216492
618,0.44003650546073914
619,0.5761392116546631
620,0.37779030203819275
621,0.40780189633369446
622,0.4694751501083374
623,0.5313366055488586
624,0.7069656848907471
625,0.2825520932674408
626,0.38235899806022644
627,0.23586584627628326
628,0.48398005962371826
629,0.10883765667676926
630,0.37432578206062317
631,0.4731540083885193
632,0.6125593781471252
633,0.5785189270973206
634,0.5027449131011963
635,0.32535895705223083
636,0.5994361042976379
637,0.48117461800575256
638,0.40866127610206604
639,0.837550699710846
640,0.3709973394870758
641,0.4229072630405426
642,0.5932478904724121
643,0.6180758476257324
644,0.4716414511203766
645,0.4528699219226837
646,0.4897426962852478
647,0.577151358127594
648,0.17924006283283234
649,0.3460176885128021
650,0.24440999329090118
651,0.8600752949714661
652,0.6567401885986328
653,0.6533252596855164
654,0.5161101818084717
655,0.417938232421875
656,0.3695122003555298
657,0.34057560563087463
658,-0.011728955432772636
659,0.32257694005966187
660,0.529236376285553
661,0.36631685495376587
662,0.47232064604759216
663,0.3516071140766144
664,0.6450142860412598
665,0.49086901545524597
666,0.46455445885658264
667,0.6627921462059021
668,0.44806477427482605
669,0.5510314702987671
670,0.5381413102149963
671,0.4278770387172699
672,0.34640762209892273
673,0.6505200266838074
674,0.36217787861824036
675,0.5744390487670898
676,0.5014362335205078
677,0.4936177134513855
678,0.511825442314148
679,0.3065391182899475
680,0.46332883834838867
681,0.6235253810882568
682,0.5271869897842407
683,0.5946820974349976
684,0.23353607952594757
685,0.3007403612136841
686,0.6312589645385742
687,0.5211672782897949
688,0.4574192464351654
689,0.5143777132034302
690,0.26675093173980713
691,0.4942795932292938
692,0.49403634667396545
693,0.6893506646156311
694,0.18496209383010864
695,0.5357227325439453
696,0.5577869415283203
697,0.39087918400764465
698,0.8098688721656799
699,0.6090797781944275
700,0.6062711477279663
701,0.4405873417854309
702,0.7157204747200012
703,0.2554512023925781
704,0.45579686760902405
705,0.19434680044651031
706,0.2745954096317291
707,0.4104052782058716
708,0.5783277153968811
709,0.30514365434646606
710,0.44664159417152405
711,0.2800796926021576
712,0.6315492987632751
713,0.0017622638260945678
714,0.29772812128067017
715,0.4438868463039398
716,0.3777965307235718
717,0.33095037937164307
718,0.19660291075706482
719,0.7205291986465454
720,0.4666004776954651
721,0.6651557087898254
722,0.567399799823761
723,0.543034553527832
724,0.4691571295261383
725,0.28196418285369873
726,0.3550914525985718
727,0.532245934009552
728,0.6026746034622192
729,0.5653765201568604
730,0.49777406454086304
731,0.594335675239563
732,0.39683857560157776
733,0.4866844117641449
734,0.029087482020258904
735,0.36124929785728455
736,0.48033177852630615
737,0.4439886510372162
738,0.627430260181427
739,0.043542053550481796
740,0.5696765184402466
741,0.5300045013427734
742,0.4628326892852783
743,0.5535893440246582
744,0.6115808486938477
745,0.3175332844257355
746,0.41083961725234985
747,0.7588820457458496
748,0.3978863060474396
749,0.3691135048866272
750,0.37716615200042725
751,0.4394991099834442
752,0.5242458581924438
753,0.47125735878944397
754,0.7465825080871582
755,0.7229676246643066
756,0.4171721339225769
757,0.5830841064453125
758,0.49686509370803833
759,0.5858080983161926
760,0.3458155691623688
761,0.42616006731987
762,0.7026443481445312
763,0.3213611841201782
764,0.34911999106407166
765,0.3709380030632019
766,0.5876035690307617
767,0.5689325928688049
768,0.4485390782356262
769,0.6866909861564636
770,0.808666467666626
771,0.09747303277254105
772,0.5114854574203491
773,0.5194665789604187
774,0.5667895674705505
775,0.3943079710006714
776,0.5285890698432922
777,0.48293936252593994
778,0.5299441814422607
779,0.47088465094566345
780,0.5806954503059387
781,0.5260318517684937
782,0.5930956602096558
783,0.22645753622055054
784,0.2389201670885086
785,0.194299578666687
786,0.6486512422561646
787,0.5048583745956421
788,0.6193673610687256
789,0.39323145151138306
790,0.2797156870365143
791,0.7324351668357849
792,0.5365865230560303
793,0.5351938605308533
794,0.5912284255027771
795,0.6673456430435181
796,0.40311306715011597
797,0.361258327960968
798,0.5189083814620972
799,0.737073540687561
800,0.24319835007190704
801,0.2738597095012665
802,0.519965410232544
803,0.6364064812660217
804,0.4891222417354584
805,0.4989997148513794
806,0.446084588766098
807,0.050022587180137634
808,0.510887086391449
809,0.38819196820259094
810,0.44341737031936646
811,0.5335598587989807
812,0.4704425036907196
813,0.8380224704742432
814,0.47393980622291565
815,0.46061280369758606
816,0.8074188232421875
817,0.6064144968986511
818,0.41517436504364014
819,0.418174684047699
820,0.38757994771003723
821,0.5559584498405457
822,0.48659008741378784
823,0.4844681918621063
824,0.5492928624153137
825,0.37104275822639465
826,0.3423435389995575
827,0.49336323142051697
828,0.4603974521160126
829,0.47931206226348877
830,0.5085815787315369
831,0.5757941007614136
832,0.43070510029792786
833,0.4440981447696686
834,0.5025653839111328
835,0.5743430256843567
836,0.34498125314712524
837,0.6355289816856384
838,0.38681328296661377
839,0.29056933522224426
840,0.24011458456516266
841,0.4915092885494232
842,0.6774619817733765
843,0.3730946183204651
844,0.15784643590450287
845,0.5065017342567444
846,0.42832523584365845
847,0.6999081373214722
848,0.46947818994522095
849,0.2845827341079712
850,0.8781446814537048
851,0.6334874033927917
852,0.30304116010665894
853,0.3006380796432495
854,0.5178124904632568
855,0.49051809310913086
856,0.5670514106750488
857,0.5668761134147644
858,0.2843582034111023
859,0.410531610250473
860,0.5384353995323181
861,0.7548103332519531
862,0.6875749826431274
863,0.6580637693405151
864,0.3921550512313843
865,0.5445603132247925
866,0.42096370458602905
867,0.27368655800819397
868,0.4595317542552948
869,0.5952582955360413
870,0.2145482897758484
871,0.44307219982147217
872,0.4355711042881012
873,0.37488532066345215
874,0.48754823207855225
875,0.27329179644584656
876,0.2679406702518463
877,0.5491734743118286
878,0.7464278936386108
879,0.2985275387763977
880,0.39231881499290466
881,0.5704928636550903
882,0.4557186961174011
883,0.5952699780464172
884,0.5863442420959473
885,0.5460002422332764
886,0.1889672428369522
887,0.5490412712097168
888,0.39345982670783997
889,0.5835325717926025
890,0.49418383836746216
891,0.5082011222839355
892,0.28739112615585327
893,0.48866400122642517
894,0.5187514424324036
895,0.6127603650093079
896,0.05809933692216873
897,0.41943979263305664
898,0.3630116283893585
899,0.5501328110694885
900,0.5531509518623352
901,0.47654667496681213
902,0.5833597779273987
903,0.5711157321929932
904,0.2801996171474457
905,0.48833271861076355
906,0.28041791915893555
907,0.2624184787273407
908,0.17590388655662537
909,0.5607751607894897
910,0.4142623245716095
911,0.24627017974853516
912,0.17779648303985596
913,-0.01576901227235794
914,0.7160746455192566
915,0.6087828874588013
916,0.17350570857524872
917,0.5013538599014282
918,0.6248242259025574
919,0.5431976914405823
920,0.4718310236930847
921,0.6221215128898621
922,0.22507800161838531
923,0.5684075951576233
924,0.38775336742401123
925,0.3896469473838806
926,0.4667043387889862
927,0.19036926329135895
928,0.5947486162185669
929,0.18875735998153687
930,0.21623411774635315
931,0.19249475002288818
932,0.12855121493339539
933,0.36462852358818054
934,0.4355882406234741
935,0.7323146462440491
936,0.5246079564094543
937,0.6723867654800415
938,0.1495303362607956
939,0.33760714530944824
940,0.41337770223617554
941,0.18262532353401184
942,0.6124701499938965
943,0.5354273319244385
944,0.4292856752872467
945,0.28342631459236145
946,0.29925718903541565
947,0.5507347583770752
948,0.6284542679786682
949,0.6127225756645203
950,0.38659313321113586
951,0.5050472021102905
952,0.1279406100511551
953,0.35493236780166626
954,0.5744593739509583
955,0.5937028527259827
956,0.4221685528755188
957,0.3577585518360138
958,0.5043160319328308
959,0.1807631105184555
960,0.43517082929611206
961,0.20008119940757751
962,0.49114567041397095
963,0.5271481871604919
964,0.2255690097808838
965,0.79950350522995
966,0.7290255427360535
967,0.0696306973695755
968,0.6142255663871765
969,0.4973093867301941
970,0.597284197807312
971,0.2666645050048828
972,0.3548780083656311
973,0.14964260160923004
974,0.22648072242736816
975,0.8761775493621826
976,0.6482678055763245
977,0.4198388457298279
978,0.30299174785614014
979,0.5847591161727905
980,0.5998818278312683
981,0.6974173784255981
982,0.31678077578544617
983,0.1419885754585266
984,0.44212937355041504
985,0.30165600776672363
986,0.37262430787086487
987,0.2925487160682678
988,0.45910531282424927
989,0.4162694811820984
990,0.550226628780365
991,0.307621568441391
992,0.261066734790802
993,0.3586921691894531
994,0.4078812599182129
995,0.36923009157180786
996,0.27444207668304443
997,0.5257904529571533
998,0.2651509940624237
999,0.4389687180519104
1000,0.2837127149105072
1001,0.29227814078330994
1002,0.6784124374389648
1003,0.5006923675537109
1004,0.21768753230571747
1005,0.41916048526763916
1006,0.5129404664039612
1007,0.6105874180793762
1008,0.48114123940467834
1009,0.49112340807914734
1010,0.3830018937587738
1011,0.5988240838050842
1012,0.7009990811347961
1013,0.699396014213562
1014,0.4719363749027252
1015,0.5797007083892822
1016,0.2214391827583313
1017,0.4060828387737274
1018,0.3551769256591797
1019,0.23878861963748932
1020,0.39233705401420593
1021,0.4252074658870697
1022,0.5132089853286743
1023,0.5312030911445618
1024,0.624293863773346
1025,0.7269378304481506
1026,0.27593156695365906
1027,0.6254444122314453
1028,0.5117495059967041
1029,0.4624634385108948
1030,0.3282180428504944
1031,0.6171318888664246
1032,0.36785373091697693
1033,0.3291879892349243
1034,0.21239811182022095
1035,0.5098446011543274
1036,0.3671038746833801
1037,0.5289421677589417
1038,0.2615293562412262
1039,0.592056393623352
1040,0.6595062017440796
1041,0.3399110436439514
1042,0.49538299441337585
1043,0.38539305329322815
1044,0.3899306058883667
1045,0.4266102612018585
1046,0.39581602811813354
1047,0.5761265158653259
1048,0.459183007478714
1049,0.08674830943346024
1050,0.5861386060714722
1051,0.6220090389251709
1052,0.635170042514801
1053,0.4291580021381378
1054,0.34682121872901917
1055,0.19546256959438324
1056,0.4410949945449829
1057,0.30241379141807556
1058,0.5969493389129639
1059,0.5703709125518799
1060,0.26326826214790344
1061,0.08031128346920013
1062,0.47914329171180725
1063,0.613533079624176
1064,0.15772214531898499
1065,0.48792436718940735
1066,0.4825325608253479
1067,0.12336020916700363
1068,0.613984227180481
1069,0.5051363706588745
1070,0.3360801041126251
1071,0.6827879548072815
1072,0.21072186529636383
1073,0.470652312040329
1074,0.2178066372871399
1075,0.345954567193985
1076,0.5627965927124023
1077,0.4620499908924103
1078,0.2219628244638443
1079,0.5006905794143677
1080,0.5260536074638367
1081,0.29552963376045227
1082,0.4504812955856323
1083,0.49590039253234863
1084,0.5273738503456116
1085,0.21987339854240417
1086,0.24324309825897217
1087,0.3704167604446411
1088,0.17388466000556946
1089,0.6703139543533325
1090,0.5081511735916138
1091,0.36772799491882324
1092,0.3495970070362091
1093,0.6179227232933044
1094,0.6955893635749817
1095,0.5377402305603027
1096,0.17808160185813904
1097,0.4941379725933075
1098,0.42104199528694153
1099,0.613335907459259
1100,0.37340471148490906
1101,0.2705027163028717
1102,0.42157816886901855
1103,0.4106736481189728
1104,0.54051274061203
1105,0.34888237714767456
1106,0.45726242661476135
1107,0.32022252678871155
1108,0.5055773854255676
1109,0.4641670286655426
1110,0.488347589969635
1111,0.4513271450996399
1112,0.498405784368515
1113,0.5375516414642334
1114,0.38477832078933716
1115,0.5843031406402588
1116,0.26624777913093567
1117,0.4474172592163086
1118,0.4840918779373169
1119,0.47859516739845276
1120,0.43804606795310974
1121,0.4932284355163574
1122,0.5636963248252869
1123,0.8649442791938782
1124,0.1320304572582245
1125,0.503929853439331
1126,0.3874984085559845
1127,0.718368649482727
1128,0.5106988549232483
1129,0.1953466832637787
1130,0.3955174386501312
1131,0.5156518816947937
1132,0.5311571955680847
1133,0.20687317848205566
1134,0.27774709463119507
1135,0.5741144418716431
1136,0.5425702333450317
1137,0.480180561542511
1138,0.6566081643104553
1139,0.1554604470729828
1140,0.17704880237579346
1141,0.3616500794887543
1142,0.5621415972709656
1143,0.49454620480537415
1144,0.4485528767108917
1145,0.314139723777771
1146,0.40045368671417236
1147,0.3952503502368927
1148,0.5596465468406677
1149,0.5830407738685608
1150,0.5406754612922668
1151,0.43924784660339355
1152,0.3202740252017975
1153,0.5283856391906738
1154,0.7062956690788269
1155,0.39908352494239807
1156,0.40542691946029663
1157,0.433908075094223
1158,0.22417423129081726
1159,0.2330370545387268
1160,0.3392753303050995
1161,0.659271240234375
1162,0.5066522359848022
1163,0.46503129601478577
1164,0.4138907492160797
1165,0.5353843569755554
1166,0.49160683155059814
1167,0.6989879012107849
1168,0.5244773626327515
1169,0.3924730122089386
1170,0.5478517413139343
1171,0.6124052405357361
1172,0.3975023627281189
1173,0.6219961047172546
1174,0.37629595398902893
1175,0.15763264894485474
1176,0.21525752544403076
1177,0.4664570093154907
1178,0.748218834400177
1179,0.5182920694351196
1180,0.3329922556877136
1181,0.12097153067588806
1182,0.38742008805274963
1183,0.8206207156181335
1184,0.41742101311683655
1185,0.36219707131385803
1186,0.2392657846212387
1187,0.661399245262146
1188,0.4948149621486664
1189,0.40222859382629395
1190,0.4792829155921936
1191,0.4653902053833008
1192,0.6363269686698914
1193,0.1629447489976883
1194,0.48561832308769226
1195,0.5464955568313599
1196,0.598202645778656
1197,0.44606757164001465
1198,0.3747311532497406
1199,0.7427241206169128
1200,0.25309106707572937
1201,0.16943523287773132
1202,0.572618305683136
1203,0.3764757513999939
1204,0.2979230582714081
1205,0.3748750388622284
1206,0.5033872127532959
1207,0.7889722585678101
1208,0.5560588240623474
1209,0.47729378938674927
1210,0.39478081464767456
1211,0.155501127243042
1212,0.0029855382163077593
1213,0.39998501539230347
1214,0.5891198515892029
1215,0.44064024090766907
1216,0.3313787281513214
1217,0.5358187556266785
1218,0.15059269964694977
1219,0.3596346080303192
1220,0.5049598813056946
1221,0.35061168670654297
1222,0.5229927897453308
1223,0.38271963596343994
1224,0.6505672931671143
1225,0.3289216458797455
1226,0.2583850920200348
1227,0.3062104284763336
1228,0.46872764825820923
1229,0.40135282278060913
1230,0.3814757168292999
1231,0.61045241355896
1232,0.6369728446006775
1233,0.6601907014846802
1234,0.3643810749053955
1235,0.20486368238925934
1236,0.41032689809799194
1237,0.5377596616744995
1238,0.38732224702835083
1239,0.684326708316803
1240,0.2040547877550125
1241,0.4512676000595093
1242,0.7347059845924377
1243,0.657960832118988
1244,0.2542114853858948
1245,0.5081758499145508
1246,0.46173152327537537
1247,0.2610911726951599
1248,0.48754894733428955
1249,0.20859333872795105
1250,0.1369047462940216
1251,0.4605165421962738
1252,0.46906420588493347
1253,0.4528190493583679
1254,0.5334563255310059
1255,0.3607557415962219
1256,0.6130521893501282
1257,0.29918187856674194
1258,0.6147019863128662
1259,0.4533765912055969
1260,0.2561199963092804
1261,0.49911653995513916
1262,0.38582804799079895
1263,0.5229493975639343
1264,0.05089078098535538
1265,0.5162312388420105
1266,0.48399224877357483
1267,0.5845863819122314
1268,0.398267924785614
1269,0.36783918738365173
1270,0.5022063255310059
1271,0.5641926527023315
1272,0.47011175751686096
1273,0.4282020330429077
1274,0.41327956318855286
1275,0.6347629427909851
1276,0.6316544413566589
1277,0.573917031288147
1278,0.4443936347961426
1279,0.7190693020820618
1280,0.7064911127090454
1281,0.558414101600647
1282,0.6698487997055054
1283,0.31322580575942993
1284,0.34588590264320374
1285,0.326824426651001
1286,0.5346074104309082
1287,-0.09068950265645981
1288,0.2908085882663727
1289,0.6467743515968323
1290,0.3516871929168701
1291,0.48657190799713135
1292,0.36800941824913025
1293,0.10735976696014404
1294,0.3879854679107666
1295,0.1045098751783371
1296,0.4958155155181885
1297,0.2621977925300598
1298,0.4049822986125946
1299,0.5055542588233948
1300,0.729495644569397
1301,0.45360976457595825
1302,0.6277773380279541
1303,0.651085615158081
1304,0.4639599025249481
1305,0.5273290276527405
1306,0.1374334841966629
1307,0.5168523192405701
1308,0.38934004306793213
1309,0.4540972411632538
1310,0.3107241094112396
1311,0.6486623883247375
1312,0.5681136250495911
1313,0.7052322030067444
1314,0.5743997097015381
1315,0.24782060086727142
1316,0.3789411187171936
1317,0.3760807514190674
1318,0.5462303161621094
1319,0.35053154826164246
1320,0.5430494546890259
1321,0.1307782232761383
1322,0.6048300862312317
1323,0.15306109189987183
1324,0.28909820318222046
1325,0.24354855716228485
1326,0.3476720154285431
1327,0.554875910282135
1328,0.4445665776729584
1329,0.21214181184768677
1330,0.39400312304496765
1331,0.42113834619522095
1332,0.24563439190387726
1333,0.4598360061645508
1334,0.4674450159072876
1335,0.4422793388366699
1336,0.42033782601356506
1337,0.4385572373867035
1338,0.30629444122314453
1339,0.4289573132991791
1340,0.3143538534641266
1341,0.37718576192855835
1342,0.4364260137081146
1343,0.7831200957298279
1344,0.33851495385169983
1345,0.6011497378349304
1346,0.41723501682281494
1347,0.5036011934280396
1348,0.447280615568161
1349,0.6020506620407104
1350,0.33848869800567627
1351,0.3625917434692383
1352,0.4005141854286194
1353,0.5549719333648682
1354,0.34061211347579956
1355,0.4741027057170868
1356,0.5120454430580139
1357,0.28110331296920776
1358,0.15628719329833984
1359,0.3773270845413208
1360,0.46133607625961304
1361,0.7488725185394287
1362,0.4061279594898224
1363,0.3063276708126068
1364,0.5839736461639404
1365,0.577027440071106
1366,0.6143697500228882
1367,0.2725736200809479
1368,0.20205938816070557
1369,0.26693493127822876
1370,0.41220805048942566
1371,0.470133900642395
1372,0.4400382339954376
1373,0.3754155933856964
1374,0.281335711479187
1375,0.3565096855163574
1376,0.5792416334152222
1377,0.4140301048755646
1378,0.16415025293827057
1379,0.5155859589576721
1380,0.10084131360054016
1381,0.5181069374084473
1382,0.6717724800109863
1383,0.19783666729927063
1384,0.3900374174118042
1385,0.34065890312194824
1386,0.3365052044391632
1387,0.562847912311554
1388,0.4479938745498657
1389,0.1939508318901062
1390,0.17045125365257263
1391,0.25752097368240356
1392,0.27146944403648376
1393,0.6348769664764404
1394,0.38349226117134094
1395,0.41138407588005066
1396,0.655331015586853
1397,0.4922729432582855
1398,0.7572664618492126
1399,0.36581525206565857
1400,0.496584951877594
1401,0.49005287885665894
1402,0.2060025930404663
1403,0.5429004430770874
1404,0.2862261235713959
1405,0.18719482421875
1406,0.6431351900100708
1407,0.606859564781189
1408,0.2424582839012146
1409,0.3938627243041992
1410,0.48682141304016113
1411,0.5629613399505615
1412,0.6176867485046387
1413,0.15739351511001587
1414,0.3471369743347168
1415,0.6163807511329651
1416,0.5639940500259399
1417,0.20339933037757874
1418,0.8176337480545044
1419,0.5783644914627075
1420,0.7384840846061707
1421,0.3457149863243103
1422,0.6992355585098267
1423,0.38730087876319885
1424,0.1820254921913147
1425,0.5823639631271362
1426,0.46171706914901733
1427,0.5213916897773743
1428,0.33008772134780884
1429,0.690165102481842
1430,0.22539067268371582
1431,0.45181944966316223
1432,0.266573965549469
1433,0.4227736294269562
1434,0.3822936713695526
1435,0.37967827916145325
1436,0.4067575931549072
1437,0.3077903389930725
1438,0.11200474202632904
1439,0.1349550485610962
1440,0.537940502166748
1441,0.3964528441429138
1442,0.30737558007240295
1443,0.305679053068161
1444,0.5485173463821411
1445,0.18911150097846985
1446,0.5476229190826416
1447,0.6932879090309143
1448,0.4404732584953308
1449,0.5421180725097656
1450,0.33516818284988403
1451,0.21447110176086426
1452,0.10010606795549393
1453,0.16647890210151672
1454,0.5056851506233215
1455,0.30228427052497864
1456,0.541423499584198
1457,0.670383870601654
1458,0.32266637682914734
1459,0.3630121946334839
1460,0.671492874622345
1461,0.4502371847629547
1462,0.23283953964710236
1463,0.6095340847969055
1464,0.515853762626648
1465,0.39148634672164917
1466,0.3379746079444885
1467,0.46299248933792114
1468,0.27934497594833374
1469,0.5065546035766602
1470,0.47585535049438477
1471,0.36174365878105164
1472,0.09575869888067245
1473,0.45314821600914
1474,0.38181838393211365
1475,0.49984902143478394
1476,0.3394438326358795
1477,0.5647045969963074
1478,0.417860746383667
1479,0.5805385112762451
1480,0.5443905591964722
1481,0.6494185328483582
1482,0.4905312657356262
1483,0.3978199362754822
1484,0.8470399975776672
1485,0.5361478328704834
1486,0.269458532333374
1487,0.2458580881357193
1488,0.3968120515346527
1489,0.4131738245487213
1490,0.7716848850250244
1491,0.5792664289474487
1492,0.1999334692955017
1493,0.4298059344291687
1494,0.5873486399650574
1495,0.49820277094841003
1496,0.5699648857116699
1497,0.38819944858551025
1498,0.2619725465774536
1499,0.45436930656433105
1500,0.28749677538871765
1501,0.3225235641002655
1502,0.6232525110244751
1503,0.5560265183448792
1504,0.21953564882278442
1505,0.4480111300945282
1506,0.24205847084522247
1507,0.5052288174629211
1508,0.3687705099582672
1509,0.3666199743747711
1510,0.30162760615348816
1511,0.428618460893631
1512,0.6062100529670715
1513,0.31499338150024414
1514,0.4989551603794098
1515,0.4253646433353424
1516,0.554026186466217
1517,0.039939749985933304
1518,0.1757945716381073
1519,0.509723961353302
1520,0.6282252669334412
1521,0.4982244670391083
1522,0.7079107761383057
1523,0.06642957776784897
1524,0.3866964280605316
1525,0.5429084897041321
1526,0.22596359252929688
1527,0.5383127331733704
1528,0.3958027958869934
1529,0.35878610610961914
1530,0.4203585982322693
1531,0.44978293776512146
1532,0.5084844827651978
1533,0.23255988955497742
1534,0.20166942477226257
1535,0.40920451283454895
1536,0.3872518539428711
1537,0.25947511196136475
1538,0.44126540422439575
1539,0.15814968943595886
1540,0.6771405935287476
1541,0.3343275785446167
1542,0.3038519322872162
1543,0.44455423951148987
1544,0.3754728138446808
1545,0.456670343875885
1546,0.2971319258213043
1547,0.3470696210861206
1548,0.2542369067668915
1549,0.2004135549068451
1550,0.528827965259552
1551,0.4980486333370209
1552,0.49116799235343933
1553,0.5290425419807434
1554,0.42566177248954773
1555,0.357254296541214
1556,0.5185918807983398
1557,0.5010920763015747
1558,0.538230836391449
1559,0.2860679030418396
1560,0.693395733833313
1561,0.2548518776893616
1562,0.6542567610740662
1563,0.33961859345436096
1564,0.4581263065338135
1565,0.2929445505142212
1566,0.2859991490840912
1567,0.40209996700286865
1568,0.5068438053131104
1569,0.3821031153202057
1570,0.6495108604431152
1571,0.47770339250564575
1572,0.2799094319343567
1573,0.31475481390953064
1574,0.4229546785354614
1575,0.29627296328544617
1576,0.3777652084827423
1577,0.5762988924980164
1578,0.4600295126438141
1579,0.23664148151874542
1580,0.2628974914550781
1581,0.45047059655189514
1582,0.373765230178833
1583,0.33595165610313416
1584,0.6547257900238037
1585,0.8021083474159241
1586,0.5397723317146301
1587,0.6285907626152039
1588,0.7224963307380676
1589,0.43549826741218567
1590,0.4830736517906189
1591,0.22248640656471252
1592,0.43299242854118347
1593,0.34095561504364014
1594,0.2224961817264557
1595,0.29089492559432983
1596,0.456770658493042
1597,0.44557350873947144
1598,0.4603702127933502
1599,0.46466904878616333
1600,0.463428795337677
1601,0.43642547726631165
1602,0.4875519871711731
1603,0.28220680356025696
1604,0.2039099484682083
1605,0.579870879650116
1606,0.41537240147590637
1607,0.4591280221939087
1608,0.1872183084487915
1609,0.48384031653404236
1610,0.7290196418762207
1611,0.5310995578765869
1612,0.45438021421432495
1613,0.21831488609313965
1614,0.6104205250740051
1615,0.6022212505340576
1616,0.5644840002059937
1617,0.44049230217933655
1618,0.4205578863620758
1619,0.31732431054115295
1620,0.36897793412208557
1621,0.4818934500217438
1622,0.45021164417266846
1623,0.5149037837982178
1624,0.5187333226203918
1625,0.43795281648635864
1626,0.5958215594291687
1627,0.8478814959526062
1628,0.5317370891571045
1629,0.6884927749633789
1630,0.6382437944412231
1631,0.2755894958972931
1632,0.40987923741340637
1633,0.6159390807151794
1634,0.7636846303939819
1635,0.5413334965705872
1636,0.33595407009124756
1637,0.3594902753829956
1638,0.3913271129131317
1639,0.7090708613395691
1640,0.2049289047718048
1641,0.448523610830307
1642,0.42537620663642883
1643,0.5384715795516968
1644,0.4353547692298889
1645,0.4143826365470886
1646,0.11885011196136475
1647,0.6849080920219421
1648,0.2938424050807953
1649,0.5521209836006165
1650,0.14661477506160736
1651,0.17239387333393097
1652,0.457394540309906
1653,0.601456880569458
1654,0.467753142118454
1655,0.4093504846096039
1656,0.5485074520111084
1657,0.533718466758728
1658,0.6074910759925842
1659,0.452317476272583
1660,0.566099226474762
1661,0.2943376302719116
1662,0.5457322597503662
1663,0.2085411101579666
1664,0.4119579493999481
1665,0.24432863295078278
1666,0.7094144821166992
1667,0.3655818998813629
1668,0.44752293825149536
1669,0.5438083410263062
1670,0.7876737713813782
1671,0.5091781616210938
1672,0.4976823627948761
1673,0.14567160606384277
1674,0.5809037089347839
1675,0.401765376329422
1676,0.3210938572883606
1677,0.6591007113456726
1678,0.2267104536294937
1679,0.5596006512641907
1680,0.4336358308792114
1681,0.44451549649238586
1682,0.48639383912086487
1683,0.3298684358596802
1684,0.7655525803565979
1685,0.31562677025794983
1686,0.576255202293396
1687,0.27097639441490173
1688,0.24043361842632294
1689,0.1890835464000702
1690,0.6020715236663818
1691,0.6724553108215332
1692,0.346550315618515
1693,0.7540059685707092
1694,0.6353141665458679
1695,0.33284610509872437
1696,0.6311580538749695
1697,0.4520665109157562
1698,0.20143814384937286
1699,0.4905005991458893
1700,0.5642622709274292
1701,0.4208643436431885
1702,0.6470831036567688
1703,0.4739397466182709
1704,0.5497303009033203
1705,0.45312070846557617
1706,0.4907303750514984
1707,0.502763569355011
1708,0.7116018533706665
1709,0.5741433501243591
1710,0.12452512979507446
1711,0.756518542766571
1712,0.5225517153739929
1713,0.3343014419078827
1714,0.38233909010887146
1715,0.11312564462423325
1716,0.7493287920951843
1717,0.525992214679718
1718,0.35929328203201294
1719,0.22575223445892334
1720,0.23297637701034546
1721,0.32740676403045654
1722,0.5609892010688782
1723,0.5831251740455627
1724,0.36022573709487915
1725,0.18489301204681396
1726,-0.023426296189427376
1727,0.16321426630020142
1728,0.3717697560787201
1729,0.4498763084411621
1730,0.39688894152641296
1731,0.3853892982006073
1732,0.4358219802379608
1733,0.4394688010215759
1734,0.7024039626121521
1735,0.30638423562049866
1736,0.1522890031337738
1737,0.208179771900177
1738,0.4206016957759857
1739,0.11238473653793335
1740,0.367923378944397
1741,0.17658546566963196
1742,0.24930444359779358
1743,0.18659177422523499
1744,0.080692358314991
1745,0.6434494853019714
1746,0.303472638130188
1747,0.4230228662490845
1748,0.2757369875907898
1749,0.3243677616119385
1750,0.4870912432670593
1751,0.41005367040634155
1752,0.7857827544212341
1753,0.39932286739349365
1754,0.6428416967391968
1755,0.06815155595541
1756,0.5479899644851685
1757,0.34961336851119995
1758,0.6707544922828674
1759,0.3557145893573761
1760,0.6200089454650879
1761,0.2935560941696167
1762,0.42977163195610046
1763,0.5938922762870789
1764,0.38285842537879944
1765,0.5246349573135376
1766,0.4046928882598877
1767,0.5328601002693176
1768,0.6551008224487305
1769,0.32532480359077454
1770,0.6476234793663025
1771,0.4271067976951599
1772,0.4835756719112396
1773,0.38533809781074524
1774,0.555631160736084
1775,0.3323172628879547
1776,0.38331955671310425
1777,0.3033714294433594
1778,0.5257280468940735
1779,0.7311113476753235
1780,0.41637206077575684
1781,0.3863789737224579
1782,0.3914121687412262
1783,0.3633551299571991
1784,0.4688303470611572
1785,0.5964797735214233
1786,0.7450831532478333
1787,0.4109746515750885
1788,0.4117008447647095
1789,0.4971461594104767
1790,0.6424490809440613
1791,0.5820720195770264
1792,0.4866645038127899
1793,0.49836310744285583
1794,0.4916350245475769
1795,0.31510308384895325
1796,0.38533687591552734
1797,0.19605562090873718
1798,0.5727781057357788
1799,0.5329170823097229
1800,0.3626489043235779
1801,0.6188503503799438
1802,0.5678700804710388
1803,0.47553107142448425
1804,0.41357406973838806
1805,0.5883353352546692
1806,0.4769522547721863
1807,0.1503053605556488
1808,0.42466288805007935
1809,0.49778544902801514
1810,0.32971522212028503
1811,0.40245842933654785
1812,0.5230427980422974
1813,0.3557444214820862
1814,0.5349283814430237
1815,0.4177209436893463
1816,0.36929529905319214
1817,0.5061987638473511
1818,0.49305930733680725
1819,0.503012478351593
1820,0.6129027605056763
1821,0.39632734656333923
1822,0.5420351028442383
1823,0.3382723927497864
1824,0.4872194826602936
1825,0.5441916584968567
1826,0.7048794031143188
1827,0.483616441488266
1828,0.7153587937355042
1829,0.4727838635444641
1830,0.2868003845214844
1831,0.33320310711860657
1832,0.13984374701976776
1833,0.36019670963287354
1834,0.3346640169620514
1835,0.3178514540195465
1836,0.4889906942844391
1837,0.39915332198143005
1838,0.5592612624168396
1839,0.5897110104560852
1840,0.17201770842075348
1841,0.25412672758102417
1842,0.5708122253417969
1843,0.449485182762146
1844,0.702366828918457
1845,0.20785890519618988
1846,-0.042105428874492645
1847,0.47664913535118103
1848,0.46502286195755005
1849,0.5647566914558411
1850,0.4083511233329773
1851,0.44578689336776733
1852,0.4543758034706116
1853,0.3080344498157501
1854,0.386077880859375
1855,0.23476755619049072
1856,0.3628315329551697
1857,0.8421820998191833
1858,0.3197900056838989
1859,0.4218449592590332
1860,0.5682841539382935
1861,0.04005858674645424
1862,0.3808363080024719
1863,0.2433658093214035
1864,0.49762311577796936
1865,0.6584539413452148
1866,0.6429476141929626
1867,0.5622056722640991
1868,0.2546897828578949
1869,0.537476122379303
1870,0.5227212309837341
1871,0.4977593719959259
1872,0.5337085723876953
1873,0.5858905911445618
1874,0.19539867341518402
1875,0.4050656259059906
1876,0.5666462779045105
1877,0.6231501698493958
1878,0.699714720249176
1879,0.5602762699127197
1880,0.48064151406288147
1881,0.5947489738464355
1882,0.45192453265190125
1883,0.6042698621749878
1884,0.3640359044075012
1885,0.377319872379303
1886,0.35384809970855713
1887,0.4914635717868805
1888,0.3512091040611267
1889,0.5515940189361572
1890,0.12881985306739807
1891,0.6591259837150574
1892,0.47406908869743347
1893,0.47302719950675964
1894,0.7119702696800232
1895,0.5274069309234619
1896,0.31822532415390015
1897,0.40420621633529663
1898,0.7818623781204224
1899,0.4282566010951996
1900,0.2996135950088501
1901,0.6710535883903503
1902,0.32927656173706055
1903,0.4302217662334442
1904,0.23993077874183655
1905,0.06242438405752182
1906,0.6240909099578857
1907,0.31643030047416687
1908,0.3714901804924011
1909,0.4733068645000458
1910,0.48287147283554077
1911,0.4633883535861969
1912,0.5266427397727966
1913,0.4455912113189697
1914,0.2068289816379547
1915,0.8182451128959656
1916,0.35380882024765015
1917,0.16781872510910034
1918,0.27502357959747314
1919,0.27257296442985535
1920,0.5168835520744324
1921,0.5169205665588379
1922,0.616290807723999
1923,0.2217540293931961
1924,0.38191792368888855
1925,0.40556877851486206
1926,0.3552946448326111
1927,0.4456425607204437
1928,0.4316696524620056
1929,0.5173282027244568
1930,0.4999410808086395
1931,0.09718906879425049
1932,0.4843163788318634
1933,0.5396655201911926
1934,0.4576735496520996
1935,0.33876582980155945
1936,0.7259418368339539
1937,0.517642617225647
1938,0.4721086025238037
1939,0.6611506938934326
1940,0.6102384924888611
1941,0.4590120017528534
1942,0.38376614451408386
1943,0.2412542700767517
1944,0.4421420395374298
1945,0.43201497197151184
1946,0.2173813134431839
1947,0.4715869724750519
1948,0.3297785520553589
1949,0.5345892906188965
1950,0.4721875786781311
1951,0.578506350517273
1952,0.2556576728820801
1953,0.4029770493507385
1954,0.4857251048088074
1955,0.39709705114364624
1956,0.15480908751487732
1957,0.41478231549263
1958,0.2516781687736511
1959,0.6483550667762756
1960,0.5507256984710693
1961,0.48208338022232056
1962,0.011478586122393608
1963,0.25339826941490173
1964,0.2817474901676178
1965,0.6667776703834534
1966,0.43498554825782776
1967,0.26932278275489807
1968,0.6252821087837219
1969,0.3699679970741272
1970,0.7748777270317078
1971,0.39981135725975037
1972,0.7090209722518921
1973,0.397650808095932
1974,0.1843634843826294
1975,0.5387710332870483
1976,0.3921925723552704
1977,0.6327363848686218
1978,0.5308449268341064
1979,0.3887556791305542
1980,0.7233690023422241
1981,0.2647732198238373
1982,0.4583223760128021
1983,0.684482991695404
1984,0.4835646450519562
1985,0.3327363431453705
1986,0.1280139982700348
1987,0.4852525591850281
1988,0.45607659220695496
1989,0.38312655687332153
1990,0.2115633487701416
1991,0.45293083786964417
1992,0.6789622902870178
1993,0.5548571944236755
1994,0.5721946954727173
1995,0.38839060068130493
1996,0.5011314749717712
1997,0.4193000793457031
1998,0.22828027606010437
1999,0.6147717833518982
2000,0.4124327301979065
2001,0.5894976854324341
2002,0.3684488832950592
2003,0.6176958680152893
2004,0.22323119640350342
2005,0.4574839174747467
2006,0.6308148503303528
2007,0.49005430936813354
2008,0.6222546100616455
2009,0.4490695595741272
2010,0.6854645013809204
2011,0.6441141366958618
2012,0.4680395722389221
2013,0.5861213207244873
2014,0.49962255358695984
2015,0.5055182576179504
2016,0.6723359227180481
2017,0.6235766410827637
2018,0.31867271661758423
2019,0.3387027978897095
2020,0.2084084302186966
2021,0.39773717522621155
2022,0.35252052545547485
2023,0.47086840867996216
2024,0.3252701759338379
2025,0.442379891872406
2026,0.5031653046607971
2027,0.6636537909507751
2028,0.287026047706604
2029,0.6582121253013611
2030,0.49677175283432007
2031,0.5453539490699768
2032,0.5533456802368164
2033,0.4571273624897003
2034,0.29691559076309204
2035,0.5940235257148743
2036,0.27477243542671204
2037,0.31791597604751587
2038,0.605699896812439
2039,0.3825387954711914
2040,0.3221726417541504
2041,0.5366469025611877
2042,0.35384029150009155
2043,0.06155795976519585
2044,0.499088317155838
2045,0.2702934443950653
2046,0.42616891860961914
2047,0.503773033618927
2048,0.5713209509849548
2049,0.15549619495868683
2050,0.40293261408805847
2051,0.5242012143135071
2052,0.6115739345550537
2053,0.5093120336532593
2054,0.380588173866272
2055,0.5616883039474487
2056,0.4024176001548767
2057,0.42866525053977966
2058,0.6443799138069153
2059,0.7324021458625793
2060,0.3628590703010559
2061,0.7814275622367859
2062,0.7204763293266296
2063,0.6060224175453186
2064,0.3248964846134186
2065,0.43131327629089355
2066,0.5419556498527527
2067,0.3551817536354065
2068,0.22314149141311646
2069,0.5636325478553772
2070,0.30601853132247925
2071,0.4912053048610687
2072,0.306465208530426
2073,0.5304984450340271
2074,0.7055399417877197
2075,0.6683990359306335
2076,0.0599944107234478
2077,0.5882058143615723
2078,0.7582084536552429
2079,0.5479486584663391
2080,0.47165724635124207
2081,0.3486481010913849
2082,0.7749367952346802
2083,0.34949806332588196
2084,0.4414343535900116
2085,0.5024082660675049
2086,0.6394546627998352
2087,0.47784286737442017
2088,0.6219837069511414
2089,0.4223434329032898
2090,0.4691406190395355
2091,0.35306450724601746
2092,0.5228734016418457
2093,0.8019425272941589
2094,0.28382232785224915
2095,0.27387815713882446
2096,0.43294158577919006
2097,0.7865403890609741
2098,0.4968021810054779
2099,0.6157724261283875
2100,0.294736385345459
2101,0.40854042768478394
2102,0.5200395584106445
2103,0.7486210465431213
2104,0.4060693681240082
2105,0.23099535703659058
2106,0.4029374122619629
2107,0.590353786945343
2108,0.5446279048919678
2109,0.508319079875946
2110,0.5286478996276855
2111,0.2786526679992676
2112,0.4971759021282196
2113,0.5145509839057922
2114,0.19315192103385925
2115,0.2756722867488861
2116,0.3404581844806671
2117,0.6263114213943481
2118,0.582734227180481
2119,0.21982496976852417
2120,0.6117544770240784
2121,0.4169848561286926
2122,0.42825672030448914
2123,0.16593775153160095
2124,0.4089202582836151
2125,0.2956904172897339
2126,0.2642495930194855
2127,0.258652001619339
2128,0.4372849762439728
2129,0.536710798740387
2130,0.38036367297172546
2131,0.4994003176689148
2132,0.40524059534072876
2133,0.3737315833568573
2134,0.5965949296951294
2135,0.4487283527851105
2136,0.48996084928512573
2137,0.3768784701824188
2138,0.6208023428916931
2139,0.2833096981048584
2140,0.041998639702796936
2141,0.5254135131835938
2142,0.47513091564178467
2143,0.2395588457584381
2144,0.4529724717140198
2145,0.47458088397979736
2146,0.6281220316886902
2147,0.3385915160179138
2148,0.5467135310173035
2149,0.4674685597419739
2150,0.24893786013126373
2151,0.25852903723716736
2152,0.5036045908927917
2153,0.4109129011631012
2154,0.5483354926109314
2155,0.5238881707191467
2156,0.4124526381492615
2157,0.5464434027671814
2158,0.376279354095459
2159,0.3674805164337158
2160,0.43597856163978577
2161,0.6478283405303955
2162,0.2416285276412964
2163,0.614622175693512
2164,0.47181299328804016
2165,0.0842420905828476
2166,0.029703602194786072
2167,0.30010437965393066
2168,0.4238907992839813
2169,0.46827322244644165
2170,0.3677924871444702
2171,0.3780267536640167
2172,0.03257652744650841
2173,0.3592161238193512
2174,0.6164316534996033
2175,0.31010037660598755
2176,0.3882058262825012
2177,0.13044145703315735
2178,0.555686891078949
2179,0.6262652277946472
2180,0.6237228512763977
2181,0.6400693655014038
2182,0.39670389890670776
2183,0.7065373063087463
2184,0.24708817899227142
2185,0.553027331829071
2186,0.34545841813087463
2187,0.014432287774980068
2188,0.6422514319419861
2189,0.13883835077285767
2190,0.5224267840385437
2191,0.6391128897666931
2192,0.20319677889347076
2193,0.49684861302375793
2194,0.2404555231332779
2195,0.5982082486152649
2196,0.4398120045661926
2197,0.56081223487854
2198,0.026161767542362213
2199,0.45460760593414307
2200,0.49077969789505005
2201,0.3909248113632202
2202,0.36627689003944397
2203,0.22860276699066162
2204,0.2744222581386566
2205,0.40789079666137695
2206,0.4592525064945221
2207,0.2516424059867859
2208,0.3382687568664551
2209,0.1308935582637787
2210,0.3954292833805084
2211,0.5265197157859802
2212,0.1751880645751953
2213,0.378452867269516
2214,0.2634020149707794
2215,0.42964968085289
2216,0.6011974811553955
2217,0.49298080801963806
2218,0.42712029814720154
2219,0.5180062055587769
2220,0.5143067240715027
2221,0.45534321665763855
2222,0.39659997820854187
2223,0.4154576063156128
2224,0.29112452268600464
2225,0.27667245268821716
2226,0.5783412456512451
2227,0.41454991698265076
2228,0.6131961941719055
2229,0.12815117835998535
2230,0.658470094203949
2231,0.611709713935852
2232,0.3872559070587158
2233,0.3125836253166199
2234,0.3296505808830261
2235,0.3586414158344269
2236,0.19582344591617584
2237,0.6083301901817322
2238,0.1691632866859436
2239,0.3020029366016388
2240,0.5288498401641846
2241,0.4447643458843231
2242,0.34975287318229675
2243,0.7637918591499329
2244,0.5086713433265686
2245,0.3872881531715393
2246,0.32333722710609436
2247,0.6628180742263794
2248,0.6184152364730835
2249,0.707050085067749
2250,0.19500519335269928
2251,0.4541694223880768
2252,0.18828743696212769
2253,0.530026912689209
2254,0.3485753536224365
2255,0.42035335302352905
2256,0.6433480381965637
2257,0.6626324653625488
2258,0.20127630233764648
2259,0.284370481967926
2260,0.6606289148330688
2261,0.6061004996299744
2262,0.31297239661216736
2263,0.6466670036315918
2264,0.22033905982971191
2265,-0.03514545038342476
2266,0.2904689311981201
2267,0.41052085161209106
2268,0.6236492991447449
2269,0.6848776936531067
2270,0.5135914087295532
2271,0.45626556873321533
2272,0.45874977111816406
2273,0.2723478674888611
2274,0.33357128500938416
2275,0.5222933888435364
2276,0.6414440274238586
2277,0.6093916296958923
2278,0.44323691725730896
2279,0.3156764805316925
2280,0.48721978068351746
2281,0.4286649227142334
2282,0.38254988193511963
2283,0.05330869182944298
2284,0.5700580477714539
2285,0.2548181116580963
2286,0.24828527867794037
2287,0.3272055983543396
2288,0.8386667370796204
2289,0.5600561499595642
2290,0.7084381580352783
2291,0.4541661739349365
2292,0.5406849980354309
2293,0.5449110269546509
2294,0.3383944630622864
2295,0.2876574993133545
2296,0.5204347372055054
2297,0.31269654631614685
2298,0.6394426822662354
2299,0.4911101758480072
2300,0.4846075177192688
2301,0.609765350818634
2302,0.3486061990261078
2303,0.4837395250797272
2304,0.531406819820404
2305,0.875160813331604
2306,0.5574501752853394
2307,0.5675236582756042
2308,0.06626235693693161
2309,0.08516175299882889
2310,0.26115578413009644
2311,0.8131221532821655
2312,0.4237881302833557
2313,0.45200639963150024
2314,0.2984547019004822
2315,0.6464313268661499
2316,0.407721608877182
2317,0.07440080493688583
2318,0.4525943696498871
2319,0.5184235572814941
2320,0.5319601893424988
2321,0.2910139560699463
2322,0.3811374008655548
2323,0.5368531942367554
2324,0.41463160514831543
2325,0.14039045572280884
2326,0.3928298354148865
2327,0.6586588621139526
2328,0.19050723314285278
2329,0.3035447895526886
2330,0.2973794937133789
2331,0.19060762226581573
2332,0.3455318808555603
2333,0.7549468874931335
2334,0.21494856476783752
2335,0.4737420380115509
2336,0.6301910877227783
2337,0.3218003511428833
2338,0.6923190951347351
2339,0.2441415637731552
2340,0.4324508011341095
2341,0.5672808289527893
2342,0.5213750004768372
2343,0.5689074397087097
2344,0.21961146593093872
2345,0.4439968168735504
2346,0.4542602002620697
2347,0.36037948727607727
2348,0.4578840732574463
2349,0.5845539569854736
2350,0.20860880613327026
2351,0.4146357774734497
2352,0.5850324630737305
2353,0.4961996376514435
2354,0.43259862065315247
2355,0.4380606710910797
2356,0.2569981813430786
2357,0.5131426453590393
2358,0.525094211101532
2359,0.6149571537971497
2360,0.3905077278614044
2361,0.3973058760166168
2362,0.31865808367729187
2363,0.2672615647315979
2364,0.4878045618534088
2365,0.4270075857639313
2366,0.4217015206813812
2367,0.4327429533004761
2368,0.6561058163642883
2369,0.3685329854488373
2370,0.35925614833831787
2371,0.43655019998550415
2372,0.2956623136997223
2373,0.3543018400669098
2374,0.38012269139289856
2375,0.33684417605400085
2376,0.3989239037036896
2377,0.34790506958961487
2378,0.37008461356163025
2379,0.48626264929771423
2380,0.3811962604522705
2381,0.3703330457210541
2382,0.2730579972267151
2383,0.7290987968444824
2384,0.31776419281959534
2385,0.3307119905948639
2386,0.6775583624839783
2387,0.3068474233150482
2388,0.31759512424468994
2389,0.33228451013565063
2390,0.5858608484268188
2391,0.37868744134902954
2392,0.5406627058982849
2393,0.4250245988368988
2394,0.4330609440803528
2395,0.4365679919719696
2396,0.5250490307807922
2397,0.5301157236099243
2398,0.39477071166038513
2399,0.4257248342037201
2400,0.31328538060188293
2401,0.6022009253501892
2402,0.3806934952735901
2403,0.24386721849441528
2404,0.41815653443336487
2405,0.64363694190979
2406,0.6769968867301941
2407,0.4166010320186615
2408,0.6474296450614929
2409,0.5041664242744446
2410,0.4713168144226074
2411,0.12639297544956207
2412,0.40513476729393005
2413,0.07042348384857178
2414,0.09184134751558304
2415,0.08825042098760605
2416,0.3716225326061249
2417,0.31879663467407227
2418,0.318208783864975
2419,0.5327470302581787
2420,0.5413004755973816
2421,0.3686041831970215
2422,0.5797065496444702
2423,0.32989490032196045
2424,0.18530409038066864
2425,0.5496083498001099
2426,0.1561005860567093
2427,0.60378497838974
2428,0.5626001954078674
2429,0.4195038080215454
2430,0.574308454990387
2431,0.6967093348503113
2432,0.3286471664905548
2433,0.322187602519989
2434,0.4401458203792572
2435,0.5885775089263916
2436,0.4598284959793091
2437,0.12553107738494873
2438,0.6787617206573486
2439,0.6744744181632996
2440,0.22854720056056976
2441,0.5226491093635559
2442,0.4288395643234253
2443,0.6161326169967651
2444,0.5360069870948792
2445,0.4719230532646179
2446,0.2420608401298523
2447,0.5562427639961243
2448,0.3051402270793915
2449,0.2702121138572693
2450,0.13876770436763763
2451,0.43541985750198364
2452,0.288091778755188
2453,0.256803035736084
2454,0.4710938334465027
2455,0.5367521047592163
2456,0.4534202218055725
2457,0.5471547842025757
2458,0.4844103455543518
2459,0.5981103777885437
2460,0.429608017206192
2461,0.5624847412109375
2462,0.505535364151001
2463,0.4748586118221283
2464,0.41338610649108887
2465,0.6044347286224365
2466,0.3760496973991394
2467,0.2788539230823517
2468,0.3674791753292084
2469,0.5876103639602661
2470,0.49250876903533936
2471,0.21727047860622406
2472,0.6926761269569397
2473,0.46220991015434265
2474,0.41326379776000977
2475,0.21925239264965057
2476,0.21822728216648102
2477,0.31574058532714844
2478,0.3958786725997925
2479,0.32124897837638855
2480,0.45651450753211975
2481,0.7066176533699036
2482,0.45576369762420654
2483,0.1221560686826706
2484,0.35842734575271606
2485,0.41414502263069153
2486,0.36412084102630615
2487,0.4033735394477844
2488,0.2890665829181671
2489,0.7880071997642517
2490,0.5597766041755676
2491,0.6281704306602478
2492,0.2900197505950928
2493,0.374072402715683
2494,0.5630919933319092
2495,0.6473292112350464
2496,0.4244503974914551
2497,0.28290697932243347
2498,0.36940717697143555
2499,0.32513466477394104
2500,0.5412541031837463
2501,0.43790221214294434
2502,0.4295596182346344
2503,0.2298041433095932
2504,0.5388947129249573
2505,0.5026957988739014
2506,0.2890493869781494
2507,0.5203466415405273
2508,0.5612756013870239
2509,0.4643380343914032
2510,0.6204228401184082
2511,0.22807267308235168
2512,0.7839987277984619
2513,0.6659860014915466
2514,0.43545055389404297
2515,0.38166987895965576
2516,0.6274820566177368
2517,0.20761284232139587
2518,0.3197077214717865
2519,0.670854389667511
2520,0.47719982266426086
2521,0.6342621445655823
2522,0.4119757115840912
2523,0.3510112762451172
2524,0.39286908507347107
2525,0.5646204948425293
2526,0.7783098220825195
2527,0.7545480728149414
2528,0.2887606918811798
2529,0.5389111638069153
2530,0.5153066515922546
2531,0.09188500046730042
2532,0.48947983980178833
2533,0.4948503375053406
2534,0.5125608444213867
2535,0.4039188623428345
2536,0.48089921474456787
2537,0.36924323439598083
2538,0.7526324987411499
2539,0.6898468732833862
2540,0.18845872581005096
2541,0.6258726119995117
2542,0.2636130154132843
2543,0.7348726391792297
2544,0.7046458125114441
2545,0.33251485228538513
2546,0.3871377110481262
2547,0.4403885006904602
2548,0.7222844958305359
2549,0.3983023762702942
2550,0.2280503511428833
2551,0.46165910363197327
2552,0.32543817162513733
2553,0.37215477228164673
2554,0.5302112698554993
2555,0.4637160301208496
2556,0.27045291662216187
2557,0.31496110558509827
2558,0.6130863428115845
2559,0.37742727994918823
2560,0.5374361276626587
2561,0.37323057651519775
2562,0.83612459897995
2563,0.29316502809524536
2564,0.6035008430480957
2565,0.6320360898971558
2566,0.5304239988327026
2567,0.2699044942855835
2568,0.3582218587398529
2569,0.5111327171325684
2570,0.5934900641441345
2571,0.7108250260353088
2572,0.3377501964569092
2573,0.4060789942741394
2574,0.2943848669528961
2575,0.2826497554779053
2576,0.39273756742477417
2577,0.39810729026794434
2578,0.4054587781429291
2579,0.3356482982635498
2580,0.1402902752161026
2581,0.45025870203971863
2582,0.6690291166305542
2583,0.13075196743011475
2584,0.24180640280246735
2585,0.4118424654006958
2586,0.6643378138542175
2587,0.5394883751869202
2588,0.5486056208610535
2589,0.7732779383659363
2590,0.24114900827407837
2591,0.3063388168811798
2592,0.171467587351799
2593,0.5897876620292664
2594,0.14116396009922028
2595,0.45551225543022156
2596,0.4396870732307434
2597,0.5813864469528198
2598,0.4303586184978485
2599,0.28350481390953064
2600,0.4817996323108673
2601,0.4673248529434204
2602,0.41457217931747437
2603,0.30978333950042725
2604,0.4234612286090851
2605,0.5715190768241882
2606,0.21153347194194794
2607,0.5073316693305969
2608,0.46393126249313354
2609,0.42014995217323303
2610,0.6186008453369141
2611,0.5167924761772156
2612,0.559453547000885
2613,0.03802172839641571
2614,0.5269490480422974
2615,0.8072595596313477
2616,0.7182169556617737
2617,0.3734235167503357
2618,0.17969469726085663
2619,0.2001636028289795
2620,0.36012449860572815
2621,0.08356447517871857
2622,0.46289071440696716
2623,0.7980905175209045
2624,0.27483105659484863
2625,0.07904207706451416
2626,0.089417964220047
2627,0.21786987781524658
2628,0.26889410614967346
2629,0.6969287991523743
2630,0.4692525565624237
2631,0.5416722297668457
2632,0.19149775803089142
2633,0.7825765609741211
2634,0.39697474241256714
2635,0.5730265974998474
2636,0.3802824318408966
2637,0.5058205723762512
2638,0.5724313259124756
2639,0.3343721628189087
2640,0.22174273431301117
2641,0.410694420337677
2642,0.422924280166626
2643,0.4118598997592926
2644,0.4757978022098541
2645,0.4143061935901642
2646,0.3916226923465729
2647,0.360617458820343
2648,0.6229655742645264
2649,0.24881646037101746
2650,0.42432454228401184
2651,0.14146503806114197
2652,-0.07947748154401779
2653,0.6177846789360046
2654,0.6715148091316223
2655,0.537188708782196
2656,0.44569453597068787
2657,0.6380609273910522
2658,0.26580214500427246
2659,0.3516068756580353
2660,0.25666356086730957
2661,0.6171428561210632
2662,0.43802502751350403
2663,0.3100239634513855
2664,0.23860298097133636
2665,0.3945181965827942
2666,0.40963321924209595
2667,0.6376572847366333
2668,0.3647446036338806
2669,0.56301349401474
2670,0.5621930956840515
2671,0.2959270775318146
2672,0.6928288340568542
2673,0.3411503732204437
2674,0.7003942728042603
2675,0.6480326056480408
2676,0.36150869727134705
2677,0.3935322165489197
2678,0.5676009058952332
2679,0.48047810792922974
2680,0.43269041180610657
2681,0.46441930532455444
2682,0.7188568711280823
2683,0.6076037287712097
2684,0.2569546699523926
2685,0.35339629650115967
2686,0.3338772654533386
2687,0.5801580548286438
2688,0.5567121505737305
2689,0.5077542662620544
2690,0.3673083484172821
2691,0.31181779503822327
2692,0.5282596349716187
2693,0.6688818335533142
2694,0.6838287711143494
2695,0.7367817163467407
2696,0.4465060830116272
2697,0.2530478239059448
2698,0.6133129000663757
2699,0.3206756114959717
2700,0.24278004467487335
2701,0.472199022769928
2702,0.4601200222969055
2703,0.39400988817214966
2704,0.4517587125301361
2705,0.6631714105606079
2706,0.4751800298690796
2707,0.21749399602413177
2708,0.6547442078590393
2709,0.3190961480140686
2710,0.3078955113887787
2711,0.5569115281105042
2712,0.3204714059829712
2713,0.7293297648429871
2714,0.487953782081604
2715,0.3596275746822357
2716,0.7305198907852173
2717,0.42377230525016785
2718,0.4219155013561249
2719,0.5782918334007263
2720,0.1543457955121994
2721,0.4209858179092407
2722,0.43710392713546753
2723,0.3702540099620819
2724,0.45046353340148926
2725,0.7321992516517639
2726,0.5693341493606567
2727,0.4732933044433594
2728,0.599341094493866
2729,0.1262681931257248
2730,0.2581236958503723
2731,0.5827862620353699
2732,0.6598037481307983
2733,0.47632622718811035
2734,0.384808212518692
2735,0.6119804382324219
2736,0.5915257930755615
2737,0.4077928066253662
2738,0.20437894761562347
2739,0.6173365116119385
2740,0.5579169392585754
2741,0.30503806471824646
2742,0.32899582386016846
2743,0.3071223497390747
2744,0.5564334392547607
2745,0.13348525762557983
2746,0.3480246365070343
2747,0.6347959637641907
2748,0.475605309009552
2749,0.3432961702346802
2750,0.6784864068031311
2751,0.6883846521377563
2752,0.30439168214797974
2753,0.4839029312133789
2754,0.6126571297645569
2755,0.5399911999702454
2756,0.42033469676971436
2757,0.3763194680213928
2758,0.3187395930290222
2759,0.8068491220474243
2760,0.4847692847251892
2761,0.31700578331947327
2762,0.4480598270893097
2763,0.620456337928772
2764,0.5721777081489563
2765,0.5144538283348083
2766,0.43038588762283325
2767,0.18264321982860565
2768,0.5655181407928467
2769,0.30853337049484253
2770,0.40966883301734924
2771,0.4299421012401581
2772,0.2426065355539322
2773,0.29674628376960754
2774,0.4583429992198944
2775,0.11461662501096725
2776,0.611075758934021
2777,0.5817034840583801
2778,0.6676874160766602
2779,0.383027583360672
2780,0.3938250243663788
2781,0.2962901294231415
2782,0.26935091614723206
2783,0.4447227418422699
2784,0.33300185203552246
2785,0.782428503036499
2786,0.6819244027137756
2787,0.14688298106193542
2788,0.508181631565094
2789,0.3748423755168915
2790,0.604820966720581
2791,0.35741397738456726
2792,0.7413814663887024
2793,0.4282388985157013
2794,0.6997029185295105
2795,0.20661020278930664
2796,0.3404364287853241
2797,0.4888201653957367
2798,0.375875860452652
2799,0.3808826208114624
2800,0.3515661358833313
2801,0.3113098442554474
2802,0.4296552538871765
2803,0.3259810507297516
2804,0.6736003756523132
2805,0.3851903975009918
2806,0.46133217215538025
2807,0.3061971664428711
2808,0.5720049142837524
2809,0.755266547203064
2810,0.476225882768631
2811,0.42542287707328796
2812,0.285479336977005
2813,0.6318655610084534
2814,0.09896186739206314
2815,0.43632277846336365
2816,0.591069221496582
2817,0.8076791763305664
2818,0.5035857558250427
2819,0.3342667818069458
2820,0.47405126690864563
2821,0.292819082736969
2822,0.4266422688961029
2823,0.5078486204147339
2824,0.27733346819877625
2825,0.4380023777484894
2826,0.5136045813560486
2827,0.44423800706863403
2828,0.356537789106369
2829,0.4367712140083313
2830,0.47240713238716125
2831,0.4461088478565216
2832,0.6685776710510254
2833,0.5741907954216003
2834,0.3932335674762726
2835,0.5391374826431274
2836,0.5782573819160461
2837,0.3615306615829468
2838,0.5359799265861511
2839,0.49920302629470825
2840,0.34019333124160767
2841,0.3729795217514038
2842,0.407634437084198
2843,0.38046181201934814
2844,0.19102509319782257
2845,0.34427180886268616
2846,0.7125345468521118
2847,0.249495729804039
2848,0.6796461939811707
2849,0.43429264426231384
2850,0.4650663733482361
2851,0.440244197845459
2852,0.8035851716995239
2853,0.5316104292869568
2854,0.3264443576335907
2855,0.5402495265007019
2856,0.5882454514503479
2857,0.431532084941864
2858,0.408097505569458
2859,0.13022752106189728
2860,0.5483158826828003
2861,0.5644229054450989
2862,0.4066511392593384
2863,0.5843697190284729
2864,0.5091266632080078
2865,0.5220845341682434
2866,0.5738661289215088
2867,0.33562999963760376
2868,0.33341488242149353
2869,0.5620772838592529
2870,0.3618527948856354
2871,0.34792813658714294
2872,0.5868549346923828
2873,0.7186043858528137
2874,0.5640934705734253
2875,0.6087936162948608
2876,0.33296746015548706
2877,0.5917121767997742
2878,0.29725000262260437
2879,0.1296830177307129
2880,0.46269214153289795
2881,0.4602275788784027
2882,0.05881677195429802
2883,0.610317051410675
2884,0.40863412618637085
2885,0.287920743227005
2886,0.41126710176467896
2887,0.2963942885398865
2888,0.8988789916038513
2889,0.77768874168396
2890,0.5793716907501221
2891,0.5313244462013245
2892,0.578265368938446
2893,0.6729917526245117
2894,0.4719620943069458
2895,0.3101651072502136
2896,0.5815977454185486
2897,0.6991105079650879
2898,0.3819105625152588
2899,0.4405863583087921
2900,0.5300225019454956
2901,0.835499107837677
2902,0.3968748152256012
2903,0.5321415662765503
2904,0.679093062877655
2905,0.679602861404419
2906,0.6760362982749939
2907,0.17341981828212738
2908,0.35583046078681946
2909,0.8540652990341187
2910,0.6293942928314209
2911,0.34012582898139954
2912,0.40415772795677185
2913,0.3183403015136719
2914,0.3119150698184967
2915,0.5356255769729614
2916,0.33989083766937256
2917,0.24163581430912018
2918,0.4644087255001068
2919,0.3753417134284973
2920,0.3388839662075043
2921,0.3184695541858673
2922,0.5601823329925537
2923,0.28729385137557983
2924,0.5449870824813843
2925,0.6021150350570679
2926,0.3194863200187683
2927,0.5871555805206299
2928,0.4173104465007782
2929,0.5899902582168579
2930,0.427422434091568
2931,0.19490395486354828
2932,0.41539236903190613
2933,0.2904350757598877
2934,0.39832502603530884
2935,0.17169468104839325
2936,0.38001272082328796
2937,0.6224732398986816
2938,0.29812154173851013
2939,0.3099985420703888
2940,0.6429544687271118
2941,0.3516305983066559
2942,0.5461969375610352
2943,0.6012033224105835
2944,0.5032734274864197
2945,0.4761850833892822
2946,0.37743157148361206
2947,0.47365492582321167
2948,0.29308727383613586
2949,0.32746315002441406
2950,0.5155802965164185
2951,0.19051125645637512
2952,0.4501844346523285
2953,0.39127615094184875
2954,0.38094305992126465
2955,0.5812131762504578
2956,0.26504868268966675
2957,0.4450647532939911
2958,0.5874998569488525
2959,0.12717126309871674
2960,0.33196011185646057
2961,0.5862348675727844
2962,0.5018190145492554
2963,0.4395715892314911
2964,0.23562757670879364
2965,0.2535286247730255
2966,0.5333782434463501
2967,0.516870379447937
2968,0.2827669382095337
2969,0.5528104305267334
2970,0.2890584468841553
2971,0.6751675605773926
2972,0.3932082951068878
2973,0.6076344847679138
2974,0.6319186091423035
2975,0.6527066826820374
2976,0.5481714010238647
2977,0.25266358256340027
2978,0.43597128987312317
2979,0.5385777950286865
2980,0.4776345193386078
2981,0.38366299867630005
2982,0.5452455878257751
2983,0.2398524135351181
2984,0.4298035502433777
2985,0.3089326024055481
2986,0.6429014205932617
2987,0.4192291498184204
2988,0.33378657698631287
2989,0.5856243371963501
2990,0.4160807132720947
2991,0.38627874851226807
2992,0.4133332371711731
2993,0.4820789098739624
2994,0.5631494522094727
2995,0.5005393624305725
2996,0.50862056016922
2997,0.2102050632238388
2998,0.8443302512168884
2999,0.300156831741333
3000,0.33793145418167114
3001,0.5746731162071228
3002,0.43318814039230347
3003,0.3829441964626312
3004,0.13722684979438782
3005,0.5699971318244934
3006,0.18920940160751343
3007,0.4403625428676605
3008,0.26662367582321167
3009,0.6081942319869995
3010,0.37488463521003723
3011,0.5322813987731934
3012,0.5784100890159607
3013,0.34043559432029724
3014,0.5021651387214661
3015,0.6182780265808105
3016,0.4043651521205902
3017,0.5528780817985535
3018,0.24394762516021729
3019,0.36522138118743896
3020,0.5766013264656067
3021,0.504960834980011
3022,0.3086371421813965
3023,0.6882222890853882
3024,0.5856499075889587
3025,0.4073529839515686
3026,0.5467841029167175
3027,0.368100106716156
3028,0.5501348972320557
3029,0.4520648717880249
3030,0.5107111930847168
3031,0.7493169903755188
3032,0.5263758301734924
3033,0.5606976747512817
3034,0.2726809084415436
3035,0.39665597677230835
3036,0.49254360795021057
3037,0.5963634848594666
3038,0.3557737171649933
3039,0.5757160186767578
3040,0.5314946174621582
3041,0.034006718546152115
3042,0.8353710174560547
3043,0.4143846035003662
3044,0.5091902017593384
3045,0.39997363090515137
3046,0.3311208486557007
3047,0.35489892959594727
3048,0.4694612920284271
3049,0.42131268978118896
3050,0.38009580969810486
3051,0.2238127589225769
3052,0.5663380026817322
3053,0.6320148706436157
3054,0.39625367522239685
3055,0.33996328711509705
3056,0.45619654655456543
3057,0.2704066336154938
3058,0.46218279004096985
3059,0.5676652193069458
3060,0.6253015398979187
3061,0.3091559112071991
3062,0.3175552189350128
3063,0.6094545722007751
3064,0.5399247407913208
3065,0.23577772080898285
3066,0.3305393159389496
3067,0.6145771145820618
3068,0.6244593858718872
3069,0.5486435890197754
3070,0.44180527329444885
3071,0.2725929915904999
3072,0.44150030612945557
3073,0.16209430992603302
3074,0.563626766204834
3075,0.4932117164134979
3076,0.5024628043174744
3077,0.5121378302574158
3078,0.6025497913360596
3079,0.36612847447395325
3080,0.2799825668334961
3081,0.7652782797813416
3082,0.6895388960838318
3083,0.6296485662460327
3084,0.659928560256958
3085,0.5649159550666809
3086,0.5028465986251831
3087,0.42732423543930054
3088,0.4358251392841339
3089,0.5889036059379578
3090,0.48696058988571167
3091,0.36313891410827637
3092,0.5989975929260254
3093,0.4321199059486389
3094,0.26264360547065735
3095,0.32269224524497986
3096,0.8225151896476746
3097,0.456733763217926
3098,0.305957555770874
3099,0.3759075701236725
3100,0.5023815035820007
3101,0.3830007016658783
3102,0.5140131711959839
3103,0.38218244910240173
3104,0.4567605257034302
3105,0.5062151551246643
3106,0.27640485763549805
3107,0.5086359977722168
3108,0.40920957922935486
3109,0.33065879344940186
3110,0.4740752577781677
3111,0.5571932792663574
3112,0.6455824375152588
3113,0.4180462956428528
3114,0.39799660444259644
3115,0.400481253862381
3116,0.8305840492248535
3117,0.42140787839889526
3118,0.6244903802871704
3119,0.52749103307724
3120,0.4164730906486511
3121,0.7623599171638489
3122,0.14813990890979767
3123,0.592846155166626
3124,0.4401891231536865
3125,0.23399457335472107
3126,0.5249588489532471
3127,0.4401303827762604
3128,0.5029289126396179
3129,0.25709137320518494
3130,0.09347394108772278
3131,0.7400698661804199
3132,0.1869305521249771
3133,0.3702408969402313
3134,0.11012154072523117
3135,0.43013593554496765
3136,0.3352269232273102
3137,0.4790736138820648
3138,0.3802207410335541
3139,0.2610722482204437
3140,0.6926959156990051
3141,0.28489014506340027
3142,0.3849087059497833
3143,0.3686733543872833
3144,0.1428179144859314
3145,0.6454623937606812
3146,0.15895992517471313
3147,0.6818236112594604
3148,0.2752419710159302
3149,0.6210469007492065
3150,0.6530353426933289
3151,0.8789125084877014
3152,0.27025100588798523
3153,0.30238091945648193
3154,0.5262826085090637
3155,0.2405056208372116
3156,0.6002529859542847
3157,0.5344310998916626
3158,0.5010284185409546
3159,0.5350131988525391
3160,0.4001427888870239
3161,0.3377950191497803
3162,0.2919852137565613
3163,0.5566343665122986
3164,0.25844806432724
3165,0.9162307381629944
3166,0.42465969920158386
3167,0.5652580857276917
3168,0.4753110706806183
3169,0.21351216733455658
3170,0.45475417375564575
3171,0.5757380127906799
3172,0.6502639055252075
3173,0.5202245116233826
3174,0.46994566917419434
3175,0.35328027606010437
3176,0.06897000223398209
3177,0.27252745628356934
3178,0.6532907485961914
3179,0.30342721939086914
3180,0.44378823041915894
3181,0.6280715465545654
3182,0.6253169775009155
3183,0.34354880452156067
3184,0.49177390336990356
3185,0.37180235981941223
3186,0.5574375987052917
3187,0.3650948107242584
3188,0.5026569962501526
3189,0.48928526043891907
3190,0.6764698028564453
3191,0.34967711567878723
3192,0.5398842096328735
3193,0.4291622042655945
3194,0.546991765499115
3195,0.43305113911628723
3196,0.5672875642776489
3197,0.8648476600646973
3198,0.3948289155960083
3199,0.5707554817199707
3200,0.6111627221107483
3201,0.09120256453752518
3202,0.43410253524780273
3203,0.3195779025554657
3204,0.4847598373889923
3205,0.42790481448173523
3206,0.7500088810920715
3207,0.6337550282478333
3208,0.5402016639709473
3209,0.35168734192848206
3210,0.402683287858963
3211,0.26287680864334106
3212,0.489433228969574
3213,0.5574905872344971
3214,0.3899185359477997
3215,0.6683310866355896
3216,0.30406898260116577
3217,0.8344055414199829
3218,0.5709018111228943
3219,0.47161051630973816
3220,0.1797536313533783
3221,0.35279837250709534
3222,0.18472646176815033
3223,0.764518141746521
3224,0.4070909023284912
3225,0.2175479382276535
3226,0.5019294619560242
3227,0.6266052722930908
3228,0.685860276222229
3229,0.7792460322380066
3230,0.5702806115150452
3231,0.47096607089042664
3232,0.6922391653060913
3233,0.2678092420101166
3234,0.44798994064331055
3235,0.3749382793903351
3236,0.26102790236473083
3237,0.5177501440048218
3238,0.3561294972896576
3239,0.5066404342651367
3240,0.23472000658512115
3241,0.2820867598056793
3242,0.434857040643692
3243,0.5636901259422302
3244,0.6033232808113098
3245,0.20791341364383698
3246,0.48075488209724426
3247,0.18488338589668274
3248,0.5357741117477417
3249,0.5811917781829834
3250,0.3504623472690582
3251,0.5293102264404297
3252,0.3325953483581543
3253,0.28619083762168884
3254,0.35627686977386475
3255,0.6474863886833191
3256,0.44508782029151917
3257,0.492486834526062
3258,0.6397860646247864
3259,0.37142032384872437
3260,0.6851304173469543
3261,0.639983057975769
3262,0.5883895754814148
3263,0.26608559489250183
3264,0.6833328604698181
3265,0.36408358812332153
3266,0.6259193420410156
3267,0.4181588292121887
3268,0.2292960286140442
3269,0.43174639344215393
3270,0.5041907429695129
3271,0.33614015579223633
3272,0.5711342692375183
3273,0.2959999740123749
3274,0.5525877475738525
3275,0.24503597617149353
3276,0.6112462282180786
3277,0.5276917815208435
3278,0.463081419467926
3279,0.36588096618652344
3280,0.4925025403499603
3281,0.4195593595504761
3282,0.29013583064079285
3283,0.33546075224876404
3284,0.12685778737068176
3285,0.4549444913864136
3286,0.23171448707580566
3287,0.651103138923645
3288,0.26523351669311523
3289,0.6016409993171692
3290,0.42287853360176086
3291,0.40054944157600403
3292,0.3050498068332672
3293,0.5622565746307373
3294,0.24685461819171906
3295,0.41629427671432495
3296,0.7257993221282959
3297,0.2825620770454407
3298,0.28994134068489075
3299,0.08361951261758804
3300,0.5200938582420349
3301,0.6908436417579651
3302,0.2814861536026001
3303,0.3687497675418854
3304,0.4718013405799866
3305,0.3713722229003906
3306,0.46612226963043213
3307,0.16223393380641937
3308,0.5873854756355286
3309,0.7173062562942505
3310,0.2560158669948578
3311,0.41836437582969666
3312,0.3899215757846832
3313,0.45209959149360657
3314,0.35029536485671997
3315,0.3262002170085907
3316,0.6488879323005676
3317,0.28484204411506653
3318,0.32927998900413513
3319,0.736979067325592
3320,0.3895372450351715
3321,0.5789225101470947
3322,0.31134456396102905
3323,0.515922486782074
3324,0.25517261028289795
3325,0.3763465881347656
3326,0.21160894632339478
3327,0.35034629702568054
3328,0.24433016777038574
3329,0.3651669919490814
3330,0.23026910424232483
3331,0.2736421227455139
3332,0.36542242765426636
3333,0.45706236362457275
3334,0.634739339351654
3335,0.5018117427825928
3336,0.679184079170227
3337,0.23079611361026764
3338,0.56251060962677
3339,0.5599805116653442
3340,0.3821276128292084
3341,0.45365673303604126
3342,0.5071603655815125
3343,0.6434027552604675
3344,0.7051316499710083
3345,0.408486932516098
3346,0.6005566120147705
3347,0.5186927914619446
3348,0.4358525276184082
3349,0.22560858726501465
3350,0.4607737958431244
3351,0.5695088505744934
3352,0.32409027218818665
3353,0.5765031576156616
3354,0.5632041692733765
3355,0.6306970715522766
3356,0.3538200855255127
3357,0.5942596197128296
3358,0.3247520625591278
3359,0.39407968521118164
3360,-0.059031032025814056
3361,0.4388107359409332
3362,0.48384732007980347
3363,0.32910916209220886
3364,0.46801602840423584
3365,0.5264928936958313
3366,0.5887210369110107
3367,0.3747256398200989
3368,0.5731078386306763
3369,0.4244387149810791
3370,0.5431147217750549
3371,0.4511357843875885
3372,0.2251981645822525
3373,0.5674434304237366
3374,0.4121561050415039
3375,0.19450326263904572
3376,0.6341977715492249
3377,0.1421314924955368
3378,0.2773122787475586
3379,0.670113742351532
3380,0.3716626465320587
3381,0.49171751737594604
3382,0.5484704375267029
3383,0.507561445236206
3384,0.31633421778678894
3385,0.5865841507911682
3386,0.3988214433193207
3387,0.3767186105251312
3388,0.2415366917848587
3389,0.21496090292930603
3390,0.5580369234085083
3391,0.28696662187576294
3392,0.4249670207500458
3393,0.5521574020385742
3394,0.19424653053283691
3395,0.6355262398719788
3396,0.5076387524604797
3397,0.7421016693115234
3398,0.5679162740707397
3399,0.4416666030883789
3400,0.7881627082824707
3401,0.5688467025756836
3402,0.7069116234779358
3403,0.4404813349246979
3404,0.29514601826667786
3405,0.5514233112335205
3406,0.06599307805299759
3407,0.3478648066520691
3408,0.37463825941085815
3409,0.534045934677124
3410,0.7082515358924866
3411,0.42699259519577026
3412,0.5086202621459961
3413,0.3581181466579437
3414,0.11655569821596146
3415,0.3104006052017212
3416,0.4253747761249542
3417,0.4767327904701233
3418,0.5371996760368347
3419,0.2757267653942108
3420,0.4799689054489136
3421,0.6243788003921509
3422,0.5186113715171814
3423,0.7031899094581604
3424,0.3681049346923828
3425,0.537764847278595
3426,0.6952356696128845
3427,0.4343251585960388
3428,0.4483146667480469
3429,0.7722532153129578
3430,0.38942351937294006
3431,0.27488183975219727
3432,0.2078866958618164
3433,0.38240623474121094
3434,0.4435385465621948
3435,0.19745886325836182
3436,0.4853028953075409
3437,0.2682308852672577
3438,0.06594205647706985
3439,0.3527384102344513
3440,0.5287243127822876
3441,0.6225471496582031
3442,0.31772539019584656
3443,0.2804184854030609
3444,0.3070750832557678
3445,0.5443560481071472
3446,0.6474223136901855
3447,0.6360226273536682
3448,0.36363813281059265
3449,0.4625236392021179
3450,0.5959786176681519
3451,0.516878068447113
3452,0.5712080001831055
3453,0.4923841059207916
3454,0.16241909563541412
3455,0.6709623336791992
3456,0.610906720161438
3457,0.34244948625564575
3458,0.5074512362480164
3459,0.6902227401733398
3460,0.3957763910293579
3461,0.4991716146469116
3462,0.34972459077835083
3463,0.4453345239162445
3464,0.44407159090042114
3465,0.6162029504776001
3466,0.6497688293457031
3467,0.2661350965499878
3468,0.13515162467956543
3469,0.2658652067184448
3470,0.8058178424835205
3471,0.7152060866355896
3472,0.6577015519142151
3473,0.4817940294742584
3474,0.4731919467449188
3475,0.38183531165122986
3476,0.6143159866333008
3477,0.6590508222579956
3478,0.174544557929039
3479,0.5139205455780029
3480,0.3386809825897217
3481,0.43723779916763306
3482,0.4217163920402527
3483,0.6411779522895813
3484,0.5877898335456848
3485,0.39865490794181824
3486,0.7644007205963135
3487,0.510796070098877
3488,0.6768520474433899
3489,0.39193034172058105
3490,0.5201769471168518
3491,0.5931853652000427
3492,0.2654861509799957
3493,0.506195604801178
3494,0.6479619741439819
3495,0.5738049745559692
3496,0.3179376423358917
3497,0.4363879859447479
3498,0.11462675034999847
3499,0.8631847500801086
3500,0.3818105161190033
3501,0.23062509298324585
3502,0.504058837890625
3503,0.46233484148979187
3504,0.11599341034889221
3505,0.6850423216819763
3506,0.40567755699157715
3507,0.5499489307403564
3508,0.41850221157073975
3509,0.30567967891693115
3510,0.4936566948890686
3511,0.6527836322784424
3512,0.5580112338066101
3513,0.38622990250587463
3514,0.5309413075447083
3515,0.42402592301368713
3516,0.34324002265930176
3517,0.20675531029701233
3518,0.516787588596344
3519,0.16248227655887604
3520,0.6364055871963501
3521,0.5155335068702698
3522,0.2887166440486908
3523,0.3174022436141968
3524,0.3945475220680237
3525,0.277019202709198
3526,0.13637737929821014
3527,0.5006256699562073
3528,0.5103636980056763
3529,0.35320883989334106
3530,0.3536854684352875
3531,0.48360681533813477
3532,0.4576813280582428
3533,0.35395678877830505
3534,0.2892450988292694
3535,0.3745664358139038
3536,0.393547922372818
3537,0.5905773043632507
3538,0.3700425624847412
3539,0.5004992485046387
3540,0.44422000646591187
3541,0.31975337862968445
3542,0.8227590322494507
3543,0.5412224531173706
3544,0.6507319808006287
3545,0.5146650671958923
3546,0.21966835856437683
3547,0.3528349697589874
3548,0.5268402099609375
3549,0.3819275200366974
3550,0.36497238278388977
3551,0.3567140996456146
3552,0.09071777015924454
3553,0.6788856387138367
3554,0.3271844685077667
3555,0.7320421934127808
3556,0.3783375918865204
3557,0.44001394510269165
3558,0.5125590562820435
3559,0.618916928768158
3560,0.3221299648284912
3561,0.4570409059524536
3562,0.44303464889526367
3563,0.23157058656215668
3564,0.3664766252040863
3565,0.5815157890319824
3566,0.15277551114559174
3567,0.25378739833831787
3568,0.15663351118564606
3569,0.35836783051490784
3570,0.8524747490882874
3571,0.4277776777744293
3572,0.6266526579856873
3573,0.3299684226512909
3574,0.5985851287841797
3575,0.47674161195755005
3576,0.4195757806301117
3577,0.664834201335907
3578,0.6882883310317993
3579,0.4970003664493561
3580,0.42957112193107605
3581,0.36085596680641174
3582,0.3398496210575104
3583,0.5366266369819641
3584,0.364597886800766
3585,0.3112650513648987
3586,0.3070862889289856
3587,0.4084777235984802
3588,0.38307899236679077
3589,0.42119404673576355
3590,0.5881264805793762
3591,0.42630288004875183
3592,0.6189313530921936
3593,0.4318869709968567
3594,0.36823639273643494
3595,0.794384241104126
3596,0.3001686632633209
3597,0.2353060096502304
3598,0.8119338750839233
3599,0.07684358954429626
3600,0.6312152743339539
3601,0.28973153233528137
3602,0.2755622863769531
3603,0.34486711025238037
3604,0.5075900554656982
3605,0.2815929651260376
3606,0.3559798002243042
3607,0.2925797700881958
3608,0.142353817820549
3609,0.4649643301963806
3610,0.5905677676200867
3611,0.4963434040546417
3612,0.3673584461212158
3613,0.30722275376319885
3614,0.4803916811943054
3615,0.7064488530158997
3616,0.5546634197235107
3617,0.33393046259880066
3618,0.5652530789375305
3619,0.5275300145149231
3620,0.6185111999511719
3621,0.5532704591751099
3622,0.6019206047058105
3623,0.2177150845527649
3624,0.32392290234565735
3625,0.6750637292861938
3626,0.4555675685405731
3627,0.5847877860069275
3628,0.4510211944580078
3629,0.3890172839164734
3630,0.3196629285812378
3631,0.4131503105163574
3632,0.7263712286949158
3633,0.3219020664691925
3634,0.4891546666622162
3635,0.6427953839302063
3636,0.4557143449783325
3637,0.35679060220718384
3638,0.27934372425079346
3639,0.1198163852095604
3640,0.6565350890159607
3641,0.27869105339050293
3642,0.4067848324775696
3643,0.4853384494781494
3644,0.40955305099487305
3645,0.41829970479011536
3646,0.3952365219593048
3647,0.4532480239868164
3648,0.28990888595581055
3649,0.5264835953712463
3650,0.20452222228050232
3651,0.3546772599220276
3652,0.36164000630378723
3653,0.2490868866443634
3654,0.2956557869911194
3655,0.2673957943916321
3656,0.3801552355289459
3657,0.5902261734008789
3658,0.20785073935985565
3659,0.524773895740509
3660,0.31068310141563416
3661,0.5156084299087524
3662,0.3457426130771637
3663,0.18439149856567383
3664,0.30110904574394226
3665,0.22323012351989746
3666,0.5622729659080505
3667,0.3726431131362915
3668,0.44407302141189575
3669,0.46873876452445984
3670,0.5154533386230469
3671,0.4251069128513336
3672,0.4575757384300232
3673,0.25837022066116333
3674,0.434531569480896
3675,0.3304276168346405
3676,0.24196487665176392
3677,0.3209143579006195
3678,0.6365222930908203
3679,0.5301218032836914
3680,0.47926485538482666
3681,0.40614980459213257
3682,0.7385673522949219
3683,0.5263341665267944
3684,0.39166778326034546
3685,0.28634288907051086
3686,0.3438347280025482
3687,0.4098668098449707
3688,0.2743586301803589
3689,0.7977938652038574
3690,0.6795961260795593
3691,0.05051981657743454
3692,0.35253316164016724
3693,0.4791637659072876
3694,0.49609795212745667
3695,0.36393383145332336
3696,0.12331173568964005
3697,0.4588491916656494
3698,0.6193380951881409
3699,0.3941265940666199
3700,0.6706085205078125
3701,0.6156414747238159
3702,0.5621775388717651
3703,0.45357227325439453
3704,0.06777596473693848
3705,0.49200281500816345
3706,0.26653164625167847
3707,0.5965398550033569
3708,0.16602325439453125
3709,0.358506441116333
3710,0.5542199611663818
3711,0.7561585903167725
3712,0.5122758150100708
3713,0.6240482926368713
3714,0.43787598609924316
3715,0.45498475432395935
3716,0.18264152109622955
3717,0.08383152633905411
3718,0.420933336019516
3719,0.23894962668418884
3720,0.45892977714538574
3721,0.6570637822151184
3722,0.5180127620697021
3723,0.5807015895843506
3724,0.4848354458808899
3725,0.7107686400413513
3726,0.410553902387619
3727,0.3708703815937042
3728,0.18407464027404785
3729,0.38450565934181213
3730,0.22017943859100342
3731,0.47624441981315613
3732,0.37014544010162354
3733,0.4953743815422058
3734,0.6973846554756165
3735,0.47449907660484314
3736,0.19393286108970642
3737,0.549648106098175
3738,0.4761184751987457
3739,0.7753710746765137
3740,0.47063931822776794
3741,0.3072742819786072
3742,0.3349589705467224
3743,0.28648456931114197
3744,0.35464462637901306
3745,0.6861844062805176
3746,0.31856271624565125
3747,0.32440659403800964
3748,0.3558916747570038
3749,0.5839851498603821
3750,0.7126541137695312
3751,0.2932843565940857
3752,0.49235326051712036
3753,0.67442387342453
3754,0.27169686555862427
3755,0.3695065677165985
3756,0.7784082889556885
3757,0.5779839158058167
3758,0.5026717782020569
3759,0.685228705406189
3760,0.4613339900970459
3761,-0.021079882979393005
3762,0.47049030661582947
3763,0.41180989146232605
3764,0.4589432179927826
3765,0.5852073431015015
3766,0.1731267273426056
3767,0.40363624691963196
3768,0.4881998300552368
3769,0.6847630739212036
3770,0.2803497314453125
3771,0.49798858165740967
3772,0.6711124777793884
3773,0.5404043197631836
3774,0.345517098903656
3775,0.3105602264404297
3776,0.3628772497177124
3777,0.5001360177993774
3778,0.6324419975280762
3779,0.5956904292106628
3780,0.5229161977767944
3781,0.608195960521698
3782,0.36572155356407166
3783,0.5811993479728699
3784,0.502424955368042
3785,0.1857469528913498
3786,0.483121782541275
3787,0.3706740140914917
3788,0.6793953776359558
3789,0.40052783489227295
3790,0.6678254008293152
3791,0.5127534866333008
3792,0.3077671527862549
3793,0.35193002223968506
3794,0.6729143857955933
3795,0.5439988970756531
3796,0.3173966705799103
3797,0.7069892883300781
3798,0.4266950488090515
3799,0.2545906901359558
3800,0.6391944289207458
3801,0.10997553169727325
3802,0.6839045882225037
3803,0.21602050960063934
3804,0.4615277647972107
3805,0.6429188251495361
3806,0.33688727021217346
3807,0.1800781786441803
3808,0.4085114598274231
3809,0.45016542077064514
3810,0.5264440178871155
3811,0.6789754033088684
3812,0.2518782615661621
3813,0.5613088011741638
3814,0.14734910428524017
3815,0.351779580116272
3816,0.2563427686691284
3817,0.3350570499897003
3818,0.22776298224925995
3819,0.41748157143592834
3820,0.38859638571739197
3821,0.6011163592338562
3822,0.5914154648780823
3823,0.4854477047920227
3824,0.5639314651489258
3825,0.08281779289245605
3826,0.4252380430698395
3827,0.5729107856750488
3828,0.2509459853172302
3829,0.7414693832397461
3830,0.6413578987121582
3831,0.5236771106719971
3832,0.41574957966804504
3833,0.47128719091415405
3834,0.5081133842468262
3835,0.31317442655563354
3836,0.44595032930374146
3837,0.31269773840904236
3838,0.8187028765678406
3839,0.5182730555534363
3840,0.4386565685272217
3841,0.3921297490596771
3842,0.4714551568031311
3843,0.6443610787391663
3844,0.4278433620929718
3845,0.7425897121429443
3846,0.6212536692619324
3847,0.40550896525382996
3848,0.3889998197555542
3849,0.41734787821769714
3850,0.8609368205070496
3851,0.3414641320705414
3852,0.5301541090011597
3853,0.29840734601020813
3854,0.2950719892978668
3855,0.20390373468399048
3856,0.6768458485603333
3857,0.6774365901947021
3858,0.1974293291568756
3859,0.5590725541114807
3860,0.46526390314102173
3861,0.4086642265319824
3862,0.49131396412849426
3863,0.527022123336792
3864,0.4304107427597046
3865,0.18340091407299042
3866,0.6743452548980713
3867,0.6104580760002136
3868,0.4379289448261261
3869,0.4939866065979004
3870,0.5407081246376038
3871,0.48390915989875793
3872,0.5535069108009338
3873,0.6154534220695496
3874,0.3586803376674652
3875,0.3444906771183014
3876,0.3696719706058502
3877,0.17032432556152344
3878,0.1722586303949356
3879,0.4997909665107727
3880,0.40061119198799133
3881,0.5698676109313965
3882,0.46869030594825745
3883,0.6257422566413879
3884,0.23793157935142517
3885,0.4217727482318878
3886,0.17249946296215057
3887,0.3029964864253998
3888,0.6446711421012878
3889,0.28446438908576965
3890,0.5132808685302734
3891,0.46003612875938416
3892,0.47194239497184753
3893,0.7186170220375061
3894,0.560941755771637
3895,0.2293679565191269
3896,0.41678041219711304
3897,0.26155492663383484
3898,0.30238303542137146
3899,0.42610928416252136
3900,0.3150745928287506
3901,0.4997977316379547
3902,0.5278728604316711
3903,0.41439345479011536
3904,0.7065294981002808
3905,0.3833690285682678
3906,0.4239480793476105
3907,0.3474208116531372
3908,0.6672627925872803
3909,0.8865988850593567
3910,0.5460903644561768
3911,0.23720870912075043
3912,0.23639662563800812
3913,0.6042544841766357
3914,0.5145461559295654
3915,0.587019145488739
3916,0.011008352041244507
3917,0.6122108101844788
3918,0.3323329985141754
3919,0.4770122468471527
3920,0.38539040088653564
3921,0.4104892611503601
3922,0.412256121635437
3923,0.4566618800163269
3924,0.34689056873321533
3925,0.40040284395217896
3926,0.6177317500114441
3927,0.4504204988479614
3928,0.5257670879364014
3929,0.5448044538497925
3930,0.5502873063087463
3931,0.5939258933067322
3932,0.5328120589256287
3933,0.31374773383140564
3934,0.5163761377334595
3935,0.5756402015686035
3936,0.40912652015686035
3937,0.5630854964256287
3938,0.5609214901924133
3939,0.42622724175453186
3940,0.3825300931930542
3941,0.658230185508728
3942,0.15773709118366241
3943,0.4275820851325989
3944,0.5614346265792847
3945,0.565936803817749
3946,0.6318857669830322
3947,0.5514615774154663
3948,0.27089542150497437
3949,0.20889556407928467
3950,0.11297840625047684
3951,0.37672314047813416
3952,0.2538334131240845
3953,0.6988362669944763
3954,0.624224841594696
3955,0.2179294377565384
3956,0.3740583658218384
3957,0.14070777595043182
3958,0.3108411133289337
3959,0.21634526550769806
3960,0.23764938116073608
3961,0.6563818454742432
3962,0.4898456335067749
3963,0.6698967218399048
3964,0.31584322452545166
3965,0.3213025629520416
3966,0.06738205254077911
3967,0.13833363354206085
3968,0.6109227538108826
3969,0.2791494131088257
3970,0.43486687541007996
3971,0.5820940732955933
3972,0.7695736289024353
3973,0.4662599265575409
3974,0.49648532271385193
3975,0.6006125807762146
3976,0.23076295852661133
3977,0.43157657980918884
3978,0.33613064885139465
3979,0.29709476232528687
3980,0.49845367670059204
3981,0.5560038089752197
3982,0.679054856300354
3983,0.4756524860858917
3984,0.36191725730895996
3985,0.6727322936058044
3986,0.5452015399932861
3987,0.3026803433895111
3988,0.3754996955394745
3989,0.39763015508651733
3990,0.2762676179409027
3991,0.5927094221115112
3992,0.28214365243911743
3993,0.36461523175239563
3994,0.5946843028068542
3995,0.3211524784564972
3996,0.5160703063011169
3997,0.2630561292171478
3998,0.143458753824234
3999,0.5849543213844299
4000,0.3693693280220032
4001,0.2774052321910858
4002,0.4698445796966553
4003,0.30445870757102966
4004,0.3510001301765442
4005,0.5678728818893433
4006,0.3785960078239441
4007,0.3297424912452698
4008,0.42463770508766174
4009,0.6077185869216919
4010,0.6372288465499878
4011,0.5024788975715637
4012,0.6383782625198364
4013,0.4044017195701599
4014,0.5345390439033508
4015,0.4065631926059723
4016,0.5975949168205261
4017,0.41737839579582214
4018,0.7189924716949463
4019,0.3678869307041168
4020,0.45957663655281067
4021,0.4331584572792053
4022,0.5925840735435486
4023,0.7849107980728149
4024,0.3345041573047638
4025,0.2825888395309448
4026,-0.06875254958868027
4027,0.51429283618927
4028,0.3751816749572754
4029,0.3895685374736786
4030,0.47129663825035095
4031,0.5211104154586792
4032,0.6888015270233154
4033,0.5645535588264465
4034,0.5524360537528992
4035,0.3047395348548889
4036,0.4899705946445465
4037,0.5918149948120117
4038,0.45837026834487915
4039,0.45788276195526123
4040,0.33408933877944946
4041,0.6935163140296936
4042,0.5167988538742065
4043,0.8146848678588867
4044,0.5498853921890259
4045,0.45301344990730286
4046,0.31467366218566895
4047,0.5505456924438477
4048,0.49236980080604553
4049,0.21094432473182678
4050,0.7023369669914246
4051,0.34628185629844666
4052,0.4243076741695404
4053,0.6684227585792542
4054,0.5103741884231567
4055,0.5318413376808167
4056,0.403145968914032
4057,0.3901969790458679
4058,0.6084870100021362
4059,0.4496046304702759
4060,0.6675949692726135
4061,0.4655730426311493
4062,0.3959910571575165
4063,0.33187639713287354
4064,0.5298555493354797
4065,0.5717071890830994
4066,0.4750828742980957
4067,0.4839026629924774
4068,0.46259063482284546
4069,0.1967148631811142
4070,0.5375683307647705
4071,0.2203993797302246
4072,0.2266124188899994
4073,0.4883118271827698
4074,0.35306039452552795
4075,0.2892053425312042
4076,0.5026479363441467
4077,0.5524548888206482
4078,0.3833490014076233
4079,0.4096352756023407
4080,0.44815996289253235
4081,0.39086705446243286
4082,0.8048988580703735
4083,0.5707576274871826
4084,0.34222275018692017
4085,0.2676704227924347
4086,0.5584355592727661
4087,0.14131222665309906
4088,0.3901013433933258
4089,0.25881510972976685
4090,0.49979957938194275
4091,0.24413563311100006
4092,0.428320050239563
4093,0.2052353173494339
4094,0.298420786857605
4095,0.46277350187301636
4096,0.4795449376106262
4097,0.5350752472877502
4098,0.4590810239315033
4099,0.2520429790019989
4100,0.47080111503601074
4101,0.2797468900680542
4102,0.5024890899658203
4103,0.49801579117774963
4104,0.42558151483535767
4105,0.4648597836494446
4106,0.1848052442073822
4107,0.4547691345214844
4108,0.6018545031547546
4109,0.5537753701210022
4110,0.5764750838279724
4111,0.4387824833393097
4112,0.31998342275619507
4113,0.4925597608089447
4114,0.48306789994239807
4115,0.5591943264007568
4116,0.5258179306983948
4117,0.018511421978473663
4118,0.10050247609615326
4119,0.5620940923690796
4120,0.523858368396759
4121,0.282072514295578
4122,0.5072649121284485
4123,0.3577495515346527
4124,0.295281320810318
4125,0.5636098980903625
4126,0.47002944350242615
4127,0.22512413561344147
4128,0.3028624951839447
4129,0.383809357881546
4130,0.5215210914611816
4131,0.6921181082725525
4132,0.08647651970386505
4133,0.40610271692276
4134,0.14476919174194336
4135,0.5448848009109497
4136,0.6892423629760742
4137,0.48254284262657166
4138,0.4283466041088104
4139,0.5068485736846924
4140,0.47974085807800293
4141,0.4412344992160797
4142,0.3755679726600647
4143,0.31212300062179565
4144,0.3670181632041931
4145,0.5716610550880432
4146,0.6626445651054382
4147,0.6879169344902039
4148,0.535738468170166
4149,0.29157963395118713
4150,0.3867056369781494
4151,0.26800477504730225
4152,0.39328983426094055
4153,0.16646242141723633
4154,0.5234465599060059
4155,0.5828555822372437
4156,0.5060709118843079
4157,0.5384891629219055
4158,0.44866904616355896
4159,0.7033200860023499
4160,0.34900906682014465
4161,0.290580153465271
4162,0.6338027119636536
4163,0.5469778776168823
4164,0.4141969680786133
4165,0.5573971271514893
4166,0.42818036675453186
4167,0.7596587538719177
4168,0.19555935263633728
4169,0.4948238134384155
4170,0.6854013204574585
4171,0.3783505856990814
4172,0.5216100811958313
4173,0.4765673279762268
4174,0.8283356428146362
4175,0.6991493105888367
4176,0.6385195255279541
4177,0.3015420138835907
4178,0.10372297465801239
4179,0.5190017223358154
4180,0.474308043718338
4181,0.3539968729019165
4182,0.31507763266563416
4183,0.5128707885742188
4184,0.39740970730781555
4185,0.7695490717887878
4186,0.5475305318832397
4187,0.518294095993042
4188,0.5615569353103638
4189,0.3519876301288605
4190,0.4566301107406616
4191,0.10224573314189911
4192,0.5010973215103149
4193,0.5193700790405273
4194,0.3367030918598175
4195,0.8030939102172852
4196,0.6116486191749573
4197,0.21653303503990173
4198,0.5950611233711243
4199,0.2780105769634247
4200,0.2494703233242035
4201,0.2972663342952728
4202,0.24199706315994263
4203,0.2821390926837921
4204,0.4642147719860077
4205,0.3654254674911499
4206,0.42678648233413696
4207,0.5817277431488037
4208,0.6958501935005188
4209,0.2374291718006134
4210,0.5792559385299683
4211,0.30598199367523193
4212,0.43881815671920776
4213,0.26895448565483093
4214,0.3464735448360443
4215,0.3986862003803253
4216,0.551277756690979
4217,0.509884774684906
4218,0.2959413528442383
4219,0.26983046531677246
4220,0.4160681366920471
4221,0.5038670301437378
4222,0.4654557704925537
4223,0.4831545054912567
4224,0.3446481227874756
4225,0.5928264260292053
4226,0.3782401978969574
4227,0.3440837264060974
4228,0.42177170515060425
4229,0.37313175201416016
4230,0.6821190118789673
4231,0.3592017889022827
4232,0.4725157916545868
4233,0.32166263461112976
4234,0.36788278818130493
4235,0.2052510529756546
4236,0.5336594581604004
4237,0.3198544681072235
4238,0.47246053814888
4239,0.6136426329612732
4240,0.44996199011802673
4241,0.18596594035625458
4242,0.5001229643821716
4243,0.6003011465072632
4244,0.6285040974617004
4245,0.3018837571144104
4246,0.4422992765903473
4247,0.47887298464775085
4248,0.41664788126945496
4249,0.39289331436157227
4250,0.3841915428638458
4251,0.3471108376979828
4252,0.29892992973327637
4253,0.37652668356895447
4254,0.06798727065324783
4255,0.43524613976478577
4256,0.45334866642951965
4257,0.5273500680923462
4258,0.5100338459014893
4259,0.5408955812454224
4260,0.34295418858528137
4261,0.0999951958656311
4262,0.21435362100601196
4263,0.3908287286758423
4264,0.8231653571128845
4265,0.3126447796821594
4266,0.2633933126926422
4267,0.8379371166229248
4268,0.38464412093162537
4269,0.7492148280143738
4270,0.7220163345336914
4271,0.1504882574081421
4272,0.4076727330684662
4273,0.3783245384693146
4274,0.28939878940582275
4275,0.5318633913993835
4276,0.45736318826675415
4277,0.3064776659011841
4278,0.6203545331954956
4279,0.20937910676002502
4280,0.5553977489471436
4281,0.31183257699012756
4282,0.5196767449378967
4283,0.4267924427986145
4284,0.427021861076355
4285,0.5906866788864136
4286,0.4991266429424286
4287,0.4525006115436554
4288,0.48998910188674927
4289,0.7010782361030579
4290,0.15111616253852844
4291,0.4661779999732971
4292,0.44129064679145813
4293,0.6616631746292114
4294,0.2937402129173279
4295,0.40373745560646057
4296,0.42673516273498535
4297,0.19047404825687408
4298,0.26934564113616943
4299,0.21420156955718994
4300,0.3436008393764496
4301,0.32527992129325867
4302,0.19852995872497559
4303,0.7150654792785645
4304,0.6148931384086609
4305,0.5150192379951477
4306,0.4810461401939392
4307,0.5832816362380981
4308,0.4244251251220703
4309,0.29492077231407166
4310,0.49303480982780457
4311,0.3581479489803314
4312,0.26463615894317627
4313,0.23574110865592957
4314,0.3508344292640686
4315,0.5062472224235535
4316,0.47797420620918274
4317,0.22702793776988983
4318,0.16785310208797455
4319,0.3695071041584015
4320,0.7270479202270508
4321,0.44663122296333313
4322,0.6541879773139954
4323,0.5654471516609192
4324,0.14157065749168396
4325,0.06735262274742126
4326,0.6071845293045044
4327,0.3938647210597992
4328,0.33369433879852295
4329,0.5065060257911682
4330,0.4610646069049835
4331,0.7339271903038025
4332,0.4089528024196625
4333,0.6393353343009949
4334,0.2902831733226776
4335,0.23178130388259888
4336,0.4620019793510437
4337,0.5044354200363159
4338,0.3680928945541382
4339,0.5093913674354553
4340,0.47134315967559814
4341,0.8087350726127625
4342,0.09569455683231354
4343,0.24606819450855255
4344,0.47272658348083496
4345,0.6042267680168152
4346,0.5638171434402466
4347,0.6010582447052002
4348,0.40894177556037903
4349,0.5130998492240906
4350,0.217821404337883
4351,0.46577951312065125
4352,0.5440958142280579
4353,0.5635635256767273
4354,0.6549962162971497
4355,0.415240079164505
4356,0.36639857292175293
4357,0.426250159740448
4358,0.1706700176000595
4359,0.38681283593177795
4360,0.3868730664253235
4361,0.42919251322746277
4362,0.48343366384506226
4363,0.37583473324775696
4364,0.3868144154548645
4365,0.4125248193740845
4366,0.6076474189758301
4367,0.6736823916435242
4368,0.38532739877700806
4369,0.3836742341518402
4370,0.4843045175075531
4371,0.6774541735649109
4372,0.49739018082618713
4373,0.30341237783432007
4374,0.5431565046310425
4375,0.6002252101898193
4376,0.5076755881309509
4377,0.47275611758232117
4378,0.4587755799293518
4379,0.7712115049362183
4380,0.26427149772644043
4381,0.44524481892585754
4382,0.2639943063259125
4383,0.5136265754699707
4384,0.3819504976272583
4385,0.6690176725387573
4386,0.35792142152786255
4387,0.40824541449546814
4388,0.38694533705711365
4389,0.2700287997722626
4390,0.19562391936779022
4391,0.32844120264053345
4392,0.7026610374450684
4393,0.4252362549304962
4394,0.6343097686767578
4395,0.5128859877586365
4396,0.6534314155578613
4397,0.39067745208740234
4398,0.6317084431648254
4399,0.656595766544342
4400,0.3436439335346222
4401,0.4241420030593872
4402,0.23232269287109375
4403,0.3946447968482971
4404,0.5830777883529663
4405,0.1605246663093567
4406,0.5837754011154175
4407,0.5522956848144531
4408,0.1727554202079773
4409,0.29683300852775574
4410,0.5049216151237488
4411,0.422563374042511
4412,0.4134927988052368
4413,0.26323795318603516
4414,0.842744767665863
4415,0.26108720898628235
4416,0.5658611059188843
4417,0.5681844353675842
4418,0.3080161213874817
4419,0.687368631362915
4420,0.3711082339286804
4421,0.4956286549568176
4422,0.2742161452770233
4423,0.7980882525444031
4424,0.30887383222579956
4425,0.36206915974617004
4426,0.5933670997619629
4427,0.5564467906951904
4428,0.41730237007141113
4429,0.4584379494190216
4430,0.5856031775474548
4431,0.6462125182151794
4432,0.18134237825870514
4433,0.33356285095214844
4434,0.1896495670080185
4435,0.5414307117462158
4436,0.5697901248931885
4437,0.4099580645561218
4438,0.3875671923160553
4439,0.608392596244812
4440,0.8116172552108765
4441,0.3049338459968567
4442,0.6481115221977234
4443,0.5258304476737976
4444,0.6145475506782532
4445,0.4033123850822449
4446,0.505805253982544
4447,0.40803298354148865
4448,0.3683447539806366
4449,0.3548326790332794
4450,0.6396631598472595
4451,0.3685513436794281
4452,0.5443344712257385
4453,0.33603066205978394
4454,0.49547433853149414
4455,0.39177969098091125
4456,0.5704799294471741
4457,0.6419742703437805
4458,0.46220511198043823
4459,0.10301493108272552
4460,0.3538415729999542
4461,0.4283651113510132
4462,0.2831718921661377
4463,0.3039594888687134
4464,0.28907594084739685
4465,0.25178712606430054
4466,0.43197208642959595
4467,0.3916832506656647
4468,0.2868228852748871
4469,0.4265248477458954
4470,0.19379471242427826
4471,0.4536037743091583
4472,0.42385008931159973
4473,0.5385286211967468
4474,0.8422141671180725
4475,0.4549858570098877
4476,0.6102573871612549
4477,0.3881944417953491
4478,0.4983457922935486
4479,0.6316767930984497
4480,0.7791720032691956
4481,0.3277541995048523
4482,0.2738625109195709
4483,0.3718510568141937
4484,0.3821521997451782
4485,0.098837710916996
4486,0.5079889893531799
4487,0.17638354003429413
4488,0.438222199678421
4489,0.5994976758956909
4490,0.4073452949523926
4491,0.5436174273490906
4492,0.25227320194244385
4493,0.5778972506523132
4494,0.5169504880905151
4495,0.5005160570144653
4496,0.5011263489723206
4497,0.6374673247337341
4498,0.5497974157333374
4499,0.47499725222587585
4500,0.539559543132782
4501,0.4734715521335602
4502,0.37579265236854553
4503,0.5092340707778931
4504,0.6812570691108704
4505,0.48967164754867554
4506,0.5553434491157532
4507,0.23505426943302155
4508,0.5784464478492737
4509,0.4627147912979126
4510,0.37741684913635254
4511,0.601590096950531
4512,0.3922339975833893
4513,0.5059306621551514
4514,0.6580144762992859
4515,0.5139151215553284
4516,0.5469971299171448
4517,0.45541220903396606
4518,0.64605712890625
4519,0.5326089859008789
4520,0.36365586519241333
4521,0.4916028678417206
4522,0.4617844521999359
4523,0.6661875247955322
4524,0.3597937524318695
4525,0.6988433599472046
4526,0.3828337490558624
4527,0.23138010501861572
4528,0.5317509174346924
4529,0.8396521210670471
4530,0.2362843155860901
4531,0.4952622056007385
4532,0.151715949177742
4533,0.5906787514686584
4534,0.37116536498069763
4535,0.3659903407096863
4536,0.3474339544773102
4537,0.5758433938026428
4538,0.5781431794166565
4539,0.2661447525024414
4540,0.3849831521511078
4541,0.2874678671360016
4542,0.5102542042732239
4543,0.5292097926139832
4544,0.3969408869743347
4545,0.27059900760650635
4546,0.4870818555355072
4547,0.20011006295681
4548,0.2896554470062256
4549,0.15336185693740845
4550,0.33595743775367737
4551,0.3344268798828125
4552,0.20802317559719086
4553,0.6047283411026001
4554,0.20886163413524628
4555,0.7934015393257141
4556,0.4717601537704468
4557,0.11452431231737137
4558,0.3222951591014862
4559,0.5713892579078674
4560,0.32907620072364807
4561,0.2597928047180176
4562,0.6662294864654541
4563,0.509010910987854
4564,0.5393480658531189
4565,0.3404277265071869
4566,0.6206837892532349
4567,0.5301300883293152
4568,0.7330965399742126
4569,0.28362762928009033
4570,0.4420020282268524
4571,0.4712136387825012
4572,0.7366631031036377
4573,0.10453523695468903
4574,0.36658692359924316
4575,0.44031503796577454
4576,0.5107208490371704
4577,0.4006859362125397
4578,0.7519827485084534
4579,0.13997672498226166
4580,0.3810589015483856
4581,0.37473005056381226
4582,0.31265726685523987
4583,0.1563071608543396
4584,0.3735145628452301
4585,0.5759711265563965
4586,0.5341233015060425
4587,0.6293171048164368
4588,0.43662846088409424
4589,0.13966529071331024
4590,0.5697816610336304
4591,0.15824395418167114
4592,0.24931812286376953
4593,0.44762635231018066
4594,0.4772510230541229
4595,0.16669373214244843
4596,0.4655023515224457
4597,0.47253358364105225
4598,0.2814720869064331
4599,0.6656158566474915
4600,0.6054242849349976
4601,0.31875354051589966
4602,0.2752358019351959
4603,0.3696061968803406
4604,0.5585025548934937
4605,0.20774470269680023
4606,0.4916975498199463
4607,0.5620232224464417
4608,0.4050982594490051
4609,0.5479660630226135
4610,0.4750649333000183
4611,0.810596764087677
4612,0.6685093641281128
4613,0.3016525208950043
4614,0.6149718761444092
4615,0.5383641123771667
4616,0.49768736958503723
4617,0.3073631823062897
4618,0.18093852698802948
4619,0.4599449932575226
4620,0.43034765124320984
4621,0.47663238644599915
4622,0.3813795745372772
4623,0.71245276927948
4624,0.3659731149673462
4625,0.6469932794570923
4626,0.4987127184867859
4627,0.6226046085357666
4628,0.6930043697357178
4629,0.4911741316318512
4630,0.3407174348831177
4631,0.39886289834976196
4632,0.6046438813209534
4633,0.6370021104812622
4634,0.5760360956192017
4635,0.4603908061981201
4636,0.38207870721817017
4637,0.41747573018074036
4638,0.5038191080093384
4639,0.3865344822406769
4640,0.39565420150756836
4641,0.5021689534187317
4642,0.3839702010154724
4643,0.6295325756072998
4644,0.1038830354809761
4645,0.3395439088344574
4646,0.3507891297340393
4647,0.36439603567123413
4648,0.7713391184806824
4649,0.450143426656723
4650,0.21782539784908295
4651,0.06918647885322571
4652,0.8392209410667419
4653,0.4203624725341797
4654,0.5165314674377441
4655,0.4096607267856598
4656,0.2679615914821625
4657,0.10096877068281174
4658,0.18254980444908142
4659,0.4976668953895569
4660,0.3883158564567566
4661,0.30523550510406494
4662,0.8548183441162109
4663,0.5792630910873413
4664,0.4497048258781433
4665,0.3929649591445923
4666,0.3398228883743286
4667,0.4985463321208954
4668,0.4287867248058319
4669,0.4017542600631714
4670,0.5758001804351807
4671,0.32886800169944763
4672,0.29260319471359253
4673,0.686076283454895
4674,0.2891584634780884
4675,0.6150246858596802
4676,0.388143390417099
4677,0.4796779751777649
4678,0.43338730931282043
4679,0.47605833411216736
4680,0.42938634753227234
4681,0.7365044355392456
4682,0.48781946301460266
4683,0.24682535231113434
4684,0.512569010257721
4685,0.5763000249862671
4686,0.2356630563735962
4687,0.26180627942085266
4688,0.3310081660747528
4689,0.4224051535129547
4690,0.6551275253295898
4691,0.8526756167411804
4692,0.34537285566329956
4693,0.2465885877609253
4694,0.5203179121017456
4695,0.3686453104019165
4696,0.39188262820243835
4697,0.6871307492256165
4698,0.3903466463088989
4699,0.5118005871772766
4700,0.5085771083831787
4701,0.6333964467048645
4702,0.6575665473937988
4703,0.422225683927536
4704,0.47268953919410706
4705,0.5072696208953857
4706,0.38887572288513184
4707,0.40734073519706726
4708,0.776084303855896
4709,0.009687956422567368
4710,0.7906613349914551
4711,0.42618587613105774
4712,0.6332728266716003
4713,0.46003028750419617
4714,0.6825860738754272
4715,0.41023844480514526
4716,0.2494712769985199
4717,0.553619384765625
4718,0.5446130633354187
4719,0.7951334118843079
4720,0.6877846121788025
4721,0.3262138068675995
4722,0.5886584520339966
4723,0.5109208822250366
4724,0.5514723658561707
4725,0.3153640031814575
4726,0.19414851069450378
4727,0.5020483136177063
4728,0.285914808511734
4729,0.6191442608833313
4730,0.4979602098464966
4731,0.7630941867828369
4732,0.34650665521621704
4733,0.14450177550315857
4734,0.2915392518043518
4735,0.37152335047721863
4736,0.4420526623725891
4737,0.26115986704826355
4738,0.26723966002464294
4739,0.17896698415279388
4740,0.3241468369960785
4741,0.5900115370750427
4742,0.26527804136276245
4743,0.5147028565406799
4744,0.5712025165557861
4745,0.5349043011665344
4746,0.4292849600315094
4747,0.41105568408966064
4748,0.644885241985321
4749,0.2768222987651825
4750,0.5167863965034485
4751,0.39924296736717224
4752,0.5271934866905212
4753,0.8972381353378296
4754,0.5886088013648987
4755,0.4557769298553467
4756,0.4423893690109253
4757,0.4343236982822418
4758,0.42982053756713867
4759,0.38955190777778625
4760,0.5209943056106567
4761,0.348226934671402
4762,0.6864506006240845
4763,0.24534839391708374
4764,0.527545154094696
4765,0.32976680994033813
4766,0.2766130566596985
4767,0.3968560993671417
4768,0.5639208555221558
4769,0.5370662808418274
4770,0.46698132157325745
4771,0.49327754974365234
4772,0.46153125166893005
4773,0.46546339988708496
4774,0.32846081256866455
4775,0.41121554374694824
4776,0.2534390091896057
4777,0.36961132287979126
4778,0.7083979845046997
4779,0.6646715998649597
4780,0.2173776477575302
4781,0.3339526057243347
4782,0.34951356053352356
4783,0.37056633830070496
4784,0.7684497237205505
4785,0.3734723925590515
4786,0.5575609803199768
4787,0.28805607557296753
4788,0.38986092805862427
4789,0.39790377020835876
4790,0.4887281358242035
4791,0.301555335521698
4792,0.029345642775297165
4793,0.5154118537902832
4794,0.31464359164237976
4795,0.27696657180786133
4796,0.4556345045566559
4797,0.7467252016067505
4798,0.666186511516571
4799,0.6073786616325378
4800,0.8280410766601562
4801,0.7714735865592957
4802,0.360428124666214
4803,0.8353011608123779
4804,0.5310792326927185
4805,0.1616666167974472
4806,0.41442111134529114
4807,0.44297516345977783
4808,0.29144546389579773
4809,0.5033705830574036
4810,0.5748182535171509
4811,0.3122596740722656
4812,0.4345918595790863
4813,0.3696439862251282
4814,0.1580057144165039
4815,0.5865052342414856
4816,0.23309653997421265
4817,0.2053372859954834
4818,0.2927783131599426
4819,0.20637941360473633
4820,0.5407822132110596
4821,0.38285377621650696
4822,0.4952632486820221
4823,0.33884677290916443
4824,0.3680992126464844
4825,0.32226938009262085
4826,0.45135951042175293
4827,0.7266548275947571
4828,0.4019238352775574
4829,0.41109418869018555
4830,0.5118676424026489
4831,0.38704344630241394
4832,0.4475550353527069
4833,0.4308434724807739
4834,0.5198041796684265
4835,0.6119436621665955
4836,0.09152939170598984
4837,0.5410372614860535
4838,0.366219699382782
4839,0.4990348815917969
4840,0.2408543825149536
4841,0.8035218119621277
4842,0.6377481818199158
4843,0.43475815653800964
4844,0.40070840716362
4845,0.6187261939048767
4846,0.35942548513412476
4847,0.3667314052581787
4848,0.21807920932769775
4849,0.47896888852119446
4850,0.6080479621887207
4851,0.3749621510505676
4852,0.2785981595516205
4853,0.4218418002128601
4854,0.4947551190853119
4855,0.25966641306877136
4856,0.543569028377533
4857,0.5957387685775757
4858,0.5194703936576843
4859,0.7844562530517578
4860,0.2885701656341553
4861,0.5732033848762512
4862,0.46376174688339233
4863,0.6412306427955627
4864,0.41670823097229004
4865,0.4186237156391144
4866,0.5851188898086548
4867,0.43190062046051025
4868,0.45978307723999023
4869,0.4222496449947357
4870,0.5834436416625977
4871,0.26605913043022156
4872,0.43071988224983215
4873,0.216415137052536
4874,0.4539389908313751
4875,0.6606074571609497
4876,0.43504491448402405
4877,0.8812288045883179
4878,0.3440515995025635
4879,0.2514815926551819
4880,0.39564016461372375
4881,0.4699377417564392
4882,0.7947812080383301
4883,0.41428127884864807
4884,0.2957491874694824
4885,0.6029974818229675
4886,0.5925554037094116
4887,0.6228663325309753
4888,0.18230438232421875
4889,0.5786477327346802
4890,0.5506277680397034
4891,0.5780761241912842
4892,0.3788679838180542
4893,0.2115386426448822
4894,0.4629358947277069
4895,0.48885679244995117
4896,0.12151402235031128
4897,0.5850095748901367
4898,0.32802221179008484
4899,0.5969923734664917
4900,0.6042381525039673
4901,0.4303566515445709
4902,0.3434635400772095
4903,0.5817831158638
4904,0.5601325035095215
4905,0.4810130298137665
4906,0.7020683288574219
4907,0.47550448775291443
4908,0.5695646405220032
4909,0.3153238296508789
4910,0.32121115922927856
4911,0.36282452940940857
4912,0.42557117342948914
4913,0.43222776055336
4914,0.6731323003768921
4915,0.4393818974494934
4916,0.5727352499961853
4917,0.3094754219055176
4918,0.33336126804351807
4919,0.2506271004676819
4920,0.5159041285514832
4921,0.71509850025177
4922,0.6494905352592468
4923,0.47451767325401306
4924,0.5667719841003418
4925,0.3927084803581238
4926,0.4914940297603607
4927,0.25732487440109253
4928,0.5963844060897827
4929,0.6934133172035217
4930,0.4172965884208679
4931,0.4455137848854065
4932,0.17842791974544525
4933,0.5313363075256348
4934,0.5475777387619019
4935,0.5016214847564697
4936,0.3679257929325104
4937,0.2608048915863037
4938,0.5349568724632263
4939,0.2391778826713562
4940,0.6961254477500916
4941,0.3744622766971588
4942,0.3689766824245453
4943,0.7168297171592712
4944,0.578632652759552
4945,0.5970262289047241
