protein,AARS_K562,AATF_K562,ABCF1_K562,AGGF1_HepG2,AGGF1_K562,AKAP1_HepG2,AKAP1_K562,AKAP8L_K562,APOBEC3C_K562,AQR_HepG2,AQR_K562,BCCIP_HepG2,BCLAF1_HepG2,BUD13_HepG2,BUD13_K562,CDC40_HepG2,CPEB4_K562,CPSF6_K562,CSTF2_HepG2,CSTF2T_HepG2,CSTF2T_K562,DDX21_K562,DDX24_K562,DDX3X_HepG2,DDX3X_K562,DDX42_K562,DDX51_K562,DDX52_HepG2,DDX52_K562,DDX55_HepG2,DDX55_K562,DDX59_HepG2,DDX6_HepG2,DDX6_K562,DGCR8_HepG2,DGCR8_K562,DHX30_HepG2,DHX30_K562,DKC1_HepG2,DROSHA_HepG2,DROSHA_K562,EFTUD2_HepG2,EFTUD2_K562,EIF3D_HepG2,EIF3G_K562,EIF3H_HepG2,EIF4G2_K562,EWSR1_K562,EXOSC5_HepG2,EXOSC5_K562,FAM120A_HepG2,FAM120A_K562,FASTKD2_HepG2,FASTKD2_K562,FKBP4_HepG2,FMR1_K562,FTO_HepG2,FTO_K562,FUBP3_HepG2,FUS_HepG2,FUS_K562,FXR1_K562,FXR2_HepG2,FXR2_K562,G3BP1_HepG2,GEMIN5_K562,GNL3_K562,GPKOW_K562,GRSF1_HepG2,GRWD1_HepG2,GRWD1_K562,GTF2F1_HepG2,GTF2F1_K562,HLTF_HepG2,HLTF_K562,HNRNPA1_HepG2,HNRNPA1_K562,HNRNPC_HepG2,HNRNPC_K562,HNRNPK_HepG2,HNRNPK_K562,HNRNPL_HepG2,HNRNPL_K562,HNRNPM_HepG2,HNRNPM_K562,HNRNPU_HepG2,HNRNPU_K562,HNRNPUL1_HepG2,HNRNPUL1_K562,IGF2BP1_HepG2,IGF2BP1_K562,IGF2BP2_K562,IGF2BP3_HepG2,ILF3_HepG2,ILF3_K562,KHDRBS1_K562,KHSRP_HepG2,KHSRP_K562,LARP4_HepG2,LARP4_K562,LARP7_HepG2,LARP7_K562,LIN28B_HepG2,LIN28B_K562,LSM11_HepG2,LSM11_K562,MATR3_HepG2,MATR3_K562,METAP2_K562,MTPAP_K562,NCBP2_HepG2,NCBP2_K562,NIP7_HepG2,NIPBL_K562,NKRF_HepG2,NOL12_HepG2,NOLC1_HepG2,NOLC1_K562,NONO_K562,NPM1_K562,NSUN2_K562,PABPC4_K562,PABPN1_HepG2,PCBP1_HepG2,PCBP1_K562,PCBP2_HepG2,PHF6_K562,POLR2G_HepG2,PPIG_HepG2,PPIL4_K562,PRPF4_HepG2,PRPF8_HepG2,PRPF8_K562,PTBP1_HepG2,PTBP1_K562,PUM1_K562,PUM2_K562,PUS1_K562,QKI_HepG2,QKI_K562,RBFOX2_HepG2,RBFOX2_K562,RBM15_HepG2,RBM15_K562,RBM22_HepG2,RBM22_K562,RBM5_HepG2,RPS11_K562,RPS3_HepG2,RPS3_K562,SAFB_HepG2,SAFB_K562,SAFB2_K562,SBDS_K562,SDAD1_HepG2,SDAD1_K562,SERBP1_K562,SF3A3_HepG2,SF3B1_K562,SF3B4_HepG2,SF3B4_K562,SFPQ_HepG2,SLBP_K562,SLTM_HepG2,SLTM_K562,SMNDC1_HepG2,SMNDC1_K562,SND1_HepG2,SND1_K562,SRSF1_HepG2,SRSF1_K562,SRSF7_HepG2,SRSF7_K562,SRSF9_HepG2,SSB_HepG2,SSB_K562,STAU2_HepG2,SUB1_HepG2,SUGP2_HepG2,SUPV3L1_HepG2,SUPV3L1_K562,TAF15_HepG2,TAF15_K562,TARDBP_K562,TBRG4_HepG2,TBRG4_K562,TIA1_HepG2,TIA1_K562,TIAL1_HepG2,TRA2A_HepG2,TRA2A_K562,TROVE2_HepG2,TROVE2_K562,U2AF1_HepG2,U2AF1_K562,U2AF2_HepG2,U2AF2_K562,UCHL5_HepG2,UCHL5_K562,UPF1_HepG2,UPF1_K562,UTP18_HepG2,UTP18_K562,UTP3_K562,WDR3_K562,WDR43_HepG2,WDR43_K562,WRN_K562,XPO5_HepG2,XRCC6_HepG2,XRCC6_K562,XRN2_HepG2,XRN2_K562,YBX3_HepG2,YBX3_K562,YWHAG_K562,ZC3H11A_HepG2,ZC3H11A_K562,ZC3H8_K562,ZNF622_K562,ZNF800_HepG2,ZNF800_K562,ZRANB2_K562
AARS_K562,1.0,1.0,1.0,1.0,1.0,1.0,1.0,1.0,1.0,1.0,1.0,1.0,1.0,1.0,1.0,1.0,0.99999094,1.0,1.0,1.0,1.0,1.0,1.0,1.0,0.8193081,0.999993,1.0,1.0,1.0,1.0,1.0,1.0,1.0,1.0,1.0,1.0,1.0,1.0,0.99999887,1.0,1.0,1.0,1.0,1.0,1.0,1.0,1.0,1.0,0.99999994,1.0,1.0,1.0,1.0,1.0,1.0,1.0,1.0,1.0,1.0,1.0,1.0,1.0,1.0,0.9999998,1.0,1.0,1.0,1.0,1.0,1.0,1.0,1.0,1.0,1.0,1.0,1.0,0.99999917,0.88379997,1.0,1.0,1.0,1.0,0.99999994,1.0,1.0,1.0,1.0,1.0,1.0,0.99999994,1.0,1.0,1.0,1.0,1.0,0.99999994,1.0,1.0,1.0,1.0,0.9999803,0.99915665,0.98709995,1.0,1.0,1.0,1.0,1.0,1.0,1.0,1.0,1.0,0.99999976,1.0,1.0,1.0,1.0,1.0,1.0,1.0,1.0,1.0,0.90219563,1.0,1.0,1.0,1.0,1.0,1.0,1.0,1.0,1.0,1.0,1.0,0.99999994,1.0,1.0,1.0,1.0,1.0,1.0,1.0,1.0,1.0,1.0,1.0,1.0,1.0,1.0,1.0,1.0,1.0,1.0,1.0,1.0,1.0,0.99999976,1.0,1.0,1.0,1.0,1.0,1.0,1.0,1.0,1.0,1.0,1.0,1.0,1.0,1.0,1.0,0.9998867,1.0,1.0,1.0,0.63201904,0.9999428,1.0,1.0,1.0,1.0,1.0,0.99999994,1.0,1.0,1.0,1.0,1.0,0.9999999,1.0,1.0,1.0,1.0,1.0,1.0,0.99999946,1.0,1.0,0.9830753,1.0,1.0,1.0,1.0,1.0,1.0,0.9999998,1.0,1.0,1.0,1.0,0.99999994,1.0,1.0,1.0,1.0,1.0,1.0,1.0,1.0,1.0,1.0,1.0
AATF_K562,1.0,1.0,0.99999994,1.0,1.0,1.0,1.0,1.0,1.0,1.0,1.0,1.0,1.0,1.0,0.99999994,0.99999994,0.99999,1.0,1.0,1.0,1.0,1.0,1.0,1.0,0.819435,0.99999386,1.0,1.0,1.0,1.0,1.0,1.0,1.0,1.0,1.0,1.0,1.0,1.0,0.99999917,1.0,1.0,1.0,1.0,1.0,1.0,1.0,1.0,1.0,1.0,1.0,1.0,1.0,0.99999994,1.0,0.99999994,1.0,1.0,0.99999994,1.0,1.0,1.0,1.0,1.0,0.99999994,1.0,1.0,1.0,1.0,1.0,1.0,1.0,1.0,0.99999994,0.99999994,1.0,1.0,0.9999994,0.88369644,1.0,1.0,1.0,1.0,0.9999999,1.0,1.0,1.0,0.99999994,1.0,1.0,1.0,0.9999999,1.0,1.0,1.0,1.0,0.9999999,0.99999994,0.99999994,1.0,1.0,0.99998164,0.9991476,0.98713535,1.0,1.0,1.0,1.0,1.0,0.99999994,1.0,1.0,0.99999994,0.9999996,1.0,1.0,1.0,1.0,1.0,1.0,1.0,1.0,1.0,0.902291,1.0,1.0,0.9999999,1.0,1.0,1.0,1.0,1.0,1.0,1.0,1.0,1.0,1.0,0.99999994,1.0,1.0,0.99999994,1.0,1.0,1.0,1.0,1.0,1.0,0.99999994,1.0,1.0,1.0,1.0,1.0,1.0,1.0,1.0,1.0,0.9999999,1.0,1.0,1.0,1.0,1.0,0.99999994,1.0,1.0,1.0,1.0,1.0,1.0,1.0,1.0,1.0,0.99988997,1.0,1.0,1.0,0.63184756,0.99994516,0.99999994,1.0,1.0,0.99999994,1.0,1.0,1.0,1.0,1.0,1.0,1.0,0.99999994,1.0,1.0,1.0,1.0,1.0,1.0,0.9999997,1.0,0.99999994,0.9830348,0.99999994,1.0,1.0,1.0,1.0,1.0,0.99999994,1.0,1.0,1.0,1.0,1.0,1.0,1.0,1.0,1.0,1.0,1.0,1.0,1.0,1.0,0.99999994,0.99999994
ABCF1_K562,1.0,0.99999994,1.0,1.0,1.0,1.0,1.0,1.0,1.0,0.99999994,1.0,1.0,1.0,1.0,1.0,1.0,0.99999124,1.0,1.0,1.0,1.0,1.0,1.0,1.0,0.8192649,0.9999927,1.0,1.0,1.0,1.0,1.0,1.0,1.0,1.0,1.0,0.99999994,1.0,1.0,0.99999875,1.0,1.0,1.0,1.0,1.0,1.0,1.0,1.0,1.0,0.99999994,1.0,1.0,1.0,1.0,1.0,1.0,1.0,0.99999994,1.0,1.0,1.0,1.0,1.0,1.0,0.9999998,1.0,1.0,1.0,1.0,1.0,1.0,1.0,1.0,1.0,1.0,1.0,1.0,0.99999905,0.88383526,1.0,1.0,0.99999994,1.0,1.0,0.99999994,1.0,0.99999994,1.0,1.0,1.0,0.99999994,1.0,1.0,1.0,1.0,1.0,1.0,1.0,1.0,1.0,1.0,0.9999798,0.99915975,0.98708785,1.0,1.0,1.0,1.0,1.0,1.0,1.0,1.0,1.0,0.9999998,1.0,1.0,1.0,0.99999994,1.0,1.0,1.0,0.99999994,1.0,0.9021631,1.0,0.99999994,1.0,1.0,1.0,1.0,1.0,1.0,1.0,1.0,1.0,0.99999994,1.0,1.0,1.0,1.0,1.0,1.0,1.0,1.0,1.0,1.0,1.0,1.0,1.0,1.0,1.0,0.99999994,1.0,1.0,1.0,1.0,1.0,0.9999997,1.0,1.0,1.0,1.0,1.0,1.0,1.0,1.0,1.0,1.0,1.0,1.0,1.0,1.0,1.0,0.99988556,1.0,1.0,0.99999994,0.63207746,0.999942,1.0,1.0,1.0,1.0,1.0,0.99999994,1.0,1.0,1.0,1.0,1.0,0.9999998,1.0,1.0,1.0,1.0,1.0,1.0,0.9999994,1.0,1.0,0.98308915,1.0,1.0,1.0,1.0,1.0,1.0,0.99999976,1.0,1.0,1.0,1.0,0.99999994,1.0,1.0,1.0,1.0,1.0,1.0,1.0,1.0,1.0,1.0,1.0
AGGF1_HepG2,1.0,1.0,1.0,1.0,1.0,1.0,1.0,1.0,1.0,1.0,1.0,1.0,1.0,1.0,1.0,1.0,0.9999908,1.0,1.0,1.0,1.0,1.0,1.0,1.0,0.8193225,0.99999315,1.0,1.0,1.0,1.0,1.0,1.0,1.0,1.0,1.0,1.0,1.0,1.0,0.9999989,1.0,1.0,1.0,1.0,1.0,1.0,1.0,1.0,1.0,0.99999994,1.0,1.0,1.0,1.0,1.0,1.0,1.0,1.0,1.0,1.0,1.0,1.0,1.0,1.0,0.9999999,1.0,1.0,1.0,1.0,1.0,1.0,1.0,1.0,1.0,1.0,1.0,1.0,0.99999917,0.8837882,1.0,1.0,1.0,1.0,0.99999994,1.0,1.0,1.0,1.0,1.0,1.0,0.99999994,0.99999994,1.0,1.0,1.0,1.0,0.99999994,1.0,1.0,1.0,1.0,0.99998045,0.99915564,0.98710394,1.0,1.0,1.0,1.0,1.0,1.0,1.0,1.0,1.0,0.9999997,1.0,1.0,1.0,1.0,1.0,1.0,1.0,1.0,1.0,0.9022064,1.0,1.0,1.0,1.0,1.0,1.0,1.0,1.0,1.0,1.0,1.0,1.0,1.0,1.0,1.0,1.0,1.0,1.0,1.0,1.0,1.0,1.0,1.0,1.0,1.0,1.0,1.0,1.0,1.0,1.0,1.0,1.0,1.0,0.99999976,1.0,1.0,1.0,1.0,1.0,1.0,1.0,1.0,1.0,1.0,1.0,1.0,1.0,1.0,1.0,0.99988705,1.0,1.0,1.0,0.6319996,0.9999431,1.0,1.0,1.0,1.0,1.0,0.99999994,1.0,1.0,1.0,1.0,1.0,0.9999999,1.0,1.0,1.0,1.0,1.0,1.0,0.9999995,1.0,1.0,0.98307073,1.0,1.0,1.0,1.0,1.0,1.0,0.9999998,1.0,1.0,1.0,1.0,0.99999994,1.0,1.0,1.0,1.0,1.0,1.0,1.0,1.0,1.0,1.0,1.0
AGGF1_K562,1.0,1.0,1.0,1.0,1.0,1.0,1.0,1.0,1.0,1.0,1.0,1.0,1.0,1.0,1.0,1.0,0.99999076,1.0,1.0,1.0,1.0,1.0,1.0,1.0,0.8193283,0.99999315,1.0,1.0,1.0,1.0,1.0,1.0,1.0,1.0,1.0,1.0,1.0,1.0,0.9999989,1.0,1.0,1.0,1.0,1.0,1.0,1.0,1.0,1.0,0.99999994,1.0,1.0,1.0,1.0,1.0,1.0,1.0,1.0,1.0,1.0,1.0,1.0,1.0,1.0,0.9999999,1.0,1.0,1.0,1.0,1.0,1.0,1.0,1.0,1.0,1.0,1.0,1.0,0.9999992,0.8837835,1.0,1.0,1.0,1.0,0.99999994,1.0,1.0,1.0,1.0,1.0,1.0,1.0,0.99999994,1.0,1.0,1.0,1.0,0.99999994,1.0,1.0,1.0,1.0,0.9999805,0.9991552,0.98710555,1.0,1.0,1.0,1.0,1.0,1.0,1.0,1.0,1.0,0.9999997,1.0,1.0,1.0,1.0,1.0,1.0,1.0,1.0,1.0,0.9022108,1.0,1.0,1.0,1.0,1.0,1.0,1.0,1.0,1.0,1.0,1.0,1.0,1.0,1.0,1.0,1.0,1.0,1.0,1.0,1.0,1.0,1.0,1.0,1.0,1.0,1.0,1.0,1.0,1.0,1.0,1.0,1.0,1.0,0.99999976,1.0,1.0,1.0,1.0,1.0,1.0,1.0,1.0,1.0,1.0,1.0,1.0,1.0,1.0,1.0,0.9998872,1.0,1.0,1.0,0.6319918,0.9999432,1.0,1.0,1.0,1.0,1.0,1.0,1.0,1.0,1.0,1.0,1.0,0.9999999,1.0,1.0,1.0,1.0,1.0,1.0,0.9999995,1.0,1.0,0.9830689,1.0,1.0,1.0,1.0,1.0,1.0,0.9999998,1.0,1.0,1.0,1.0,1.0,1.0,1.0,1.0,1.0,1.0,1.0,1.0,1.0,1.0,1.0,1.0
AKAP1_HepG2,1.0,1.0,1.0,1.0,1.0,1.0,1.0,1.0,1.0,1.0,1.0,1.0,1.0,1.0,1.0,1.0,0.9999905,1.0,1.0,1.0,1.0,1.0,1.0,1.0,0.8193643,0.9999934,1.0,1.0,1.0,1.0,1.0,1.0,1.0,1.0,1.0,1.0,1.0,1.0,0.99999905,1.0,1.0,1.0,1.0,1.0,1.0,1.0,1.0,1.0,1.0,1.0,1.0,1.0,1.0,1.0,1.0,1.0,1.0,1.0,1.0,1.0,1.0,1.0,1.0,0.9999999,1.0,1.0,1.0,1.0,1.0,1.0,1.0,1.0,1.0,1.0,1.0,1.0,0.9999993,0.88375413,1.0,1.0,1.0,1.0,0.99999994,1.0,1.0,1.0,1.0,1.0,1.0,1.0,0.99999994,1.0,1.0,1.0,1.0,0.99999994,1.0,1.0,1.0,1.0,0.9999809,0.99915266,0.9871156,1.0,1.0,1.0,1.0,1.0,1.0,1.0,1.0,1.0,0.99999964,1.0,1.0,1.0,1.0,1.0,1.0,1.0,1.0,1.0,0.90223783,1.0,1.0,0.99999994,1.0,1.0,1.0,1.0,1.0,1.0,1.0,1.0,1.0,1.0,1.0,1.0,1.0,1.0,1.0,1.0,1.0,1.0,1.0,1.0,1.0,1.0,1.0,1.0,1.0,1.0,1.0,1.0,1.0,1.0,0.9999998,1.0,1.0,1.0,1.0,1.0,1.0,1.0,1.0,1.0,1.0,1.0,1.0,1.0,1.0,1.0,0.9998881,1.0,1.0,1.0,0.6319431,0.99994385,1.0,1.0,1.0,1.0,1.0,1.0,1.0,1.0,1.0,1.0,1.0,0.99999994,1.0,1.0,1.0,1.0,1.0,1.0,0.9999996,1.0,1.0,0.9830574,1.0,1.0,1.0,1.0,1.0,1.0,0.9999999,1.0,1.0,1.0,1.0,1.0,1.0,1.0,1.0,1.0,1.0,1.0,1.0,1.0,1.0,1.0,1.0
AKAP1_K562,1.0,1.0,1.0,1.0,1.0,1.0,1.0,1.0,1.0,1.0,1.0,1.0,1.0,1.0,1.0,1.0,0.99999064,1.0,1.0,1.0,1.0,1.0,1.0,1.0,0.8193458,0.99999326,1.0,1.0,1.0,1.0,1.0,1.0,1.0,1.0,1.0,1.0,1.0,1.0,0.999999,1.0,1.0,1.0,1.0,1.0,1.0,1.0,1.0,1.0,0.99999994,1.0,1.0,1.0,1.0,1.0,1.0,1.0,1.0,1.0,1.0,1.0,1.0,1.0,1.0,0.9999999,1.0,1.0,1.0,1.0,1.0,1.0,1.0,1.0,1.0,1.0,1.0,1.0,0.9999992,0.8837693,1.0,1.0,1.0,1.0,0.99999994,1.0,1.0,1.0,1.0,1.0,1.0,1.0,0.99999994,1.0,1.0,1.0,1.0,0.99999994,1.0,1.0,1.0,1.0,0.9999807,0.999154,0.98711044,1.0,1.0,1.0,1.0,1.0,1.0,1.0,1.0,1.0,0.9999997,1.0,1.0,1.0,1.0,1.0,1.0,1.0,1.0,1.0,0.90222394,1.0,1.0,0.99999994,1.0,1.0,1.0,1.0,1.0,1.0,1.0,1.0,1.0,1.0,1.0,1.0,1.0,1.0,1.0,1.0,1.0,1.0,1.0,1.0,1.0,1.0,1.0,1.0,1.0,1.0,1.0,1.0,1.0,1.0,0.99999976,1.0,1.0,1.0,1.0,1.0,1.0,1.0,1.0,1.0,1.0,1.0,1.0,1.0,1.0,1.0,0.99988765,1.0,1.0,1.0,0.6319682,0.9999435,1.0,1.0,1.0,1.0,1.0,1.0,1.0,1.0,1.0,1.0,1.0,0.9999999,1.0,1.0,1.0,1.0,1.0,1.0,0.9999995,1.0,1.0,0.9830633,1.0,1.0,1.0,1.0,1.0,1.0,0.9999998,1.0,1.0,1.0,1.0,1.0,1.0,1.0,1.0,1.0,1.0,1.0,1.0,1.0,1.0,1.0,1.0
AKAP8L_K562,1.0,1.0,1.0,1.0,1.0,1.0,1.0,1.0,1.0,1.0,1.0,1.0,1.0,1.0,1.0,1.0,0.9999907,1.0,1.0,1.0,1.0,1.0,1.0,1.0,0.8193388,0.9999932,1.0,1.0,1.0,1.0,1.0,1.0,1.0,1.0,1.0,1.0,1.0,1.0,0.9999989,1.0,1.0,1.0,1.0,1.0,1.0,1.0,1.0,1.0,0.99999994,1.0,1.0,1.0,1.0,1.0,1.0,1.0,1.0,1.0,1.0,1.0,1.0,1.0,1.0,0.9999999,1.0,1.0,1.0,1.0,1.0,1.0,1.0,1.0,1.0,1.0,1.0,1.0,0.9999992,0.883775,1.0,1.0,1.0,1.0,0.99999994,1.0,1.0,1.0,1.0,1.0,1.0,1.0,0.99999994,1.0,1.0,1.0,1.0,0.99999994,1.0,1.0,1.0,1.0,0.9999806,0.9991545,0.9871085,1.0,1.0,1.0,1.0,1.0,1.0,1.0,1.0,1.0,0.9999997,1.0,1.0,1.0,1.0,1.0,1.0,1.0,1.0,1.0,0.90221864,1.0,1.0,0.99999994,1.0,1.0,1.0,1.0,1.0,1.0,1.0,1.0,1.0,1.0,1.0,1.0,1.0,1.0,1.0,1.0,1.0,1.0,1.0,1.0,1.0,1.0,1.0,1.0,1.0,1.0,1.0,1.0,1.0,1.0,0.99999976,1.0,1.0,1.0,1.0,1.0,1.0,1.0,1.0,1.0,1.0,1.0,1.0,1.0,1.0,1.0,0.99988747,1.0,1.0,1.0,0.6319776,0.9999434,1.0,1.0,1.0,1.0,1.0,1.0,1.0,1.0,1.0,1.0,1.0,0.9999999,1.0,1.0,1.0,1.0,1.0,1.0,0.9999995,1.0,1.0,0.98306555,1.0,1.0,1.0,1.0,1.0,1.0,0.9999998,1.0,1.0,1.0,1.0,1.0,1.0,1.0,1.0,1.0,1.0,1.0,1.0,1.0,1.0,1.0,1.0
APOBEC3C_K562,1.0,1.0,1.0,1.0,1.0,1.0,1.0,1.0,1.0,1.0,1.0,1.0,1.0,1.0,1.0,1.0,0.99999034,1.0,1.0,1.0,1.0,1.0,1.0,1.0,0.8193868,0.9999935,1.0,1.0,1.0,1.0,1.0,1.0,1.0,1.0,1.0,1.0,1.0,1.0,0.99999905,1.0,1.0,1.0,1.0,1.0,1.0,1.0,1.0,1.0,1.0,1.0,1.0,1.0,0.99999994,1.0,1.0,1.0,1.0,1.0,1.0,1.0,1.0,1.0,1.0,0.9999999,1.0,1.0,1.0,1.0,1.0,1.0,1.0,1.0,1.0,1.0,1.0,1.0,0.99999934,0.88373584,1.0,1.0,1.0,1.0,0.9999999,1.0,1.0,1.0,1.0,1.0,1.0,1.0,0.99999994,1.0,1.0,1.0,1.0,0.9999999,1.0,1.0,1.0,1.0,0.99998116,0.99915105,0.9871219,1.0,1.0,1.0,1.0,1.0,1.0,1.0,1.0,1.0,0.99999964,1.0,1.0,1.0,1.0,1.0,1.0,1.0,1.0,1.0,0.90225476,1.0,1.0,0.99999994,1.0,1.0,1.0,1.0,1.0,1.0,1.0,1.0,1.0,1.0,1.0,1.0,1.0,1.0,1.0,1.0,1.0,1.0,1.0,1.0,0.99999994,1.0,1.0,1.0,1.0,1.0,1.0,1.0,1.0,1.0,0.9999998,1.0,1.0,1.0,1.0,1.0,1.0,1.0,1.0,1.0,1.0,1.0,1.0,1.0,1.0,1.0,0.9998887,1.0,1.0,1.0,0.63191277,0.99994427,1.0,1.0,1.0,1.0,1.0,1.0,1.0,1.0,1.0,1.0,1.0,0.99999994,1.0,1.0,1.0,1.0,1.0,1.0,0.9999996,1.0,1.0,0.98305017,1.0,1.0,1.0,1.0,1.0,1.0,0.9999999,1.0,1.0,1.0,1.0,1.0,1.0,1.0,1.0,1.0,1.0,1.0,1.0,1.0,1.0,1.0,1.0
AQR_HepG2,1.0,1.0,0.99999994,1.0,1.0,1.0,1.0,1.0,1.0,1.0,1.0,1.0,1.0,1.0,0.99999994,0.99999994,0.9999901,1.0,1.0,1.0,1.0,1.0,1.0,1.0,0.8194173,0.99999374,1.0,1.0,1.0,1.0,1.0,1.0,1.0,1.0,1.0,1.0,1.0,1.0,0.99999917,1.0,1.0,1.0,1.0,1.0,1.0,1.0,1.0,1.0,1.0,1.0,1.0,1.0,0.99999994,1.0,1.0,1.0,1.0,0.99999994,1.0,1.0,1.0,1.0,1.0,0.99999994,1.0,1.0,1.0,1.0,1.0,1.0,1.0,1.0,0.99999994,1.0,1.0,1.0,0.9999994,0.88371086,1.0,1.0,1.0,1.0,0.9999999,1.0,1.0,1.0,0.99999994,1.0,1.0,1.0,0.9999999,1.0,1.0,1.0,1.0,0.9999999,1.0,1.0,1.0,1.0,0.99998146,0.99914885,0.9871304,1.0,1.0,1.0,1.0,1.0,1.0,1.0,1.0,1.0,0.9999996,1.0,1.0,1.0,1.0,1.0,1.0,1.0,1.0,1.0,0.9022777,1.0,1.0,0.99999994,1.0,1.0,1.0,1.0,1.0,1.0,1.0,1.0,1.0,1.0,1.0,1.0,1.0,0.99999994,1.0,1.0,1.0,1.0,1.0,1.0,0.99999994,1.0,1.0,1.0,1.0,1.0,1.0,1.0,1.0,1.0,0.9999999,1.0,1.0,1.0,1.0,1.0,0.99999994,1.0,1.0,1.0,1.0,1.0,1.0,1.0,1.0,1.0,0.9998895,1.0,1.0,1.0,0.63187146,0.9999448,0.99999994,1.0,1.0,0.99999994,1.0,1.0,1.0,1.0,1.0,1.0,1.0,0.99999994,1.0,1.0,1.0,1.0,1.0,1.0,0.99999964,1.0,1.0,0.9830404,1.0,1.0,1.0,1.0,1.0,1.0,0.9999999,1.0,1.0,1.0,1.0,1.0,1.0,1.0,1.0,1.0,1.0,1.0,1.0,1.0,1.0,1.0,1.0
AQR_K562,1.0,1.0,1.0,1.0,1.0,1.0,1.0,1.0,1.0,1.0,1.0,1.0,1.0,1.0,1.0,1.0,0.99999046,1.0,1.0,1.0,1.0,1.0,1.0,1.0,0.8193677,0.9999934,1.0,1.0,1.0,1.0,1.0,1.0,1.0,1.0,1.0,1.0,1.0,1.0,0.99999905,1.0,1.0,1.0,1.0,1.0,1.0,1.0,1.0,1.0,1.0,1.0,1.0,1.0,0.99999994,1.0,1.0,1.0,1.0,1.0,1.0,1.0,1.0,1.0,1.0,0.9999999,1.0,1.0,1.0,1.0,1.0,1.0,1.0,1.0,1.0,1.0,1.0,1.0,0.9999993,0.88375133,1.0,1.0,1.0,1.0,0.99999994,1.0,1.0,1.0,1.0,1.0,1.0,1.0,0.99999994,1.0,1.0,1.0,1.0,0.99999994,1.0,1.0,1.0,1.0,0.9999809,0.9991524,0.9871166,1.0,1.0,1.0,1.0,1.0,1.0,1.0,1.0,1.0,0.99999964,1.0,1.0,1.0,1.0,1.0,1.0,1.0,1.0,1.0,0.90224046,1.0,1.0,0.99999994,1.0,1.0,1.0,1.0,1.0,1.0,1.0,1.0,1.0,1.0,1.0,1.0,1.0,1.0,1.0,1.0,1.0,1.0,1.0,1.0,1.0,1.0,1.0,1.0,1.0,1.0,1.0,1.0,1.0,1.0,0.9999998,1.0,1.0,1.0,1.0,1.0,1.0,1.0,1.0,1.0,1.0,1.0,1.0,1.0,1.0,1.0,0.99988824,1.0,1.0,1.0,0.6319385,0.9999439,1.0,1.0,1.0,1.0,1.0,1.0,1.0,1.0,1.0,1.0,1.0,0.99999994,1.0,1.0,1.0,1.0,1.0,1.0,0.9999996,1.0,1.0,0.98305625,1.0,1.0,1.0,1.0,1.0,1.0,0.9999999,1.0,1.0,1.0,1.0,1.0,1.0,1.0,1.0,1.0,1.0,1.0,1.0,1.0,1.0,1.0,1.0
BCCIP_HepG2,1.0,1.0,1.0,1.0,1.0,1.0,1.0,1.0,1.0,1.0,1.0,1.0,1.0,1.0,1.0,1.0,0.9999902,1.0,1.0,1.0,1.0,1.0,1.0,1.0,0.8194042,0.9999936,1.0,1.0,1.0,1.0,1.0,1.0,1.0,1.0,1.0,1.0,1.0,1.0,0.9999991,1.0,1.0,1.0,1.0,1.0,1.0,1.0,1.0,1.0,1.0,1.0,1.0,1.0,0.99999994,1.0,1.0,1.0,1.0,1.0,1.0,1.0,1.0,1.0,1.0,0.99999994,1.0,1.0,1.0,1.0,1.0,1.0,1.0,1.0,1.0,1.0,1.0,1.0,0.99999934,0.88372153,1.0,1.0,1.0,1.0,0.9999999,1.0,1.0,1.0,0.99999994,1.0,1.0,1.0,0.99999994,1.0,1.0,1.0,1.0,0.9999999,1.0,1.0,1.0,1.0,0.99998134,0.9991498,0.98712677,1.0,1.0,1.0,1.0,1.0,1.0,1.0,1.0,1.0,0.9999996,1.0,1.0,1.0,1.0,1.0,1.0,1.0,1.0,1.0,0.9022679,1.0,1.0,0.99999994,1.0,1.0,1.0,1.0,1.0,1.0,1.0,1.0,1.0,1.0,1.0,1.0,1.0,1.0,1.0,1.0,1.0,1.0,1.0,1.0,0.99999994,1.0,1.0,1.0,1.0,1.0,1.0,1.0,1.0,1.0,0.9999998,1.0,1.0,1.0,1.0,1.0,0.99999994,1.0,1.0,1.0,1.0,1.0,1.0,1.0,1.0,1.0,0.9998892,1.0,1.0,1.0,0.63188916,0.99994457,0.99999994,1.0,1.0,1.0,1.0,1.0,1.0,1.0,1.0,1.0,1.0,0.99999994,1.0,1.0,1.0,1.0,1.0,1.0,0.99999964,1.0,1.0,0.9830446,1.0,1.0,1.0,1.0,1.0,1.0,0.9999999,1.0,1.0,1.0,1.0,1.0,1.0,1.0,1.0,1.0,1.0,1.0,1.0,1.0,1.0,1.0,1.0
BCLAF1_HepG2,1.0,1.0,1.0,1.0,1.0,1.0,1.0,1.0,1.0,1.0,1.0,1.0,1.0,1.0,1.0,1.0,0.9999908,1.0,1.0,1.0,1.0,1.0,1.0,1.0,0.81932646,0.99999315,1.0,1.0,1.0,1.0,1.0,1.0,1.0,1.0,1.0,1.0,1.0,1.0,0.9999989,1.0,1.0,1.0,1.0,1.0,1.0,1.0,1.0,1.0,0.99999994,1.0,1.0,1.0,1.0,1.0,1.0,1.0,1.0,1.0,1.0,1.0,1.0,1.0,1.0,0.9999999,1.0,1.0,1.0,1.0,1.0,1.0,1.0,1.0,1.0,1.0,1.0,1.0,0.99999917,0.88378507,1.0,1.0,1.0,1.0,0.99999994,1.0,1.0,1.0,1.0,1.0,1.0,1.0,0.99999994,1.0,1.0,1.0,1.0,0.99999994,1.0,1.0,1.0,1.0,0.9999805,0.99915534,0.9871051,1.0,1.0,1.0,1.0,1.0,1.0,1.0,1.0,1.0,0.9999997,1.0,1.0,1.0,1.0,1.0,1.0,1.0,1.0,1.0,0.9022094,1.0,1.0,1.0,1.0,1.0,1.0,1.0,1.0,1.0,1.0,1.0,1.0,1.0,1.0,1.0,1.0,1.0,1.0,1.0,1.0,1.0,1.0,1.0,1.0,1.0,1.0,1.0,1.0,1.0,1.0,1.0,1.0,1.0,0.99999976,1.0,1.0,1.0,1.0,1.0,1.0,1.0,1.0,1.0,1.0,1.0,1.0,1.0,1.0,1.0,0.99988717,1.0,1.0,1.0,0.6319943,0.99994314,1.0,1.0,1.0,1.0,1.0,1.0,1.0,1.0,1.0,1.0,1.0,0.9999999,1.0,1.0,1.0,1.0,1.0,1.0,0.9999995,1.0,1.0,0.9830695,1.0,1.0,1.0,1.0,1.0,1.0,0.9999998,1.0,1.0,1.0,1.0,1.0,1.0,1.0,1.0,1.0,1.0,1.0,1.0,1.0,1.0,1.0,1.0
BUD13_HepG2,1.0,1.0,1.0,1.0,1.0,1.0,1.0,1.0,1.0,1.0,1.0,1.0,1.0,1.0,1.0,1.0,0.99999094,1.0,1.0,1.0,1.0,1.0,1.0,1.0,0.81930685,0.999993,1.0,1.0,1.0,1.0,1.0,1.0,1.0,1.0,1.0,1.0,1.0,1.0,0.99999887,1.0,1.0,1.0,1.0,1.0,1.0,1.0,1.0,1.0,0.99999994,1.0,1.0,1.0,1.0,1.0,1.0,1.0,1.0,1.0,1.0,1.0,1.0,1.0,1.0,0.9999998,1.0,1.0,1.0,1.0,1.0,1.0,1.0,1.0,1.0,1.0,1.0,1.0,0.99999917,0.88380104,1.0,1.0,1.0,1.0,0.99999994,1.0,1.0,1.0,1.0,1.0,1.0,0.99999994,1.0,1.0,1.0,1.0,1.0,0.99999994,1.0,1.0,1.0,1.0,0.9999803,0.9991568,0.9870996,1.0,1.0,1.0,1.0,1.0,1.0,1.0,1.0,1.0,0.99999976,1.0,1.0,1.0,1.0,1.0,1.0,1.0,1.0,1.0,0.9021946,1.0,1.0,1.0,1.0,1.0,1.0,1.0,1.0,1.0,1.0,1.0,0.99999994,1.0,1.0,1.0,1.0,1.0,1.0,1.0,1.0,1.0,1.0,1.0,1.0,1.0,1.0,1.0,1.0,1.0,1.0,1.0,1.0,1.0,0.99999976,1.0,1.0,1.0,1.0,1.0,1.0,1.0,1.0,1.0,1.0,1.0,1.0,1.0,1.0,1.0,0.99988663,1.0,1.0,1.0,0.63202083,0.9999428,1.0,1.0,1.0,1.0,1.0,0.99999994,1.0,1.0,1.0,1.0,1.0,0.9999999,1.0,1.0,1.0,1.0,1.0,1.0,0.99999946,1.0,1.0,0.98307574,1.0,1.0,1.0,1.0,1.0,1.0,0.9999998,1.0,1.0,1.0,1.0,0.99999994,1.0,1.0,1.0,1.0,1.0,1.0,1.0,1.0,1.0,1.0,1.0
BUD13_K562,1.0,0.99999994,1.0,1.0,1.0,1.0,1.0,1.0,1.0,0.99999994,1.0,1.0,1.0,1.0,1.0,1.0,0.99999124,1.0,1.0,1.0,1.0,1.0,1.0,1.0,0.819265,0.9999927,1.0,1.0,1.0,1.0,1.0,1.0,1.0,1.0,1.0,0.99999994,1.0,1.0,0.99999875,1.0,1.0,1.0,1.0,1.0,1.0,1.0,1.0,1.0,0.99999994,1.0,1.0,1.0,1.0,1.0,1.0,1.0,0.99999994,1.0,1.0,1.0,1.0,1.0,1.0,0.9999998,1.0,1.0,1.0,1.0,1.0,1.0,1.0,1.0,1.0,1.0,1.0,1.0,0.99999905,0.88383514,1.0,1.0,0.99999994,1.0,1.0,0.99999994,1.0,0.99999994,1.0,1.0,1.0,0.99999994,1.0,1.0,1.0,1.0,1.0,1.0,1.0,1.0,1.0,1.0,0.99997985,0.99915975,0.9870879,1.0,1.0,1.0,1.0,1.0,1.0,1.0,1.0,1.0,0.9999998,1.0,1.0,1.0,0.99999994,1.0,1.0,1.0,0.99999994,1.0,0.90216315,1.0,0.99999994,1.0,1.0,1.0,1.0,1.0,1.0,1.0,1.0,1.0,0.99999994,1.0,1.0,1.0,1.0,1.0,1.0,1.0,1.0,1.0,1.0,1.0,1.0,1.0,1.0,1.0,0.99999994,1.0,1.0,1.0,1.0,1.0,0.9999997,1.0,1.0,1.0,1.0,1.0,1.0,1.0,1.0,1.0,1.0,1.0,1.0,1.0,1.0,1.0,0.99988556,1.0,1.0,0.99999994,0.6320773,0.999942,1.0,1.0,1.0,1.0,1.0,0.99999994,1.0,1.0,1.0,1.0,1.0,0.9999998,1.0,1.0,1.0,1.0,1.0,1.0,0.9999994,1.0,1.0,0.9830891,1.0,1.0,1.0,1.0,1.0,1.0,0.99999976,1.0,1.0,1.0,1.0,0.99999994,1.0,1.0,1.0,1.0,1.0,1.0,1.0,1.0,1.0,1.0,1.0
CDC40_HepG2,1.0,0.99999994,1.0,1.0,1.0,1.0,1.0,1.0,1.0,0.99999994,1.0,1.0,1.0,1.0,1.0,1.0,0.9999912,1.0,1.0,1.0,1.0,1.0,1.0,1.0,0.8192765,0.99999285,1.0,1.0,1.0,1.0,1.0,1.0,1.0,1.0,1.0,0.99999994,1.0,1.0,0.9999988,1.0,1.0,1.0,1.0,1.0,1.0,1.0,1.0,1.0,0.99999994,1.0,1.0,1.0,1.0,1.0,1.0,1.0,0.99999994,1.0,1.0,1.0,1.0,1.0,1.0,0.9999998,1.0,1.0,1.0,1.0,1.0,1.0,1.0,1.0,1.0,1.0,1.0,1.0,0.9999991,0.8838258,1.0,1.0,1.0,1.0,1.0,0.99999994,1.0,1.0,1.0,1.0,1.0,0.99999994,1.0,1.0,1.0,1.0,1.0,0.99999994,1.0,1.0,1.0,1.0,0.99998,0.9991589,0.9870911,1.0,1.0,1.0,1.0,1.0,1.0,1.0,1.0,1.0,0.99999976,1.0,1.0,1.0,1.0,1.0,1.0,1.0,1.0,1.0,0.9021718,1.0,0.99999994,1.0,1.0,1.0,1.0,1.0,1.0,1.0,1.0,1.0,0.99999994,1.0,1.0,1.0,1.0,1.0,1.0,1.0,1.0,1.0,1.0,1.0,1.0,1.0,1.0,1.0,1.0,1.0,1.0,1.0,1.0,1.0,0.9999997,1.0,1.0,1.0,1.0,1.0,1.0,1.0,1.0,1.0,1.0,1.0,1.0,1.0,1.0,1.0,0.99988586,1.0,1.0,0.99999994,0.6320618,0.9999422,1.0,1.0,1.0,1.0,1.0,0.99999994,1.0,1.0,1.0,1.0,1.0,0.9999998,1.0,1.0,1.0,1.0,1.0,1.0,0.9999994,1.0,1.0,0.9830854,1.0,1.0,1.0,1.0,1.0,1.0,0.99999976,1.0,1.0,1.0,1.0,0.99999994,1.0,1.0,1.0,1.0,1.0,1.0,1.0,1.0,1.0,1.0,1.0
CPEB4_K562,0.99999094,0.99999,0.99999124,0.9999908,0.99999076,0.9999905,0.99999064,0.9999907,0.99999034,0.9999901,0.99999046,0.9999902,0.9999908,0.99999094,0.99999124,0.9999912,1.0,0.9999904,0.99999046,0.9999909,0.99999076,0.99999034,0.99999046,0.99999046,0.8168592,0.99996805,0.99999046,0.9999905,0.9999903,0.9999908,0.999991,0.9999905,0.9999904,0.9999907,0.9999902,0.99999,0.9999906,0.99999064,0.99998343,0.99999064,0.99999046,0.99999034,0.9999905,0.999991,0.9999906,0.9999907,0.99999094,0.9999908,0.9999895,0.99999076,0.99999076,0.9999907,0.99999154,0.99999034,0.9999911,0.99999064,0.99999005,0.99999124,0.999991,0.99999064,0.99999064,0.9999906,0.9999904,0.9999884,0.99999046,0.9999905,0.9999908,0.99999094,0.99999046,0.9999907,0.9999907,0.9999903,0.99999124,0.9999911,0.99999076,0.99999034,0.99998456,0.88578427,0.9999907,0.99999046,0.9999901,0.999991,0.99999213,0.99999,0.9999902,0.9999901,0.99999136,0.9999905,0.9999908,0.99998975,0.9999919,0.99999064,0.99999064,0.99999046,0.99999076,0.99999225,0.99999106,0.9999911,0.9999907,0.9999905,0.9999445,0.9993225,0.98640925,0.9999903,0.9999907,0.9999909,0.9999907,0.9999909,0.99999106,0.99999034,0.9999903,0.9999912,0.99999374,0.9999905,0.9999907,0.9999905,0.99999017,0.9999906,0.99999094,0.99999094,0.99999017,0.9999905,0.90035075,0.9999904,0.99999005,0.9999918,0.9999904,0.99999076,0.99999094,0.99999076,0.99999064,0.9999903,0.99999046,0.9999905,0.9999898,0.99999094,0.9999911,0.99999046,0.999991,0.9999912,0.9999902,0.99999064,0.9999905,0.999991,0.9999905,0.9999908,0.9999915,0.99999076,0.99999046,0.9999906,0.9999901,0.9999908,0.9999909,0.99999094,0.9999907,0.99999076,0.9999876,0.9999904,0.9999905,0.9999906,0.9999903,0.9999907,0.99999136,0.99999094,0.9999907,0.9999906,0.9999903,0.9999907,0.9999908,0.9999903,0.9999906,0.9999906,0.9998135,0.9999903,0.99999064,0.99999005,0.6353133,0.9998882,0.99999136,0.99999076,0.9999908,0.99999124,0.9999902,0.99998975,0.9999906,0.9999904,0.9999906,0.99999046,0.99999064,0.9999887,0.9999908,0.9999904,0.9999905,0.99999046,0.9999908,0.9999905,0.99998605,0.9999904,0.99999106,0.98384655,0.9999911,0.99999046,0.99999064,0.9999904,0.9999903,0.9999903,0.99998814,0.9999908,0.9999903,0.9999909,0.9999907,0.99998975,0.9999905,0.9999908,0.9999907,0.9999907,0.9999904,0.9999906,0.999991,0.99999034,0.9999905,0.9999911,0.99999106
CPSF6_K562,1.0,1.0,1.0,1.0,1.0,1.0,1.0,1.0,1.0,1.0,1.0,1.0,1.0,1.0,1.0,1.0,0.9999904,1.0,1.0,1.0,1.0,1.0,1.0,1.0,0.81937647,0.99999344,1.0,1.0,1.0,1.0,1.0,1.0,1.0,1.0,1.0,1.0,1.0,1.0,0.99999905,1.0,1.0,1.0,1.0,1.0,1.0,1.0,1.0,1.0,1.0,1.0,1.0,1.0,0.99999994,1.0,1.0,1.0,1.0,1.0,1.0,1.0,1.0,1.0,1.0,0.9999999,1.0,1.0,1.0,1.0,1.0,1.0,1.0,1.0,1.0,1.0,1.0,1.0,0.9999993,0.88374424,1.0,1.0,1.0,1.0,0.99999994,1.0,1.0,1.0,1.0,1.0,1.0,1.0,0.99999994,1.0,1.0,1.0,1.0,0.9999999,1.0,1.0,1.0,1.0,0.99998105,0.99915177,0.987119,1.0,1.0,1.0,1.0,1.0,1.0,1.0,1.0,1.0,0.99999964,1.0,1.0,1.0,1.0,1.0,1.0,1.0,1.0,1.0,0.902247,1.0,1.0,0.99999994,1.0,1.0,1.0,1.0,1.0,1.0,1.0,1.0,1.0,1.0,1.0,1.0,1.0,1.0,1.0,1.0,1.0,1.0,1.0,1.0,0.99999994,1.0,1.0,1.0,1.0,1.0,1.0,1.0,1.0,1.0,0.9999998,1.0,1.0,1.0,1.0,1.0,1.0,1.0,1.0,1.0,1.0,1.0,1.0,1.0,1.0,1.0,0.9998885,1.0,1.0,1.0,0.63192666,0.9999441,1.0,1.0,1.0,1.0,1.0,1.0,1.0,1.0,1.0,1.0,1.0,0.99999994,1.0,1.0,1.0,1.0,1.0,1.0,0.9999996,1.0,1.0,0.98305345,1.0,1.0,1.0,1.0,1.0,1.0,0.9999999,1.0,1.0,1.0,1.0,1.0,1.0,1.0,1.0,1.0,1.0,1.0,1.0,1.0,1.0,1.0,1.0
CSTF2_HepG2,1.0,1.0,1.0,1.0,1.0,1.0,1.0,1.0,1.0,1.0,1.0,1.0,1.0,1.0,1.0,1.0,0.99999046,1.0,1.0,1.0,1.0,1.0,1.0,1.0,0.8193737,0.99999344,1.0,1.0,1.0,1.0,1.0,1.0,1.0,1.0,1.0,1.0,1.0,1.0,0.99999905,1.0,1.0,1.0,1.0,1.0,1.0,1.0,1.0,1.0,1.0,1.0,1.0,1.0,0.99999994,1.0,1.0,1.0,1.0,1.0,1.0,1.0,1.0,1.0,1.0,0.9999999,1.0,1.0,1.0,1.0,1.0,1.0,1.0,1.0,1.0,1.0,1.0,1.0,0.9999993,0.88374645,1.0,1.0,1.0,1.0,0.99999994,1.0,1.0,1.0,1.0,1.0,1.0,1.0,0.99999994,1.0,1.0,1.0,1.0,0.9999999,1.0,1.0,1.0,1.0,0.999981,0.999152,0.98711824,1.0,1.0,1.0,1.0,1.0,1.0,1.0,1.0,1.0,0.99999964,1.0,1.0,1.0,1.0,1.0,1.0,1.0,1.0,1.0,0.9022449,1.0,1.0,0.99999994,1.0,1.0,1.0,1.0,1.0,1.0,1.0,1.0,1.0,1.0,1.0,1.0,1.0,1.0,1.0,1.0,1.0,1.0,1.0,1.0,1.0,1.0,1.0,1.0,1.0,1.0,1.0,1.0,1.0,1.0,0.9999998,1.0,1.0,1.0,1.0,1.0,1.0,1.0,1.0,1.0,1.0,1.0,1.0,1.0,1.0,1.0,0.99988836,1.0,1.0,1.0,0.6319304,0.99994403,1.0,1.0,1.0,1.0,1.0,1.0,1.0,1.0,1.0,1.0,1.0,0.99999994,1.0,1.0,1.0,1.0,1.0,1.0,0.9999996,1.0,1.0,0.98305434,1.0,1.0,1.0,1.0,1.0,1.0,0.9999999,1.0,1.0,1.0,1.0,1.0,1.0,1.0,1.0,1.0,1.0,1.0,1.0,1.0,1.0,1.0,1.0
CSTF2T_HepG2,1.0,1.0,1.0,1.0,1.0,1.0,1.0,1.0,1.0,1.0,1.0,1.0,1.0,1.0,1.0,1.0,0.9999909,1.0,1.0,1.0,1.0,1.0,1.0,1.0,0.81931245,0.9999931,1.0,1.0,1.0,1.0,1.0,1.0,1.0,1.0,1.0,1.0,1.0,1.0,0.99999887,1.0,1.0,1.0,1.0,1.0,1.0,1.0,1.0,1.0,0.99999994,1.0,1.0,1.0,1.0,1.0,1.0,1.0,1.0,1.0,1.0,1.0,1.0,1.0,1.0,0.9999998,1.0,1.0,1.0,1.0,1.0,1.0,1.0,1.0,1.0,1.0,1.0,1.0,0.99999917,0.88379645,1.0,1.0,1.0,1.0,0.99999994,1.0,1.0,1.0,1.0,1.0,1.0,0.99999994,0.99999994,1.0,1.0,1.0,1.0,0.99999994,1.0,1.0,1.0,1.0,0.99998033,0.99915636,0.98710114,1.0,1.0,1.0,1.0,1.0,1.0,1.0,1.0,1.0,0.99999976,1.0,1.0,1.0,1.0,1.0,1.0,1.0,1.0,1.0,0.90219885,1.0,1.0,1.0,1.0,1.0,1.0,1.0,1.0,1.0,1.0,1.0,1.0,1.0,1.0,1.0,1.0,1.0,1.0,1.0,1.0,1.0,1.0,1.0,1.0,1.0,1.0,1.0,1.0,1.0,1.0,1.0,1.0,1.0,0.99999976,1.0,1.0,1.0,1.0,1.0,1.0,1.0,1.0,1.0,1.0,1.0,1.0,1.0,1.0,1.0,0.9998868,1.0,1.0,1.0,0.63201326,0.9999429,1.0,1.0,1.0,1.0,1.0,0.99999994,1.0,1.0,1.0,1.0,1.0,0.9999999,1.0,1.0,1.0,1.0,1.0,1.0,0.99999946,1.0,1.0,0.98307395,1.0,1.0,1.0,1.0,1.0,1.0,0.9999998,1.0,1.0,1.0,1.0,0.99999994,1.0,1.0,1.0,1.0,1.0,1.0,1.0,1.0,1.0,1.0,1.0
CSTF2T_K562,1.0,1.0,1.0,1.0,1.0,1.0,1.0,1.0,1.0,1.0,1.0,1.0,1.0,1.0,1.0,1.0,0.99999076,1.0,1.0,1.0,1.0,1.0,1.0,1.0,0.8193274,0.99999315,1.0,1.0,1.0,1.0,1.0,1.0,1.0,1.0,1.0,1.0,1.0,1.0,0.9999989,1.0,1.0,1.0,1.0,1.0,1.0,1.0,1.0,1.0,0.99999994,1.0,1.0,1.0,1.0,1.0,1.0,1.0,1.0,1.0,1.0,1.0,1.0,1.0,1.0,0.9999999,1.0,1.0,1.0,1.0,1.0,1.0,1.0,1.0,1.0,1.0,1.0,1.0,0.9999992,0.88378423,1.0,1.0,1.0,1.0,0.99999994,1.0,1.0,1.0,1.0,1.0,1.0,1.0,0.99999994,1.0,1.0,1.0,1.0,0.99999994,1.0,1.0,1.0,1.0,0.9999805,0.9991553,0.9871053,1.0,1.0,1.0,1.0,1.0,1.0,1.0,1.0,1.0,0.9999997,1.0,1.0,1.0,1.0,1.0,1.0,1.0,1.0,1.0,0.9022101,1.0,1.0,1.0,1.0,1.0,1.0,1.0,1.0,1.0,1.0,1.0,1.0,1.0,1.0,1.0,1.0,1.0,1.0,1.0,1.0,1.0,1.0,1.0,1.0,1.0,1.0,1.0,1.0,1.0,1.0,1.0,1.0,1.0,0.99999976,1.0,1.0,1.0,1.0,1.0,1.0,1.0,1.0,1.0,1.0,1.0,1.0,1.0,1.0,1.0,0.99988717,1.0,1.0,1.0,0.63199294,0.99994314,1.0,1.0,1.0,1.0,1.0,1.0,1.0,1.0,1.0,1.0,1.0,0.9999999,1.0,1.0,1.0,1.0,1.0,1.0,0.9999995,1.0,1.0,0.9830691,1.0,1.0,1.0,1.0,1.0,1.0,0.9999998,1.0,1.0,1.0,1.0,1.0,1.0,1.0,1.0,1.0,1.0,1.0,1.0,1.0,1.0,1.0,1.0
DDX21_K562,1.0,1.0,1.0,1.0,1.0,1.0,1.0,1.0,1.0,1.0,1.0,1.0,1.0,1.0,1.0,1.0,0.99999034,1.0,1.0,1.0,1.0,1.0,1.0,1.0,0.8193861,0.9999935,1.0,1.0,1.0,1.0,1.0,1.0,1.0,1.0,1.0,1.0,1.0,1.0,0.99999905,1.0,1.0,1.0,1.0,1.0,1.0,1.0,1.0,1.0,1.0,1.0,1.0,1.0,0.99999994,1.0,1.0,1.0,1.0,1.0,1.0,1.0,1.0,1.0,1.0,0.9999999,1.0,1.0,1.0,1.0,1.0,1.0,1.0,1.0,1.0,1.0,1.0,1.0,0.99999934,0.8837363,1.0,1.0,1.0,1.0,0.9999999,1.0,1.0,1.0,1.0,1.0,1.0,1.0,0.99999994,1.0,1.0,1.0,1.0,0.9999999,1.0,1.0,1.0,1.0,0.99998116,0.9991511,0.9871217,1.0,1.0,1.0,1.0,1.0,1.0,1.0,1.0,1.0,0.99999964,1.0,1.0,1.0,1.0,1.0,1.0,1.0,1.0,1.0,0.9022543,1.0,1.0,0.99999994,1.0,1.0,1.0,1.0,1.0,1.0,1.0,1.0,1.0,1.0,1.0,1.0,1.0,1.0,1.0,1.0,1.0,1.0,1.0,1.0,0.99999994,1.0,1.0,1.0,1.0,1.0,1.0,1.0,1.0,1.0,0.9999998,1.0,1.0,1.0,1.0,1.0,1.0,1.0,1.0,1.0,1.0,1.0,1.0,1.0,1.0,1.0,0.9998887,1.0,1.0,1.0,0.6319136,0.99994427,1.0,1.0,1.0,1.0,1.0,1.0,1.0,1.0,1.0,1.0,1.0,0.99999994,1.0,1.0,1.0,1.0,1.0,1.0,0.9999996,1.0,1.0,0.9830504,1.0,1.0,1.0,1.0,1.0,1.0,0.9999999,1.0,1.0,1.0,1.0,1.0,1.0,1.0,1.0,1.0,1.0,1.0,1.0,1.0,1.0,1.0,1.0
DDX24_K562,1.0,1.0,1.0,1.0,1.0,1.0,1.0,1.0,1.0,1.0,1.0,1.0,1.0,1.0,1.0,1.0,0.99999046,1.0,1.0,1.0,1.0,1.0,1.0,1.0,0.8193737,0.99999344,1.0,1.0,1.0,1.0,1.0,1.0,1.0,1.0,1.0,1.0,1.0,1.0,0.99999905,1.0,1.0,1.0,1.0,1.0,1.0,1.0,1.0,1.0,1.0,1.0,1.0,1.0,0.99999994,1.0,1.0,1.0,1.0,1.0,1.0,1.0,1.0,1.0,1.0,0.9999999,1.0,1.0,1.0,1.0,1.0,1.0,1.0,1.0,1.0,1.0,1.0,1.0,0.9999993,0.88374645,1.0,1.0,1.0,1.0,0.99999994,1.0,1.0,1.0,1.0,1.0,1.0,1.0,0.99999994,1.0,1.0,1.0,1.0,0.9999999,1.0,1.0,1.0,1.0,0.999981,0.999152,0.98711824,1.0,1.0,1.0,1.0,1.0,1.0,1.0,1.0,1.0,0.99999964,1.0,1.0,1.0,1.0,1.0,1.0,1.0,1.0,1.0,0.9022449,1.0,1.0,0.99999994,1.0,1.0,1.0,1.0,1.0,1.0,1.0,1.0,1.0,1.0,1.0,1.0,1.0,1.0,1.0,1.0,1.0,1.0,1.0,1.0,1.0,1.0,1.0,1.0,1.0,1.0,1.0,1.0,1.0,1.0,0.9999998,1.0,1.0,1.0,1.0,1.0,1.0,1.0,1.0,1.0,1.0,1.0,1.0,1.0,1.0,1.0,0.99988836,1.0,1.0,1.0,0.6319304,0.99994403,1.0,1.0,1.0,1.0,1.0,1.0,1.0,1.0,1.0,1.0,1.0,0.99999994,1.0,1.0,1.0,1.0,1.0,1.0,0.9999996,1.0,1.0,0.98305434,1.0,1.0,1.0,1.0,1.0,1.0,0.9999999,1.0,1.0,1.0,1.0,1.0,1.0,1.0,1.0,1.0,1.0,1.0,1.0,1.0,1.0,1.0,1.0
DDX3X_HepG2,1.0,1.0,1.0,1.0,1.0,1.0,1.0,1.0,1.0,1.0,1.0,1.0,1.0,1.0,1.0,1.0,0.99999046,1.0,1.0,1.0,1.0,1.0,1.0,1.0,0.8193697,0.99999344,1.0,1.0,1.0,1.0,1.0,1.0,1.0,1.0,1.0,1.0,1.0,1.0,0.99999905,1.0,1.0,1.0,1.0,1.0,1.0,1.0,1.0,1.0,1.0,1.0,1.0,1.0,0.99999994,1.0,1.0,1.0,1.0,1.0,1.0,1.0,1.0,1.0,1.0,0.9999999,1.0,1.0,1.0,1.0,1.0,1.0,1.0,1.0,1.0,1.0,1.0,1.0,0.9999993,0.8837497,1.0,1.0,1.0,1.0,0.99999994,1.0,1.0,1.0,1.0,1.0,1.0,1.0,0.99999994,1.0,1.0,1.0,1.0,0.9999999,1.0,1.0,1.0,1.0,0.999981,0.99915224,0.9871171,1.0,1.0,1.0,1.0,1.0,1.0,1.0,1.0,1.0,0.99999964,1.0,1.0,1.0,1.0,1.0,1.0,1.0,1.0,1.0,0.90224195,1.0,1.0,0.99999994,1.0,1.0,1.0,1.0,1.0,1.0,1.0,1.0,1.0,1.0,1.0,1.0,1.0,1.0,1.0,1.0,1.0,1.0,1.0,1.0,1.0,1.0,1.0,1.0,1.0,1.0,1.0,1.0,1.0,1.0,0.9999998,1.0,1.0,1.0,1.0,1.0,1.0,1.0,1.0,1.0,1.0,1.0,1.0,1.0,1.0,1.0,0.9998883,1.0,1.0,1.0,0.63193583,0.999944,1.0,1.0,1.0,1.0,1.0,1.0,1.0,1.0,1.0,1.0,1.0,0.99999994,1.0,1.0,1.0,1.0,1.0,1.0,0.9999996,1.0,1.0,0.98305565,1.0,1.0,1.0,1.0,1.0,1.0,0.9999999,1.0,1.0,1.0,1.0,1.0,1.0,1.0,1.0,1.0,1.0,1.0,1.0,1.0,1.0,1.0,1.0
DDX3X_K562,0.8193081,0.819435,0.8192649,0.8193225,0.8193283,0.8193643,0.8193458,0.8193388,0.8193868,0.8194173,0.8193677,0.8194042,0.81932646,0.81930685,0.819265,0.8192765,0.8168592,0.81937647,0.8193737,0.81931245,0.8193274,0.8193861,0.8193737,0.8193697,1.0,0.82144314,0.8193695,0.8193653,0.8193925,0.81932,0.8193032,0.8193614,0.8193803,0.8193421,0.81940085,0.8194309,0.8193555,0.81934875,0.82016623,0.8193463,0.8193725,0.81938744,0.81936353,0.8192988,0.8193543,0.81933683,0.8193037,0.81932026,0.8194965,0.8193342,0.81933314,0.8193354,0.819225,0.81938577,0.81928533,0.8193503,0.8194252,0.81926686,0.81929773,0.8193473,0.81934476,0.8193562,0.8193767,0.8196339,0.81937,0.81936073,0.8193196,0.81930655,0.81937367,0.8193372,0.81934106,0.81939733,0.8192688,0.8192858,0.81933,0.8193863,0.820054,0.45585257,0.8193428,0.8193697,0.8194146,0.8192957,0.81913704,0.8194352,0.81939894,0.81941473,0.8192478,0.81936586,0.8193229,0.8194631,0.81917155,0.8193494,0.81934774,0.8193725,0.81933224,0.8191269,0.8192941,0.81928277,0.81933755,0.8193605,0.822891,0.79507536,0.90053594,0.81939536,0.81934094,0.81931704,0.8193421,0.81931174,0.81929374,0.81938416,0.8193912,0.81927824,0.81889594,0.8193651,0.81934005,0.81936044,0.8194073,0.8193566,0.8193106,0.81930435,0.81940746,0.819359,0.9864791,0.8193786,0.81942856,0.8191906,0.81937724,0.81933486,0.81930614,0.81933516,0.81934553,0.8193948,0.8193729,0.81935984,0.81945175,0.81930864,0.819279,0.81937134,0.819303,0.8192751,0.8194017,0.8193441,0.8193667,0.81929535,0.81936413,0.81932324,0.8192342,0.81933415,0.8193675,0.81935453,0.8194154,0.8193208,0.81931466,0.81931096,0.81934214,0.81933326,0.8197224,0.81937665,0.8193623,0.81935215,0.8193976,0.8193366,0.81925046,0.8193078,0.8193381,0.8193513,0.81939095,0.81933904,0.8193201,0.81939536,0.8193578,0.8193579,0.827847,0.8193966,0.81934637,0.8194248,0.073496364,0.8253936,0.8192503,0.8193288,0.81932026,0.81926656,0.81939995,0.81946284,0.81935877,0.8193806,0.8193558,0.81937015,0.8193504,0.8195961,0.8193245,0.81938094,0.8193655,0.8193691,0.8193261,0.819361,0.8198936,0.8193747,0.81928974,0.7004022,0.819281,0.8193723,0.8193494,0.8193794,0.8193939,0.81939125,0.8196623,0.8193251,0.81939656,0.81931406,0.8193421,0.81946325,0.8193613,0.8193206,0.8193406,0.8193402,0.819378,0.81935716,0.8192958,0.8193872,0.8193663,0.8192824,0.8192949
DDX42_K562,0.999993,0.99999386,0.9999927,0.99999315,0.99999315,0.9999934,0.99999326,0.9999932,0.9999935,0.99999374,0.9999934,0.9999936,0.99999315,0.999993,0.9999927,0.99999285,0.99996805,0.99999344,0.99999344,0.9999931,0.99999315,0.9999935,0.99999344,0.99999344,0.82144314,1.0,0.99999344,0.9999934,0.99999356,0.9999931,0.999993,0.9999934,0.9999935,0.99999326,0.9999936,0.9999938,0.9999933,0.99999326,0.9999975,0.99999326,0.99999344,0.99999356,0.9999934,0.99999297,0.9999933,0.9999932,0.999993,0.9999931,0.9999942,0.9999932,0.9999932,0.9999932,0.9999925,0.9999935,0.9999929,0.9999933,0.9999938,0.9999928,0.99999297,0.99999326,0.99999326,0.9999933,0.99999344,0.999995,0.99999344,0.9999934,0.9999931,0.999993,0.99999344,0.9999932,0.99999326,0.9999936,0.9999928,0.9999929,0.99999315,0.9999935,0.999997,0.882047,0.99999326,0.99999344,0.9999937,0.99999297,0.9999919,0.99999386,0.9999936,0.9999937,0.9999926,0.9999934,0.99999315,0.999994,0.99999213,0.9999933,0.99999326,0.99999344,0.9999932,0.9999918,0.99999297,0.99999285,0.9999932,0.9999934,0.9999968,0.99899644,0.9876908,0.99999356,0.99999326,0.9999931,0.99999326,0.999993,0.9999929,0.9999935,0.99999356,0.99999285,0.9999901,0.9999934,0.99999326,0.9999934,0.9999937,0.9999933,0.999993,0.999993,0.9999937,0.9999934,0.9037997,0.9999935,0.9999938,0.99999225,0.99999344,0.9999932,0.999993,0.9999932,0.99999326,0.99999356,0.99999344,0.9999934,0.9999939,0.999993,0.99999285,0.99999344,0.999993,0.9999928,0.9999936,0.99999326,0.9999934,0.99999297,0.9999934,0.99999315,0.99999255,0.9999932,0.9999934,0.9999933,0.9999937,0.9999931,0.9999931,0.999993,0.99999326,0.9999932,0.99999547,0.99999344,0.9999934,0.9999933,0.9999936,0.9999932,0.99999267,0.999993,0.9999932,0.9999933,0.99999356,0.9999932,0.9999931,0.99999356,0.9999933,0.9999933,0.9999359,0.9999936,0.99999326,0.99999374,0.62912124,0.99997574,0.99999267,0.99999315,0.9999931,0.9999927,0.9999936,0.999994,0.9999934,0.9999935,0.9999933,0.99999344,0.9999933,0.99999475,0.99999315,0.9999935,0.9999934,0.99999344,0.99999315,0.9999934,0.9999963,0.99999344,0.9999929,0.98238444,0.99999285,0.99999344,0.9999933,0.9999935,0.99999356,0.99999356,0.9999952,0.99999315,0.9999936,0.9999931,0.99999326,0.999994,0.9999934,0.9999931,0.99999326,0.99999326,0.9999935,0.9999933,0.99999297,0.99999356,0.9999934,0.99999285,0.99999297
DDX51_K562,1.0,1.0,1.0,1.0,1.0,1.0,1.0,1.0,1.0,1.0,1.0,1.0,1.0,1.0,1.0,1.0,0.99999046,1.0,1.0,1.0,1.0,1.0,1.0,1.0,0.8193695,0.99999344,1.0,1.0,1.0,1.0,1.0,1.0,1.0,1.0,1.0,1.0,1.0,1.0,0.99999905,1.0,1.0,1.0,1.0,1.0,1.0,1.0,1.0,1.0,1.0,1.0,1.0,1.0,0.99999994,1.0,1.0,1.0,1.0,1.0,1.0,1.0,1.0,1.0,1.0,0.9999999,1.0,1.0,1.0,1.0,1.0,1.0,1.0,1.0,1.0,1.0,1.0,1.0,0.9999993,0.8837499,1.0,1.0,1.0,1.0,0.99999994,1.0,1.0,1.0,1.0,1.0,1.0,1.0,0.99999994,1.0,1.0,1.0,1.0,0.9999999,1.0,1.0,1.0,1.0,0.999981,0.9991523,0.98711705,1.0,1.0,1.0,1.0,1.0,1.0,1.0,1.0,1.0,0.99999964,1.0,1.0,1.0,1.0,1.0,1.0,1.0,1.0,1.0,0.90224177,1.0,1.0,0.99999994,1.0,1.0,1.0,1.0,1.0,1.0,1.0,1.0,1.0,1.0,1.0,1.0,1.0,1.0,1.0,1.0,1.0,1.0,1.0,1.0,1.0,1.0,1.0,1.0,1.0,1.0,1.0,1.0,1.0,1.0,0.9999998,1.0,1.0,1.0,1.0,1.0,1.0,1.0,1.0,1.0,1.0,1.0,1.0,1.0,1.0,1.0,0.9998883,1.0,1.0,1.0,0.63193613,0.9999439,1.0,1.0,1.0,1.0,1.0,1.0,1.0,1.0,1.0,1.0,1.0,0.99999994,1.0,1.0,1.0,1.0,1.0,1.0,0.9999996,1.0,1.0,0.9830557,1.0,1.0,1.0,1.0,1.0,1.0,0.9999999,1.0,1.0,1.0,1.0,1.0,1.0,1.0,1.0,1.0,1.0,1.0,1.0,1.0,1.0,1.0,1.0
DDX52_HepG2,1.0,1.0,1.0,1.0,1.0,1.0,1.0,1.0,1.0,1.0,1.0,1.0,1.0,1.0,1.0,1.0,0.9999905,1.0,1.0,1.0,1.0,1.0,1.0,1.0,0.8193653,0.9999934,1.0,1.0,1.0,1.0,1.0,1.0,1.0,1.0,1.0,1.0,1.0,1.0,0.99999905,1.0,1.0,1.0,1.0,1.0,1.0,1.0,1.0,1.0,1.0,1.0,1.0,1.0,0.99999994,1.0,1.0,1.0,1.0,1.0,1.0,1.0,1.0,1.0,1.0,0.9999999,1.0,1.0,1.0,1.0,1.0,1.0,1.0,1.0,1.0,1.0,1.0,1.0,0.9999993,0.8837533,1.0,1.0,1.0,1.0,0.99999994,1.0,1.0,1.0,1.0,1.0,1.0,1.0,0.99999994,1.0,1.0,1.0,1.0,0.99999994,1.0,1.0,1.0,1.0,0.9999809,0.9991526,0.9871159,1.0,1.0,1.0,1.0,1.0,1.0,1.0,1.0,1.0,0.99999964,1.0,1.0,1.0,1.0,1.0,1.0,1.0,1.0,1.0,0.9022386,1.0,1.0,0.99999994,1.0,1.0,1.0,1.0,1.0,1.0,1.0,1.0,1.0,1.0,1.0,1.0,1.0,1.0,1.0,1.0,1.0,1.0,1.0,1.0,1.0,1.0,1.0,1.0,1.0,1.0,1.0,1.0,1.0,1.0,0.9999998,1.0,1.0,1.0,1.0,1.0,1.0,1.0,1.0,1.0,1.0,1.0,1.0,1.0,1.0,1.0,0.9998882,1.0,1.0,1.0,0.6319418,0.99994385,1.0,1.0,1.0,1.0,1.0,1.0,1.0,1.0,1.0,1.0,1.0,0.99999994,1.0,1.0,1.0,1.0,1.0,1.0,0.9999996,1.0,1.0,0.983057,1.0,1.0,1.0,1.0,1.0,1.0,0.9999999,1.0,1.0,1.0,1.0,1.0,1.0,1.0,1.0,1.0,1.0,1.0,1.0,1.0,1.0,1.0,1.0
DDX52_K562,1.0,1.0,1.0,1.0,1.0,1.0,1.0,1.0,1.0,1.0,1.0,1.0,1.0,1.0,1.0,1.0,0.9999903,1.0,1.0,1.0,1.0,1.0,1.0,1.0,0.8193925,0.99999356,1.0,1.0,1.0,1.0,1.0,1.0,1.0,1.0,1.0,1.0,1.0,1.0,0.9999991,1.0,1.0,1.0,1.0,1.0,1.0,1.0,1.0,1.0,1.0,1.0,1.0,1.0,0.99999994,1.0,1.0,1.0,1.0,1.0,1.0,1.0,1.0,1.0,1.0,0.99999994,1.0,1.0,1.0,1.0,1.0,1.0,1.0,1.0,1.0,1.0,1.0,1.0,0.99999934,0.8837311,1.0,1.0,1.0,1.0,0.9999999,1.0,1.0,1.0,0.99999994,1.0,1.0,1.0,0.99999994,1.0,1.0,1.0,1.0,0.9999999,1.0,1.0,1.0,1.0,0.9999812,0.99915063,0.9871235,1.0,1.0,1.0,1.0,1.0,1.0,1.0,1.0,1.0,0.99999964,1.0,1.0,1.0,1.0,1.0,1.0,1.0,1.0,1.0,0.90225905,1.0,1.0,0.99999994,1.0,1.0,1.0,1.0,1.0,1.0,1.0,1.0,1.0,1.0,1.0,1.0,1.0,1.0,1.0,1.0,1.0,1.0,1.0,1.0,0.99999994,1.0,1.0,1.0,1.0,1.0,1.0,1.0,1.0,1.0,0.9999998,1.0,1.0,1.0,1.0,1.0,0.99999994,1.0,1.0,1.0,1.0,1.0,1.0,1.0,1.0,1.0,0.9998889,1.0,1.0,1.0,0.631905,0.9999444,0.99999994,1.0,1.0,1.0,1.0,1.0,1.0,1.0,1.0,1.0,1.0,0.99999994,1.0,1.0,1.0,1.0,1.0,1.0,0.99999964,1.0,1.0,0.9830484,1.0,1.0,1.0,1.0,1.0,1.0,0.9999999,1.0,1.0,1.0,1.0,1.0,1.0,1.0,1.0,1.0,1.0,1.0,1.0,1.0,1.0,1.0,1.0
DDX55_HepG2,1.0,1.0,1.0,1.0,1.0,1.0,1.0,1.0,1.0,1.0,1.0,1.0,1.0,1.0,1.0,1.0,0.9999908,1.0,1.0,1.0,1.0,1.0,1.0,1.0,0.81932,0.9999931,1.0,1.0,1.0,1.0,1.0,1.0,1.0,1.0,1.0,1.0,1.0,1.0,0.9999989,1.0,1.0,1.0,1.0,1.0,1.0,1.0,1.0,1.0,0.99999994,1.0,1.0,1.0,1.0,1.0,1.0,1.0,1.0,1.0,1.0,1.0,1.0,1.0,1.0,0.9999998,1.0,1.0,1.0,1.0,1.0,1.0,1.0,1.0,1.0,1.0,1.0,1.0,0.99999917,0.8837903,1.0,1.0,1.0,1.0,0.99999994,1.0,1.0,1.0,1.0,1.0,1.0,0.99999994,0.99999994,1.0,1.0,1.0,1.0,0.99999994,1.0,1.0,1.0,1.0,0.99998045,0.9991558,0.9871032,1.0,1.0,1.0,1.0,1.0,1.0,1.0,1.0,1.0,0.9999997,1.0,1.0,1.0,1.0,1.0,1.0,1.0,1.0,1.0,0.9022045,1.0,1.0,1.0,1.0,1.0,1.0,1.0,1.0,1.0,1.0,1.0,1.0,1.0,1.0,1.0,1.0,1.0,1.0,1.0,1.0,1.0,1.0,1.0,1.0,1.0,1.0,1.0,1.0,1.0,1.0,1.0,1.0,1.0,0.99999976,1.0,1.0,1.0,1.0,1.0,1.0,1.0,1.0,1.0,1.0,1.0,1.0,1.0,1.0,1.0,0.999887,1.0,1.0,1.0,0.632003,0.999943,1.0,1.0,1.0,1.0,1.0,0.99999994,1.0,1.0,1.0,1.0,1.0,0.9999999,1.0,1.0,1.0,1.0,1.0,1.0,0.9999995,1.0,1.0,0.9830715,1.0,1.0,1.0,1.0,1.0,1.0,0.9999998,1.0,1.0,1.0,1.0,0.99999994,1.0,1.0,1.0,1.0,1.0,1.0,1.0,1.0,1.0,1.0,1.0
DDX55_K562,1.0,1.0,1.0,1.0,1.0,1.0,1.0,1.0,1.0,1.0,1.0,1.0,1.0,1.0,1.0,1.0,0.999991,1.0,1.0,1.0,1.0,1.0,1.0,1.0,0.8193032,0.999993,1.0,1.0,1.0,1.0,1.0,1.0,1.0,1.0,1.0,1.0,1.0,1.0,0.99999887,1.0,1.0,1.0,1.0,1.0,1.0,1.0,1.0,1.0,0.99999994,1.0,1.0,1.0,1.0,1.0,1.0,1.0,1.0,1.0,1.0,1.0,1.0,1.0,1.0,0.9999998,1.0,1.0,1.0,1.0,1.0,1.0,1.0,1.0,1.0,1.0,1.0,1.0,0.99999917,0.883804,1.0,1.0,1.0,1.0,0.99999994,1.0,1.0,1.0,1.0,1.0,1.0,0.99999994,1.0,1.0,1.0,1.0,1.0,0.99999994,1.0,1.0,1.0,1.0,0.9999803,0.999157,0.9870986,1.0,1.0,1.0,1.0,1.0,1.0,1.0,1.0,1.0,0.99999976,1.0,1.0,1.0,1.0,1.0,1.0,1.0,1.0,1.0,0.9021919,1.0,1.0,1.0,1.0,1.0,1.0,1.0,1.0,1.0,1.0,1.0,0.99999994,1.0,1.0,1.0,1.0,1.0,1.0,1.0,1.0,1.0,1.0,1.0,1.0,1.0,1.0,1.0,1.0,1.0,1.0,1.0,1.0,1.0,0.99999976,1.0,1.0,1.0,1.0,1.0,1.0,1.0,1.0,1.0,1.0,1.0,1.0,1.0,1.0,1.0,0.9998865,1.0,1.0,1.0,0.6320257,0.9999427,1.0,1.0,1.0,1.0,1.0,0.99999994,1.0,1.0,1.0,1.0,1.0,0.9999999,1.0,1.0,1.0,1.0,1.0,1.0,0.99999946,1.0,1.0,0.9830769,1.0,1.0,1.0,1.0,1.0,1.0,0.9999998,1.0,1.0,1.0,1.0,0.99999994,1.0,1.0,1.0,1.0,1.0,1.0,1.0,1.0,1.0,1.0,1.0
DDX59_HepG2,1.0,1.0,1.0,1.0,1.0,1.0,1.0,1.0,1.0,1.0,1.0,1.0,1.0,1.0,1.0,1.0,0.9999905,1.0,1.0,1.0,1.0,1.0,1.0,1.0,0.8193614,0.9999934,1.0,1.0,1.0,1.0,1.0,1.0,1.0,1.0,1.0,1.0,1.0,1.0,0.999999,1.0,1.0,1.0,1.0,1.0,1.0,1.0,1.0,1.0,1.0,1.0,1.0,1.0,1.0,1.0,1.0,1.0,1.0,1.0,1.0,1.0,1.0,1.0,1.0,0.9999999,1.0,1.0,1.0,1.0,1.0,1.0,1.0,1.0,1.0,1.0,1.0,1.0,0.9999993,0.8837565,1.0,1.0,1.0,1.0,0.99999994,1.0,1.0,1.0,1.0,1.0,1.0,1.0,0.99999994,1.0,1.0,1.0,1.0,0.99999994,1.0,1.0,1.0,1.0,0.99998087,0.99915284,0.98711485,1.0,1.0,1.0,1.0,1.0,1.0,1.0,1.0,1.0,0.99999964,1.0,1.0,1.0,1.0,1.0,1.0,1.0,1.0,1.0,0.9022357,1.0,1.0,0.99999994,1.0,1.0,1.0,1.0,1.0,1.0,1.0,1.0,1.0,1.0,1.0,1.0,1.0,1.0,1.0,1.0,1.0,1.0,1.0,1.0,1.0,1.0,1.0,1.0,1.0,1.0,1.0,1.0,1.0,1.0,0.9999998,1.0,1.0,1.0,1.0,1.0,1.0,1.0,1.0,1.0,1.0,1.0,1.0,1.0,1.0,1.0,0.99988806,1.0,1.0,1.0,0.63194704,0.9999438,1.0,1.0,1.0,1.0,1.0,1.0,1.0,1.0,1.0,1.0,1.0,0.99999994,1.0,1.0,1.0,1.0,1.0,1.0,0.9999996,1.0,1.0,0.9830583,1.0,1.0,1.0,1.0,1.0,1.0,0.9999999,1.0,1.0,1.0,1.0,1.0,1.0,1.0,1.0,1.0,1.0,1.0,1.0,1.0,1.0,1.0,1.0
DDX6_HepG2,1.0,1.0,1.0,1.0,1.0,1.0,1.0,1.0,1.0,1.0,1.0,1.0,1.0,1.0,1.0,1.0,0.9999904,1.0,1.0,1.0,1.0,1.0,1.0,1.0,0.8193803,0.9999935,1.0,1.0,1.0,1.0,1.0,1.0,1.0,1.0,1.0,1.0,1.0,1.0,0.99999905,1.0,1.0,1.0,1.0,1.0,1.0,1.0,1.0,1.0,1.0,1.0,1.0,1.0,0.99999994,1.0,1.0,1.0,1.0,1.0,1.0,1.0,1.0,1.0,1.0,0.9999999,1.0,1.0,1.0,1.0,1.0,1.0,1.0,1.0,1.0,1.0,1.0,1.0,0.9999993,0.8837411,1.0,1.0,1.0,1.0,0.9999999,1.0,1.0,1.0,1.0,1.0,1.0,1.0,0.99999994,1.0,1.0,1.0,1.0,0.9999999,1.0,1.0,1.0,1.0,0.9999811,0.9991515,0.9871201,1.0,1.0,1.0,1.0,1.0,1.0,1.0,1.0,1.0,0.99999964,1.0,1.0,1.0,1.0,1.0,1.0,1.0,1.0,1.0,0.90224993,1.0,1.0,0.99999994,1.0,1.0,1.0,1.0,1.0,1.0,1.0,1.0,1.0,1.0,1.0,1.0,1.0,1.0,1.0,1.0,1.0,1.0,1.0,1.0,0.99999994,1.0,1.0,1.0,1.0,1.0,1.0,1.0,1.0,1.0,0.9999998,1.0,1.0,1.0,1.0,1.0,1.0,1.0,1.0,1.0,1.0,1.0,1.0,1.0,1.0,1.0,0.99988854,1.0,1.0,1.0,0.63192147,0.99994415,1.0,1.0,1.0,1.0,1.0,1.0,1.0,1.0,1.0,1.0,1.0,0.99999994,1.0,1.0,1.0,1.0,1.0,1.0,0.9999996,1.0,1.0,0.98305225,1.0,1.0,1.0,1.0,1.0,1.0,0.9999999,1.0,1.0,1.0,1.0,1.0,1.0,1.0,1.0,1.0,1.0,1.0,1.0,1.0,1.0,1.0,1.0
DDX6_K562,1.0,1.0,1.0,1.0,1.0,1.0,1.0,1.0,1.0,1.0,1.0,1.0,1.0,1.0,1.0,1.0,0.9999907,1.0,1.0,1.0,1.0,1.0,1.0,1.0,0.8193421,0.99999326,1.0,1.0,1.0,1.0,1.0,1.0,1.0,1.0,1.0,1.0,1.0,1.0,0.999999,1.0,1.0,1.0,1.0,1.0,1.0,1.0,1.0,1.0,0.99999994,1.0,1.0,1.0,1.0,1.0,1.0,1.0,1.0,1.0,1.0,1.0,1.0,1.0,1.0,0.9999999,1.0,1.0,1.0,1.0,1.0,1.0,1.0,1.0,1.0,1.0,1.0,1.0,0.9999992,0.88377225,1.0,1.0,1.0,1.0,0.99999994,1.0,1.0,1.0,1.0,1.0,1.0,1.0,0.99999994,1.0,1.0,1.0,1.0,0.99999994,1.0,1.0,1.0,1.0,0.9999807,0.99915427,0.9871094,1.0,1.0,1.0,1.0,1.0,1.0,1.0,1.0,1.0,0.9999997,1.0,1.0,1.0,1.0,1.0,1.0,1.0,1.0,1.0,0.90222114,1.0,1.0,0.99999994,1.0,1.0,1.0,1.0,1.0,1.0,1.0,1.0,1.0,1.0,1.0,1.0,1.0,1.0,1.0,1.0,1.0,1.0,1.0,1.0,1.0,1.0,1.0,1.0,1.0,1.0,1.0,1.0,1.0,1.0,0.99999976,1.0,1.0,1.0,1.0,1.0,1.0,1.0,1.0,1.0,1.0,1.0,1.0,1.0,1.0,1.0,0.9998876,1.0,1.0,1.0,0.63197315,0.99994344,1.0,1.0,1.0,1.0,1.0,1.0,1.0,1.0,1.0,1.0,1.0,0.9999999,1.0,1.0,1.0,1.0,1.0,1.0,0.9999995,1.0,1.0,0.9830645,1.0,1.0,1.0,1.0,1.0,1.0,0.9999998,1.0,1.0,1.0,1.0,1.0,1.0,1.0,1.0,1.0,1.0,1.0,1.0,1.0,1.0,1.0,1.0
DGCR8_HepG2,1.0,1.0,1.0,1.0,1.0,1.0,1.0,1.0,1.0,1.0,1.0,1.0,1.0,1.0,1.0,1.0,0.9999902,1.0,1.0,1.0,1.0,1.0,1.0,1.0,0.81940085,0.9999936,1.0,1.0,1.0,1.0,1.0,1.0,1.0,1.0,1.0,1.0,1.0,1.0,0.9999991,1.0,1.0,1.0,1.0,1.0,1.0,1.0,1.0,1.0,1.0,1.0,1.0,1.0,0.99999994,1.0,1.0,1.0,1.0,1.0,1.0,1.0,1.0,1.0,1.0,0.99999994,1.0,1.0,1.0,1.0,1.0,1.0,1.0,1.0,1.0,1.0,1.0,1.0,0.99999934,0.8837243,1.0,1.0,1.0,1.0,0.9999999,1.0,1.0,1.0,0.99999994,1.0,1.0,1.0,0.99999994,1.0,1.0,1.0,1.0,0.9999999,1.0,1.0,1.0,1.0,0.9999813,0.99915004,0.9871258,1.0,1.0,1.0,1.0,1.0,1.0,1.0,1.0,1.0,0.9999996,1.0,1.0,1.0,1.0,1.0,1.0,1.0,1.0,1.0,0.90226537,1.0,1.0,0.99999994,1.0,1.0,1.0,1.0,1.0,1.0,1.0,1.0,1.0,1.0,1.0,1.0,1.0,1.0,1.0,1.0,1.0,1.0,1.0,1.0,0.99999994,1.0,1.0,1.0,1.0,1.0,1.0,1.0,1.0,1.0,0.9999998,1.0,1.0,1.0,1.0,1.0,0.99999994,1.0,1.0,1.0,1.0,1.0,1.0,1.0,1.0,1.0,0.9998891,1.0,1.0,1.0,0.6318937,0.9999445,0.99999994,1.0,1.0,1.0,1.0,1.0,1.0,1.0,1.0,1.0,1.0,0.99999994,1.0,1.0,1.0,1.0,1.0,1.0,0.99999964,1.0,1.0,0.9830457,1.0,1.0,1.0,1.0,1.0,1.0,0.9999999,1.0,1.0,1.0,1.0,1.0,1.0,1.0,1.0,1.0,1.0,1.0,1.0,1.0,1.0,1.0,1.0
DGCR8_K562,1.0,1.0,0.99999994,1.0,1.0,1.0,1.0,1.0,1.0,1.0,1.0,1.0,1.0,1.0,0.99999994,0.99999994,0.99999,1.0,1.0,1.0,1.0,1.0,1.0,1.0,0.8194309,0.9999938,1.0,1.0,1.0,1.0,1.0,1.0,1.0,1.0,1.0,1.0,1.0,1.0,0.99999917,1.0,1.0,1.0,1.0,1.0,1.0,1.0,1.0,1.0,1.0,1.0,1.0,1.0,0.99999994,1.0,0.99999994,1.0,1.0,0.99999994,1.0,1.0,1.0,1.0,1.0,0.99999994,1.0,1.0,1.0,1.0,1.0,1.0,1.0,1.0,0.99999994,0.99999994,1.0,1.0,0.9999994,0.8836998,1.0,1.0,1.0,1.0,0.9999999,1.0,1.0,1.0,0.99999994,1.0,1.0,1.0,0.9999999,1.0,1.0,1.0,1.0,0.9999999,1.0,0.99999994,1.0,1.0,0.99998164,0.9991479,0.9871342,1.0,1.0,1.0,1.0,1.0,1.0,1.0,1.0,0.99999994,0.9999996,1.0,1.0,1.0,1.0,1.0,1.0,1.0,1.0,1.0,0.9022879,1.0,1.0,0.99999994,1.0,1.0,1.0,1.0,1.0,1.0,1.0,1.0,1.0,1.0,0.99999994,1.0,1.0,0.99999994,1.0,1.0,1.0,1.0,1.0,1.0,0.99999994,1.0,1.0,1.0,1.0,1.0,1.0,1.0,1.0,1.0,0.9999999,1.0,1.0,1.0,1.0,1.0,0.99999994,1.0,1.0,1.0,1.0,1.0,1.0,1.0,1.0,1.0,0.99988985,1.0,1.0,1.0,0.6318531,0.99994504,0.99999994,1.0,1.0,0.99999994,1.0,1.0,1.0,1.0,1.0,1.0,1.0,0.99999994,1.0,1.0,1.0,1.0,1.0,1.0,0.9999997,1.0,0.99999994,0.9830361,0.99999994,1.0,1.0,1.0,1.0,1.0,0.99999994,1.0,1.0,1.0,1.0,1.0,1.0,1.0,1.0,1.0,1.0,1.0,1.0,1.0,1.0,0.99999994,1.0
DHX30_HepG2,1.0,1.0,1.0,1.0,1.0,1.0,1.0,1.0,1.0,1.0,1.0,1.0,1.0,1.0,1.0,1.0,0.9999906,1.0,1.0,1.0,1.0,1.0,1.0,1.0,0.8193555,0.9999933,1.0,1.0,1.0,1.0,1.0,1.0,1.0,1.0,1.0,1.0,1.0,1.0,0.999999,1.0,1.0,1.0,1.0,1.0,1.0,1.0,1.0,1.0,0.99999994,1.0,1.0,1.0,1.0,1.0,1.0,1.0,1.0,1.0,1.0,1.0,1.0,1.0,1.0,0.9999999,1.0,1.0,1.0,1.0,1.0,1.0,1.0,1.0,1.0,1.0,1.0,1.0,0.9999993,0.88376135,1.0,1.0,1.0,1.0,0.99999994,1.0,1.0,1.0,1.0,1.0,1.0,1.0,0.99999994,1.0,1.0,1.0,1.0,0.99999994,1.0,1.0,1.0,1.0,0.9999808,0.9991533,0.9871132,1.0,1.0,1.0,1.0,1.0,1.0,1.0,1.0,1.0,0.9999997,1.0,1.0,1.0,1.0,1.0,1.0,1.0,1.0,1.0,0.9022312,1.0,1.0,0.99999994,1.0,1.0,1.0,1.0,1.0,1.0,1.0,1.0,1.0,1.0,1.0,1.0,1.0,1.0,1.0,1.0,1.0,1.0,1.0,1.0,1.0,1.0,1.0,1.0,1.0,1.0,1.0,1.0,1.0,1.0,0.9999998,1.0,1.0,1.0,1.0,1.0,1.0,1.0,1.0,1.0,1.0,1.0,1.0,1.0,1.0,1.0,0.9998879,1.0,1.0,1.0,0.631955,0.9999437,1.0,1.0,1.0,1.0,1.0,1.0,1.0,1.0,1.0,1.0,1.0,0.99999994,1.0,1.0,1.0,1.0,1.0,1.0,0.9999996,1.0,1.0,0.9830602,1.0,1.0,1.0,1.0,1.0,1.0,0.9999999,1.0,1.0,1.0,1.0,1.0,1.0,1.0,1.0,1.0,1.0,1.0,1.0,1.0,1.0,1.0,1.0
DHX30_K562,1.0,1.0,1.0,1.0,1.0,1.0,1.0,1.0,1.0,1.0,1.0,1.0,1.0,1.0,1.0,1.0,0.99999064,1.0,1.0,1.0,1.0,1.0,1.0,1.0,0.81934875,0.99999326,1.0,1.0,1.0,1.0,1.0,1.0,1.0,1.0,1.0,1.0,1.0,1.0,0.999999,1.0,1.0,1.0,1.0,1.0,1.0,1.0,1.0,1.0,0.99999994,1.0,1.0,1.0,1.0,1.0,1.0,1.0,1.0,1.0,1.0,1.0,1.0,1.0,1.0,0.9999999,1.0,1.0,1.0,1.0,1.0,1.0,1.0,1.0,1.0,1.0,1.0,1.0,0.9999992,0.88376683,1.0,1.0,1.0,1.0,0.99999994,1.0,1.0,1.0,1.0,1.0,1.0,1.0,0.99999994,1.0,1.0,1.0,1.0,0.99999994,1.0,1.0,1.0,1.0,0.99998075,0.9991538,0.9871113,1.0,1.0,1.0,1.0,1.0,1.0,1.0,1.0,1.0,0.9999997,1.0,1.0,1.0,1.0,1.0,1.0,1.0,1.0,1.0,0.90222615,1.0,1.0,0.99999994,1.0,1.0,1.0,1.0,1.0,1.0,1.0,1.0,1.0,1.0,1.0,1.0,1.0,1.0,1.0,1.0,1.0,1.0,1.0,1.0,1.0,1.0,1.0,1.0,1.0,1.0,1.0,1.0,1.0,1.0,0.99999976,1.0,1.0,1.0,1.0,1.0,1.0,1.0,1.0,1.0,1.0,1.0,1.0,1.0,1.0,1.0,0.9998877,1.0,1.0,1.0,0.63196415,0.99994355,1.0,1.0,1.0,1.0,1.0,1.0,1.0,1.0,1.0,1.0,1.0,0.9999999,1.0,1.0,1.0,1.0,1.0,1.0,0.9999995,1.0,1.0,0.9830623,1.0,1.0,1.0,1.0,1.0,1.0,0.9999998,1.0,1.0,1.0,1.0,1.0,1.0,1.0,1.0,1.0,1.0,1.0,1.0,1.0,1.0,1.0,1.0
DKC1_HepG2,0.99999887,0.99999917,0.99999875,0.9999989,0.9999989,0.99999905,0.999999,0.9999989,0.99999905,0.99999917,0.99999905,0.9999991,0.9999989,0.99999887,0.99999875,0.9999988,0.99998343,0.99999905,0.99999905,0.99999887,0.9999989,0.99999905,0.99999905,0.99999905,0.82016623,0.9999975,0.99999905,0.99999905,0.9999991,0.9999989,0.99999887,0.999999,0.99999905,0.999999,0.9999991,0.99999917,0.999999,0.999999,1.0,0.999999,0.99999905,0.99999905,0.99999905,0.99999887,0.999999,0.9999989,0.99999887,0.9999989,0.99999934,0.9999989,0.9999989,0.9999989,0.9999986,0.99999905,0.9999988,0.999999,0.99999917,0.99999875,0.99999887,0.999999,0.999999,0.999999,0.99999905,0.9999996,0.99999905,0.999999,0.9999989,0.99999887,0.99999905,0.9999989,0.999999,0.9999991,0.99999875,0.9999988,0.9999989,0.99999905,1.0,0.883098,0.999999,0.99999905,0.99999917,0.99999887,0.9999984,0.99999917,0.9999991,0.99999917,0.9999987,0.99999905,0.9999989,0.9999992,0.9999985,0.999999,0.999999,0.99999905,0.9999989,0.99999833,0.99999887,0.9999988,0.9999989,0.999999,0.99998856,0.99909407,0.9873387,0.9999991,0.999999,0.9999989,0.999999,0.99999887,0.99999887,0.99999905,0.9999991,0.9999988,0.99999756,0.99999905,0.999999,0.999999,0.9999991,0.999999,0.99999887,0.99999887,0.9999991,0.999999,0.90284085,0.99999905,0.99999917,0.99999857,0.99999905,0.9999989,0.99999887,0.9999989,0.999999,0.9999991,0.99999905,0.999999,0.9999992,0.99999887,0.9999988,0.99999905,0.99999887,0.9999988,0.9999991,0.999999,0.99999905,0.99999887,0.99999905,0.9999989,0.9999987,0.9999989,0.99999905,0.999999,0.99999917,0.9999989,0.99999887,0.99999887,0.999999,0.9999989,0.9999997,0.99999905,0.999999,0.999999,0.9999991,0.9999989,0.99999875,0.99999887,0.9999989,0.999999,0.9999991,0.9999989,0.9999989,0.9999991,0.999999,0.999999,0.9999081,0.9999991,0.999999,0.99999917,0.6308572,0.9999577,0.99999875,0.9999989,0.9999989,0.99999875,0.9999991,0.9999992,0.999999,0.99999905,0.999999,0.99999905,0.999999,0.9999995,0.9999989,0.99999905,0.99999905,0.99999905,0.9999989,0.999999,0.9999999,0.99999905,0.9999988,0.9827997,0.9999988,0.99999905,0.999999,0.99999905,0.9999991,0.9999991,0.9999996,0.9999989,0.9999991,0.99999887,0.999999,0.9999992,0.999999,0.9999989,0.999999,0.999999,0.99999905,0.999999,0.99999887,0.99999905,0.99999905,0.9999988,0.99999887
DROSHA_HepG2,1.0,1.0,1.0,1.0,1.0,1.0,1.0,1.0,1.0,1.0,1.0,1.0,1.0,1.0,1.0,1.0,0.99999064,1.0,1.0,1.0,1.0,1.0,1.0,1.0,0.8193463,0.99999326,1.0,1.0,1.0,1.0,1.0,1.0,1.0,1.0,1.0,1.0,1.0,1.0,0.999999,1.0,1.0,1.0,1.0,1.0,1.0,1.0,1.0,1.0,0.99999994,1.0,1.0,1.0,1.0,1.0,1.0,1.0,1.0,1.0,1.0,1.0,1.0,1.0,1.0,0.9999999,1.0,1.0,1.0,1.0,1.0,1.0,1.0,1.0,1.0,1.0,1.0,1.0,0.9999992,0.8837688,1.0,1.0,1.0,1.0,0.99999994,1.0,1.0,1.0,1.0,1.0,1.0,1.0,0.99999994,1.0,1.0,1.0,1.0,0.99999994,1.0,1.0,1.0,1.0,0.9999807,0.999154,0.9871106,1.0,1.0,1.0,1.0,1.0,1.0,1.0,1.0,1.0,0.9999997,1.0,1.0,1.0,1.0,1.0,1.0,1.0,1.0,1.0,0.90222436,1.0,1.0,0.99999994,1.0,1.0,1.0,1.0,1.0,1.0,1.0,1.0,1.0,1.0,1.0,1.0,1.0,1.0,1.0,1.0,1.0,1.0,1.0,1.0,1.0,1.0,1.0,1.0,1.0,1.0,1.0,1.0,1.0,1.0,0.99999976,1.0,1.0,1.0,1.0,1.0,1.0,1.0,1.0,1.0,1.0,1.0,1.0,1.0,1.0,1.0,0.99988765,1.0,1.0,1.0,0.6319674,0.9999435,1.0,1.0,1.0,1.0,1.0,1.0,1.0,1.0,1.0,1.0,1.0,0.9999999,1.0,1.0,1.0,1.0,1.0,1.0,0.9999995,1.0,1.0,0.9830631,1.0,1.0,1.0,1.0,1.0,1.0,0.9999998,1.0,1.0,1.0,1.0,1.0,1.0,1.0,1.0,1.0,1.0,1.0,1.0,1.0,1.0,1.0,1.0
DROSHA_K562,1.0,1.0,1.0,1.0,1.0,1.0,1.0,1.0,1.0,1.0,1.0,1.0,1.0,1.0,1.0,1.0,0.99999046,1.0,1.0,1.0,1.0,1.0,1.0,1.0,0.8193725,0.99999344,1.0,1.0,1.0,1.0,1.0,1.0,1.0,1.0,1.0,1.0,1.0,1.0,0.99999905,1.0,1.0,1.0,1.0,1.0,1.0,1.0,1.0,1.0,1.0,1.0,1.0,1.0,0.99999994,1.0,1.0,1.0,1.0,1.0,1.0,1.0,1.0,1.0,1.0,0.9999999,1.0,1.0,1.0,1.0,1.0,1.0,1.0,1.0,1.0,1.0,1.0,1.0,0.9999993,0.88374746,1.0,1.0,1.0,1.0,0.99999994,1.0,1.0,1.0,1.0,1.0,1.0,1.0,0.99999994,1.0,1.0,1.0,1.0,0.9999999,1.0,1.0,1.0,1.0,0.999981,0.99915206,0.9871179,1.0,1.0,1.0,1.0,1.0,1.0,1.0,1.0,1.0,0.99999964,1.0,1.0,1.0,1.0,1.0,1.0,1.0,1.0,1.0,0.90224403,1.0,1.0,0.99999994,1.0,1.0,1.0,1.0,1.0,1.0,1.0,1.0,1.0,1.0,1.0,1.0,1.0,1.0,1.0,1.0,1.0,1.0,1.0,1.0,1.0,1.0,1.0,1.0,1.0,1.0,1.0,1.0,1.0,1.0,0.9999998,1.0,1.0,1.0,1.0,1.0,1.0,1.0,1.0,1.0,1.0,1.0,1.0,1.0,1.0,1.0,0.99988836,1.0,1.0,1.0,0.6319321,0.999944,1.0,1.0,1.0,1.0,1.0,1.0,1.0,1.0,1.0,1.0,1.0,0.99999994,1.0,1.0,1.0,1.0,1.0,1.0,0.9999996,1.0,1.0,0.98305476,1.0,1.0,1.0,1.0,1.0,1.0,0.9999999,1.0,1.0,1.0,1.0,1.0,1.0,1.0,1.0,1.0,1.0,1.0,1.0,1.0,1.0,1.0,1.0
EFTUD2_HepG2,1.0,1.0,1.0,1.0,1.0,1.0,1.0,1.0,1.0,1.0,1.0,1.0,1.0,1.0,1.0,1.0,0.99999034,1.0,1.0,1.0,1.0,1.0,1.0,1.0,0.81938744,0.99999356,1.0,1.0,1.0,1.0,1.0,1.0,1.0,1.0,1.0,1.0,1.0,1.0,0.99999905,1.0,1.0,1.0,1.0,1.0,1.0,1.0,1.0,1.0,1.0,1.0,1.0,1.0,0.99999994,1.0,1.0,1.0,1.0,1.0,1.0,1.0,1.0,1.0,1.0,0.9999999,1.0,1.0,1.0,1.0,1.0,1.0,1.0,1.0,1.0,1.0,1.0,1.0,0.99999934,0.88373524,1.0,1.0,1.0,1.0,0.9999999,1.0,1.0,1.0,1.0,1.0,1.0,1.0,0.99999994,1.0,1.0,1.0,1.0,0.9999999,1.0,1.0,1.0,1.0,0.99998116,0.999151,0.98712206,1.0,1.0,1.0,1.0,1.0,1.0,1.0,1.0,1.0,0.99999964,1.0,1.0,1.0,1.0,1.0,1.0,1.0,1.0,1.0,0.90225524,1.0,1.0,0.99999994,1.0,1.0,1.0,1.0,1.0,1.0,1.0,1.0,1.0,1.0,1.0,1.0,1.0,1.0,1.0,1.0,1.0,1.0,1.0,1.0,0.99999994,1.0,1.0,1.0,1.0,1.0,1.0,1.0,1.0,1.0,0.9999998,1.0,1.0,1.0,1.0,1.0,1.0,1.0,1.0,1.0,1.0,1.0,1.0,1.0,1.0,1.0,0.9998887,1.0,1.0,1.0,0.6319118,0.99994427,1.0,1.0,1.0,1.0,1.0,1.0,1.0,1.0,1.0,1.0,1.0,0.99999994,1.0,1.0,1.0,1.0,1.0,1.0,0.9999996,1.0,1.0,0.98305,1.0,1.0,1.0,1.0,1.0,1.0,0.9999999,1.0,1.0,1.0,1.0,1.0,1.0,1.0,1.0,1.0,1.0,1.0,1.0,1.0,1.0,1.0,1.0
EFTUD2_K562,1.0,1.0,1.0,1.0,1.0,1.0,1.0,1.0,1.0,1.0,1.0,1.0,1.0,1.0,1.0,1.0,0.9999905,1.0,1.0,1.0,1.0,1.0,1.0,1.0,0.81936353,0.9999934,1.0,1.0,1.0,1.0,1.0,1.0,1.0,1.0,1.0,1.0,1.0,1.0,0.99999905,1.0,1.0,1.0,1.0,1.0,1.0,1.0,1.0,1.0,1.0,1.0,1.0,1.0,1.0,1.0,1.0,1.0,1.0,1.0,1.0,1.0,1.0,1.0,1.0,0.9999999,1.0,1.0,1.0,1.0,1.0,1.0,1.0,1.0,1.0,1.0,1.0,1.0,0.9999993,0.88375473,1.0,1.0,1.0,1.0,0.99999994,1.0,1.0,1.0,1.0,1.0,1.0,1.0,0.99999994,1.0,1.0,1.0,1.0,0.99999994,1.0,1.0,1.0,1.0,0.9999809,0.9991527,0.98711544,1.0,1.0,1.0,1.0,1.0,1.0,1.0,1.0,1.0,0.99999964,1.0,1.0,1.0,1.0,1.0,1.0,1.0,1.0,1.0,0.9022373,1.0,1.0,0.99999994,1.0,1.0,1.0,1.0,1.0,1.0,1.0,1.0,1.0,1.0,1.0,1.0,1.0,1.0,1.0,1.0,1.0,1.0,1.0,1.0,1.0,1.0,1.0,1.0,1.0,1.0,1.0,1.0,1.0,1.0,0.9999998,1.0,1.0,1.0,1.0,1.0,1.0,1.0,1.0,1.0,1.0,1.0,1.0,1.0,1.0,1.0,0.9998881,1.0,1.0,1.0,0.6319441,0.99994385,1.0,1.0,1.0,1.0,1.0,1.0,1.0,1.0,1.0,1.0,1.0,0.99999994,1.0,1.0,1.0,1.0,1.0,1.0,0.9999996,1.0,1.0,0.9830576,1.0,1.0,1.0,1.0,1.0,1.0,0.9999999,1.0,1.0,1.0,1.0,1.0,1.0,1.0,1.0,1.0,1.0,1.0,1.0,1.0,1.0,1.0,1.0
EIF3D_HepG2,1.0,1.0,1.0,1.0,1.0,1.0,1.0,1.0,1.0,1.0,1.0,1.0,1.0,1.0,1.0,1.0,0.999991,1.0,1.0,1.0,1.0,1.0,1.0,1.0,0.8192988,0.99999297,1.0,1.0,1.0,1.0,1.0,1.0,1.0,1.0,1.0,1.0,1.0,1.0,0.99999887,1.0,1.0,1.0,1.0,1.0,1.0,1.0,1.0,1.0,0.99999994,1.0,1.0,1.0,1.0,1.0,1.0,1.0,1.0,1.0,1.0,1.0,1.0,1.0,1.0,0.9999998,1.0,1.0,1.0,1.0,1.0,1.0,1.0,1.0,1.0,1.0,1.0,1.0,0.9999991,0.88380754,1.0,1.0,1.0,1.0,0.99999994,1.0,1.0,1.0,1.0,1.0,1.0,0.99999994,1.0,1.0,1.0,1.0,1.0,0.99999994,1.0,1.0,1.0,1.0,0.9999802,0.99915737,0.9870973,1.0,1.0,1.0,1.0,1.0,1.0,1.0,1.0,1.0,0.99999976,1.0,1.0,1.0,1.0,1.0,1.0,1.0,1.0,1.0,0.9021886,1.0,1.0,1.0,1.0,1.0,1.0,1.0,1.0,1.0,1.0,1.0,0.99999994,1.0,1.0,1.0,1.0,1.0,1.0,1.0,1.0,1.0,1.0,1.0,1.0,1.0,1.0,1.0,1.0,1.0,1.0,1.0,1.0,1.0,0.9999997,1.0,1.0,1.0,1.0,1.0,1.0,1.0,1.0,1.0,1.0,1.0,1.0,1.0,1.0,1.0,0.99988645,1.0,1.0,1.0,0.6320316,0.9999426,1.0,1.0,1.0,1.0,1.0,0.99999994,1.0,1.0,1.0,1.0,1.0,0.9999999,1.0,1.0,1.0,1.0,1.0,1.0,0.99999946,1.0,1.0,0.9830783,1.0,1.0,1.0,1.0,1.0,1.0,0.9999998,1.0,1.0,1.0,1.0,0.99999994,1.0,1.0,1.0,1.0,1.0,1.0,1.0,1.0,1.0,1.0,1.0
EIF3G_K562,1.0,1.0,1.0,1.0,1.0,1.0,1.0,1.0,1.0,1.0,1.0,1.0,1.0,1.0,1.0,1.0,0.9999906,1.0,1.0,1.0,1.0,1.0,1.0,1.0,0.8193543,0.9999933,1.0,1.0,1.0,1.0,1.0,1.0,1.0,1.0,1.0,1.0,1.0,1.0,0.999999,1.0,1.0,1.0,1.0,1.0,1.0,1.0,1.0,1.0,0.99999994,1.0,1.0,1.0,1.0,1.0,1.0,1.0,1.0,1.0,1.0,1.0,1.0,1.0,1.0,0.9999999,1.0,1.0,1.0,1.0,1.0,1.0,1.0,1.0,1.0,1.0,1.0,1.0,0.9999992,0.8837623,1.0,1.0,1.0,1.0,0.99999994,1.0,1.0,1.0,1.0,1.0,1.0,1.0,0.99999994,1.0,1.0,1.0,1.0,0.99999994,1.0,1.0,1.0,1.0,0.9999808,0.9991534,0.9871128,1.0,1.0,1.0,1.0,1.0,1.0,1.0,1.0,1.0,0.9999997,1.0,1.0,1.0,1.0,1.0,1.0,1.0,1.0,1.0,0.9022303,1.0,1.0,0.99999994,1.0,1.0,1.0,1.0,1.0,1.0,1.0,1.0,1.0,1.0,1.0,1.0,1.0,1.0,1.0,1.0,1.0,1.0,1.0,1.0,1.0,1.0,1.0,1.0,1.0,1.0,1.0,1.0,1.0,1.0,0.9999998,1.0,1.0,1.0,1.0,1.0,1.0,1.0,1.0,1.0,1.0,1.0,1.0,1.0,1.0,1.0,0.9998879,1.0,1.0,1.0,0.63195664,0.9999437,1.0,1.0,1.0,1.0,1.0,1.0,1.0,1.0,1.0,1.0,1.0,0.99999994,1.0,1.0,1.0,1.0,1.0,1.0,0.9999996,1.0,1.0,0.98306054,1.0,1.0,1.0,1.0,1.0,1.0,0.9999999,1.0,1.0,1.0,1.0,1.0,1.0,1.0,1.0,1.0,1.0,1.0,1.0,1.0,1.0,1.0,1.0
EIF3H_HepG2,1.0,1.0,1.0,1.0,1.0,1.0,1.0,1.0,1.0,1.0,1.0,1.0,1.0,1.0,1.0,1.0,0.9999907,1.0,1.0,1.0,1.0,1.0,1.0,1.0,0.81933683,0.9999932,1.0,1.0,1.0,1.0,1.0,1.0,1.0,1.0,1.0,1.0,1.0,1.0,0.9999989,1.0,1.0,1.0,1.0,1.0,1.0,1.0,1.0,1.0,0.99999994,1.0,1.0,1.0,1.0,1.0,1.0,1.0,1.0,1.0,1.0,1.0,1.0,1.0,1.0,0.9999999,1.0,1.0,1.0,1.0,1.0,1.0,1.0,1.0,1.0,1.0,1.0,1.0,0.9999992,0.8837766,1.0,1.0,1.0,1.0,0.99999994,1.0,1.0,1.0,1.0,1.0,1.0,1.0,0.99999994,1.0,1.0,1.0,1.0,0.99999994,1.0,1.0,1.0,1.0,0.9999806,0.9991546,0.98710793,1.0,1.0,1.0,1.0,1.0,1.0,1.0,1.0,1.0,0.9999997,1.0,1.0,1.0,1.0,1.0,1.0,1.0,1.0,1.0,0.90221715,1.0,1.0,0.99999994,1.0,1.0,1.0,1.0,1.0,1.0,1.0,1.0,1.0,1.0,1.0,1.0,1.0,1.0,1.0,1.0,1.0,1.0,1.0,1.0,1.0,1.0,1.0,1.0,1.0,1.0,1.0,1.0,1.0,1.0,0.99999976,1.0,1.0,1.0,1.0,1.0,1.0,1.0,1.0,1.0,1.0,1.0,1.0,1.0,1.0,1.0,0.9998874,1.0,1.0,1.0,0.6319803,0.9999433,1.0,1.0,1.0,1.0,1.0,1.0,1.0,1.0,1.0,1.0,1.0,0.9999999,1.0,1.0,1.0,1.0,1.0,1.0,0.9999995,1.0,1.0,0.98306614,1.0,1.0,1.0,1.0,1.0,1.0,0.9999998,1.0,1.0,1.0,1.0,1.0,1.0,1.0,1.0,1.0,1.0,1.0,1.0,1.0,1.0,1.0,1.0
EIF4G2_K562,1.0,1.0,1.0,1.0,1.0,1.0,1.0,1.0,1.0,1.0,1.0,1.0,1.0,1.0,1.0,1.0,0.99999094,1.0,1.0,1.0,1.0,1.0,1.0,1.0,0.8193037,0.999993,1.0,1.0,1.0,1.0,1.0,1.0,1.0,1.0,1.0,1.0,1.0,1.0,0.99999887,1.0,1.0,1.0,1.0,1.0,1.0,1.0,1.0,1.0,0.99999994,1.0,1.0,1.0,1.0,1.0,1.0,1.0,1.0,1.0,1.0,1.0,1.0,1.0,1.0,0.9999998,1.0,1.0,1.0,1.0,1.0,1.0,1.0,1.0,1.0,1.0,1.0,1.0,0.99999917,0.8838036,1.0,1.0,1.0,1.0,0.99999994,1.0,1.0,1.0,1.0,1.0,1.0,0.99999994,1.0,1.0,1.0,1.0,1.0,0.99999994,1.0,1.0,1.0,1.0,0.9999803,0.999157,0.9870987,1.0,1.0,1.0,1.0,1.0,1.0,1.0,1.0,1.0,0.99999976,1.0,1.0,1.0,1.0,1.0,1.0,1.0,1.0,1.0,0.9021923,1.0,1.0,1.0,1.0,1.0,1.0,1.0,1.0,1.0,1.0,1.0,0.99999994,1.0,1.0,1.0,1.0,1.0,1.0,1.0,1.0,1.0,1.0,1.0,1.0,1.0,1.0,1.0,1.0,1.0,1.0,1.0,1.0,1.0,0.99999976,1.0,1.0,1.0,1.0,1.0,1.0,1.0,1.0,1.0,1.0,1.0,1.0,1.0,1.0,1.0,0.9998866,1.0,1.0,1.0,0.632025,0.9999427,1.0,1.0,1.0,1.0,1.0,0.99999994,1.0,1.0,1.0,1.0,1.0,0.9999999,1.0,1.0,1.0,1.0,1.0,1.0,0.99999946,1.0,1.0,0.98307675,1.0,1.0,1.0,1.0,1.0,1.0,0.9999998,1.0,1.0,1.0,1.0,0.99999994,1.0,1.0,1.0,1.0,1.0,1.0,1.0,1.0,1.0,1.0,1.0
EWSR1_K562,1.0,1.0,1.0,1.0,1.0,1.0,1.0,1.0,1.0,1.0,1.0,1.0,1.0,1.0,1.0,1.0,0.9999908,1.0,1.0,1.0,1.0,1.0,1.0,1.0,0.81932026,0.9999931,1.0,1.0,1.0,1.0,1.0,1.0,1.0,1.0,1.0,1.0,1.0,1.0,0.9999989,1.0,1.0,1.0,1.0,1.0,1.0,1.0,1.0,1.0,0.99999994,1.0,1.0,1.0,1.0,1.0,1.0,1.0,1.0,1.0,1.0,1.0,1.0,1.0,1.0,0.9999998,1.0,1.0,1.0,1.0,1.0,1.0,1.0,1.0,1.0,1.0,1.0,1.0,0.99999917,0.8837901,1.0,1.0,1.0,1.0,0.99999994,1.0,1.0,1.0,1.0,1.0,1.0,0.99999994,0.99999994,1.0,1.0,1.0,1.0,0.99999994,1.0,1.0,1.0,1.0,0.99998045,0.9991558,0.98710334,1.0,1.0,1.0,1.0,1.0,1.0,1.0,1.0,1.0,0.9999997,1.0,1.0,1.0,1.0,1.0,1.0,1.0,1.0,1.0,0.9022047,1.0,1.0,1.0,1.0,1.0,1.0,1.0,1.0,1.0,1.0,1.0,1.0,1.0,1.0,1.0,1.0,1.0,1.0,1.0,1.0,1.0,1.0,1.0,1.0,1.0,1.0,1.0,1.0,1.0,1.0,1.0,1.0,1.0,0.99999976,1.0,1.0,1.0,1.0,1.0,1.0,1.0,1.0,1.0,1.0,1.0,1.0,1.0,1.0,1.0,0.999887,1.0,1.0,1.0,0.63200265,0.999943,1.0,1.0,1.0,1.0,1.0,0.99999994,1.0,1.0,1.0,1.0,1.0,0.9999999,1.0,1.0,1.0,1.0,1.0,1.0,0.9999995,1.0,1.0,0.98307145,1.0,1.0,1.0,1.0,1.0,1.0,0.9999998,1.0,1.0,1.0,1.0,0.99999994,1.0,1.0,1.0,1.0,1.0,1.0,1.0,1.0,1.0,1.0,1.0
EXOSC5_HepG2,0.99999994,1.0,0.99999994,0.99999994,0.99999994,1.0,0.99999994,0.99999994,1.0,1.0,1.0,1.0,0.99999994,0.99999994,0.99999994,0.99999994,0.9999895,1.0,1.0,0.99999994,0.99999994,1.0,1.0,1.0,0.8194965,0.9999942,1.0,1.0,1.0,0.99999994,0.99999994,1.0,1.0,0.99999994,1.0,1.0,0.99999994,0.99999994,0.99999934,0.99999994,1.0,1.0,1.0,0.99999994,0.99999994,0.99999994,0.99999994,0.99999994,1.0,0.99999994,0.99999994,0.99999994,0.9999999,1.0,0.99999994,0.99999994,1.0,0.99999994,0.99999994,0.99999994,0.99999994,0.99999994,1.0,1.0,1.0,1.0,0.99999994,0.99999994,1.0,0.99999994,0.99999994,1.0,0.99999994,0.99999994,0.99999994,1.0,0.9999995,0.8836462,0.99999994,1.0,1.0,0.99999994,0.9999998,1.0,1.0,1.0,0.9999999,1.0,0.99999994,1.0,0.9999998,0.99999994,0.99999994,1.0,0.99999994,0.9999998,0.99999994,0.99999994,0.99999994,1.0,0.9999823,0.9991431,0.9871525,1.0,0.99999994,0.99999994,0.99999994,0.99999994,0.99999994,1.0,1.0,0.99999994,0.99999946,1.0,0.99999994,1.0,1.0,1.0,0.99999994,0.99999994,1.0,1.0,0.9023373,1.0,1.0,0.9999999,1.0,0.99999994,0.99999994,0.99999994,0.99999994,1.0,1.0,1.0,1.0,0.99999994,0.99999994,1.0,0.99999994,0.99999994,1.0,0.99999994,1.0,0.99999994,1.0,0.99999994,0.9999999,0.99999994,1.0,0.99999994,1.0,0.99999994,0.99999994,0.99999994,0.99999994,0.99999994,0.99999994,1.0,1.0,0.99999994,1.0,0.99999994,0.9999999,0.99999994,0.99999994,0.99999994,1.0,0.99999994,0.99999994,1.0,1.0,1.0,0.9998916,1.0,0.99999994,1.0,0.63176435,0.99994624,0.9999999,0.99999994,0.99999994,0.99999994,1.0,1.0,1.0,1.0,0.99999994,1.0,0.99999994,1.0,0.99999994,1.0,1.0,1.0,0.99999994,1.0,0.99999976,1.0,0.99999994,0.98301506,0.99999994,1.0,0.99999994,1.0,1.0,1.0,0.99999994,0.99999994,1.0,0.99999994,0.99999994,1.0,1.0,0.99999994,0.99999994,0.99999994,1.0,1.0,0.99999994,1.0,1.0,0.99999994,0.99999994
EXOSC5_K562,1.0,1.0,1.0,1.0,1.0,1.0,1.0,1.0,1.0,1.0,1.0,1.0,1.0,1.0,1.0,1.0,0.99999076,1.0,1.0,1.0,1.0,1.0,1.0,1.0,0.8193342,0.9999932,1.0,1.0,1.0,1.0,1.0,1.0,1.0,1.0,1.0,1.0,1.0,1.0,0.9999989,1.0,1.0,1.0,1.0,1.0,1.0,1.0,1.0,1.0,0.99999994,1.0,1.0,1.0,1.0,1.0,1.0,1.0,1.0,1.0,1.0,1.0,1.0,1.0,1.0,0.9999999,1.0,1.0,1.0,1.0,1.0,1.0,1.0,1.0,1.0,1.0,1.0,1.0,0.9999992,0.8837787,1.0,1.0,1.0,1.0,0.99999994,1.0,1.0,1.0,1.0,1.0,1.0,1.0,0.99999994,1.0,1.0,1.0,1.0,0.99999994,1.0,1.0,1.0,1.0,0.99998057,0.9991548,0.9871072,1.0,1.0,1.0,1.0,1.0,1.0,1.0,1.0,1.0,0.9999997,1.0,1.0,1.0,1.0,1.0,1.0,1.0,1.0,1.0,0.9022152,1.0,1.0,0.99999994,1.0,1.0,1.0,1.0,1.0,1.0,1.0,1.0,1.0,1.0,1.0,1.0,1.0,1.0,1.0,1.0,1.0,1.0,1.0,1.0,1.0,1.0,1.0,1.0,1.0,1.0,1.0,1.0,1.0,1.0,0.99999976,1.0,1.0,1.0,1.0,1.0,1.0,1.0,1.0,1.0,1.0,1.0,1.0,1.0,1.0,1.0,0.99988735,1.0,1.0,1.0,0.6319838,0.9999433,1.0,1.0,1.0,1.0,1.0,1.0,1.0,1.0,1.0,1.0,1.0,0.9999999,1.0,1.0,1.0,1.0,1.0,1.0,0.9999995,1.0,1.0,0.983067,1.0,1.0,1.0,1.0,1.0,1.0,0.9999998,1.0,1.0,1.0,1.0,1.0,1.0,1.0,1.0,1.0,1.0,1.0,1.0,1.0,1.0,1.0,1.0
FAM120A_HepG2,1.0,1.0,1.0,1.0,1.0,1.0,1.0,1.0,1.0,1.0,1.0,1.0,1.0,1.0,1.0,1.0,0.99999076,1.0,1.0,1.0,1.0,1.0,1.0,1.0,0.81933314,0.9999932,1.0,1.0,1.0,1.0,1.0,1.0,1.0,1.0,1.0,1.0,1.0,1.0,0.9999989,1.0,1.0,1.0,1.0,1.0,1.0,1.0,1.0,1.0,0.99999994,1.0,1.0,1.0,1.0,1.0,1.0,1.0,1.0,1.0,1.0,1.0,1.0,1.0,1.0,0.9999999,1.0,1.0,1.0,1.0,1.0,1.0,1.0,1.0,1.0,1.0,1.0,1.0,0.9999992,0.8837796,1.0,1.0,1.0,1.0,0.99999994,1.0,1.0,1.0,1.0,1.0,1.0,1.0,0.99999994,1.0,1.0,1.0,1.0,0.99999994,1.0,1.0,1.0,1.0,0.99998057,0.99915487,0.9871069,1.0,1.0,1.0,1.0,1.0,1.0,1.0,1.0,1.0,0.9999997,1.0,1.0,1.0,1.0,1.0,1.0,1.0,1.0,1.0,0.9022144,1.0,1.0,0.99999994,1.0,1.0,1.0,1.0,1.0,1.0,1.0,1.0,1.0,1.0,1.0,1.0,1.0,1.0,1.0,1.0,1.0,1.0,1.0,1.0,1.0,1.0,1.0,1.0,1.0,1.0,1.0,1.0,1.0,1.0,0.99999976,1.0,1.0,1.0,1.0,1.0,1.0,1.0,1.0,1.0,1.0,1.0,1.0,1.0,1.0,1.0,0.99988735,1.0,1.0,1.0,0.6319853,0.99994326,1.0,1.0,1.0,1.0,1.0,1.0,1.0,1.0,1.0,1.0,1.0,0.9999999,1.0,1.0,1.0,1.0,1.0,1.0,0.9999995,1.0,1.0,0.98306733,1.0,1.0,1.0,1.0,1.0,1.0,0.9999998,1.0,1.0,1.0,1.0,1.0,1.0,1.0,1.0,1.0,1.0,1.0,1.0,1.0,1.0,1.0,1.0
FAM120A_K562,1.0,1.0,1.0,1.0,1.0,1.0,1.0,1.0,1.0,1.0,1.0,1.0,1.0,1.0,1.0,1.0,0.9999907,1.0,1.0,1.0,1.0,1.0,1.0,1.0,0.8193354,0.9999932,1.0,1.0,1.0,1.0,1.0,1.0,1.0,1.0,1.0,1.0,1.0,1.0,0.9999989,1.0,1.0,1.0,1.0,1.0,1.0,1.0,1.0,1.0,0.99999994,1.0,1.0,1.0,1.0,1.0,1.0,1.0,1.0,1.0,1.0,1.0,1.0,1.0,1.0,0.9999999,1.0,1.0,1.0,1.0,1.0,1.0,1.0,1.0,1.0,1.0,1.0,1.0,0.9999992,0.88377774,1.0,1.0,1.0,1.0,0.99999994,1.0,1.0,1.0,1.0,1.0,1.0,1.0,0.99999994,1.0,1.0,1.0,1.0,0.99999994,1.0,1.0,1.0,1.0,0.99998057,0.99915475,0.9871076,1.0,1.0,1.0,1.0,1.0,1.0,1.0,1.0,1.0,0.9999997,1.0,1.0,1.0,1.0,1.0,1.0,1.0,1.0,1.0,0.9022161,1.0,1.0,0.99999994,1.0,1.0,1.0,1.0,1.0,1.0,1.0,1.0,1.0,1.0,1.0,1.0,1.0,1.0,1.0,1.0,1.0,1.0,1.0,1.0,1.0,1.0,1.0,1.0,1.0,1.0,1.0,1.0,1.0,1.0,0.99999976,1.0,1.0,1.0,1.0,1.0,1.0,1.0,1.0,1.0,1.0,1.0,1.0,1.0,1.0,1.0,0.9998874,1.0,1.0,1.0,0.6319822,0.9999433,1.0,1.0,1.0,1.0,1.0,1.0,1.0,1.0,1.0,1.0,1.0,0.9999999,1.0,1.0,1.0,1.0,1.0,1.0,0.9999995,1.0,1.0,0.9830666,1.0,1.0,1.0,1.0,1.0,1.0,0.9999998,1.0,1.0,1.0,1.0,1.0,1.0,1.0,1.0,1.0,1.0,1.0,1.0,1.0,1.0,1.0,1.0
FASTKD2_HepG2,1.0,0.99999994,1.0,1.0,1.0,1.0,1.0,1.0,0.99999994,0.99999994,0.99999994,0.99999994,1.0,1.0,1.0,1.0,0.99999154,0.99999994,0.99999994,1.0,1.0,0.99999994,0.99999994,0.99999994,0.819225,0.9999925,0.99999994,0.99999994,0.99999994,1.0,1.0,1.0,0.99999994,1.0,0.99999994,0.99999994,1.0,1.0,0.9999986,1.0,0.99999994,0.99999994,1.0,1.0,1.0,1.0,1.0,1.0,0.9999999,1.0,1.0,1.0,1.0,0.99999994,1.0,1.0,0.99999994,1.0,1.0,1.0,1.0,1.0,0.99999994,0.99999976,0.99999994,1.0,1.0,1.0,0.99999994,1.0,1.0,0.99999994,1.0,1.0,1.0,0.99999994,0.9999989,0.8838678,1.0,0.99999994,0.99999994,1.0,1.0,0.99999994,0.99999994,0.99999994,1.0,0.99999994,1.0,0.99999994,1.0,1.0,1.0,0.99999994,1.0,1.0,1.0,1.0,1.0,1.0,0.9999794,0.9991626,0.9870767,0.99999994,1.0,1.0,1.0,1.0,1.0,0.99999994,0.99999994,1.0,0.9999998,0.99999994,1.0,1.0,0.99999994,1.0,1.0,1.0,0.99999994,1.0,0.90213305,0.99999994,0.99999994,1.0,0.99999994,1.0,1.0,1.0,1.0,0.99999994,0.99999994,1.0,0.99999994,1.0,1.0,0.99999994,1.0,1.0,0.99999994,1.0,0.99999994,1.0,1.0,1.0,1.0,1.0,0.99999994,1.0,0.99999994,1.0,1.0,1.0,1.0,1.0,0.99999964,0.99999994,1.0,1.0,0.99999994,1.0,1.0,1.0,1.0,1.0,0.99999994,1.0,1.0,0.99999994,1.0,1.0,0.9998845,0.99999994,1.0,0.99999994,0.6321314,0.99994123,1.0,1.0,1.0,1.0,0.99999994,0.99999994,1.0,0.99999994,1.0,0.99999994,1.0,0.99999976,1.0,0.99999994,0.99999994,0.99999994,1.0,1.0,0.99999934,0.99999994,1.0,0.98310184,1.0,0.99999994,1.0,0.99999994,0.99999994,0.99999994,0.9999997,1.0,0.99999994,1.0,1.0,0.99999994,1.0,1.0,1.0,1.0,0.99999994,1.0,1.0,0.99999994,0.99999994,1.0,1.0
FASTKD2_K562,1.0,1.0,1.0,1.0,1.0,1.0,1.0,1.0,1.0,1.0,1.0,1.0,1.0,1.0,1.0,1.0,0.99999034,1.0,1.0,1.0,1.0,1.0,1.0,1.0,0.81938577,0.9999935,1.0,1.0,1.0,1.0,1.0,1.0,1.0,1.0,1.0,1.0,1.0,1.0,0.99999905,1.0,1.0,1.0,1.0,1.0,1.0,1.0,1.0,1.0,1.0,1.0,1.0,1.0,0.99999994,1.0,1.0,1.0,1.0,1.0,1.0,1.0,1.0,1.0,1.0,0.9999999,1.0,1.0,1.0,1.0,1.0,1.0,1.0,1.0,1.0,1.0,1.0,1.0,0.99999934,0.8837366,1.0,1.0,1.0,1.0,0.9999999,1.0,1.0,1.0,1.0,1.0,1.0,1.0,0.99999994,1.0,1.0,1.0,1.0,0.9999999,1.0,1.0,1.0,1.0,0.99998116,0.9991511,0.9871216,1.0,1.0,1.0,1.0,1.0,1.0,1.0,1.0,1.0,0.99999964,1.0,1.0,1.0,1.0,1.0,1.0,1.0,1.0,1.0,0.902254,1.0,1.0,0.99999994,1.0,1.0,1.0,1.0,1.0,1.0,1.0,1.0,1.0,1.0,1.0,1.0,1.0,1.0,1.0,1.0,1.0,1.0,1.0,1.0,0.99999994,1.0,1.0,1.0,1.0,1.0,1.0,1.0,1.0,1.0,0.9999998,1.0,1.0,1.0,1.0,1.0,1.0,1.0,1.0,1.0,1.0,1.0,1.0,1.0,1.0,1.0,0.9998887,1.0,1.0,1.0,0.6319141,0.99994427,1.0,1.0,1.0,1.0,1.0,1.0,1.0,1.0,1.0,1.0,1.0,0.99999994,1.0,1.0,1.0,1.0,1.0,1.0,0.9999996,1.0,1.0,0.9830505,1.0,1.0,1.0,1.0,1.0,1.0,0.9999999,1.0,1.0,1.0,1.0,1.0,1.0,1.0,1.0,1.0,1.0,1.0,1.0,1.0,1.0,1.0,1.0
FKBP4_HepG2,1.0,0.99999994,1.0,1.0,1.0,1.0,1.0,1.0,1.0,1.0,1.0,1.0,1.0,1.0,1.0,1.0,0.9999911,1.0,1.0,1.0,1.0,1.0,1.0,1.0,0.81928533,0.9999929,1.0,1.0,1.0,1.0,1.0,1.0,1.0,1.0,1.0,0.99999994,1.0,1.0,0.9999988,1.0,1.0,1.0,1.0,1.0,1.0,1.0,1.0,1.0,0.99999994,1.0,1.0,1.0,1.0,1.0,1.0,1.0,1.0,1.0,1.0,1.0,1.0,1.0,1.0,0.9999998,1.0,1.0,1.0,1.0,1.0,1.0,1.0,1.0,1.0,1.0,1.0,1.0,0.9999991,0.8838186,1.0,1.0,1.0,1.0,0.99999994,0.99999994,1.0,1.0,1.0,1.0,1.0,0.99999994,1.0,1.0,1.0,1.0,1.0,0.99999994,1.0,1.0,1.0,1.0,0.99998003,0.9991583,0.98709357,1.0,1.0,1.0,1.0,1.0,1.0,1.0,1.0,1.0,0.99999976,1.0,1.0,1.0,1.0,1.0,1.0,1.0,1.0,1.0,0.9021784,1.0,0.99999994,1.0,1.0,1.0,1.0,1.0,1.0,1.0,1.0,1.0,0.99999994,1.0,1.0,1.0,1.0,1.0,1.0,1.0,1.0,1.0,1.0,1.0,1.0,1.0,1.0,1.0,1.0,1.0,1.0,1.0,1.0,1.0,0.9999997,1.0,1.0,1.0,1.0,1.0,1.0,1.0,1.0,1.0,1.0,1.0,1.0,1.0,1.0,1.0,0.9998861,1.0,1.0,1.0,0.6320499,0.99994236,1.0,1.0,1.0,1.0,1.0,0.99999994,1.0,1.0,1.0,1.0,1.0,0.9999999,1.0,1.0,1.0,1.0,1.0,1.0,0.99999946,1.0,1.0,0.9830826,1.0,1.0,1.0,1.0,1.0,1.0,0.99999976,1.0,1.0,1.0,1.0,0.99999994,1.0,1.0,1.0,1.0,1.0,1.0,1.0,1.0,1.0,1.0,1.0
FMR1_K562,1.0,1.0,1.0,1.0,1.0,1.0,1.0,1.0,1.0,1.0,1.0,1.0,1.0,1.0,1.0,1.0,0.99999064,1.0,1.0,1.0,1.0,1.0,1.0,1.0,0.8193503,0.9999933,1.0,1.0,1.0,1.0,1.0,1.0,1.0,1.0,1.0,1.0,1.0,1.0,0.999999,1.0,1.0,1.0,1.0,1.0,1.0,1.0,1.0,1.0,0.99999994,1.0,1.0,1.0,1.0,1.0,1.0,1.0,1.0,1.0,1.0,1.0,1.0,1.0,1.0,0.9999999,1.0,1.0,1.0,1.0,1.0,1.0,1.0,1.0,1.0,1.0,1.0,1.0,0.9999992,0.8837656,1.0,1.0,1.0,1.0,0.99999994,1.0,1.0,1.0,1.0,1.0,1.0,1.0,0.99999994,1.0,1.0,1.0,1.0,0.99999994,1.0,1.0,1.0,1.0,0.99998075,0.9991537,0.9871117,1.0,1.0,1.0,1.0,1.0,1.0,1.0,1.0,1.0,0.9999997,1.0,1.0,1.0,1.0,1.0,1.0,1.0,1.0,1.0,0.90222734,1.0,1.0,0.99999994,1.0,1.0,1.0,1.0,1.0,1.0,1.0,1.0,1.0,1.0,1.0,1.0,1.0,1.0,1.0,1.0,1.0,1.0,1.0,1.0,1.0,1.0,1.0,1.0,1.0,1.0,1.0,1.0,1.0,1.0,0.99999976,1.0,1.0,1.0,1.0,1.0,1.0,1.0,1.0,1.0,1.0,1.0,1.0,1.0,1.0,1.0,0.99988776,1.0,1.0,1.0,0.63196206,0.9999436,1.0,1.0,1.0,1.0,1.0,1.0,1.0,1.0,1.0,1.0,1.0,0.9999999,1.0,1.0,1.0,1.0,1.0,1.0,0.9999995,1.0,1.0,0.98306185,1.0,1.0,1.0,1.0,1.0,1.0,0.9999999,1.0,1.0,1.0,1.0,1.0,1.0,1.0,1.0,1.0,1.0,1.0,1.0,1.0,1.0,1.0,1.0
FTO_HepG2,1.0,1.0,0.99999994,1.0,1.0,1.0,1.0,1.0,1.0,1.0,1.0,1.0,1.0,1.0,0.99999994,0.99999994,0.99999005,1.0,1.0,1.0,1.0,1.0,1.0,1.0,0.8194252,0.9999938,1.0,1.0,1.0,1.0,1.0,1.0,1.0,1.0,1.0,1.0,1.0,1.0,0.99999917,1.0,1.0,1.0,1.0,1.0,1.0,1.0,1.0,1.0,1.0,1.0,1.0,1.0,0.99999994,1.0,1.0,1.0,1.0,0.99999994,1.0,1.0,1.0,1.0,1.0,0.99999994,1.0,1.0,1.0,1.0,1.0,1.0,1.0,1.0,0.99999994,1.0,1.0,1.0,0.9999994,0.8837044,1.0,1.0,1.0,1.0,0.9999999,1.0,1.0,1.0,0.99999994,1.0,1.0,1.0,0.9999999,1.0,1.0,1.0,1.0,0.9999999,1.0,0.99999994,1.0,1.0,0.9999816,0.9991483,0.9871326,1.0,1.0,1.0,1.0,1.0,1.0,1.0,1.0,0.99999994,0.9999996,1.0,1.0,1.0,1.0,1.0,1.0,1.0,1.0,1.0,0.90228367,1.0,1.0,0.99999994,1.0,1.0,1.0,1.0,1.0,1.0,1.0,1.0,1.0,1.0,0.99999994,1.0,1.0,0.99999994,1.0,1.0,1.0,1.0,1.0,1.0,0.99999994,1.0,1.0,1.0,1.0,1.0,1.0,1.0,1.0,1.0,0.9999999,1.0,1.0,1.0,1.0,1.0,0.99999994,1.0,1.0,1.0,1.0,1.0,1.0,1.0,1.0,1.0,0.99988973,1.0,1.0,1.0,0.6318608,0.999945,0.99999994,1.0,1.0,0.99999994,1.0,1.0,1.0,1.0,1.0,1.0,1.0,0.99999994,1.0,1.0,1.0,1.0,1.0,1.0,0.99999964,1.0,1.0,0.9830379,0.99999994,1.0,1.0,1.0,1.0,1.0,0.99999994,1.0,1.0,1.0,1.0,1.0,1.0,1.0,1.0,1.0,1.0,1.0,1.0,1.0,1.0,0.99999994,1.0
FTO_K562,1.0,0.99999994,1.0,1.0,1.0,1.0,1.0,1.0,1.0,0.99999994,1.0,1.0,1.0,1.0,1.0,1.0,0.99999124,1.0,1.0,1.0,1.0,1.0,1.0,1.0,0.81926686,0.9999928,1.0,1.0,1.0,1.0,1.0,1.0,1.0,1.0,1.0,0.99999994,1.0,1.0,0.99999875,1.0,1.0,1.0,1.0,1.0,1.0,1.0,1.0,1.0,0.99999994,1.0,1.0,1.0,1.0,1.0,1.0,1.0,0.99999994,1.0,1.0,1.0,1.0,1.0,1.0,0.9999998,1.0,1.0,1.0,1.0,1.0,1.0,1.0,1.0,1.0,1.0,1.0,1.0,0.99999905,0.88383365,1.0,1.0,0.99999994,1.0,1.0,0.99999994,1.0,0.99999994,1.0,1.0,1.0,0.99999994,1.0,1.0,1.0,1.0,1.0,1.0,1.0,1.0,1.0,1.0,0.99997985,0.99915963,0.98708844,1.0,1.0,1.0,1.0,1.0,1.0,1.0,1.0,1.0,0.99999976,1.0,1.0,1.0,0.99999994,1.0,1.0,1.0,0.99999994,1.0,0.9021645,1.0,0.99999994,1.0,1.0,1.0,1.0,1.0,1.0,1.0,1.0,1.0,0.99999994,1.0,1.0,1.0,1.0,1.0,1.0,1.0,1.0,1.0,1.0,1.0,1.0,1.0,1.0,1.0,0.99999994,1.0,1.0,1.0,1.0,1.0,0.9999997,1.0,1.0,1.0,1.0,1.0,1.0,1.0,1.0,1.0,1.0,1.0,1.0,1.0,1.0,1.0,0.99988556,1.0,1.0,0.99999994,0.63207483,0.999942,1.0,1.0,1.0,1.0,1.0,0.99999994,1.0,1.0,1.0,1.0,1.0,0.9999998,1.0,1.0,1.0,1.0,1.0,1.0,0.9999994,1.0,1.0,0.9830885,1.0,1.0,1.0,1.0,1.0,1.0,0.99999976,1.0,1.0,1.0,1.0,0.99999994,1.0,1.0,1.0,1.0,1.0,1.0,1.0,1.0,1.0,1.0,1.0
FUBP3_HepG2,1.0,1.0,1.0,1.0,1.0,1.0,1.0,1.0,1.0,1.0,1.0,1.0,1.0,1.0,1.0,1.0,0.999991,1.0,1.0,1.0,1.0,1.0,1.0,1.0,0.81929773,0.99999297,1.0,1.0,1.0,1.0,1.0,1.0,1.0,1.0,1.0,1.0,1.0,1.0,0.99999887,1.0,1.0,1.0,1.0,1.0,1.0,1.0,1.0,1.0,0.99999994,1.0,1.0,1.0,1.0,1.0,1.0,1.0,1.0,1.0,1.0,1.0,1.0,1.0,1.0,0.9999998,1.0,1.0,1.0,1.0,1.0,1.0,1.0,1.0,1.0,1.0,1.0,1.0,0.9999991,0.8838085,1.0,1.0,1.0,1.0,0.99999994,1.0,1.0,1.0,1.0,1.0,1.0,0.99999994,1.0,1.0,1.0,1.0,1.0,0.99999994,1.0,1.0,1.0,1.0,0.9999802,0.9991574,0.987097,1.0,1.0,1.0,1.0,1.0,1.0,1.0,1.0,1.0,0.99999976,1.0,1.0,1.0,1.0,1.0,1.0,1.0,1.0,1.0,0.90218776,1.0,1.0,1.0,1.0,1.0,1.0,1.0,1.0,1.0,1.0,1.0,0.99999994,1.0,1.0,1.0,1.0,1.0,1.0,1.0,1.0,1.0,1.0,1.0,1.0,1.0,1.0,1.0,1.0,1.0,1.0,1.0,1.0,1.0,0.9999997,1.0,1.0,1.0,1.0,1.0,1.0,1.0,1.0,1.0,1.0,1.0,1.0,1.0,1.0,1.0,0.9998864,1.0,1.0,1.0,0.63203317,0.9999426,1.0,1.0,1.0,1.0,1.0,0.99999994,1.0,1.0,1.0,1.0,1.0,0.9999999,1.0,1.0,1.0,1.0,1.0,1.0,0.99999946,1.0,1.0,0.98307866,1.0,1.0,1.0,1.0,1.0,1.0,0.9999998,1.0,1.0,1.0,1.0,0.99999994,1.0,1.0,1.0,1.0,1.0,1.0,1.0,1.0,1.0,1.0,1.0
FUS_HepG2,1.0,1.0,1.0,1.0,1.0,1.0,1.0,1.0,1.0,1.0,1.0,1.0,1.0,1.0,1.0,1.0,0.99999064,1.0,1.0,1.0,1.0,1.0,1.0,1.0,0.8193473,0.99999326,1.0,1.0,1.0,1.0,1.0,1.0,1.0,1.0,1.0,1.0,1.0,1.0,0.999999,1.0,1.0,1.0,1.0,1.0,1.0,1.0,1.0,1.0,0.99999994,1.0,1.0,1.0,1.0,1.0,1.0,1.0,1.0,1.0,1.0,1.0,1.0,1.0,1.0,0.9999999,1.0,1.0,1.0,1.0,1.0,1.0,1.0,1.0,1.0,1.0,1.0,1.0,0.9999992,0.883768,1.0,1.0,1.0,1.0,0.99999994,1.0,1.0,1.0,1.0,1.0,1.0,1.0,0.99999994,1.0,1.0,1.0,1.0,0.99999994,1.0,1.0,1.0,1.0,0.99998075,0.99915385,0.9871109,1.0,1.0,1.0,1.0,1.0,1.0,1.0,1.0,1.0,0.9999997,1.0,1.0,1.0,1.0,1.0,1.0,1.0,1.0,1.0,0.9022251,1.0,1.0,0.99999994,1.0,1.0,1.0,1.0,1.0,1.0,1.0,1.0,1.0,1.0,1.0,1.0,1.0,1.0,1.0,1.0,1.0,1.0,1.0,1.0,1.0,1.0,1.0,1.0,1.0,1.0,1.0,1.0,1.0,1.0,0.99999976,1.0,1.0,1.0,1.0,1.0,1.0,1.0,1.0,1.0,1.0,1.0,1.0,1.0,1.0,1.0,0.9998877,1.0,1.0,1.0,0.63196605,0.99994355,1.0,1.0,1.0,1.0,1.0,1.0,1.0,1.0,1.0,1.0,1.0,0.9999999,1.0,1.0,1.0,1.0,1.0,1.0,0.9999995,1.0,1.0,0.9830628,1.0,1.0,1.0,1.0,1.0,1.0,0.9999998,1.0,1.0,1.0,1.0,1.0,1.0,1.0,1.0,1.0,1.0,1.0,1.0,1.0,1.0,1.0,1.0
FUS_K562,1.0,1.0,1.0,1.0,1.0,1.0,1.0,1.0,1.0,1.0,1.0,1.0,1.0,1.0,1.0,1.0,0.99999064,1.0,1.0,1.0,1.0,1.0,1.0,1.0,0.81934476,0.99999326,1.0,1.0,1.0,1.0,1.0,1.0,1.0,1.0,1.0,1.0,1.0,1.0,0.999999,1.0,1.0,1.0,1.0,1.0,1.0,1.0,1.0,1.0,0.99999994,1.0,1.0,1.0,1.0,1.0,1.0,1.0,1.0,1.0,1.0,1.0,1.0,1.0,1.0,0.9999999,1.0,1.0,1.0,1.0,1.0,1.0,1.0,1.0,1.0,1.0,1.0,1.0,0.9999992,0.8837701,1.0,1.0,1.0,1.0,0.99999994,1.0,1.0,1.0,1.0,1.0,1.0,1.0,0.99999994,1.0,1.0,1.0,1.0,0.99999994,1.0,1.0,1.0,1.0,0.9999807,0.99915403,0.9871102,1.0,1.0,1.0,1.0,1.0,1.0,1.0,1.0,1.0,0.9999997,1.0,1.0,1.0,1.0,1.0,1.0,1.0,1.0,1.0,0.90222317,1.0,1.0,0.99999994,1.0,1.0,1.0,1.0,1.0,1.0,1.0,1.0,1.0,1.0,1.0,1.0,1.0,1.0,1.0,1.0,1.0,1.0,1.0,1.0,1.0,1.0,1.0,1.0,1.0,1.0,1.0,1.0,1.0,1.0,0.99999976,1.0,1.0,1.0,1.0,1.0,1.0,1.0,1.0,1.0,1.0,1.0,1.0,1.0,1.0,1.0,0.99988765,1.0,1.0,1.0,0.6319695,0.9999435,1.0,1.0,1.0,1.0,1.0,1.0,1.0,1.0,1.0,1.0,1.0,0.9999999,1.0,1.0,1.0,1.0,1.0,1.0,0.9999995,1.0,1.0,0.98306364,1.0,1.0,1.0,1.0,1.0,1.0,0.9999998,1.0,1.0,1.0,1.0,1.0,1.0,1.0,1.0,1.0,1.0,1.0,1.0,1.0,1.0,1.0,1.0
FXR1_K562,1.0,1.0,1.0,1.0,1.0,1.0,1.0,1.0,1.0,1.0,1.0,1.0,1.0,1.0,1.0,1.0,0.9999906,1.0,1.0,1.0,1.0,1.0,1.0,1.0,0.8193562,0.9999933,1.0,1.0,1.0,1.0,1.0,1.0,1.0,1.0,1.0,1.0,1.0,1.0,0.999999,1.0,1.0,1.0,1.0,1.0,1.0,1.0,1.0,1.0,0.99999994,1.0,1.0,1.0,1.0,1.0,1.0,1.0,1.0,1.0,1.0,1.0,1.0,1.0,1.0,0.9999999,1.0,1.0,1.0,1.0,1.0,1.0,1.0,1.0,1.0,1.0,1.0,1.0,0.9999993,0.8837608,1.0,1.0,1.0,1.0,0.99999994,1.0,1.0,1.0,1.0,1.0,1.0,1.0,0.99999994,1.0,1.0,1.0,1.0,0.99999994,1.0,1.0,1.0,1.0,0.9999808,0.99915326,0.98711336,1.0,1.0,1.0,1.0,1.0,1.0,1.0,1.0,1.0,0.9999997,1.0,1.0,1.0,1.0,1.0,1.0,1.0,1.0,1.0,0.90223175,1.0,1.0,0.99999994,1.0,1.0,1.0,1.0,1.0,1.0,1.0,1.0,1.0,1.0,1.0,1.0,1.0,1.0,1.0,1.0,1.0,1.0,1.0,1.0,1.0,1.0,1.0,1.0,1.0,1.0,1.0,1.0,1.0,1.0,0.9999998,1.0,1.0,1.0,1.0,1.0,1.0,1.0,1.0,1.0,1.0,1.0,1.0,1.0,1.0,1.0,0.99988794,1.0,1.0,1.0,0.63195413,0.9999437,1.0,1.0,1.0,1.0,1.0,1.0,1.0,1.0,1.0,1.0,1.0,0.99999994,1.0,1.0,1.0,1.0,1.0,1.0,0.9999996,1.0,1.0,0.98305994,1.0,1.0,1.0,1.0,1.0,1.0,0.9999999,1.0,1.0,1.0,1.0,1.0,1.0,1.0,1.0,1.0,1.0,1.0,1.0,1.0,1.0,1.0,1.0
FXR2_HepG2,1.0,1.0,1.0,1.0,1.0,1.0,1.0,1.0,1.0,1.0,1.0,1.0,1.0,1.0,1.0,1.0,0.9999904,1.0,1.0,1.0,1.0,1.0,1.0,1.0,0.8193767,0.99999344,1.0,1.0,1.0,1.0,1.0,1.0,1.0,1.0,1.0,1.0,1.0,1.0,0.99999905,1.0,1.0,1.0,1.0,1.0,1.0,1.0,1.0,1.0,1.0,1.0,1.0,1.0,0.99999994,1.0,1.0,1.0,1.0,1.0,1.0,1.0,1.0,1.0,1.0,0.9999999,1.0,1.0,1.0,1.0,1.0,1.0,1.0,1.0,1.0,1.0,1.0,1.0,0.9999993,0.883744,1.0,1.0,1.0,1.0,0.99999994,1.0,1.0,1.0,1.0,1.0,1.0,1.0,0.99999994,1.0,1.0,1.0,1.0,0.9999999,1.0,1.0,1.0,1.0,0.99998105,0.99915177,0.9871191,1.0,1.0,1.0,1.0,1.0,1.0,1.0,1.0,1.0,0.99999964,1.0,1.0,1.0,1.0,1.0,1.0,1.0,1.0,1.0,0.9022472,1.0,1.0,0.99999994,1.0,1.0,1.0,1.0,1.0,1.0,1.0,1.0,1.0,1.0,1.0,1.0,1.0,1.0,1.0,1.0,1.0,1.0,1.0,1.0,0.99999994,1.0,1.0,1.0,1.0,1.0,1.0,1.0,1.0,1.0,0.9999998,1.0,1.0,1.0,1.0,1.0,1.0,1.0,1.0,1.0,1.0,1.0,1.0,1.0,1.0,1.0,0.9998885,1.0,1.0,1.0,0.63192636,0.9999441,1.0,1.0,1.0,1.0,1.0,1.0,1.0,1.0,1.0,1.0,1.0,0.99999994,1.0,1.0,1.0,1.0,1.0,1.0,0.9999996,1.0,1.0,0.9830534,1.0,1.0,1.0,1.0,1.0,1.0,0.9999999,1.0,1.0,1.0,1.0,1.0,1.0,1.0,1.0,1.0,1.0,1.0,1.0,1.0,1.0,1.0,1.0
FXR2_K562,0.9999998,0.99999994,0.9999998,0.9999999,0.9999999,0.9999999,0.9999999,0.9999999,0.9999999,0.99999994,0.9999999,0.99999994,0.9999999,0.9999998,0.9999998,0.9999998,0.9999884,0.9999999,0.9999999,0.9999998,0.9999999,0.9999999,0.9999999,0.9999999,0.8196339,0.999995,0.9999999,0.9999999,0.99999994,0.9999998,0.9999998,0.9999999,0.9999999,0.9999999,0.99999994,0.99999994,0.9999999,0.9999999,0.9999996,0.9999999,0.9999999,0.9999999,0.9999999,0.9999998,0.9999999,0.9999999,0.9999998,0.9999998,1.0,0.9999999,0.9999999,0.9999999,0.99999976,0.9999999,0.9999998,0.9999999,0.99999994,0.9999998,0.9999998,0.9999999,0.9999999,0.9999999,0.9999999,1.0,0.9999999,0.9999999,0.9999998,0.9999998,0.9999999,0.9999999,0.9999999,0.99999994,0.9999998,0.9999998,0.9999999,0.9999999,0.9999997,0.8835339,0.9999999,0.9999999,0.99999994,0.9999998,0.99999964,0.99999994,0.99999994,0.99999994,0.99999976,0.9999999,0.9999999,0.99999994,0.9999997,0.9999999,0.9999999,0.9999999,0.9999999,0.9999996,0.9999998,0.9999998,0.9999999,0.9999999,0.9999837,0.99913317,0.9871908,0.99999994,0.9999999,0.9999998,0.9999999,0.9999998,0.9999998,0.9999999,0.9999999,0.9999998,0.99999917,0.9999999,0.9999999,0.9999999,0.99999994,0.9999999,0.9999998,0.9999998,0.99999994,0.9999999,0.90244067,0.9999999,0.99999994,0.9999997,0.9999999,0.9999999,0.9999998,0.9999999,0.9999999,0.99999994,0.9999999,0.9999999,0.99999994,0.9999998,0.9999998,0.9999999,0.9999998,0.9999998,0.99999994,0.9999999,0.9999999,0.9999998,0.9999999,0.9999999,0.99999976,0.9999999,0.9999999,0.9999999,0.99999994,0.9999998,0.9999998,0.9999998,0.9999999,0.9999999,1.0,0.9999999,0.9999999,0.9999999,0.99999994,0.9999999,0.99999976,0.9999998,0.9999999,0.9999999,0.9999999,0.9999999,0.9999998,0.99999994,0.9999999,0.9999999,0.9998951,0.99999994,0.9999999,0.99999994,0.63157845,0.99994874,0.99999976,0.9999999,0.9999998,0.9999998,0.99999994,0.99999994,0.9999999,0.9999999,0.9999999,0.9999999,0.9999999,1.0,0.9999999,0.9999999,0.9999999,0.9999999,0.9999999,0.9999999,0.9999999,0.9999999,0.9999998,0.982971,0.9999998,0.9999999,0.9999999,0.9999999,0.99999994,0.9999999,1.0,0.9999999,0.99999994,0.9999998,0.9999999,0.99999994,0.9999999,0.9999998,0.9999999,0.9999999,0.9999999,0.9999999,0.9999998,0.9999999,0.9999999,0.9999998,0.9999998
G3BP1_HepG2,1.0,1.0,1.0,1.0,1.0,1.0,1.0,1.0,1.0,1.0,1.0,1.0,1.0,1.0,1.0,1.0,0.99999046,1.0,1.0,1.0,1.0,1.0,1.0,1.0,0.81937,0.99999344,1.0,1.0,1.0,1.0,1.0,1.0,1.0,1.0,1.0,1.0,1.0,1.0,0.99999905,1.0,1.0,1.0,1.0,1.0,1.0,1.0,1.0,1.0,1.0,1.0,1.0,1.0,0.99999994,1.0,1.0,1.0,1.0,1.0,1.0,1.0,1.0,1.0,1.0,0.9999999,1.0,1.0,1.0,1.0,1.0,1.0,1.0,1.0,1.0,1.0,1.0,1.0,0.9999993,0.88374954,1.0,1.0,1.0,1.0,0.99999994,1.0,1.0,1.0,1.0,1.0,1.0,1.0,0.99999994,1.0,1.0,1.0,1.0,0.9999999,1.0,1.0,1.0,1.0,0.999981,0.99915224,0.9871172,1.0,1.0,1.0,1.0,1.0,1.0,1.0,1.0,1.0,0.99999964,1.0,1.0,1.0,1.0,1.0,1.0,1.0,1.0,1.0,0.9022421,1.0,1.0,0.99999994,1.0,1.0,1.0,1.0,1.0,1.0,1.0,1.0,1.0,1.0,1.0,1.0,1.0,1.0,1.0,1.0,1.0,1.0,1.0,1.0,1.0,1.0,1.0,1.0,1.0,1.0,1.0,1.0,1.0,1.0,0.9999998,1.0,1.0,1.0,1.0,1.0,1.0,1.0,1.0,1.0,1.0,1.0,1.0,1.0,1.0,1.0,0.9998883,1.0,1.0,1.0,0.6319355,0.999944,1.0,1.0,1.0,1.0,1.0,1.0,1.0,1.0,1.0,1.0,1.0,0.99999994,1.0,1.0,1.0,1.0,1.0,1.0,0.9999996,1.0,1.0,0.98305553,1.0,1.0,1.0,1.0,1.0,1.0,0.9999999,1.0,1.0,1.0,1.0,1.0,1.0,1.0,1.0,1.0,1.0,1.0,1.0,1.0,1.0,1.0,1.0
GEMIN5_K562,1.0,1.0,1.0,1.0,1.0,1.0,1.0,1.0,1.0,1.0,1.0,1.0,1.0,1.0,1.0,1.0,0.9999905,1.0,1.0,1.0,1.0,1.0,1.0,1.0,0.81936073,0.9999934,1.0,1.0,1.0,1.0,1.0,1.0,1.0,1.0,1.0,1.0,1.0,1.0,0.999999,1.0,1.0,1.0,1.0,1.0,1.0,1.0,1.0,1.0,1.0,1.0,1.0,1.0,1.0,1.0,1.0,1.0,1.0,1.0,1.0,1.0,1.0,1.0,1.0,0.9999999,1.0,1.0,1.0,1.0,1.0,1.0,1.0,1.0,1.0,1.0,1.0,1.0,0.9999993,0.88375705,1.0,1.0,1.0,1.0,0.99999994,1.0,1.0,1.0,1.0,1.0,1.0,1.0,0.99999994,1.0,1.0,1.0,1.0,0.99999994,1.0,1.0,1.0,1.0,0.99998087,0.9991529,0.9871146,1.0,1.0,1.0,1.0,1.0,1.0,1.0,1.0,1.0,0.99999964,1.0,1.0,1.0,1.0,1.0,1.0,1.0,1.0,1.0,0.90223515,1.0,1.0,0.99999994,1.0,1.0,1.0,1.0,1.0,1.0,1.0,1.0,1.0,1.0,1.0,1.0,1.0,1.0,1.0,1.0,1.0,1.0,1.0,1.0,1.0,1.0,1.0,1.0,1.0,1.0,1.0,1.0,1.0,1.0,0.9999998,1.0,1.0,1.0,1.0,1.0,1.0,1.0,1.0,1.0,1.0,1.0,1.0,1.0,1.0,1.0,0.99988806,1.0,1.0,1.0,0.631948,0.9999438,1.0,1.0,1.0,1.0,1.0,1.0,1.0,1.0,1.0,1.0,1.0,0.99999994,1.0,1.0,1.0,1.0,1.0,1.0,0.9999996,1.0,1.0,0.9830585,1.0,1.0,1.0,1.0,1.0,1.0,0.9999999,1.0,1.0,1.0,1.0,1.0,1.0,1.0,1.0,1.0,1.0,1.0,1.0,1.0,1.0,1.0,1.0
GNL3_K562,1.0,1.0,1.0,1.0,1.0,1.0,1.0,1.0,1.0,1.0,1.0,1.0,1.0,1.0,1.0,1.0,0.9999908,1.0,1.0,1.0,1.0,1.0,1.0,1.0,0.8193196,0.9999931,1.0,1.0,1.0,1.0,1.0,1.0,1.0,1.0,1.0,1.0,1.0,1.0,0.9999989,1.0,1.0,1.0,1.0,1.0,1.0,1.0,1.0,1.0,0.99999994,1.0,1.0,1.0,1.0,1.0,1.0,1.0,1.0,1.0,1.0,1.0,1.0,1.0,1.0,0.9999998,1.0,1.0,1.0,1.0,1.0,1.0,1.0,1.0,1.0,1.0,1.0,1.0,0.99999917,0.8837906,1.0,1.0,1.0,1.0,0.99999994,1.0,1.0,1.0,1.0,1.0,1.0,0.99999994,0.99999994,1.0,1.0,1.0,1.0,0.99999994,1.0,1.0,1.0,1.0,0.99998045,0.9991559,0.98710316,1.0,1.0,1.0,1.0,1.0,1.0,1.0,1.0,1.0,0.9999997,1.0,1.0,1.0,1.0,1.0,1.0,1.0,1.0,1.0,0.9022043,1.0,1.0,1.0,1.0,1.0,1.0,1.0,1.0,1.0,1.0,1.0,1.0,1.0,1.0,1.0,1.0,1.0,1.0,1.0,1.0,1.0,1.0,1.0,1.0,1.0,1.0,1.0,1.0,1.0,1.0,1.0,1.0,1.0,0.99999976,1.0,1.0,1.0,1.0,1.0,1.0,1.0,1.0,1.0,1.0,1.0,1.0,1.0,1.0,1.0,0.999887,1.0,1.0,1.0,0.63200355,0.999943,1.0,1.0,1.0,1.0,1.0,0.99999994,1.0,1.0,1.0,1.0,1.0,0.9999999,1.0,1.0,1.0,1.0,1.0,1.0,0.9999995,1.0,1.0,0.9830716,1.0,1.0,1.0,1.0,1.0,1.0,0.9999998,1.0,1.0,1.0,1.0,0.99999994,1.0,1.0,1.0,1.0,1.0,1.0,1.0,1.0,1.0,1.0,1.0
GPKOW_K562,1.0,1.0,1.0,1.0,1.0,1.0,1.0,1.0,1.0,1.0,1.0,1.0,1.0,1.0,1.0,1.0,0.99999094,1.0,1.0,1.0,1.0,1.0,1.0,1.0,0.81930655,0.999993,1.0,1.0,1.0,1.0,1.0,1.0,1.0,1.0,1.0,1.0,1.0,1.0,0.99999887,1.0,1.0,1.0,1.0,1.0,1.0,1.0,1.0,1.0,0.99999994,1.0,1.0,1.0,1.0,1.0,1.0,1.0,1.0,1.0,1.0,1.0,1.0,1.0,1.0,0.9999998,1.0,1.0,1.0,1.0,1.0,1.0,1.0,1.0,1.0,1.0,1.0,1.0,0.99999917,0.8838013,1.0,1.0,1.0,1.0,0.99999994,1.0,1.0,1.0,1.0,1.0,1.0,0.99999994,1.0,1.0,1.0,1.0,1.0,0.99999994,1.0,1.0,1.0,1.0,0.9999803,0.9991568,0.98709947,1.0,1.0,1.0,1.0,1.0,1.0,1.0,1.0,1.0,0.99999976,1.0,1.0,1.0,1.0,1.0,1.0,1.0,1.0,1.0,0.9021944,1.0,1.0,1.0,1.0,1.0,1.0,1.0,1.0,1.0,1.0,1.0,0.99999994,1.0,1.0,1.0,1.0,1.0,1.0,1.0,1.0,1.0,1.0,1.0,1.0,1.0,1.0,1.0,1.0,1.0,1.0,1.0,1.0,1.0,0.99999976,1.0,1.0,1.0,1.0,1.0,1.0,1.0,1.0,1.0,1.0,1.0,1.0,1.0,1.0,1.0,0.99988663,1.0,1.0,1.0,0.63202125,0.9999428,1.0,1.0,1.0,1.0,1.0,0.99999994,1.0,1.0,1.0,1.0,1.0,0.9999999,1.0,1.0,1.0,1.0,1.0,1.0,0.99999946,1.0,1.0,0.98307586,1.0,1.0,1.0,1.0,1.0,1.0,0.9999998,1.0,1.0,1.0,1.0,0.99999994,1.0,1.0,1.0,1.0,1.0,1.0,1.0,1.0,1.0,1.0,1.0
GRSF1_HepG2,1.0,1.0,1.0,1.0,1.0,1.0,1.0,1.0,1.0,1.0,1.0,1.0,1.0,1.0,1.0,1.0,0.99999046,1.0,1.0,1.0,1.0,1.0,1.0,1.0,0.81937367,0.99999344,1.0,1.0,1.0,1.0,1.0,1.0,1.0,1.0,1.0,1.0,1.0,1.0,0.99999905,1.0,1.0,1.0,1.0,1.0,1.0,1.0,1.0,1.0,1.0,1.0,1.0,1.0,0.99999994,1.0,1.0,1.0,1.0,1.0,1.0,1.0,1.0,1.0,1.0,0.9999999,1.0,1.0,1.0,1.0,1.0,1.0,1.0,1.0,1.0,1.0,1.0,1.0,0.9999993,0.8837465,1.0,1.0,1.0,1.0,0.99999994,1.0,1.0,1.0,1.0,1.0,1.0,1.0,0.99999994,1.0,1.0,1.0,1.0,0.9999999,1.0,1.0,1.0,1.0,0.999981,0.999152,0.98711824,1.0,1.0,1.0,1.0,1.0,1.0,1.0,1.0,1.0,0.99999964,1.0,1.0,1.0,1.0,1.0,1.0,1.0,1.0,1.0,0.90224487,1.0,1.0,0.99999994,1.0,1.0,1.0,1.0,1.0,1.0,1.0,1.0,1.0,1.0,1.0,1.0,1.0,1.0,1.0,1.0,1.0,1.0,1.0,1.0,1.0,1.0,1.0,1.0,1.0,1.0,1.0,1.0,1.0,1.0,0.9999998,1.0,1.0,1.0,1.0,1.0,1.0,1.0,1.0,1.0,1.0,1.0,1.0,1.0,1.0,1.0,0.99988836,1.0,1.0,1.0,0.63193053,0.99994403,1.0,1.0,1.0,1.0,1.0,1.0,1.0,1.0,1.0,1.0,1.0,0.99999994,1.0,1.0,1.0,1.0,1.0,1.0,0.9999996,1.0,1.0,0.9830544,1.0,1.0,1.0,1.0,1.0,1.0,0.9999999,1.0,1.0,1.0,1.0,1.0,1.0,1.0,1.0,1.0,1.0,1.0,1.0,1.0,1.0,1.0,1.0
GRWD1_HepG2,1.0,1.0,1.0,1.0,1.0,1.0,1.0,1.0,1.0,1.0,1.0,1.0,1.0,1.0,1.0,1.0,0.9999907,1.0,1.0,1.0,1.0,1.0,1.0,1.0,0.8193372,0.9999932,1.0,1.0,1.0,1.0,1.0,1.0,1.0,1.0,1.0,1.0,1.0,1.0,0.9999989,1.0,1.0,1.0,1.0,1.0,1.0,1.0,1.0,1.0,0.99999994,1.0,1.0,1.0,1.0,1.0,1.0,1.0,1.0,1.0,1.0,1.0,1.0,1.0,1.0,0.9999999,1.0,1.0,1.0,1.0,1.0,1.0,1.0,1.0,1.0,1.0,1.0,1.0,0.9999992,0.88377625,1.0,1.0,1.0,1.0,0.99999994,1.0,1.0,1.0,1.0,1.0,1.0,1.0,0.99999994,1.0,1.0,1.0,1.0,0.99999994,1.0,1.0,1.0,1.0,0.9999806,0.9991546,0.98710805,1.0,1.0,1.0,1.0,1.0,1.0,1.0,1.0,1.0,0.9999997,1.0,1.0,1.0,1.0,1.0,1.0,1.0,1.0,1.0,0.90221745,1.0,1.0,0.99999994,1.0,1.0,1.0,1.0,1.0,1.0,1.0,1.0,1.0,1.0,1.0,1.0,1.0,1.0,1.0,1.0,1.0,1.0,1.0,1.0,1.0,1.0,1.0,1.0,1.0,1.0,1.0,1.0,1.0,1.0,0.99999976,1.0,1.0,1.0,1.0,1.0,1.0,1.0,1.0,1.0,1.0,1.0,1.0,1.0,1.0,1.0,0.9998874,1.0,1.0,1.0,0.63197976,0.9999433,1.0,1.0,1.0,1.0,1.0,1.0,1.0,1.0,1.0,1.0,1.0,0.9999999,1.0,1.0,1.0,1.0,1.0,1.0,0.9999995,1.0,1.0,0.983066,1.0,1.0,1.0,1.0,1.0,1.0,0.9999998,1.0,1.0,1.0,1.0,1.0,1.0,1.0,1.0,1.0,1.0,1.0,1.0,1.0,1.0,1.0,1.0
GRWD1_K562,1.0,1.0,1.0,1.0,1.0,1.0,1.0,1.0,1.0,1.0,1.0,1.0,1.0,1.0,1.0,1.0,0.9999907,1.0,1.0,1.0,1.0,1.0,1.0,1.0,0.81934106,0.99999326,1.0,1.0,1.0,1.0,1.0,1.0,1.0,1.0,1.0,1.0,1.0,1.0,0.999999,1.0,1.0,1.0,1.0,1.0,1.0,1.0,1.0,1.0,0.99999994,1.0,1.0,1.0,1.0,1.0,1.0,1.0,1.0,1.0,1.0,1.0,1.0,1.0,1.0,0.9999999,1.0,1.0,1.0,1.0,1.0,1.0,1.0,1.0,1.0,1.0,1.0,1.0,0.9999992,0.8837731,1.0,1.0,1.0,1.0,0.99999994,1.0,1.0,1.0,1.0,1.0,1.0,1.0,0.99999994,1.0,1.0,1.0,1.0,0.99999994,1.0,1.0,1.0,1.0,0.9999806,0.9991543,0.9871091,1.0,1.0,1.0,1.0,1.0,1.0,1.0,1.0,1.0,0.9999997,1.0,1.0,1.0,1.0,1.0,1.0,1.0,1.0,1.0,0.90222037,1.0,1.0,0.99999994,1.0,1.0,1.0,1.0,1.0,1.0,1.0,1.0,1.0,1.0,1.0,1.0,1.0,1.0,1.0,1.0,1.0,1.0,1.0,1.0,1.0,1.0,1.0,1.0,1.0,1.0,1.0,1.0,1.0,1.0,0.99999976,1.0,1.0,1.0,1.0,1.0,1.0,1.0,1.0,1.0,1.0,1.0,1.0,1.0,1.0,1.0,0.9998875,1.0,1.0,1.0,0.6319745,0.99994344,1.0,1.0,1.0,1.0,1.0,1.0,1.0,1.0,1.0,1.0,1.0,0.9999999,1.0,1.0,1.0,1.0,1.0,1.0,0.9999995,1.0,1.0,0.9830648,1.0,1.0,1.0,1.0,1.0,1.0,0.9999998,1.0,1.0,1.0,1.0,1.0,1.0,1.0,1.0,1.0,1.0,1.0,1.0,1.0,1.0,1.0,1.0
GTF2F1_HepG2,1.0,1.0,1.0,1.0,1.0,1.0,1.0,1.0,1.0,1.0,1.0,1.0,1.0,1.0,1.0,1.0,0.9999903,1.0,1.0,1.0,1.0,1.0,1.0,1.0,0.81939733,0.9999936,1.0,1.0,1.0,1.0,1.0,1.0,1.0,1.0,1.0,1.0,1.0,1.0,0.9999991,1.0,1.0,1.0,1.0,1.0,1.0,1.0,1.0,1.0,1.0,1.0,1.0,1.0,0.99999994,1.0,1.0,1.0,1.0,1.0,1.0,1.0,1.0,1.0,1.0,0.99999994,1.0,1.0,1.0,1.0,1.0,1.0,1.0,1.0,1.0,1.0,1.0,1.0,0.99999934,0.88372713,1.0,1.0,1.0,1.0,0.9999999,1.0,1.0,1.0,0.99999994,1.0,1.0,1.0,0.99999994,1.0,1.0,1.0,1.0,0.9999999,1.0,1.0,1.0,1.0,0.9999813,0.9991503,0.98712486,1.0,1.0,1.0,1.0,1.0,1.0,1.0,1.0,1.0,0.99999964,1.0,1.0,1.0,1.0,1.0,1.0,1.0,1.0,1.0,0.9022627,1.0,1.0,0.99999994,1.0,1.0,1.0,1.0,1.0,1.0,1.0,1.0,1.0,1.0,1.0,1.0,1.0,1.0,1.0,1.0,1.0,1.0,1.0,1.0,0.99999994,1.0,1.0,1.0,1.0,1.0,1.0,1.0,1.0,1.0,0.9999998,1.0,1.0,1.0,1.0,1.0,0.99999994,1.0,1.0,1.0,1.0,1.0,1.0,1.0,1.0,1.0,0.999889,1.0,1.0,1.0,0.63189846,0.99994445,0.99999994,1.0,1.0,1.0,1.0,1.0,1.0,1.0,1.0,1.0,1.0,0.99999994,1.0,1.0,1.0,1.0,1.0,1.0,0.99999964,1.0,1.0,0.98304677,1.0,1.0,1.0,1.0,1.0,1.0,0.9999999,1.0,1.0,1.0,1.0,1.0,1.0,1.0,1.0,1.0,1.0,1.0,1.0,1.0,1.0,1.0,1.0
GTF2F1_K562,1.0,0.99999994,1.0,1.0,1.0,1.0,1.0,1.0,1.0,0.99999994,1.0,1.0,1.0,1.0,1.0,1.0,0.99999124,1.0,1.0,1.0,1.0,1.0,1.0,1.0,0.8192688,0.9999928,1.0,1.0,1.0,1.0,1.0,1.0,1.0,1.0,1.0,0.99999994,1.0,1.0,0.99999875,1.0,1.0,1.0,1.0,1.0,1.0,1.0,1.0,1.0,0.99999994,1.0,1.0,1.0,1.0,1.0,1.0,1.0,0.99999994,1.0,1.0,1.0,1.0,1.0,1.0,0.9999998,1.0,1.0,1.0,1.0,1.0,1.0,1.0,1.0,1.0,1.0,1.0,1.0,0.99999905,0.8838321,1.0,1.0,0.99999994,1.0,1.0,0.99999994,1.0,0.99999994,1.0,1.0,1.0,0.99999994,1.0,1.0,1.0,1.0,1.0,0.99999994,1.0,1.0,1.0,1.0,0.99997985,0.9991595,0.987089,1.0,1.0,1.0,1.0,1.0,1.0,1.0,1.0,1.0,0.99999976,1.0,1.0,1.0,1.0,1.0,1.0,1.0,1.0,1.0,0.902166,1.0,0.99999994,1.0,1.0,1.0,1.0,1.0,1.0,1.0,1.0,1.0,0.99999994,1.0,1.0,1.0,1.0,1.0,1.0,1.0,1.0,1.0,1.0,1.0,1.0,1.0,1.0,1.0,0.99999994,1.0,1.0,1.0,1.0,1.0,0.9999997,1.0,1.0,1.0,1.0,1.0,1.0,1.0,1.0,1.0,1.0,1.0,1.0,1.0,1.0,1.0,0.9998856,1.0,1.0,0.99999994,0.6320722,0.99994206,1.0,1.0,1.0,1.0,1.0,0.99999994,1.0,1.0,1.0,1.0,1.0,0.9999998,1.0,1.0,1.0,1.0,1.0,1.0,0.9999994,1.0,1.0,0.9830879,1.0,1.0,1.0,1.0,1.0,1.0,0.99999976,1.0,1.0,1.0,1.0,0.99999994,1.0,1.0,1.0,1.0,1.0,1.0,1.0,1.0,1.0,1.0,1.0
HLTF_HepG2,1.0,0.99999994,1.0,1.0,1.0,1.0,1.0,1.0,1.0,1.0,1.0,1.0,1.0,1.0,1.0,1.0,0.9999911,1.0,1.0,1.0,1.0,1.0,1.0,1.0,0.8192858,0.9999929,1.0,1.0,1.0,1.0,1.0,1.0,1.0,1.0,1.0,0.99999994,1.0,1.0,0.9999988,1.0,1.0,1.0,1.0,1.0,1.0,1.0,1.0,1.0,0.99999994,1.0,1.0,1.0,1.0,1.0,1.0,1.0,1.0,1.0,1.0,1.0,1.0,1.0,1.0,0.9999998,1.0,1.0,1.0,1.0,1.0,1.0,1.0,1.0,1.0,1.0,1.0,1.0,0.9999991,0.8838182,1.0,1.0,1.0,1.0,0.99999994,0.99999994,1.0,1.0,1.0,1.0,1.0,0.99999994,1.0,1.0,1.0,1.0,1.0,0.99999994,1.0,1.0,1.0,1.0,0.99998003,0.99915826,0.9870937,1.0,1.0,1.0,1.0,1.0,1.0,1.0,1.0,1.0,0.99999976,1.0,1.0,1.0,1.0,1.0,1.0,1.0,1.0,1.0,0.9021788,1.0,0.99999994,1.0,1.0,1.0,1.0,1.0,1.0,1.0,1.0,1.0,0.99999994,1.0,1.0,1.0,1.0,1.0,1.0,1.0,1.0,1.0,1.0,1.0,1.0,1.0,1.0,1.0,1.0,1.0,1.0,1.0,1.0,1.0,0.9999997,1.0,1.0,1.0,1.0,1.0,1.0,1.0,1.0,1.0,1.0,1.0,1.0,1.0,1.0,1.0,0.9998861,1.0,1.0,1.0,0.6320492,0.99994236,1.0,1.0,1.0,1.0,1.0,0.99999994,1.0,1.0,1.0,1.0,1.0,0.9999999,1.0,1.0,1.0,1.0,1.0,1.0,0.99999946,1.0,1.0,0.9830825,1.0,1.0,1.0,1.0,1.0,1.0,0.99999976,1.0,1.0,1.0,1.0,0.99999994,1.0,1.0,1.0,1.0,1.0,1.0,1.0,1.0,1.0,1.0,1.0
HLTF_K562,1.0,1.0,1.0,1.0,1.0,1.0,1.0,1.0,1.0,1.0,1.0,1.0,1.0,1.0,1.0,1.0,0.99999076,1.0,1.0,1.0,1.0,1.0,1.0,1.0,0.81933,0.99999315,1.0,1.0,1.0,1.0,1.0,1.0,1.0,1.0,1.0,1.0,1.0,1.0,0.9999989,1.0,1.0,1.0,1.0,1.0,1.0,1.0,1.0,1.0,0.99999994,1.0,1.0,1.0,1.0,1.0,1.0,1.0,1.0,1.0,1.0,1.0,1.0,1.0,1.0,0.9999999,1.0,1.0,1.0,1.0,1.0,1.0,1.0,1.0,1.0,1.0,1.0,1.0,0.9999992,0.88378215,1.0,1.0,1.0,1.0,0.99999994,1.0,1.0,1.0,1.0,1.0,1.0,1.0,0.99999994,1.0,1.0,1.0,1.0,0.99999994,1.0,1.0,1.0,1.0,0.9999805,0.9991551,0.987106,1.0,1.0,1.0,1.0,1.0,1.0,1.0,1.0,1.0,0.9999997,1.0,1.0,1.0,1.0,1.0,1.0,1.0,1.0,1.0,0.902212,1.0,1.0,1.0,1.0,1.0,1.0,1.0,1.0,1.0,1.0,1.0,1.0,1.0,1.0,1.0,1.0,1.0,1.0,1.0,1.0,1.0,1.0,1.0,1.0,1.0,1.0,1.0,1.0,1.0,1.0,1.0,1.0,1.0,0.99999976,1.0,1.0,1.0,1.0,1.0,1.0,1.0,1.0,1.0,1.0,1.0,1.0,1.0,1.0,1.0,0.9998872,1.0,1.0,1.0,0.63198954,0.9999432,1.0,1.0,1.0,1.0,1.0,1.0,1.0,1.0,1.0,1.0,1.0,0.9999999,1.0,1.0,1.0,1.0,1.0,1.0,0.9999995,1.0,1.0,0.98306835,1.0,1.0,1.0,1.0,1.0,1.0,0.9999998,1.0,1.0,1.0,1.0,1.0,1.0,1.0,1.0,1.0,1.0,1.0,1.0,1.0,1.0,1.0,1.0
HNRNPA1_HepG2,1.0,1.0,1.0,1.0,1.0,1.0,1.0,1.0,1.0,1.0,1.0,1.0,1.0,1.0,1.0,1.0,0.99999034,1.0,1.0,1.0,1.0,1.0,1.0,1.0,0.8193863,0.9999935,1.0,1.0,1.0,1.0,1.0,1.0,1.0,1.0,1.0,1.0,1.0,1.0,0.99999905,1.0,1.0,1.0,1.0,1.0,1.0,1.0,1.0,1.0,1.0,1.0,1.0,1.0,0.99999994,1.0,1.0,1.0,1.0,1.0,1.0,1.0,1.0,1.0,1.0,0.9999999,1.0,1.0,1.0,1.0,1.0,1.0,1.0,1.0,1.0,1.0,1.0,1.0,0.99999934,0.8837362,1.0,1.0,1.0,1.0,0.9999999,1.0,1.0,1.0,1.0,1.0,1.0,1.0,0.99999994,1.0,1.0,1.0,1.0,0.9999999,1.0,1.0,1.0,1.0,0.99998116,0.99915105,0.98712176,1.0,1.0,1.0,1.0,1.0,1.0,1.0,1.0,1.0,0.99999964,1.0,1.0,1.0,1.0,1.0,1.0,1.0,1.0,1.0,0.9022544,1.0,1.0,0.99999994,1.0,1.0,1.0,1.0,1.0,1.0,1.0,1.0,1.0,1.0,1.0,1.0,1.0,1.0,1.0,1.0,1.0,1.0,1.0,1.0,0.99999994,1.0,1.0,1.0,1.0,1.0,1.0,1.0,1.0,1.0,0.9999998,1.0,1.0,1.0,1.0,1.0,1.0,1.0,1.0,1.0,1.0,1.0,1.0,1.0,1.0,1.0,0.9998887,1.0,1.0,1.0,0.63191336,0.99994427,1.0,1.0,1.0,1.0,1.0,1.0,1.0,1.0,1.0,1.0,1.0,0.99999994,1.0,1.0,1.0,1.0,1.0,1.0,0.9999996,1.0,1.0,0.98305035,1.0,1.0,1.0,1.0,1.0,1.0,0.9999999,1.0,1.0,1.0,1.0,1.0,1.0,1.0,1.0,1.0,1.0,1.0,1.0,1.0,1.0,1.0,1.0
HNRNPA1_K562,0.99999917,0.9999994,0.99999905,0.99999917,0.9999992,0.9999993,0.9999992,0.9999992,0.99999934,0.9999994,0.9999993,0.99999934,0.99999917,0.99999917,0.99999905,0.9999991,0.99998456,0.9999993,0.9999993,0.99999917,0.9999992,0.99999934,0.9999993,0.9999993,0.820054,0.999997,0.9999993,0.9999993,0.99999934,0.99999917,0.99999917,0.9999993,0.9999993,0.9999992,0.99999934,0.9999994,0.9999993,0.9999992,1.0,0.9999992,0.9999993,0.99999934,0.9999993,0.9999991,0.9999992,0.9999992,0.99999917,0.99999917,0.9999995,0.9999992,0.9999992,0.9999992,0.9999989,0.99999934,0.9999991,0.9999992,0.9999994,0.99999905,0.9999991,0.9999992,0.9999992,0.9999993,0.9999993,0.9999997,0.9999993,0.9999993,0.99999917,0.99999917,0.9999993,0.9999992,0.9999992,0.99999934,0.99999905,0.9999991,0.9999992,0.99999934,1.0,0.88319004,0.9999992,0.9999993,0.9999994,0.9999991,0.99999875,0.9999994,0.99999934,0.9999994,0.999999,0.9999993,0.99999917,0.99999946,0.9999988,0.9999992,0.9999992,0.9999993,0.9999992,0.9999987,0.9999991,0.9999991,0.9999992,0.9999993,0.9999876,0.99910235,0.98730755,0.99999934,0.9999992,0.99999917,0.9999992,0.99999917,0.9999991,0.99999934,0.99999934,0.9999991,0.999998,0.9999993,0.9999992,0.9999993,0.99999934,0.9999993,0.99999917,0.99999917,0.99999934,0.9999993,0.90275645,0.9999993,0.9999994,0.99999887,0.9999993,0.9999992,0.99999917,0.9999992,0.9999992,0.99999934,0.9999993,0.9999993,0.99999946,0.99999917,0.9999991,0.9999993,0.99999917,0.99999905,0.99999934,0.9999992,0.9999993,0.9999991,0.9999993,0.99999917,0.999999,0.9999992,0.9999993,0.9999992,0.9999994,0.99999917,0.99999917,0.99999917,0.9999992,0.9999992,0.9999998,0.9999993,0.9999993,0.9999992,0.99999934,0.9999992,0.999999,0.99999917,0.9999992,0.9999992,0.99999934,0.9999992,0.99999917,0.99999934,0.9999993,0.9999993,0.9999054,0.99999934,0.9999992,0.9999994,0.63100946,0.9999559,0.999999,0.9999992,0.99999917,0.99999905,0.99999934,0.99999946,0.9999993,0.9999993,0.9999993,0.9999993,0.9999992,0.9999997,0.99999917,0.9999993,0.9999993,0.9999993,0.99999917,0.9999993,0.99999994,0.9999993,0.9999991,0.98283595,0.9999991,0.9999993,0.9999992,0.9999993,0.99999934,0.99999934,0.99999976,0.99999917,0.99999934,0.99999917,0.9999992,0.99999946,0.9999993,0.99999917,0.9999992,0.9999992,0.9999993,0.9999993,0.9999991,0.99999934,0.9999993,0.9999991,0.9999991
HNRNPC_HepG2,0.88379997,0.88369644,0.88383526,0.8837882,0.8837835,0.88375413,0.8837693,0.883775,0.88373584,0.88371086,0.88375133,0.88372153,0.88378507,0.88380104,0.88383514,0.8838258,0.88578427,0.88374424,0.88374645,0.88379645,0.88378423,0.8837363,0.88374645,0.8837497,0.45585257,0.882047,0.8837499,0.8837533,0.8837311,0.8837903,0.883804,0.8837565,0.8837411,0.88377225,0.8837243,0.8836998,0.88376135,0.88376683,0.883098,0.8837688,0.88374746,0.88373524,0.88375473,0.88380754,0.8837623,0.8837766,0.8838036,0.8837901,0.8836462,0.8837787,0.8837796,0.88377774,0.8838678,0.8837366,0.8838186,0.8837656,0.8837044,0.88383365,0.8838085,0.883768,0.8837701,0.8837608,0.883744,0.8835339,0.88374954,0.88375705,0.8837906,0.8838013,0.8837465,0.88377625,0.8837731,0.88372713,0.8838321,0.8838182,0.88378215,0.8837362,0.88319004,1.0,0.88377166,0.8837497,0.88371307,0.8838101,0.88393956,0.88369626,0.8837259,0.88371295,0.88384926,0.8837529,0.883788,0.8836735,0.88391143,0.8837663,0.88376766,0.88374746,0.8837803,0.8839478,0.8838115,0.8838207,0.883776,0.88375723,0.8808457,0.9022652,0.7974913,0.8837288,0.8837732,0.8837927,0.88377225,0.88379705,0.8838118,0.8837379,0.8837322,0.88382435,0.88413596,0.8837535,0.8837739,0.8837573,0.8837191,0.8837604,0.883798,0.88380307,0.88371897,0.8837585,0.5955576,0.88374245,0.8837017,0.8838959,0.8837436,0.8837782,0.8838016,0.8837779,0.88376945,0.8837292,0.88374716,0.88375777,0.8836827,0.88379955,0.88382375,0.8837484,0.88380414,0.883827,0.8837236,0.8837706,0.8837522,0.8838104,0.88375425,0.8837877,0.88386035,0.8837788,0.8837516,0.88376206,0.8837124,0.88378966,0.88379467,0.88379765,0.88377225,0.88377947,0.88346153,0.88374406,0.8837558,0.8837641,0.88372695,0.8837768,0.88384706,0.8838002,0.88377553,0.88376474,0.8837324,0.88377476,0.88379025,0.8837288,0.88375944,0.88375944,0.87665623,0.8837278,0.8837688,0.8837047,0.9211517,0.8787454,0.8838472,0.8837831,0.8837901,0.8838339,0.88372505,0.8836737,0.88375866,0.88374084,0.8837611,0.8837494,0.8837655,0.8835648,0.8837867,0.8837406,0.8837532,0.88375026,0.8837853,0.8837569,0.88332146,0.8837457,0.883815,0.9545557,0.88382214,0.88374764,0.8837663,0.88374186,0.88373,0.8837322,0.8835107,0.88378614,0.88372785,0.88379514,0.88377225,0.88367337,0.8837566,0.8837898,0.88377357,0.8837738,0.883743,0.88376,0.88381004,0.8837355,0.8837526,0.88382095,0.88381076
HNRNPC_K562,1.0,1.0,1.0,1.0,1.0,1.0,1.0,1.0,1.0,1.0,1.0,1.0,1.0,1.0,1.0,1.0,0.9999907,1.0,1.0,1.0,1.0,1.0,1.0,1.0,0.8193428,0.99999326,1.0,1.0,1.0,1.0,1.0,1.0,1.0,1.0,1.0,1.0,1.0,1.0,0.999999,1.0,1.0,1.0,1.0,1.0,1.0,1.0,1.0,1.0,0.99999994,1.0,1.0,1.0,1.0,1.0,1.0,1.0,1.0,1.0,1.0,1.0,1.0,1.0,1.0,0.9999999,1.0,1.0,1.0,1.0,1.0,1.0,1.0,1.0,1.0,1.0,1.0,1.0,0.9999992,0.88377166,1.0,1.0,1.0,1.0,0.99999994,1.0,1.0,1.0,1.0,1.0,1.0,1.0,0.99999994,1.0,1.0,1.0,1.0,0.99999994,1.0,1.0,1.0,1.0,0.9999807,0.9991542,0.9871096,1.0,1.0,1.0,1.0,1.0,1.0,1.0,1.0,1.0,0.9999997,1.0,1.0,1.0,1.0,1.0,1.0,1.0,1.0,1.0,0.9022217,1.0,1.0,0.99999994,1.0,1.0,1.0,1.0,1.0,1.0,1.0,1.0,1.0,1.0,1.0,1.0,1.0,1.0,1.0,1.0,1.0,1.0,1.0,1.0,1.0,1.0,1.0,1.0,1.0,1.0,1.0,1.0,1.0,1.0,0.99999976,1.0,1.0,1.0,1.0,1.0,1.0,1.0,1.0,1.0,1.0,1.0,1.0,1.0,1.0,1.0,0.9998876,1.0,1.0,1.0,0.6319722,0.99994344,1.0,1.0,1.0,1.0,1.0,1.0,1.0,1.0,1.0,1.0,1.0,0.9999999,1.0,1.0,1.0,1.0,1.0,1.0,0.9999995,1.0,1.0,0.98306423,1.0,1.0,1.0,1.0,1.0,1.0,0.9999998,1.0,1.0,1.0,1.0,1.0,1.0,1.0,1.0,1.0,1.0,1.0,1.0,1.0,1.0,1.0,1.0
HNRNPK_HepG2,1.0,1.0,1.0,1.0,1.0,1.0,1.0,1.0,1.0,1.0,1.0,1.0,1.0,1.0,1.0,1.0,0.99999046,1.0,1.0,1.0,1.0,1.0,1.0,1.0,0.8193697,0.99999344,1.0,1.0,1.0,1.0,1.0,1.0,1.0,1.0,1.0,1.0,1.0,1.0,0.99999905,1.0,1.0,1.0,1.0,1.0,1.0,1.0,1.0,1.0,1.0,1.0,1.0,1.0,0.99999994,1.0,1.0,1.0,1.0,1.0,1.0,1.0,1.0,1.0,1.0,0.9999999,1.0,1.0,1.0,1.0,1.0,1.0,1.0,1.0,1.0,1.0,1.0,1.0,0.9999993,0.8837497,1.0,1.0,1.0,1.0,0.99999994,1.0,1.0,1.0,1.0,1.0,1.0,1.0,0.99999994,1.0,1.0,1.0,1.0,0.9999999,1.0,1.0,1.0,1.0,0.999981,0.99915224,0.9871171,1.0,1.0,1.0,1.0,1.0,1.0,1.0,1.0,1.0,0.99999964,1.0,1.0,1.0,1.0,1.0,1.0,1.0,1.0,1.0,0.90224195,1.0,1.0,0.99999994,1.0,1.0,1.0,1.0,1.0,1.0,1.0,1.0,1.0,1.0,1.0,1.0,1.0,1.0,1.0,1.0,1.0,1.0,1.0,1.0,1.0,1.0,1.0,1.0,1.0,1.0,1.0,1.0,1.0,1.0,0.9999998,1.0,1.0,1.0,1.0,1.0,1.0,1.0,1.0,1.0,1.0,1.0,1.0,1.0,1.0,1.0,0.9998883,1.0,1.0,1.0,0.63193583,0.999944,1.0,1.0,1.0,1.0,1.0,1.0,1.0,1.0,1.0,1.0,1.0,0.99999994,1.0,1.0,1.0,1.0,1.0,1.0,0.9999996,1.0,1.0,0.98305565,1.0,1.0,1.0,1.0,1.0,1.0,0.9999999,1.0,1.0,1.0,1.0,1.0,1.0,1.0,1.0,1.0,1.0,1.0,1.0,1.0,1.0,1.0,1.0
HNRNPK_K562,1.0,1.0,0.99999994,1.0,1.0,1.0,1.0,1.0,1.0,1.0,1.0,1.0,1.0,1.0,0.99999994,1.0,0.9999901,1.0,1.0,1.0,1.0,1.0,1.0,1.0,0.8194146,0.9999937,1.0,1.0,1.0,1.0,1.0,1.0,1.0,1.0,1.0,1.0,1.0,1.0,0.99999917,1.0,1.0,1.0,1.0,1.0,1.0,1.0,1.0,1.0,1.0,1.0,1.0,1.0,0.99999994,1.0,1.0,1.0,1.0,0.99999994,1.0,1.0,1.0,1.0,1.0,0.99999994,1.0,1.0,1.0,1.0,1.0,1.0,1.0,1.0,0.99999994,1.0,1.0,1.0,0.9999994,0.88371307,1.0,1.0,1.0,1.0,0.9999999,1.0,1.0,1.0,0.99999994,1.0,1.0,1.0,0.9999999,1.0,1.0,1.0,1.0,0.9999999,1.0,1.0,1.0,1.0,0.99998146,0.999149,0.9871297,1.0,1.0,1.0,1.0,1.0,1.0,1.0,1.0,1.0,0.9999996,1.0,1.0,1.0,1.0,1.0,1.0,1.0,1.0,1.0,0.90227574,1.0,1.0,0.99999994,1.0,1.0,1.0,1.0,1.0,1.0,1.0,1.0,1.0,1.0,1.0,1.0,1.0,1.0,1.0,1.0,1.0,1.0,1.0,1.0,0.99999994,1.0,1.0,1.0,1.0,1.0,1.0,1.0,1.0,1.0,0.9999999,1.0,1.0,1.0,1.0,1.0,0.99999994,1.0,1.0,1.0,1.0,1.0,1.0,1.0,1.0,1.0,0.99988943,1.0,1.0,1.0,0.63187504,0.99994475,0.99999994,1.0,1.0,0.99999994,1.0,1.0,1.0,1.0,1.0,1.0,1.0,0.99999994,1.0,1.0,1.0,1.0,1.0,1.0,0.99999964,1.0,1.0,0.9830413,1.0,1.0,1.0,1.0,1.0,1.0,0.9999999,1.0,1.0,1.0,1.0,1.0,1.0,1.0,1.0,1.0,1.0,1.0,1.0,1.0,1.0,1.0,1.0
HNRNPL_HepG2,1.0,1.0,1.0,1.0,1.0,1.0,1.0,1.0,1.0,1.0,1.0,1.0,1.0,1.0,1.0,1.0,0.999991,1.0,1.0,1.0,1.0,1.0,1.0,1.0,0.8192957,0.99999297,1.0,1.0,1.0,1.0,1.0,1.0,1.0,1.0,1.0,1.0,1.0,1.0,0.99999887,1.0,1.0,1.0,1.0,1.0,1.0,1.0,1.0,1.0,0.99999994,1.0,1.0,1.0,1.0,1.0,1.0,1.0,1.0,1.0,1.0,1.0,1.0,1.0,1.0,0.9999998,1.0,1.0,1.0,1.0,1.0,1.0,1.0,1.0,1.0,1.0,1.0,1.0,0.9999991,0.8838101,1.0,1.0,1.0,1.0,0.99999994,1.0,1.0,1.0,1.0,1.0,1.0,0.99999994,1.0,1.0,1.0,1.0,1.0,0.99999994,1.0,1.0,1.0,1.0,0.99998015,0.99915755,0.9870965,1.0,1.0,1.0,1.0,1.0,1.0,1.0,1.0,1.0,0.99999976,1.0,1.0,1.0,1.0,1.0,1.0,1.0,1.0,1.0,0.9021863,1.0,1.0,1.0,1.0,1.0,1.0,1.0,1.0,1.0,1.0,1.0,0.99999994,1.0,1.0,1.0,1.0,1.0,1.0,1.0,1.0,1.0,1.0,1.0,1.0,1.0,1.0,1.0,1.0,1.0,1.0,1.0,1.0,1.0,0.9999997,1.0,1.0,1.0,1.0,1.0,1.0,1.0,1.0,1.0,1.0,1.0,1.0,1.0,1.0,1.0,0.99988633,1.0,1.0,1.0,0.63203585,0.99994254,1.0,1.0,1.0,1.0,1.0,0.99999994,1.0,1.0,1.0,1.0,1.0,0.9999999,1.0,1.0,1.0,1.0,1.0,1.0,0.99999946,1.0,1.0,0.98307925,1.0,1.0,1.0,1.0,1.0,1.0,0.9999998,1.0,1.0,1.0,1.0,0.99999994,1.0,1.0,1.0,1.0,1.0,1.0,1.0,1.0,1.0,1.0,1.0
HNRNPL_K562,0.99999994,0.9999999,1.0,0.99999994,0.99999994,0.99999994,0.99999994,0.99999994,0.9999999,0.9999999,0.99999994,0.9999999,0.99999994,0.99999994,1.0,1.0,0.99999213,0.99999994,0.99999994,0.99999994,0.99999994,0.9999999,0.99999994,0.99999994,0.81913704,0.9999919,0.99999994,0.99999994,0.9999999,0.99999994,0.99999994,0.99999994,0.9999999,0.99999994,0.9999999,0.9999999,0.99999994,0.99999994,0.9999984,0.99999994,0.99999994,0.9999999,0.99999994,0.99999994,0.99999994,0.99999994,0.99999994,0.99999994,0.9999998,0.99999994,0.99999994,0.99999994,1.0,0.9999999,0.99999994,0.99999994,0.9999999,1.0,0.99999994,0.99999994,0.99999994,0.99999994,0.99999994,0.99999964,0.99999994,0.99999994,0.99999994,0.99999994,0.99999994,0.99999994,0.99999994,0.9999999,1.0,0.99999994,0.99999994,0.9999999,0.99999875,0.88393956,0.99999994,0.99999994,0.9999999,0.99999994,1.0,0.9999999,0.9999999,0.9999999,1.0,0.99999994,0.99999994,0.9999998,1.0,0.99999994,0.99999994,0.99999994,0.99999994,1.0,0.99999994,0.99999994,0.99999994,0.99999994,0.99997836,0.9991689,0.98705214,0.9999999,0.99999994,0.99999994,0.99999994,0.99999994,0.99999994,0.9999999,0.9999999,0.99999994,0.99999994,0.99999994,0.99999994,0.99999994,0.9999999,0.99999994,0.99999994,0.99999994,0.9999999,0.99999994,0.9020669,0.99999994,0.9999999,1.0,0.99999994,0.99999994,0.99999994,0.99999994,0.99999994,0.9999999,0.99999994,0.99999994,0.9999998,0.99999994,0.99999994,0.99999994,0.99999994,1.0,0.9999999,0.99999994,0.99999994,0.99999994,0.99999994,0.99999994,1.0,0.99999994,0.99999994,0.99999994,0.9999999,0.99999994,0.99999994,0.99999994,0.99999994,0.99999994,0.99999946,0.99999994,0.99999994,0.99999994,0.9999999,0.99999994,1.0,0.99999994,0.99999994,0.99999994,0.9999999,0.99999994,0.99999994,0.9999999,0.99999994,0.99999994,0.99988216,0.9999999,0.99999994,0.9999999,0.6322502,0.99993956,1.0,0.99999994,0.99999994,1.0,0.9999999,0.9999998,0.99999994,0.9999999,0.99999994,0.99999994,0.99999994,0.9999997,0.99999994,0.9999999,0.99999994,0.99999994,0.99999994,0.99999994,0.9999991,0.99999994,0.99999994,0.9831299,0.99999994,0.99999994,0.99999994,0.99999994,0.9999999,0.9999999,0.9999996,0.99999994,0.9999999,0.99999994,0.99999994,0.9999998,0.99999994,0.99999994,0.99999994,0.99999994,0.99999994,0.99999994,0.99999994,0.9999999,0.99999994,0.99999994,0.99999994
HNRNPM_HepG2,1.0,1.0,0.99999994,1.0,1.0,1.0,1.0,1.0,1.0,1.0,1.0,1.0,1.0,1.0,0.99999994,0.99999994,0.99999,1.0,1.0,1.0,1.0,1.0,1.0,1.0,0.8194352,0.99999386,1.0,1.0,1.0,1.0,1.0,1.0,1.0,1.0,1.0,1.0,1.0,1.0,0.99999917,1.0,1.0,1.0,1.0,1.0,1.0,1.0,1.0,1.0,1.0,1.0,1.0,1.0,0.99999994,1.0,0.99999994,1.0,1.0,0.99999994,1.0,1.0,1.0,1.0,1.0,0.99999994,1.0,1.0,1.0,1.0,1.0,1.0,1.0,1.0,0.99999994,0.99999994,1.0,1.0,0.9999994,0.88369626,1.0,1.0,1.0,1.0,0.9999999,1.0,1.0,1.0,0.99999994,1.0,1.0,1.0,0.9999999,1.0,1.0,1.0,1.0,0.9999999,0.99999994,0.99999994,1.0,1.0,0.99998164,0.99914753,0.9871354,1.0,1.0,1.0,1.0,1.0,0.99999994,1.0,1.0,0.99999994,0.9999996,1.0,1.0,1.0,1.0,1.0,1.0,1.0,1.0,1.0,0.9022912,1.0,1.0,0.9999999,1.0,1.0,1.0,1.0,1.0,1.0,1.0,1.0,1.0,1.0,0.99999994,1.0,1.0,0.99999994,1.0,1.0,1.0,1.0,1.0,1.0,0.99999994,1.0,1.0,1.0,1.0,1.0,1.0,1.0,1.0,1.0,0.9999999,1.0,1.0,1.0,1.0,1.0,0.99999994,1.0,1.0,1.0,1.0,1.0,1.0,1.0,1.0,1.0,0.99988997,1.0,1.0,1.0,0.6318473,0.99994516,0.99999994,1.0,1.0,0.99999994,1.0,1.0,1.0,1.0,1.0,1.0,1.0,0.99999994,1.0,1.0,1.0,1.0,1.0,1.0,0.9999997,1.0,0.99999994,0.9830347,0.99999994,1.0,1.0,1.0,1.0,1.0,0.99999994,1.0,1.0,1.0,1.0,1.0,1.0,1.0,1.0,1.0,1.0,1.0,1.0,1.0,1.0,0.99999994,0.99999994
HNRNPM_K562,1.0,1.0,1.0,1.0,1.0,1.0,1.0,1.0,1.0,1.0,1.0,1.0,1.0,1.0,1.0,1.0,0.9999902,1.0,1.0,1.0,1.0,1.0,1.0,1.0,0.81939894,0.9999936,1.0,1.0,1.0,1.0,1.0,1.0,1.0,1.0,1.0,1.0,1.0,1.0,0.9999991,1.0,1.0,1.0,1.0,1.0,1.0,1.0,1.0,1.0,1.0,1.0,1.0,1.0,0.99999994,1.0,1.0,1.0,1.0,1.0,1.0,1.0,1.0,1.0,1.0,0.99999994,1.0,1.0,1.0,1.0,1.0,1.0,1.0,1.0,1.0,1.0,1.0,1.0,0.99999934,0.8837259,1.0,1.0,1.0,1.0,0.9999999,1.0,1.0,1.0,0.99999994,1.0,1.0,1.0,0.99999994,1.0,1.0,1.0,1.0,0.9999999,1.0,1.0,1.0,1.0,0.9999813,0.99915016,0.9871253,1.0,1.0,1.0,1.0,1.0,1.0,1.0,1.0,1.0,0.99999964,1.0,1.0,1.0,1.0,1.0,1.0,1.0,1.0,1.0,0.9022639,1.0,1.0,0.99999994,1.0,1.0,1.0,1.0,1.0,1.0,1.0,1.0,1.0,1.0,1.0,1.0,1.0,1.0,1.0,1.0,1.0,1.0,1.0,1.0,0.99999994,1.0,1.0,1.0,1.0,1.0,1.0,1.0,1.0,1.0,0.9999998,1.0,1.0,1.0,1.0,1.0,0.99999994,1.0,1.0,1.0,1.0,1.0,1.0,1.0,1.0,1.0,0.999889,1.0,1.0,1.0,0.6318963,0.9999445,0.99999994,1.0,1.0,1.0,1.0,1.0,1.0,1.0,1.0,1.0,1.0,0.99999994,1.0,1.0,1.0,1.0,1.0,1.0,0.99999964,1.0,1.0,0.9830463,1.0,1.0,1.0,1.0,1.0,1.0,0.9999999,1.0,1.0,1.0,1.0,1.0,1.0,1.0,1.0,1.0,1.0,1.0,1.0,1.0,1.0,1.0,1.0
HNRNPU_HepG2,1.0,1.0,0.99999994,1.0,1.0,1.0,1.0,1.0,1.0,1.0,1.0,1.0,1.0,1.0,0.99999994,1.0,0.9999901,1.0,1.0,1.0,1.0,1.0,1.0,1.0,0.81941473,0.9999937,1.0,1.0,1.0,1.0,1.0,1.0,1.0,1.0,1.0,1.0,1.0,1.0,0.99999917,1.0,1.0,1.0,1.0,1.0,1.0,1.0,1.0,1.0,1.0,1.0,1.0,1.0,0.99999994,1.0,1.0,1.0,1.0,0.99999994,1.0,1.0,1.0,1.0,1.0,0.99999994,1.0,1.0,1.0,1.0,1.0,1.0,1.0,1.0,0.99999994,1.0,1.0,1.0,0.9999994,0.88371295,1.0,1.0,1.0,1.0,0.9999999,1.0,1.0,1.0,0.99999994,1.0,1.0,1.0,0.9999999,1.0,1.0,1.0,1.0,0.9999999,1.0,1.0,1.0,1.0,0.99998146,0.999149,0.9871297,1.0,1.0,1.0,1.0,1.0,1.0,1.0,1.0,1.0,0.9999996,1.0,1.0,1.0,1.0,1.0,1.0,1.0,1.0,1.0,0.9022758,1.0,1.0,0.99999994,1.0,1.0,1.0,1.0,1.0,1.0,1.0,1.0,1.0,1.0,1.0,1.0,1.0,1.0,1.0,1.0,1.0,1.0,1.0,1.0,0.99999994,1.0,1.0,1.0,1.0,1.0,1.0,1.0,1.0,1.0,0.9999999,1.0,1.0,1.0,1.0,1.0,0.99999994,1.0,1.0,1.0,1.0,1.0,1.0,1.0,1.0,1.0,0.99988943,1.0,1.0,1.0,0.6318749,0.99994475,0.99999994,1.0,1.0,0.99999994,1.0,1.0,1.0,1.0,1.0,1.0,1.0,0.99999994,1.0,1.0,1.0,1.0,1.0,1.0,0.99999964,1.0,1.0,0.9830412,1.0,1.0,1.0,1.0,1.0,1.0,0.9999999,1.0,1.0,1.0,1.0,1.0,1.0,1.0,1.0,1.0,1.0,1.0,1.0,1.0,1.0,1.0,1.0
HNRNPU_K562,1.0,0.99999994,1.0,1.0,1.0,1.0,1.0,1.0,1.0,0.99999994,1.0,0.99999994,1.0,1.0,1.0,1.0,0.99999136,1.0,1.0,1.0,1.0,1.0,1.0,1.0,0.8192478,0.9999926,1.0,1.0,0.99999994,1.0,1.0,1.0,1.0,1.0,0.99999994,0.99999994,1.0,1.0,0.9999987,1.0,1.0,1.0,1.0,1.0,1.0,1.0,1.0,1.0,0.9999999,1.0,1.0,1.0,1.0,1.0,1.0,1.0,0.99999994,1.0,1.0,1.0,1.0,1.0,1.0,0.99999976,1.0,1.0,1.0,1.0,1.0,1.0,1.0,0.99999994,1.0,1.0,1.0,1.0,0.999999,0.88384926,1.0,1.0,0.99999994,1.0,1.0,0.99999994,0.99999994,0.99999994,1.0,1.0,1.0,0.99999994,1.0,1.0,1.0,1.0,1.0,1.0,1.0,1.0,1.0,1.0,0.9999796,0.999161,0.9870831,0.99999994,1.0,1.0,1.0,1.0,1.0,1.0,0.99999994,1.0,0.9999998,1.0,1.0,1.0,0.99999994,1.0,1.0,1.0,0.99999994,1.0,0.9021502,1.0,0.99999994,1.0,1.0,1.0,1.0,1.0,1.0,0.99999994,1.0,1.0,0.99999994,1.0,1.0,1.0,1.0,1.0,0.99999994,1.0,1.0,1.0,1.0,1.0,1.0,1.0,1.0,1.0,0.99999994,1.0,1.0,1.0,1.0,1.0,0.99999964,1.0,1.0,1.0,0.99999994,1.0,1.0,1.0,1.0,1.0,0.99999994,1.0,1.0,0.99999994,1.0,1.0,0.9998851,0.99999994,1.0,0.99999994,0.63210064,0.99994165,1.0,1.0,1.0,1.0,0.99999994,0.99999994,1.0,1.0,1.0,1.0,1.0,0.9999998,1.0,1.0,1.0,1.0,1.0,1.0,0.99999934,1.0,1.0,0.9830946,1.0,1.0,1.0,1.0,0.99999994,0.99999994,0.99999976,1.0,0.99999994,1.0,1.0,0.99999994,1.0,1.0,1.0,1.0,1.0,1.0,1.0,1.0,1.0,1.0,1.0
HNRNPUL1_HepG2,1.0,1.0,1.0,1.0,1.0,1.0,1.0,1.0,1.0,1.0,1.0,1.0,1.0,1.0,1.0,1.0,0.9999905,1.0,1.0,1.0,1.0,1.0,1.0,1.0,0.81936586,0.9999934,1.0,1.0,1.0,1.0,1.0,1.0,1.0,1.0,1.0,1.0,1.0,1.0,0.99999905,1.0,1.0,1.0,1.0,1.0,1.0,1.0,1.0,1.0,1.0,1.0,1.0,1.0,0.99999994,1.0,1.0,1.0,1.0,1.0,1.0,1.0,1.0,1.0,1.0,0.9999999,1.0,1.0,1.0,1.0,1.0,1.0,1.0,1.0,1.0,1.0,1.0,1.0,0.9999993,0.8837529,1.0,1.0,1.0,1.0,0.99999994,1.0,1.0,1.0,1.0,1.0,1.0,1.0,0.99999994,1.0,1.0,1.0,1.0,0.99999994,1.0,1.0,1.0,1.0,0.9999809,0.99915254,0.98711604,1.0,1.0,1.0,1.0,1.0,1.0,1.0,1.0,1.0,0.99999964,1.0,1.0,1.0,1.0,1.0,1.0,1.0,1.0,1.0,0.902239,1.0,1.0,0.99999994,1.0,1.0,1.0,1.0,1.0,1.0,1.0,1.0,1.0,1.0,1.0,1.0,1.0,1.0,1.0,1.0,1.0,1.0,1.0,1.0,1.0,1.0,1.0,1.0,1.0,1.0,1.0,1.0,1.0,1.0,0.9999998,1.0,1.0,1.0,1.0,1.0,1.0,1.0,1.0,1.0,1.0,1.0,1.0,1.0,1.0,1.0,0.9998882,1.0,1.0,1.0,0.631941,0.99994385,1.0,1.0,1.0,1.0,1.0,1.0,1.0,1.0,1.0,1.0,1.0,0.99999994,1.0,1.0,1.0,1.0,1.0,1.0,0.9999996,1.0,1.0,0.98305684,1.0,1.0,1.0,1.0,1.0,1.0,0.9999999,1.0,1.0,1.0,1.0,1.0,1.0,1.0,1.0,1.0,1.0,1.0,1.0,1.0,1.0,1.0,1.0
HNRNPUL1_K562,1.0,1.0,1.0,1.0,1.0,1.0,1.0,1.0,1.0,1.0,1.0,1.0,1.0,1.0,1.0,1.0,0.9999908,1.0,1.0,1.0,1.0,1.0,1.0,1.0,0.8193229,0.99999315,1.0,1.0,1.0,1.0,1.0,1.0,1.0,1.0,1.0,1.0,1.0,1.0,0.9999989,1.0,1.0,1.0,1.0,1.0,1.0,1.0,1.0,1.0,0.99999994,1.0,1.0,1.0,1.0,1.0,1.0,1.0,1.0,1.0,1.0,1.0,1.0,1.0,1.0,0.9999999,1.0,1.0,1.0,1.0,1.0,1.0,1.0,1.0,1.0,1.0,1.0,1.0,0.99999917,0.883788,1.0,1.0,1.0,1.0,0.99999994,1.0,1.0,1.0,1.0,1.0,1.0,0.99999994,0.99999994,1.0,1.0,1.0,1.0,0.99999994,1.0,1.0,1.0,1.0,0.99998045,0.99915564,0.98710406,1.0,1.0,1.0,1.0,1.0,1.0,1.0,1.0,1.0,0.9999997,1.0,1.0,1.0,1.0,1.0,1.0,1.0,1.0,1.0,0.90220666,1.0,1.0,1.0,1.0,1.0,1.0,1.0,1.0,1.0,1.0,1.0,1.0,1.0,1.0,1.0,1.0,1.0,1.0,1.0,1.0,1.0,1.0,1.0,1.0,1.0,1.0,1.0,1.0,1.0,1.0,1.0,1.0,1.0,0.99999976,1.0,1.0,1.0,1.0,1.0,1.0,1.0,1.0,1.0,1.0,1.0,1.0,1.0,1.0,1.0,0.99988705,1.0,1.0,1.0,0.63199914,0.9999431,1.0,1.0,1.0,1.0,1.0,0.99999994,1.0,1.0,1.0,1.0,1.0,0.9999999,1.0,1.0,1.0,1.0,1.0,1.0,0.9999995,1.0,1.0,0.9830706,1.0,1.0,1.0,1.0,1.0,1.0,0.9999998,1.0,1.0,1.0,1.0,0.99999994,1.0,1.0,1.0,1.0,1.0,1.0,1.0,1.0,1.0,1.0,1.0
IGF2BP1_HepG2,0.99999994,1.0,0.99999994,0.99999994,1.0,1.0,1.0,1.0,1.0,1.0,1.0,1.0,1.0,0.99999994,0.99999994,0.99999994,0.99998975,1.0,1.0,0.99999994,1.0,1.0,1.0,1.0,0.8194631,0.999994,1.0,1.0,1.0,0.99999994,0.99999994,1.0,1.0,1.0,1.0,1.0,1.0,1.0,0.9999992,1.0,1.0,1.0,1.0,0.99999994,1.0,1.0,0.99999994,0.99999994,1.0,1.0,1.0,1.0,0.99999994,1.0,0.99999994,1.0,1.0,0.99999994,0.99999994,1.0,1.0,1.0,1.0,0.99999994,1.0,1.0,0.99999994,0.99999994,1.0,1.0,1.0,1.0,0.99999994,0.99999994,1.0,1.0,0.99999946,0.8836735,1.0,1.0,1.0,0.99999994,0.9999998,1.0,1.0,1.0,0.99999994,1.0,0.99999994,1.0,0.9999999,1.0,1.0,1.0,1.0,0.9999998,0.99999994,0.99999994,1.0,1.0,0.99998194,0.99914557,0.98714316,1.0,1.0,0.99999994,1.0,0.99999994,0.99999994,1.0,1.0,0.99999994,0.9999995,1.0,1.0,1.0,1.0,1.0,0.99999994,0.99999994,1.0,1.0,0.90231216,1.0,1.0,0.9999999,1.0,1.0,0.99999994,1.0,1.0,1.0,1.0,1.0,1.0,0.99999994,0.99999994,1.0,0.99999994,0.99999994,1.0,1.0,1.0,0.99999994,1.0,1.0,0.99999994,1.0,1.0,1.0,1.0,0.99999994,0.99999994,0.99999994,1.0,1.0,0.9999999,1.0,1.0,1.0,1.0,1.0,0.99999994,0.99999994,1.0,1.0,1.0,1.0,0.99999994,1.0,1.0,1.0,0.9998907,1.0,1.0,1.0,0.63180953,0.99994564,0.99999994,1.0,0.99999994,0.99999994,1.0,1.0,1.0,1.0,1.0,1.0,1.0,1.0,1.0,1.0,1.0,1.0,1.0,1.0,0.9999997,1.0,0.99999994,0.9830258,0.99999994,1.0,1.0,1.0,1.0,1.0,0.99999994,1.0,1.0,0.99999994,1.0,1.0,1.0,0.99999994,1.0,1.0,1.0,1.0,0.99999994,1.0,1.0,0.99999994,0.99999994
IGF2BP1_K562,1.0,0.9999999,1.0,0.99999994,0.99999994,0.99999994,0.99999994,0.99999994,0.99999994,0.9999999,0.99999994,0.99999994,0.99999994,1.0,1.0,1.0,0.9999919,0.99999994,0.99999994,0.99999994,0.99999994,0.99999994,0.99999994,0.99999994,0.81917155,0.99999213,0.99999994,0.99999994,0.99999994,0.99999994,1.0,0.99999994,0.99999994,0.99999994,0.99999994,0.9999999,0.99999994,0.99999994,0.9999985,0.99999994,0.99999994,0.99999994,0.99999994,1.0,0.99999994,0.99999994,1.0,0.99999994,0.9999998,0.99999994,0.99999994,0.99999994,1.0,0.99999994,1.0,0.99999994,0.9999999,1.0,1.0,0.99999994,0.99999994,0.99999994,0.99999994,0.9999997,0.99999994,0.99999994,0.99999994,1.0,0.99999994,0.99999994,0.99999994,0.99999994,1.0,1.0,0.99999994,0.99999994,0.9999988,0.88391143,0.99999994,0.99999994,0.9999999,1.0,1.0,0.9999999,0.99999994,0.9999999,1.0,0.99999994,0.99999994,0.9999999,1.0,0.99999994,0.99999994,0.99999994,0.99999994,1.0,1.0,1.0,0.99999994,0.99999994,0.9999788,0.9991664,0.9870618,0.99999994,0.99999994,0.99999994,0.99999994,0.99999994,1.0,0.99999994,0.99999994,1.0,0.9999999,0.99999994,0.99999994,0.99999994,0.99999994,0.99999994,1.0,1.0,0.99999994,0.99999994,0.9020928,0.99999994,0.9999999,1.0,0.99999994,0.99999994,1.0,0.99999994,0.99999994,0.99999994,0.99999994,0.99999994,0.9999999,1.0,1.0,0.99999994,1.0,1.0,0.99999994,0.99999994,0.99999994,1.0,0.99999994,0.99999994,1.0,0.99999994,0.99999994,0.99999994,0.9999999,0.99999994,0.99999994,1.0,0.99999994,0.99999994,0.9999995,0.99999994,0.99999994,0.99999994,0.99999994,0.99999994,1.0,1.0,0.99999994,0.99999994,0.99999994,0.99999994,0.99999994,0.99999994,0.99999994,0.99999994,0.99988306,0.99999994,0.99999994,0.9999999,0.63220364,0.9999402,1.0,0.99999994,0.99999994,1.0,0.99999994,0.9999999,0.99999994,0.99999994,0.99999994,0.99999994,0.99999994,0.9999997,0.99999994,0.99999994,0.99999994,0.99999994,0.99999994,0.99999994,0.9999992,0.99999994,1.0,0.98311895,1.0,0.99999994,0.99999994,0.99999994,0.99999994,0.99999994,0.99999964,0.99999994,0.99999994,0.99999994,0.99999994,0.9999999,0.99999994,0.99999994,0.99999994,0.99999994,0.99999994,0.99999994,1.0,0.99999994,0.99999994,1.0,1.0
IGF2BP2_K562,1.0,1.0,1.0,1.0,1.0,1.0,1.0,1.0,1.0,1.0,1.0,1.0,1.0,1.0,1.0,1.0,0.99999064,1.0,1.0,1.0,1.0,1.0,1.0,1.0,0.8193494,0.9999933,1.0,1.0,1.0,1.0,1.0,1.0,1.0,1.0,1.0,1.0,1.0,1.0,0.999999,1.0,1.0,1.0,1.0,1.0,1.0,1.0,1.0,1.0,0.99999994,1.0,1.0,1.0,1.0,1.0,1.0,1.0,1.0,1.0,1.0,1.0,1.0,1.0,1.0,0.9999999,1.0,1.0,1.0,1.0,1.0,1.0,1.0,1.0,1.0,1.0,1.0,1.0,0.9999992,0.8837663,1.0,1.0,1.0,1.0,0.99999994,1.0,1.0,1.0,1.0,1.0,1.0,1.0,0.99999994,1.0,1.0,1.0,1.0,0.99999994,1.0,1.0,1.0,1.0,0.99998075,0.99915373,0.98711145,1.0,1.0,1.0,1.0,1.0,1.0,1.0,1.0,1.0,0.9999997,1.0,1.0,1.0,1.0,1.0,1.0,1.0,1.0,1.0,0.9022266,1.0,1.0,0.99999994,1.0,1.0,1.0,1.0,1.0,1.0,1.0,1.0,1.0,1.0,1.0,1.0,1.0,1.0,1.0,1.0,1.0,1.0,1.0,1.0,1.0,1.0,1.0,1.0,1.0,1.0,1.0,1.0,1.0,1.0,0.99999976,1.0,1.0,1.0,1.0,1.0,1.0,1.0,1.0,1.0,1.0,1.0,1.0,1.0,1.0,1.0,0.99988776,1.0,1.0,1.0,0.63196325,0.99994355,1.0,1.0,1.0,1.0,1.0,1.0,1.0,1.0,1.0,1.0,1.0,0.9999999,1.0,1.0,1.0,1.0,1.0,1.0,0.9999995,1.0,1.0,0.98306215,1.0,1.0,1.0,1.0,1.0,1.0,0.9999998,1.0,1.0,1.0,1.0,1.0,1.0,1.0,1.0,1.0,1.0,1.0,1.0,1.0,1.0,1.0,1.0
IGF2BP3_HepG2,1.0,1.0,1.0,1.0,1.0,1.0,1.0,1.0,1.0,1.0,1.0,1.0,1.0,1.0,1.0,1.0,0.99999064,1.0,1.0,1.0,1.0,1.0,1.0,1.0,0.81934774,0.99999326,1.0,1.0,1.0,1.0,1.0,1.0,1.0,1.0,1.0,1.0,1.0,1.0,0.999999,1.0,1.0,1.0,1.0,1.0,1.0,1.0,1.0,1.0,0.99999994,1.0,1.0,1.0,1.0,1.0,1.0,1.0,1.0,1.0,1.0,1.0,1.0,1.0,1.0,0.9999999,1.0,1.0,1.0,1.0,1.0,1.0,1.0,1.0,1.0,1.0,1.0,1.0,0.9999992,0.88376766,1.0,1.0,1.0,1.0,0.99999994,1.0,1.0,1.0,1.0,1.0,1.0,1.0,0.99999994,1.0,1.0,1.0,1.0,0.99999994,1.0,1.0,1.0,1.0,0.99998075,0.99915385,0.98711103,1.0,1.0,1.0,1.0,1.0,1.0,1.0,1.0,1.0,0.9999997,1.0,1.0,1.0,1.0,1.0,1.0,1.0,1.0,1.0,0.9022254,1.0,1.0,0.99999994,1.0,1.0,1.0,1.0,1.0,1.0,1.0,1.0,1.0,1.0,1.0,1.0,1.0,1.0,1.0,1.0,1.0,1.0,1.0,1.0,1.0,1.0,1.0,1.0,1.0,1.0,1.0,1.0,1.0,1.0,0.99999976,1.0,1.0,1.0,1.0,1.0,1.0,1.0,1.0,1.0,1.0,1.0,1.0,1.0,1.0,1.0,0.9998877,1.0,1.0,1.0,0.63196546,0.99994355,1.0,1.0,1.0,1.0,1.0,1.0,1.0,1.0,1.0,1.0,1.0,0.9999999,1.0,1.0,1.0,1.0,1.0,1.0,0.9999995,1.0,1.0,0.9830626,1.0,1.0,1.0,1.0,1.0,1.0,0.9999998,1.0,1.0,1.0,1.0,1.0,1.0,1.0,1.0,1.0,1.0,1.0,1.0,1.0,1.0,1.0,1.0
ILF3_HepG2,1.0,1.0,1.0,1.0,1.0,1.0,1.0,1.0,1.0,1.0,1.0,1.0,1.0,1.0,1.0,1.0,0.99999046,1.0,1.0,1.0,1.0,1.0,1.0,1.0,0.8193725,0.99999344,1.0,1.0,1.0,1.0,1.0,1.0,1.0,1.0,1.0,1.0,1.0,1.0,0.99999905,1.0,1.0,1.0,1.0,1.0,1.0,1.0,1.0,1.0,1.0,1.0,1.0,1.0,0.99999994,1.0,1.0,1.0,1.0,1.0,1.0,1.0,1.0,1.0,1.0,0.9999999,1.0,1.0,1.0,1.0,1.0,1.0,1.0,1.0,1.0,1.0,1.0,1.0,0.9999993,0.88374746,1.0,1.0,1.0,1.0,0.99999994,1.0,1.0,1.0,1.0,1.0,1.0,1.0,0.99999994,1.0,1.0,1.0,1.0,0.9999999,1.0,1.0,1.0,1.0,0.999981,0.99915206,0.9871179,1.0,1.0,1.0,1.0,1.0,1.0,1.0,1.0,1.0,0.99999964,1.0,1.0,1.0,1.0,1.0,1.0,1.0,1.0,1.0,0.90224403,1.0,1.0,0.99999994,1.0,1.0,1.0,1.0,1.0,1.0,1.0,1.0,1.0,1.0,1.0,1.0,1.0,1.0,1.0,1.0,1.0,1.0,1.0,1.0,1.0,1.0,1.0,1.0,1.0,1.0,1.0,1.0,1.0,1.0,0.9999998,1.0,1.0,1.0,1.0,1.0,1.0,1.0,1.0,1.0,1.0,1.0,1.0,1.0,1.0,1.0,0.99988836,1.0,1.0,1.0,0.6319321,0.999944,1.0,1.0,1.0,1.0,1.0,1.0,1.0,1.0,1.0,1.0,1.0,0.99999994,1.0,1.0,1.0,1.0,1.0,1.0,0.9999996,1.0,1.0,0.98305476,1.0,1.0,1.0,1.0,1.0,1.0,0.9999999,1.0,1.0,1.0,1.0,1.0,1.0,1.0,1.0,1.0,1.0,1.0,1.0,1.0,1.0,1.0,1.0
ILF3_K562,1.0,1.0,1.0,1.0,1.0,1.0,1.0,1.0,1.0,1.0,1.0,1.0,1.0,1.0,1.0,1.0,0.99999076,1.0,1.0,1.0,1.0,1.0,1.0,1.0,0.81933224,0.9999932,1.0,1.0,1.0,1.0,1.0,1.0,1.0,1.0,1.0,1.0,1.0,1.0,0.9999989,1.0,1.0,1.0,1.0,1.0,1.0,1.0,1.0,1.0,0.99999994,1.0,1.0,1.0,1.0,1.0,1.0,1.0,1.0,1.0,1.0,1.0,1.0,1.0,1.0,0.9999999,1.0,1.0,1.0,1.0,1.0,1.0,1.0,1.0,1.0,1.0,1.0,1.0,0.9999992,0.8837803,1.0,1.0,1.0,1.0,0.99999994,1.0,1.0,1.0,1.0,1.0,1.0,1.0,0.99999994,1.0,1.0,1.0,1.0,0.99999994,1.0,1.0,1.0,1.0,0.99998057,0.999155,0.9871067,1.0,1.0,1.0,1.0,1.0,1.0,1.0,1.0,1.0,0.9999997,1.0,1.0,1.0,1.0,1.0,1.0,1.0,1.0,1.0,0.90221375,1.0,1.0,0.99999994,1.0,1.0,1.0,1.0,1.0,1.0,1.0,1.0,1.0,1.0,1.0,1.0,1.0,1.0,1.0,1.0,1.0,1.0,1.0,1.0,1.0,1.0,1.0,1.0,1.0,1.0,1.0,1.0,1.0,1.0,0.99999976,1.0,1.0,1.0,1.0,1.0,1.0,1.0,1.0,1.0,1.0,1.0,1.0,1.0,1.0,1.0,0.9998873,1.0,1.0,1.0,0.63198644,0.99994326,1.0,1.0,1.0,1.0,1.0,1.0,1.0,1.0,1.0,1.0,1.0,0.9999999,1.0,1.0,1.0,1.0,1.0,1.0,0.9999995,1.0,1.0,0.98306763,1.0,1.0,1.0,1.0,1.0,1.0,0.9999998,1.0,1.0,1.0,1.0,1.0,1.0,1.0,1.0,1.0,1.0,1.0,1.0,1.0,1.0,1.0,1.0
KHDRBS1_K562,0.99999994,0.9999999,1.0,0.99999994,0.99999994,0.99999994,0.99999994,0.99999994,0.9999999,0.9999999,0.99999994,0.9999999,0.99999994,0.99999994,1.0,0.99999994,0.99999225,0.9999999,0.9999999,0.99999994,0.99999994,0.9999999,0.9999999,0.9999999,0.8191269,0.9999918,0.9999999,0.99999994,0.9999999,0.99999994,0.99999994,0.99999994,0.9999999,0.99999994,0.9999999,0.9999999,0.99999994,0.99999994,0.99999833,0.99999994,0.9999999,0.9999999,0.99999994,0.99999994,0.99999994,0.99999994,0.99999994,0.99999994,0.9999998,0.99999994,0.99999994,0.99999994,1.0,0.9999999,0.99999994,0.99999994,0.9999999,1.0,0.99999994,0.99999994,0.99999994,0.99999994,0.9999999,0.9999996,0.9999999,0.99999994,0.99999994,0.99999994,0.9999999,0.99999994,0.99999994,0.9999999,0.99999994,0.99999994,0.99999994,0.9999999,0.9999987,0.8839478,0.99999994,0.9999999,0.9999999,0.99999994,1.0,0.9999999,0.9999999,0.9999999,1.0,0.99999994,0.99999994,0.9999998,1.0,0.99999994,0.99999994,0.9999999,0.99999994,1.0,0.99999994,0.99999994,0.99999994,0.99999994,0.99997824,0.9991696,0.9870493,0.9999999,0.99999994,0.99999994,0.99999994,0.99999994,0.99999994,0.9999999,0.9999999,0.99999994,0.99999994,0.99999994,0.99999994,0.99999994,0.9999999,0.99999994,0.99999994,0.99999994,0.9999999,0.99999994,0.90205926,0.9999999,0.9999999,1.0,0.9999999,0.99999994,0.99999994,0.99999994,0.99999994,0.9999999,0.9999999,0.99999994,0.9999998,0.99999994,0.99999994,0.9999999,0.99999994,0.99999994,0.9999999,0.99999994,0.99999994,0.99999994,0.99999994,0.99999994,1.0,0.99999994,0.99999994,0.99999994,0.9999999,0.99999994,0.99999994,0.99999994,0.99999994,0.99999994,0.99999946,0.9999999,0.99999994,0.99999994,0.9999999,0.99999994,1.0,0.99999994,0.99999994,0.99999994,0.9999999,0.99999994,0.99999994,0.9999999,0.99999994,0.99999994,0.99988186,0.9999999,0.99999994,0.9999999,0.6322639,0.9999394,1.0,0.99999994,0.99999994,1.0,0.9999999,0.9999998,0.99999994,0.9999999,0.99999994,0.9999999,0.99999994,0.99999964,0.99999994,0.9999999,0.99999994,0.99999994,0.99999994,0.99999994,0.9999991,0.9999999,0.99999994,0.9831332,0.99999994,0.9999999,0.99999994,0.9999999,0.9999999,0.9999999,0.9999996,0.99999994,0.9999999,0.99999994,0.99999994,0.9999998,0.99999994,0.99999994,0.99999994,0.99999994,0.9999999,0.99999994,0.99999994,0.9999999,0.99999994,0.99999994,0.99999994
KHSRP_HepG2,1.0,0.99999994,1.0,1.0,1.0,1.0,1.0,1.0,1.0,1.0,1.0,1.0,1.0,1.0,1.0,1.0,0.99999106,1.0,1.0,1.0,1.0,1.0,1.0,1.0,0.8192941,0.99999297,1.0,1.0,1.0,1.0,1.0,1.0,1.0,1.0,1.0,1.0,1.0,1.0,0.99999887,1.0,1.0,1.0,1.0,1.0,1.0,1.0,1.0,1.0,0.99999994,1.0,1.0,1.0,1.0,1.0,1.0,1.0,1.0,1.0,1.0,1.0,1.0,1.0,1.0,0.9999998,1.0,1.0,1.0,1.0,1.0,1.0,1.0,1.0,1.0,1.0,1.0,1.0,0.9999991,0.8838115,1.0,1.0,1.0,1.0,0.99999994,0.99999994,1.0,1.0,1.0,1.0,1.0,0.99999994,1.0,1.0,1.0,1.0,1.0,0.99999994,1.0,1.0,1.0,1.0,0.99998015,0.99915767,0.987096,1.0,1.0,1.0,1.0,1.0,1.0,1.0,1.0,1.0,0.99999976,1.0,1.0,1.0,1.0,1.0,1.0,1.0,1.0,1.0,0.902185,1.0,1.0,1.0,1.0,1.0,1.0,1.0,1.0,1.0,1.0,1.0,0.99999994,1.0,1.0,1.0,1.0,1.0,1.0,1.0,1.0,1.0,1.0,1.0,1.0,1.0,1.0,1.0,1.0,1.0,1.0,1.0,1.0,1.0,0.9999997,1.0,1.0,1.0,1.0,1.0,1.0,1.0,1.0,1.0,1.0,1.0,1.0,1.0,1.0,1.0,0.9998863,1.0,1.0,1.0,0.63203806,0.99994254,1.0,1.0,1.0,1.0,1.0,0.99999994,1.0,1.0,1.0,1.0,1.0,0.9999999,1.0,1.0,1.0,1.0,1.0,1.0,0.99999946,1.0,1.0,0.9830798,1.0,1.0,1.0,1.0,1.0,1.0,0.9999998,1.0,1.0,1.0,1.0,0.99999994,1.0,1.0,1.0,1.0,1.0,1.0,1.0,1.0,1.0,1.0,1.0
KHSRP_K562,1.0,0.99999994,1.0,1.0,1.0,1.0,1.0,1.0,1.0,1.0,1.0,1.0,1.0,1.0,1.0,1.0,0.9999911,1.0,1.0,1.0,1.0,1.0,1.0,1.0,0.81928277,0.99999285,1.0,1.0,1.0,1.0,1.0,1.0,1.0,1.0,1.0,0.99999994,1.0,1.0,0.9999988,1.0,1.0,1.0,1.0,1.0,1.0,1.0,1.0,1.0,0.99999994,1.0,1.0,1.0,1.0,1.0,1.0,1.0,0.99999994,1.0,1.0,1.0,1.0,1.0,1.0,0.9999998,1.0,1.0,1.0,1.0,1.0,1.0,1.0,1.0,1.0,1.0,1.0,1.0,0.9999991,0.8838207,1.0,1.0,1.0,1.0,0.99999994,0.99999994,1.0,1.0,1.0,1.0,1.0,0.99999994,1.0,1.0,1.0,1.0,1.0,0.99999994,1.0,1.0,1.0,1.0,0.99998003,0.9991585,0.98709285,1.0,1.0,1.0,1.0,1.0,1.0,1.0,1.0,1.0,0.99999976,1.0,1.0,1.0,1.0,1.0,1.0,1.0,1.0,1.0,0.9021765,1.0,0.99999994,1.0,1.0,1.0,1.0,1.0,1.0,1.0,1.0,1.0,0.99999994,1.0,1.0,1.0,1.0,1.0,1.0,1.0,1.0,1.0,1.0,1.0,1.0,1.0,1.0,1.0,1.0,1.0,1.0,1.0,1.0,1.0,0.9999997,1.0,1.0,1.0,1.0,1.0,1.0,1.0,1.0,1.0,1.0,1.0,1.0,1.0,1.0,1.0,0.999886,1.0,1.0,0.99999994,0.6320534,0.9999423,1.0,1.0,1.0,1.0,1.0,0.99999994,1.0,1.0,1.0,1.0,1.0,0.9999998,1.0,1.0,1.0,1.0,1.0,1.0,0.9999994,1.0,1.0,0.9830834,1.0,1.0,1.0,1.0,1.0,1.0,0.99999976,1.0,1.0,1.0,1.0,0.99999994,1.0,1.0,1.0,1.0,1.0,1.0,1.0,1.0,1.0,1.0,1.0
LARP4_HepG2,1.0,1.0,1.0,1.0,1.0,1.0,1.0,1.0,1.0,1.0,1.0,1.0,1.0,1.0,1.0,1.0,0.9999907,1.0,1.0,1.0,1.0,1.0,1.0,1.0,0.81933755,0.9999932,1.0,1.0,1.0,1.0,1.0,1.0,1.0,1.0,1.0,1.0,1.0,1.0,0.9999989,1.0,1.0,1.0,1.0,1.0,1.0,1.0,1.0,1.0,0.99999994,1.0,1.0,1.0,1.0,1.0,1.0,1.0,1.0,1.0,1.0,1.0,1.0,1.0,1.0,0.9999999,1.0,1.0,1.0,1.0,1.0,1.0,1.0,1.0,1.0,1.0,1.0,1.0,0.9999992,0.883776,1.0,1.0,1.0,1.0,0.99999994,1.0,1.0,1.0,1.0,1.0,1.0,1.0,0.99999994,1.0,1.0,1.0,1.0,0.99999994,1.0,1.0,1.0,1.0,0.9999806,0.99915457,0.9871082,1.0,1.0,1.0,1.0,1.0,1.0,1.0,1.0,1.0,0.9999997,1.0,1.0,1.0,1.0,1.0,1.0,1.0,1.0,1.0,0.9022177,1.0,1.0,0.99999994,1.0,1.0,1.0,1.0,1.0,1.0,1.0,1.0,1.0,1.0,1.0,1.0,1.0,1.0,1.0,1.0,1.0,1.0,1.0,1.0,1.0,1.0,1.0,1.0,1.0,1.0,1.0,1.0,1.0,1.0,0.99999976,1.0,1.0,1.0,1.0,1.0,1.0,1.0,1.0,1.0,1.0,1.0,1.0,1.0,1.0,1.0,0.99988747,1.0,1.0,1.0,0.6319793,0.9999434,1.0,1.0,1.0,1.0,1.0,1.0,1.0,1.0,1.0,1.0,1.0,0.9999999,1.0,1.0,1.0,1.0,1.0,1.0,0.9999995,1.0,1.0,0.9830659,1.0,1.0,1.0,1.0,1.0,1.0,0.9999998,1.0,1.0,1.0,1.0,1.0,1.0,1.0,1.0,1.0,1.0,1.0,1.0,1.0,1.0,1.0,1.0
LARP4_K562,1.0,1.0,1.0,1.0,1.0,1.0,1.0,1.0,1.0,1.0,1.0,1.0,1.0,1.0,1.0,1.0,0.9999905,1.0,1.0,1.0,1.0,1.0,1.0,1.0,0.8193605,0.9999934,1.0,1.0,1.0,1.0,1.0,1.0,1.0,1.0,1.0,1.0,1.0,1.0,0.999999,1.0,1.0,1.0,1.0,1.0,1.0,1.0,1.0,1.0,1.0,1.0,1.0,1.0,1.0,1.0,1.0,1.0,1.0,1.0,1.0,1.0,1.0,1.0,1.0,0.9999999,1.0,1.0,1.0,1.0,1.0,1.0,1.0,1.0,1.0,1.0,1.0,1.0,0.9999993,0.88375723,1.0,1.0,1.0,1.0,0.99999994,1.0,1.0,1.0,1.0,1.0,1.0,1.0,0.99999994,1.0,1.0,1.0,1.0,0.99999994,1.0,1.0,1.0,1.0,0.99998087,0.9991529,0.98711455,1.0,1.0,1.0,1.0,1.0,1.0,1.0,1.0,1.0,0.99999964,1.0,1.0,1.0,1.0,1.0,1.0,1.0,1.0,1.0,0.90223503,1.0,1.0,0.99999994,1.0,1.0,1.0,1.0,1.0,1.0,1.0,1.0,1.0,1.0,1.0,1.0,1.0,1.0,1.0,1.0,1.0,1.0,1.0,1.0,1.0,1.0,1.0,1.0,1.0,1.0,1.0,1.0,1.0,1.0,0.9999998,1.0,1.0,1.0,1.0,1.0,1.0,1.0,1.0,1.0,1.0,1.0,1.0,1.0,1.0,1.0,0.99988806,1.0,1.0,1.0,0.63194823,0.9999438,1.0,1.0,1.0,1.0,1.0,1.0,1.0,1.0,1.0,1.0,1.0,0.99999994,1.0,1.0,1.0,1.0,1.0,1.0,0.9999996,1.0,1.0,0.9830586,1.0,1.0,1.0,1.0,1.0,1.0,0.9999999,1.0,1.0,1.0,1.0,1.0,1.0,1.0,1.0,1.0,1.0,1.0,1.0,1.0,1.0,1.0,1.0
LARP7_HepG2,0.9999803,0.99998164,0.9999798,0.99998045,0.9999805,0.9999809,0.9999807,0.9999806,0.99998116,0.99998146,0.9999809,0.99998134,0.9999805,0.9999803,0.99997985,0.99998,0.9999445,0.99998105,0.999981,0.99998033,0.9999805,0.99998116,0.999981,0.999981,0.822891,0.9999968,0.999981,0.9999809,0.9999812,0.99998045,0.9999803,0.99998087,0.9999811,0.9999807,0.9999813,0.99998164,0.9999808,0.99998075,0.99998856,0.9999807,0.999981,0.99998116,0.9999809,0.9999802,0.9999808,0.9999806,0.9999803,0.99998045,0.9999823,0.99998057,0.99998057,0.99998057,0.9999794,0.99998116,0.99998003,0.99998075,0.9999816,0.99997985,0.9999802,0.99998075,0.9999807,0.9999808,0.99998105,0.9999837,0.999981,0.99998087,0.99998045,0.9999803,0.999981,0.9999806,0.9999806,0.9999813,0.99997985,0.99998003,0.9999805,0.99998116,0.9999876,0.8808457,0.9999807,0.999981,0.99998146,0.99998015,0.99997836,0.99998164,0.9999813,0.99998146,0.9999796,0.9999809,0.99998045,0.99998194,0.9999788,0.99998075,0.99998075,0.999981,0.99998057,0.99997824,0.99998015,0.99998003,0.9999806,0.99998087,1.0,0.99887925,0.9880855,0.9999812,0.9999806,0.9999804,0.9999807,0.99998033,0.99998015,0.9999811,0.9999812,0.99998,0.9999755,0.9999809,0.9999806,0.99998087,0.99998134,0.9999808,0.99998033,0.9999803,0.99998134,0.99998087,0.90488535,0.99998105,0.9999816,0.999979,0.99998105,0.99998057,0.9999803,0.99998057,0.9999807,0.9999812,0.999981,0.99998087,0.9999818,0.99998033,0.99998,0.999981,0.9999803,0.9999799,0.9999813,0.9999807,0.9999809,0.99998015,0.9999809,0.99998045,0.9999795,0.99998057,0.9999809,0.9999808,0.99998146,0.99998045,0.9999804,0.99998033,0.9999807,0.99998057,0.99998456,0.99998105,0.99998087,0.99998075,0.9999813,0.9999806,0.9999797,0.9999803,0.9999806,0.99998075,0.9999812,0.9999806,0.99998045,0.9999812,0.99998087,0.99998087,0.9999615,0.9999813,0.9999807,0.9999816,0.62714213,0.9999902,0.9999797,0.9999805,0.99998045,0.99997985,0.9999813,0.99998194,0.99998087,0.9999811,0.9999808,0.999981,0.99998075,0.9999833,0.99998045,0.9999811,0.9999809,0.999981,0.9999805,0.99998087,0.9999862,0.99998105,0.9999801,0.981906,0.99998,0.999981,0.99998075,0.99998105,0.9999812,0.9999812,0.99998397,0.9999805,0.9999813,0.9999804,0.9999807,0.99998194,0.99998087,0.99998045,0.9999806,0.9999806,0.99998105,0.9999808,0.99998015,0.99998116,0.9999809,0.99998003,0.99998015
LARP7_K562,0.99915665,0.9991476,0.99915975,0.99915564,0.9991552,0.99915266,0.999154,0.9991545,0.99915105,0.99914885,0.9991524,0.9991498,0.99915534,0.9991568,0.99915975,0.9991589,0.9993225,0.99915177,0.999152,0.99915636,0.9991553,0.9991511,0.999152,0.99915224,0.79507536,0.99899644,0.9991523,0.9991526,0.99915063,0.9991558,0.999157,0.99915284,0.9991515,0.99915427,0.99915004,0.9991479,0.9991533,0.9991538,0.99909407,0.999154,0.99915206,0.999151,0.9991527,0.99915737,0.9991534,0.9991546,0.999157,0.9991558,0.9991431,0.9991548,0.99915487,0.99915475,0.9991626,0.9991511,0.9991583,0.9991537,0.9991483,0.99915963,0.9991574,0.99915385,0.99915403,0.99915326,0.99915177,0.99913317,0.99915224,0.9991529,0.9991559,0.9991568,0.999152,0.9991546,0.9991543,0.9991503,0.9991595,0.99915826,0.9991551,0.99915105,0.99910235,0.9022652,0.9991542,0.99915224,0.999149,0.99915755,0.9991689,0.99914753,0.99915016,0.999149,0.999161,0.99915254,0.99915564,0.99914557,0.9991664,0.99915373,0.99915385,0.99915206,0.999155,0.9991696,0.99915767,0.9991585,0.99915457,0.9991529,0.99887925,1.0,0.9796936,0.9991504,0.9991543,0.99915606,0.99915427,0.9991564,0.9991577,0.99915123,0.99915075,0.9991588,0.9991859,0.9991526,0.9991544,0.99915296,0.99914956,0.9991532,0.99915653,0.99915695,0.99914956,0.999153,0.8837245,0.99915165,0.999148,0.99916506,0.9991517,0.99915475,0.99915683,0.99915475,0.99915403,0.99915045,0.99915206,0.99915296,0.99914634,0.99915665,0.99915874,0.9991521,0.9991571,0.99915904,0.99915,0.9991541,0.9991525,0.9991576,0.99915266,0.9991556,0.99916196,0.9991548,0.9991524,0.9991534,0.99914896,0.99915576,0.99915624,0.9991565,0.99915427,0.99915487,0.99912673,0.99915177,0.9991528,0.99915355,0.9991503,0.9991546,0.9991608,0.9991567,0.9991545,0.9991536,0.99915075,0.99915445,0.9991558,0.99915045,0.99915314,0.99915314,0.9984253,0.99915034,0.999154,0.9991483,0.6633056,0.9986604,0.9991608,0.9991552,0.9991558,0.99915963,0.9991501,0.99914557,0.9991531,0.99915147,0.99915326,0.99915224,0.9991537,0.9991359,0.9991555,0.99915147,0.9991526,0.9991523,0.9991554,0.9991529,0.9991142,0.9991519,0.999158,0.98976856,0.9991586,0.99915206,0.99915373,0.9991516,0.9991505,0.9991507,0.99913114,0.99915546,0.99915034,0.99915624,0.99915427,0.99914557,0.9991529,0.99915576,0.9991544,0.9991544,0.99915165,0.9991532,0.99915755,0.999151,0.99915254,0.9991585,0.9991576
LIN28B_HepG2,0.98709995,0.98713535,0.98708785,0.98710394,0.98710555,0.9871156,0.98711044,0.9871085,0.9871219,0.9871304,0.9871166,0.98712677,0.9871051,0.9870996,0.9870879,0.9870911,0.98640925,0.987119,0.98711824,0.98710114,0.9871053,0.9871217,0.98711824,0.9871171,0.90053594,0.9876908,0.98711705,0.9871159,0.9871235,0.9871032,0.9870986,0.98711485,0.9871201,0.9871094,0.9871258,0.9871342,0.9871132,0.9871113,0.9873387,0.9871106,0.9871179,0.98712206,0.98711544,0.9870973,0.9871128,0.98710793,0.9870987,0.98710334,0.9871525,0.9871072,0.9871069,0.9871076,0.9870767,0.9871216,0.98709357,0.9871117,0.9871326,0.98708844,0.987097,0.9871109,0.9871102,0.98711336,0.9871191,0.9871908,0.9871172,0.9871146,0.98710316,0.98709947,0.98711824,0.98710805,0.9871091,0.98712486,0.987089,0.9870937,0.987106,0.98712176,0.98730755,0.7974913,0.9871096,0.9871171,0.9871297,0.9870965,0.98705214,0.9871354,0.9871253,0.9871297,0.9870831,0.98711604,0.98710406,0.98714316,0.9870618,0.98711145,0.98711103,0.9871179,0.9871067,0.9870493,0.987096,0.98709285,0.9871082,0.98711455,0.9880855,0.9796936,1.0,0.98712426,0.9871091,0.98710245,0.9871094,0.98710096,0.9870959,0.98712116,0.98712313,0.9870916,0.9869846,0.98711586,0.9871088,0.98711455,0.9871276,0.9871135,0.9871006,0.9870989,0.98712766,0.98711413,0.959615,0.9871196,0.98713356,0.9870671,0.98711926,0.9871074,0.9870994,0.9871075,0.9871104,0.98712415,0.987118,0.98711437,0.98714,0.98710006,0.98709184,0.9871176,0.9870985,0.9870907,0.98712605,0.98711,0.9871163,0.98709637,0.98711556,0.9871042,0.98707926,0.9871072,0.9871165,0.9871129,0.98712987,0.98710346,0.98710173,0.9871007,0.9871094,0.987107,0.9872154,0.9871191,0.987115,0.9871122,0.9871249,0.9871079,0.98708385,0.9870999,0.9871083,0.987112,0.9871231,0.9871086,0.9871033,0.98712426,0.98711383,0.98711383,0.9893984,0.9871246,0.9871106,0.9871325,0.49979192,0.9887559,0.9870838,0.9871057,0.98710334,0.9870883,0.9871256,0.9871431,0.9871141,0.98712015,0.98711324,0.98711723,0.98711175,0.98718023,0.9871045,0.9871203,0.987116,0.98711693,0.98710495,0.98711467,0.987263,0.98711854,0.9870948,0.941062,0.9870924,0.9871179,0.98711145,0.98711985,0.9871239,0.98712313,0.9871987,0.98710465,0.9871246,0.9871016,0.9871094,0.9871432,0.9871148,0.98710346,0.987109,0.9871089,0.98711944,0.98711365,0.9870965,0.987122,0.98711616,0.98709273,0.98709625
LIN28B_K562,1.0,1.0,1.0,1.0,1.0,1.0,1.0,1.0,1.0,1.0,1.0,1.0,1.0,1.0,1.0,1.0,0.9999903,1.0,1.0,1.0,1.0,1.0,1.0,1.0,0.81939536,0.99999356,1.0,1.0,1.0,1.0,1.0,1.0,1.0,1.0,1.0,1.0,1.0,1.0,0.9999991,1.0,1.0,1.0,1.0,1.0,1.0,1.0,1.0,1.0,1.0,1.0,1.0,1.0,0.99999994,1.0,1.0,1.0,1.0,1.0,1.0,1.0,1.0,1.0,1.0,0.99999994,1.0,1.0,1.0,1.0,1.0,1.0,1.0,1.0,1.0,1.0,1.0,1.0,0.99999934,0.8837288,1.0,1.0,1.0,1.0,0.9999999,1.0,1.0,1.0,0.99999994,1.0,1.0,1.0,0.99999994,1.0,1.0,1.0,1.0,0.9999999,1.0,1.0,1.0,1.0,0.9999812,0.9991504,0.98712426,1.0,1.0,1.0,1.0,1.0,1.0,1.0,1.0,1.0,0.99999964,1.0,1.0,1.0,1.0,1.0,1.0,1.0,1.0,1.0,0.9022612,1.0,1.0,0.99999994,1.0,1.0,1.0,1.0,1.0,1.0,1.0,1.0,1.0,1.0,1.0,1.0,1.0,1.0,1.0,1.0,1.0,1.0,1.0,1.0,0.99999994,1.0,1.0,1.0,1.0,1.0,1.0,1.0,1.0,1.0,0.9999998,1.0,1.0,1.0,1.0,1.0,0.99999994,1.0,1.0,1.0,1.0,1.0,1.0,1.0,1.0,1.0,0.99988896,1.0,1.0,1.0,0.63190114,0.9999444,0.99999994,1.0,1.0,1.0,1.0,1.0,1.0,1.0,1.0,1.0,1.0,0.99999994,1.0,1.0,1.0,1.0,1.0,1.0,0.99999964,1.0,1.0,0.9830474,1.0,1.0,1.0,1.0,1.0,1.0,0.9999999,1.0,1.0,1.0,1.0,1.0,1.0,1.0,1.0,1.0,1.0,1.0,1.0,1.0,1.0,1.0,1.0
LSM11_HepG2,1.0,1.0,1.0,1.0,1.0,1.0,1.0,1.0,1.0,1.0,1.0,1.0,1.0,1.0,1.0,1.0,0.9999907,1.0,1.0,1.0,1.0,1.0,1.0,1.0,0.81934094,0.99999326,1.0,1.0,1.0,1.0,1.0,1.0,1.0,1.0,1.0,1.0,1.0,1.0,0.999999,1.0,1.0,1.0,1.0,1.0,1.0,1.0,1.0,1.0,0.99999994,1.0,1.0,1.0,1.0,1.0,1.0,1.0,1.0,1.0,1.0,1.0,1.0,1.0,1.0,0.9999999,1.0,1.0,1.0,1.0,1.0,1.0,1.0,1.0,1.0,1.0,1.0,1.0,0.9999992,0.8837732,1.0,1.0,1.0,1.0,0.99999994,1.0,1.0,1.0,1.0,1.0,1.0,1.0,0.99999994,1.0,1.0,1.0,1.0,0.99999994,1.0,1.0,1.0,1.0,0.9999806,0.9991543,0.9871091,1.0,1.0,1.0,1.0,1.0,1.0,1.0,1.0,1.0,0.9999997,1.0,1.0,1.0,1.0,1.0,1.0,1.0,1.0,1.0,0.90222025,1.0,1.0,0.99999994,1.0,1.0,1.0,1.0,1.0,1.0,1.0,1.0,1.0,1.0,1.0,1.0,1.0,1.0,1.0,1.0,1.0,1.0,1.0,1.0,1.0,1.0,1.0,1.0,1.0,1.0,1.0,1.0,1.0,1.0,0.99999976,1.0,1.0,1.0,1.0,1.0,1.0,1.0,1.0,1.0,1.0,1.0,1.0,1.0,1.0,1.0,0.9998875,1.0,1.0,1.0,0.6319747,0.99994344,1.0,1.0,1.0,1.0,1.0,1.0,1.0,1.0,1.0,1.0,1.0,0.9999999,1.0,1.0,1.0,1.0,1.0,1.0,0.9999995,1.0,1.0,0.98306483,1.0,1.0,1.0,1.0,1.0,1.0,0.9999998,1.0,1.0,1.0,1.0,1.0,1.0,1.0,1.0,1.0,1.0,1.0,1.0,1.0,1.0,1.0,1.0
LSM11_K562,1.0,1.0,1.0,1.0,1.0,1.0,1.0,1.0,1.0,1.0,1.0,1.0,1.0,1.0,1.0,1.0,0.9999909,1.0,1.0,1.0,1.0,1.0,1.0,1.0,0.81931704,0.9999931,1.0,1.0,1.0,1.0,1.0,1.0,1.0,1.0,1.0,1.0,1.0,1.0,0.9999989,1.0,1.0,1.0,1.0,1.0,1.0,1.0,1.0,1.0,0.99999994,1.0,1.0,1.0,1.0,1.0,1.0,1.0,1.0,1.0,1.0,1.0,1.0,1.0,1.0,0.9999998,1.0,1.0,1.0,1.0,1.0,1.0,1.0,1.0,1.0,1.0,1.0,1.0,0.99999917,0.8837927,1.0,1.0,1.0,1.0,0.99999994,1.0,1.0,1.0,1.0,1.0,1.0,0.99999994,0.99999994,1.0,1.0,1.0,1.0,0.99999994,1.0,1.0,1.0,1.0,0.9999804,0.99915606,0.98710245,1.0,1.0,1.0,1.0,1.0,1.0,1.0,1.0,1.0,0.9999997,1.0,1.0,1.0,1.0,1.0,1.0,1.0,1.0,1.0,0.9022023,1.0,1.0,1.0,1.0,1.0,1.0,1.0,1.0,1.0,1.0,1.0,1.0,1.0,1.0,1.0,1.0,1.0,1.0,1.0,1.0,1.0,1.0,1.0,1.0,1.0,1.0,1.0,1.0,1.0,1.0,1.0,1.0,1.0,0.99999976,1.0,1.0,1.0,1.0,1.0,1.0,1.0,1.0,1.0,1.0,1.0,1.0,1.0,1.0,1.0,0.99988693,1.0,1.0,1.0,0.632007,0.99994296,1.0,1.0,1.0,1.0,1.0,0.99999994,1.0,1.0,1.0,1.0,1.0,0.9999999,1.0,1.0,1.0,1.0,1.0,1.0,0.9999995,1.0,1.0,0.98307246,1.0,1.0,1.0,1.0,1.0,1.0,0.9999998,1.0,1.0,1.0,1.0,0.99999994,1.0,1.0,1.0,1.0,1.0,1.0,1.0,1.0,1.0,1.0,1.0
MATR3_HepG2,1.0,1.0,1.0,1.0,1.0,1.0,1.0,1.0,1.0,1.0,1.0,1.0,1.0,1.0,1.0,1.0,0.9999907,1.0,1.0,1.0,1.0,1.0,1.0,1.0,0.8193421,0.99999326,1.0,1.0,1.0,1.0,1.0,1.0,1.0,1.0,1.0,1.0,1.0,1.0,0.999999,1.0,1.0,1.0,1.0,1.0,1.0,1.0,1.0,1.0,0.99999994,1.0,1.0,1.0,1.0,1.0,1.0,1.0,1.0,1.0,1.0,1.0,1.0,1.0,1.0,0.9999999,1.0,1.0,1.0,1.0,1.0,1.0,1.0,1.0,1.0,1.0,1.0,1.0,0.9999992,0.88377225,1.0,1.0,1.0,1.0,0.99999994,1.0,1.0,1.0,1.0,1.0,1.0,1.0,0.99999994,1.0,1.0,1.0,1.0,0.99999994,1.0,1.0,1.0,1.0,0.9999807,0.99915427,0.9871094,1.0,1.0,1.0,1.0,1.0,1.0,1.0,1.0,1.0,0.9999997,1.0,1.0,1.0,1.0,1.0,1.0,1.0,1.0,1.0,0.90222114,1.0,1.0,0.99999994,1.0,1.0,1.0,1.0,1.0,1.0,1.0,1.0,1.0,1.0,1.0,1.0,1.0,1.0,1.0,1.0,1.0,1.0,1.0,1.0,1.0,1.0,1.0,1.0,1.0,1.0,1.0,1.0,1.0,1.0,0.99999976,1.0,1.0,1.0,1.0,1.0,1.0,1.0,1.0,1.0,1.0,1.0,1.0,1.0,1.0,1.0,0.9998876,1.0,1.0,1.0,0.63197315,0.99994344,1.0,1.0,1.0,1.0,1.0,1.0,1.0,1.0,1.0,1.0,1.0,0.9999999,1.0,1.0,1.0,1.0,1.0,1.0,0.9999995,1.0,1.0,0.9830645,1.0,1.0,1.0,1.0,1.0,1.0,0.9999998,1.0,1.0,1.0,1.0,1.0,1.0,1.0,1.0,1.0,1.0,1.0,1.0,1.0,1.0,1.0,1.0
MATR3_K562,1.0,1.0,1.0,1.0,1.0,1.0,1.0,1.0,1.0,1.0,1.0,1.0,1.0,1.0,1.0,1.0,0.9999909,1.0,1.0,1.0,1.0,1.0,1.0,1.0,0.81931174,0.999993,1.0,1.0,1.0,1.0,1.0,1.0,1.0,1.0,1.0,1.0,1.0,1.0,0.99999887,1.0,1.0,1.0,1.0,1.0,1.0,1.0,1.0,1.0,0.99999994,1.0,1.0,1.0,1.0,1.0,1.0,1.0,1.0,1.0,1.0,1.0,1.0,1.0,1.0,0.9999998,1.0,1.0,1.0,1.0,1.0,1.0,1.0,1.0,1.0,1.0,1.0,1.0,0.99999917,0.88379705,1.0,1.0,1.0,1.0,0.99999994,1.0,1.0,1.0,1.0,1.0,1.0,0.99999994,0.99999994,1.0,1.0,1.0,1.0,0.99999994,1.0,1.0,1.0,1.0,0.99998033,0.9991564,0.98710096,1.0,1.0,1.0,1.0,1.0,1.0,1.0,1.0,1.0,0.99999976,1.0,1.0,1.0,1.0,1.0,1.0,1.0,1.0,1.0,0.9021983,1.0,1.0,1.0,1.0,1.0,1.0,1.0,1.0,1.0,1.0,1.0,0.99999994,1.0,1.0,1.0,1.0,1.0,1.0,1.0,1.0,1.0,1.0,1.0,1.0,1.0,1.0,1.0,1.0,1.0,1.0,1.0,1.0,1.0,0.99999976,1.0,1.0,1.0,1.0,1.0,1.0,1.0,1.0,1.0,1.0,1.0,1.0,1.0,1.0,1.0,0.99988675,1.0,1.0,1.0,0.63201416,0.99994284,1.0,1.0,1.0,1.0,1.0,0.99999994,1.0,1.0,1.0,1.0,1.0,0.9999999,1.0,1.0,1.0,1.0,1.0,1.0,0.99999946,1.0,1.0,0.9830742,1.0,1.0,1.0,1.0,1.0,1.0,0.9999998,1.0,1.0,1.0,1.0,0.99999994,1.0,1.0,1.0,1.0,1.0,1.0,1.0,1.0,1.0,1.0,1.0
METAP2_K562,1.0,0.99999994,1.0,1.0,1.0,1.0,1.0,1.0,1.0,1.0,1.0,1.0,1.0,1.0,1.0,1.0,0.99999106,1.0,1.0,1.0,1.0,1.0,1.0,1.0,0.81929374,0.9999929,1.0,1.0,1.0,1.0,1.0,1.0,1.0,1.0,1.0,1.0,1.0,1.0,0.99999887,1.0,1.0,1.0,1.0,1.0,1.0,1.0,1.0,1.0,0.99999994,1.0,1.0,1.0,1.0,1.0,1.0,1.0,1.0,1.0,1.0,1.0,1.0,1.0,1.0,0.9999998,1.0,1.0,1.0,1.0,1.0,1.0,1.0,1.0,1.0,1.0,1.0,1.0,0.9999991,0.8838118,1.0,1.0,1.0,1.0,0.99999994,0.99999994,1.0,1.0,1.0,1.0,1.0,0.99999994,1.0,1.0,1.0,1.0,1.0,0.99999994,1.0,1.0,1.0,1.0,0.99998015,0.9991577,0.9870959,1.0,1.0,1.0,1.0,1.0,1.0,1.0,1.0,1.0,0.99999976,1.0,1.0,1.0,1.0,1.0,1.0,1.0,1.0,1.0,0.9021847,1.0,1.0,1.0,1.0,1.0,1.0,1.0,1.0,1.0,1.0,1.0,0.99999994,1.0,1.0,1.0,1.0,1.0,1.0,1.0,1.0,1.0,1.0,1.0,1.0,1.0,1.0,1.0,1.0,1.0,1.0,1.0,1.0,1.0,0.9999997,1.0,1.0,1.0,1.0,1.0,1.0,1.0,1.0,1.0,1.0,1.0,1.0,1.0,1.0,1.0,0.9998863,1.0,1.0,1.0,0.63203853,0.99994254,1.0,1.0,1.0,1.0,1.0,0.99999994,1.0,1.0,1.0,1.0,1.0,0.9999999,1.0,1.0,1.0,1.0,1.0,1.0,0.99999946,1.0,1.0,0.9830799,1.0,1.0,1.0,1.0,1.0,1.0,0.9999998,1.0,1.0,1.0,1.0,0.99999994,1.0,1.0,1.0,1.0,1.0,1.0,1.0,1.0,1.0,1.0,1.0
MTPAP_K562,1.0,1.0,1.0,1.0,1.0,1.0,1.0,1.0,1.0,1.0,1.0,1.0,1.0,1.0,1.0,1.0,0.99999034,1.0,1.0,1.0,1.0,1.0,1.0,1.0,0.81938416,0.9999935,1.0,1.0,1.0,1.0,1.0,1.0,1.0,1.0,1.0,1.0,1.0,1.0,0.99999905,1.0,1.0,1.0,1.0,1.0,1.0,1.0,1.0,1.0,1.0,1.0,1.0,1.0,0.99999994,1.0,1.0,1.0,1.0,1.0,1.0,1.0,1.0,1.0,1.0,0.9999999,1.0,1.0,1.0,1.0,1.0,1.0,1.0,1.0,1.0,1.0,1.0,1.0,0.99999934,0.8837379,1.0,1.0,1.0,1.0,0.9999999,1.0,1.0,1.0,1.0,1.0,1.0,1.0,0.99999994,1.0,1.0,1.0,1.0,0.9999999,1.0,1.0,1.0,1.0,0.9999811,0.99915123,0.98712116,1.0,1.0,1.0,1.0,1.0,1.0,1.0,1.0,1.0,0.99999964,1.0,1.0,1.0,1.0,1.0,1.0,1.0,1.0,1.0,0.9022528,1.0,1.0,0.99999994,1.0,1.0,1.0,1.0,1.0,1.0,1.0,1.0,1.0,1.0,1.0,1.0,1.0,1.0,1.0,1.0,1.0,1.0,1.0,1.0,0.99999994,1.0,1.0,1.0,1.0,1.0,1.0,1.0,1.0,1.0,0.9999998,1.0,1.0,1.0,1.0,1.0,1.0,1.0,1.0,1.0,1.0,1.0,1.0,1.0,1.0,1.0,0.99988866,1.0,1.0,1.0,0.6319163,0.9999442,1.0,1.0,1.0,1.0,1.0,1.0,1.0,1.0,1.0,1.0,1.0,0.99999994,1.0,1.0,1.0,1.0,1.0,1.0,0.9999996,1.0,1.0,0.983051,1.0,1.0,1.0,1.0,1.0,1.0,0.9999999,1.0,1.0,1.0,1.0,1.0,1.0,1.0,1.0,1.0,1.0,1.0,1.0,1.0,1.0,1.0,1.0
NCBP2_HepG2,1.0,1.0,1.0,1.0,1.0,1.0,1.0,1.0,1.0,1.0,1.0,1.0,1.0,1.0,1.0,1.0,0.9999903,1.0,1.0,1.0,1.0,1.0,1.0,1.0,0.8193912,0.99999356,1.0,1.0,1.0,1.0,1.0,1.0,1.0,1.0,1.0,1.0,1.0,1.0,0.9999991,1.0,1.0,1.0,1.0,1.0,1.0,1.0,1.0,1.0,1.0,1.0,1.0,1.0,0.99999994,1.0,1.0,1.0,1.0,1.0,1.0,1.0,1.0,1.0,1.0,0.9999999,1.0,1.0,1.0,1.0,1.0,1.0,1.0,1.0,1.0,1.0,1.0,1.0,0.99999934,0.8837322,1.0,1.0,1.0,1.0,0.9999999,1.0,1.0,1.0,0.99999994,1.0,1.0,1.0,0.99999994,1.0,1.0,1.0,1.0,0.9999999,1.0,1.0,1.0,1.0,0.9999812,0.99915075,0.98712313,1.0,1.0,1.0,1.0,1.0,1.0,1.0,1.0,1.0,0.99999964,1.0,1.0,1.0,1.0,1.0,1.0,1.0,1.0,1.0,0.90225804,1.0,1.0,0.99999994,1.0,1.0,1.0,1.0,1.0,1.0,1.0,1.0,1.0,1.0,1.0,1.0,1.0,1.0,1.0,1.0,1.0,1.0,1.0,1.0,0.99999994,1.0,1.0,1.0,1.0,1.0,1.0,1.0,1.0,1.0,0.9999998,1.0,1.0,1.0,1.0,1.0,0.99999994,1.0,1.0,1.0,1.0,1.0,1.0,1.0,1.0,1.0,0.99988884,1.0,1.0,1.0,0.6319068,0.9999443,0.99999994,1.0,1.0,1.0,1.0,1.0,1.0,1.0,1.0,1.0,1.0,0.99999994,1.0,1.0,1.0,1.0,1.0,1.0,0.99999964,1.0,1.0,0.9830488,1.0,1.0,1.0,1.0,1.0,1.0,0.9999999,1.0,1.0,1.0,1.0,1.0,1.0,1.0,1.0,1.0,1.0,1.0,1.0,1.0,1.0,1.0,1.0
NCBP2_K562,1.0,0.99999994,1.0,1.0,1.0,1.0,1.0,1.0,1.0,1.0,1.0,1.0,1.0,1.0,1.0,1.0,0.9999912,1.0,1.0,1.0,1.0,1.0,1.0,1.0,0.81927824,0.99999285,1.0,1.0,1.0,1.0,1.0,1.0,1.0,1.0,1.0,0.99999994,1.0,1.0,0.9999988,1.0,1.0,1.0,1.0,1.0,1.0,1.0,1.0,1.0,0.99999994,1.0,1.0,1.0,1.0,1.0,1.0,1.0,0.99999994,1.0,1.0,1.0,1.0,1.0,1.0,0.9999998,1.0,1.0,1.0,1.0,1.0,1.0,1.0,1.0,1.0,1.0,1.0,1.0,0.9999991,0.88382435,1.0,1.0,1.0,1.0,0.99999994,0.99999994,1.0,1.0,1.0,1.0,1.0,0.99999994,1.0,1.0,1.0,1.0,1.0,0.99999994,1.0,1.0,1.0,1.0,0.99998,0.9991588,0.9870916,1.0,1.0,1.0,1.0,1.0,1.0,1.0,1.0,1.0,0.99999976,1.0,1.0,1.0,1.0,1.0,1.0,1.0,1.0,1.0,0.9021731,1.0,0.99999994,1.0,1.0,1.0,1.0,1.0,1.0,1.0,1.0,1.0,0.99999994,1.0,1.0,1.0,1.0,1.0,1.0,1.0,1.0,1.0,1.0,1.0,1.0,1.0,1.0,1.0,1.0,1.0,1.0,1.0,1.0,1.0,0.9999997,1.0,1.0,1.0,1.0,1.0,1.0,1.0,1.0,1.0,1.0,1.0,1.0,1.0,1.0,1.0,0.99988586,1.0,1.0,0.99999994,0.6320594,0.99994224,1.0,1.0,1.0,1.0,1.0,0.99999994,1.0,1.0,1.0,1.0,1.0,0.9999998,1.0,1.0,1.0,1.0,1.0,1.0,0.9999994,1.0,1.0,0.98308486,1.0,1.0,1.0,1.0,1.0,1.0,0.99999976,1.0,1.0,1.0,1.0,0.99999994,1.0,1.0,1.0,1.0,1.0,1.0,1.0,1.0,1.0,1.0,1.0
NIP7_HepG2,0.99999976,0.9999996,0.9999998,0.9999997,0.9999997,0.99999964,0.9999997,0.9999997,0.99999964,0.9999996,0.99999964,0.9999996,0.9999997,0.99999976,0.9999998,0.99999976,0.99999374,0.99999964,0.99999964,0.99999976,0.9999997,0.99999964,0.99999964,0.99999964,0.81889594,0.9999901,0.99999964,0.99999964,0.99999964,0.9999997,0.99999976,0.99999964,0.99999964,0.9999997,0.9999996,0.9999996,0.9999997,0.9999997,0.99999756,0.9999997,0.99999964,0.99999964,0.99999964,0.99999976,0.9999997,0.9999997,0.99999976,0.9999997,0.99999946,0.9999997,0.9999997,0.9999997,0.9999998,0.99999964,0.99999976,0.9999997,0.9999996,0.99999976,0.99999976,0.9999997,0.9999997,0.9999997,0.99999964,0.99999917,0.99999964,0.99999964,0.9999997,0.99999976,0.99999964,0.9999997,0.9999997,0.99999964,0.99999976,0.99999976,0.9999997,0.99999964,0.999998,0.88413596,0.9999997,0.99999964,0.9999996,0.99999976,0.99999994,0.9999996,0.99999964,0.9999996,0.9999998,0.99999964,0.9999997,0.9999995,0.9999999,0.9999997,0.9999997,0.99999964,0.9999997,0.99999994,0.99999976,0.99999976,0.9999997,0.99999964,0.9999755,0.9991859,0.9869846,0.99999964,0.9999997,0.9999997,0.9999997,0.99999976,0.99999976,0.99999964,0.99999964,0.99999976,1.0,0.99999964,0.9999997,0.99999964,0.9999996,0.9999997,0.99999976,0.99999976,0.9999996,0.9999997,0.9018854,0.99999964,0.9999996,0.9999999,0.99999964,0.9999997,0.99999976,0.9999997,0.9999997,0.99999964,0.99999964,0.9999997,0.9999995,0.99999976,0.99999976,0.99999964,0.99999976,0.99999976,0.9999996,0.9999997,0.99999964,0.99999976,0.99999964,0.9999997,0.9999998,0.9999997,0.99999964,0.9999997,0.9999996,0.9999997,0.99999976,0.99999976,0.9999997,0.9999997,0.999999,0.99999964,0.99999964,0.9999997,0.99999964,0.9999997,0.9999998,0.99999976,0.9999997,0.9999997,0.99999964,0.9999997,0.9999997,0.99999964,0.9999997,0.9999997,0.9998756,0.99999964,0.9999997,0.9999996,0.63257575,0.99993485,0.9999998,0.9999997,0.9999997,0.99999976,0.99999964,0.9999995,0.9999997,0.99999964,0.9999997,0.99999964,0.9999997,0.9999992,0.9999997,0.99999964,0.99999964,0.99999964,0.9999997,0.99999964,0.9999985,0.99999964,0.99999976,0.9832067,0.99999976,0.99999964,0.9999997,0.99999964,0.99999964,0.99999964,0.9999991,0.9999997,0.99999964,0.99999976,0.9999997,0.9999995,0.99999964,0.9999997,0.9999997,0.9999997,0.99999964,0.9999997,0.99999976,0.99999964,0.99999964,0.99999976,0.99999976
NIPBL_K562,1.0,1.0,1.0,1.0,1.0,1.0,1.0,1.0,1.0,1.0,1.0,1.0,1.0,1.0,1.0,1.0,0.9999905,1.0,1.0,1.0,1.0,1.0,1.0,1.0,0.8193651,0.9999934,1.0,1.0,1.0,1.0,1.0,1.0,1.0,1.0,1.0,1.0,1.0,1.0,0.99999905,1.0,1.0,1.0,1.0,1.0,1.0,1.0,1.0,1.0,1.0,1.0,1.0,1.0,0.99999994,1.0,1.0,1.0,1.0,1.0,1.0,1.0,1.0,1.0,1.0,0.9999999,1.0,1.0,1.0,1.0,1.0,1.0,1.0,1.0,1.0,1.0,1.0,1.0,0.9999993,0.8837535,1.0,1.0,1.0,1.0,0.99999994,1.0,1.0,1.0,1.0,1.0,1.0,1.0,0.99999994,1.0,1.0,1.0,1.0,0.99999994,1.0,1.0,1.0,1.0,0.9999809,0.9991526,0.98711586,1.0,1.0,1.0,1.0,1.0,1.0,1.0,1.0,1.0,0.99999964,1.0,1.0,1.0,1.0,1.0,1.0,1.0,1.0,1.0,0.9022384,1.0,1.0,0.99999994,1.0,1.0,1.0,1.0,1.0,1.0,1.0,1.0,1.0,1.0,1.0,1.0,1.0,1.0,1.0,1.0,1.0,1.0,1.0,1.0,1.0,1.0,1.0,1.0,1.0,1.0,1.0,1.0,1.0,1.0,0.9999998,1.0,1.0,1.0,1.0,1.0,1.0,1.0,1.0,1.0,1.0,1.0,1.0,1.0,1.0,1.0,0.9998882,1.0,1.0,1.0,0.63194203,0.99994385,1.0,1.0,1.0,1.0,1.0,1.0,1.0,1.0,1.0,1.0,1.0,0.99999994,1.0,1.0,1.0,1.0,1.0,1.0,0.9999996,1.0,1.0,0.9830571,1.0,1.0,1.0,1.0,1.0,1.0,0.9999999,1.0,1.0,1.0,1.0,1.0,1.0,1.0,1.0,1.0,1.0,1.0,1.0,1.0,1.0,1.0,1.0
NKRF_HepG2,1.0,1.0,1.0,1.0,1.0,1.0,1.0,1.0,1.0,1.0,1.0,1.0,1.0,1.0,1.0,1.0,0.9999907,1.0,1.0,1.0,1.0,1.0,1.0,1.0,0.81934005,0.99999326,1.0,1.0,1.0,1.0,1.0,1.0,1.0,1.0,1.0,1.0,1.0,1.0,0.999999,1.0,1.0,1.0,1.0,1.0,1.0,1.0,1.0,1.0,0.99999994,1.0,1.0,1.0,1.0,1.0,1.0,1.0,1.0,1.0,1.0,1.0,1.0,1.0,1.0,0.9999999,1.0,1.0,1.0,1.0,1.0,1.0,1.0,1.0,1.0,1.0,1.0,1.0,0.9999992,0.8837739,1.0,1.0,1.0,1.0,0.99999994,1.0,1.0,1.0,1.0,1.0,1.0,1.0,0.99999994,1.0,1.0,1.0,1.0,0.99999994,1.0,1.0,1.0,1.0,0.9999806,0.9991544,0.9871088,1.0,1.0,1.0,1.0,1.0,1.0,1.0,1.0,1.0,0.9999997,1.0,1.0,1.0,1.0,1.0,1.0,1.0,1.0,1.0,0.9022196,1.0,1.0,0.99999994,1.0,1.0,1.0,1.0,1.0,1.0,1.0,1.0,1.0,1.0,1.0,1.0,1.0,1.0,1.0,1.0,1.0,1.0,1.0,1.0,1.0,1.0,1.0,1.0,1.0,1.0,1.0,1.0,1.0,1.0,0.99999976,1.0,1.0,1.0,1.0,1.0,1.0,1.0,1.0,1.0,1.0,1.0,1.0,1.0,1.0,1.0,0.9998875,1.0,1.0,1.0,0.6319759,0.9999434,1.0,1.0,1.0,1.0,1.0,1.0,1.0,1.0,1.0,1.0,1.0,0.9999999,1.0,1.0,1.0,1.0,1.0,1.0,0.9999995,1.0,1.0,0.9830651,1.0,1.0,1.0,1.0,1.0,1.0,0.9999998,1.0,1.0,1.0,1.0,1.0,1.0,1.0,1.0,1.0,1.0,1.0,1.0,1.0,1.0,1.0,1.0
NOL12_HepG2,1.0,1.0,1.0,1.0,1.0,1.0,1.0,1.0,1.0,1.0,1.0,1.0,1.0,1.0,1.0,1.0,0.9999905,1.0,1.0,1.0,1.0,1.0,1.0,1.0,0.81936044,0.9999934,1.0,1.0,1.0,1.0,1.0,1.0,1.0,1.0,1.0,1.0,1.0,1.0,0.999999,1.0,1.0,1.0,1.0,1.0,1.0,1.0,1.0,1.0,1.0,1.0,1.0,1.0,1.0,1.0,1.0,1.0,1.0,1.0,1.0,1.0,1.0,1.0,1.0,0.9999999,1.0,1.0,1.0,1.0,1.0,1.0,1.0,1.0,1.0,1.0,1.0,1.0,0.9999993,0.8837573,1.0,1.0,1.0,1.0,0.99999994,1.0,1.0,1.0,1.0,1.0,1.0,1.0,0.99999994,1.0,1.0,1.0,1.0,0.99999994,1.0,1.0,1.0,1.0,0.99998087,0.99915296,0.98711455,1.0,1.0,1.0,1.0,1.0,1.0,1.0,1.0,1.0,0.99999964,1.0,1.0,1.0,1.0,1.0,1.0,1.0,1.0,1.0,0.9022349,1.0,1.0,0.99999994,1.0,1.0,1.0,1.0,1.0,1.0,1.0,1.0,1.0,1.0,1.0,1.0,1.0,1.0,1.0,1.0,1.0,1.0,1.0,1.0,1.0,1.0,1.0,1.0,1.0,1.0,1.0,1.0,1.0,1.0,0.9999998,1.0,1.0,1.0,1.0,1.0,1.0,1.0,1.0,1.0,1.0,1.0,1.0,1.0,1.0,1.0,0.99988806,1.0,1.0,1.0,0.63194835,0.9999438,1.0,1.0,1.0,1.0,1.0,1.0,1.0,1.0,1.0,1.0,1.0,0.99999994,1.0,1.0,1.0,1.0,1.0,1.0,0.9999996,1.0,1.0,0.98305863,1.0,1.0,1.0,1.0,1.0,1.0,0.9999999,1.0,1.0,1.0,1.0,1.0,1.0,1.0,1.0,1.0,1.0,1.0,1.0,1.0,1.0,1.0,1.0
NOLC1_HepG2,1.0,1.0,0.99999994,1.0,1.0,1.0,1.0,1.0,1.0,1.0,1.0,1.0,1.0,1.0,0.99999994,1.0,0.99999017,1.0,1.0,1.0,1.0,1.0,1.0,1.0,0.8194073,0.9999937,1.0,1.0,1.0,1.0,1.0,1.0,1.0,1.0,1.0,1.0,1.0,1.0,0.9999991,1.0,1.0,1.0,1.0,1.0,1.0,1.0,1.0,1.0,1.0,1.0,1.0,1.0,0.99999994,1.0,1.0,1.0,1.0,0.99999994,1.0,1.0,1.0,1.0,1.0,0.99999994,1.0,1.0,1.0,1.0,1.0,1.0,1.0,1.0,1.0,1.0,1.0,1.0,0.99999934,0.8837191,1.0,1.0,1.0,1.0,0.9999999,1.0,1.0,1.0,0.99999994,1.0,1.0,1.0,0.99999994,1.0,1.0,1.0,1.0,0.9999999,1.0,1.0,1.0,1.0,0.99998134,0.99914956,0.9871276,1.0,1.0,1.0,1.0,1.0,1.0,1.0,1.0,1.0,0.9999996,1.0,1.0,1.0,1.0,1.0,1.0,1.0,1.0,1.0,0.9022702,1.0,1.0,0.99999994,1.0,1.0,1.0,1.0,1.0,1.0,1.0,1.0,1.0,1.0,1.0,1.0,1.0,1.0,1.0,1.0,1.0,1.0,1.0,1.0,0.99999994,1.0,1.0,1.0,1.0,1.0,1.0,1.0,1.0,1.0,0.9999998,1.0,1.0,1.0,1.0,1.0,0.99999994,1.0,1.0,1.0,1.0,1.0,1.0,1.0,1.0,1.0,0.99988925,1.0,1.0,1.0,0.631885,0.9999446,0.99999994,1.0,1.0,0.99999994,1.0,1.0,1.0,1.0,1.0,1.0,1.0,0.99999994,1.0,1.0,1.0,1.0,1.0,1.0,0.99999964,1.0,1.0,0.9830436,1.0,1.0,1.0,1.0,1.0,1.0,0.9999999,1.0,1.0,1.0,1.0,1.0,1.0,1.0,1.0,1.0,1.0,1.0,1.0,1.0,1.0,1.0,1.0
NOLC1_K562,1.0,1.0,1.0,1.0,1.0,1.0,1.0,1.0,1.0,1.0,1.0,1.0,1.0,1.0,1.0,1.0,0.9999906,1.0,1.0,1.0,1.0,1.0,1.0,1.0,0.8193566,0.9999933,1.0,1.0,1.0,1.0,1.0,1.0,1.0,1.0,1.0,1.0,1.0,1.0,0.999999,1.0,1.0,1.0,1.0,1.0,1.0,1.0,1.0,1.0,1.0,1.0,1.0,1.0,1.0,1.0,1.0,1.0,1.0,1.0,1.0,1.0,1.0,1.0,1.0,0.9999999,1.0,1.0,1.0,1.0,1.0,1.0,1.0,1.0,1.0,1.0,1.0,1.0,0.9999993,0.8837604,1.0,1.0,1.0,1.0,0.99999994,1.0,1.0,1.0,1.0,1.0,1.0,1.0,0.99999994,1.0,1.0,1.0,1.0,0.99999994,1.0,1.0,1.0,1.0,0.9999808,0.9991532,0.9871135,1.0,1.0,1.0,1.0,1.0,1.0,1.0,1.0,1.0,0.9999997,1.0,1.0,1.0,1.0,1.0,1.0,1.0,1.0,1.0,0.90223205,1.0,1.0,0.99999994,1.0,1.0,1.0,1.0,1.0,1.0,1.0,1.0,1.0,1.0,1.0,1.0,1.0,1.0,1.0,1.0,1.0,1.0,1.0,1.0,1.0,1.0,1.0,1.0,1.0,1.0,1.0,1.0,1.0,1.0,0.9999998,1.0,1.0,1.0,1.0,1.0,1.0,1.0,1.0,1.0,1.0,1.0,1.0,1.0,1.0,1.0,0.99988794,1.0,1.0,1.0,0.6319535,0.9999437,1.0,1.0,1.0,1.0,1.0,1.0,1.0,1.0,1.0,1.0,1.0,0.99999994,1.0,1.0,1.0,1.0,1.0,1.0,0.9999996,1.0,1.0,0.9830598,1.0,1.0,1.0,1.0,1.0,1.0,0.9999999,1.0,1.0,1.0,1.0,1.0,1.0,1.0,1.0,1.0,1.0,1.0,1.0,1.0,1.0,1.0,1.0
NONO_K562,1.0,1.0,1.0,1.0,1.0,1.0,1.0,1.0,1.0,1.0,1.0,1.0,1.0,1.0,1.0,1.0,0.99999094,1.0,1.0,1.0,1.0,1.0,1.0,1.0,0.8193106,0.999993,1.0,1.0,1.0,1.0,1.0,1.0,1.0,1.0,1.0,1.0,1.0,1.0,0.99999887,1.0,1.0,1.0,1.0,1.0,1.0,1.0,1.0,1.0,0.99999994,1.0,1.0,1.0,1.0,1.0,1.0,1.0,1.0,1.0,1.0,1.0,1.0,1.0,1.0,0.9999998,1.0,1.0,1.0,1.0,1.0,1.0,1.0,1.0,1.0,1.0,1.0,1.0,0.99999917,0.883798,1.0,1.0,1.0,1.0,0.99999994,1.0,1.0,1.0,1.0,1.0,1.0,0.99999994,1.0,1.0,1.0,1.0,1.0,0.99999994,1.0,1.0,1.0,1.0,0.99998033,0.99915653,0.9871006,1.0,1.0,1.0,1.0,1.0,1.0,1.0,1.0,1.0,0.99999976,1.0,1.0,1.0,1.0,1.0,1.0,1.0,1.0,1.0,0.9021974,1.0,1.0,1.0,1.0,1.0,1.0,1.0,1.0,1.0,1.0,1.0,0.99999994,1.0,1.0,1.0,1.0,1.0,1.0,1.0,1.0,1.0,1.0,1.0,1.0,1.0,1.0,1.0,1.0,1.0,1.0,1.0,1.0,1.0,0.99999976,1.0,1.0,1.0,1.0,1.0,1.0,1.0,1.0,1.0,1.0,1.0,1.0,1.0,1.0,1.0,0.99988675,1.0,1.0,1.0,0.6320157,0.99994284,1.0,1.0,1.0,1.0,1.0,0.99999994,1.0,1.0,1.0,1.0,1.0,0.9999999,1.0,1.0,1.0,1.0,1.0,1.0,0.99999946,1.0,1.0,0.98307455,1.0,1.0,1.0,1.0,1.0,1.0,0.9999998,1.0,1.0,1.0,1.0,0.99999994,1.0,1.0,1.0,1.0,1.0,1.0,1.0,1.0,1.0,1.0,1.0
NPM1_K562,1.0,1.0,1.0,1.0,1.0,1.0,1.0,1.0,1.0,1.0,1.0,1.0,1.0,1.0,1.0,1.0,0.99999094,1.0,1.0,1.0,1.0,1.0,1.0,1.0,0.81930435,0.999993,1.0,1.0,1.0,1.0,1.0,1.0,1.0,1.0,1.0,1.0,1.0,1.0,0.99999887,1.0,1.0,1.0,1.0,1.0,1.0,1.0,1.0,1.0,0.99999994,1.0,1.0,1.0,1.0,1.0,1.0,1.0,1.0,1.0,1.0,1.0,1.0,1.0,1.0,0.9999998,1.0,1.0,1.0,1.0,1.0,1.0,1.0,1.0,1.0,1.0,1.0,1.0,0.99999917,0.88380307,1.0,1.0,1.0,1.0,0.99999994,1.0,1.0,1.0,1.0,1.0,1.0,0.99999994,1.0,1.0,1.0,1.0,1.0,0.99999994,1.0,1.0,1.0,1.0,0.9999803,0.99915695,0.9870989,1.0,1.0,1.0,1.0,1.0,1.0,1.0,1.0,1.0,0.99999976,1.0,1.0,1.0,1.0,1.0,1.0,1.0,1.0,1.0,0.9021928,1.0,1.0,1.0,1.0,1.0,1.0,1.0,1.0,1.0,1.0,1.0,0.99999994,1.0,1.0,1.0,1.0,1.0,1.0,1.0,1.0,1.0,1.0,1.0,1.0,1.0,1.0,1.0,1.0,1.0,1.0,1.0,1.0,1.0,0.99999976,1.0,1.0,1.0,1.0,1.0,1.0,1.0,1.0,1.0,1.0,1.0,1.0,1.0,1.0,1.0,0.9998866,1.0,1.0,1.0,0.63202417,0.9999427,1.0,1.0,1.0,1.0,1.0,0.99999994,1.0,1.0,1.0,1.0,1.0,0.9999999,1.0,1.0,1.0,1.0,1.0,1.0,0.99999946,1.0,1.0,0.9830765,1.0,1.0,1.0,1.0,1.0,1.0,0.9999998,1.0,1.0,1.0,1.0,0.99999994,1.0,1.0,1.0,1.0,1.0,1.0,1.0,1.0,1.0,1.0,1.0
NSUN2_K562,1.0,1.0,0.99999994,1.0,1.0,1.0,1.0,1.0,1.0,1.0,1.0,1.0,1.0,1.0,0.99999994,1.0,0.99999017,1.0,1.0,1.0,1.0,1.0,1.0,1.0,0.81940746,0.9999937,1.0,1.0,1.0,1.0,1.0,1.0,1.0,1.0,1.0,1.0,1.0,1.0,0.9999991,1.0,1.0,1.0,1.0,1.0,1.0,1.0,1.0,1.0,1.0,1.0,1.0,1.0,0.99999994,1.0,1.0,1.0,1.0,0.99999994,1.0,1.0,1.0,1.0,1.0,0.99999994,1.0,1.0,1.0,1.0,1.0,1.0,1.0,1.0,1.0,1.0,1.0,1.0,0.99999934,0.88371897,1.0,1.0,1.0,1.0,0.9999999,1.0,1.0,1.0,0.99999994,1.0,1.0,1.0,0.99999994,1.0,1.0,1.0,1.0,0.9999999,1.0,1.0,1.0,1.0,0.99998134,0.99914956,0.98712766,1.0,1.0,1.0,1.0,1.0,1.0,1.0,1.0,1.0,0.9999996,1.0,1.0,1.0,1.0,1.0,1.0,1.0,1.0,1.0,0.90227026,1.0,1.0,0.99999994,1.0,1.0,1.0,1.0,1.0,1.0,1.0,1.0,1.0,1.0,1.0,1.0,1.0,1.0,1.0,1.0,1.0,1.0,1.0,1.0,0.99999994,1.0,1.0,1.0,1.0,1.0,1.0,1.0,1.0,1.0,0.9999998,1.0,1.0,1.0,1.0,1.0,0.99999994,1.0,1.0,1.0,1.0,1.0,1.0,1.0,1.0,1.0,0.99988925,1.0,1.0,1.0,0.6318848,0.9999446,0.99999994,1.0,1.0,0.99999994,1.0,1.0,1.0,1.0,1.0,1.0,1.0,0.99999994,1.0,1.0,1.0,1.0,1.0,1.0,0.99999964,1.0,1.0,0.98304355,1.0,1.0,1.0,1.0,1.0,1.0,0.9999999,1.0,1.0,1.0,1.0,1.0,1.0,1.0,1.0,1.0,1.0,1.0,1.0,1.0,1.0,1.0,1.0
PABPC4_K562,1.0,1.0,1.0,1.0,1.0,1.0,1.0,1.0,1.0,1.0,1.0,1.0,1.0,1.0,1.0,1.0,0.9999905,1.0,1.0,1.0,1.0,1.0,1.0,1.0,0.819359,0.9999934,1.0,1.0,1.0,1.0,1.0,1.0,1.0,1.0,1.0,1.0,1.0,1.0,0.999999,1.0,1.0,1.0,1.0,1.0,1.0,1.0,1.0,1.0,1.0,1.0,1.0,1.0,1.0,1.0,1.0,1.0,1.0,1.0,1.0,1.0,1.0,1.0,1.0,0.9999999,1.0,1.0,1.0,1.0,1.0,1.0,1.0,1.0,1.0,1.0,1.0,1.0,0.9999993,0.8837585,1.0,1.0,1.0,1.0,0.99999994,1.0,1.0,1.0,1.0,1.0,1.0,1.0,0.99999994,1.0,1.0,1.0,1.0,0.99999994,1.0,1.0,1.0,1.0,0.99998087,0.999153,0.98711413,1.0,1.0,1.0,1.0,1.0,1.0,1.0,1.0,1.0,0.9999997,1.0,1.0,1.0,1.0,1.0,1.0,1.0,1.0,1.0,0.9022339,1.0,1.0,0.99999994,1.0,1.0,1.0,1.0,1.0,1.0,1.0,1.0,1.0,1.0,1.0,1.0,1.0,1.0,1.0,1.0,1.0,1.0,1.0,1.0,1.0,1.0,1.0,1.0,1.0,1.0,1.0,1.0,1.0,1.0,0.9999998,1.0,1.0,1.0,1.0,1.0,1.0,1.0,1.0,1.0,1.0,1.0,1.0,1.0,1.0,1.0,0.999888,1.0,1.0,1.0,0.63195026,0.99994373,1.0,1.0,1.0,1.0,1.0,1.0,1.0,1.0,1.0,1.0,1.0,0.99999994,1.0,1.0,1.0,1.0,1.0,1.0,0.9999996,1.0,1.0,0.98305905,1.0,1.0,1.0,1.0,1.0,1.0,0.9999999,1.0,1.0,1.0,1.0,1.0,1.0,1.0,1.0,1.0,1.0,1.0,1.0,1.0,1.0,1.0,1.0
PABPN1_HepG2,0.90219563,0.902291,0.9021631,0.9022064,0.9022108,0.90223783,0.90222394,0.90221864,0.90225476,0.9022777,0.90224046,0.9022679,0.9022094,0.9021946,0.90216315,0.9021718,0.90035075,0.902247,0.9022449,0.90219885,0.9022101,0.9022543,0.9022449,0.90224195,0.9864791,0.9037997,0.90224177,0.9022386,0.90225905,0.9022045,0.9021919,0.9022357,0.90224993,0.90222114,0.90226537,0.9022879,0.9022312,0.90222615,0.90284085,0.90222436,0.90224403,0.90225524,0.9022373,0.9021886,0.9022303,0.90221715,0.9021923,0.9022047,0.9023373,0.9022152,0.9022144,0.9022161,0.90213305,0.902254,0.9021784,0.90222734,0.90228367,0.9021645,0.90218776,0.9022251,0.90222317,0.90223175,0.9022472,0.90244067,0.9022421,0.90223515,0.9022043,0.9021944,0.90224487,0.90221745,0.90222037,0.9022627,0.902166,0.9021788,0.902212,0.9022544,0.90275645,0.5955576,0.9022217,0.90224195,0.90227574,0.9021863,0.9020669,0.9022912,0.9022639,0.9022758,0.9021502,0.902239,0.90220666,0.90231216,0.9020928,0.9022266,0.9022254,0.90224403,0.90221375,0.90205926,0.902185,0.9021765,0.9022177,0.90223503,0.90488535,0.8837245,0.959615,0.9022612,0.90222025,0.9022023,0.90222114,0.9021983,0.9021847,0.9022528,0.90225804,0.9021731,0.9018854,0.9022384,0.9022196,0.9022349,0.9022702,0.90223205,0.9021974,0.9021928,0.90227026,0.9022339,1.0,0.9022486,0.90228623,0.9021072,0.9022476,0.90221566,0.90219414,0.90221596,0.90222377,0.90226084,0.9022443,0.9022345,0.90230364,0.902196,0.9021737,0.90224314,0.90219176,0.9021707,0.90226597,0.9022227,0.9022396,0.902186,0.9022377,0.90220696,0.90213996,0.9022152,0.9022403,0.9022305,0.9022763,0.9022051,0.9022005,0.9021977,0.9022212,0.9022145,0.9025072,0.90224713,0.9022363,0.9022287,0.9022629,0.90221703,0.9021522,0.9021954,0.90221816,0.90222806,0.9022579,0.9022188,0.9022046,0.9022612,0.902233,0.902233,0.9085869,0.90226215,0.90222436,0.9022834,0.23594657,0.9067573,0.9021521,0.9022111,0.9022047,0.90216434,0.90226465,0.902312,0.90223366,0.9022501,0.90223145,0.90224224,0.9022274,0.90241224,0.90220785,0.90225035,0.9022387,0.90224147,0.90220916,0.9022353,0.9026359,0.90224564,0.90218174,0.80790627,0.9021752,0.90224385,0.9022266,0.9022492,0.9022601,0.9022581,0.90246195,0.9022083,0.9022621,0.90220004,0.90222114,0.9023123,0.9022356,0.902205,0.90221995,0.9022197,0.90224814,0.90223247,0.90218633,0.90225506,0.9022393,0.90217626,0.9021857
PCBP1_HepG2,1.0,1.0,1.0,1.0,1.0,1.0,1.0,1.0,1.0,1.0,1.0,1.0,1.0,1.0,1.0,1.0,0.9999904,1.0,1.0,1.0,1.0,1.0,1.0,1.0,0.8193786,0.9999935,1.0,1.0,1.0,1.0,1.0,1.0,1.0,1.0,1.0,1.0,1.0,1.0,0.99999905,1.0,1.0,1.0,1.0,1.0,1.0,1.0,1.0,1.0,1.0,1.0,1.0,1.0,0.99999994,1.0,1.0,1.0,1.0,1.0,1.0,1.0,1.0,1.0,1.0,0.9999999,1.0,1.0,1.0,1.0,1.0,1.0,1.0,1.0,1.0,1.0,1.0,1.0,0.9999993,0.88374245,1.0,1.0,1.0,1.0,0.99999994,1.0,1.0,1.0,1.0,1.0,1.0,1.0,0.99999994,1.0,1.0,1.0,1.0,0.9999999,1.0,1.0,1.0,1.0,0.99998105,0.99915165,0.9871196,1.0,1.0,1.0,1.0,1.0,1.0,1.0,1.0,1.0,0.99999964,1.0,1.0,1.0,1.0,1.0,1.0,1.0,1.0,1.0,0.9022486,1.0,1.0,0.99999994,1.0,1.0,1.0,1.0,1.0,1.0,1.0,1.0,1.0,1.0,1.0,1.0,1.0,1.0,1.0,1.0,1.0,1.0,1.0,1.0,0.99999994,1.0,1.0,1.0,1.0,1.0,1.0,1.0,1.0,1.0,0.9999998,1.0,1.0,1.0,1.0,1.0,1.0,1.0,1.0,1.0,1.0,1.0,1.0,1.0,1.0,1.0,0.99988854,1.0,1.0,1.0,0.63192374,0.9999441,1.0,1.0,1.0,1.0,1.0,1.0,1.0,1.0,1.0,1.0,1.0,0.99999994,1.0,1.0,1.0,1.0,1.0,1.0,0.9999996,1.0,1.0,0.9830528,1.0,1.0,1.0,1.0,1.0,1.0,0.9999999,1.0,1.0,1.0,1.0,1.0,1.0,1.0,1.0,1.0,1.0,1.0,1.0,1.0,1.0,1.0,1.0
PCBP1_K562,1.0,1.0,0.99999994,1.0,1.0,1.0,1.0,1.0,1.0,1.0,1.0,1.0,1.0,1.0,0.99999994,0.99999994,0.99999005,1.0,1.0,1.0,1.0,1.0,1.0,1.0,0.81942856,0.9999938,1.0,1.0,1.0,1.0,1.0,1.0,1.0,1.0,1.0,1.0,1.0,1.0,0.99999917,1.0,1.0,1.0,1.0,1.0,1.0,1.0,1.0,1.0,1.0,1.0,1.0,1.0,0.99999994,1.0,0.99999994,1.0,1.0,0.99999994,1.0,1.0,1.0,1.0,1.0,0.99999994,1.0,1.0,1.0,1.0,1.0,1.0,1.0,1.0,0.99999994,0.99999994,1.0,1.0,0.9999994,0.8837017,1.0,1.0,1.0,1.0,0.9999999,1.0,1.0,1.0,0.99999994,1.0,1.0,1.0,0.9999999,1.0,1.0,1.0,1.0,0.9999999,1.0,0.99999994,1.0,1.0,0.9999816,0.999148,0.98713356,1.0,1.0,1.0,1.0,1.0,1.0,1.0,1.0,0.99999994,0.9999996,1.0,1.0,1.0,1.0,1.0,1.0,1.0,1.0,1.0,0.90228623,1.0,1.0,0.99999994,1.0,1.0,1.0,1.0,1.0,1.0,1.0,1.0,1.0,1.0,0.99999994,1.0,1.0,0.99999994,1.0,1.0,1.0,1.0,1.0,1.0,0.99999994,1.0,1.0,1.0,1.0,1.0,1.0,1.0,1.0,1.0,0.9999999,1.0,1.0,1.0,1.0,1.0,0.99999994,1.0,1.0,1.0,1.0,1.0,1.0,1.0,1.0,1.0,0.9998898,1.0,1.0,1.0,0.6318562,0.99994504,0.99999994,1.0,1.0,0.99999994,1.0,1.0,1.0,1.0,1.0,1.0,1.0,0.99999994,1.0,1.0,1.0,1.0,1.0,1.0,0.99999964,1.0,1.0,0.9830368,0.99999994,1.0,1.0,1.0,1.0,1.0,0.99999994,1.0,1.0,1.0,1.0,1.0,1.0,1.0,1.0,1.0,1.0,1.0,1.0,1.0,1.0,0.99999994,1.0
PCBP2_HepG2,1.0,0.9999999,1.0,1.0,1.0,0.99999994,0.99999994,0.99999994,0.99999994,0.99999994,0.99999994,0.99999994,1.0,1.0,1.0,1.0,0.9999918,0.99999994,0.99999994,1.0,1.0,0.99999994,0.99999994,0.99999994,0.8191906,0.99999225,0.99999994,0.99999994,0.99999994,1.0,1.0,0.99999994,0.99999994,0.99999994,0.99999994,0.99999994,0.99999994,0.99999994,0.99999857,0.99999994,0.99999994,0.99999994,0.99999994,1.0,0.99999994,0.99999994,1.0,1.0,0.9999999,0.99999994,0.99999994,0.99999994,1.0,0.99999994,1.0,0.99999994,0.99999994,1.0,1.0,0.99999994,0.99999994,0.99999994,0.99999994,0.9999997,0.99999994,0.99999994,1.0,1.0,0.99999994,0.99999994,0.99999994,0.99999994,1.0,1.0,1.0,0.99999994,0.99999887,0.8838959,0.99999994,0.99999994,0.99999994,1.0,1.0,0.9999999,0.99999994,0.99999994,1.0,0.99999994,1.0,0.9999999,1.0,0.99999994,0.99999994,0.99999994,0.99999994,1.0,1.0,1.0,0.99999994,0.99999994,0.999979,0.99916506,0.9870671,0.99999994,0.99999994,1.0,0.99999994,1.0,1.0,0.99999994,0.99999994,1.0,0.9999999,0.99999994,0.99999994,0.99999994,0.99999994,0.99999994,1.0,1.0,0.99999994,0.99999994,0.9021072,0.99999994,0.99999994,1.0,0.99999994,0.99999994,1.0,0.99999994,0.99999994,0.99999994,0.99999994,0.99999994,0.9999999,1.0,1.0,0.99999994,1.0,1.0,0.99999994,0.99999994,0.99999994,1.0,0.99999994,1.0,1.0,0.99999994,0.99999994,0.99999994,0.99999994,1.0,1.0,1.0,0.99999994,0.99999994,0.9999996,0.99999994,0.99999994,0.99999994,0.99999994,0.99999994,1.0,1.0,0.99999994,0.99999994,0.99999994,0.99999994,1.0,0.99999994,0.99999994,0.99999994,0.9998836,0.99999994,0.99999994,0.99999994,0.6321778,0.9999406,1.0,1.0,1.0,1.0,0.99999994,0.9999999,0.99999994,0.99999994,0.99999994,0.99999994,0.99999994,0.99999976,1.0,0.99999994,0.99999994,0.99999994,1.0,0.99999994,0.9999992,0.99999994,1.0,0.9831129,1.0,0.99999994,0.99999994,0.99999994,0.99999994,0.99999994,0.99999964,1.0,0.99999994,1.0,0.99999994,0.9999999,0.99999994,1.0,0.99999994,0.99999994,0.99999994,0.99999994,1.0,0.99999994,0.99999994,1.0,1.0
PHF6_K562,1.0,1.0,1.0,1.0,1.0,1.0,1.0,1.0,1.0,1.0,1.0,1.0,1.0,1.0,1.0,1.0,0.9999904,1.0,1.0,1.0,1.0,1.0,1.0,1.0,0.81937724,0.99999344,1.0,1.0,1.0,1.0,1.0,1.0,1.0,1.0,1.0,1.0,1.0,1.0,0.99999905,1.0,1.0,1.0,1.0,1.0,1.0,1.0,1.0,1.0,1.0,1.0,1.0,1.0,0.99999994,1.0,1.0,1.0,1.0,1.0,1.0,1.0,1.0,1.0,1.0,0.9999999,1.0,1.0,1.0,1.0,1.0,1.0,1.0,1.0,1.0,1.0,1.0,1.0,0.9999993,0.8837436,1.0,1.0,1.0,1.0,0.99999994,1.0,1.0,1.0,1.0,1.0,1.0,1.0,0.99999994,1.0,1.0,1.0,1.0,0.9999999,1.0,1.0,1.0,1.0,0.99998105,0.9991517,0.98711926,1.0,1.0,1.0,1.0,1.0,1.0,1.0,1.0,1.0,0.99999964,1.0,1.0,1.0,1.0,1.0,1.0,1.0,1.0,1.0,0.9022476,1.0,1.0,0.99999994,1.0,1.0,1.0,1.0,1.0,1.0,1.0,1.0,1.0,1.0,1.0,1.0,1.0,1.0,1.0,1.0,1.0,1.0,1.0,1.0,0.99999994,1.0,1.0,1.0,1.0,1.0,1.0,1.0,1.0,1.0,0.9999998,1.0,1.0,1.0,1.0,1.0,1.0,1.0,1.0,1.0,1.0,1.0,1.0,1.0,1.0,1.0,0.9998885,1.0,1.0,1.0,0.6319256,0.9999441,1.0,1.0,1.0,1.0,1.0,1.0,1.0,1.0,1.0,1.0,1.0,0.99999994,1.0,1.0,1.0,1.0,1.0,1.0,0.9999996,1.0,1.0,0.9830532,1.0,1.0,1.0,1.0,1.0,1.0,0.9999999,1.0,1.0,1.0,1.0,1.0,1.0,1.0,1.0,1.0,1.0,1.0,1.0,1.0,1.0,1.0,1.0
POLR2G_HepG2,1.0,1.0,1.0,1.0,1.0,1.0,1.0,1.0,1.0,1.0,1.0,1.0,1.0,1.0,1.0,1.0,0.99999076,1.0,1.0,1.0,1.0,1.0,1.0,1.0,0.81933486,0.9999932,1.0,1.0,1.0,1.0,1.0,1.0,1.0,1.0,1.0,1.0,1.0,1.0,0.9999989,1.0,1.0,1.0,1.0,1.0,1.0,1.0,1.0,1.0,0.99999994,1.0,1.0,1.0,1.0,1.0,1.0,1.0,1.0,1.0,1.0,1.0,1.0,1.0,1.0,0.9999999,1.0,1.0,1.0,1.0,1.0,1.0,1.0,1.0,1.0,1.0,1.0,1.0,0.9999992,0.8837782,1.0,1.0,1.0,1.0,0.99999994,1.0,1.0,1.0,1.0,1.0,1.0,1.0,0.99999994,1.0,1.0,1.0,1.0,0.99999994,1.0,1.0,1.0,1.0,0.99998057,0.99915475,0.9871074,1.0,1.0,1.0,1.0,1.0,1.0,1.0,1.0,1.0,0.9999997,1.0,1.0,1.0,1.0,1.0,1.0,1.0,1.0,1.0,0.90221566,1.0,1.0,0.99999994,1.0,1.0,1.0,1.0,1.0,1.0,1.0,1.0,1.0,1.0,1.0,1.0,1.0,1.0,1.0,1.0,1.0,1.0,1.0,1.0,1.0,1.0,1.0,1.0,1.0,1.0,1.0,1.0,1.0,1.0,0.99999976,1.0,1.0,1.0,1.0,1.0,1.0,1.0,1.0,1.0,1.0,1.0,1.0,1.0,1.0,1.0,0.99988735,1.0,1.0,1.0,0.6319829,0.9999433,1.0,1.0,1.0,1.0,1.0,1.0,1.0,1.0,1.0,1.0,1.0,0.9999999,1.0,1.0,1.0,1.0,1.0,1.0,0.9999995,1.0,1.0,0.9830668,1.0,1.0,1.0,1.0,1.0,1.0,0.9999998,1.0,1.0,1.0,1.0,1.0,1.0,1.0,1.0,1.0,1.0,1.0,1.0,1.0,1.0,1.0,1.0
PPIG_HepG2,1.0,1.0,1.0,1.0,1.0,1.0,1.0,1.0,1.0,1.0,1.0,1.0,1.0,1.0,1.0,1.0,0.99999094,1.0,1.0,1.0,1.0,1.0,1.0,1.0,0.81930614,0.999993,1.0,1.0,1.0,1.0,1.0,1.0,1.0,1.0,1.0,1.0,1.0,1.0,0.99999887,1.0,1.0,1.0,1.0,1.0,1.0,1.0,1.0,1.0,0.99999994,1.0,1.0,1.0,1.0,1.0,1.0,1.0,1.0,1.0,1.0,1.0,1.0,1.0,1.0,0.9999998,1.0,1.0,1.0,1.0,1.0,1.0,1.0,1.0,1.0,1.0,1.0,1.0,0.99999917,0.8838016,1.0,1.0,1.0,1.0,0.99999994,1.0,1.0,1.0,1.0,1.0,1.0,0.99999994,1.0,1.0,1.0,1.0,1.0,0.99999994,1.0,1.0,1.0,1.0,0.9999803,0.99915683,0.9870994,1.0,1.0,1.0,1.0,1.0,1.0,1.0,1.0,1.0,0.99999976,1.0,1.0,1.0,1.0,1.0,1.0,1.0,1.0,1.0,0.90219414,1.0,1.0,1.0,1.0,1.0,1.0,1.0,1.0,1.0,1.0,1.0,0.99999994,1.0,1.0,1.0,1.0,1.0,1.0,1.0,1.0,1.0,1.0,1.0,1.0,1.0,1.0,1.0,1.0,1.0,1.0,1.0,1.0,1.0,0.99999976,1.0,1.0,1.0,1.0,1.0,1.0,1.0,1.0,1.0,1.0,1.0,1.0,1.0,1.0,1.0,0.99988663,1.0,1.0,1.0,0.6320217,0.9999428,1.0,1.0,1.0,1.0,1.0,0.99999994,1.0,1.0,1.0,1.0,1.0,0.9999999,1.0,1.0,1.0,1.0,1.0,1.0,0.99999946,1.0,1.0,0.983076,1.0,1.0,1.0,1.0,1.0,1.0,0.9999998,1.0,1.0,1.0,1.0,0.99999994,1.0,1.0,1.0,1.0,1.0,1.0,1.0,1.0,1.0,1.0,1.0
PPIL4_K562,1.0,1.0,1.0,1.0,1.0,1.0,1.0,1.0,1.0,1.0,1.0,1.0,1.0,1.0,1.0,1.0,0.99999076,1.0,1.0,1.0,1.0,1.0,1.0,1.0,0.81933516,0.9999932,1.0,1.0,1.0,1.0,1.0,1.0,1.0,1.0,1.0,1.0,1.0,1.0,0.9999989,1.0,1.0,1.0,1.0,1.0,1.0,1.0,1.0,1.0,0.99999994,1.0,1.0,1.0,1.0,1.0,1.0,1.0,1.0,1.0,1.0,1.0,1.0,1.0,1.0,0.9999999,1.0,1.0,1.0,1.0,1.0,1.0,1.0,1.0,1.0,1.0,1.0,1.0,0.9999992,0.8837779,1.0,1.0,1.0,1.0,0.99999994,1.0,1.0,1.0,1.0,1.0,1.0,1.0,0.99999994,1.0,1.0,1.0,1.0,0.99999994,1.0,1.0,1.0,1.0,0.99998057,0.99915475,0.9871075,1.0,1.0,1.0,1.0,1.0,1.0,1.0,1.0,1.0,0.9999997,1.0,1.0,1.0,1.0,1.0,1.0,1.0,1.0,1.0,0.90221596,1.0,1.0,0.99999994,1.0,1.0,1.0,1.0,1.0,1.0,1.0,1.0,1.0,1.0,1.0,1.0,1.0,1.0,1.0,1.0,1.0,1.0,1.0,1.0,1.0,1.0,1.0,1.0,1.0,1.0,1.0,1.0,1.0,1.0,0.99999976,1.0,1.0,1.0,1.0,1.0,1.0,1.0,1.0,1.0,1.0,1.0,1.0,1.0,1.0,1.0,0.9998874,1.0,1.0,1.0,0.6319825,0.9999433,1.0,1.0,1.0,1.0,1.0,1.0,1.0,1.0,1.0,1.0,1.0,0.9999999,1.0,1.0,1.0,1.0,1.0,1.0,0.9999995,1.0,1.0,0.9830667,1.0,1.0,1.0,1.0,1.0,1.0,0.9999998,1.0,1.0,1.0,1.0,1.0,1.0,1.0,1.0,1.0,1.0,1.0,1.0,1.0,1.0,1.0,1.0
PRPF4_HepG2,1.0,1.0,1.0,1.0,1.0,1.0,1.0,1.0,1.0,1.0,1.0,1.0,1.0,1.0,1.0,1.0,0.99999064,1.0,1.0,1.0,1.0,1.0,1.0,1.0,0.81934553,0.99999326,1.0,1.0,1.0,1.0,1.0,1.0,1.0,1.0,1.0,1.0,1.0,1.0,0.999999,1.0,1.0,1.0,1.0,1.0,1.0,1.0,1.0,1.0,0.99999994,1.0,1.0,1.0,1.0,1.0,1.0,1.0,1.0,1.0,1.0,1.0,1.0,1.0,1.0,0.9999999,1.0,1.0,1.0,1.0,1.0,1.0,1.0,1.0,1.0,1.0,1.0,1.0,0.9999992,0.88376945,1.0,1.0,1.0,1.0,0.99999994,1.0,1.0,1.0,1.0,1.0,1.0,1.0,0.99999994,1.0,1.0,1.0,1.0,0.99999994,1.0,1.0,1.0,1.0,0.9999807,0.99915403,0.9871104,1.0,1.0,1.0,1.0,1.0,1.0,1.0,1.0,1.0,0.9999997,1.0,1.0,1.0,1.0,1.0,1.0,1.0,1.0,1.0,0.90222377,1.0,1.0,0.99999994,1.0,1.0,1.0,1.0,1.0,1.0,1.0,1.0,1.0,1.0,1.0,1.0,1.0,1.0,1.0,1.0,1.0,1.0,1.0,1.0,1.0,1.0,1.0,1.0,1.0,1.0,1.0,1.0,1.0,1.0,0.99999976,1.0,1.0,1.0,1.0,1.0,1.0,1.0,1.0,1.0,1.0,1.0,1.0,1.0,1.0,1.0,0.99988765,1.0,1.0,1.0,0.6319685,0.9999435,1.0,1.0,1.0,1.0,1.0,1.0,1.0,1.0,1.0,1.0,1.0,0.9999999,1.0,1.0,1.0,1.0,1.0,1.0,0.9999995,1.0,1.0,0.98306334,1.0,1.0,1.0,1.0,1.0,1.0,0.9999998,1.0,1.0,1.0,1.0,1.0,1.0,1.0,1.0,1.0,1.0,1.0,1.0,1.0,1.0,1.0,1.0
PRPF8_HepG2,1.0,1.0,1.0,1.0,1.0,1.0,1.0,1.0,1.0,1.0,1.0,1.0,1.0,1.0,1.0,1.0,0.9999903,1.0,1.0,1.0,1.0,1.0,1.0,1.0,0.8193948,0.99999356,1.0,1.0,1.0,1.0,1.0,1.0,1.0,1.0,1.0,1.0,1.0,1.0,0.9999991,1.0,1.0,1.0,1.0,1.0,1.0,1.0,1.0,1.0,1.0,1.0,1.0,1.0,0.99999994,1.0,1.0,1.0,1.0,1.0,1.0,1.0,1.0,1.0,1.0,0.99999994,1.0,1.0,1.0,1.0,1.0,1.0,1.0,1.0,1.0,1.0,1.0,1.0,0.99999934,0.8837292,1.0,1.0,1.0,1.0,0.9999999,1.0,1.0,1.0,0.99999994,1.0,1.0,1.0,0.99999994,1.0,1.0,1.0,1.0,0.9999999,1.0,1.0,1.0,1.0,0.9999812,0.99915045,0.98712415,1.0,1.0,1.0,1.0,1.0,1.0,1.0,1.0,1.0,0.99999964,1.0,1.0,1.0,1.0,1.0,1.0,1.0,1.0,1.0,0.90226084,1.0,1.0,0.99999994,1.0,1.0,1.0,1.0,1.0,1.0,1.0,1.0,1.0,1.0,1.0,1.0,1.0,1.0,1.0,1.0,1.0,1.0,1.0,1.0,0.99999994,1.0,1.0,1.0,1.0,1.0,1.0,1.0,1.0,1.0,0.9999998,1.0,1.0,1.0,1.0,1.0,0.99999994,1.0,1.0,1.0,1.0,1.0,1.0,1.0,1.0,1.0,0.99988896,1.0,1.0,1.0,0.6319018,0.9999444,0.99999994,1.0,1.0,1.0,1.0,1.0,1.0,1.0,1.0,1.0,1.0,0.99999994,1.0,1.0,1.0,1.0,1.0,1.0,0.99999964,1.0,1.0,0.9830476,1.0,1.0,1.0,1.0,1.0,1.0,0.9999999,1.0,1.0,1.0,1.0,1.0,1.0,1.0,1.0,1.0,1.0,1.0,1.0,1.0,1.0,1.0,1.0
PRPF8_K562,1.0,1.0,1.0,1.0,1.0,1.0,1.0,1.0,1.0,1.0,1.0,1.0,1.0,1.0,1.0,1.0,0.99999046,1.0,1.0,1.0,1.0,1.0,1.0,1.0,0.8193729,0.99999344,1.0,1.0,1.0,1.0,1.0,1.0,1.0,1.0,1.0,1.0,1.0,1.0,0.99999905,1.0,1.0,1.0,1.0,1.0,1.0,1.0,1.0,1.0,1.0,1.0,1.0,1.0,0.99999994,1.0,1.0,1.0,1.0,1.0,1.0,1.0,1.0,1.0,1.0,0.9999999,1.0,1.0,1.0,1.0,1.0,1.0,1.0,1.0,1.0,1.0,1.0,1.0,0.9999993,0.88374716,1.0,1.0,1.0,1.0,0.99999994,1.0,1.0,1.0,1.0,1.0,1.0,1.0,0.99999994,1.0,1.0,1.0,1.0,0.9999999,1.0,1.0,1.0,1.0,0.999981,0.99915206,0.987118,1.0,1.0,1.0,1.0,1.0,1.0,1.0,1.0,1.0,0.99999964,1.0,1.0,1.0,1.0,1.0,1.0,1.0,1.0,1.0,0.9022443,1.0,1.0,0.99999994,1.0,1.0,1.0,1.0,1.0,1.0,1.0,1.0,1.0,1.0,1.0,1.0,1.0,1.0,1.0,1.0,1.0,1.0,1.0,1.0,1.0,1.0,1.0,1.0,1.0,1.0,1.0,1.0,1.0,1.0,0.9999998,1.0,1.0,1.0,1.0,1.0,1.0,1.0,1.0,1.0,1.0,1.0,1.0,1.0,1.0,1.0,0.99988836,1.0,1.0,1.0,0.63193154,0.99994403,1.0,1.0,1.0,1.0,1.0,1.0,1.0,1.0,1.0,1.0,1.0,0.99999994,1.0,1.0,1.0,1.0,1.0,1.0,0.9999996,1.0,1.0,0.98305464,1.0,1.0,1.0,1.0,1.0,1.0,0.9999999,1.0,1.0,1.0,1.0,1.0,1.0,1.0,1.0,1.0,1.0,1.0,1.0,1.0,1.0,1.0,1.0
PTBP1_HepG2,1.0,1.0,1.0,1.0,1.0,1.0,1.0,1.0,1.0,1.0,1.0,1.0,1.0,1.0,1.0,1.0,0.9999905,1.0,1.0,1.0,1.0,1.0,1.0,1.0,0.81935984,0.9999934,1.0,1.0,1.0,1.0,1.0,1.0,1.0,1.0,1.0,1.0,1.0,1.0,0.999999,1.0,1.0,1.0,1.0,1.0,1.0,1.0,1.0,1.0,1.0,1.0,1.0,1.0,1.0,1.0,1.0,1.0,1.0,1.0,1.0,1.0,1.0,1.0,1.0,0.9999999,1.0,1.0,1.0,1.0,1.0,1.0,1.0,1.0,1.0,1.0,1.0,1.0,0.9999993,0.88375777,1.0,1.0,1.0,1.0,0.99999994,1.0,1.0,1.0,1.0,1.0,1.0,1.0,0.99999994,1.0,1.0,1.0,1.0,0.99999994,1.0,1.0,1.0,1.0,0.99998087,0.99915296,0.98711437,1.0,1.0,1.0,1.0,1.0,1.0,1.0,1.0,1.0,0.9999997,1.0,1.0,1.0,1.0,1.0,1.0,1.0,1.0,1.0,0.9022345,1.0,1.0,0.99999994,1.0,1.0,1.0,1.0,1.0,1.0,1.0,1.0,1.0,1.0,1.0,1.0,1.0,1.0,1.0,1.0,1.0,1.0,1.0,1.0,1.0,1.0,1.0,1.0,1.0,1.0,1.0,1.0,1.0,1.0,0.9999998,1.0,1.0,1.0,1.0,1.0,1.0,1.0,1.0,1.0,1.0,1.0,1.0,1.0,1.0,1.0,0.999888,1.0,1.0,1.0,0.6319492,0.99994373,1.0,1.0,1.0,1.0,1.0,1.0,1.0,1.0,1.0,1.0,1.0,0.99999994,1.0,1.0,1.0,1.0,1.0,1.0,0.9999996,1.0,1.0,0.9830588,1.0,1.0,1.0,1.0,1.0,1.0,0.9999999,1.0,1.0,1.0,1.0,1.0,1.0,1.0,1.0,1.0,1.0,1.0,1.0,1.0,1.0,1.0,1.0
PTBP1_K562,0.99999994,1.0,0.99999994,1.0,1.0,1.0,1.0,1.0,1.0,1.0,1.0,1.0,1.0,0.99999994,0.99999994,0.99999994,0.9999898,1.0,1.0,1.0,1.0,1.0,1.0,1.0,0.81945175,0.9999939,1.0,1.0,1.0,1.0,0.99999994,1.0,1.0,1.0,1.0,1.0,1.0,1.0,0.9999992,1.0,1.0,1.0,1.0,0.99999994,1.0,1.0,0.99999994,1.0,1.0,1.0,1.0,1.0,0.99999994,1.0,0.99999994,1.0,1.0,0.99999994,0.99999994,1.0,1.0,1.0,1.0,0.99999994,1.0,1.0,1.0,0.99999994,1.0,1.0,1.0,1.0,0.99999994,0.99999994,1.0,1.0,0.99999946,0.8836827,1.0,1.0,1.0,0.99999994,0.9999998,1.0,1.0,1.0,0.99999994,1.0,1.0,1.0,0.9999999,1.0,1.0,1.0,1.0,0.9999998,0.99999994,0.99999994,1.0,1.0,0.9999818,0.99914634,0.98714,1.0,1.0,1.0,1.0,0.99999994,0.99999994,1.0,1.0,0.99999994,0.9999995,1.0,1.0,1.0,1.0,1.0,0.99999994,0.99999994,1.0,1.0,0.90230364,1.0,1.0,0.9999999,1.0,1.0,0.99999994,1.0,1.0,1.0,1.0,1.0,1.0,0.99999994,0.99999994,1.0,0.99999994,0.99999994,1.0,1.0,1.0,0.99999994,1.0,1.0,0.99999994,1.0,1.0,1.0,1.0,1.0,1.0,0.99999994,1.0,1.0,0.9999999,1.0,1.0,1.0,1.0,1.0,0.99999994,0.99999994,1.0,1.0,1.0,1.0,1.0,1.0,1.0,1.0,0.9998904,1.0,1.0,1.0,0.63182485,0.99994546,0.99999994,1.0,1.0,0.99999994,1.0,1.0,1.0,1.0,1.0,1.0,1.0,0.99999994,1.0,1.0,1.0,1.0,1.0,1.0,0.9999997,1.0,0.99999994,0.98302937,0.99999994,1.0,1.0,1.0,1.0,1.0,0.99999994,1.0,1.0,1.0,1.0,1.0,1.0,1.0,1.0,1.0,1.0,1.0,0.99999994,1.0,1.0,0.99999994,0.99999994
PUM1_K562,1.0,1.0,1.0,1.0,1.0,1.0,1.0,1.0,1.0,1.0,1.0,1.0,1.0,1.0,1.0,1.0,0.99999094,1.0,1.0,1.0,1.0,1.0,1.0,1.0,0.81930864,0.999993,1.0,1.0,1.0,1.0,1.0,1.0,1.0,1.0,1.0,1.0,1.0,1.0,0.99999887,1.0,1.0,1.0,1.0,1.0,1.0,1.0,1.0,1.0,0.99999994,1.0,1.0,1.0,1.0,1.0,1.0,1.0,1.0,1.0,1.0,1.0,1.0,1.0,1.0,0.9999998,1.0,1.0,1.0,1.0,1.0,1.0,1.0,1.0,1.0,1.0,1.0,1.0,0.99999917,0.88379955,1.0,1.0,1.0,1.0,0.99999994,1.0,1.0,1.0,1.0,1.0,1.0,0.99999994,1.0,1.0,1.0,1.0,1.0,0.99999994,1.0,1.0,1.0,1.0,0.99998033,0.99915665,0.98710006,1.0,1.0,1.0,1.0,1.0,1.0,1.0,1.0,1.0,0.99999976,1.0,1.0,1.0,1.0,1.0,1.0,1.0,1.0,1.0,0.902196,1.0,1.0,1.0,1.0,1.0,1.0,1.0,1.0,1.0,1.0,1.0,0.99999994,1.0,1.0,1.0,1.0,1.0,1.0,1.0,1.0,1.0,1.0,1.0,1.0,1.0,1.0,1.0,1.0,1.0,1.0,1.0,1.0,1.0,0.99999976,1.0,1.0,1.0,1.0,1.0,1.0,1.0,1.0,1.0,1.0,1.0,1.0,1.0,1.0,1.0,0.9998867,1.0,1.0,1.0,0.6320184,0.99994284,1.0,1.0,1.0,1.0,1.0,0.99999994,1.0,1.0,1.0,1.0,1.0,0.9999999,1.0,1.0,1.0,1.0,1.0,1.0,0.99999946,1.0,1.0,0.98307514,1.0,1.0,1.0,1.0,1.0,1.0,0.9999998,1.0,1.0,1.0,1.0,0.99999994,1.0,1.0,1.0,1.0,1.0,1.0,1.0,1.0,1.0,1.0,1.0
PUM2_K562,1.0,0.99999994,1.0,1.0,1.0,1.0,1.0,1.0,1.0,1.0,1.0,1.0,1.0,1.0,1.0,1.0,0.9999911,1.0,1.0,1.0,1.0,1.0,1.0,1.0,0.819279,0.99999285,1.0,1.0,1.0,1.0,1.0,1.0,1.0,1.0,1.0,0.99999994,1.0,1.0,0.9999988,1.0,1.0,1.0,1.0,1.0,1.0,1.0,1.0,1.0,0.99999994,1.0,1.0,1.0,1.0,1.0,1.0,1.0,0.99999994,1.0,1.0,1.0,1.0,1.0,1.0,0.9999998,1.0,1.0,1.0,1.0,1.0,1.0,1.0,1.0,1.0,1.0,1.0,1.0,0.9999991,0.88382375,1.0,1.0,1.0,1.0,0.99999994,0.99999994,1.0,1.0,1.0,1.0,1.0,0.99999994,1.0,1.0,1.0,1.0,1.0,0.99999994,1.0,1.0,1.0,1.0,0.99998,0.99915874,0.98709184,1.0,1.0,1.0,1.0,1.0,1.0,1.0,1.0,1.0,0.99999976,1.0,1.0,1.0,1.0,1.0,1.0,1.0,1.0,1.0,0.9021737,1.0,0.99999994,1.0,1.0,1.0,1.0,1.0,1.0,1.0,1.0,1.0,0.99999994,1.0,1.0,1.0,1.0,1.0,1.0,1.0,1.0,1.0,1.0,1.0,1.0,1.0,1.0,1.0,1.0,1.0,1.0,1.0,1.0,1.0,0.9999997,1.0,1.0,1.0,1.0,1.0,1.0,1.0,1.0,1.0,1.0,1.0,1.0,1.0,1.0,1.0,0.9998859,1.0,1.0,0.99999994,0.6320584,0.99994224,1.0,1.0,1.0,1.0,1.0,0.99999994,1.0,1.0,1.0,1.0,1.0,0.9999998,1.0,1.0,1.0,1.0,1.0,1.0,0.9999994,1.0,1.0,0.9830846,1.0,1.0,1.0,1.0,1.0,1.0,0.99999976,1.0,1.0,1.0,1.0,0.99999994,1.0,1.0,1.0,1.0,1.0,1.0,1.0,1.0,1.0,1.0,1.0
PUS1_K562,1.0,1.0,1.0,1.0,1.0,1.0,1.0,1.0,1.0,1.0,1.0,1.0,1.0,1.0,1.0,1.0,0.99999046,1.0,1.0,1.0,1.0,1.0,1.0,1.0,0.81937134,0.99999344,1.0,1.0,1.0,1.0,1.0,1.0,1.0,1.0,1.0,1.0,1.0,1.0,0.99999905,1.0,1.0,1.0,1.0,1.0,1.0,1.0,1.0,1.0,1.0,1.0,1.0,1.0,0.99999994,1.0,1.0,1.0,1.0,1.0,1.0,1.0,1.0,1.0,1.0,0.9999999,1.0,1.0,1.0,1.0,1.0,1.0,1.0,1.0,1.0,1.0,1.0,1.0,0.9999993,0.8837484,1.0,1.0,1.0,1.0,0.99999994,1.0,1.0,1.0,1.0,1.0,1.0,1.0,0.99999994,1.0,1.0,1.0,1.0,0.9999999,1.0,1.0,1.0,1.0,0.999981,0.9991521,0.9871176,1.0,1.0,1.0,1.0,1.0,1.0,1.0,1.0,1.0,0.99999964,1.0,1.0,1.0,1.0,1.0,1.0,1.0,1.0,1.0,0.90224314,1.0,1.0,0.99999994,1.0,1.0,1.0,1.0,1.0,1.0,1.0,1.0,1.0,1.0,1.0,1.0,1.0,1.0,1.0,1.0,1.0,1.0,1.0,1.0,1.0,1.0,1.0,1.0,1.0,1.0,1.0,1.0,1.0,1.0,0.9999998,1.0,1.0,1.0,1.0,1.0,1.0,1.0,1.0,1.0,1.0,1.0,1.0,1.0,1.0,1.0,0.9998883,1.0,1.0,1.0,0.63193357,0.999944,1.0,1.0,1.0,1.0,1.0,1.0,1.0,1.0,1.0,1.0,1.0,0.99999994,1.0,1.0,1.0,1.0,1.0,1.0,0.9999996,1.0,1.0,0.9830551,1.0,1.0,1.0,1.0,1.0,1.0,0.9999999,1.0,1.0,1.0,1.0,1.0,1.0,1.0,1.0,1.0,1.0,1.0,1.0,1.0,1.0,1.0,1.0
QKI_HepG2,1.0,1.0,1.0,1.0,1.0,1.0,1.0,1.0,1.0,1.0,1.0,1.0,1.0,1.0,1.0,1.0,0.999991,1.0,1.0,1.0,1.0,1.0,1.0,1.0,0.819303,0.999993,1.0,1.0,1.0,1.0,1.0,1.0,1.0,1.0,1.0,1.0,1.0,1.0,0.99999887,1.0,1.0,1.0,1.0,1.0,1.0,1.0,1.0,1.0,0.99999994,1.0,1.0,1.0,1.0,1.0,1.0,1.0,1.0,1.0,1.0,1.0,1.0,1.0,1.0,0.9999998,1.0,1.0,1.0,1.0,1.0,1.0,1.0,1.0,1.0,1.0,1.0,1.0,0.99999917,0.88380414,1.0,1.0,1.0,1.0,0.99999994,1.0,1.0,1.0,1.0,1.0,1.0,0.99999994,1.0,1.0,1.0,1.0,1.0,0.99999994,1.0,1.0,1.0,1.0,0.9999803,0.9991571,0.9870985,1.0,1.0,1.0,1.0,1.0,1.0,1.0,1.0,1.0,0.99999976,1.0,1.0,1.0,1.0,1.0,1.0,1.0,1.0,1.0,0.90219176,1.0,1.0,1.0,1.0,1.0,1.0,1.0,1.0,1.0,1.0,1.0,0.99999994,1.0,1.0,1.0,1.0,1.0,1.0,1.0,1.0,1.0,1.0,1.0,1.0,1.0,1.0,1.0,1.0,1.0,1.0,1.0,1.0,1.0,0.99999976,1.0,1.0,1.0,1.0,1.0,1.0,1.0,1.0,1.0,1.0,1.0,1.0,1.0,1.0,1.0,0.9998865,1.0,1.0,1.0,0.63202596,0.9999427,1.0,1.0,1.0,1.0,1.0,0.99999994,1.0,1.0,1.0,1.0,1.0,0.9999999,1.0,1.0,1.0,1.0,1.0,1.0,0.99999946,1.0,1.0,0.98307693,1.0,1.0,1.0,1.0,1.0,1.0,0.9999998,1.0,1.0,1.0,1.0,0.99999994,1.0,1.0,1.0,1.0,1.0,1.0,1.0,1.0,1.0,1.0,1.0
QKI_K562,1.0,0.99999994,1.0,1.0,1.0,1.0,1.0,1.0,1.0,0.99999994,1.0,1.0,1.0,1.0,1.0,1.0,0.9999912,1.0,1.0,1.0,1.0,1.0,1.0,1.0,0.8192751,0.9999928,1.0,1.0,1.0,1.0,1.0,1.0,1.0,1.0,1.0,0.99999994,1.0,1.0,0.9999988,1.0,1.0,1.0,1.0,1.0,1.0,1.0,1.0,1.0,0.99999994,1.0,1.0,1.0,1.0,1.0,1.0,1.0,0.99999994,1.0,1.0,1.0,1.0,1.0,1.0,0.9999998,1.0,1.0,1.0,1.0,1.0,1.0,1.0,1.0,1.0,1.0,1.0,1.0,0.99999905,0.883827,1.0,1.0,1.0,1.0,1.0,0.99999994,1.0,1.0,1.0,1.0,1.0,0.99999994,1.0,1.0,1.0,1.0,1.0,0.99999994,1.0,1.0,1.0,1.0,0.9999799,0.99915904,0.9870907,1.0,1.0,1.0,1.0,1.0,1.0,1.0,1.0,1.0,0.99999976,1.0,1.0,1.0,1.0,1.0,1.0,1.0,1.0,1.0,0.9021707,1.0,0.99999994,1.0,1.0,1.0,1.0,1.0,1.0,1.0,1.0,1.0,0.99999994,1.0,1.0,1.0,1.0,1.0,1.0,1.0,1.0,1.0,1.0,1.0,1.0,1.0,1.0,1.0,0.99999994,1.0,1.0,1.0,1.0,1.0,0.9999997,1.0,1.0,1.0,1.0,1.0,1.0,1.0,1.0,1.0,1.0,1.0,1.0,1.0,1.0,1.0,0.9998858,1.0,1.0,0.99999994,0.63206375,0.9999422,1.0,1.0,1.0,1.0,1.0,0.99999994,1.0,1.0,1.0,1.0,1.0,0.9999998,1.0,1.0,1.0,1.0,1.0,1.0,0.9999994,1.0,1.0,0.9830859,1.0,1.0,1.0,1.0,1.0,1.0,0.99999976,1.0,1.0,1.0,1.0,0.99999994,1.0,1.0,1.0,1.0,1.0,1.0,1.0,1.0,1.0,1.0,1.0
RBFOX2_HepG2,1.0,1.0,1.0,1.0,1.0,1.0,1.0,1.0,1.0,1.0,1.0,1.0,1.0,1.0,1.0,1.0,0.9999902,1.0,1.0,1.0,1.0,1.0,1.0,1.0,0.8194017,0.9999936,1.0,1.0,1.0,1.0,1.0,1.0,1.0,1.0,1.0,1.0,1.0,1.0,0.9999991,1.0,1.0,1.0,1.0,1.0,1.0,1.0,1.0,1.0,1.0,1.0,1.0,1.0,0.99999994,1.0,1.0,1.0,1.0,1.0,1.0,1.0,1.0,1.0,1.0,0.99999994,1.0,1.0,1.0,1.0,1.0,1.0,1.0,1.0,1.0,1.0,1.0,1.0,0.99999934,0.8837236,1.0,1.0,1.0,1.0,0.9999999,1.0,1.0,1.0,0.99999994,1.0,1.0,1.0,0.99999994,1.0,1.0,1.0,1.0,0.9999999,1.0,1.0,1.0,1.0,0.9999813,0.99915,0.98712605,1.0,1.0,1.0,1.0,1.0,1.0,1.0,1.0,1.0,0.9999996,1.0,1.0,1.0,1.0,1.0,1.0,1.0,1.0,1.0,0.90226597,1.0,1.0,0.99999994,1.0,1.0,1.0,1.0,1.0,1.0,1.0,1.0,1.0,1.0,1.0,1.0,1.0,1.0,1.0,1.0,1.0,1.0,1.0,1.0,0.99999994,1.0,1.0,1.0,1.0,1.0,1.0,1.0,1.0,1.0,0.9999998,1.0,1.0,1.0,1.0,1.0,0.99999994,1.0,1.0,1.0,1.0,1.0,1.0,1.0,1.0,1.0,0.99988914,1.0,1.0,1.0,0.63189256,0.9999445,0.99999994,1.0,1.0,1.0,1.0,1.0,1.0,1.0,1.0,1.0,1.0,0.99999994,1.0,1.0,1.0,1.0,1.0,1.0,0.99999964,1.0,1.0,0.9830454,1.0,1.0,1.0,1.0,1.0,1.0,0.9999999,1.0,1.0,1.0,1.0,1.0,1.0,1.0,1.0,1.0,1.0,1.0,1.0,1.0,1.0,1.0,1.0
RBFOX2_K562,1.0,1.0,1.0,1.0,1.0,1.0,1.0,1.0,1.0,1.0,1.0,1.0,1.0,1.0,1.0,1.0,0.99999064,1.0,1.0,1.0,1.0,1.0,1.0,1.0,0.8193441,0.99999326,1.0,1.0,1.0,1.0,1.0,1.0,1.0,1.0,1.0,1.0,1.0,1.0,0.999999,1.0,1.0,1.0,1.0,1.0,1.0,1.0,1.0,1.0,0.99999994,1.0,1.0,1.0,1.0,1.0,1.0,1.0,1.0,1.0,1.0,1.0,1.0,1.0,1.0,0.9999999,1.0,1.0,1.0,1.0,1.0,1.0,1.0,1.0,1.0,1.0,1.0,1.0,0.9999992,0.8837706,1.0,1.0,1.0,1.0,0.99999994,1.0,1.0,1.0,1.0,1.0,1.0,1.0,0.99999994,1.0,1.0,1.0,1.0,0.99999994,1.0,1.0,1.0,1.0,0.9999807,0.9991541,0.98711,1.0,1.0,1.0,1.0,1.0,1.0,1.0,1.0,1.0,0.9999997,1.0,1.0,1.0,1.0,1.0,1.0,1.0,1.0,1.0,0.9022227,1.0,1.0,0.99999994,1.0,1.0,1.0,1.0,1.0,1.0,1.0,1.0,1.0,1.0,1.0,1.0,1.0,1.0,1.0,1.0,1.0,1.0,1.0,1.0,1.0,1.0,1.0,1.0,1.0,1.0,1.0,1.0,1.0,1.0,0.99999976,1.0,1.0,1.0,1.0,1.0,1.0,1.0,1.0,1.0,1.0,1.0,1.0,1.0,1.0,1.0,0.9998876,1.0,1.0,1.0,0.6319704,0.9999435,1.0,1.0,1.0,1.0,1.0,1.0,1.0,1.0,1.0,1.0,1.0,0.9999999,1.0,1.0,1.0,1.0,1.0,1.0,0.9999995,1.0,1.0,0.9830638,1.0,1.0,1.0,1.0,1.0,1.0,0.9999998,1.0,1.0,1.0,1.0,1.0,1.0,1.0,1.0,1.0,1.0,1.0,1.0,1.0,1.0,1.0,1.0
RBM15_HepG2,1.0,1.0,1.0,1.0,1.0,1.0,1.0,1.0,1.0,1.0,1.0,1.0,1.0,1.0,1.0,1.0,0.9999905,1.0,1.0,1.0,1.0,1.0,1.0,1.0,0.8193667,0.9999934,1.0,1.0,1.0,1.0,1.0,1.0,1.0,1.0,1.0,1.0,1.0,1.0,0.99999905,1.0,1.0,1.0,1.0,1.0,1.0,1.0,1.0,1.0,1.0,1.0,1.0,1.0,0.99999994,1.0,1.0,1.0,1.0,1.0,1.0,1.0,1.0,1.0,1.0,0.9999999,1.0,1.0,1.0,1.0,1.0,1.0,1.0,1.0,1.0,1.0,1.0,1.0,0.9999993,0.8837522,1.0,1.0,1.0,1.0,0.99999994,1.0,1.0,1.0,1.0,1.0,1.0,1.0,0.99999994,1.0,1.0,1.0,1.0,0.99999994,1.0,1.0,1.0,1.0,0.9999809,0.9991525,0.9871163,1.0,1.0,1.0,1.0,1.0,1.0,1.0,1.0,1.0,0.99999964,1.0,1.0,1.0,1.0,1.0,1.0,1.0,1.0,1.0,0.9022396,1.0,1.0,0.99999994,1.0,1.0,1.0,1.0,1.0,1.0,1.0,1.0,1.0,1.0,1.0,1.0,1.0,1.0,1.0,1.0,1.0,1.0,1.0,1.0,1.0,1.0,1.0,1.0,1.0,1.0,1.0,1.0,1.0,1.0,0.9999998,1.0,1.0,1.0,1.0,1.0,1.0,1.0,1.0,1.0,1.0,1.0,1.0,1.0,1.0,1.0,0.9998882,1.0,1.0,1.0,0.63193995,0.9999439,1.0,1.0,1.0,1.0,1.0,1.0,1.0,1.0,1.0,1.0,1.0,0.99999994,1.0,1.0,1.0,1.0,1.0,1.0,0.9999996,1.0,1.0,0.9830566,1.0,1.0,1.0,1.0,1.0,1.0,0.9999999,1.0,1.0,1.0,1.0,1.0,1.0,1.0,1.0,1.0,1.0,1.0,1.0,1.0,1.0,1.0,1.0
RBM15_K562,1.0,1.0,1.0,1.0,1.0,1.0,1.0,1.0,1.0,1.0,1.0,1.0,1.0,1.0,1.0,1.0,0.999991,1.0,1.0,1.0,1.0,1.0,1.0,1.0,0.81929535,0.99999297,1.0,1.0,1.0,1.0,1.0,1.0,1.0,1.0,1.0,1.0,1.0,1.0,0.99999887,1.0,1.0,1.0,1.0,1.0,1.0,1.0,1.0,1.0,0.99999994,1.0,1.0,1.0,1.0,1.0,1.0,1.0,1.0,1.0,1.0,1.0,1.0,1.0,1.0,0.9999998,1.0,1.0,1.0,1.0,1.0,1.0,1.0,1.0,1.0,1.0,1.0,1.0,0.9999991,0.8838104,1.0,1.0,1.0,1.0,0.99999994,1.0,1.0,1.0,1.0,1.0,1.0,0.99999994,1.0,1.0,1.0,1.0,1.0,0.99999994,1.0,1.0,1.0,1.0,0.99998015,0.9991576,0.98709637,1.0,1.0,1.0,1.0,1.0,1.0,1.0,1.0,1.0,0.99999976,1.0,1.0,1.0,1.0,1.0,1.0,1.0,1.0,1.0,0.902186,1.0,1.0,1.0,1.0,1.0,1.0,1.0,1.0,1.0,1.0,1.0,0.99999994,1.0,1.0,1.0,1.0,1.0,1.0,1.0,1.0,1.0,1.0,1.0,1.0,1.0,1.0,1.0,1.0,1.0,1.0,1.0,1.0,1.0,0.9999997,1.0,1.0,1.0,1.0,1.0,1.0,1.0,1.0,1.0,1.0,1.0,1.0,1.0,1.0,1.0,0.99988633,1.0,1.0,1.0,0.6320363,0.99994254,1.0,1.0,1.0,1.0,1.0,0.99999994,1.0,1.0,1.0,1.0,1.0,0.9999999,1.0,1.0,1.0,1.0,1.0,1.0,0.99999946,1.0,1.0,0.9830794,1.0,1.0,1.0,1.0,1.0,1.0,0.9999998,1.0,1.0,1.0,1.0,0.99999994,1.0,1.0,1.0,1.0,1.0,1.0,1.0,1.0,1.0,1.0,1.0
RBM22_HepG2,1.0,1.0,1.0,1.0,1.0,1.0,1.0,1.0,1.0,1.0,1.0,1.0,1.0,1.0,1.0,1.0,0.9999905,1.0,1.0,1.0,1.0,1.0,1.0,1.0,0.81936413,0.9999934,1.0,1.0,1.0,1.0,1.0,1.0,1.0,1.0,1.0,1.0,1.0,1.0,0.99999905,1.0,1.0,1.0,1.0,1.0,1.0,1.0,1.0,1.0,1.0,1.0,1.0,1.0,1.0,1.0,1.0,1.0,1.0,1.0,1.0,1.0,1.0,1.0,1.0,0.9999999,1.0,1.0,1.0,1.0,1.0,1.0,1.0,1.0,1.0,1.0,1.0,1.0,0.9999993,0.88375425,1.0,1.0,1.0,1.0,0.99999994,1.0,1.0,1.0,1.0,1.0,1.0,1.0,0.99999994,1.0,1.0,1.0,1.0,0.99999994,1.0,1.0,1.0,1.0,0.9999809,0.99915266,0.98711556,1.0,1.0,1.0,1.0,1.0,1.0,1.0,1.0,1.0,0.99999964,1.0,1.0,1.0,1.0,1.0,1.0,1.0,1.0,1.0,0.9022377,1.0,1.0,0.99999994,1.0,1.0,1.0,1.0,1.0,1.0,1.0,1.0,1.0,1.0,1.0,1.0,1.0,1.0,1.0,1.0,1.0,1.0,1.0,1.0,1.0,1.0,1.0,1.0,1.0,1.0,1.0,1.0,1.0,1.0,0.9999998,1.0,1.0,1.0,1.0,1.0,1.0,1.0,1.0,1.0,1.0,1.0,1.0,1.0,1.0,1.0,0.9998881,1.0,1.0,1.0,0.63194335,0.99994385,1.0,1.0,1.0,1.0,1.0,1.0,1.0,1.0,1.0,1.0,1.0,0.99999994,1.0,1.0,1.0,1.0,1.0,1.0,0.9999996,1.0,1.0,0.98305744,1.0,1.0,1.0,1.0,1.0,1.0,0.9999999,1.0,1.0,1.0,1.0,1.0,1.0,1.0,1.0,1.0,1.0,1.0,1.0,1.0,1.0,1.0,1.0
RBM22_K562,1.0,1.0,1.0,1.0,1.0,1.0,1.0,1.0,1.0,1.0,1.0,1.0,1.0,1.0,1.0,1.0,0.9999908,1.0,1.0,1.0,1.0,1.0,1.0,1.0,0.81932324,0.99999315,1.0,1.0,1.0,1.0,1.0,1.0,1.0,1.0,1.0,1.0,1.0,1.0,0.9999989,1.0,1.0,1.0,1.0,1.0,1.0,1.0,1.0,1.0,0.99999994,1.0,1.0,1.0,1.0,1.0,1.0,1.0,1.0,1.0,1.0,1.0,1.0,1.0,1.0,0.9999999,1.0,1.0,1.0,1.0,1.0,1.0,1.0,1.0,1.0,1.0,1.0,1.0,0.99999917,0.8837877,1.0,1.0,1.0,1.0,0.99999994,1.0,1.0,1.0,1.0,1.0,1.0,1.0,0.99999994,1.0,1.0,1.0,1.0,0.99999994,1.0,1.0,1.0,1.0,0.99998045,0.9991556,0.9871042,1.0,1.0,1.0,1.0,1.0,1.0,1.0,1.0,1.0,0.9999997,1.0,1.0,1.0,1.0,1.0,1.0,1.0,1.0,1.0,0.90220696,1.0,1.0,1.0,1.0,1.0,1.0,1.0,1.0,1.0,1.0,1.0,1.0,1.0,1.0,1.0,1.0,1.0,1.0,1.0,1.0,1.0,1.0,1.0,1.0,1.0,1.0,1.0,1.0,1.0,1.0,1.0,1.0,1.0,0.99999976,1.0,1.0,1.0,1.0,1.0,1.0,1.0,1.0,1.0,1.0,1.0,1.0,1.0,1.0,1.0,0.99988705,1.0,1.0,1.0,0.63199866,0.9999431,1.0,1.0,1.0,1.0,1.0,1.0,1.0,1.0,1.0,1.0,1.0,0.9999999,1.0,1.0,1.0,1.0,1.0,1.0,0.9999995,1.0,1.0,0.9830705,1.0,1.0,1.0,1.0,1.0,1.0,0.9999998,1.0,1.0,1.0,1.0,0.99999994,1.0,1.0,1.0,1.0,1.0,1.0,1.0,1.0,1.0,1.0,1.0
RBM5_HepG2,1.0,0.99999994,1.0,1.0,1.0,1.0,1.0,1.0,0.99999994,0.99999994,1.0,0.99999994,1.0,1.0,1.0,1.0,0.9999915,0.99999994,1.0,1.0,1.0,0.99999994,1.0,1.0,0.8192342,0.99999255,1.0,1.0,0.99999994,1.0,1.0,1.0,0.99999994,1.0,0.99999994,0.99999994,1.0,1.0,0.9999987,1.0,1.0,0.99999994,1.0,1.0,1.0,1.0,1.0,1.0,0.9999999,1.0,1.0,1.0,1.0,0.99999994,1.0,1.0,0.99999994,1.0,1.0,1.0,1.0,1.0,0.99999994,0.99999976,1.0,1.0,1.0,1.0,1.0,1.0,1.0,0.99999994,1.0,1.0,1.0,0.99999994,0.999999,0.88386035,1.0,1.0,0.99999994,1.0,1.0,0.99999994,0.99999994,0.99999994,1.0,1.0,1.0,0.99999994,1.0,1.0,1.0,1.0,1.0,1.0,1.0,1.0,1.0,1.0,0.9999795,0.99916196,0.98707926,0.99999994,1.0,1.0,1.0,1.0,1.0,0.99999994,0.99999994,1.0,0.9999998,1.0,1.0,1.0,0.99999994,1.0,1.0,1.0,0.99999994,1.0,0.90213996,0.99999994,0.99999994,1.0,0.99999994,1.0,1.0,1.0,1.0,0.99999994,1.0,1.0,0.99999994,1.0,1.0,1.0,1.0,1.0,0.99999994,1.0,1.0,1.0,1.0,1.0,1.0,1.0,1.0,1.0,0.99999994,1.0,1.0,1.0,1.0,1.0,0.99999964,0.99999994,1.0,1.0,0.99999994,1.0,1.0,1.0,1.0,1.0,0.99999994,1.0,1.0,0.99999994,1.0,1.0,0.9998847,0.99999994,1.0,0.99999994,0.632119,0.9999414,1.0,1.0,1.0,1.0,0.99999994,0.99999994,1.0,0.99999994,1.0,1.0,1.0,0.9999998,1.0,0.99999994,1.0,1.0,1.0,1.0,0.99999934,0.99999994,1.0,0.9830989,1.0,1.0,1.0,0.99999994,0.99999994,0.99999994,0.9999997,1.0,0.99999994,1.0,1.0,0.99999994,1.0,1.0,1.0,1.0,0.99999994,1.0,1.0,0.99999994,1.0,1.0,1.0
RPS11_K562,1.0,1.0,1.0,1.0,1.0,1.0,1.0,1.0,1.0,1.0,1.0,1.0,1.0,1.0,1.0,1.0,0.99999076,1.0,1.0,1.0,1.0,1.0,1.0,1.0,0.81933415,0.9999932,1.0,1.0,1.0,1.0,1.0,1.0,1.0,1.0,1.0,1.0,1.0,1.0,0.9999989,1.0,1.0,1.0,1.0,1.0,1.0,1.0,1.0,1.0,0.99999994,1.0,1.0,1.0,1.0,1.0,1.0,1.0,1.0,1.0,1.0,1.0,1.0,1.0,1.0,0.9999999,1.0,1.0,1.0,1.0,1.0,1.0,1.0,1.0,1.0,1.0,1.0,1.0,0.9999992,0.8837788,1.0,1.0,1.0,1.0,0.99999994,1.0,1.0,1.0,1.0,1.0,1.0,1.0,0.99999994,1.0,1.0,1.0,1.0,0.99999994,1.0,1.0,1.0,1.0,0.99998057,0.9991548,0.9871072,1.0,1.0,1.0,1.0,1.0,1.0,1.0,1.0,1.0,0.9999997,1.0,1.0,1.0,1.0,1.0,1.0,1.0,1.0,1.0,0.9022152,1.0,1.0,0.99999994,1.0,1.0,1.0,1.0,1.0,1.0,1.0,1.0,1.0,1.0,1.0,1.0,1.0,1.0,1.0,1.0,1.0,1.0,1.0,1.0,1.0,1.0,1.0,1.0,1.0,1.0,1.0,1.0,1.0,1.0,0.99999976,1.0,1.0,1.0,1.0,1.0,1.0,1.0,1.0,1.0,1.0,1.0,1.0,1.0,1.0,1.0,0.99988735,1.0,1.0,1.0,0.63198394,0.99994326,1.0,1.0,1.0,1.0,1.0,1.0,1.0,1.0,1.0,1.0,1.0,0.9999999,1.0,1.0,1.0,1.0,1.0,1.0,0.9999995,1.0,1.0,0.98306704,1.0,1.0,1.0,1.0,1.0,1.0,0.9999998,1.0,1.0,1.0,1.0,1.0,1.0,1.0,1.0,1.0,1.0,1.0,1.0,1.0,1.0,1.0,1.0
RPS3_HepG2,1.0,1.0,1.0,1.0,1.0,1.0,1.0,1.0,1.0,1.0,1.0,1.0,1.0,1.0,1.0,1.0,0.99999046,1.0,1.0,1.0,1.0,1.0,1.0,1.0,0.8193675,0.9999934,1.0,1.0,1.0,1.0,1.0,1.0,1.0,1.0,1.0,1.0,1.0,1.0,0.99999905,1.0,1.0,1.0,1.0,1.0,1.0,1.0,1.0,1.0,1.0,1.0,1.0,1.0,0.99999994,1.0,1.0,1.0,1.0,1.0,1.0,1.0,1.0,1.0,1.0,0.9999999,1.0,1.0,1.0,1.0,1.0,1.0,1.0,1.0,1.0,1.0,1.0,1.0,0.9999993,0.8837516,1.0,1.0,1.0,1.0,0.99999994,1.0,1.0,1.0,1.0,1.0,1.0,1.0,0.99999994,1.0,1.0,1.0,1.0,0.99999994,1.0,1.0,1.0,1.0,0.9999809,0.9991524,0.9871165,1.0,1.0,1.0,1.0,1.0,1.0,1.0,1.0,1.0,0.99999964,1.0,1.0,1.0,1.0,1.0,1.0,1.0,1.0,1.0,0.9022403,1.0,1.0,0.99999994,1.0,1.0,1.0,1.0,1.0,1.0,1.0,1.0,1.0,1.0,1.0,1.0,1.0,1.0,1.0,1.0,1.0,1.0,1.0,1.0,1.0,1.0,1.0,1.0,1.0,1.0,1.0,1.0,1.0,1.0,0.9999998,1.0,1.0,1.0,1.0,1.0,1.0,1.0,1.0,1.0,1.0,1.0,1.0,1.0,1.0,1.0,0.99988824,1.0,1.0,1.0,0.6319388,0.9999439,1.0,1.0,1.0,1.0,1.0,1.0,1.0,1.0,1.0,1.0,1.0,0.99999994,1.0,1.0,1.0,1.0,1.0,1.0,0.9999996,1.0,1.0,0.98305637,1.0,1.0,1.0,1.0,1.0,1.0,0.9999999,1.0,1.0,1.0,1.0,1.0,1.0,1.0,1.0,1.0,1.0,1.0,1.0,1.0,1.0,1.0,1.0
RPS3_K562,1.0,1.0,1.0,1.0,1.0,1.0,1.0,1.0,1.0,1.0,1.0,1.0,1.0,1.0,1.0,1.0,0.9999906,1.0,1.0,1.0,1.0,1.0,1.0,1.0,0.81935453,0.9999933,1.0,1.0,1.0,1.0,1.0,1.0,1.0,1.0,1.0,1.0,1.0,1.0,0.999999,1.0,1.0,1.0,1.0,1.0,1.0,1.0,1.0,1.0,0.99999994,1.0,1.0,1.0,1.0,1.0,1.0,1.0,1.0,1.0,1.0,1.0,1.0,1.0,1.0,0.9999999,1.0,1.0,1.0,1.0,1.0,1.0,1.0,1.0,1.0,1.0,1.0,1.0,0.9999992,0.88376206,1.0,1.0,1.0,1.0,0.99999994,1.0,1.0,1.0,1.0,1.0,1.0,1.0,0.99999994,1.0,1.0,1.0,1.0,0.99999994,1.0,1.0,1.0,1.0,0.9999808,0.9991534,0.9871129,1.0,1.0,1.0,1.0,1.0,1.0,1.0,1.0,1.0,0.9999997,1.0,1.0,1.0,1.0,1.0,1.0,1.0,1.0,1.0,0.9022305,1.0,1.0,0.99999994,1.0,1.0,1.0,1.0,1.0,1.0,1.0,1.0,1.0,1.0,1.0,1.0,1.0,1.0,1.0,1.0,1.0,1.0,1.0,1.0,1.0,1.0,1.0,1.0,1.0,1.0,1.0,1.0,1.0,1.0,0.9999998,1.0,1.0,1.0,1.0,1.0,1.0,1.0,1.0,1.0,1.0,1.0,1.0,1.0,1.0,1.0,0.9998879,1.0,1.0,1.0,0.6319563,0.9999437,1.0,1.0,1.0,1.0,1.0,1.0,1.0,1.0,1.0,1.0,1.0,0.99999994,1.0,1.0,1.0,1.0,1.0,1.0,0.9999996,1.0,1.0,0.9830605,1.0,1.0,1.0,1.0,1.0,1.0,0.9999999,1.0,1.0,1.0,1.0,1.0,1.0,1.0,1.0,1.0,1.0,1.0,1.0,1.0,1.0,1.0,1.0
SAFB_HepG2,1.0,1.0,0.99999994,1.0,1.0,1.0,1.0,1.0,1.0,1.0,1.0,1.0,1.0,1.0,0.99999994,1.0,0.9999901,1.0,1.0,1.0,1.0,1.0,1.0,1.0,0.8194154,0.9999937,1.0,1.0,1.0,1.0,1.0,1.0,1.0,1.0,1.0,1.0,1.0,1.0,0.99999917,1.0,1.0,1.0,1.0,1.0,1.0,1.0,1.0,1.0,1.0,1.0,1.0,1.0,0.99999994,1.0,1.0,1.0,1.0,0.99999994,1.0,1.0,1.0,1.0,1.0,0.99999994,1.0,1.0,1.0,1.0,1.0,1.0,1.0,1.0,0.99999994,1.0,1.0,1.0,0.9999994,0.8837124,1.0,1.0,1.0,1.0,0.9999999,1.0,1.0,1.0,0.99999994,1.0,1.0,1.0,0.9999999,1.0,1.0,1.0,1.0,0.9999999,1.0,1.0,1.0,1.0,0.99998146,0.99914896,0.98712987,1.0,1.0,1.0,1.0,1.0,1.0,1.0,1.0,1.0,0.9999996,1.0,1.0,1.0,1.0,1.0,1.0,1.0,1.0,1.0,0.9022763,1.0,1.0,0.99999994,1.0,1.0,1.0,1.0,1.0,1.0,1.0,1.0,1.0,1.0,1.0,1.0,1.0,0.99999994,1.0,1.0,1.0,1.0,1.0,1.0,0.99999994,1.0,1.0,1.0,1.0,1.0,1.0,1.0,1.0,1.0,0.9999999,1.0,1.0,1.0,1.0,1.0,0.99999994,1.0,1.0,1.0,1.0,1.0,1.0,1.0,1.0,1.0,0.9998895,1.0,1.0,1.0,0.631874,0.9999448,0.99999994,1.0,1.0,0.99999994,1.0,1.0,1.0,1.0,1.0,1.0,1.0,0.99999994,1.0,1.0,1.0,1.0,1.0,1.0,0.99999964,1.0,1.0,0.98304105,1.0,1.0,1.0,1.0,1.0,1.0,0.9999999,1.0,1.0,1.0,1.0,1.0,1.0,1.0,1.0,1.0,1.0,1.0,1.0,1.0,1.0,1.0,1.0
SAFB_K562,1.0,1.0,1.0,1.0,1.0,1.0,1.0,1.0,1.0,1.0,1.0,1.0,1.0,1.0,1.0,1.0,0.9999908,1.0,1.0,1.0,1.0,1.0,1.0,1.0,0.8193208,0.9999931,1.0,1.0,1.0,1.0,1.0,1.0,1.0,1.0,1.0,1.0,1.0,1.0,0.9999989,1.0,1.0,1.0,1.0,1.0,1.0,1.0,1.0,1.0,0.99999994,1.0,1.0,1.0,1.0,1.0,1.0,1.0,1.0,1.0,1.0,1.0,1.0,1.0,1.0,0.9999998,1.0,1.0,1.0,1.0,1.0,1.0,1.0,1.0,1.0,1.0,1.0,1.0,0.99999917,0.88378966,1.0,1.0,1.0,1.0,0.99999994,1.0,1.0,1.0,1.0,1.0,1.0,0.99999994,0.99999994,1.0,1.0,1.0,1.0,0.99999994,1.0,1.0,1.0,1.0,0.99998045,0.99915576,0.98710346,1.0,1.0,1.0,1.0,1.0,1.0,1.0,1.0,1.0,0.9999997,1.0,1.0,1.0,1.0,1.0,1.0,1.0,1.0,1.0,0.9022051,1.0,1.0,1.0,1.0,1.0,1.0,1.0,1.0,1.0,1.0,1.0,1.0,1.0,1.0,1.0,1.0,1.0,1.0,1.0,1.0,1.0,1.0,1.0,1.0,1.0,1.0,1.0,1.0,1.0,1.0,1.0,1.0,1.0,0.99999976,1.0,1.0,1.0,1.0,1.0,1.0,1.0,1.0,1.0,1.0,1.0,1.0,1.0,1.0,1.0,0.999887,1.0,1.0,1.0,0.63200194,0.999943,1.0,1.0,1.0,1.0,1.0,0.99999994,1.0,1.0,1.0,1.0,1.0,0.9999999,1.0,1.0,1.0,1.0,1.0,1.0,0.9999995,1.0,1.0,0.98307127,1.0,1.0,1.0,1.0,1.0,1.0,0.9999998,1.0,1.0,1.0,1.0,0.99999994,1.0,1.0,1.0,1.0,1.0,1.0,1.0,1.0,1.0,1.0,1.0
SAFB2_K562,1.0,1.0,1.0,1.0,1.0,1.0,1.0,1.0,1.0,1.0,1.0,1.0,1.0,1.0,1.0,1.0,0.9999909,1.0,1.0,1.0,1.0,1.0,1.0,1.0,0.81931466,0.9999931,1.0,1.0,1.0,1.0,1.0,1.0,1.0,1.0,1.0,1.0,1.0,1.0,0.99999887,1.0,1.0,1.0,1.0,1.0,1.0,1.0,1.0,1.0,0.99999994,1.0,1.0,1.0,1.0,1.0,1.0,1.0,1.0,1.0,1.0,1.0,1.0,1.0,1.0,0.9999998,1.0,1.0,1.0,1.0,1.0,1.0,1.0,1.0,1.0,1.0,1.0,1.0,0.99999917,0.88379467,1.0,1.0,1.0,1.0,0.99999994,1.0,1.0,1.0,1.0,1.0,1.0,0.99999994,0.99999994,1.0,1.0,1.0,1.0,0.99999994,1.0,1.0,1.0,1.0,0.9999804,0.99915624,0.98710173,1.0,1.0,1.0,1.0,1.0,1.0,1.0,1.0,1.0,0.99999976,1.0,1.0,1.0,1.0,1.0,1.0,1.0,1.0,1.0,0.9022005,1.0,1.0,1.0,1.0,1.0,1.0,1.0,1.0,1.0,1.0,1.0,1.0,1.0,1.0,1.0,1.0,1.0,1.0,1.0,1.0,1.0,1.0,1.0,1.0,1.0,1.0,1.0,1.0,1.0,1.0,1.0,1.0,1.0,0.99999976,1.0,1.0,1.0,1.0,1.0,1.0,1.0,1.0,1.0,1.0,1.0,1.0,1.0,1.0,1.0,0.9998869,1.0,1.0,1.0,0.6320102,0.9999429,1.0,1.0,1.0,1.0,1.0,0.99999994,1.0,1.0,1.0,1.0,1.0,0.9999999,1.0,1.0,1.0,1.0,1.0,1.0,0.99999946,1.0,1.0,0.98307323,1.0,1.0,1.0,1.0,1.0,1.0,0.9999998,1.0,1.0,1.0,1.0,0.99999994,1.0,1.0,1.0,1.0,1.0,1.0,1.0,1.0,1.0,1.0,1.0
SBDS_K562,1.0,1.0,1.0,1.0,1.0,1.0,1.0,1.0,1.0,1.0,1.0,1.0,1.0,1.0,1.0,1.0,0.99999094,1.0,1.0,1.0,1.0,1.0,1.0,1.0,0.81931096,0.999993,1.0,1.0,1.0,1.0,1.0,1.0,1.0,1.0,1.0,1.0,1.0,1.0,0.99999887,1.0,1.0,1.0,1.0,1.0,1.0,1.0,1.0,1.0,0.99999994,1.0,1.0,1.0,1.0,1.0,1.0,1.0,1.0,1.0,1.0,1.0,1.0,1.0,1.0,0.9999998,1.0,1.0,1.0,1.0,1.0,1.0,1.0,1.0,1.0,1.0,1.0,1.0,0.99999917,0.88379765,1.0,1.0,1.0,1.0,0.99999994,1.0,1.0,1.0,1.0,1.0,1.0,0.99999994,1.0,1.0,1.0,1.0,1.0,0.99999994,1.0,1.0,1.0,1.0,0.99998033,0.9991565,0.9871007,1.0,1.0,1.0,1.0,1.0,1.0,1.0,1.0,1.0,0.99999976,1.0,1.0,1.0,1.0,1.0,1.0,1.0,1.0,1.0,0.9021977,1.0,1.0,1.0,1.0,1.0,1.0,1.0,1.0,1.0,1.0,1.0,0.99999994,1.0,1.0,1.0,1.0,1.0,1.0,1.0,1.0,1.0,1.0,1.0,1.0,1.0,1.0,1.0,1.0,1.0,1.0,1.0,1.0,1.0,0.99999976,1.0,1.0,1.0,1.0,1.0,1.0,1.0,1.0,1.0,1.0,1.0,1.0,1.0,1.0,1.0,0.99988675,1.0,1.0,1.0,0.6320152,0.99994284,1.0,1.0,1.0,1.0,1.0,0.99999994,1.0,1.0,1.0,1.0,1.0,0.9999999,1.0,1.0,1.0,1.0,1.0,1.0,0.99999946,1.0,1.0,0.9830744,1.0,1.0,1.0,1.0,1.0,1.0,0.9999998,1.0,1.0,1.0,1.0,0.99999994,1.0,1.0,1.0,1.0,1.0,1.0,1.0,1.0,1.0,1.0,1.0
SDAD1_HepG2,1.0,1.0,1.0,1.0,1.0,1.0,1.0,1.0,1.0,1.0,1.0,1.0,1.0,1.0,1.0,1.0,0.9999907,1.0,1.0,1.0,1.0,1.0,1.0,1.0,0.81934214,0.99999326,1.0,1.0,1.0,1.0,1.0,1.0,1.0,1.0,1.0,1.0,1.0,1.0,0.999999,1.0,1.0,1.0,1.0,1.0,1.0,1.0,1.0,1.0,0.99999994,1.0,1.0,1.0,1.0,1.0,1.0,1.0,1.0,1.0,1.0,1.0,1.0,1.0,1.0,0.9999999,1.0,1.0,1.0,1.0,1.0,1.0,1.0,1.0,1.0,1.0,1.0,1.0,0.9999992,0.88377225,1.0,1.0,1.0,1.0,0.99999994,1.0,1.0,1.0,1.0,1.0,1.0,1.0,0.99999994,1.0,1.0,1.0,1.0,0.99999994,1.0,1.0,1.0,1.0,0.9999807,0.99915427,0.9871094,1.0,1.0,1.0,1.0,1.0,1.0,1.0,1.0,1.0,0.9999997,1.0,1.0,1.0,1.0,1.0,1.0,1.0,1.0,1.0,0.9022212,1.0,1.0,0.99999994,1.0,1.0,1.0,1.0,1.0,1.0,1.0,1.0,1.0,1.0,1.0,1.0,1.0,1.0,1.0,1.0,1.0,1.0,1.0,1.0,1.0,1.0,1.0,1.0,1.0,1.0,1.0,1.0,1.0,1.0,0.99999976,1.0,1.0,1.0,1.0,1.0,1.0,1.0,1.0,1.0,1.0,1.0,1.0,1.0,1.0,1.0,0.9998876,1.0,1.0,1.0,0.6319731,0.99994344,1.0,1.0,1.0,1.0,1.0,1.0,1.0,1.0,1.0,1.0,1.0,0.9999999,1.0,1.0,1.0,1.0,1.0,1.0,0.9999995,1.0,1.0,0.9830645,1.0,1.0,1.0,1.0,1.0,1.0,0.9999998,1.0,1.0,1.0,1.0,1.0,1.0,1.0,1.0,1.0,1.0,1.0,1.0,1.0,1.0,1.0,1.0
SDAD1_K562,1.0,1.0,1.0,1.0,1.0,1.0,1.0,1.0,1.0,1.0,1.0,1.0,1.0,1.0,1.0,1.0,0.99999076,1.0,1.0,1.0,1.0,1.0,1.0,1.0,0.81933326,0.9999932,1.0,1.0,1.0,1.0,1.0,1.0,1.0,1.0,1.0,1.0,1.0,1.0,0.9999989,1.0,1.0,1.0,1.0,1.0,1.0,1.0,1.0,1.0,0.99999994,1.0,1.0,1.0,1.0,1.0,1.0,1.0,1.0,1.0,1.0,1.0,1.0,1.0,1.0,0.9999999,1.0,1.0,1.0,1.0,1.0,1.0,1.0,1.0,1.0,1.0,1.0,1.0,0.9999992,0.88377947,1.0,1.0,1.0,1.0,0.99999994,1.0,1.0,1.0,1.0,1.0,1.0,1.0,0.99999994,1.0,1.0,1.0,1.0,0.99999994,1.0,1.0,1.0,1.0,0.99998057,0.99915487,0.987107,1.0,1.0,1.0,1.0,1.0,1.0,1.0,1.0,1.0,0.9999997,1.0,1.0,1.0,1.0,1.0,1.0,1.0,1.0,1.0,0.9022145,1.0,1.0,0.99999994,1.0,1.0,1.0,1.0,1.0,1.0,1.0,1.0,1.0,1.0,1.0,1.0,1.0,1.0,1.0,1.0,1.0,1.0,1.0,1.0,1.0,1.0,1.0,1.0,1.0,1.0,1.0,1.0,1.0,1.0,0.99999976,1.0,1.0,1.0,1.0,1.0,1.0,1.0,1.0,1.0,1.0,1.0,1.0,1.0,1.0,1.0,0.99988735,1.0,1.0,1.0,0.63198507,0.99994326,1.0,1.0,1.0,1.0,1.0,1.0,1.0,1.0,1.0,1.0,1.0,0.9999999,1.0,1.0,1.0,1.0,1.0,1.0,0.9999995,1.0,1.0,0.9830673,1.0,1.0,1.0,1.0,1.0,1.0,0.9999998,1.0,1.0,1.0,1.0,1.0,1.0,1.0,1.0,1.0,1.0,1.0,1.0,1.0,1.0,1.0,1.0
SERBP1_K562,0.99999976,0.9999999,0.9999997,0.99999976,0.99999976,0.9999998,0.99999976,0.99999976,0.9999998,0.9999999,0.9999998,0.9999998,0.99999976,0.99999976,0.9999997,0.9999997,0.9999876,0.9999998,0.9999998,0.99999976,0.99999976,0.9999998,0.9999998,0.9999998,0.8197224,0.99999547,0.9999998,0.9999998,0.9999998,0.99999976,0.99999976,0.9999998,0.9999998,0.99999976,0.9999998,0.9999999,0.9999998,0.99999976,0.9999997,0.99999976,0.9999998,0.9999998,0.9999998,0.9999997,0.9999998,0.99999976,0.99999976,0.99999976,0.99999994,0.99999976,0.99999976,0.99999976,0.99999964,0.9999998,0.9999997,0.99999976,0.9999999,0.9999997,0.9999997,0.99999976,0.99999976,0.9999998,0.9999998,1.0,0.9999998,0.9999998,0.99999976,0.99999976,0.9999998,0.99999976,0.99999976,0.9999998,0.9999997,0.9999997,0.99999976,0.9999998,0.9999998,0.88346153,0.99999976,0.9999998,0.9999999,0.9999997,0.99999946,0.9999999,0.9999998,0.9999999,0.99999964,0.9999998,0.99999976,0.9999999,0.9999995,0.99999976,0.99999976,0.9999998,0.99999976,0.99999946,0.9999997,0.9999997,0.99999976,0.9999998,0.99998456,0.99912673,0.9872154,0.9999998,0.99999976,0.99999976,0.99999976,0.99999976,0.9999997,0.9999998,0.9999998,0.9999997,0.999999,0.9999998,0.99999976,0.9999998,0.9999998,0.9999998,0.99999976,0.99999976,0.9999998,0.9999998,0.9025072,0.9999998,0.9999999,0.9999996,0.9999998,0.99999976,0.99999976,0.99999976,0.99999976,0.9999998,0.9999998,0.9999998,0.9999999,0.99999976,0.9999997,0.9999998,0.99999976,0.9999997,0.9999998,0.99999976,0.9999998,0.9999997,0.9999998,0.99999976,0.99999964,0.99999976,0.9999998,0.9999998,0.9999999,0.99999976,0.99999976,0.99999976,0.99999976,0.99999976,1.0,0.9999998,0.9999998,0.99999976,0.9999998,0.99999976,0.99999964,0.99999976,0.99999976,0.99999976,0.9999998,0.99999976,0.99999976,0.9999998,0.9999998,0.9999998,0.9998973,0.9999998,0.99999976,0.9999999,0.6314587,0.9999503,0.99999964,0.99999976,0.99999976,0.9999997,0.9999998,0.9999999,0.9999998,0.9999998,0.9999998,0.9999998,0.99999976,1.0,0.99999976,0.9999998,0.9999998,0.9999998,0.99999976,0.9999998,0.99999994,0.9999998,0.9999997,0.98294264,0.9999997,0.9999998,0.99999976,0.9999998,0.9999998,0.9999998,1.0,0.99999976,0.9999998,0.99999976,0.99999976,0.9999999,0.9999998,0.99999976,0.99999976,0.99999976,0.9999998,0.9999998,0.9999997,0.9999998,0.9999998,0.9999997,0.9999997
SF3A3_HepG2,1.0,1.0,1.0,1.0,1.0,1.0,1.0,1.0,1.0,1.0,1.0,1.0,1.0,1.0,1.0,1.0,0.9999904,1.0,1.0,1.0,1.0,1.0,1.0,1.0,0.81937665,0.99999344,1.0,1.0,1.0,1.0,1.0,1.0,1.0,1.0,1.0,1.0,1.0,1.0,0.99999905,1.0,1.0,1.0,1.0,1.0,1.0,1.0,1.0,1.0,1.0,1.0,1.0,1.0,0.99999994,1.0,1.0,1.0,1.0,1.0,1.0,1.0,1.0,1.0,1.0,0.9999999,1.0,1.0,1.0,1.0,1.0,1.0,1.0,1.0,1.0,1.0,1.0,1.0,0.9999993,0.88374406,1.0,1.0,1.0,1.0,0.99999994,1.0,1.0,1.0,1.0,1.0,1.0,1.0,0.99999994,1.0,1.0,1.0,1.0,0.9999999,1.0,1.0,1.0,1.0,0.99998105,0.99915177,0.9871191,1.0,1.0,1.0,1.0,1.0,1.0,1.0,1.0,1.0,0.99999964,1.0,1.0,1.0,1.0,1.0,1.0,1.0,1.0,1.0,0.90224713,1.0,1.0,0.99999994,1.0,1.0,1.0,1.0,1.0,1.0,1.0,1.0,1.0,1.0,1.0,1.0,1.0,1.0,1.0,1.0,1.0,1.0,1.0,1.0,0.99999994,1.0,1.0,1.0,1.0,1.0,1.0,1.0,1.0,1.0,0.9999998,1.0,1.0,1.0,1.0,1.0,1.0,1.0,1.0,1.0,1.0,1.0,1.0,1.0,1.0,1.0,0.9998885,1.0,1.0,1.0,0.6319264,0.9999441,1.0,1.0,1.0,1.0,1.0,1.0,1.0,1.0,1.0,1.0,1.0,0.99999994,1.0,1.0,1.0,1.0,1.0,1.0,0.9999996,1.0,1.0,0.98305345,1.0,1.0,1.0,1.0,1.0,1.0,0.9999999,1.0,1.0,1.0,1.0,1.0,1.0,1.0,1.0,1.0,1.0,1.0,1.0,1.0,1.0,1.0,1.0
SF3B1_K562,1.0,1.0,1.0,1.0,1.0,1.0,1.0,1.0,1.0,1.0,1.0,1.0,1.0,1.0,1.0,1.0,0.9999905,1.0,1.0,1.0,1.0,1.0,1.0,1.0,0.8193623,0.9999934,1.0,1.0,1.0,1.0,1.0,1.0,1.0,1.0,1.0,1.0,1.0,1.0,0.999999,1.0,1.0,1.0,1.0,1.0,1.0,1.0,1.0,1.0,1.0,1.0,1.0,1.0,1.0,1.0,1.0,1.0,1.0,1.0,1.0,1.0,1.0,1.0,1.0,0.9999999,1.0,1.0,1.0,1.0,1.0,1.0,1.0,1.0,1.0,1.0,1.0,1.0,0.9999993,0.8837558,1.0,1.0,1.0,1.0,0.99999994,1.0,1.0,1.0,1.0,1.0,1.0,1.0,0.99999994,1.0,1.0,1.0,1.0,0.99999994,1.0,1.0,1.0,1.0,0.99998087,0.9991528,0.987115,1.0,1.0,1.0,1.0,1.0,1.0,1.0,1.0,1.0,0.99999964,1.0,1.0,1.0,1.0,1.0,1.0,1.0,1.0,1.0,0.9022363,1.0,1.0,0.99999994,1.0,1.0,1.0,1.0,1.0,1.0,1.0,1.0,1.0,1.0,1.0,1.0,1.0,1.0,1.0,1.0,1.0,1.0,1.0,1.0,1.0,1.0,1.0,1.0,1.0,1.0,1.0,1.0,1.0,1.0,0.9999998,1.0,1.0,1.0,1.0,1.0,1.0,1.0,1.0,1.0,1.0,1.0,1.0,1.0,1.0,1.0,0.99988806,1.0,1.0,1.0,0.6319459,0.9999438,1.0,1.0,1.0,1.0,1.0,1.0,1.0,1.0,1.0,1.0,1.0,0.99999994,1.0,1.0,1.0,1.0,1.0,1.0,0.9999996,1.0,1.0,0.98305804,1.0,1.0,1.0,1.0,1.0,1.0,0.9999999,1.0,1.0,1.0,1.0,1.0,1.0,1.0,1.0,1.0,1.0,1.0,1.0,1.0,1.0,1.0,1.0
SF3B4_HepG2,1.0,1.0,1.0,1.0,1.0,1.0,1.0,1.0,1.0,1.0,1.0,1.0,1.0,1.0,1.0,1.0,0.9999906,1.0,1.0,1.0,1.0,1.0,1.0,1.0,0.81935215,0.9999933,1.0,1.0,1.0,1.0,1.0,1.0,1.0,1.0,1.0,1.0,1.0,1.0,0.999999,1.0,1.0,1.0,1.0,1.0,1.0,1.0,1.0,1.0,0.99999994,1.0,1.0,1.0,1.0,1.0,1.0,1.0,1.0,1.0,1.0,1.0,1.0,1.0,1.0,0.9999999,1.0,1.0,1.0,1.0,1.0,1.0,1.0,1.0,1.0,1.0,1.0,1.0,0.9999992,0.8837641,1.0,1.0,1.0,1.0,0.99999994,1.0,1.0,1.0,1.0,1.0,1.0,1.0,0.99999994,1.0,1.0,1.0,1.0,0.99999994,1.0,1.0,1.0,1.0,0.99998075,0.99915355,0.9871122,1.0,1.0,1.0,1.0,1.0,1.0,1.0,1.0,1.0,0.9999997,1.0,1.0,1.0,1.0,1.0,1.0,1.0,1.0,1.0,0.9022287,1.0,1.0,0.99999994,1.0,1.0,1.0,1.0,1.0,1.0,1.0,1.0,1.0,1.0,1.0,1.0,1.0,1.0,1.0,1.0,1.0,1.0,1.0,1.0,1.0,1.0,1.0,1.0,1.0,1.0,1.0,1.0,1.0,1.0,0.99999976,1.0,1.0,1.0,1.0,1.0,1.0,1.0,1.0,1.0,1.0,1.0,1.0,1.0,1.0,1.0,0.9998878,1.0,1.0,1.0,0.63195956,0.9999436,1.0,1.0,1.0,1.0,1.0,1.0,1.0,1.0,1.0,1.0,1.0,0.9999999,1.0,1.0,1.0,1.0,1.0,1.0,0.9999996,1.0,1.0,0.98306125,1.0,1.0,1.0,1.0,1.0,1.0,0.9999999,1.0,1.0,1.0,1.0,1.0,1.0,1.0,1.0,1.0,1.0,1.0,1.0,1.0,1.0,1.0,1.0
SF3B4_K562,1.0,1.0,1.0,1.0,1.0,1.0,1.0,1.0,1.0,1.0,1.0,1.0,1.0,1.0,1.0,1.0,0.9999903,1.0,1.0,1.0,1.0,1.0,1.0,1.0,0.8193976,0.9999936,1.0,1.0,1.0,1.0,1.0,1.0,1.0,1.0,1.0,1.0,1.0,1.0,0.9999991,1.0,1.0,1.0,1.0,1.0,1.0,1.0,1.0,1.0,1.0,1.0,1.0,1.0,0.99999994,1.0,1.0,1.0,1.0,1.0,1.0,1.0,1.0,1.0,1.0,0.99999994,1.0,1.0,1.0,1.0,1.0,1.0,1.0,1.0,1.0,1.0,1.0,1.0,0.99999934,0.88372695,1.0,1.0,1.0,1.0,0.9999999,1.0,1.0,1.0,0.99999994,1.0,1.0,1.0,0.99999994,1.0,1.0,1.0,1.0,0.9999999,1.0,1.0,1.0,1.0,0.9999813,0.9991503,0.9871249,1.0,1.0,1.0,1.0,1.0,1.0,1.0,1.0,1.0,0.99999964,1.0,1.0,1.0,1.0,1.0,1.0,1.0,1.0,1.0,0.9022629,1.0,1.0,0.99999994,1.0,1.0,1.0,1.0,1.0,1.0,1.0,1.0,1.0,1.0,1.0,1.0,1.0,1.0,1.0,1.0,1.0,1.0,1.0,1.0,0.99999994,1.0,1.0,1.0,1.0,1.0,1.0,1.0,1.0,1.0,0.9999998,1.0,1.0,1.0,1.0,1.0,0.99999994,1.0,1.0,1.0,1.0,1.0,1.0,1.0,1.0,1.0,0.999889,1.0,1.0,1.0,0.63189805,0.99994445,0.99999994,1.0,1.0,1.0,1.0,1.0,1.0,1.0,1.0,1.0,1.0,0.99999994,1.0,1.0,1.0,1.0,1.0,1.0,0.99999964,1.0,1.0,0.9830467,1.0,1.0,1.0,1.0,1.0,1.0,0.9999999,1.0,1.0,1.0,1.0,1.0,1.0,1.0,1.0,1.0,1.0,1.0,1.0,1.0,1.0,1.0,1.0
SFPQ_HepG2,1.0,1.0,1.0,1.0,1.0,1.0,1.0,1.0,1.0,1.0,1.0,1.0,1.0,1.0,1.0,1.0,0.9999907,1.0,1.0,1.0,1.0,1.0,1.0,1.0,0.8193366,0.9999932,1.0,1.0,1.0,1.0,1.0,1.0,1.0,1.0,1.0,1.0,1.0,1.0,0.9999989,1.0,1.0,1.0,1.0,1.0,1.0,1.0,1.0,1.0,0.99999994,1.0,1.0,1.0,1.0,1.0,1.0,1.0,1.0,1.0,1.0,1.0,1.0,1.0,1.0,0.9999999,1.0,1.0,1.0,1.0,1.0,1.0,1.0,1.0,1.0,1.0,1.0,1.0,0.9999992,0.8837768,1.0,1.0,1.0,1.0,0.99999994,1.0,1.0,1.0,1.0,1.0,1.0,1.0,0.99999994,1.0,1.0,1.0,1.0,0.99999994,1.0,1.0,1.0,1.0,0.9999806,0.9991546,0.9871079,1.0,1.0,1.0,1.0,1.0,1.0,1.0,1.0,1.0,0.9999997,1.0,1.0,1.0,1.0,1.0,1.0,1.0,1.0,1.0,0.90221703,1.0,1.0,0.99999994,1.0,1.0,1.0,1.0,1.0,1.0,1.0,1.0,1.0,1.0,1.0,1.0,1.0,1.0,1.0,1.0,1.0,1.0,1.0,1.0,1.0,1.0,1.0,1.0,1.0,1.0,1.0,1.0,1.0,1.0,0.99999976,1.0,1.0,1.0,1.0,1.0,1.0,1.0,1.0,1.0,1.0,1.0,1.0,1.0,1.0,1.0,0.9998874,1.0,1.0,1.0,0.6319806,0.9999433,1.0,1.0,1.0,1.0,1.0,1.0,1.0,1.0,1.0,1.0,1.0,0.9999999,1.0,1.0,1.0,1.0,1.0,1.0,0.9999995,1.0,1.0,0.9830662,1.0,1.0,1.0,1.0,1.0,1.0,0.9999998,1.0,1.0,1.0,1.0,1.0,1.0,1.0,1.0,1.0,1.0,1.0,1.0,1.0,1.0,1.0,1.0
SLBP_K562,1.0,0.99999994,1.0,1.0,1.0,1.0,1.0,1.0,1.0,0.99999994,1.0,0.99999994,1.0,1.0,1.0,1.0,0.99999136,1.0,1.0,1.0,1.0,1.0,1.0,1.0,0.81925046,0.99999267,1.0,1.0,0.99999994,1.0,1.0,1.0,1.0,1.0,0.99999994,0.99999994,1.0,1.0,0.99999875,1.0,1.0,1.0,1.0,1.0,1.0,1.0,1.0,1.0,0.9999999,1.0,1.0,1.0,1.0,1.0,1.0,1.0,0.99999994,1.0,1.0,1.0,1.0,1.0,1.0,0.99999976,1.0,1.0,1.0,1.0,1.0,1.0,1.0,0.99999994,1.0,1.0,1.0,1.0,0.999999,0.88384706,1.0,1.0,0.99999994,1.0,1.0,0.99999994,0.99999994,0.99999994,1.0,1.0,1.0,0.99999994,1.0,1.0,1.0,1.0,1.0,1.0,1.0,1.0,1.0,1.0,0.9999797,0.9991608,0.98708385,0.99999994,1.0,1.0,1.0,1.0,1.0,1.0,0.99999994,1.0,0.9999998,1.0,1.0,1.0,0.99999994,1.0,1.0,1.0,0.99999994,1.0,0.9021522,1.0,0.99999994,1.0,1.0,1.0,1.0,1.0,1.0,0.99999994,1.0,1.0,0.99999994,1.0,1.0,1.0,1.0,1.0,0.99999994,1.0,1.0,1.0,1.0,1.0,1.0,1.0,1.0,1.0,0.99999994,1.0,1.0,1.0,1.0,1.0,0.99999964,1.0,1.0,1.0,0.99999994,1.0,1.0,1.0,1.0,1.0,0.99999994,1.0,1.0,0.99999994,1.0,1.0,0.99988514,0.99999994,1.0,0.99999994,0.632097,0.9999417,1.0,1.0,1.0,1.0,0.99999994,0.99999994,1.0,1.0,1.0,1.0,1.0,0.9999998,1.0,1.0,1.0,1.0,1.0,1.0,0.99999934,1.0,1.0,0.98309374,1.0,1.0,1.0,1.0,0.99999994,0.99999994,0.99999976,1.0,0.99999994,1.0,1.0,0.99999994,1.0,1.0,1.0,1.0,1.0,1.0,1.0,1.0,1.0,1.0,1.0
SLTM_HepG2,1.0,1.0,1.0,1.0,1.0,1.0,1.0,1.0,1.0,1.0,1.0,1.0,1.0,1.0,1.0,1.0,0.99999094,1.0,1.0,1.0,1.0,1.0,1.0,1.0,0.8193078,0.999993,1.0,1.0,1.0,1.0,1.0,1.0,1.0,1.0,1.0,1.0,1.0,1.0,0.99999887,1.0,1.0,1.0,1.0,1.0,1.0,1.0,1.0,1.0,0.99999994,1.0,1.0,1.0,1.0,1.0,1.0,1.0,1.0,1.0,1.0,1.0,1.0,1.0,1.0,0.9999998,1.0,1.0,1.0,1.0,1.0,1.0,1.0,1.0,1.0,1.0,1.0,1.0,0.99999917,0.8838002,1.0,1.0,1.0,1.0,0.99999994,1.0,1.0,1.0,1.0,1.0,1.0,0.99999994,1.0,1.0,1.0,1.0,1.0,0.99999994,1.0,1.0,1.0,1.0,0.9999803,0.9991567,0.9870999,1.0,1.0,1.0,1.0,1.0,1.0,1.0,1.0,1.0,0.99999976,1.0,1.0,1.0,1.0,1.0,1.0,1.0,1.0,1.0,0.9021954,1.0,1.0,1.0,1.0,1.0,1.0,1.0,1.0,1.0,1.0,1.0,0.99999994,1.0,1.0,1.0,1.0,1.0,1.0,1.0,1.0,1.0,1.0,1.0,1.0,1.0,1.0,1.0,1.0,1.0,1.0,1.0,1.0,1.0,0.99999976,1.0,1.0,1.0,1.0,1.0,1.0,1.0,1.0,1.0,1.0,1.0,1.0,1.0,1.0,1.0,0.9998867,1.0,1.0,1.0,0.63201946,0.9999428,1.0,1.0,1.0,1.0,1.0,0.99999994,1.0,1.0,1.0,1.0,1.0,0.9999999,1.0,1.0,1.0,1.0,1.0,1.0,0.99999946,1.0,1.0,0.98307544,1.0,1.0,1.0,1.0,1.0,1.0,0.9999998,1.0,1.0,1.0,1.0,0.99999994,1.0,1.0,1.0,1.0,1.0,1.0,1.0,1.0,1.0,1.0,1.0
SLTM_K562,1.0,1.0,1.0,1.0,1.0,1.0,1.0,1.0,1.0,1.0,1.0,1.0,1.0,1.0,1.0,1.0,0.9999907,1.0,1.0,1.0,1.0,1.0,1.0,1.0,0.8193381,0.9999932,1.0,1.0,1.0,1.0,1.0,1.0,1.0,1.0,1.0,1.0,1.0,1.0,0.9999989,1.0,1.0,1.0,1.0,1.0,1.0,1.0,1.0,1.0,0.99999994,1.0,1.0,1.0,1.0,1.0,1.0,1.0,1.0,1.0,1.0,1.0,1.0,1.0,1.0,0.9999999,1.0,1.0,1.0,1.0,1.0,1.0,1.0,1.0,1.0,1.0,1.0,1.0,0.9999992,0.88377553,1.0,1.0,1.0,1.0,0.99999994,1.0,1.0,1.0,1.0,1.0,1.0,1.0,0.99999994,1.0,1.0,1.0,1.0,0.99999994,1.0,1.0,1.0,1.0,0.9999806,0.9991545,0.9871083,1.0,1.0,1.0,1.0,1.0,1.0,1.0,1.0,1.0,0.9999997,1.0,1.0,1.0,1.0,1.0,1.0,1.0,1.0,1.0,0.90221816,1.0,1.0,0.99999994,1.0,1.0,1.0,1.0,1.0,1.0,1.0,1.0,1.0,1.0,1.0,1.0,1.0,1.0,1.0,1.0,1.0,1.0,1.0,1.0,1.0,1.0,1.0,1.0,1.0,1.0,1.0,1.0,1.0,1.0,0.99999976,1.0,1.0,1.0,1.0,1.0,1.0,1.0,1.0,1.0,1.0,1.0,1.0,1.0,1.0,1.0,0.99988747,1.0,1.0,1.0,0.6319785,0.9999434,1.0,1.0,1.0,1.0,1.0,1.0,1.0,1.0,1.0,1.0,1.0,0.9999999,1.0,1.0,1.0,1.0,1.0,1.0,0.9999995,1.0,1.0,0.9830657,1.0,1.0,1.0,1.0,1.0,1.0,0.9999998,1.0,1.0,1.0,1.0,1.0,1.0,1.0,1.0,1.0,1.0,1.0,1.0,1.0,1.0,1.0,1.0
SMNDC1_HepG2,1.0,1.0,1.0,1.0,1.0,1.0,1.0,1.0,1.0,1.0,1.0,1.0,1.0,1.0,1.0,1.0,0.9999906,1.0,1.0,1.0,1.0,1.0,1.0,1.0,0.8193513,0.9999933,1.0,1.0,1.0,1.0,1.0,1.0,1.0,1.0,1.0,1.0,1.0,1.0,0.999999,1.0,1.0,1.0,1.0,1.0,1.0,1.0,1.0,1.0,0.99999994,1.0,1.0,1.0,1.0,1.0,1.0,1.0,1.0,1.0,1.0,1.0,1.0,1.0,1.0,0.9999999,1.0,1.0,1.0,1.0,1.0,1.0,1.0,1.0,1.0,1.0,1.0,1.0,0.9999992,0.88376474,1.0,1.0,1.0,1.0,0.99999994,1.0,1.0,1.0,1.0,1.0,1.0,1.0,0.99999994,1.0,1.0,1.0,1.0,0.99999994,1.0,1.0,1.0,1.0,0.99998075,0.9991536,0.987112,1.0,1.0,1.0,1.0,1.0,1.0,1.0,1.0,1.0,0.9999997,1.0,1.0,1.0,1.0,1.0,1.0,1.0,1.0,1.0,0.90222806,1.0,1.0,0.99999994,1.0,1.0,1.0,1.0,1.0,1.0,1.0,1.0,1.0,1.0,1.0,1.0,1.0,1.0,1.0,1.0,1.0,1.0,1.0,1.0,1.0,1.0,1.0,1.0,1.0,1.0,1.0,1.0,1.0,1.0,0.99999976,1.0,1.0,1.0,1.0,1.0,1.0,1.0,1.0,1.0,1.0,1.0,1.0,1.0,1.0,1.0,0.9998878,1.0,1.0,1.0,0.6319607,0.9999436,1.0,1.0,1.0,1.0,1.0,1.0,1.0,1.0,1.0,1.0,1.0,0.9999999,1.0,1.0,1.0,1.0,1.0,1.0,0.9999995,1.0,1.0,0.98306155,1.0,1.0,1.0,1.0,1.0,1.0,0.9999999,1.0,1.0,1.0,1.0,1.0,1.0,1.0,1.0,1.0,1.0,1.0,1.0,1.0,1.0,1.0,1.0
SMNDC1_K562,1.0,1.0,1.0,1.0,1.0,1.0,1.0,1.0,1.0,1.0,1.0,1.0,1.0,1.0,1.0,1.0,0.9999903,1.0,1.0,1.0,1.0,1.0,1.0,1.0,0.81939095,0.99999356,1.0,1.0,1.0,1.0,1.0,1.0,1.0,1.0,1.0,1.0,1.0,1.0,0.9999991,1.0,1.0,1.0,1.0,1.0,1.0,1.0,1.0,1.0,1.0,1.0,1.0,1.0,0.99999994,1.0,1.0,1.0,1.0,1.0,1.0,1.0,1.0,1.0,1.0,0.9999999,1.0,1.0,1.0,1.0,1.0,1.0,1.0,1.0,1.0,1.0,1.0,1.0,0.99999934,0.8837324,1.0,1.0,1.0,1.0,0.9999999,1.0,1.0,1.0,0.99999994,1.0,1.0,1.0,0.99999994,1.0,1.0,1.0,1.0,0.9999999,1.0,1.0,1.0,1.0,0.9999812,0.99915075,0.9871231,1.0,1.0,1.0,1.0,1.0,1.0,1.0,1.0,1.0,0.99999964,1.0,1.0,1.0,1.0,1.0,1.0,1.0,1.0,1.0,0.9022579,1.0,1.0,0.99999994,1.0,1.0,1.0,1.0,1.0,1.0,1.0,1.0,1.0,1.0,1.0,1.0,1.0,1.0,1.0,1.0,1.0,1.0,1.0,1.0,0.99999994,1.0,1.0,1.0,1.0,1.0,1.0,1.0,1.0,1.0,0.9999998,1.0,1.0,1.0,1.0,1.0,0.99999994,1.0,1.0,1.0,1.0,1.0,1.0,1.0,1.0,1.0,0.99988884,1.0,1.0,1.0,0.6319071,0.9999443,0.99999994,1.0,1.0,1.0,1.0,1.0,1.0,1.0,1.0,1.0,1.0,0.99999994,1.0,1.0,1.0,1.0,1.0,1.0,0.99999964,1.0,1.0,0.98304886,1.0,1.0,1.0,1.0,1.0,1.0,0.9999999,1.0,1.0,1.0,1.0,1.0,1.0,1.0,1.0,1.0,1.0,1.0,1.0,1.0,1.0,1.0,1.0
SND1_HepG2,1.0,1.0,1.0,1.0,1.0,1.0,1.0,1.0,1.0,1.0,1.0,1.0,1.0,1.0,1.0,1.0,0.9999907,1.0,1.0,1.0,1.0,1.0,1.0,1.0,0.81933904,0.9999932,1.0,1.0,1.0,1.0,1.0,1.0,1.0,1.0,1.0,1.0,1.0,1.0,0.9999989,1.0,1.0,1.0,1.0,1.0,1.0,1.0,1.0,1.0,0.99999994,1.0,1.0,1.0,1.0,1.0,1.0,1.0,1.0,1.0,1.0,1.0,1.0,1.0,1.0,0.9999999,1.0,1.0,1.0,1.0,1.0,1.0,1.0,1.0,1.0,1.0,1.0,1.0,0.9999992,0.88377476,1.0,1.0,1.0,1.0,0.99999994,1.0,1.0,1.0,1.0,1.0,1.0,1.0,0.99999994,1.0,1.0,1.0,1.0,0.99999994,1.0,1.0,1.0,1.0,0.9999806,0.99915445,0.9871086,1.0,1.0,1.0,1.0,1.0,1.0,1.0,1.0,1.0,0.9999997,1.0,1.0,1.0,1.0,1.0,1.0,1.0,1.0,1.0,0.9022188,1.0,1.0,0.99999994,1.0,1.0,1.0,1.0,1.0,1.0,1.0,1.0,1.0,1.0,1.0,1.0,1.0,1.0,1.0,1.0,1.0,1.0,1.0,1.0,1.0,1.0,1.0,1.0,1.0,1.0,1.0,1.0,1.0,1.0,0.99999976,1.0,1.0,1.0,1.0,1.0,1.0,1.0,1.0,1.0,1.0,1.0,1.0,1.0,1.0,1.0,0.99988747,1.0,1.0,1.0,0.6319773,0.9999434,1.0,1.0,1.0,1.0,1.0,1.0,1.0,1.0,1.0,1.0,1.0,0.9999999,1.0,1.0,1.0,1.0,1.0,1.0,0.9999995,1.0,1.0,0.9830654,1.0,1.0,1.0,1.0,1.0,1.0,0.9999998,1.0,1.0,1.0,1.0,1.0,1.0,1.0,1.0,1.0,1.0,1.0,1.0,1.0,1.0,1.0,1.0
SND1_K562,1.0,1.0,1.0,1.0,1.0,1.0,1.0,1.0,1.0,1.0,1.0,1.0,1.0,1.0,1.0,1.0,0.9999908,1.0,1.0,1.0,1.0,1.0,1.0,1.0,0.8193201,0.9999931,1.0,1.0,1.0,1.0,1.0,1.0,1.0,1.0,1.0,1.0,1.0,1.0,0.9999989,1.0,1.0,1.0,1.0,1.0,1.0,1.0,1.0,1.0,0.99999994,1.0,1.0,1.0,1.0,1.0,1.0,1.0,1.0,1.0,1.0,1.0,1.0,1.0,1.0,0.9999998,1.0,1.0,1.0,1.0,1.0,1.0,1.0,1.0,1.0,1.0,1.0,1.0,0.99999917,0.88379025,1.0,1.0,1.0,1.0,0.99999994,1.0,1.0,1.0,1.0,1.0,1.0,0.99999994,0.99999994,1.0,1.0,1.0,1.0,0.99999994,1.0,1.0,1.0,1.0,0.99998045,0.9991558,0.9871033,1.0,1.0,1.0,1.0,1.0,1.0,1.0,1.0,1.0,0.9999997,1.0,1.0,1.0,1.0,1.0,1.0,1.0,1.0,1.0,0.9022046,1.0,1.0,1.0,1.0,1.0,1.0,1.0,1.0,1.0,1.0,1.0,1.0,1.0,1.0,1.0,1.0,1.0,1.0,1.0,1.0,1.0,1.0,1.0,1.0,1.0,1.0,1.0,1.0,1.0,1.0,1.0,1.0,1.0,0.99999976,1.0,1.0,1.0,1.0,1.0,1.0,1.0,1.0,1.0,1.0,1.0,1.0,1.0,1.0,1.0,0.999887,1.0,1.0,1.0,0.6320029,0.999943,1.0,1.0,1.0,1.0,1.0,0.99999994,1.0,1.0,1.0,1.0,1.0,0.9999999,1.0,1.0,1.0,1.0,1.0,1.0,0.9999995,1.0,1.0,0.9830715,1.0,1.0,1.0,1.0,1.0,1.0,0.9999998,1.0,1.0,1.0,1.0,0.99999994,1.0,1.0,1.0,1.0,1.0,1.0,1.0,1.0,1.0,1.0,1.0
SRSF1_HepG2,1.0,1.0,1.0,1.0,1.0,1.0,1.0,1.0,1.0,1.0,1.0,1.0,1.0,1.0,1.0,1.0,0.9999903,1.0,1.0,1.0,1.0,1.0,1.0,1.0,0.81939536,0.99999356,1.0,1.0,1.0,1.0,1.0,1.0,1.0,1.0,1.0,1.0,1.0,1.0,0.9999991,1.0,1.0,1.0,1.0,1.0,1.0,1.0,1.0,1.0,1.0,1.0,1.0,1.0,0.99999994,1.0,1.0,1.0,1.0,1.0,1.0,1.0,1.0,1.0,1.0,0.99999994,1.0,1.0,1.0,1.0,1.0,1.0,1.0,1.0,1.0,1.0,1.0,1.0,0.99999934,0.8837288,1.0,1.0,1.0,1.0,0.9999999,1.0,1.0,1.0,0.99999994,1.0,1.0,1.0,0.99999994,1.0,1.0,1.0,1.0,0.9999999,1.0,1.0,1.0,1.0,0.9999812,0.99915045,0.98712426,1.0,1.0,1.0,1.0,1.0,1.0,1.0,1.0,1.0,0.99999964,1.0,1.0,1.0,1.0,1.0,1.0,1.0,1.0,1.0,0.9022612,1.0,1.0,0.99999994,1.0,1.0,1.0,1.0,1.0,1.0,1.0,1.0,1.0,1.0,1.0,1.0,1.0,1.0,1.0,1.0,1.0,1.0,1.0,1.0,0.99999994,1.0,1.0,1.0,1.0,1.0,1.0,1.0,1.0,1.0,0.9999998,1.0,1.0,1.0,1.0,1.0,0.99999994,1.0,1.0,1.0,1.0,1.0,1.0,1.0,1.0,1.0,0.99988896,1.0,1.0,1.0,0.63190114,0.9999444,0.99999994,1.0,1.0,1.0,1.0,1.0,1.0,1.0,1.0,1.0,1.0,0.99999994,1.0,1.0,1.0,1.0,1.0,1.0,0.99999964,1.0,1.0,0.9830474,1.0,1.0,1.0,1.0,1.0,1.0,0.9999999,1.0,1.0,1.0,1.0,1.0,1.0,1.0,1.0,1.0,1.0,1.0,1.0,1.0,1.0,1.0,1.0
SRSF1_K562,1.0,1.0,1.0,1.0,1.0,1.0,1.0,1.0,1.0,1.0,1.0,1.0,1.0,1.0,1.0,1.0,0.9999906,1.0,1.0,1.0,1.0,1.0,1.0,1.0,0.8193578,0.9999933,1.0,1.0,1.0,1.0,1.0,1.0,1.0,1.0,1.0,1.0,1.0,1.0,0.999999,1.0,1.0,1.0,1.0,1.0,1.0,1.0,1.0,1.0,1.0,1.0,1.0,1.0,1.0,1.0,1.0,1.0,1.0,1.0,1.0,1.0,1.0,1.0,1.0,0.9999999,1.0,1.0,1.0,1.0,1.0,1.0,1.0,1.0,1.0,1.0,1.0,1.0,0.9999993,0.88375944,1.0,1.0,1.0,1.0,0.99999994,1.0,1.0,1.0,1.0,1.0,1.0,1.0,0.99999994,1.0,1.0,1.0,1.0,0.99999994,1.0,1.0,1.0,1.0,0.99998087,0.99915314,0.98711383,1.0,1.0,1.0,1.0,1.0,1.0,1.0,1.0,1.0,0.9999997,1.0,1.0,1.0,1.0,1.0,1.0,1.0,1.0,1.0,0.902233,1.0,1.0,0.99999994,1.0,1.0,1.0,1.0,1.0,1.0,1.0,1.0,1.0,1.0,1.0,1.0,1.0,1.0,1.0,1.0,1.0,1.0,1.0,1.0,1.0,1.0,1.0,1.0,1.0,1.0,1.0,1.0,1.0,1.0,0.9999998,1.0,1.0,1.0,1.0,1.0,1.0,1.0,1.0,1.0,1.0,1.0,1.0,1.0,1.0,1.0,0.99988794,1.0,1.0,1.0,0.63195187,0.99994373,1.0,1.0,1.0,1.0,1.0,1.0,1.0,1.0,1.0,1.0,1.0,0.99999994,1.0,1.0,1.0,1.0,1.0,1.0,0.9999996,1.0,1.0,0.98305947,1.0,1.0,1.0,1.0,1.0,1.0,0.9999999,1.0,1.0,1.0,1.0,1.0,1.0,1.0,1.0,1.0,1.0,1.0,1.0,1.0,1.0,1.0,1.0
SRSF7_HepG2,1.0,1.0,1.0,1.0,1.0,1.0,1.0,1.0,1.0,1.0,1.0,1.0,1.0,1.0,1.0,1.0,0.9999906,1.0,1.0,1.0,1.0,1.0,1.0,1.0,0.8193579,0.9999933,1.0,1.0,1.0,1.0,1.0,1.0,1.0,1.0,1.0,1.0,1.0,1.0,0.999999,1.0,1.0,1.0,1.0,1.0,1.0,1.0,1.0,1.0,1.0,1.0,1.0,1.0,1.0,1.0,1.0,1.0,1.0,1.0,1.0,1.0,1.0,1.0,1.0,0.9999999,1.0,1.0,1.0,1.0,1.0,1.0,1.0,1.0,1.0,1.0,1.0,1.0,0.9999993,0.88375944,1.0,1.0,1.0,1.0,0.99999994,1.0,1.0,1.0,1.0,1.0,1.0,1.0,0.99999994,1.0,1.0,1.0,1.0,0.99999994,1.0,1.0,1.0,1.0,0.99998087,0.99915314,0.98711383,1.0,1.0,1.0,1.0,1.0,1.0,1.0,1.0,1.0,0.9999997,1.0,1.0,1.0,1.0,1.0,1.0,1.0,1.0,1.0,0.902233,1.0,1.0,0.99999994,1.0,1.0,1.0,1.0,1.0,1.0,1.0,1.0,1.0,1.0,1.0,1.0,1.0,1.0,1.0,1.0,1.0,1.0,1.0,1.0,1.0,1.0,1.0,1.0,1.0,1.0,1.0,1.0,1.0,1.0,0.9999998,1.0,1.0,1.0,1.0,1.0,1.0,1.0,1.0,1.0,1.0,1.0,1.0,1.0,1.0,1.0,0.99988794,1.0,1.0,1.0,0.63195187,0.99994373,1.0,1.0,1.0,1.0,1.0,1.0,1.0,1.0,1.0,1.0,1.0,0.99999994,1.0,1.0,1.0,1.0,1.0,1.0,0.9999996,1.0,1.0,0.9830594,1.0,1.0,1.0,1.0,1.0,1.0,0.9999999,1.0,1.0,1.0,1.0,1.0,1.0,1.0,1.0,1.0,1.0,1.0,1.0,1.0,1.0,1.0,1.0
SRSF7_K562,0.9998867,0.99988997,0.99988556,0.99988705,0.9998872,0.9998881,0.99988765,0.99988747,0.9998887,0.9998895,0.99988824,0.9998892,0.99988717,0.99988663,0.99988556,0.99988586,0.9998135,0.9998885,0.99988836,0.9998868,0.99988717,0.9998887,0.99988836,0.9998883,0.827847,0.9999359,0.9998883,0.9998882,0.9998889,0.999887,0.9998865,0.99988806,0.99988854,0.9998876,0.9998891,0.99988985,0.9998879,0.9998877,0.9999081,0.99988765,0.99988836,0.9998887,0.9998881,0.99988645,0.9998879,0.9998874,0.9998866,0.999887,0.9998916,0.99988735,0.99988735,0.9998874,0.9998845,0.9998887,0.9998861,0.99988776,0.99988973,0.99988556,0.9998864,0.9998877,0.99988765,0.99988794,0.9998885,0.9998951,0.9998883,0.99988806,0.999887,0.99988663,0.99988836,0.9998874,0.9998875,0.999889,0.9998856,0.9998861,0.9998872,0.9998887,0.9999054,0.87665623,0.9998876,0.9998883,0.99988943,0.99988633,0.99988216,0.99988997,0.999889,0.99988943,0.9998851,0.9998882,0.99988705,0.9998907,0.99988306,0.99988776,0.9998877,0.99988836,0.9998873,0.99988186,0.9998863,0.999886,0.99988747,0.99988806,0.9999615,0.9984253,0.9893984,0.99988896,0.9998875,0.99988693,0.9998876,0.99988675,0.9998863,0.99988866,0.99988884,0.99988586,0.9998756,0.9998882,0.9998875,0.99988806,0.99988925,0.99988794,0.99988675,0.9998866,0.99988925,0.999888,0.9085869,0.99988854,0.9998898,0.9998836,0.9998885,0.99988735,0.99988663,0.9998874,0.99988765,0.99988896,0.99988836,0.999888,0.9998904,0.9998867,0.9998859,0.9998883,0.9998865,0.9998858,0.99988914,0.9998876,0.9998882,0.99988633,0.9998881,0.99988705,0.9998847,0.99988735,0.99988824,0.9998879,0.9998895,0.999887,0.9998869,0.99988675,0.9998876,0.99988735,0.9998973,0.9998885,0.99988806,0.9998878,0.999889,0.9998874,0.99988514,0.9998867,0.99988747,0.9998878,0.99988884,0.99988747,0.999887,0.99988896,0.99988794,0.99988794,1.0,0.99988896,0.99988765,0.99988973,0.6202807,0.9999905,0.99988514,0.9998872,0.999887,0.99988556,0.9998891,0.9998907,0.999888,0.99988854,0.99988794,0.9998883,0.99988776,0.9998941,0.9998871,0.9998886,0.9998882,0.99988824,0.99988717,0.99988806,0.99990153,0.9998884,0.9998862,0.98020583,0.999886,0.99988836,0.99988776,0.99988854,0.9998889,0.99988884,0.9998958,0.9998871,0.99988896,0.9998868,0.9998876,0.9998907,0.99988806,0.999887,0.9998875,0.9998875,0.9998885,0.99988794,0.99988633,0.9998887,0.9998882,0.999886,0.99988633
SRSF9_HepG2,1.0,1.0,1.0,1.0,1.0,1.0,1.0,1.0,1.0,1.0,1.0,1.0,1.0,1.0,1.0,1.0,0.9999903,1.0,1.0,1.0,1.0,1.0,1.0,1.0,0.8193966,0.9999936,1.0,1.0,1.0,1.0,1.0,1.0,1.0,1.0,1.0,1.0,1.0,1.0,0.9999991,1.0,1.0,1.0,1.0,1.0,1.0,1.0,1.0,1.0,1.0,1.0,1.0,1.0,0.99999994,1.0,1.0,1.0,1.0,1.0,1.0,1.0,1.0,1.0,1.0,0.99999994,1.0,1.0,1.0,1.0,1.0,1.0,1.0,1.0,1.0,1.0,1.0,1.0,0.99999934,0.8837278,1.0,1.0,1.0,1.0,0.9999999,1.0,1.0,1.0,0.99999994,1.0,1.0,1.0,0.99999994,1.0,1.0,1.0,1.0,0.9999999,1.0,1.0,1.0,1.0,0.9999813,0.99915034,0.9871246,1.0,1.0,1.0,1.0,1.0,1.0,1.0,1.0,1.0,0.99999964,1.0,1.0,1.0,1.0,1.0,1.0,1.0,1.0,1.0,0.90226215,1.0,1.0,0.99999994,1.0,1.0,1.0,1.0,1.0,1.0,1.0,1.0,1.0,1.0,1.0,1.0,1.0,1.0,1.0,1.0,1.0,1.0,1.0,1.0,0.99999994,1.0,1.0,1.0,1.0,1.0,1.0,1.0,1.0,1.0,0.9999998,1.0,1.0,1.0,1.0,1.0,0.99999994,1.0,1.0,1.0,1.0,1.0,1.0,1.0,1.0,1.0,0.99988896,1.0,1.0,1.0,0.6318995,0.99994445,0.99999994,1.0,1.0,1.0,1.0,1.0,1.0,1.0,1.0,1.0,1.0,0.99999994,1.0,1.0,1.0,1.0,1.0,1.0,0.99999964,1.0,1.0,0.983047,1.0,1.0,1.0,1.0,1.0,1.0,0.9999999,1.0,1.0,1.0,1.0,1.0,1.0,1.0,1.0,1.0,1.0,1.0,1.0,1.0,1.0,1.0,1.0
SSB_HepG2,1.0,1.0,1.0,1.0,1.0,1.0,1.0,1.0,1.0,1.0,1.0,1.0,1.0,1.0,1.0,1.0,0.99999064,1.0,1.0,1.0,1.0,1.0,1.0,1.0,0.81934637,0.99999326,1.0,1.0,1.0,1.0,1.0,1.0,1.0,1.0,1.0,1.0,1.0,1.0,0.999999,1.0,1.0,1.0,1.0,1.0,1.0,1.0,1.0,1.0,0.99999994,1.0,1.0,1.0,1.0,1.0,1.0,1.0,1.0,1.0,1.0,1.0,1.0,1.0,1.0,0.9999999,1.0,1.0,1.0,1.0,1.0,1.0,1.0,1.0,1.0,1.0,1.0,1.0,0.9999992,0.8837688,1.0,1.0,1.0,1.0,0.99999994,1.0,1.0,1.0,1.0,1.0,1.0,1.0,0.99999994,1.0,1.0,1.0,1.0,0.99999994,1.0,1.0,1.0,1.0,0.9999807,0.999154,0.9871106,1.0,1.0,1.0,1.0,1.0,1.0,1.0,1.0,1.0,0.9999997,1.0,1.0,1.0,1.0,1.0,1.0,1.0,1.0,1.0,0.90222436,1.0,1.0,0.99999994,1.0,1.0,1.0,1.0,1.0,1.0,1.0,1.0,1.0,1.0,1.0,1.0,1.0,1.0,1.0,1.0,1.0,1.0,1.0,1.0,1.0,1.0,1.0,1.0,1.0,1.0,1.0,1.0,1.0,1.0,0.99999976,1.0,1.0,1.0,1.0,1.0,1.0,1.0,1.0,1.0,1.0,1.0,1.0,1.0,1.0,1.0,0.99988765,1.0,1.0,1.0,0.63196737,0.9999435,1.0,1.0,1.0,1.0,1.0,1.0,1.0,1.0,1.0,1.0,1.0,0.9999999,1.0,1.0,1.0,1.0,1.0,1.0,0.9999995,1.0,1.0,0.9830631,1.0,1.0,1.0,1.0,1.0,1.0,0.9999998,1.0,1.0,1.0,1.0,1.0,1.0,1.0,1.0,1.0,1.0,1.0,1.0,1.0,1.0,1.0,1.0
SSB_K562,1.0,1.0,0.99999994,1.0,1.0,1.0,1.0,1.0,1.0,1.0,1.0,1.0,1.0,1.0,0.99999994,0.99999994,0.99999005,1.0,1.0,1.0,1.0,1.0,1.0,1.0,0.8194248,0.99999374,1.0,1.0,1.0,1.0,1.0,1.0,1.0,1.0,1.0,1.0,1.0,1.0,0.99999917,1.0,1.0,1.0,1.0,1.0,1.0,1.0,1.0,1.0,1.0,1.0,1.0,1.0,0.99999994,1.0,1.0,1.0,1.0,0.99999994,1.0,1.0,1.0,1.0,1.0,0.99999994,1.0,1.0,1.0,1.0,1.0,1.0,1.0,1.0,0.99999994,1.0,1.0,1.0,0.9999994,0.8837047,1.0,1.0,1.0,1.0,0.9999999,1.0,1.0,1.0,0.99999994,1.0,1.0,1.0,0.9999999,1.0,1.0,1.0,1.0,0.9999999,1.0,0.99999994,1.0,1.0,0.9999816,0.9991483,0.9871325,1.0,1.0,1.0,1.0,1.0,1.0,1.0,1.0,0.99999994,0.9999996,1.0,1.0,1.0,1.0,1.0,1.0,1.0,1.0,1.0,0.9022834,1.0,1.0,0.99999994,1.0,1.0,1.0,1.0,1.0,1.0,1.0,1.0,1.0,1.0,0.99999994,1.0,1.0,0.99999994,1.0,1.0,1.0,1.0,1.0,1.0,0.99999994,1.0,1.0,1.0,1.0,1.0,1.0,1.0,1.0,1.0,0.9999999,1.0,1.0,1.0,1.0,1.0,0.99999994,1.0,1.0,1.0,1.0,1.0,1.0,1.0,1.0,1.0,0.99988973,1.0,1.0,1.0,0.63186127,0.999945,0.99999994,1.0,1.0,0.99999994,1.0,1.0,1.0,1.0,1.0,1.0,1.0,0.99999994,1.0,1.0,1.0,1.0,1.0,1.0,0.99999964,1.0,1.0,0.983038,0.99999994,1.0,1.0,1.0,1.0,1.0,0.99999994,1.0,1.0,1.0,1.0,1.0,1.0,1.0,1.0,1.0,1.0,1.0,1.0,1.0,1.0,0.99999994,1.0
STAU2_HepG2,0.63201904,0.63184756,0.63207746,0.6319996,0.6319918,0.6319431,0.6319682,0.6319776,0.63191277,0.63187146,0.6319385,0.63188916,0.6319943,0.63202083,0.6320773,0.6320618,0.6353133,0.63192666,0.6319304,0.63201326,0.63199294,0.6319136,0.6319304,0.63193583,0.073496364,0.62912124,0.63193613,0.6319418,0.631905,0.632003,0.6320257,0.63194704,0.63192147,0.63197315,0.6318937,0.6318531,0.631955,0.63196415,0.6308572,0.6319674,0.6319321,0.6319118,0.6319441,0.6320316,0.63195664,0.6319803,0.632025,0.63200265,0.63176435,0.6319838,0.6319853,0.6319822,0.6321314,0.6319141,0.6320499,0.63196206,0.6318608,0.63207483,0.63203317,0.63196605,0.6319695,0.63195413,0.63192636,0.63157845,0.6319355,0.631948,0.63200355,0.63202125,0.63193053,0.63197976,0.6319745,0.63189846,0.6320722,0.6320492,0.63198954,0.63191336,0.63100946,0.9211517,0.6319722,0.63193583,0.63187504,0.63203585,0.6322502,0.6318473,0.6318963,0.6318749,0.63210064,0.631941,0.63199914,0.63180953,0.63220364,0.63196325,0.63196546,0.6319321,0.63198644,0.6322639,0.63203806,0.6320534,0.6319793,0.63194823,0.62714213,0.6633056,0.49979192,0.63190114,0.6319747,0.632007,0.63197315,0.63201416,0.63203853,0.6319163,0.6319068,0.6320594,0.63257575,0.63194203,0.6319759,0.63194835,0.631885,0.6319535,0.6320157,0.63202417,0.6318848,0.63195026,0.23594657,0.63192374,0.6318562,0.6321778,0.6319256,0.6319829,0.6320217,0.6319825,0.6319685,0.6319018,0.63193154,0.6319492,0.63182485,0.6320184,0.6320584,0.63193357,0.63202596,0.63206375,0.63189256,0.6319704,0.63193995,0.6320363,0.63194335,0.63199866,0.632119,0.63198394,0.6319388,0.6319563,0.631874,0.63200194,0.6320102,0.6320152,0.6319731,0.63198507,0.6314587,0.6319264,0.6319459,0.63195956,0.63189805,0.6319806,0.632097,0.63201946,0.6319785,0.6319607,0.6319071,0.6319773,0.6320029,0.63190114,0.63195187,0.63195187,0.6202807,0.6318995,0.63196737,0.63186127,1.0,0.62369436,0.6320972,0.63199115,0.63200265,0.63207525,0.63189495,0.63180995,0.6319506,0.6319211,0.63195467,0.63193524,0.63196194,0.6316296,0.631997,0.63192064,0.6319415,0.63193667,0.6319948,0.63194764,0.63122684,0.6319291,0.6320439,0.7632952,0.63205576,0.6319323,0.6319633,0.6319227,0.6319031,0.6319067,0.63154006,0.63199615,0.63189954,0.632011,0.63197315,0.63180935,0.63194716,0.6320022,0.63197523,0.63197565,0.63192457,0.63195276,0.6320357,0.6319122,0.6319405,0.6320538,0.63203686
SUB1_HepG2,0.9999428,0.99994516,0.999942,0.9999431,0.9999432,0.99994385,0.9999435,0.9999434,0.99994427,0.9999448,0.9999439,0.99994457,0.99994314,0.9999428,0.999942,0.9999422,0.9998882,0.9999441,0.99994403,0.9999429,0.99994314,0.99994427,0.99994403,0.999944,0.8253936,0.99997574,0.9999439,0.99994385,0.9999444,0.999943,0.9999427,0.9999438,0.99994415,0.99994344,0.9999445,0.99994504,0.9999437,0.99994355,0.9999577,0.9999435,0.999944,0.99994427,0.99994385,0.9999426,0.9999437,0.9999433,0.9999427,0.999943,0.99994624,0.9999433,0.99994326,0.9999433,0.99994123,0.99994427,0.99994236,0.9999436,0.999945,0.999942,0.9999426,0.99994355,0.9999435,0.9999437,0.9999441,0.99994874,0.999944,0.9999438,0.999943,0.9999428,0.99994403,0.9999433,0.99994344,0.99994445,0.99994206,0.99994236,0.9999432,0.99994427,0.9999559,0.8787454,0.99994344,0.999944,0.99994475,0.99994254,0.99993956,0.99994516,0.9999445,0.99994475,0.99994165,0.99994385,0.9999431,0.99994564,0.9999402,0.99994355,0.99994355,0.999944,0.99994326,0.9999394,0.99994254,0.9999423,0.9999434,0.9999438,0.9999902,0.9986604,0.9887559,0.9999444,0.99994344,0.99994296,0.99994344,0.99994284,0.99994254,0.9999442,0.9999443,0.99994224,0.99993485,0.99994385,0.9999434,0.9999438,0.9999446,0.9999437,0.99994284,0.9999427,0.9999446,0.99994373,0.9067573,0.9999441,0.99994504,0.9999406,0.9999441,0.9999433,0.9999428,0.9999433,0.9999435,0.9999444,0.99994403,0.99994373,0.99994546,0.99994284,0.99994224,0.999944,0.9999427,0.9999422,0.9999445,0.9999435,0.9999439,0.99994254,0.99994385,0.9999431,0.9999414,0.99994326,0.9999439,0.9999437,0.9999448,0.999943,0.9999429,0.99994284,0.99994344,0.99994326,0.9999503,0.9999441,0.9999438,0.9999436,0.99994445,0.9999433,0.9999417,0.9999428,0.9999434,0.9999436,0.9999443,0.9999434,0.999943,0.9999444,0.99994373,0.99994373,0.9999905,0.99994445,0.9999435,0.999945,0.62369436,1.0,0.9999417,0.9999432,0.999943,0.999942,0.9999445,0.99994564,0.99994373,0.99994415,0.9999437,0.999944,0.9999436,0.999948,0.9999431,0.99994415,0.99994385,0.9999439,0.99994314,0.9999438,0.9999532,0.99994403,0.9999425,0.9810597,0.9999423,0.999944,0.99994355,0.99994415,0.9999444,0.9999443,0.9999492,0.99994314,0.99994445,0.9999429,0.99994344,0.99994564,0.9999438,0.999943,0.9999434,0.9999434,0.9999441,0.99994373,0.99994254,0.99994427,0.99994385,0.9999423,0.99994254
SUGP2_HepG2,1.0,0.99999994,1.0,1.0,1.0,1.0,1.0,1.0,1.0,0.99999994,1.0,0.99999994,1.0,1.0,1.0,1.0,0.99999136,1.0,1.0,1.0,1.0,1.0,1.0,1.0,0.8192503,0.99999267,1.0,1.0,0.99999994,1.0,1.0,1.0,1.0,1.0,0.99999994,0.99999994,1.0,1.0,0.99999875,1.0,1.0,1.0,1.0,1.0,1.0,1.0,1.0,1.0,0.9999999,1.0,1.0,1.0,1.0,1.0,1.0,1.0,0.99999994,1.0,1.0,1.0,1.0,1.0,1.0,0.99999976,1.0,1.0,1.0,1.0,1.0,1.0,1.0,0.99999994,1.0,1.0,1.0,1.0,0.999999,0.8838472,1.0,1.0,0.99999994,1.0,1.0,0.99999994,0.99999994,0.99999994,1.0,1.0,1.0,0.99999994,1.0,1.0,1.0,1.0,1.0,1.0,1.0,1.0,1.0,1.0,0.9999797,0.9991608,0.9870838,0.99999994,1.0,1.0,1.0,1.0,1.0,1.0,0.99999994,1.0,0.9999998,1.0,1.0,1.0,0.99999994,1.0,1.0,1.0,0.99999994,1.0,0.9021521,1.0,0.99999994,1.0,1.0,1.0,1.0,1.0,1.0,0.99999994,1.0,1.0,0.99999994,1.0,1.0,1.0,1.0,1.0,0.99999994,1.0,1.0,1.0,1.0,1.0,1.0,1.0,1.0,1.0,0.99999994,1.0,1.0,1.0,1.0,1.0,0.99999964,1.0,1.0,1.0,0.99999994,1.0,1.0,1.0,1.0,1.0,0.99999994,1.0,1.0,0.99999994,1.0,1.0,0.99988514,0.99999994,1.0,0.99999994,0.6320972,0.9999417,1.0,1.0,1.0,1.0,0.99999994,0.99999994,1.0,1.0,1.0,1.0,1.0,0.9999998,1.0,1.0,1.0,1.0,1.0,1.0,0.99999934,1.0,1.0,0.9830938,1.0,1.0,1.0,1.0,0.99999994,0.99999994,0.99999976,1.0,0.99999994,1.0,1.0,0.99999994,1.0,1.0,1.0,1.0,1.0,1.0,1.0,1.0,1.0,1.0,1.0
SUPV3L1_HepG2,1.0,1.0,1.0,1.0,1.0,1.0,1.0,1.0,1.0,1.0,1.0,1.0,1.0,1.0,1.0,1.0,0.99999076,1.0,1.0,1.0,1.0,1.0,1.0,1.0,0.8193288,0.99999315,1.0,1.0,1.0,1.0,1.0,1.0,1.0,1.0,1.0,1.0,1.0,1.0,0.9999989,1.0,1.0,1.0,1.0,1.0,1.0,1.0,1.0,1.0,0.99999994,1.0,1.0,1.0,1.0,1.0,1.0,1.0,1.0,1.0,1.0,1.0,1.0,1.0,1.0,0.9999999,1.0,1.0,1.0,1.0,1.0,1.0,1.0,1.0,1.0,1.0,1.0,1.0,0.9999992,0.8837831,1.0,1.0,1.0,1.0,0.99999994,1.0,1.0,1.0,1.0,1.0,1.0,1.0,0.99999994,1.0,1.0,1.0,1.0,0.99999994,1.0,1.0,1.0,1.0,0.9999805,0.9991552,0.9871057,1.0,1.0,1.0,1.0,1.0,1.0,1.0,1.0,1.0,0.9999997,1.0,1.0,1.0,1.0,1.0,1.0,1.0,1.0,1.0,0.9022111,1.0,1.0,1.0,1.0,1.0,1.0,1.0,1.0,1.0,1.0,1.0,1.0,1.0,1.0,1.0,1.0,1.0,1.0,1.0,1.0,1.0,1.0,1.0,1.0,1.0,1.0,1.0,1.0,1.0,1.0,1.0,1.0,1.0,0.99999976,1.0,1.0,1.0,1.0,1.0,1.0,1.0,1.0,1.0,1.0,1.0,1.0,1.0,1.0,1.0,0.9998872,1.0,1.0,1.0,0.63199115,0.9999432,1.0,1.0,1.0,1.0,1.0,1.0,1.0,1.0,1.0,1.0,1.0,0.9999999,1.0,1.0,1.0,1.0,1.0,1.0,0.9999995,1.0,1.0,0.9830687,1.0,1.0,1.0,1.0,1.0,1.0,0.9999998,1.0,1.0,1.0,1.0,1.0,1.0,1.0,1.0,1.0,1.0,1.0,1.0,1.0,1.0,1.0,1.0
SUPV3L1_K562,1.0,1.0,1.0,1.0,1.0,1.0,1.0,1.0,1.0,1.0,1.0,1.0,1.0,1.0,1.0,1.0,0.9999908,1.0,1.0,1.0,1.0,1.0,1.0,1.0,0.81932026,0.9999931,1.0,1.0,1.0,1.0,1.0,1.0,1.0,1.0,1.0,1.0,1.0,1.0,0.9999989,1.0,1.0,1.0,1.0,1.0,1.0,1.0,1.0,1.0,0.99999994,1.0,1.0,1.0,1.0,1.0,1.0,1.0,1.0,1.0,1.0,1.0,1.0,1.0,1.0,0.9999998,1.0,1.0,1.0,1.0,1.0,1.0,1.0,1.0,1.0,1.0,1.0,1.0,0.99999917,0.8837901,1.0,1.0,1.0,1.0,0.99999994,1.0,1.0,1.0,1.0,1.0,1.0,0.99999994,0.99999994,1.0,1.0,1.0,1.0,0.99999994,1.0,1.0,1.0,1.0,0.99998045,0.9991558,0.98710334,1.0,1.0,1.0,1.0,1.0,1.0,1.0,1.0,1.0,0.9999997,1.0,1.0,1.0,1.0,1.0,1.0,1.0,1.0,1.0,0.9022047,1.0,1.0,1.0,1.0,1.0,1.0,1.0,1.0,1.0,1.0,1.0,1.0,1.0,1.0,1.0,1.0,1.0,1.0,1.0,1.0,1.0,1.0,1.0,1.0,1.0,1.0,1.0,1.0,1.0,1.0,1.0,1.0,1.0,0.99999976,1.0,1.0,1.0,1.0,1.0,1.0,1.0,1.0,1.0,1.0,1.0,1.0,1.0,1.0,1.0,0.999887,1.0,1.0,1.0,0.63200265,0.999943,1.0,1.0,1.0,1.0,1.0,0.99999994,1.0,1.0,1.0,1.0,1.0,0.9999999,1.0,1.0,1.0,1.0,1.0,1.0,0.9999995,1.0,1.0,0.98307145,1.0,1.0,1.0,1.0,1.0,1.0,0.9999998,1.0,1.0,1.0,1.0,0.99999994,1.0,1.0,1.0,1.0,1.0,1.0,1.0,1.0,1.0,1.0,1.0
TAF15_HepG2,1.0,0.99999994,1.0,1.0,1.0,1.0,1.0,1.0,1.0,0.99999994,1.0,1.0,1.0,1.0,1.0,1.0,0.99999124,1.0,1.0,1.0,1.0,1.0,1.0,1.0,0.81926656,0.9999927,1.0,1.0,1.0,1.0,1.0,1.0,1.0,1.0,1.0,0.99999994,1.0,1.0,0.99999875,1.0,1.0,1.0,1.0,1.0,1.0,1.0,1.0,1.0,0.99999994,1.0,1.0,1.0,1.0,1.0,1.0,1.0,0.99999994,1.0,1.0,1.0,1.0,1.0,1.0,0.9999998,1.0,1.0,1.0,1.0,1.0,1.0,1.0,1.0,1.0,1.0,1.0,1.0,0.99999905,0.8838339,1.0,1.0,0.99999994,1.0,1.0,0.99999994,1.0,0.99999994,1.0,1.0,1.0,0.99999994,1.0,1.0,1.0,1.0,1.0,1.0,1.0,1.0,1.0,1.0,0.99997985,0.99915963,0.9870883,1.0,1.0,1.0,1.0,1.0,1.0,1.0,1.0,1.0,0.99999976,1.0,1.0,1.0,0.99999994,1.0,1.0,1.0,0.99999994,1.0,0.90216434,1.0,0.99999994,1.0,1.0,1.0,1.0,1.0,1.0,1.0,1.0,1.0,0.99999994,1.0,1.0,1.0,1.0,1.0,1.0,1.0,1.0,1.0,1.0,1.0,1.0,1.0,1.0,1.0,0.99999994,1.0,1.0,1.0,1.0,1.0,0.9999997,1.0,1.0,1.0,1.0,1.0,1.0,1.0,1.0,1.0,1.0,1.0,1.0,1.0,1.0,1.0,0.99988556,1.0,1.0,0.99999994,0.63207525,0.999942,1.0,1.0,1.0,1.0,1.0,0.99999994,1.0,1.0,1.0,1.0,1.0,0.9999998,1.0,1.0,1.0,1.0,1.0,1.0,0.9999994,1.0,1.0,0.9830886,1.0,1.0,1.0,1.0,1.0,1.0,0.99999976,1.0,1.0,1.0,1.0,0.99999994,1.0,1.0,1.0,1.0,1.0,1.0,1.0,1.0,1.0,1.0,1.0
TAF15_K562,1.0,1.0,1.0,1.0,1.0,1.0,1.0,1.0,1.0,1.0,1.0,1.0,1.0,1.0,1.0,1.0,0.9999902,1.0,1.0,1.0,1.0,1.0,1.0,1.0,0.81939995,0.9999936,1.0,1.0,1.0,1.0,1.0,1.0,1.0,1.0,1.0,1.0,1.0,1.0,0.9999991,1.0,1.0,1.0,1.0,1.0,1.0,1.0,1.0,1.0,1.0,1.0,1.0,1.0,0.99999994,1.0,1.0,1.0,1.0,1.0,1.0,1.0,1.0,1.0,1.0,0.99999994,1.0,1.0,1.0,1.0,1.0,1.0,1.0,1.0,1.0,1.0,1.0,1.0,0.99999934,0.88372505,1.0,1.0,1.0,1.0,0.9999999,1.0,1.0,1.0,0.99999994,1.0,1.0,1.0,0.99999994,1.0,1.0,1.0,1.0,0.9999999,1.0,1.0,1.0,1.0,0.9999813,0.9991501,0.9871256,1.0,1.0,1.0,1.0,1.0,1.0,1.0,1.0,1.0,0.99999964,1.0,1.0,1.0,1.0,1.0,1.0,1.0,1.0,1.0,0.90226465,1.0,1.0,0.99999994,1.0,1.0,1.0,1.0,1.0,1.0,1.0,1.0,1.0,1.0,1.0,1.0,1.0,1.0,1.0,1.0,1.0,1.0,1.0,1.0,0.99999994,1.0,1.0,1.0,1.0,1.0,1.0,1.0,1.0,1.0,0.9999998,1.0,1.0,1.0,1.0,1.0,0.99999994,1.0,1.0,1.0,1.0,1.0,1.0,1.0,1.0,1.0,0.9998891,1.0,1.0,1.0,0.63189495,0.9999445,0.99999994,1.0,1.0,1.0,1.0,1.0,1.0,1.0,1.0,1.0,1.0,0.99999994,1.0,1.0,1.0,1.0,1.0,1.0,0.99999964,1.0,1.0,0.983046,1.0,1.0,1.0,1.0,1.0,1.0,0.9999999,1.0,1.0,1.0,1.0,1.0,1.0,1.0,1.0,1.0,1.0,1.0,1.0,1.0,1.0,1.0,1.0
TARDBP_K562,0.99999994,1.0,0.99999994,0.99999994,1.0,1.0,1.0,1.0,1.0,1.0,1.0,1.0,1.0,0.99999994,0.99999994,0.99999994,0.99998975,1.0,1.0,0.99999994,1.0,1.0,1.0,1.0,0.81946284,0.999994,1.0,1.0,1.0,0.99999994,0.99999994,1.0,1.0,1.0,1.0,1.0,1.0,1.0,0.9999992,1.0,1.0,1.0,1.0,0.99999994,1.0,1.0,0.99999994,0.99999994,1.0,1.0,1.0,1.0,0.99999994,1.0,0.99999994,1.0,1.0,0.99999994,0.99999994,1.0,1.0,1.0,1.0,0.99999994,1.0,1.0,0.99999994,0.99999994,1.0,1.0,1.0,1.0,0.99999994,0.99999994,1.0,1.0,0.99999946,0.8836737,1.0,1.0,1.0,0.99999994,0.9999998,1.0,1.0,1.0,0.99999994,1.0,0.99999994,1.0,0.9999999,1.0,1.0,1.0,1.0,0.9999998,0.99999994,0.99999994,1.0,1.0,0.99998194,0.99914557,0.9871431,1.0,1.0,0.99999994,1.0,0.99999994,0.99999994,1.0,1.0,0.99999994,0.9999995,1.0,1.0,1.0,1.0,1.0,0.99999994,0.99999994,1.0,1.0,0.902312,1.0,1.0,0.9999999,1.0,1.0,0.99999994,1.0,1.0,1.0,1.0,1.0,1.0,0.99999994,0.99999994,1.0,0.99999994,0.99999994,1.0,1.0,1.0,0.99999994,1.0,1.0,0.99999994,1.0,1.0,1.0,1.0,0.99999994,0.99999994,0.99999994,1.0,1.0,0.9999999,1.0,1.0,1.0,1.0,1.0,0.99999994,0.99999994,1.0,1.0,1.0,1.0,0.99999994,1.0,1.0,1.0,0.9998907,1.0,1.0,1.0,0.63180995,0.99994564,0.99999994,1.0,0.99999994,0.99999994,1.0,1.0,1.0,1.0,1.0,1.0,1.0,1.0,1.0,1.0,1.0,1.0,1.0,1.0,0.9999997,1.0,0.99999994,0.98302585,0.99999994,1.0,1.0,1.0,1.0,1.0,0.99999994,1.0,1.0,0.99999994,1.0,1.0,1.0,0.99999994,1.0,1.0,1.0,1.0,0.99999994,1.0,1.0,0.99999994,0.99999994
TBRG4_HepG2,1.0,1.0,1.0,1.0,1.0,1.0,1.0,1.0,1.0,1.0,1.0,1.0,1.0,1.0,1.0,1.0,0.9999906,1.0,1.0,1.0,1.0,1.0,1.0,1.0,0.81935877,0.9999934,1.0,1.0,1.0,1.0,1.0,1.0,1.0,1.0,1.0,1.0,1.0,1.0,0.999999,1.0,1.0,1.0,1.0,1.0,1.0,1.0,1.0,1.0,1.0,1.0,1.0,1.0,1.0,1.0,1.0,1.0,1.0,1.0,1.0,1.0,1.0,1.0,1.0,0.9999999,1.0,1.0,1.0,1.0,1.0,1.0,1.0,1.0,1.0,1.0,1.0,1.0,0.9999993,0.88375866,1.0,1.0,1.0,1.0,0.99999994,1.0,1.0,1.0,1.0,1.0,1.0,1.0,0.99999994,1.0,1.0,1.0,1.0,0.99999994,1.0,1.0,1.0,1.0,0.99998087,0.9991531,0.9871141,1.0,1.0,1.0,1.0,1.0,1.0,1.0,1.0,1.0,0.9999997,1.0,1.0,1.0,1.0,1.0,1.0,1.0,1.0,1.0,0.90223366,1.0,1.0,0.99999994,1.0,1.0,1.0,1.0,1.0,1.0,1.0,1.0,1.0,1.0,1.0,1.0,1.0,1.0,1.0,1.0,1.0,1.0,1.0,1.0,1.0,1.0,1.0,1.0,1.0,1.0,1.0,1.0,1.0,1.0,0.9999998,1.0,1.0,1.0,1.0,1.0,1.0,1.0,1.0,1.0,1.0,1.0,1.0,1.0,1.0,1.0,0.999888,1.0,1.0,1.0,0.6319506,0.99994373,1.0,1.0,1.0,1.0,1.0,1.0,1.0,1.0,1.0,1.0,1.0,0.99999994,1.0,1.0,1.0,1.0,1.0,1.0,0.9999996,1.0,1.0,0.98305917,1.0,1.0,1.0,1.0,1.0,1.0,0.9999999,1.0,1.0,1.0,1.0,1.0,1.0,1.0,1.0,1.0,1.0,1.0,1.0,1.0,1.0,1.0,1.0
TBRG4_K562,1.0,1.0,1.0,1.0,1.0,1.0,1.0,1.0,1.0,1.0,1.0,1.0,1.0,1.0,1.0,1.0,0.9999904,1.0,1.0,1.0,1.0,1.0,1.0,1.0,0.8193806,0.9999935,1.0,1.0,1.0,1.0,1.0,1.0,1.0,1.0,1.0,1.0,1.0,1.0,0.99999905,1.0,1.0,1.0,1.0,1.0,1.0,1.0,1.0,1.0,1.0,1.0,1.0,1.0,0.99999994,1.0,1.0,1.0,1.0,1.0,1.0,1.0,1.0,1.0,1.0,0.9999999,1.0,1.0,1.0,1.0,1.0,1.0,1.0,1.0,1.0,1.0,1.0,1.0,0.9999993,0.88374084,1.0,1.0,1.0,1.0,0.9999999,1.0,1.0,1.0,1.0,1.0,1.0,1.0,0.99999994,1.0,1.0,1.0,1.0,0.9999999,1.0,1.0,1.0,1.0,0.9999811,0.99915147,0.98712015,1.0,1.0,1.0,1.0,1.0,1.0,1.0,1.0,1.0,0.99999964,1.0,1.0,1.0,1.0,1.0,1.0,1.0,1.0,1.0,0.9022501,1.0,1.0,0.99999994,1.0,1.0,1.0,1.0,1.0,1.0,1.0,1.0,1.0,1.0,1.0,1.0,1.0,1.0,1.0,1.0,1.0,1.0,1.0,1.0,0.99999994,1.0,1.0,1.0,1.0,1.0,1.0,1.0,1.0,1.0,0.9999998,1.0,1.0,1.0,1.0,1.0,1.0,1.0,1.0,1.0,1.0,1.0,1.0,1.0,1.0,1.0,0.99988854,1.0,1.0,1.0,0.6319211,0.99994415,1.0,1.0,1.0,1.0,1.0,1.0,1.0,1.0,1.0,1.0,1.0,0.99999994,1.0,1.0,1.0,1.0,1.0,1.0,0.9999996,1.0,1.0,0.98305213,1.0,1.0,1.0,1.0,1.0,1.0,0.9999999,1.0,1.0,1.0,1.0,1.0,1.0,1.0,1.0,1.0,1.0,1.0,1.0,1.0,1.0,1.0,1.0
TIA1_HepG2,1.0,1.0,1.0,1.0,1.0,1.0,1.0,1.0,1.0,1.0,1.0,1.0,1.0,1.0,1.0,1.0,0.9999906,1.0,1.0,1.0,1.0,1.0,1.0,1.0,0.8193558,0.9999933,1.0,1.0,1.0,1.0,1.0,1.0,1.0,1.0,1.0,1.0,1.0,1.0,0.999999,1.0,1.0,1.0,1.0,1.0,1.0,1.0,1.0,1.0,0.99999994,1.0,1.0,1.0,1.0,1.0,1.0,1.0,1.0,1.0,1.0,1.0,1.0,1.0,1.0,0.9999999,1.0,1.0,1.0,1.0,1.0,1.0,1.0,1.0,1.0,1.0,1.0,1.0,0.9999993,0.8837611,1.0,1.0,1.0,1.0,0.99999994,1.0,1.0,1.0,1.0,1.0,1.0,1.0,0.99999994,1.0,1.0,1.0,1.0,0.99999994,1.0,1.0,1.0,1.0,0.9999808,0.99915326,0.98711324,1.0,1.0,1.0,1.0,1.0,1.0,1.0,1.0,1.0,0.9999997,1.0,1.0,1.0,1.0,1.0,1.0,1.0,1.0,1.0,0.90223145,1.0,1.0,0.99999994,1.0,1.0,1.0,1.0,1.0,1.0,1.0,1.0,1.0,1.0,1.0,1.0,1.0,1.0,1.0,1.0,1.0,1.0,1.0,1.0,1.0,1.0,1.0,1.0,1.0,1.0,1.0,1.0,1.0,1.0,0.9999998,1.0,1.0,1.0,1.0,1.0,1.0,1.0,1.0,1.0,1.0,1.0,1.0,1.0,1.0,1.0,0.99988794,1.0,1.0,1.0,0.63195467,0.9999437,1.0,1.0,1.0,1.0,1.0,1.0,1.0,1.0,1.0,1.0,1.0,0.99999994,1.0,1.0,1.0,1.0,1.0,1.0,0.9999996,1.0,1.0,0.9830601,1.0,1.0,1.0,1.0,1.0,1.0,0.9999999,1.0,1.0,1.0,1.0,1.0,1.0,1.0,1.0,1.0,1.0,1.0,1.0,1.0,1.0,1.0,1.0
TIA1_K562,1.0,1.0,1.0,1.0,1.0,1.0,1.0,1.0,1.0,1.0,1.0,1.0,1.0,1.0,1.0,1.0,0.99999046,1.0,1.0,1.0,1.0,1.0,1.0,1.0,0.81937015,0.99999344,1.0,1.0,1.0,1.0,1.0,1.0,1.0,1.0,1.0,1.0,1.0,1.0,0.99999905,1.0,1.0,1.0,1.0,1.0,1.0,1.0,1.0,1.0,1.0,1.0,1.0,1.0,0.99999994,1.0,1.0,1.0,1.0,1.0,1.0,1.0,1.0,1.0,1.0,0.9999999,1.0,1.0,1.0,1.0,1.0,1.0,1.0,1.0,1.0,1.0,1.0,1.0,0.9999993,0.8837494,1.0,1.0,1.0,1.0,0.99999994,1.0,1.0,1.0,1.0,1.0,1.0,1.0,0.99999994,1.0,1.0,1.0,1.0,0.9999999,1.0,1.0,1.0,1.0,0.999981,0.99915224,0.98711723,1.0,1.0,1.0,1.0,1.0,1.0,1.0,1.0,1.0,0.99999964,1.0,1.0,1.0,1.0,1.0,1.0,1.0,1.0,1.0,0.90224224,1.0,1.0,0.99999994,1.0,1.0,1.0,1.0,1.0,1.0,1.0,1.0,1.0,1.0,1.0,1.0,1.0,1.0,1.0,1.0,1.0,1.0,1.0,1.0,1.0,1.0,1.0,1.0,1.0,1.0,1.0,1.0,1.0,1.0,0.9999998,1.0,1.0,1.0,1.0,1.0,1.0,1.0,1.0,1.0,1.0,1.0,1.0,1.0,1.0,1.0,0.9998883,1.0,1.0,1.0,0.63193524,0.999944,1.0,1.0,1.0,1.0,1.0,1.0,1.0,1.0,1.0,1.0,1.0,0.99999994,1.0,1.0,1.0,1.0,1.0,1.0,0.9999996,1.0,1.0,0.98305553,1.0,1.0,1.0,1.0,1.0,1.0,0.9999999,1.0,1.0,1.0,1.0,1.0,1.0,1.0,1.0,1.0,1.0,1.0,1.0,1.0,1.0,1.0,1.0
TIAL1_HepG2,1.0,1.0,1.0,1.0,1.0,1.0,1.0,1.0,1.0,1.0,1.0,1.0,1.0,1.0,1.0,1.0,0.99999064,1.0,1.0,1.0,1.0,1.0,1.0,1.0,0.8193504,0.9999933,1.0,1.0,1.0,1.0,1.0,1.0,1.0,1.0,1.0,1.0,1.0,1.0,0.999999,1.0,1.0,1.0,1.0,1.0,1.0,1.0,1.0,1.0,0.99999994,1.0,1.0,1.0,1.0,1.0,1.0,1.0,1.0,1.0,1.0,1.0,1.0,1.0,1.0,0.9999999,1.0,1.0,1.0,1.0,1.0,1.0,1.0,1.0,1.0,1.0,1.0,1.0,0.9999992,0.8837655,1.0,1.0,1.0,1.0,0.99999994,1.0,1.0,1.0,1.0,1.0,1.0,1.0,0.99999994,1.0,1.0,1.0,1.0,0.99999994,1.0,1.0,1.0,1.0,0.99998075,0.9991537,0.98711175,1.0,1.0,1.0,1.0,1.0,1.0,1.0,1.0,1.0,0.9999997,1.0,1.0,1.0,1.0,1.0,1.0,1.0,1.0,1.0,0.9022274,1.0,1.0,0.99999994,1.0,1.0,1.0,1.0,1.0,1.0,1.0,1.0,1.0,1.0,1.0,1.0,1.0,1.0,1.0,1.0,1.0,1.0,1.0,1.0,1.0,1.0,1.0,1.0,1.0,1.0,1.0,1.0,1.0,1.0,0.99999976,1.0,1.0,1.0,1.0,1.0,1.0,1.0,1.0,1.0,1.0,1.0,1.0,1.0,1.0,1.0,0.99988776,1.0,1.0,1.0,0.63196194,0.9999436,1.0,1.0,1.0,1.0,1.0,1.0,1.0,1.0,1.0,1.0,1.0,0.9999999,1.0,1.0,1.0,1.0,1.0,1.0,0.9999995,1.0,1.0,0.9830618,1.0,1.0,1.0,1.0,1.0,1.0,0.9999999,1.0,1.0,1.0,1.0,1.0,1.0,1.0,1.0,1.0,1.0,1.0,1.0,1.0,1.0,1.0,1.0
TRA2A_HepG2,0.9999999,0.99999994,0.9999998,0.9999999,0.9999999,0.99999994,0.9999999,0.9999999,0.99999994,0.99999994,0.99999994,0.99999994,0.9999999,0.9999999,0.9999998,0.9999998,0.9999887,0.99999994,0.99999994,0.9999999,0.9999999,0.99999994,0.99999994,0.99999994,0.8195961,0.99999475,0.99999994,0.99999994,0.99999994,0.9999999,0.9999999,0.99999994,0.99999994,0.9999999,0.99999994,0.99999994,0.99999994,0.9999999,0.9999995,0.9999999,0.99999994,0.99999994,0.99999994,0.9999999,0.99999994,0.9999999,0.9999999,0.9999999,1.0,0.9999999,0.9999999,0.9999999,0.99999976,0.99999994,0.9999999,0.9999999,0.99999994,0.9999998,0.9999999,0.9999999,0.9999999,0.99999994,0.99999994,1.0,0.99999994,0.99999994,0.9999999,0.9999999,0.99999994,0.9999999,0.9999999,0.99999994,0.9999998,0.9999999,0.9999999,0.99999994,0.9999997,0.8835648,0.9999999,0.99999994,0.99999994,0.9999999,0.9999997,0.99999994,0.99999994,0.99999994,0.9999998,0.99999994,0.9999999,1.0,0.9999997,0.9999999,0.9999999,0.99999994,0.9999999,0.99999964,0.9999999,0.9999998,0.9999999,0.99999994,0.9999833,0.9991359,0.98718023,0.99999994,0.9999999,0.9999999,0.9999999,0.9999999,0.9999999,0.99999994,0.99999994,0.9999998,0.9999992,0.99999994,0.9999999,0.99999994,0.99999994,0.99999994,0.9999999,0.9999999,0.99999994,0.99999994,0.90241224,0.99999994,0.99999994,0.99999976,0.99999994,0.9999999,0.9999999,0.9999999,0.9999999,0.99999994,0.99999994,0.99999994,0.99999994,0.9999999,0.9999998,0.99999994,0.9999999,0.9999998,0.99999994,0.9999999,0.99999994,0.9999999,0.99999994,0.9999999,0.9999998,0.9999999,0.99999994,0.99999994,0.99999994,0.9999999,0.9999999,0.9999999,0.9999999,0.9999999,1.0,0.99999994,0.99999994,0.9999999,0.99999994,0.9999999,0.9999998,0.9999999,0.9999999,0.9999999,0.99999994,0.9999999,0.9999999,0.99999994,0.99999994,0.99999994,0.9998941,0.99999994,0.9999999,0.99999994,0.6316296,0.999948,0.9999998,0.9999999,0.9999999,0.9999998,0.99999994,1.0,0.99999994,0.99999994,0.99999994,0.99999994,0.9999999,1.0,0.9999999,0.99999994,0.99999994,0.99999994,0.9999999,0.99999994,0.9999999,0.99999994,0.9999999,0.9829832,0.9999998,0.99999994,0.9999999,0.99999994,0.99999994,0.99999994,1.0,0.9999999,0.99999994,0.9999999,0.9999999,1.0,0.99999994,0.9999999,0.9999999,0.9999999,0.99999994,0.99999994,0.9999999,0.99999994,0.99999994,0.9999998,0.9999999
TRA2A_K562,1.0,1.0,1.0,1.0,1.0,1.0,1.0,1.0,1.0,1.0,1.0,1.0,1.0,1.0,1.0,1.0,0.9999908,1.0,1.0,1.0,1.0,1.0,1.0,1.0,0.8193245,0.99999315,1.0,1.0,1.0,1.0,1.0,1.0,1.0,1.0,1.0,1.0,1.0,1.0,0.9999989,1.0,1.0,1.0,1.0,1.0,1.0,1.0,1.0,1.0,0.99999994,1.0,1.0,1.0,1.0,1.0,1.0,1.0,1.0,1.0,1.0,1.0,1.0,1.0,1.0,0.9999999,1.0,1.0,1.0,1.0,1.0,1.0,1.0,1.0,1.0,1.0,1.0,1.0,0.99999917,0.8837867,1.0,1.0,1.0,1.0,0.99999994,1.0,1.0,1.0,1.0,1.0,1.0,1.0,0.99999994,1.0,1.0,1.0,1.0,0.99999994,1.0,1.0,1.0,1.0,0.99998045,0.9991555,0.9871045,1.0,1.0,1.0,1.0,1.0,1.0,1.0,1.0,1.0,0.9999997,1.0,1.0,1.0,1.0,1.0,1.0,1.0,1.0,1.0,0.90220785,1.0,1.0,1.0,1.0,1.0,1.0,1.0,1.0,1.0,1.0,1.0,1.0,1.0,1.0,1.0,1.0,1.0,1.0,1.0,1.0,1.0,1.0,1.0,1.0,1.0,1.0,1.0,1.0,1.0,1.0,1.0,1.0,1.0,0.99999976,1.0,1.0,1.0,1.0,1.0,1.0,1.0,1.0,1.0,1.0,1.0,1.0,1.0,1.0,1.0,0.9998871,1.0,1.0,1.0,0.631997,0.9999431,1.0,1.0,1.0,1.0,1.0,1.0,1.0,1.0,1.0,1.0,1.0,0.9999999,1.0,1.0,1.0,1.0,1.0,1.0,0.9999995,1.0,1.0,0.9830701,1.0,1.0,1.0,1.0,1.0,1.0,0.9999998,1.0,1.0,1.0,1.0,1.0,1.0,1.0,1.0,1.0,1.0,1.0,1.0,1.0,1.0,1.0,1.0
TROVE2_HepG2,1.0,1.0,1.0,1.0,1.0,1.0,1.0,1.0,1.0,1.0,1.0,1.0,1.0,1.0,1.0,1.0,0.9999904,1.0,1.0,1.0,1.0,1.0,1.0,1.0,0.81938094,0.9999935,1.0,1.0,1.0,1.0,1.0,1.0,1.0,1.0,1.0,1.0,1.0,1.0,0.99999905,1.0,1.0,1.0,1.0,1.0,1.0,1.0,1.0,1.0,1.0,1.0,1.0,1.0,0.99999994,1.0,1.0,1.0,1.0,1.0,1.0,1.0,1.0,1.0,1.0,0.9999999,1.0,1.0,1.0,1.0,1.0,1.0,1.0,1.0,1.0,1.0,1.0,1.0,0.9999993,0.8837406,1.0,1.0,1.0,1.0,0.9999999,1.0,1.0,1.0,1.0,1.0,1.0,1.0,0.99999994,1.0,1.0,1.0,1.0,0.9999999,1.0,1.0,1.0,1.0,0.9999811,0.99915147,0.9871203,1.0,1.0,1.0,1.0,1.0,1.0,1.0,1.0,1.0,0.99999964,1.0,1.0,1.0,1.0,1.0,1.0,1.0,1.0,1.0,0.90225035,1.0,1.0,0.99999994,1.0,1.0,1.0,1.0,1.0,1.0,1.0,1.0,1.0,1.0,1.0,1.0,1.0,1.0,1.0,1.0,1.0,1.0,1.0,1.0,0.99999994,1.0,1.0,1.0,1.0,1.0,1.0,1.0,1.0,1.0,0.9999998,1.0,1.0,1.0,1.0,1.0,1.0,1.0,1.0,1.0,1.0,1.0,1.0,1.0,1.0,1.0,0.9998886,1.0,1.0,1.0,0.63192064,0.99994415,1.0,1.0,1.0,1.0,1.0,1.0,1.0,1.0,1.0,1.0,1.0,0.99999994,1.0,1.0,1.0,1.0,1.0,1.0,0.9999996,1.0,1.0,0.9830521,1.0,1.0,1.0,1.0,1.0,1.0,0.9999999,1.0,1.0,1.0,1.0,1.0,1.0,1.0,1.0,1.0,1.0,1.0,1.0,1.0,1.0,1.0,1.0
TROVE2_K562,1.0,1.0,1.0,1.0,1.0,1.0,1.0,1.0,1.0,1.0,1.0,1.0,1.0,1.0,1.0,1.0,0.9999905,1.0,1.0,1.0,1.0,1.0,1.0,1.0,0.8193655,0.9999934,1.0,1.0,1.0,1.0,1.0,1.0,1.0,1.0,1.0,1.0,1.0,1.0,0.99999905,1.0,1.0,1.0,1.0,1.0,1.0,1.0,1.0,1.0,1.0,1.0,1.0,1.0,0.99999994,1.0,1.0,1.0,1.0,1.0,1.0,1.0,1.0,1.0,1.0,0.9999999,1.0,1.0,1.0,1.0,1.0,1.0,1.0,1.0,1.0,1.0,1.0,1.0,0.9999993,0.8837532,1.0,1.0,1.0,1.0,0.99999994,1.0,1.0,1.0,1.0,1.0,1.0,1.0,0.99999994,1.0,1.0,1.0,1.0,0.99999994,1.0,1.0,1.0,1.0,0.9999809,0.9991526,0.987116,1.0,1.0,1.0,1.0,1.0,1.0,1.0,1.0,1.0,0.99999964,1.0,1.0,1.0,1.0,1.0,1.0,1.0,1.0,1.0,0.9022387,1.0,1.0,0.99999994,1.0,1.0,1.0,1.0,1.0,1.0,1.0,1.0,1.0,1.0,1.0,1.0,1.0,1.0,1.0,1.0,1.0,1.0,1.0,1.0,1.0,1.0,1.0,1.0,1.0,1.0,1.0,1.0,1.0,1.0,0.9999998,1.0,1.0,1.0,1.0,1.0,1.0,1.0,1.0,1.0,1.0,1.0,1.0,1.0,1.0,1.0,0.9998882,1.0,1.0,1.0,0.6319415,0.99994385,1.0,1.0,1.0,1.0,1.0,1.0,1.0,1.0,1.0,1.0,1.0,0.99999994,1.0,1.0,1.0,1.0,1.0,1.0,0.9999996,1.0,1.0,0.98305696,1.0,1.0,1.0,1.0,1.0,1.0,0.9999999,1.0,1.0,1.0,1.0,1.0,1.0,1.0,1.0,1.0,1.0,1.0,1.0,1.0,1.0,1.0,1.0
U2AF1_HepG2,1.0,1.0,1.0,1.0,1.0,1.0,1.0,1.0,1.0,1.0,1.0,1.0,1.0,1.0,1.0,1.0,0.99999046,1.0,1.0,1.0,1.0,1.0,1.0,1.0,0.8193691,0.99999344,1.0,1.0,1.0,1.0,1.0,1.0,1.0,1.0,1.0,1.0,1.0,1.0,0.99999905,1.0,1.0,1.0,1.0,1.0,1.0,1.0,1.0,1.0,1.0,1.0,1.0,1.0,0.99999994,1.0,1.0,1.0,1.0,1.0,1.0,1.0,1.0,1.0,1.0,0.9999999,1.0,1.0,1.0,1.0,1.0,1.0,1.0,1.0,1.0,1.0,1.0,1.0,0.9999993,0.88375026,1.0,1.0,1.0,1.0,0.99999994,1.0,1.0,1.0,1.0,1.0,1.0,1.0,0.99999994,1.0,1.0,1.0,1.0,0.99999994,1.0,1.0,1.0,1.0,0.999981,0.9991523,0.98711693,1.0,1.0,1.0,1.0,1.0,1.0,1.0,1.0,1.0,0.99999964,1.0,1.0,1.0,1.0,1.0,1.0,1.0,1.0,1.0,0.90224147,1.0,1.0,0.99999994,1.0,1.0,1.0,1.0,1.0,1.0,1.0,1.0,1.0,1.0,1.0,1.0,1.0,1.0,1.0,1.0,1.0,1.0,1.0,1.0,1.0,1.0,1.0,1.0,1.0,1.0,1.0,1.0,1.0,1.0,0.9999998,1.0,1.0,1.0,1.0,1.0,1.0,1.0,1.0,1.0,1.0,1.0,1.0,1.0,1.0,1.0,0.99988824,1.0,1.0,1.0,0.63193667,0.9999439,1.0,1.0,1.0,1.0,1.0,1.0,1.0,1.0,1.0,1.0,1.0,0.99999994,1.0,1.0,1.0,1.0,1.0,1.0,0.9999996,1.0,1.0,0.98305583,1.0,1.0,1.0,1.0,1.0,1.0,0.9999999,1.0,1.0,1.0,1.0,1.0,1.0,1.0,1.0,1.0,1.0,1.0,1.0,1.0,1.0,1.0,1.0
U2AF1_K562,1.0,1.0,1.0,1.0,1.0,1.0,1.0,1.0,1.0,1.0,1.0,1.0,1.0,1.0,1.0,1.0,0.9999908,1.0,1.0,1.0,1.0,1.0,1.0,1.0,0.8193261,0.99999315,1.0,1.0,1.0,1.0,1.0,1.0,1.0,1.0,1.0,1.0,1.0,1.0,0.9999989,1.0,1.0,1.0,1.0,1.0,1.0,1.0,1.0,1.0,0.99999994,1.0,1.0,1.0,1.0,1.0,1.0,1.0,1.0,1.0,1.0,1.0,1.0,1.0,1.0,0.9999999,1.0,1.0,1.0,1.0,1.0,1.0,1.0,1.0,1.0,1.0,1.0,1.0,0.99999917,0.8837853,1.0,1.0,1.0,1.0,0.99999994,1.0,1.0,1.0,1.0,1.0,1.0,1.0,0.99999994,1.0,1.0,1.0,1.0,0.99999994,1.0,1.0,1.0,1.0,0.9999805,0.9991554,0.98710495,1.0,1.0,1.0,1.0,1.0,1.0,1.0,1.0,1.0,0.9999997,1.0,1.0,1.0,1.0,1.0,1.0,1.0,1.0,1.0,0.90220916,1.0,1.0,1.0,1.0,1.0,1.0,1.0,1.0,1.0,1.0,1.0,1.0,1.0,1.0,1.0,1.0,1.0,1.0,1.0,1.0,1.0,1.0,1.0,1.0,1.0,1.0,1.0,1.0,1.0,1.0,1.0,1.0,1.0,0.99999976,1.0,1.0,1.0,1.0,1.0,1.0,1.0,1.0,1.0,1.0,1.0,1.0,1.0,1.0,1.0,0.99988717,1.0,1.0,1.0,0.6319948,0.99994314,1.0,1.0,1.0,1.0,1.0,1.0,1.0,1.0,1.0,1.0,1.0,0.9999999,1.0,1.0,1.0,1.0,1.0,1.0,0.9999995,1.0,1.0,0.9830696,1.0,1.0,1.0,1.0,1.0,1.0,0.9999998,1.0,1.0,1.0,1.0,1.0,1.0,1.0,1.0,1.0,1.0,1.0,1.0,1.0,1.0,1.0,1.0
U2AF2_HepG2,1.0,1.0,1.0,1.0,1.0,1.0,1.0,1.0,1.0,1.0,1.0,1.0,1.0,1.0,1.0,1.0,0.9999905,1.0,1.0,1.0,1.0,1.0,1.0,1.0,0.819361,0.9999934,1.0,1.0,1.0,1.0,1.0,1.0,1.0,1.0,1.0,1.0,1.0,1.0,0.999999,1.0,1.0,1.0,1.0,1.0,1.0,1.0,1.0,1.0,1.0,1.0,1.0,1.0,1.0,1.0,1.0,1.0,1.0,1.0,1.0,1.0,1.0,1.0,1.0,0.9999999,1.0,1.0,1.0,1.0,1.0,1.0,1.0,1.0,1.0,1.0,1.0,1.0,0.9999993,0.8837569,1.0,1.0,1.0,1.0,0.99999994,1.0,1.0,1.0,1.0,1.0,1.0,1.0,0.99999994,1.0,1.0,1.0,1.0,0.99999994,1.0,1.0,1.0,1.0,0.99998087,0.9991529,0.98711467,1.0,1.0,1.0,1.0,1.0,1.0,1.0,1.0,1.0,0.99999964,1.0,1.0,1.0,1.0,1.0,1.0,1.0,1.0,1.0,0.9022353,1.0,1.0,0.99999994,1.0,1.0,1.0,1.0,1.0,1.0,1.0,1.0,1.0,1.0,1.0,1.0,1.0,1.0,1.0,1.0,1.0,1.0,1.0,1.0,1.0,1.0,1.0,1.0,1.0,1.0,1.0,1.0,1.0,1.0,0.9999998,1.0,1.0,1.0,1.0,1.0,1.0,1.0,1.0,1.0,1.0,1.0,1.0,1.0,1.0,1.0,0.99988806,1.0,1.0,1.0,0.63194764,0.9999438,1.0,1.0,1.0,1.0,1.0,1.0,1.0,1.0,1.0,1.0,1.0,0.99999994,1.0,1.0,1.0,1.0,1.0,1.0,0.9999996,1.0,1.0,0.98305845,1.0,1.0,1.0,1.0,1.0,1.0,0.9999999,1.0,1.0,1.0,1.0,1.0,1.0,1.0,1.0,1.0,1.0,1.0,1.0,1.0,1.0,1.0,1.0
U2AF2_K562,0.99999946,0.9999997,0.9999994,0.9999995,0.9999995,0.9999996,0.9999995,0.9999995,0.9999996,0.99999964,0.9999996,0.99999964,0.9999995,0.99999946,0.9999994,0.9999994,0.99998605,0.9999996,0.9999996,0.99999946,0.9999995,0.9999996,0.9999996,0.9999996,0.8198936,0.9999963,0.9999996,0.9999996,0.99999964,0.9999995,0.99999946,0.9999996,0.9999996,0.9999995,0.99999964,0.9999997,0.9999996,0.9999995,0.9999999,0.9999995,0.9999996,0.9999996,0.9999996,0.99999946,0.9999996,0.9999995,0.99999946,0.9999995,0.99999976,0.9999995,0.9999995,0.9999995,0.99999934,0.9999996,0.99999946,0.9999995,0.99999964,0.9999994,0.99999946,0.9999995,0.9999995,0.9999996,0.9999996,0.9999999,0.9999996,0.9999996,0.9999995,0.99999946,0.9999996,0.9999995,0.9999995,0.99999964,0.9999994,0.99999946,0.9999995,0.9999996,0.99999994,0.88332146,0.9999995,0.9999996,0.99999964,0.99999946,0.9999991,0.9999997,0.99999964,0.99999964,0.99999934,0.9999996,0.9999995,0.9999997,0.9999992,0.9999995,0.9999995,0.9999996,0.9999995,0.9999991,0.99999946,0.9999994,0.9999995,0.9999996,0.9999862,0.9991142,0.987263,0.99999964,0.9999995,0.9999995,0.9999995,0.99999946,0.99999946,0.9999996,0.99999964,0.9999994,0.9999985,0.9999996,0.9999995,0.9999996,0.99999964,0.9999996,0.99999946,0.99999946,0.99999964,0.9999996,0.9026359,0.9999996,0.99999964,0.9999992,0.9999996,0.9999995,0.99999946,0.9999995,0.9999995,0.99999964,0.9999996,0.9999996,0.9999997,0.99999946,0.9999994,0.9999996,0.99999946,0.9999994,0.99999964,0.9999995,0.9999996,0.99999946,0.9999996,0.9999995,0.99999934,0.9999995,0.9999996,0.9999996,0.99999964,0.9999995,0.99999946,0.99999946,0.9999995,0.9999995,0.99999994,0.9999996,0.9999996,0.9999996,0.99999964,0.9999995,0.99999934,0.99999946,0.9999995,0.9999995,0.99999964,0.9999995,0.9999995,0.99999964,0.9999996,0.9999996,0.99990153,0.99999964,0.9999995,0.99999964,0.63122684,0.9999532,0.99999934,0.9999995,0.9999995,0.9999994,0.99999964,0.9999997,0.9999996,0.9999996,0.9999996,0.9999996,0.9999995,0.9999999,0.9999995,0.9999996,0.9999996,0.9999996,0.9999995,0.9999996,1.0,0.9999996,0.99999946,0.9828876,0.9999994,0.9999996,0.9999995,0.9999996,0.99999964,0.99999964,0.99999994,0.9999995,0.99999964,0.99999946,0.9999995,0.9999997,0.9999996,0.9999995,0.9999995,0.9999995,0.9999996,0.9999996,0.99999946,0.9999996,0.9999996,0.9999994,0.99999946
UCHL5_HepG2,1.0,1.0,1.0,1.0,1.0,1.0,1.0,1.0,1.0,1.0,1.0,1.0,1.0,1.0,1.0,1.0,0.9999904,1.0,1.0,1.0,1.0,1.0,1.0,1.0,0.8193747,0.99999344,1.0,1.0,1.0,1.0,1.0,1.0,1.0,1.0,1.0,1.0,1.0,1.0,0.99999905,1.0,1.0,1.0,1.0,1.0,1.0,1.0,1.0,1.0,1.0,1.0,1.0,1.0,0.99999994,1.0,1.0,1.0,1.0,1.0,1.0,1.0,1.0,1.0,1.0,0.9999999,1.0,1.0,1.0,1.0,1.0,1.0,1.0,1.0,1.0,1.0,1.0,1.0,0.9999993,0.8837457,1.0,1.0,1.0,1.0,0.99999994,1.0,1.0,1.0,1.0,1.0,1.0,1.0,0.99999994,1.0,1.0,1.0,1.0,0.9999999,1.0,1.0,1.0,1.0,0.99998105,0.9991519,0.98711854,1.0,1.0,1.0,1.0,1.0,1.0,1.0,1.0,1.0,0.99999964,1.0,1.0,1.0,1.0,1.0,1.0,1.0,1.0,1.0,0.90224564,1.0,1.0,0.99999994,1.0,1.0,1.0,1.0,1.0,1.0,1.0,1.0,1.0,1.0,1.0,1.0,1.0,1.0,1.0,1.0,1.0,1.0,1.0,1.0,0.99999994,1.0,1.0,1.0,1.0,1.0,1.0,1.0,1.0,1.0,0.9999998,1.0,1.0,1.0,1.0,1.0,1.0,1.0,1.0,1.0,1.0,1.0,1.0,1.0,1.0,1.0,0.9998884,1.0,1.0,1.0,0.6319291,0.99994403,1.0,1.0,1.0,1.0,1.0,1.0,1.0,1.0,1.0,1.0,1.0,0.99999994,1.0,1.0,1.0,1.0,1.0,1.0,0.9999996,1.0,1.0,0.98305404,1.0,1.0,1.0,1.0,1.0,1.0,0.9999999,1.0,1.0,1.0,1.0,1.0,1.0,1.0,1.0,1.0,1.0,1.0,1.0,1.0,1.0,1.0,1.0
UCHL5_K562,1.0,0.99999994,1.0,1.0,1.0,1.0,1.0,1.0,1.0,1.0,1.0,1.0,1.0,1.0,1.0,1.0,0.99999106,1.0,1.0,1.0,1.0,1.0,1.0,1.0,0.81928974,0.9999929,1.0,1.0,1.0,1.0,1.0,1.0,1.0,1.0,1.0,0.99999994,1.0,1.0,0.9999988,1.0,1.0,1.0,1.0,1.0,1.0,1.0,1.0,1.0,0.99999994,1.0,1.0,1.0,1.0,1.0,1.0,1.0,1.0,1.0,1.0,1.0,1.0,1.0,1.0,0.9999998,1.0,1.0,1.0,1.0,1.0,1.0,1.0,1.0,1.0,1.0,1.0,1.0,0.9999991,0.883815,1.0,1.0,1.0,1.0,0.99999994,0.99999994,1.0,1.0,1.0,1.0,1.0,0.99999994,1.0,1.0,1.0,1.0,1.0,0.99999994,1.0,1.0,1.0,1.0,0.9999801,0.999158,0.9870948,1.0,1.0,1.0,1.0,1.0,1.0,1.0,1.0,1.0,0.99999976,1.0,1.0,1.0,1.0,1.0,1.0,1.0,1.0,1.0,0.90218174,1.0,1.0,1.0,1.0,1.0,1.0,1.0,1.0,1.0,1.0,1.0,0.99999994,1.0,1.0,1.0,1.0,1.0,1.0,1.0,1.0,1.0,1.0,1.0,1.0,1.0,1.0,1.0,1.0,1.0,1.0,1.0,1.0,1.0,0.9999997,1.0,1.0,1.0,1.0,1.0,1.0,1.0,1.0,1.0,1.0,1.0,1.0,1.0,1.0,1.0,0.9998862,1.0,1.0,1.0,0.6320439,0.9999425,1.0,1.0,1.0,1.0,1.0,0.99999994,1.0,1.0,1.0,1.0,1.0,0.9999999,1.0,1.0,1.0,1.0,1.0,1.0,0.99999946,1.0,1.0,0.9830812,1.0,1.0,1.0,1.0,1.0,1.0,0.99999976,1.0,1.0,1.0,1.0,0.99999994,1.0,1.0,1.0,1.0,1.0,1.0,1.0,1.0,1.0,1.0,1.0
UPF1_HepG2,0.9830753,0.9830348,0.98308915,0.98307073,0.9830689,0.9830574,0.9830633,0.98306555,0.98305017,0.9830404,0.98305625,0.9830446,0.9830695,0.98307574,0.9830891,0.9830854,0.98384655,0.98305345,0.98305434,0.98307395,0.9830691,0.9830504,0.98305434,0.98305565,0.7004022,0.98238444,0.9830557,0.983057,0.9830484,0.9830715,0.9830769,0.9830583,0.98305225,0.9830645,0.9830457,0.9830361,0.9830602,0.9830623,0.9827997,0.9830631,0.98305476,0.98305,0.9830576,0.9830783,0.98306054,0.98306614,0.98307675,0.98307145,0.98301506,0.983067,0.98306733,0.9830666,0.98310184,0.9830505,0.9830826,0.98306185,0.9830379,0.9830885,0.98307866,0.9830628,0.98306364,0.98305994,0.9830534,0.982971,0.98305553,0.9830585,0.9830716,0.98307586,0.9830544,0.983066,0.9830648,0.98304677,0.9830879,0.9830825,0.98306835,0.98305035,0.98283595,0.9545557,0.98306423,0.98305565,0.9830413,0.98307925,0.9831299,0.9830347,0.9830463,0.9830412,0.9830946,0.98305684,0.9830706,0.9830258,0.98311895,0.98306215,0.9830626,0.98305476,0.98306763,0.9831332,0.9830798,0.9830834,0.9830659,0.9830586,0.981906,0.98976856,0.941062,0.9830474,0.98306483,0.98307246,0.9830645,0.9830742,0.9830799,0.983051,0.9830488,0.98308486,0.9832067,0.9830571,0.9830651,0.98305863,0.9830436,0.9830598,0.98307455,0.9830765,0.98304355,0.98305905,0.80790627,0.9830528,0.9830368,0.9831129,0.9830532,0.9830668,0.983076,0.9830667,0.98306334,0.9830476,0.98305464,0.9830588,0.98302937,0.98307514,0.9830846,0.9830551,0.98307693,0.9830859,0.9830454,0.9830638,0.9830566,0.9830794,0.98305744,0.9830705,0.9830989,0.98306704,0.98305637,0.9830605,0.98304105,0.98307127,0.98307323,0.9830744,0.9830645,0.9830673,0.98294264,0.98305345,0.98305804,0.98306125,0.9830467,0.9830662,0.98309374,0.98307544,0.9830657,0.98306155,0.98304886,0.9830654,0.9830715,0.9830474,0.98305947,0.9830594,0.98020583,0.983047,0.9830631,0.983038,0.7632952,0.9810597,0.9830938,0.9830687,0.98307145,0.9830886,0.983046,0.98302585,0.98305917,0.98305213,0.9830601,0.98305553,0.9830618,0.9829832,0.9830701,0.9830521,0.98305696,0.98305583,0.9830696,0.98305845,0.9828876,0.98305404,0.9830812,1.0,0.983084,0.9830548,0.98306215,0.98305255,0.9830479,0.98304874,0.98296195,0.9830699,0.98304707,0.9830734,0.9830645,0.9830257,0.98305833,0.9830713,0.98306495,0.98306507,0.98305297,0.98305964,0.98307925,0.98305005,0.9830567,0.98308355,0.98307955
UPF1_K562,1.0,0.99999994,1.0,1.0,1.0,1.0,1.0,1.0,1.0,1.0,1.0,1.0,1.0,1.0,1.0,1.0,0.9999911,1.0,1.0,1.0,1.0,1.0,1.0,1.0,0.819281,0.99999285,1.0,1.0,1.0,1.0,1.0,1.0,1.0,1.0,1.0,0.99999994,1.0,1.0,0.9999988,1.0,1.0,1.0,1.0,1.0,1.0,1.0,1.0,1.0,0.99999994,1.0,1.0,1.0,1.0,1.0,1.0,1.0,0.99999994,1.0,1.0,1.0,1.0,1.0,1.0,0.9999998,1.0,1.0,1.0,1.0,1.0,1.0,1.0,1.0,1.0,1.0,1.0,1.0,0.9999991,0.88382214,1.0,1.0,1.0,1.0,0.99999994,0.99999994,1.0,1.0,1.0,1.0,1.0,0.99999994,1.0,1.0,1.0,1.0,1.0,0.99999994,1.0,1.0,1.0,1.0,0.99998,0.9991586,0.9870924,1.0,1.0,1.0,1.0,1.0,1.0,1.0,1.0,1.0,0.99999976,1.0,1.0,1.0,1.0,1.0,1.0,1.0,1.0,1.0,0.9021752,1.0,0.99999994,1.0,1.0,1.0,1.0,1.0,1.0,1.0,1.0,1.0,0.99999994,1.0,1.0,1.0,1.0,1.0,1.0,1.0,1.0,1.0,1.0,1.0,1.0,1.0,1.0,1.0,1.0,1.0,1.0,1.0,1.0,1.0,0.9999997,1.0,1.0,1.0,1.0,1.0,1.0,1.0,1.0,1.0,1.0,1.0,1.0,1.0,1.0,1.0,0.999886,1.0,1.0,0.99999994,0.63205576,0.9999423,1.0,1.0,1.0,1.0,1.0,0.99999994,1.0,1.0,1.0,1.0,1.0,0.9999998,1.0,1.0,1.0,1.0,1.0,1.0,0.9999994,1.0,1.0,0.983084,1.0,1.0,1.0,1.0,1.0,1.0,0.99999976,1.0,1.0,1.0,1.0,0.99999994,1.0,1.0,1.0,1.0,1.0,1.0,1.0,1.0,1.0,1.0,1.0
UTP18_HepG2,1.0,1.0,1.0,1.0,1.0,1.0,1.0,1.0,1.0,1.0,1.0,1.0,1.0,1.0,1.0,1.0,0.99999046,1.0,1.0,1.0,1.0,1.0,1.0,1.0,0.8193723,0.99999344,1.0,1.0,1.0,1.0,1.0,1.0,1.0,1.0,1.0,1.0,1.0,1.0,0.99999905,1.0,1.0,1.0,1.0,1.0,1.0,1.0,1.0,1.0,1.0,1.0,1.0,1.0,0.99999994,1.0,1.0,1.0,1.0,1.0,1.0,1.0,1.0,1.0,1.0,0.9999999,1.0,1.0,1.0,1.0,1.0,1.0,1.0,1.0,1.0,1.0,1.0,1.0,0.9999993,0.88374764,1.0,1.0,1.0,1.0,0.99999994,1.0,1.0,1.0,1.0,1.0,1.0,1.0,0.99999994,1.0,1.0,1.0,1.0,0.9999999,1.0,1.0,1.0,1.0,0.999981,0.99915206,0.9871179,1.0,1.0,1.0,1.0,1.0,1.0,1.0,1.0,1.0,0.99999964,1.0,1.0,1.0,1.0,1.0,1.0,1.0,1.0,1.0,0.90224385,1.0,1.0,0.99999994,1.0,1.0,1.0,1.0,1.0,1.0,1.0,1.0,1.0,1.0,1.0,1.0,1.0,1.0,1.0,1.0,1.0,1.0,1.0,1.0,1.0,1.0,1.0,1.0,1.0,1.0,1.0,1.0,1.0,1.0,0.9999998,1.0,1.0,1.0,1.0,1.0,1.0,1.0,1.0,1.0,1.0,1.0,1.0,1.0,1.0,1.0,0.99988836,1.0,1.0,1.0,0.6319323,0.999944,1.0,1.0,1.0,1.0,1.0,1.0,1.0,1.0,1.0,1.0,1.0,0.99999994,1.0,1.0,1.0,1.0,1.0,1.0,0.9999996,1.0,1.0,0.9830548,1.0,1.0,1.0,1.0,1.0,1.0,0.9999999,1.0,1.0,1.0,1.0,1.0,1.0,1.0,1.0,1.0,1.0,1.0,1.0,1.0,1.0,1.0,1.0
UTP18_K562,1.0,1.0,1.0,1.0,1.0,1.0,1.0,1.0,1.0,1.0,1.0,1.0,1.0,1.0,1.0,1.0,0.99999064,1.0,1.0,1.0,1.0,1.0,1.0,1.0,0.8193494,0.9999933,1.0,1.0,1.0,1.0,1.0,1.0,1.0,1.0,1.0,1.0,1.0,1.0,0.999999,1.0,1.0,1.0,1.0,1.0,1.0,1.0,1.0,1.0,0.99999994,1.0,1.0,1.0,1.0,1.0,1.0,1.0,1.0,1.0,1.0,1.0,1.0,1.0,1.0,0.9999999,1.0,1.0,1.0,1.0,1.0,1.0,1.0,1.0,1.0,1.0,1.0,1.0,0.9999992,0.8837663,1.0,1.0,1.0,1.0,0.99999994,1.0,1.0,1.0,1.0,1.0,1.0,1.0,0.99999994,1.0,1.0,1.0,1.0,0.99999994,1.0,1.0,1.0,1.0,0.99998075,0.99915373,0.98711145,1.0,1.0,1.0,1.0,1.0,1.0,1.0,1.0,1.0,0.9999997,1.0,1.0,1.0,1.0,1.0,1.0,1.0,1.0,1.0,0.9022266,1.0,1.0,0.99999994,1.0,1.0,1.0,1.0,1.0,1.0,1.0,1.0,1.0,1.0,1.0,1.0,1.0,1.0,1.0,1.0,1.0,1.0,1.0,1.0,1.0,1.0,1.0,1.0,1.0,1.0,1.0,1.0,1.0,1.0,0.99999976,1.0,1.0,1.0,1.0,1.0,1.0,1.0,1.0,1.0,1.0,1.0,1.0,1.0,1.0,1.0,0.99988776,1.0,1.0,1.0,0.6319633,0.99994355,1.0,1.0,1.0,1.0,1.0,1.0,1.0,1.0,1.0,1.0,1.0,0.9999999,1.0,1.0,1.0,1.0,1.0,1.0,0.9999995,1.0,1.0,0.98306215,1.0,1.0,1.0,1.0,1.0,1.0,0.9999998,1.0,1.0,1.0,1.0,1.0,1.0,1.0,1.0,1.0,1.0,1.0,1.0,1.0,1.0,1.0,1.0
UTP3_K562,1.0,1.0,1.0,1.0,1.0,1.0,1.0,1.0,1.0,1.0,1.0,1.0,1.0,1.0,1.0,1.0,0.9999904,1.0,1.0,1.0,1.0,1.0,1.0,1.0,0.8193794,0.9999935,1.0,1.0,1.0,1.0,1.0,1.0,1.0,1.0,1.0,1.0,1.0,1.0,0.99999905,1.0,1.0,1.0,1.0,1.0,1.0,1.0,1.0,1.0,1.0,1.0,1.0,1.0,0.99999994,1.0,1.0,1.0,1.0,1.0,1.0,1.0,1.0,1.0,1.0,0.9999999,1.0,1.0,1.0,1.0,1.0,1.0,1.0,1.0,1.0,1.0,1.0,1.0,0.9999993,0.88374186,1.0,1.0,1.0,1.0,0.99999994,1.0,1.0,1.0,1.0,1.0,1.0,1.0,0.99999994,1.0,1.0,1.0,1.0,0.9999999,1.0,1.0,1.0,1.0,0.99998105,0.9991516,0.98711985,1.0,1.0,1.0,1.0,1.0,1.0,1.0,1.0,1.0,0.99999964,1.0,1.0,1.0,1.0,1.0,1.0,1.0,1.0,1.0,0.9022492,1.0,1.0,0.99999994,1.0,1.0,1.0,1.0,1.0,1.0,1.0,1.0,1.0,1.0,1.0,1.0,1.0,1.0,1.0,1.0,1.0,1.0,1.0,1.0,0.99999994,1.0,1.0,1.0,1.0,1.0,1.0,1.0,1.0,1.0,0.9999998,1.0,1.0,1.0,1.0,1.0,1.0,1.0,1.0,1.0,1.0,1.0,1.0,1.0,1.0,1.0,0.99988854,1.0,1.0,1.0,0.6319227,0.99994415,1.0,1.0,1.0,1.0,1.0,1.0,1.0,1.0,1.0,1.0,1.0,0.99999994,1.0,1.0,1.0,1.0,1.0,1.0,0.9999996,1.0,1.0,0.98305255,1.0,1.0,1.0,1.0,1.0,1.0,0.9999999,1.0,1.0,1.0,1.0,1.0,1.0,1.0,1.0,1.0,1.0,1.0,1.0,1.0,1.0,1.0,1.0
WDR3_K562,1.0,1.0,1.0,1.0,1.0,1.0,1.0,1.0,1.0,1.0,1.0,1.0,1.0,1.0,1.0,1.0,0.9999903,1.0,1.0,1.0,1.0,1.0,1.0,1.0,0.8193939,0.99999356,1.0,1.0,1.0,1.0,1.0,1.0,1.0,1.0,1.0,1.0,1.0,1.0,0.9999991,1.0,1.0,1.0,1.0,1.0,1.0,1.0,1.0,1.0,1.0,1.0,1.0,1.0,0.99999994,1.0,1.0,1.0,1.0,1.0,1.0,1.0,1.0,1.0,1.0,0.99999994,1.0,1.0,1.0,1.0,1.0,1.0,1.0,1.0,1.0,1.0,1.0,1.0,0.99999934,0.88373,1.0,1.0,1.0,1.0,0.9999999,1.0,1.0,1.0,0.99999994,1.0,1.0,1.0,0.99999994,1.0,1.0,1.0,1.0,0.9999999,1.0,1.0,1.0,1.0,0.9999812,0.9991505,0.9871239,1.0,1.0,1.0,1.0,1.0,1.0,1.0,1.0,1.0,0.99999964,1.0,1.0,1.0,1.0,1.0,1.0,1.0,1.0,1.0,0.9022601,1.0,1.0,0.99999994,1.0,1.0,1.0,1.0,1.0,1.0,1.0,1.0,1.0,1.0,1.0,1.0,1.0,1.0,1.0,1.0,1.0,1.0,1.0,1.0,0.99999994,1.0,1.0,1.0,1.0,1.0,1.0,1.0,1.0,1.0,0.9999998,1.0,1.0,1.0,1.0,1.0,0.99999994,1.0,1.0,1.0,1.0,1.0,1.0,1.0,1.0,1.0,0.9998889,1.0,1.0,1.0,0.6319031,0.9999444,0.99999994,1.0,1.0,1.0,1.0,1.0,1.0,1.0,1.0,1.0,1.0,0.99999994,1.0,1.0,1.0,1.0,1.0,1.0,0.99999964,1.0,1.0,0.9830479,1.0,1.0,1.0,1.0,1.0,1.0,0.9999999,1.0,1.0,1.0,1.0,1.0,1.0,1.0,1.0,1.0,1.0,1.0,1.0,1.0,1.0,1.0,1.0
WDR43_HepG2,1.0,1.0,1.0,1.0,1.0,1.0,1.0,1.0,1.0,1.0,1.0,1.0,1.0,1.0,1.0,1.0,0.9999903,1.0,1.0,1.0,1.0,1.0,1.0,1.0,0.81939125,0.99999356,1.0,1.0,1.0,1.0,1.0,1.0,1.0,1.0,1.0,1.0,1.0,1.0,0.9999991,1.0,1.0,1.0,1.0,1.0,1.0,1.0,1.0,1.0,1.0,1.0,1.0,1.0,0.99999994,1.0,1.0,1.0,1.0,1.0,1.0,1.0,1.0,1.0,1.0,0.9999999,1.0,1.0,1.0,1.0,1.0,1.0,1.0,1.0,1.0,1.0,1.0,1.0,0.99999934,0.8837322,1.0,1.0,1.0,1.0,0.9999999,1.0,1.0,1.0,0.99999994,1.0,1.0,1.0,0.99999994,1.0,1.0,1.0,1.0,0.9999999,1.0,1.0,1.0,1.0,0.9999812,0.9991507,0.98712313,1.0,1.0,1.0,1.0,1.0,1.0,1.0,1.0,1.0,0.99999964,1.0,1.0,1.0,1.0,1.0,1.0,1.0,1.0,1.0,0.9022581,1.0,1.0,0.99999994,1.0,1.0,1.0,1.0,1.0,1.0,1.0,1.0,1.0,1.0,1.0,1.0,1.0,1.0,1.0,1.0,1.0,1.0,1.0,1.0,0.99999994,1.0,1.0,1.0,1.0,1.0,1.0,1.0,1.0,1.0,0.9999998,1.0,1.0,1.0,1.0,1.0,0.99999994,1.0,1.0,1.0,1.0,1.0,1.0,1.0,1.0,1.0,0.99988884,1.0,1.0,1.0,0.6319067,0.9999443,0.99999994,1.0,1.0,1.0,1.0,1.0,1.0,1.0,1.0,1.0,1.0,0.99999994,1.0,1.0,1.0,1.0,1.0,1.0,0.99999964,1.0,1.0,0.98304874,1.0,1.0,1.0,1.0,1.0,1.0,0.9999999,1.0,1.0,1.0,1.0,1.0,1.0,1.0,1.0,1.0,1.0,1.0,1.0,1.0,1.0,1.0,1.0
WDR43_K562,0.9999998,0.99999994,0.99999976,0.9999998,0.9999998,0.9999999,0.9999998,0.9999998,0.9999999,0.9999999,0.9999999,0.9999999,0.9999998,0.9999998,0.99999976,0.99999976,0.99998814,0.9999999,0.9999999,0.9999998,0.9999998,0.9999999,0.9999999,0.9999999,0.8196623,0.9999952,0.9999999,0.9999999,0.9999999,0.9999998,0.9999998,0.9999999,0.9999999,0.9999998,0.9999999,0.99999994,0.9999999,0.9999998,0.9999996,0.9999998,0.9999999,0.9999999,0.9999999,0.9999998,0.9999999,0.9999998,0.9999998,0.9999998,0.99999994,0.9999998,0.9999998,0.9999998,0.9999997,0.9999999,0.99999976,0.9999999,0.99999994,0.99999976,0.9999998,0.9999998,0.9999998,0.9999999,0.9999999,1.0,0.9999999,0.9999999,0.9999998,0.9999998,0.9999999,0.9999998,0.9999998,0.9999999,0.99999976,0.99999976,0.9999998,0.9999999,0.99999976,0.8835107,0.9999998,0.9999999,0.9999999,0.9999998,0.9999996,0.99999994,0.9999999,0.9999999,0.99999976,0.9999999,0.9999998,0.99999994,0.99999964,0.9999998,0.9999998,0.9999999,0.9999998,0.9999996,0.9999998,0.99999976,0.9999998,0.9999999,0.99998397,0.99913114,0.9871987,0.9999999,0.9999998,0.9999998,0.9999998,0.9999998,0.9999998,0.9999999,0.9999999,0.99999976,0.9999991,0.9999999,0.9999998,0.9999999,0.9999999,0.9999999,0.9999998,0.9999998,0.9999999,0.9999999,0.90246195,0.9999999,0.99999994,0.99999964,0.9999999,0.9999998,0.9999998,0.9999998,0.9999998,0.9999999,0.9999999,0.9999999,0.99999994,0.9999998,0.99999976,0.9999999,0.9999998,0.99999976,0.9999999,0.9999998,0.9999999,0.9999998,0.9999999,0.9999998,0.9999997,0.9999998,0.9999999,0.9999999,0.9999999,0.9999998,0.9999998,0.9999998,0.9999998,0.9999998,1.0,0.9999999,0.9999999,0.9999999,0.9999999,0.9999998,0.99999976,0.9999998,0.9999998,0.9999999,0.9999999,0.9999998,0.9999998,0.9999999,0.9999999,0.9999999,0.9998958,0.9999999,0.9999998,0.99999994,0.63154006,0.9999492,0.99999976,0.9999998,0.9999998,0.99999976,0.9999999,0.99999994,0.9999999,0.9999999,0.9999999,0.9999999,0.9999999,1.0,0.9999998,0.9999999,0.9999999,0.9999999,0.9999998,0.9999999,0.99999994,0.9999999,0.99999976,0.98296195,0.99999976,0.9999999,0.9999998,0.9999999,0.9999999,0.9999999,1.0,0.9999998,0.9999999,0.9999998,0.9999998,0.99999994,0.9999999,0.9999998,0.9999998,0.9999998,0.9999999,0.9999999,0.9999998,0.9999999,0.9999999,0.99999976,0.9999998
WRN_K562,1.0,1.0,1.0,1.0,1.0,1.0,1.0,1.0,1.0,1.0,1.0,1.0,1.0,1.0,1.0,1.0,0.9999908,1.0,1.0,1.0,1.0,1.0,1.0,1.0,0.8193251,0.99999315,1.0,1.0,1.0,1.0,1.0,1.0,1.0,1.0,1.0,1.0,1.0,1.0,0.9999989,1.0,1.0,1.0,1.0,1.0,1.0,1.0,1.0,1.0,0.99999994,1.0,1.0,1.0,1.0,1.0,1.0,1.0,1.0,1.0,1.0,1.0,1.0,1.0,1.0,0.9999999,1.0,1.0,1.0,1.0,1.0,1.0,1.0,1.0,1.0,1.0,1.0,1.0,0.99999917,0.88378614,1.0,1.0,1.0,1.0,0.99999994,1.0,1.0,1.0,1.0,1.0,1.0,1.0,0.99999994,1.0,1.0,1.0,1.0,0.99999994,1.0,1.0,1.0,1.0,0.9999805,0.99915546,0.98710465,1.0,1.0,1.0,1.0,1.0,1.0,1.0,1.0,1.0,0.9999997,1.0,1.0,1.0,1.0,1.0,1.0,1.0,1.0,1.0,0.9022083,1.0,1.0,1.0,1.0,1.0,1.0,1.0,1.0,1.0,1.0,1.0,1.0,1.0,1.0,1.0,1.0,1.0,1.0,1.0,1.0,1.0,1.0,1.0,1.0,1.0,1.0,1.0,1.0,1.0,1.0,1.0,1.0,1.0,0.99999976,1.0,1.0,1.0,1.0,1.0,1.0,1.0,1.0,1.0,1.0,1.0,1.0,1.0,1.0,1.0,0.9998871,1.0,1.0,1.0,0.63199615,0.99994314,1.0,1.0,1.0,1.0,1.0,1.0,1.0,1.0,1.0,1.0,1.0,0.9999999,1.0,1.0,1.0,1.0,1.0,1.0,0.9999995,1.0,1.0,0.9830699,1.0,1.0,1.0,1.0,1.0,1.0,0.9999998,1.0,1.0,1.0,1.0,1.0,1.0,1.0,1.0,1.0,1.0,1.0,1.0,1.0,1.0,1.0,1.0
XPO5_HepG2,1.0,1.0,1.0,1.0,1.0,1.0,1.0,1.0,1.0,1.0,1.0,1.0,1.0,1.0,1.0,1.0,0.9999903,1.0,1.0,1.0,1.0,1.0,1.0,1.0,0.81939656,0.9999936,1.0,1.0,1.0,1.0,1.0,1.0,1.0,1.0,1.0,1.0,1.0,1.0,0.9999991,1.0,1.0,1.0,1.0,1.0,1.0,1.0,1.0,1.0,1.0,1.0,1.0,1.0,0.99999994,1.0,1.0,1.0,1.0,1.0,1.0,1.0,1.0,1.0,1.0,0.99999994,1.0,1.0,1.0,1.0,1.0,1.0,1.0,1.0,1.0,1.0,1.0,1.0,0.99999934,0.88372785,1.0,1.0,1.0,1.0,0.9999999,1.0,1.0,1.0,0.99999994,1.0,1.0,1.0,0.99999994,1.0,1.0,1.0,1.0,0.9999999,1.0,1.0,1.0,1.0,0.9999813,0.99915034,0.9871246,1.0,1.0,1.0,1.0,1.0,1.0,1.0,1.0,1.0,0.99999964,1.0,1.0,1.0,1.0,1.0,1.0,1.0,1.0,1.0,0.9022621,1.0,1.0,0.99999994,1.0,1.0,1.0,1.0,1.0,1.0,1.0,1.0,1.0,1.0,1.0,1.0,1.0,1.0,1.0,1.0,1.0,1.0,1.0,1.0,0.99999994,1.0,1.0,1.0,1.0,1.0,1.0,1.0,1.0,1.0,0.9999998,1.0,1.0,1.0,1.0,1.0,0.99999994,1.0,1.0,1.0,1.0,1.0,1.0,1.0,1.0,1.0,0.99988896,1.0,1.0,1.0,0.63189954,0.99994445,0.99999994,1.0,1.0,1.0,1.0,1.0,1.0,1.0,1.0,1.0,1.0,0.99999994,1.0,1.0,1.0,1.0,1.0,1.0,0.99999964,1.0,1.0,0.98304707,1.0,1.0,1.0,1.0,1.0,1.0,0.9999999,1.0,1.0,1.0,1.0,1.0,1.0,1.0,1.0,1.0,1.0,1.0,1.0,1.0,1.0,1.0,1.0
XRCC6_HepG2,1.0,1.0,1.0,1.0,1.0,1.0,1.0,1.0,1.0,1.0,1.0,1.0,1.0,1.0,1.0,1.0,0.9999909,1.0,1.0,1.0,1.0,1.0,1.0,1.0,0.81931406,0.9999931,1.0,1.0,1.0,1.0,1.0,1.0,1.0,1.0,1.0,1.0,1.0,1.0,0.99999887,1.0,1.0,1.0,1.0,1.0,1.0,1.0,1.0,1.0,0.99999994,1.0,1.0,1.0,1.0,1.0,1.0,1.0,1.0,1.0,1.0,1.0,1.0,1.0,1.0,0.9999998,1.0,1.0,1.0,1.0,1.0,1.0,1.0,1.0,1.0,1.0,1.0,1.0,0.99999917,0.88379514,1.0,1.0,1.0,1.0,0.99999994,1.0,1.0,1.0,1.0,1.0,1.0,0.99999994,0.99999994,1.0,1.0,1.0,1.0,0.99999994,1.0,1.0,1.0,1.0,0.9999804,0.99915624,0.9871016,1.0,1.0,1.0,1.0,1.0,1.0,1.0,1.0,1.0,0.99999976,1.0,1.0,1.0,1.0,1.0,1.0,1.0,1.0,1.0,0.90220004,1.0,1.0,1.0,1.0,1.0,1.0,1.0,1.0,1.0,1.0,1.0,1.0,1.0,1.0,1.0,1.0,1.0,1.0,1.0,1.0,1.0,1.0,1.0,1.0,1.0,1.0,1.0,1.0,1.0,1.0,1.0,1.0,1.0,0.99999976,1.0,1.0,1.0,1.0,1.0,1.0,1.0,1.0,1.0,1.0,1.0,1.0,1.0,1.0,1.0,0.9998868,1.0,1.0,1.0,0.632011,0.9999429,1.0,1.0,1.0,1.0,1.0,0.99999994,1.0,1.0,1.0,1.0,1.0,0.9999999,1.0,1.0,1.0,1.0,1.0,1.0,0.99999946,1.0,1.0,0.9830734,1.0,1.0,1.0,1.0,1.0,1.0,0.9999998,1.0,1.0,1.0,1.0,0.99999994,1.0,1.0,1.0,1.0,1.0,1.0,1.0,1.0,1.0,1.0,1.0
XRCC6_K562,1.0,1.0,1.0,1.0,1.0,1.0,1.0,1.0,1.0,1.0,1.0,1.0,1.0,1.0,1.0,1.0,0.9999907,1.0,1.0,1.0,1.0,1.0,1.0,1.0,0.8193421,0.99999326,1.0,1.0,1.0,1.0,1.0,1.0,1.0,1.0,1.0,1.0,1.0,1.0,0.999999,1.0,1.0,1.0,1.0,1.0,1.0,1.0,1.0,1.0,0.99999994,1.0,1.0,1.0,1.0,1.0,1.0,1.0,1.0,1.0,1.0,1.0,1.0,1.0,1.0,0.9999999,1.0,1.0,1.0,1.0,1.0,1.0,1.0,1.0,1.0,1.0,1.0,1.0,0.9999992,0.88377225,1.0,1.0,1.0,1.0,0.99999994,1.0,1.0,1.0,1.0,1.0,1.0,1.0,0.99999994,1.0,1.0,1.0,1.0,0.99999994,1.0,1.0,1.0,1.0,0.9999807,0.99915427,0.9871094,1.0,1.0,1.0,1.0,1.0,1.0,1.0,1.0,1.0,0.9999997,1.0,1.0,1.0,1.0,1.0,1.0,1.0,1.0,1.0,0.90222114,1.0,1.0,0.99999994,1.0,1.0,1.0,1.0,1.0,1.0,1.0,1.0,1.0,1.0,1.0,1.0,1.0,1.0,1.0,1.0,1.0,1.0,1.0,1.0,1.0,1.0,1.0,1.0,1.0,1.0,1.0,1.0,1.0,1.0,0.99999976,1.0,1.0,1.0,1.0,1.0,1.0,1.0,1.0,1.0,1.0,1.0,1.0,1.0,1.0,1.0,0.9998876,1.0,1.0,1.0,0.63197315,0.99994344,1.0,1.0,1.0,1.0,1.0,1.0,1.0,1.0,1.0,1.0,1.0,0.9999999,1.0,1.0,1.0,1.0,1.0,1.0,0.9999995,1.0,1.0,0.9830645,1.0,1.0,1.0,1.0,1.0,1.0,0.9999998,1.0,1.0,1.0,1.0,1.0,1.0,1.0,1.0,1.0,1.0,1.0,1.0,1.0,1.0,1.0,1.0
XRN2_HepG2,0.99999994,1.0,0.99999994,0.99999994,1.0,1.0,1.0,1.0,1.0,1.0,1.0,1.0,1.0,0.99999994,0.99999994,0.99999994,0.99998975,1.0,1.0,0.99999994,1.0,1.0,1.0,1.0,0.81946325,0.999994,1.0,1.0,1.0,0.99999994,0.99999994,1.0,1.0,1.0,1.0,1.0,1.0,1.0,0.9999992,1.0,1.0,1.0,1.0,0.99999994,1.0,1.0,0.99999994,0.99999994,1.0,1.0,1.0,1.0,0.99999994,1.0,0.99999994,1.0,1.0,0.99999994,0.99999994,1.0,1.0,1.0,1.0,0.99999994,1.0,1.0,0.99999994,0.99999994,1.0,1.0,1.0,1.0,0.99999994,0.99999994,1.0,1.0,0.99999946,0.88367337,1.0,1.0,1.0,0.99999994,0.9999998,1.0,1.0,1.0,0.99999994,1.0,0.99999994,1.0,0.9999999,1.0,1.0,1.0,1.0,0.9999998,0.99999994,0.99999994,1.0,1.0,0.99998194,0.99914557,0.9871432,1.0,1.0,0.99999994,1.0,0.99999994,0.99999994,1.0,1.0,0.99999994,0.9999995,1.0,1.0,1.0,1.0,1.0,0.99999994,0.99999994,1.0,1.0,0.9023123,1.0,1.0,0.9999999,1.0,1.0,0.99999994,1.0,1.0,1.0,1.0,1.0,1.0,0.99999994,0.99999994,1.0,0.99999994,0.99999994,1.0,1.0,1.0,0.99999994,1.0,0.99999994,0.99999994,1.0,1.0,1.0,1.0,0.99999994,0.99999994,0.99999994,1.0,1.0,0.9999999,1.0,1.0,1.0,1.0,1.0,0.99999994,0.99999994,1.0,1.0,1.0,1.0,0.99999994,1.0,1.0,1.0,0.9998907,1.0,1.0,1.0,0.63180935,0.99994564,0.99999994,1.0,0.99999994,0.99999994,1.0,1.0,1.0,1.0,1.0,1.0,1.0,1.0,1.0,1.0,1.0,1.0,1.0,1.0,0.9999997,1.0,0.99999994,0.9830257,0.99999994,1.0,1.0,1.0,1.0,1.0,0.99999994,1.0,1.0,0.99999994,1.0,1.0,1.0,0.99999994,1.0,1.0,1.0,1.0,0.99999994,1.0,1.0,0.99999994,0.99999994
XRN2_K562,1.0,1.0,1.0,1.0,1.0,1.0,1.0,1.0,1.0,1.0,1.0,1.0,1.0,1.0,1.0,1.0,0.9999905,1.0,1.0,1.0,1.0,1.0,1.0,1.0,0.8193613,0.9999934,1.0,1.0,1.0,1.0,1.0,1.0,1.0,1.0,1.0,1.0,1.0,1.0,0.999999,1.0,1.0,1.0,1.0,1.0,1.0,1.0,1.0,1.0,1.0,1.0,1.0,1.0,1.0,1.0,1.0,1.0,1.0,1.0,1.0,1.0,1.0,1.0,1.0,0.9999999,1.0,1.0,1.0,1.0,1.0,1.0,1.0,1.0,1.0,1.0,1.0,1.0,0.9999993,0.8837566,1.0,1.0,1.0,1.0,0.99999994,1.0,1.0,1.0,1.0,1.0,1.0,1.0,0.99999994,1.0,1.0,1.0,1.0,0.99999994,1.0,1.0,1.0,1.0,0.99998087,0.9991529,0.9871148,1.0,1.0,1.0,1.0,1.0,1.0,1.0,1.0,1.0,0.99999964,1.0,1.0,1.0,1.0,1.0,1.0,1.0,1.0,1.0,0.9022356,1.0,1.0,0.99999994,1.0,1.0,1.0,1.0,1.0,1.0,1.0,1.0,1.0,1.0,1.0,1.0,1.0,1.0,1.0,1.0,1.0,1.0,1.0,1.0,1.0,1.0,1.0,1.0,1.0,1.0,1.0,1.0,1.0,1.0,0.9999998,1.0,1.0,1.0,1.0,1.0,1.0,1.0,1.0,1.0,1.0,1.0,1.0,1.0,1.0,1.0,0.99988806,1.0,1.0,1.0,0.63194716,0.9999438,1.0,1.0,1.0,1.0,1.0,1.0,1.0,1.0,1.0,1.0,1.0,0.99999994,1.0,1.0,1.0,1.0,1.0,1.0,0.9999996,1.0,1.0,0.98305833,1.0,1.0,1.0,1.0,1.0,1.0,0.9999999,1.0,1.0,1.0,1.0,1.0,1.0,1.0,1.0,1.0,1.0,1.0,1.0,1.0,1.0,1.0,1.0
YBX3_HepG2,1.0,1.0,1.0,1.0,1.0,1.0,1.0,1.0,1.0,1.0,1.0,1.0,1.0,1.0,1.0,1.0,0.9999908,1.0,1.0,1.0,1.0,1.0,1.0,1.0,0.8193206,0.9999931,1.0,1.0,1.0,1.0,1.0,1.0,1.0,1.0,1.0,1.0,1.0,1.0,0.9999989,1.0,1.0,1.0,1.0,1.0,1.0,1.0,1.0,1.0,0.99999994,1.0,1.0,1.0,1.0,1.0,1.0,1.0,1.0,1.0,1.0,1.0,1.0,1.0,1.0,0.9999998,1.0,1.0,1.0,1.0,1.0,1.0,1.0,1.0,1.0,1.0,1.0,1.0,0.99999917,0.8837898,1.0,1.0,1.0,1.0,0.99999994,1.0,1.0,1.0,1.0,1.0,1.0,0.99999994,0.99999994,1.0,1.0,1.0,1.0,0.99999994,1.0,1.0,1.0,1.0,0.99998045,0.99915576,0.98710346,1.0,1.0,1.0,1.0,1.0,1.0,1.0,1.0,1.0,0.9999997,1.0,1.0,1.0,1.0,1.0,1.0,1.0,1.0,1.0,0.902205,1.0,1.0,1.0,1.0,1.0,1.0,1.0,1.0,1.0,1.0,1.0,1.0,1.0,1.0,1.0,1.0,1.0,1.0,1.0,1.0,1.0,1.0,1.0,1.0,1.0,1.0,1.0,1.0,1.0,1.0,1.0,1.0,1.0,0.99999976,1.0,1.0,1.0,1.0,1.0,1.0,1.0,1.0,1.0,1.0,1.0,1.0,1.0,1.0,1.0,0.999887,1.0,1.0,1.0,0.6320022,0.999943,1.0,1.0,1.0,1.0,1.0,0.99999994,1.0,1.0,1.0,1.0,1.0,0.9999999,1.0,1.0,1.0,1.0,1.0,1.0,0.9999995,1.0,1.0,0.9830713,1.0,1.0,1.0,1.0,1.0,1.0,0.9999998,1.0,1.0,1.0,1.0,0.99999994,1.0,1.0,1.0,1.0,1.0,1.0,1.0,1.0,1.0,1.0,1.0
YBX3_K562,1.0,1.0,1.0,1.0,1.0,1.0,1.0,1.0,1.0,1.0,1.0,1.0,1.0,1.0,1.0,1.0,0.9999907,1.0,1.0,1.0,1.0,1.0,1.0,1.0,0.8193406,0.99999326,1.0,1.0,1.0,1.0,1.0,1.0,1.0,1.0,1.0,1.0,1.0,1.0,0.999999,1.0,1.0,1.0,1.0,1.0,1.0,1.0,1.0,1.0,0.99999994,1.0,1.0,1.0,1.0,1.0,1.0,1.0,1.0,1.0,1.0,1.0,1.0,1.0,1.0,0.9999999,1.0,1.0,1.0,1.0,1.0,1.0,1.0,1.0,1.0,1.0,1.0,1.0,0.9999992,0.88377357,1.0,1.0,1.0,1.0,0.99999994,1.0,1.0,1.0,1.0,1.0,1.0,1.0,0.99999994,1.0,1.0,1.0,1.0,0.99999994,1.0,1.0,1.0,1.0,0.9999806,0.9991544,0.987109,1.0,1.0,1.0,1.0,1.0,1.0,1.0,1.0,1.0,0.9999997,1.0,1.0,1.0,1.0,1.0,1.0,1.0,1.0,1.0,0.90221995,1.0,1.0,0.99999994,1.0,1.0,1.0,1.0,1.0,1.0,1.0,1.0,1.0,1.0,1.0,1.0,1.0,1.0,1.0,1.0,1.0,1.0,1.0,1.0,1.0,1.0,1.0,1.0,1.0,1.0,1.0,1.0,1.0,1.0,0.99999976,1.0,1.0,1.0,1.0,1.0,1.0,1.0,1.0,1.0,1.0,1.0,1.0,1.0,1.0,1.0,0.9998875,1.0,1.0,1.0,0.63197523,0.9999434,1.0,1.0,1.0,1.0,1.0,1.0,1.0,1.0,1.0,1.0,1.0,0.9999999,1.0,1.0,1.0,1.0,1.0,1.0,0.9999995,1.0,1.0,0.98306495,1.0,1.0,1.0,1.0,1.0,1.0,0.9999998,1.0,1.0,1.0,1.0,1.0,1.0,1.0,1.0,1.0,1.0,1.0,1.0,1.0,1.0,1.0,1.0
YWHAG_K562,1.0,1.0,1.0,1.0,1.0,1.0,1.0,1.0,1.0,1.0,1.0,1.0,1.0,1.0,1.0,1.0,0.9999907,1.0,1.0,1.0,1.0,1.0,1.0,1.0,0.8193402,0.99999326,1.0,1.0,1.0,1.0,1.0,1.0,1.0,1.0,1.0,1.0,1.0,1.0,0.999999,1.0,1.0,1.0,1.0,1.0,1.0,1.0,1.0,1.0,0.99999994,1.0,1.0,1.0,1.0,1.0,1.0,1.0,1.0,1.0,1.0,1.0,1.0,1.0,1.0,0.9999999,1.0,1.0,1.0,1.0,1.0,1.0,1.0,1.0,1.0,1.0,1.0,1.0,0.9999992,0.8837738,1.0,1.0,1.0,1.0,0.99999994,1.0,1.0,1.0,1.0,1.0,1.0,1.0,0.99999994,1.0,1.0,1.0,1.0,0.99999994,1.0,1.0,1.0,1.0,0.9999806,0.9991544,0.9871089,1.0,1.0,1.0,1.0,1.0,1.0,1.0,1.0,1.0,0.9999997,1.0,1.0,1.0,1.0,1.0,1.0,1.0,1.0,1.0,0.9022197,1.0,1.0,0.99999994,1.0,1.0,1.0,1.0,1.0,1.0,1.0,1.0,1.0,1.0,1.0,1.0,1.0,1.0,1.0,1.0,1.0,1.0,1.0,1.0,1.0,1.0,1.0,1.0,1.0,1.0,1.0,1.0,1.0,1.0,0.99999976,1.0,1.0,1.0,1.0,1.0,1.0,1.0,1.0,1.0,1.0,1.0,1.0,1.0,1.0,1.0,0.9998875,1.0,1.0,1.0,0.63197565,0.9999434,1.0,1.0,1.0,1.0,1.0,1.0,1.0,1.0,1.0,1.0,1.0,0.9999999,1.0,1.0,1.0,1.0,1.0,1.0,0.9999995,1.0,1.0,0.98306507,1.0,1.0,1.0,1.0,1.0,1.0,0.9999998,1.0,1.0,1.0,1.0,1.0,1.0,1.0,1.0,1.0,1.0,1.0,1.0,1.0,1.0,1.0,1.0
ZC3H11A_HepG2,1.0,1.0,1.0,1.0,1.0,1.0,1.0,1.0,1.0,1.0,1.0,1.0,1.0,1.0,1.0,1.0,0.9999904,1.0,1.0,1.0,1.0,1.0,1.0,1.0,0.819378,0.9999935,1.0,1.0,1.0,1.0,1.0,1.0,1.0,1.0,1.0,1.0,1.0,1.0,0.99999905,1.0,1.0,1.0,1.0,1.0,1.0,1.0,1.0,1.0,1.0,1.0,1.0,1.0,0.99999994,1.0,1.0,1.0,1.0,1.0,1.0,1.0,1.0,1.0,1.0,0.9999999,1.0,1.0,1.0,1.0,1.0,1.0,1.0,1.0,1.0,1.0,1.0,1.0,0.9999993,0.883743,1.0,1.0,1.0,1.0,0.99999994,1.0,1.0,1.0,1.0,1.0,1.0,1.0,0.99999994,1.0,1.0,1.0,1.0,0.9999999,1.0,1.0,1.0,1.0,0.99998105,0.99915165,0.98711944,1.0,1.0,1.0,1.0,1.0,1.0,1.0,1.0,1.0,0.99999964,1.0,1.0,1.0,1.0,1.0,1.0,1.0,1.0,1.0,0.90224814,1.0,1.0,0.99999994,1.0,1.0,1.0,1.0,1.0,1.0,1.0,1.0,1.0,1.0,1.0,1.0,1.0,1.0,1.0,1.0,1.0,1.0,1.0,1.0,0.99999994,1.0,1.0,1.0,1.0,1.0,1.0,1.0,1.0,1.0,0.9999998,1.0,1.0,1.0,1.0,1.0,1.0,1.0,1.0,1.0,1.0,1.0,1.0,1.0,1.0,1.0,0.9998885,1.0,1.0,1.0,0.63192457,0.9999441,1.0,1.0,1.0,1.0,1.0,1.0,1.0,1.0,1.0,1.0,1.0,0.99999994,1.0,1.0,1.0,1.0,1.0,1.0,0.9999996,1.0,1.0,0.98305297,1.0,1.0,1.0,1.0,1.0,1.0,0.9999999,1.0,1.0,1.0,1.0,1.0,1.0,1.0,1.0,1.0,1.0,1.0,1.0,1.0,1.0,1.0,1.0
ZC3H11A_K562,1.0,1.0,1.0,1.0,1.0,1.0,1.0,1.0,1.0,1.0,1.0,1.0,1.0,1.0,1.0,1.0,0.9999906,1.0,1.0,1.0,1.0,1.0,1.0,1.0,0.81935716,0.9999933,1.0,1.0,1.0,1.0,1.0,1.0,1.0,1.0,1.0,1.0,1.0,1.0,0.999999,1.0,1.0,1.0,1.0,1.0,1.0,1.0,1.0,1.0,1.0,1.0,1.0,1.0,1.0,1.0,1.0,1.0,1.0,1.0,1.0,1.0,1.0,1.0,1.0,0.9999999,1.0,1.0,1.0,1.0,1.0,1.0,1.0,1.0,1.0,1.0,1.0,1.0,0.9999993,0.88376,1.0,1.0,1.0,1.0,0.99999994,1.0,1.0,1.0,1.0,1.0,1.0,1.0,0.99999994,1.0,1.0,1.0,1.0,0.99999994,1.0,1.0,1.0,1.0,0.9999808,0.9991532,0.98711365,1.0,1.0,1.0,1.0,1.0,1.0,1.0,1.0,1.0,0.9999997,1.0,1.0,1.0,1.0,1.0,1.0,1.0,1.0,1.0,0.90223247,1.0,1.0,0.99999994,1.0,1.0,1.0,1.0,1.0,1.0,1.0,1.0,1.0,1.0,1.0,1.0,1.0,1.0,1.0,1.0,1.0,1.0,1.0,1.0,1.0,1.0,1.0,1.0,1.0,1.0,1.0,1.0,1.0,1.0,0.9999998,1.0,1.0,1.0,1.0,1.0,1.0,1.0,1.0,1.0,1.0,1.0,1.0,1.0,1.0,1.0,0.99988794,1.0,1.0,1.0,0.63195276,0.99994373,1.0,1.0,1.0,1.0,1.0,1.0,1.0,1.0,1.0,1.0,1.0,0.99999994,1.0,1.0,1.0,1.0,1.0,1.0,0.9999996,1.0,1.0,0.98305964,1.0,1.0,1.0,1.0,1.0,1.0,0.9999999,1.0,1.0,1.0,1.0,1.0,1.0,1.0,1.0,1.0,1.0,1.0,1.0,1.0,1.0,1.0,1.0
ZC3H8_K562,1.0,1.0,1.0,1.0,1.0,1.0,1.0,1.0,1.0,1.0,1.0,1.0,1.0,1.0,1.0,1.0,0.999991,1.0,1.0,1.0,1.0,1.0,1.0,1.0,0.8192958,0.99999297,1.0,1.0,1.0,1.0,1.0,1.0,1.0,1.0,1.0,1.0,1.0,1.0,0.99999887,1.0,1.0,1.0,1.0,1.0,1.0,1.0,1.0,1.0,0.99999994,1.0,1.0,1.0,1.0,1.0,1.0,1.0,1.0,1.0,1.0,1.0,1.0,1.0,1.0,0.9999998,1.0,1.0,1.0,1.0,1.0,1.0,1.0,1.0,1.0,1.0,1.0,1.0,0.9999991,0.88381004,1.0,1.0,1.0,1.0,0.99999994,1.0,1.0,1.0,1.0,1.0,1.0,0.99999994,1.0,1.0,1.0,1.0,1.0,0.99999994,1.0,1.0,1.0,1.0,0.99998015,0.99915755,0.9870965,1.0,1.0,1.0,1.0,1.0,1.0,1.0,1.0,1.0,0.99999976,1.0,1.0,1.0,1.0,1.0,1.0,1.0,1.0,1.0,0.90218633,1.0,1.0,1.0,1.0,1.0,1.0,1.0,1.0,1.0,1.0,1.0,0.99999994,1.0,1.0,1.0,1.0,1.0,1.0,1.0,1.0,1.0,1.0,1.0,1.0,1.0,1.0,1.0,1.0,1.0,1.0,1.0,1.0,1.0,0.9999997,1.0,1.0,1.0,1.0,1.0,1.0,1.0,1.0,1.0,1.0,1.0,1.0,1.0,1.0,1.0,0.99988633,1.0,1.0,1.0,0.6320357,0.99994254,1.0,1.0,1.0,1.0,1.0,0.99999994,1.0,1.0,1.0,1.0,1.0,0.9999999,1.0,1.0,1.0,1.0,1.0,1.0,0.99999946,1.0,1.0,0.98307925,1.0,1.0,1.0,1.0,1.0,1.0,0.9999998,1.0,1.0,1.0,1.0,0.99999994,1.0,1.0,1.0,1.0,1.0,1.0,1.0,1.0,1.0,1.0,1.0
ZNF622_K562,1.0,1.0,1.0,1.0,1.0,1.0,1.0,1.0,1.0,1.0,1.0,1.0,1.0,1.0,1.0,1.0,0.99999034,1.0,1.0,1.0,1.0,1.0,1.0,1.0,0.8193872,0.99999356,1.0,1.0,1.0,1.0,1.0,1.0,1.0,1.0,1.0,1.0,1.0,1.0,0.99999905,1.0,1.0,1.0,1.0,1.0,1.0,1.0,1.0,1.0,1.0,1.0,1.0,1.0,0.99999994,1.0,1.0,1.0,1.0,1.0,1.0,1.0,1.0,1.0,1.0,0.9999999,1.0,1.0,1.0,1.0,1.0,1.0,1.0,1.0,1.0,1.0,1.0,1.0,0.99999934,0.8837355,1.0,1.0,1.0,1.0,0.9999999,1.0,1.0,1.0,1.0,1.0,1.0,1.0,0.99999994,1.0,1.0,1.0,1.0,0.9999999,1.0,1.0,1.0,1.0,0.99998116,0.999151,0.987122,1.0,1.0,1.0,1.0,1.0,1.0,1.0,1.0,1.0,0.99999964,1.0,1.0,1.0,1.0,1.0,1.0,1.0,1.0,1.0,0.90225506,1.0,1.0,0.99999994,1.0,1.0,1.0,1.0,1.0,1.0,1.0,1.0,1.0,1.0,1.0,1.0,1.0,1.0,1.0,1.0,1.0,1.0,1.0,1.0,0.99999994,1.0,1.0,1.0,1.0,1.0,1.0,1.0,1.0,1.0,0.9999998,1.0,1.0,1.0,1.0,1.0,1.0,1.0,1.0,1.0,1.0,1.0,1.0,1.0,1.0,1.0,0.9998887,1.0,1.0,1.0,0.6319122,0.99994427,1.0,1.0,1.0,1.0,1.0,1.0,1.0,1.0,1.0,1.0,1.0,0.99999994,1.0,1.0,1.0,1.0,1.0,1.0,0.9999996,1.0,1.0,0.98305005,1.0,1.0,1.0,1.0,1.0,1.0,0.9999999,1.0,1.0,1.0,1.0,1.0,1.0,1.0,1.0,1.0,1.0,1.0,1.0,1.0,1.0,1.0,1.0
ZNF800_HepG2,1.0,1.0,1.0,1.0,1.0,1.0,1.0,1.0,1.0,1.0,1.0,1.0,1.0,1.0,1.0,1.0,0.9999905,1.0,1.0,1.0,1.0,1.0,1.0,1.0,0.8193663,0.9999934,1.0,1.0,1.0,1.0,1.0,1.0,1.0,1.0,1.0,1.0,1.0,1.0,0.99999905,1.0,1.0,1.0,1.0,1.0,1.0,1.0,1.0,1.0,1.0,1.0,1.0,1.0,0.99999994,1.0,1.0,1.0,1.0,1.0,1.0,1.0,1.0,1.0,1.0,0.9999999,1.0,1.0,1.0,1.0,1.0,1.0,1.0,1.0,1.0,1.0,1.0,1.0,0.9999993,0.8837526,1.0,1.0,1.0,1.0,0.99999994,1.0,1.0,1.0,1.0,1.0,1.0,1.0,0.99999994,1.0,1.0,1.0,1.0,0.99999994,1.0,1.0,1.0,1.0,0.9999809,0.99915254,0.98711616,1.0,1.0,1.0,1.0,1.0,1.0,1.0,1.0,1.0,0.99999964,1.0,1.0,1.0,1.0,1.0,1.0,1.0,1.0,1.0,0.9022393,1.0,1.0,0.99999994,1.0,1.0,1.0,1.0,1.0,1.0,1.0,1.0,1.0,1.0,1.0,1.0,1.0,1.0,1.0,1.0,1.0,1.0,1.0,1.0,1.0,1.0,1.0,1.0,1.0,1.0,1.0,1.0,1.0,1.0,0.9999998,1.0,1.0,1.0,1.0,1.0,1.0,1.0,1.0,1.0,1.0,1.0,1.0,1.0,1.0,1.0,0.9998882,1.0,1.0,1.0,0.6319405,0.99994385,1.0,1.0,1.0,1.0,1.0,1.0,1.0,1.0,1.0,1.0,1.0,0.99999994,1.0,1.0,1.0,1.0,1.0,1.0,0.9999996,1.0,1.0,0.9830567,1.0,1.0,1.0,1.0,1.0,1.0,0.9999999,1.0,1.0,1.0,1.0,1.0,1.0,1.0,1.0,1.0,1.0,1.0,1.0,1.0,1.0,1.0,1.0
ZNF800_K562,1.0,0.99999994,1.0,1.0,1.0,1.0,1.0,1.0,1.0,1.0,1.0,1.0,1.0,1.0,1.0,1.0,0.9999911,1.0,1.0,1.0,1.0,1.0,1.0,1.0,0.8192824,0.99999285,1.0,1.0,1.0,1.0,1.0,1.0,1.0,1.0,1.0,0.99999994,1.0,1.0,0.9999988,1.0,1.0,1.0,1.0,1.0,1.0,1.0,1.0,1.0,0.99999994,1.0,1.0,1.0,1.0,1.0,1.0,1.0,0.99999994,1.0,1.0,1.0,1.0,1.0,1.0,0.9999998,1.0,1.0,1.0,1.0,1.0,1.0,1.0,1.0,1.0,1.0,1.0,1.0,0.9999991,0.88382095,1.0,1.0,1.0,1.0,0.99999994,0.99999994,1.0,1.0,1.0,1.0,1.0,0.99999994,1.0,1.0,1.0,1.0,1.0,0.99999994,1.0,1.0,1.0,1.0,0.99998003,0.9991585,0.98709273,1.0,1.0,1.0,1.0,1.0,1.0,1.0,1.0,1.0,0.99999976,1.0,1.0,1.0,1.0,1.0,1.0,1.0,1.0,1.0,0.90217626,1.0,0.99999994,1.0,1.0,1.0,1.0,1.0,1.0,1.0,1.0,1.0,0.99999994,1.0,1.0,1.0,1.0,1.0,1.0,1.0,1.0,1.0,1.0,1.0,1.0,1.0,1.0,1.0,1.0,1.0,1.0,1.0,1.0,1.0,0.9999997,1.0,1.0,1.0,1.0,1.0,1.0,1.0,1.0,1.0,1.0,1.0,1.0,1.0,1.0,1.0,0.999886,1.0,1.0,0.99999994,0.6320538,0.9999423,1.0,1.0,1.0,1.0,1.0,0.99999994,1.0,1.0,1.0,1.0,1.0,0.9999998,1.0,1.0,1.0,1.0,1.0,1.0,0.9999994,1.0,1.0,0.98308355,1.0,1.0,1.0,1.0,1.0,1.0,0.99999976,1.0,1.0,1.0,1.0,0.99999994,1.0,1.0,1.0,1.0,1.0,1.0,1.0,1.0,1.0,1.0,1.0
ZRANB2_K562,1.0,0.99999994,1.0,1.0,1.0,1.0,1.0,1.0,1.0,1.0,1.0,1.0,1.0,1.0,1.0,1.0,0.99999106,1.0,1.0,1.0,1.0,1.0,1.0,1.0,0.8192949,0.99999297,1.0,1.0,1.0,1.0,1.0,1.0,1.0,1.0,1.0,1.0,1.0,1.0,0.99999887,1.0,1.0,1.0,1.0,1.0,1.0,1.0,1.0,1.0,0.99999994,1.0,1.0,1.0,1.0,1.0,1.0,1.0,1.0,1.0,1.0,1.0,1.0,1.0,1.0,0.9999998,1.0,1.0,1.0,1.0,1.0,1.0,1.0,1.0,1.0,1.0,1.0,1.0,0.9999991,0.88381076,1.0,1.0,1.0,1.0,0.99999994,0.99999994,1.0,1.0,1.0,1.0,1.0,0.99999994,1.0,1.0,1.0,1.0,1.0,0.99999994,1.0,1.0,1.0,1.0,0.99998015,0.9991576,0.98709625,1.0,1.0,1.0,1.0,1.0,1.0,1.0,1.0,1.0,0.99999976,1.0,1.0,1.0,1.0,1.0,1.0,1.0,1.0,1.0,0.9021857,1.0,1.0,1.0,1.0,1.0,1.0,1.0,1.0,1.0,1.0,1.0,0.99999994,1.0,1.0,1.0,1.0,1.0,1.0,1.0,1.0,1.0,1.0,1.0,1.0,1.0,1.0,1.0,1.0,1.0,1.0,1.0,1.0,1.0,0.9999997,1.0,1.0,1.0,1.0,1.0,1.0,1.0,1.0,1.0,1.0,1.0,1.0,1.0,1.0,1.0,0.99988633,1.0,1.0,1.0,0.63203686,0.99994254,1.0,1.0,1.0,1.0,1.0,0.99999994,1.0,1.0,1.0,1.0,1.0,0.9999999,1.0,1.0,1.0,1.0,1.0,1.0,0.99999946,1.0,1.0,0.98307955,1.0,1.0,1.0,1.0,1.0,1.0,0.9999998,1.0,1.0,1.0,1.0,0.99999994,1.0,1.0,1.0,1.0,1.0,1.0,1.0,1.0,1.0,1.0,1.0
