sequence_index,pearson_r
0,0.3903144896030426
1,0.3410641849040985
2,0.6328697204589844
3,0.6106342077255249
4,0.17751440405845642
5,0.19888977706432343
6,0.6086854338645935
7,0.5694239139556885
8,0.5026571750640869
9,0.4021615982055664
10,0.27124518156051636
11,0.2177516669034958
12,0.6278011798858643
13,0.16220450401306152
14,0.3280174732208252
15,0.4648764729499817
16,0.7099012136459351
17,0.4090368151664734
18,0.5863760113716125
19,0.5497561097145081
20,0.5000381469726562
21,0.46340644359588623
22,0.3152877986431122
23,0.5770289301872253
24,0.0910576805472374
25,0.22557950019836426
26,0.5122724175453186
27,0.7351127862930298
28,0.5110402703285217
29,0.5834119319915771
30,0.20610831677913666
31,0.04795554280281067
32,0.28132203221321106
33,0.581584632396698
34,0.4032604992389679
35,0.2546038031578064
36,0.5520322322845459
37,0.12737534940242767
38,0.2932005226612091
39,0.694331169128418
40,0.5117837190628052
41,0.5599558353424072
42,0.3986143171787262
43,0.631611704826355
44,0.5954717993736267
45,0.47518447041511536
46,0.17636363208293915
47,0.19033248722553253
48,0.4977424144744873
49,0.17828358709812164
50,0.5619990229606628
51,0.42584890127182007
52,0.6117841005325317
53,0.2585482597351074
54,0.6175991892814636
55,0.7213274240493774
56,0.31049129366874695
57,0.358907014131546
58,0.4107564389705658
59,0.5644077658653259
60,0.4599136412143707
61,0.14502575993537903
62,0.3095266819000244
63,0.34281083941459656
64,0.5198973417282104
65,0.6002225875854492
66,0.45738670229911804
67,0.2769920229911804
68,0.4714456796646118
69,0.4324704706668854
70,0.42946672439575195
71,0.3527754247188568
72,0.44090408086776733
73,0.37810036540031433
74,0.46435660123825073
75,0.058359839022159576
76,0.6265730261802673
77,0.6074414849281311
78,0.5174152851104736
79,0.6331474781036377
80,0.5252312421798706
81,0.878304660320282
82,0.651763916015625
83,0.0732494667172432
84,0.7400234937667847
85,0.275939017534256
86,0.34834009408950806
87,0.548650860786438
88,0.5231545567512512
89,0.523749828338623
90,0.4643530249595642
91,0.3195383548736572
92,0.4743821918964386
93,0.3686802387237549
94,0.5797020196914673
95,0.6117832064628601
96,0.418088436126709
97,0.4259423315525055
98,0.4339173138141632
99,0.23678801953792572
100,0.48235347867012024
101,0.6220272183418274
102,0.24270793795585632
103,0.19238074123859406
104,0.4289507567882538
105,0.6358675956726074
106,0.24063047766685486
107,0.4928314685821533
108,0.40205472707748413
109,0.3403159976005554
110,0.2651073634624481
111,0.02505742572247982
112,0.4221789538860321
113,0.30518120527267456
114,0.45854461193084717
115,0.4247567057609558
116,0.057358015328645706
117,0.47356170415878296
118,0.5106346011161804
119,0.629618763923645
120,0.7034662365913391
121,0.4169235825538635
122,0.45041438937187195
123,0.4198869466781616
124,0.2307737022638321
125,0.4368338882923126
126,0.3416861891746521
127,0.6291488409042358
128,0.2428806573152542
129,0.530990481376648
130,0.5927431583404541
131,0.46120455861091614
132,0.44426801800727844
133,0.4007638692855835
134,0.6563193202018738
135,0.6012772917747498
136,0.2959757149219513
137,0.21478107571601868
138,0.2865644097328186
139,0.6927052140235901
140,0.394222229719162
141,0.4136441946029663
142,0.38119643926620483
143,0.6445379853248596
144,0.19955530762672424
145,0.4633231461048126
146,0.2148582935333252
147,0.5225024223327637
148,0.6135721802711487
149,0.5821167826652527
150,0.6772862076759338
151,0.5030280947685242
152,0.31483596563339233
153,-0.004010808188468218
154,0.3908107280731201
155,0.48025161027908325
156,0.5555227398872375
157,0.3283173441886902
158,0.6738298535346985
159,0.2484203428030014
160,0.6506419777870178
161,0.652803897857666
162,0.48528873920440674
163,0.715310275554657
164,0.4065926671028137
165,0.36402153968811035
166,0.18953654170036316
167,0.39199987053871155
168,0.16412676870822906
169,0.7094615697860718
170,0.5737330317497253
171,0.5494182705879211
172,0.5691858530044556
173,0.39168599247932434
174,0.3896445035934448
175,0.40233084559440613
176,0.5493900775909424
177,0.5602663159370422
178,0.4510088860988617
179,0.2816472351551056
180,0.394107848405838
181,0.6726182699203491
182,0.5031009912490845
183,0.5587975382804871
184,0.3932989239692688
185,0.6357588171958923
186,-0.0935358926653862
187,0.6920613050460815
188,0.3069402575492859
189,0.36807990074157715
190,0.44412755966186523
191,0.22162283957004547
192,0.5653491616249084
193,0.4963018596172333
194,0.5774885416030884
195,0.3994118869304657
196,0.4462100863456726
197,0.29162710905075073
198,0.6553439497947693
199,0.4652889370918274
200,0.530276894569397
201,0.378426730632782
202,0.7882015705108643
203,0.5634464621543884
204,0.16750667989253998
205,0.42155885696411133
206,0.40385863184928894
207,0.485156774520874
208,0.4990682303905487
209,0.5211751461029053
210,0.5419263243675232
211,0.66786789894104
212,0.3003346621990204
213,0.40855807065963745
214,0.2839168310165405
215,0.35034745931625366
216,0.20881840586662292
217,0.31552624702453613
218,0.0673905462026596
219,0.5460191965103149
220,0.6498404741287231
221,0.5641672015190125
222,0.6555554866790771
223,0.35171279311180115
224,0.7351523041725159
225,0.1405634582042694
226,0.308822900056839
227,0.4844582676887512
228,0.3859442174434662
229,0.3747318387031555
230,0.46645215153694153
231,0.597137451171875
232,0.2708294689655304
233,0.24891631305217743
234,0.1400979906320572
235,0.22275124490261078
236,0.5105520486831665
237,0.44227340817451477
238,0.4892808794975281
239,0.5362812876701355
240,0.6264910101890564
241,0.4117225706577301
242,0.28805577754974365
243,0.676740825176239
244,0.41450873017311096
245,0.5699951648712158
246,0.5024043917655945
247,0.5127017498016357
248,0.4548862874507904
249,0.6287140846252441
250,0.5073525905609131
251,0.3967938721179962
252,0.62416011095047
253,0.6732476949691772
254,0.3962397277355194
255,0.570728600025177
256,0.18394409120082855
257,0.4086967706680298
258,0.39112168550491333
259,0.6732906699180603
260,0.6175488829612732
261,0.4174841344356537
262,0.6523221135139465
263,0.41863277554512024
264,0.5383887887001038
265,0.6157119870185852
266,0.3117065131664276
267,0.3769809305667877
268,0.32782837748527527
269,0.2540082335472107
270,0.5810561180114746
271,0.5203128457069397
272,0.244575634598732
273,0.5415745377540588
274,0.2513819634914398
275,0.4246533215045929
276,0.42561787366867065
277,0.5392472743988037
278,0.5059236288070679
279,0.5206422805786133
280,0.5470085740089417
281,0.4019315540790558
282,0.32938605546951294
283,0.7805546522140503
284,0.5879141688346863
285,0.4041610360145569
286,0.528062641620636
287,0.42270612716674805
288,0.8215519189834595
289,0.2523743212223053
290,0.26269567012786865
291,0.3535834848880768
292,0.6736438274383545
293,0.37739259004592896
294,0.6629931926727295
295,0.6737918257713318
296,0.5791692733764648
297,0.19190232455730438
298,0.6746878027915955
299,0.5224364399909973
300,0.37773609161376953
301,0.47130703926086426
302,0.4638923108577728
303,0.4545668661594391
304,0.4800257086753845
305,0.7027036547660828
306,0.1976090967655182
307,0.5439696311950684
308,0.6604141592979431
309,0.4820418059825897
310,0.4279348850250244
311,0.6988561749458313
312,0.18844936788082123
313,0.3946188688278198
314,0.322440505027771
315,0.21644873917102814
316,0.8817890882492065
317,0.7145991325378418
318,0.4674904942512512
319,0.4600137174129486
320,0.7461526393890381
321,0.46888476610183716
322,0.3923318386077881
323,0.6490747332572937
324,0.25125133991241455
325,0.30119481682777405
326,0.39532431960105896
327,0.5168891549110413
328,0.3503716289997101
329,0.605634868144989
330,0.6685038805007935
331,0.371595561504364
332,0.7379396557807922
333,0.6467902064323425
334,0.13274843990802765
335,0.39749306440353394
336,0.3058192729949951
337,0.3185977339744568
338,0.5051498413085938
339,0.6044811606407166
340,0.4973137378692627
341,0.15294048190116882
342,0.3853725790977478
343,0.7596461772918701
344,0.6565138697624207
345,0.7058818340301514
346,0.33946970105171204
347,0.5449853539466858
348,0.4101810157299042
349,0.6012791395187378
350,0.3200545907020569
351,0.6689059138298035
352,0.34787195920944214
353,0.44445139169692993
354,0.4944770932197571
355,0.4625933766365051
356,0.4226486086845398
357,0.5469273328781128
358,0.2318846732378006
359,0.3727433383464813
360,0.7738139033317566
361,0.4434470236301422
362,0.3009645342826843
363,0.47620418667793274
364,0.32859179377555847
365,0.37154287099838257
366,0.32526713609695435
367,0.7399935126304626
368,0.5230998396873474
369,0.1410755217075348
370,0.6827731728553772
371,0.4784005582332611
372,0.09845855087041855
373,0.6261197328567505
374,0.608798623085022
375,0.4345472455024719
376,0.3287637531757355
377,0.4267273545265198
378,0.4243677854537964
379,0.48377564549446106
380,0.6583099961280823
381,0.2193542718887329
382,0.5140101313591003
383,0.15216194093227386
384,0.3265572488307953
385,0.3343702554702759
386,0.5256547331809998
387,0.7019339203834534
388,0.28237178921699524
389,0.4132281541824341
390,0.6089790463447571
391,0.4588572382926941
392,0.40796032547950745
393,0.17968955636024475
394,0.540572464466095
395,0.7446215748786926
396,0.046533603221178055
397,0.6884241104125977
398,0.5631559491157532
399,0.24623210728168488
400,0.4240003228187561
401,0.6243584752082825
402,0.42095568776130676
403,0.6602796912193298
404,0.3481355309486389
405,0.46979591250419617
406,0.670325756072998
407,0.5709648132324219
408,0.24080374836921692
409,0.3038184940814972
410,0.21416082978248596
411,0.4518541991710663
412,0.6124078631401062
413,0.12349691987037659
414,0.33948373794555664
415,0.5959747433662415
416,0.5670015215873718
417,0.609889566898346
418,0.06570953130722046
419,0.7838007211685181
420,0.5378504991531372
421,0.2446916401386261
422,0.7262604832649231
423,0.30851733684539795
424,0.5866882801055908
425,0.6642511487007141
426,0.3668406009674072
427,0.32718148827552795
428,0.5852633118629456
429,0.464123010635376
430,0.08319790661334991
431,0.4040251672267914
432,0.5510814189910889
433,0.40999436378479004
434,0.25900059938430786
435,0.5575199127197266
436,0.3590271770954132
437,0.5480574369430542
438,0.2132023274898529
439,0.7021713256835938
440,0.3931999206542969
441,0.3338194489479065
442,0.2970190942287445
443,0.6629149317741394
444,0.59295654296875
445,0.4598006308078766
446,0.5206509232521057
447,0.26450496912002563
448,0.332240492105484
449,0.5156673192977905
450,0.5130035281181335
451,0.5292539596557617
452,0.7393494844436646
453,0.7062323689460754
454,0.43137359619140625
455,0.2652397155761719
456,0.5193732380867004
457,0.7769445180892944
458,0.4101124107837677
459,0.5568429231643677
460,0.3997843861579895
461,0.35857701301574707
462,0.32460907101631165
463,0.4813677668571472
464,0.4265422523021698
465,0.5694453716278076
466,0.6744790077209473
467,0.4254698157310486
468,0.372803658246994
469,0.561215877532959
470,0.21045976877212524
471,0.6117303371429443
472,0.6296048760414124
473,0.4381786584854126
474,0.2311183661222458
475,0.6940682530403137
476,0.4004070460796356
477,0.23678384721279144
478,0.39362743496894836
479,0.34864136576652527
480,0.6439501643180847
481,0.7058554291725159
482,0.4436604976654053
483,0.3175503611564636
484,0.5780378580093384
485,0.3256354331970215
486,0.3085154891014099
487,0.4384756088256836
488,0.37183377146720886
489,0.37156686186790466
490,0.4786362946033478
491,0.5860518217086792
492,0.6318652629852295
493,0.5171506404876709
494,0.5455561876296997
495,0.5661221146583557
496,0.15581105649471283
497,0.47293052077293396
498,0.2659609913825989
499,0.6281698346138
500,0.41272300481796265
501,0.5638412833213806
502,0.34450778365135193
503,0.7196832895278931
504,0.7070584297180176
505,0.61497962474823
506,0.6670802235603333
507,0.38050252199172974
508,0.42121851444244385
509,0.4715202748775482
510,0.1350778490304947
511,0.28910720348358154
512,0.2470298707485199
513,0.5161446928977966
514,0.14424780011177063
515,0.5481212735176086
516,0.6720972657203674
517,0.2806890308856964
518,0.1736173927783966
519,0.5098898410797119
520,0.3192879855632782
521,0.4581640660762787
522,0.41533973813056946
523,0.5058013796806335
524,0.4957336485385895
525,0.4200623333454132
526,0.13223744928836823
527,0.30568811297416687
528,0.28956517577171326
529,0.21139873564243317
530,0.4214065372943878
531,0.3450152277946472
532,0.40489599108695984
533,0.4040526747703552
534,0.3254030644893646
535,0.5923065543174744
536,0.6337877511978149
537,0.43437251448631287
538,0.5075085163116455
539,0.6320687532424927
540,0.6068446636199951
541,0.6429204940795898
542,0.39450153708457947
543,0.2839706242084503
544,0.3826025724411011
545,0.3580862581729889
546,0.32770639657974243
547,0.5237855315208435
548,0.21841004490852356
549,0.480886310338974
550,0.4593389630317688
551,0.3738825023174286
552,0.5014551877975464
553,0.3072628974914551
554,0.20537374913692474
555,0.5728322863578796
556,0.35509833693504333
557,0.449057012796402
558,0.6680246591567993
559,0.5631754398345947
560,0.2265024334192276
561,0.23871980607509613
562,0.599381685256958
563,0.21765317022800446
564,0.47521543502807617
565,0.40688836574554443
566,0.6448290348052979
567,0.37540388107299805
568,0.4086271822452545
569,0.33807605504989624
570,0.3873361051082611
571,0.4981316328048706
572,0.686917781829834
573,0.6075369119644165
574,0.5631272792816162
575,0.44155600666999817
576,0.2500769793987274
577,0.1724749207496643
578,0.5614412426948547
579,0.5233314633369446
580,0.26176726818084717
581,0.5718472599983215
582,0.6485762596130371
583,0.4067504405975342
584,0.542540431022644
585,0.5491682291030884
586,0.6138948798179626
587,0.16582274436950684
588,0.4038366675376892
589,0.6756505966186523
590,0.37589624524116516
591,0.46272242069244385
592,0.4490925967693329
593,0.48135581612586975
594,0.798275351524353
595,0.5759491920471191
596,0.33557337522506714
597,0.6910374164581299
598,0.4473362863063812
599,0.22598011791706085
600,0.43595969676971436
601,-0.025355421006679535
602,0.44417300820350647
603,0.7952432632446289
604,0.534335732460022
605,0.5914756655693054
606,0.43009862303733826
607,0.6276658773422241
608,0.4530235230922699
609,0.5330369472503662
610,0.33154577016830444
611,0.4425993859767914
612,0.46970170736312866
613,0.5643645524978638
614,0.7166935801506042
615,0.2908840477466583
616,0.4208713173866272
617,0.1960402876138687
618,0.47791531682014465
619,0.12788961827754974
620,0.38483521342277527
621,0.48123711347579956
622,0.5598958134651184
623,0.5571694374084473
624,0.41270121932029724
625,0.3177765905857086
626,0.5928183197975159
627,0.41216617822647095
628,0.43698006868362427
629,0.8179492354393005
630,0.3591243028640747
631,0.45462313294410706
632,0.5934047698974609
633,0.680760383605957
634,0.46881958842277527
635,0.5160170197486877
636,0.5209804773330688
637,0.23251989483833313
638,0.3320314586162567
639,0.25347471237182617
640,0.6411696076393127
641,0.6629153490066528
642,0.5050740242004395
643,0.41489744186401367
644,0.37649741768836975
645,0.28780290484428406
646,0.01352697890251875
647,0.3156290054321289
648,0.524908185005188
649,0.3834354281425476
650,0.48792484402656555
651,0.3751634359359741
652,0.6454744338989258
653,0.45910537242889404
654,0.6056115031242371
655,0.648894190788269
656,0.4284970462322235
657,0.5780459642410278
658,0.5363315343856812
659,0.47334325313568115
660,0.36312294006347656
661,0.6540393233299255
662,0.39415961503982544
663,0.5515413284301758
664,0.57121741771698
665,0.4942627251148224
666,0.5309054851531982
667,0.27782881259918213
668,0.4869927763938904
669,0.6277914047241211
670,0.5274202823638916
671,0.5851998329162598
672,0.2271454632282257
673,0.3028043508529663
674,0.6214394569396973
675,0.49005207419395447
676,0.39043867588043213
677,0.5312033891677856
678,0.2701753079891205
679,0.4979534149169922
680,0.4678918123245239
681,0.7100085616111755
682,0.16132839024066925
683,0.4757693409919739
684,0.5450655817985535
685,0.46341174840927124
686,0.8305268287658691
687,0.5982305407524109
688,0.5956069827079773
689,0.4109882414340973
690,0.7179099917411804
691,0.26461777091026306
692,0.43955984711647034
693,0.1707685887813568
694,0.28351008892059326
695,0.3954662084579468
696,0.5771762728691101
697,0.30792859196662903
698,0.4314027726650238
699,0.30891329050064087
700,0.6136048436164856
701,0.010042033158242702
702,0.3012799918651581
703,0.4286956787109375
704,0.39048469066619873
705,0.3304731249809265
706,0.19529028236865997
707,0.6976839303970337
708,0.469044029712677
709,0.6791490912437439
710,0.5562970042228699
711,0.5690019130706787
712,0.4563121199607849
713,0.29037848114967346
714,0.3512352406978607
715,0.534950852394104
716,0.6134141683578491
717,0.5627259612083435
718,0.49891525506973267
719,0.597026526927948
720,0.42442217469215393
721,0.5025203824043274
722,0.03919388726353645
723,0.3097754120826721
724,0.4932958781719208
725,0.4192611277103424
726,0.6262826919555664
727,0.05275973305106163
728,0.5948590040206909
729,0.4940110146999359
730,0.4556765556335449
731,0.5659687519073486
732,0.6023052930831909
733,0.34363502264022827
734,0.3839115500450134
735,0.7068600058555603
736,0.41550981998443604
737,0.36550334095954895
738,0.3486649692058563
739,0.42653706669807434
740,0.49668434262275696
741,0.45652568340301514
742,0.7580899596214294
743,0.6987936496734619
744,0.5659807324409485
745,0.5053085684776306
746,0.5643154382705688
747,0.34433114528656006
748,0.42517009377479553
749,0.6912285089492798
750,0.2954740524291992
751,0.31183549761772156
752,0.37307578325271606
753,0.6083713173866272
754,0.5470705628395081
755,0.4500126838684082
756,0.6759868860244751
757,0.8061555027961731
758,0.08521994948387146
759,0.4825704097747803
760,0.5368339419364929
761,0.5700235366821289
762,0.3481082320213318
763,0.535581648349762
764,0.46933096647262573
765,0.5393102169036865
766,0.482961505651474
767,0.5769290924072266
768,0.548308789730072
769,0.597680389881134
770,0.22020408511161804
771,0.2697078585624695
772,0.25192469358444214
773,0.5317463278770447
774,0.5155104398727417
775,0.59076988697052
776,0.4462587833404541
777,0.3063473105430603
778,0.7581059336662292
779,0.5240066051483154
780,0.5286246538162231
781,0.5757972002029419
782,0.6355425715446472
783,0.44346922636032104
784,0.2997749447822571
785,0.5016559958457947
786,0.750353217124939
787,0.18487988412380219
788,0.26943016052246094
789,0.4791126251220703
790,0.5978909134864807
791,0.46003785729408264
792,0.5101475119590759
793,0.4547436535358429
794,0.12548469007015228
795,0.4979723393917084
796,0.347984254360199
797,0.4468754529953003
798,0.5372493863105774
799,0.49668997526168823
800,0.8383303880691528
801,0.4417024850845337
802,0.36757731437683105
803,0.8015798330307007
804,0.5786145925521851
805,0.4067981541156769
806,0.3902204632759094
807,0.4109259247779846
808,0.5841184258460999
809,0.49764034152030945
810,0.5337529182434082
811,0.528048038482666
812,0.39083242416381836
813,0.34186604619026184
814,0.5092253684997559
815,0.5294245481491089
816,0.4679623246192932
817,0.44813233613967896
818,0.5605640411376953
819,0.42344772815704346
820,0.4386177062988281
821,0.4982343316078186
822,0.5634605288505554
823,0.3448438048362732
824,0.6468175053596497
825,0.4067228138446808
826,0.3095318377017975
827,0.31100237369537354
828,0.5218721628189087
829,0.5928754806518555
830,0.37238946557044983
831,0.16390742361545563
832,0.5014596581459045
833,0.5888597369194031
834,0.7073121070861816
835,0.4679368734359741
836,0.24816831946372986
837,0.5840160846710205
838,0.45532843470573425
839,0.68608558177948
840,0.5185042023658752
841,0.527481198310852
842,0.5460469126701355
843,0.5679084062576294
844,0.27818936109542847
845,0.3554439842700958
846,0.5294746160507202
847,0.7260838150978088
848,0.6854119300842285
849,0.6705700159072876
850,0.39849698543548584
851,0.5341885685920715
852,0.39219433069229126
853,0.24028797447681427
854,0.49658727645874023
855,0.5826535224914551
856,0.22443723678588867
857,0.4554702937602997
858,0.43703678250312805
859,0.43590405583381653
860,0.5347750186920166
861,0.29154911637306213
862,0.2662481665611267
863,0.5458280444145203
864,0.7408835887908936
865,0.3210596442222595
866,0.4137270748615265
867,0.6493719220161438
868,0.4545944333076477
869,0.5745627284049988
870,0.577441930770874
871,0.44497668743133545
872,0.20219457149505615
873,0.517257034778595
874,0.38130879402160645
875,0.5937772393226624
876,0.47320330142974854
877,0.5078483819961548
878,0.3219953179359436
879,0.4975554645061493
880,0.5386165976524353
881,0.6549075841903687
882,0.06443678587675095
883,0.412320613861084
884,0.37900400161743164
885,0.5709108114242554
886,0.5514154434204102
887,0.49156156182289124
888,0.5452112555503845
889,0.5942085981369019
890,0.25420355796813965
891,0.5942773818969727
892,0.27995336055755615
893,0.33771029114723206
894,0.17267058789730072
895,0.5642555952072144
896,0.4309646189212799
897,0.2404489368200302
898,0.24319390952587128
899,0.019820518791675568
900,0.717526912689209
901,0.6163049936294556
902,0.1749672144651413
903,0.48567381501197815
904,0.6475857496261597
905,0.5381068587303162
906,0.5023359656333923
907,0.626412034034729
908,0.25019991397857666
909,0.5470072031021118
910,0.3892754316329956
911,0.3552350699901581
912,0.5540288686752319
913,0.18338164687156677
914,0.563137412071228
915,0.16655944287776947
916,0.24915246665477753
917,0.24462515115737915
918,0.11619415134191513
919,0.3428221046924591
920,0.430070161819458
921,0.7408313155174255
922,0.5111610889434814
923,0.6866045594215393
924,0.1226523295044899
925,0.31865862011909485
926,0.45554089546203613
927,0.1589352786540985
928,0.5898205637931824
929,0.5474514961242676
930,0.4002261459827423
931,0.35320863127708435
932,0.2968372404575348
933,0.5248746871948242
934,0.6246195435523987
935,0.6418132781982422
936,0.4295686185359955
937,0.5284223556518555
938,0.08408171683549881
939,0.3588883876800537
940,0.5366119742393494
941,0.5700671672821045
942,0.49686065316200256
943,0.46077361702919006
944,0.49624910950660706
945,0.17825622856616974
946,0.42700308561325073
947,0.17333854734897614
948,0.5316569805145264
949,0.5076723694801331
950,0.225954070687294
951,0.7563889026641846
952,0.7200958132743835
953,0.0656767264008522
954,0.6190244555473328
955,0.49033260345458984
956,0.5965094566345215
957,0.3103821277618408
958,0.40600430965423584
959,0.18962185084819794
960,0.23383575677871704
961,0.6146872639656067
962,0.4128127694129944
963,0.3232840895652771
964,0.5624786019325256
965,0.6149008274078369
966,0.6897624731063843
967,0.32447871565818787
968,0.15432387590408325
969,0.3703998625278473
970,0.37175828218460083
971,0.3877050280570984
972,0.3027854263782501
973,0.4610663950443268
974,0.41652271151542664
975,0.5370410084724426
976,0.2994847893714905
977,0.2691306471824646
978,0.38163331151008606
979,0.3950185179710388
980,0.38757428526878357
981,0.24208615720272064
982,0.532333254814148
983,0.2406328320503235
984,0.4474673271179199
985,0.28245809674263
986,0.30005449056625366
987,0.7290902733802795
988,0.5063623785972595
989,0.2546156942844391
990,0.40659746527671814
991,0.48970407247543335
992,0.5748006105422974
993,0.4986412227153778
994,0.4960006773471832
995,0.5313090682029724
996,0.6131318807601929
997,0.6278842687606812
998,0.6927122473716736
999,0.4357738196849823
1000,0.5287215709686279
1001,0.2224586009979248
1002,0.4369170367717743
1003,0.31681767106056213
1004,0.25334739685058594
1005,0.3883465528488159
1006,0.42828452587127686
1007,0.5110598802566528
1008,0.5196017026901245
1009,0.5946534276008606
1010,0.7485706806182861
1011,0.25641733407974243
1012,0.6275357007980347
1013,0.5133366584777832
1014,0.4341014623641968
1015,0.3321131765842438
1016,0.6066122055053711
1017,0.3708796501159668
1018,0.33120861649513245
1019,0.21900247037410736
1020,0.40899017453193665
1021,0.36719653010368347
1022,0.5098913908004761
1023,0.29814407229423523
1024,0.5371216535568237
1025,0.6766165494918823
1026,0.27649885416030884
1027,0.4591333270072937
1028,0.3589099943637848
1029,0.42573198676109314
1030,0.4440554976463318
1031,0.3830277621746063
1032,0.5763033628463745
1033,0.4662383198738098
1034,0.09209316223859787
1035,0.5533524751663208
1036,0.6601995825767517
1037,0.6176910400390625
1038,0.4819079041481018
1039,0.2719983160495758
1040,0.18075408041477203
1041,0.40738290548324585
1042,0.31743472814559937
1043,0.5455105900764465
1044,0.5300292372703552
1045,0.276894748210907
1046,0.06594161689281464
1047,0.6648863554000854
1048,0.5800140500068665
1049,0.18339549005031586
1050,0.619202196598053
1051,0.465203195810318
1052,0.11318530887365341
1053,0.669017493724823
1054,0.5083330273628235
1055,0.3667696714401245
1056,0.6975571513175964
1057,0.15779714286327362
1058,0.4373714327812195
1059,0.23035745322704315
1060,0.46034279465675354
1061,0.5895217061042786
1062,0.4170040488243103
1063,0.2207796722650528
1064,0.5659627318382263
1065,0.5741231441497803
1066,0.28713101148605347
1067,0.4496421217918396
1068,0.4491747319698334
1069,0.5052188038825989
1070,0.21432223916053772
1071,0.22182777523994446
1072,0.35629022121429443
1073,0.17110028862953186
1074,0.6677466630935669
1075,0.4956614077091217
1076,0.35350239276885986
1077,0.33824604749679565
1078,0.6022792458534241
1079,0.7149228453636169
1080,0.7202309370040894
1081,0.13924163579940796
1082,0.4775071442127228
1083,0.373335063457489
1084,0.5965207815170288
1085,0.3881811201572418
1086,0.25727763772010803
1087,0.4399447441101074
1088,0.39966049790382385
1089,0.5171766877174377
1090,0.37121331691741943
1091,0.4434693455696106
1092,0.32460159063339233
1093,0.49781355261802673
1094,0.4650498926639557
1095,0.4869576692581177
1096,0.47605112195014954
1097,0.500727653503418
1098,0.5595548152923584
1099,0.4057125747203827
1100,0.5725928544998169
1101,0.26512861251831055
1102,0.4575098752975464
1103,0.48222482204437256
1104,0.46869516372680664
1105,0.4539697766304016
1106,0.45579901337623596
1107,0.5854526162147522
1108,0.12301601469516754
1109,0.5134676694869995
1110,0.4157629609107971
1111,0.7507674098014832
1112,0.49588966369628906
1113,0.20247875154018402
1114,0.4115312993526459
1115,0.5068737268447876
1116,0.43505972623825073
1117,0.21578040719032288
1118,0.3618568778038025
1119,0.5486209392547607
1120,0.5625423192977905
1121,0.492889404296875
1122,0.6291193962097168
1123,0.27818241715431213
1124,0.16880865395069122
1125,0.44110509753227234
1126,0.5822850465774536
1127,0.5042767524719238
1128,0.466407835483551
1129,0.29360294342041016
1130,0.3988860249519348
1131,0.4482053220272064
1132,0.5885892510414124
1133,0.5728155374526978
1134,0.548443615436554
1135,0.4245230257511139
1136,0.31197017431259155
1137,0.5723909735679626
1138,0.37814947962760925
1139,0.42849817872047424
1140,0.41239461302757263
1141,0.2315487265586853
1142,0.1978190541267395
1143,0.2938816249370575
1144,0.6853715777397156
1145,0.6126229763031006
1146,0.4285097122192383
1147,0.4194602370262146
1148,0.5438456535339355
1149,0.5248545408248901
1150,0.6921314001083374
1151,0.5455936193466187
1152,0.3479739725589752
1153,0.5358949899673462
1154,0.5951408743858337
1155,0.3652602434158325
1156,0.6246677041053772
1157,0.2892262041568756
1158,0.16719897091388702
1159,0.198782280087471
1160,0.48306986689567566
1161,0.4539831876754761
1162,0.3057516813278198
1163,0.1483508050441742
1164,0.36290615797042847
1165,0.8429003357887268
1166,0.41497376561164856
1167,0.3436364531517029
1168,0.2317916750907898
1169,0.6635513305664062
1170,0.47253644466400146
1171,0.4129877984523773
1172,0.530087411403656
1173,0.4414498805999756
1174,0.6265904903411865
1175,0.17835263907909393
1176,0.4876846373081207
1177,0.5832943916320801
1178,0.615448534488678
1179,0.3993877172470093
1180,0.3871745467185974
1181,0.7908303141593933
1182,0.20062726736068726
1183,0.22846277058124542
1184,0.5690451264381409
1185,0.3524506688117981
1186,0.3525046706199646
1187,0.38538071513175964
1188,0.5062105059623718
1189,0.7700508832931519
1190,0.5300682187080383
1191,0.44630250334739685
1192,0.42202383279800415
1193,0.18058840930461884
1194,-0.010575658641755581
1195,0.3902927041053772
1196,0.6162633299827576
1197,0.43141642212867737
1198,0.3416801989078522
1199,0.6095517873764038
1200,0.18492494523525238
1201,0.408510684967041
1202,0.49470219016075134
1203,0.3543555736541748
1204,0.5982156991958618
1205,0.4228549599647522
1206,0.650592565536499
1207,0.35439854860305786
1208,0.2640175521373749
1209,0.2909947335720062
1210,0.4998021721839905
1211,0.3896203339099884
1212,0.3652057647705078
1213,0.5964747667312622
1214,0.624451220035553
1215,0.6631468534469604
1216,0.37446412444114685
1217,0.2461213916540146
1218,0.41937100887298584
1219,0.5319848656654358
1220,0.3912077844142914
1221,0.6648843288421631
1222,0.2703242301940918
1223,0.43774110078811646
1224,0.7080439329147339
1225,0.6540053486824036
1226,0.2869471311569214
1227,0.5062326788902283
1228,0.43329572677612305
1229,0.27804338932037354
1230,0.5583459734916687
1231,0.1922518014907837
1232,0.1983339786529541
1233,0.4690629243850708
1234,0.4679587781429291
1235,0.4415092468261719
1236,0.5161088109016418
1237,0.38102012872695923
1238,0.5862279534339905
1239,0.30864930152893066
1240,0.5894444584846497
1241,0.468400239944458
1242,0.23264674842357635
1243,0.5038405060768127
1244,0.4264228045940399
1245,0.5010508298873901
1246,0.0360543355345726
1247,0.5136331915855408
1248,0.4949885606765747
1249,0.48564764857292175
1250,0.33224692940711975
1251,0.3233974277973175
1252,0.5095734000205994
1253,0.5468724966049194
1254,0.4804171621799469
1255,0.41151586174964905
1256,0.42561179399490356
1257,0.6425529718399048
1258,0.6488857865333557
1259,0.5377634763717651
1260,0.4155862033367157
1261,0.682378351688385
1262,0.6930355429649353
1263,0.5151438117027283
1264,0.68875652551651
1265,0.26965466141700745
1266,0.3459007740020752
1267,0.3198053538799286
1268,0.5114269852638245
1269,0.27824515104293823
1270,0.6188679337501526
1271,0.3644104301929474
1272,0.47166648507118225
1273,0.39239701628685
1274,0.1427394300699234
1275,0.43833035230636597
1276,0.06915649026632309
1277,0.5573912858963013
1278,0.2250576913356781
1279,0.3917640447616577
1280,0.5825965404510498
1281,0.7163681387901306
1282,0.38879913091659546
1283,0.6262034177780151
1284,0.6164658069610596
1285,0.4715758264064789
1286,0.5765935778617859
1287,0.135932058095932
1288,0.4769299030303955
1289,0.41095325350761414
1290,0.43177059292793274
1291,0.32537081837654114
1292,0.675693929195404
1293,0.5321992635726929
1294,0.6872088313102722
1295,0.5510058403015137
1296,0.2158045470714569
1297,0.519526481628418
1298,0.32311466336250305
1299,0.5481515526771545
1300,0.38324999809265137
1301,0.5229141712188721
1302,0.19996774196624756
1303,0.6045244932174683
1304,0.15640470385551453
1305,0.25483718514442444
1306,0.2466011494398117
1307,0.323127418756485
1308,0.4996533691883087
1309,0.4333958327770233
1310,0.21336251497268677
1311,0.3851716220378876
1312,0.48739197850227356
1313,0.27768588066101074
1314,0.4497988224029541
1315,0.449673593044281
1316,0.37139037251472473
1317,0.41717445850372314
1318,0.40162041783332825
1319,0.2836572825908661
1320,0.40946367383003235
1321,0.3191949129104614
1322,0.36377933621406555
1323,0.42037704586982727
1324,0.781876266002655
1325,0.2986716628074646
1326,0.6193543076515198
1327,0.5114665031433105
1328,0.4993100166320801
1329,0.4318172037601471
1330,0.597957968711853
1331,0.3089597821235657
1332,0.3760659694671631
1333,0.41538235545158386
1334,0.5343972444534302
1335,0.3533412516117096
1336,0.4916892647743225
1337,0.5014879703521729
1338,0.2953493893146515
1339,0.2236654907464981
1340,0.36153727769851685
1341,0.4103710353374481
1342,0.7396600246429443
1343,0.38208699226379395
1344,0.30615830421447754
1345,0.5924494862556458
1346,0.5695509314537048
1347,0.6052901148796082
1348,0.33567294478416443
1349,0.17411792278289795
1350,0.29116201400756836
1351,0.3828180134296417
1352,0.4443279206752777
1353,0.450457900762558
1354,0.36973336338996887
1355,0.28232046961784363
1356,0.32035017013549805
1357,0.5617190599441528
1358,0.34811291098594666
1359,0.18984204530715942
1360,0.5049300789833069
1361,0.06130551919341087
1362,0.5213581919670105
1363,0.6614320874214172
1364,0.13917569816112518
1365,0.4097656309604645
1366,0.33332160115242004
1367,0.29294800758361816
1368,0.5363540649414062
1369,0.4659060537815094
1370,0.19368788599967957
1371,0.17326338589191437
1372,0.24185039103031158
1373,0.2960479259490967
1374,0.6414068341255188
1375,0.4208349287509918
1376,0.3975609838962555
1377,0.6628348231315613
1378,0.49139854311943054
1379,0.7678267955780029
1380,0.3034754693508148
1381,0.4825460612773895
1382,0.23631751537322998
1383,0.5299885272979736
1384,0.28961193561553955
1385,0.1678187996149063
1386,0.6403477787971497
1387,0.5949798226356506
1388,0.28355374932289124
1389,0.40452441573143005
1390,0.507636308670044
1391,0.5586875081062317
1392,0.6282888054847717
1393,0.14756985008716583
1394,0.3287087380886078
1395,0.6489743590354919
1396,0.6225337386131287
1397,0.22488850355148315
1398,0.8361214399337769
1399,0.5385243892669678
1400,0.7382181882858276
1401,0.3373797535896301
1402,0.6971448659896851
1403,0.40080246329307556
1404,0.16675244271755219
1405,0.5939730405807495
1406,0.4633601903915405
1407,0.4952593445777893
1408,0.2906560003757477
1409,0.6618890762329102
1410,0.307144433259964
1411,0.4119027256965637
1412,0.3217338025569916
1413,0.40874844789505005
1414,0.37348130345344543
1415,0.37323296070098877
1416,0.39406952261924744
1417,0.30319488048553467
1418,0.10717619955539703
1419,0.14448896050453186
1420,0.5263684391975403
1421,0.3835447132587433
1422,0.27485400438308716
1423,0.33049869537353516
1424,0.5324779152870178
1425,0.13417187333106995
1426,0.4849407970905304
1427,0.7134543657302856
1428,0.45708438754081726
1429,0.5456477403640747
1430,0.30919232964515686
1431,0.22769075632095337
1432,0.13084296882152557
1433,0.16274943947792053
1434,0.5003055334091187
1435,0.27588722109794617
1436,0.6307514309883118
1437,0.6855387091636658
1438,0.2899470329284668
1439,0.35679107904434204
1440,0.6519830822944641
1441,0.4844103753566742
1442,0.251589298248291
1443,0.583885908126831
1444,0.5129677057266235
1445,0.4546937346458435
1446,0.3746815621852875
1447,0.47058719396591187
1448,0.26011621952056885
1449,0.4729633033275604
1450,0.4880206286907196
1451,0.33326455950737
1452,0.08708377927541733
1453,0.45539289712905884
1454,0.37750348448753357
1455,0.5096737146377563
1456,0.3671896755695343
1457,0.540479838848114
1458,0.40611961483955383
1459,0.5638618469238281
1460,0.47266438603401184
1461,0.6256183981895447
1462,0.4904099404811859
1463,0.34627416729927063
1464,0.810683012008667
1465,0.5299245119094849
1466,0.3111872375011444
1467,0.222065269947052
1468,0.37777334451675415
1469,0.36728280782699585
1470,0.755761444568634
1471,0.5125051736831665
1472,0.23556266725063324
1473,0.42735055088996887
1474,0.5769463181495667
1475,0.5094788670539856
1476,0.5411146879196167
1477,0.40076953172683716
1478,0.21430736780166626
1479,0.47224947810173035
1480,0.25531068444252014
1481,0.3218538761138916
1482,0.6331308484077454
1483,0.5459919571876526
1484,0.23559771478176117
1485,0.4287896156311035
1486,0.22636771202087402
1487,0.47212132811546326
1488,0.3904184401035309
1489,0.3929179310798645
1490,0.34969666600227356
1491,0.4052467942237854
1492,0.5567151308059692
1493,0.3117339313030243
1494,0.49537843465805054
1495,0.4261187016963959
1496,0.5453739166259766
1497,0.03720223903656006
1498,0.20821307599544525
1499,0.4843793213367462
1500,0.634003221988678
1501,0.44330960512161255
1502,0.048191968351602554
1503,0.39392581582069397
1504,0.5407546162605286
1505,0.18635405600070953
1506,0.533112108707428
1507,0.3981636166572571
1508,0.3530760705471039
1509,0.49474096298217773
1510,0.4597555100917816
1511,0.4704743027687073
1512,0.23508158326148987
1513,0.1845368593931198
1514,0.38987553119659424
1515,0.4270431101322174
1516,0.27053743600845337
1517,0.4435650110244751
1518,0.1568818837404251
1519,0.6503260135650635
1520,0.3638586103916168
1521,0.2646676003932953
1522,0.5440252423286438
1523,0.36026281118392944
1524,0.4585086703300476
1525,0.44575831294059753
1526,0.3273443877696991
1527,0.23518884181976318
1528,0.24756838381290436
1529,0.48667246103286743
1530,0.45400455594062805
1531,0.468807190656662
1532,0.5285467505455017
1533,0.39661774039268494
1534,0.37534448504447937
1535,0.4896950125694275
1536,0.5090227723121643
1537,0.5323328375816345
1538,0.2011685073375702
1539,0.6922234296798706
1540,0.22026427090168
1541,0.6554133892059326
1542,0.33233869075775146
1543,0.41805359721183777
1544,0.28279685974121094
1545,0.2960009276866913
1546,0.3932446837425232
1547,0.5230176448822021
1548,0.3836107552051544
1549,0.6521010994911194
1550,0.4974577724933624
1551,0.4185648560523987
1552,0.27021822333335876
1553,0.43810442090034485
1554,0.28538331389427185
1555,0.3860839605331421
1556,0.528238832950592
1557,0.45508864521980286
1558,0.1742769181728363
1559,0.298071950674057
1560,0.4630812406539917
1561,0.36815518140792847
1562,0.3755277097225189
1563,0.6446099281311035
1564,0.8475291728973389
1565,0.4655311405658722
1566,0.6521071791648865
1567,0.43183431029319763
1568,0.4756033718585968
1569,0.25398069620132446
1570,0.4147109091281891
1571,0.34650036692619324
1572,0.22724425792694092
1573,0.3907468914985657
1574,0.46805837750434875
1575,0.4586588442325592
1576,0.49509575963020325
1577,0.4753822386264801
1578,0.45024776458740234
1579,0.4033025801181793
1580,0.4983934760093689
1581,0.24725568294525146
1582,0.22539979219436646
1583,0.526293158531189
1584,0.46991369128227234
1585,0.4959230124950409
1586,0.22985725104808807
1587,0.46969830989837646
1588,0.7369949221611023
1589,0.5117625594139099
1590,0.4499876797199249
1591,0.20385123789310455
1592,0.5999006628990173
1593,0.5927772521972656
1594,0.6058260798454285
1595,0.39323562383651733
1596,0.41960787773132324
1597,0.32132357358932495
1598,0.37004554271698
1599,0.4984474182128906
1600,0.41016507148742676
1601,0.5010266304016113
1602,0.542080819606781
1603,0.44503533840179443
1604,0.6297447681427002
1605,0.8774406313896179
1606,0.5351027250289917
1607,0.7017958760261536
1608,0.6305777430534363
1609,0.2675802409648895
1610,0.4005313813686371
1611,0.6432274580001831
1612,0.7815505862236023
1613,0.5353596210479736
1614,0.33030471205711365
1615,0.40206247568130493
1616,0.39515742659568787
1617,0.737263560295105
1618,0.21867643296718597
1619,0.43213167786598206
1620,0.43502840399742126
1621,0.5296227335929871
1622,0.4422815144062042
1623,0.3610139787197113
1624,0.08408341556787491
1625,0.6726614236831665
1626,0.28414562344551086
1627,0.5066562294960022
1628,0.12837918102741241
1629,0.19534805417060852
1630,0.41926825046539307
1631,0.5132911801338196
1632,0.5072379112243652
1633,0.47860532999038696
1634,0.520965576171875
1635,0.5586355924606323
1636,0.6219741702079773
1637,0.4431604743003845
1638,0.5686903595924377
1639,0.35757842659950256
1640,0.4969637989997864
1641,0.23974215984344482
1642,0.40922319889068604
1643,0.22593903541564941
1644,0.6884963512420654
1645,0.3584687113761902
1646,0.4438554048538208
1647,0.5397461652755737
1648,0.730396032333374
1649,0.5048760175704956
1650,0.4984108507633209
1651,0.15949657559394836
1652,0.6064082980155945
1653,0.49110180139541626
1654,0.2739490270614624
1655,0.6689809560775757
1656,0.24714919924736023
1657,0.6013743877410889
1658,0.515986979007721
1659,0.4184548854827881
1660,0.4531802535057068
1661,0.38192030787467957
1662,0.734474241733551
1663,0.31791046261787415
1664,0.6317330002784729
1665,0.2653324007987976
1666,0.2504510283470154
1667,0.15996044874191284
1668,0.612567663192749
1669,0.6611080765724182
1670,0.34961986541748047
1671,0.7026902437210083
1672,0.6828349828720093
1673,0.3252386748790741
1674,0.6288357377052307
1675,0.47184422612190247
1676,0.16003890335559845
1677,0.49730759859085083
1678,0.5711542367935181
1679,0.3864975571632385
1680,0.6365370154380798
1681,0.46838513016700745
1682,0.5556484460830688
1683,0.4992028474807739
1684,0.4979521930217743
1685,0.48287433385849
1686,0.7099086046218872
1687,0.5925208330154419
1688,0.1428917944431305
1689,0.7497783303260803
1690,0.5241770148277283
1691,0.34414851665496826
1692,0.40225881338119507
1693,0.057267460972070694
1694,0.7161167860031128
1695,0.5185835361480713
1696,0.3005105257034302
1697,0.2490140050649643
1698,0.2181488424539566
1699,0.3157670199871063
1700,0.5092707276344299
1701,0.5713046193122864
1702,0.34675994515419006
1703,0.24404391646385193
1704,-0.01702287048101425
1705,0.16276618838310242
1706,0.3086235225200653
1707,0.46442297101020813
1708,0.39137426018714905
1709,0.39220499992370605
1710,0.41554778814315796
1711,0.3953680694103241
1712,0.705746591091156
1713,0.2816748321056366
1714,0.11266366392374039
1715,0.21986322104930878
1716,0.4051579236984253
1717,0.10942018032073975
1718,0.32801952958106995
1719,0.19175946712493896
1720,0.23565849661827087
1721,0.2202346920967102
1722,0.06047112122178078
1723,0.5982651114463806
1724,0.29937443137168884
1725,0.44733166694641113
1726,0.27741414308547974
1727,0.3483428657054901
1728,0.4413992166519165
1729,0.42281728982925415
1730,0.7533160448074341
1731,0.3838495910167694
1732,0.6327134370803833
1733,0.055081456899642944
1734,0.5410342216491699
1735,0.2424101084470749
1736,0.6473949551582336
1737,0.3693296015262604
1738,0.602077305316925
1739,0.4658791422843933
1740,0.3938835561275482
1741,0.5604193210601807
1742,0.37622296810150146
1743,0.5170689821243286
1744,0.3813196122646332
1745,0.5248782634735107
1746,0.6247246861457825
1747,0.34090715646743774
1748,0.62147057056427
1749,0.4698560833930969
1750,0.48558956384658813
1751,0.45910486578941345
1752,0.5193326473236084
1753,0.3268522024154663
1754,0.3859984874725342
1755,0.37836065888404846
1756,0.5511242747306824
1757,0.7419335246086121
1758,0.45301949977874756
1759,0.399492084980011
1760,0.3796091377735138
1761,0.324735164642334
1762,0.4702490270137787
1763,0.5735186338424683
1764,0.7596731185913086
1765,0.38005581498146057
1766,0.4180569350719452
1767,0.5650876760482788
1768,0.6259639263153076
1769,0.5898265838623047
1770,0.4490413963794708
1771,0.4739956557750702
1772,0.4570854604244232
1773,0.34747570753097534
1774,0.37628650665283203
1775,0.18542277812957764
1776,0.45438626408576965
1777,0.5136231184005737
1778,0.3672938644886017
1779,0.5927813053131104
1780,0.5627099871635437
1781,0.5327892303466797
1782,0.42087554931640625
1783,0.621155321598053
1784,0.46943536400794983
1785,0.15926384925842285
1786,0.4004940986633301
1787,0.48941752314567566
1788,0.32612067461013794
1789,0.4312358498573303
1790,0.5076766014099121
1791,0.3700837194919586
1792,0.58467698097229
1793,0.4233432710170746
1794,0.3495902121067047
1795,0.5485304594039917
1796,0.487649142742157
1797,0.4996824264526367
1798,0.5919321179389954
1799,0.3530028462409973
1800,0.5169539451599121
1801,0.2987424433231354
1802,0.5641081929206848
1803,0.5846890807151794
1804,0.6059939861297607
1805,0.4998810291290283
1806,0.7227656841278076
1807,0.4807114601135254
1808,0.272838294506073
1809,0.31475830078125
1810,0.14292582869529724
1811,0.25655457377433777
1812,0.37309175729751587
1813,0.3206198513507843
1814,0.4736493229866028
1815,0.4084533154964447
1816,0.6103062629699707
1817,0.5887737274169922
1818,0.157374769449234
1819,0.266786128282547
1820,0.5619032382965088
1821,0.47720083594322205
1822,0.6945759057998657
1823,0.31661519408226013
1824,-0.05020010471343994
1825,0.5407447218894958
1826,0.4242115914821625
1827,0.5716376304626465
1828,0.43119174242019653
1829,0.4712787866592407
1830,0.5776854753494263
1831,0.3280481696128845
1832,0.25958162546157837
1833,0.21632902324199677
1834,0.3699946999549866
1835,0.8425815105438232
1836,0.29326197504997253
1837,0.43151694536209106
1838,0.5455935597419739
1839,0.037763070315122604
1840,0.3617936074733734
1841,0.24550548195838928
1842,0.4893265664577484
1843,0.6568723917007446
1844,0.675652265548706
1845,0.618205189704895
1846,0.2688690423965454
1847,0.5277710556983948
1848,0.4878990352153778
1849,0.4749884009361267
1850,0.5310474634170532
1851,0.5761907696723938
1852,0.20536336302757263
1853,0.4364278316497803
1854,0.5520711541175842
1855,0.6447057127952576
1856,0.7323288321495056
1857,0.5727905035018921
1858,0.4612509310245514
1859,0.6318241357803345
1860,0.47563499212265015
1861,0.6380153894424438
1862,0.37838175892829895
1863,0.3608398735523224
1864,0.4631548523902893
1865,0.41403141617774963
1866,0.3299828767776489
1867,0.5490103363990784
1868,0.13433407247066498
1869,0.6454047560691833
1870,0.48340463638305664
1871,0.4639674425125122
1872,0.7119812965393066
1873,0.5453053712844849
1874,0.32451367378234863
1875,0.3850603401660919
1876,0.8154681921005249
1877,0.36775675415992737
1878,0.21781432628631592
1879,0.6871528625488281
1880,0.292507529258728
1881,0.4326939880847931
1882,0.24092261493206024
1883,0.07099151611328125
1884,0.5825129151344299
1885,0.32033124566078186
1886,0.3920239806175232
1887,0.4523082971572876
1888,0.43436506390571594
1889,0.45749637484550476
1890,0.4195125997066498
1891,0.43523600697517395
1892,0.2226341813802719
1893,0.790863037109375
1894,0.3497729003429413
1895,0.1638733595609665
1896,0.2864409387111664
1897,0.25389567017555237
1898,0.5335776805877686
1899,0.5545241236686707
1900,0.6027277112007141
1901,0.22538340091705322
1902,0.39779627323150635
1903,0.48724615573883057
1904,0.3493552803993225
1905,0.4818369448184967
1906,0.4407551884651184
1907,0.5020146369934082
1908,0.4764881432056427
1909,0.11209072917699814
1910,0.5090823173522949
1911,0.5153753161430359
1912,0.5041936039924622
1913,0.3373388350009918
1914,0.7108457684516907
1915,0.5038662552833557
1916,0.5267217755317688
1917,0.6668796539306641
1918,0.6194413304328918
1919,0.49224284291267395
1920,0.38595372438430786
1921,0.17248515784740448
1922,0.45124390721321106
1923,0.4344936013221741
1924,0.20585907995700836
1925,0.4771873354911804
1926,0.325145423412323
1927,0.5823143124580383
1928,0.5193642973899841
1929,0.5797719359397888
1930,0.267594575881958
1931,0.38806211948394775
1932,0.49175259470939636
1933,0.4564325511455536
1934,0.1183665543794632
1935,0.4124853014945984
1936,0.22671261429786682
1937,0.6464461088180542
1938,0.5383372902870178
1939,0.5081793665885925
1940,0.02729719690978527
1941,0.26233962178230286
1942,0.29865992069244385
1943,0.6417007446289062
1944,0.4743388593196869
1945,0.2671271562576294
1946,0.5864034295082092
1947,0.33987629413604736
1948,0.7892991304397583
1949,0.4154943525791168
1950,0.6369538307189941
1951,0.4284617304801941
1952,0.17805127799510956
1953,0.553503692150116
1954,0.4085831344127655
1955,0.633857786655426
1956,0.5310693383216858
1957,0.3635749816894531
1958,0.7332639098167419
1959,0.23234079778194427
1960,0.44693538546562195
1961,0.5971837639808655
1962,0.5109387636184692
1963,0.32242438197135925
1964,0.14040955901145935
1965,0.5047550201416016
1966,0.44329601526260376
1967,0.45457547903060913
1968,0.16750481724739075
1969,0.43498361110687256
1970,0.6771289706230164
1971,0.6825634837150574
1972,0.48869985342025757
1973,0.4309118092060089
1974,0.4579159617424011
1975,0.40660759806632996
1976,0.23808182775974274
1977,0.5828136801719666
1978,0.4486861526966095
1979,0.59440016746521
1980,0.30820825695991516
1981,0.6131988167762756
1982,0.2402496039867401
1983,0.43853142857551575
1984,0.6282541751861572
1985,0.49328479170799255
1986,0.6120652556419373
1987,0.17830230295658112
1988,0.6421202421188354
1989,0.6265448331832886
1990,0.42874330282211304
1991,0.5507528185844421
1992,0.5633581280708313
1993,0.5119948387145996
1994,0.6757769584655762
1995,0.6191143989562988
1996,0.343363493680954
1997,0.17178422212600708
1998,0.3693747818470001
1999,0.3270455002784729
2000,0.41611939668655396
2001,0.3115720748901367
2002,0.4277873933315277
2003,0.5138087272644043
2004,0.676870584487915
2005,0.30907711386680603
2006,0.6410327553749084
2007,0.4487425684928894
2008,0.4965868890285492
2009,0.5411946773529053
2010,0.4641076326370239
2011,0.29958197474479675
2012,0.6037824153900146
2013,0.26840537786483765
2014,0.31376153230667114
2015,0.626294732093811
2016,0.3611326813697815
2017,0.29135698080062866
2018,0.5091134905815125
2019,0.37308454513549805
2020,0.06003104895353317
2021,0.4901907444000244
2022,0.3039504885673523
2023,0.3729234039783478
2024,0.4936733543872833
2025,0.5828236937522888
2026,0.20155370235443115
2027,0.421164333820343
2028,0.5135217308998108
2029,0.621668815612793
2030,0.5040335655212402
2031,0.36768341064453125
2032,0.5291793942451477
2033,0.42059165239334106
2034,0.4176710546016693
2035,0.6219202280044556
2036,0.7242387533187866
2037,0.3228706121444702
2038,0.8302250504493713
2039,0.7090123295783997
2040,0.6025969386100769
2041,0.3207685351371765
2042,0.4176870882511139
2043,0.5448858141899109
2044,0.3586537837982178
2045,0.23920515179634094
2046,0.5734283328056335
2047,0.2900385558605194
2048,0.45634007453918457
2049,0.209337055683136
2050,0.5026430487632751
2051,0.7022994756698608
2052,0.6623313426971436
2053,0.05197848752140999
2054,0.5468952655792236
2055,0.7464446425437927
2056,0.5493078231811523
2057,0.48220765590667725
2058,0.35303574800491333
2059,0.7040491700172424
2060,0.3239275813102722
2061,0.5153278708457947
2062,0.5063004493713379
2063,0.6525000333786011
2064,0.48788219690322876
2065,0.6427755355834961
2066,0.4082440733909607
2067,0.4488978385925293
2068,0.331676721572876
2069,0.5054782032966614
2070,0.7973774075508118
2071,0.2670895457267761
2072,0.25156569480895996
2073,0.4224631190299988
2074,0.7810810804367065
2075,0.4965834319591522
2076,0.6041009426116943
2077,0.2630854547023773
2078,0.5110219717025757
2079,0.544396698474884
2080,0.7686080932617188
2081,0.41904911398887634
2082,0.22301220893859863
2083,0.38992083072662354
2084,0.47482913732528687
2085,0.557407796382904
2086,0.5089191794395447
2087,0.4806091785430908
2088,0.2672979533672333
2089,0.4797827899456024
2090,0.5262329578399658
2091,0.2344827651977539
2092,0.3055386245250702
2093,0.34801897406578064
2094,0.6603465676307678
2095,0.6278055310249329
2096,0.2470422387123108
2097,0.6216533184051514
2098,0.38057661056518555
2099,0.39307063817977905
2100,0.17461131513118744
2101,0.37654250860214233
2102,0.29519757628440857
2103,0.25274521112442017
2104,0.26093533635139465
2105,0.3969648480415344
2106,0.5017396211624146
2107,0.42017802596092224
2108,0.5181710124015808
2109,0.47873014211654663
2110,0.3753926157951355
2111,0.6347493529319763
2112,0.4272991120815277
2113,0.41893190145492554
2114,0.3632773458957672
2115,0.5636272430419922
2116,0.28640392422676086
2117,0.08680515736341476
2118,0.4826256334781647
2119,0.43946942687034607
2120,0.2625512480735779
2121,0.42511144280433655
2122,0.6084856986999512
2123,0.37269148230552673
2124,0.5468381643295288
2125,0.44545692205429077
2126,0.20693917572498322
2127,0.21741895377635956
2128,0.48557746410369873
2129,0.38642367720603943
2130,0.5175872445106506
2131,0.536798894405365
2132,0.4271667003631592
2133,0.5553337335586548
2134,0.3506901264190674
2135,0.35125792026519775
2136,0.43564364314079285
2137,0.6391534209251404
2138,0.26604628562927246
2139,0.6763931512832642
2140,0.46099093556404114
2141,0.11121155321598053
2142,0.034217555075883865
2143,0.2987617552280426
2144,0.42718151211738586
2145,0.45578333735466003
2146,0.39714691042900085
2147,0.3860829472541809
2148,0.04156307131052017
2149,0.48354166746139526
2150,0.6455312371253967
2151,0.33717772364616394
2152,0.4315139353275299
2153,0.12225591391324997
2154,0.5335308313369751
2155,0.6709673404693604
2156,0.6084936261177063
2157,0.6869832277297974
2158,0.4353236258029938
2159,0.6791847944259644
2160,0.28193050622940063
2161,0.5684356689453125
2162,0.4039808213710785
2163,0.0013894138392060995
2164,0.6881613731384277
2165,0.10935389995574951
2166,0.5249879360198975
2167,0.6213157176971436
2168,0.19125139713287354
2169,0.5026583075523376
2170,0.23463183641433716
2171,0.5983848571777344
2172,0.48190903663635254
2173,0.5390353798866272
2174,0.04698428884148598
2175,0.46741101145744324
2176,0.5112488865852356
2177,0.3801223337650299
2178,0.3440571427345276
2179,0.2540505826473236
2180,0.23425906896591187
2181,0.4750497341156006
2182,0.4401398301124573
2183,0.22470466792583466
2184,0.22368530929088593
2185,0.13097772002220154
2186,0.36000970005989075
2187,0.49572861194610596
2188,0.1473603993654251
2189,0.3554162085056305
2190,0.2641182243824005
2191,0.47580215334892273
2192,0.6058878302574158
2193,0.47992146015167236
2194,0.4086444079875946
2195,0.5647739171981812
2196,0.4850960075855255
2197,0.4350834786891937
2198,0.43057969212532043
2199,0.408169686794281
2200,0.3037724792957306
2201,0.29510679841041565
2202,0.5644156336784363
2203,0.4911617934703827
2204,0.6221901774406433
2205,0.04739754647016525
2206,0.6257882714271545
2207,0.653823733329773
2208,0.4524816870689392
2209,0.3494105339050293
2210,0.3125368058681488
2211,0.28918638825416565
2212,0.22612743079662323
2213,0.619785726070404
2214,0.22295738756656647
2215,0.35602036118507385
2216,0.49629801511764526
2217,0.4435625672340393
2218,0.35115739703178406
2219,0.7758205533027649
2220,0.4960910975933075
2221,0.4087722897529602
2222,0.25820204615592957
2223,0.6361683011054993
2224,0.6552653908729553
2225,0.6773409843444824
2226,0.2891213893890381
2227,0.5071117281913757
2228,0.18522627651691437
2229,0.5096025466918945
2230,0.3520860970020294
2231,0.3490525484085083
2232,0.6340038180351257
2233,0.654600977897644
2234,0.2390492558479309
2235,0.21352644264698029
2236,0.7243852615356445
2237,0.5900683999061584
2238,0.24379853904247284
2239,0.6526448726654053
2240,0.28383544087409973
2241,-0.05322447791695595
2242,0.3173410892486572
2243,0.41325461864471436
2244,0.623139500617981
2245,0.6896457076072693
2246,0.5265836119651794
2247,0.4430566728115082
2248,0.5399595499038696
2249,0.2944800853729248
2250,0.3536403477191925
2251,0.5476870536804199
2252,0.6776523590087891
2253,0.6016958951950073
2254,0.4426516890525818
2255,0.3406483829021454
2256,0.5268774628639221
2257,0.41483455896377563
2258,0.3721902370452881
2259,0.552533745765686
2260,0.30979472398757935
2261,0.22291138768196106
2262,0.31724098324775696
2263,0.8316986560821533
2264,0.5613785982131958
2265,0.7421419620513916
2266,0.4309576153755188
2267,0.5466762781143188
2268,0.5103684663772583
2269,0.31627801060676575
2270,0.269525945186615
2271,0.5140125751495361
2272,0.2962641417980194
2273,0.6341320872306824
2274,0.5021048188209534
2275,0.42902275919914246
2276,0.6808218359947205
2277,0.36274999380111694
2278,0.5040141940116882
2279,0.412336528301239
2280,0.49425262212753296
2281,0.5696394443511963
2282,0.07623972743749619
2283,0.09945833683013916
2284,0.2388904094696045
2285,0.8108140230178833
2286,0.43251892924308777
2287,0.4490213096141815
2288,0.3158486783504486
2289,0.6537562012672424
2290,0.41900020837783813
2291,0.11254484951496124
2292,0.40321144461631775
2293,0.5023313164710999
2294,0.5329297780990601
2295,0.31442785263061523
2296,0.2822991609573364
2297,0.5142727494239807
2298,0.396838515996933
2299,0.15307016670703888
2300,0.40038546919822693
2301,0.6871957182884216
2302,0.17022325098514557
2303,0.30013471841812134
2304,0.31713974475860596
2305,0.19198907911777496
2306,0.3454399108886719
2307,0.7447494268417358
2308,0.20138393342494965
2309,0.4673328995704651
2310,0.619696855545044
2311,0.3562549650669098
2312,0.683515727519989
2313,0.24282343685626984
2314,0.4164726436138153
2315,0.5607189536094666
2316,0.5423731803894043
2317,0.5606083273887634
2318,0.2308100163936615
2319,0.47955912351608276
2320,0.4402596354484558
2321,0.36632049083709717
2322,0.5094485878944397
2323,0.6045523881912231
2324,0.1631842702627182
2325,0.3799595534801483
2326,0.58094722032547
2327,0.47505733370780945
2328,0.39073920249938965
2329,0.44706621766090393
2330,0.2559499144554138
2331,0.4989916980266571
2332,0.5105372071266174
2333,0.6219927072525024
2334,0.3643139600753784
2335,0.42841383814811707
2336,0.3870719075202942
2337,0.263877809047699
2338,0.5184560418128967
2339,0.4530984163284302
2340,0.44407138228416443
2341,0.41710469126701355
2342,0.6818381547927856
2343,0.35762840509414673
2344,0.38256287574768066
2345,0.480147123336792
2346,0.3188905715942383
2347,0.33932802081108093
2348,0.36968982219696045
2349,0.3377492427825928
2350,0.34418612718582153
2351,0.3695078194141388
2352,0.40135911107063293
2353,0.48978644609451294
2354,0.3720155954360962
2355,0.3638386130332947
2356,0.3049877882003784
2357,0.7195793390274048
2358,0.3527713418006897
2359,0.28688284754753113
2360,0.6569210290908813
2361,0.2937416434288025
2362,0.32434913516044617
2363,0.29635533690452576
2364,0.5429353713989258
2365,0.3517787456512451
2366,0.5592154860496521
2367,0.4456791877746582
2368,0.3909150958061218
2369,0.4479329586029053
2370,0.5580386519432068
2371,0.536156952381134
2372,0.3908836841583252
2373,0.40360215306282043
2374,0.4148370921611786
2375,0.6431633234024048
2376,0.3619348406791687
2377,0.25650930404663086
2378,0.3959720730781555
2379,0.6278308033943176
2380,0.6621638536453247
2381,0.3796815872192383
2382,0.6511268615722656
2383,0.5008352398872375
2384,0.4586929380893707
2385,0.14761021733283997
2386,0.45254451036453247
2387,0.12160434573888779
2388,0.08613890409469604
2389,0.07472553104162216
2390,0.3844868838787079
2391,0.4191821813583374
2392,0.3673338294029236
2393,0.4999538064002991
2394,0.544246256351471
2395,0.3544853627681732
2396,0.5914768576622009
2397,0.31714290380477905
2398,0.14589950442314148
2399,0.55666583776474
2400,0.12655359506607056
2401,0.576549768447876
2402,0.5458511114120483
2403,0.3937062621116638
2404,0.5667930841445923
2405,0.6851204037666321
2406,0.367249071598053
2407,0.38154470920562744
2408,0.43227487802505493
2409,0.5779772996902466
2410,0.4292452931404114
2411,0.16346175968647003
2412,0.6277653574943542
2413,0.6750189065933228
2414,0.21117328107357025
2415,0.5089902877807617
2416,0.49299731850624084
2417,0.614858865737915
2418,0.5324390530586243
2419,0.3996487259864807
2420,0.23680436611175537
2421,0.5255897641181946
2422,0.32471466064453125
2423,0.28020015358924866
2424,0.1551327258348465
2425,0.40395069122314453
2426,0.2738901972770691
2427,0.2838056981563568
2428,0.4874933362007141
2429,0.4267486333847046
2430,0.4604591727256775
2431,0.5796682238578796
2432,0.43316954374313354
2433,0.603797972202301
2434,0.4419066905975342
2435,0.4780670702457428
2436,0.5140461325645447
2437,0.4629460573196411
2438,0.43548256158828735
2439,0.6209496259689331
2440,0.3851989209651947
2441,0.20437784492969513
2442,0.387229859828949
2443,0.5810257196426392
2444,0.49352020025253296
2445,0.27008819580078125
2446,0.6760823130607605
2447,0.488394170999527
2448,0.41228652000427246
2449,0.21231135725975037
2450,0.23581881821155548
2451,0.38046884536743164
2452,0.49313563108444214
2453,0.38245293498039246
2454,0.4701556861400604
2455,0.7057951092720032
2456,0.4357524514198303
2457,0.1114969477057457
2458,0.3780399560928345
2459,0.4264586567878723
2460,0.3344380855560303
2461,0.38077086210250854
2462,0.33449798822402954
2463,0.8263005614280701
2464,0.5634080767631531
2465,0.6468429565429688
2466,0.2831362783908844
2467,0.3972606658935547
2468,0.5680283308029175
2469,0.6329743266105652
2470,0.4325101375579834
2471,0.30524832010269165
2472,0.3965628147125244
2473,0.3206135332584381
2474,0.547095537185669
2475,0.42941007018089294
2476,0.4370567798614502
2477,0.23779408633708954
2478,0.512754499912262
2479,0.4952872395515442
2480,0.2625635266304016
2481,0.5005937814712524
2482,0.5592107176780701
2483,0.4238182008266449
2484,0.636753261089325
2485,0.31105732917785645
2486,0.675970733165741
2487,0.4440658390522003
2488,0.36138710379600525
2489,0.5906795859336853
2490,0.26870009303092957
2491,0.3824671804904938
2492,0.6644227504730225
2493,0.46415597200393677
2494,0.6135555505752563
2495,0.3967646658420563
2496,0.3669079840183258
2497,0.36732763051986694
2498,0.6005263328552246
2499,0.8101574182510376
2500,0.7122747302055359
2501,0.2258010357618332
2502,0.5330891609191895
2503,0.5367257595062256
2504,0.07665911316871643
2505,0.4813033938407898
2506,0.49038413166999817
2507,0.4971383213996887
2508,0.484198659658432
2509,0.4705519676208496
2510,0.3784371614456177
2511,0.6386861801147461
2512,0.7236250638961792
2513,0.24797116219997406
2514,0.6559008955955505
2515,0.2685706317424774
2516,0.7322624921798706
2517,0.726334810256958
2518,0.29413551092147827
2519,0.37953871488571167
2520,0.4505618214607239
2521,0.7061747908592224
2522,0.41303449869155884
2523,0.23480844497680664
2524,0.47002607583999634
2525,0.33245736360549927
2526,0.36315369606018066
2527,0.5360609889030457
2528,0.4435552656650543
2529,0.26007625460624695
2530,0.31034889817237854
2531,0.6147030591964722
2532,0.3805084228515625
2533,0.5176441669464111
2534,0.3657035827636719
2535,0.8318217992782593
2536,0.2516005039215088
2537,0.6002616286277771
2538,0.6367262601852417
2539,0.5178948044776917
2540,0.2519024908542633
2541,0.4208333492279053
2542,0.5233466029167175
2543,0.6117904782295227
2544,0.7991296648979187
2545,0.35212913155555725
2546,0.4229274392127991
2547,0.2670132517814636
2548,0.2918497323989868
2549,0.3822328448295593
2550,0.38085415959358215
2551,0.3953421711921692
2552,0.3329857885837555
2553,0.13406628370285034
2554,0.41216394305229187
2555,0.663806140422821
2556,0.1621050387620926
2557,0.24928350746631622
2558,0.39826253056526184
2559,0.6412236094474792
2560,0.494591623544693
2561,0.5468277931213379
2562,0.7492833733558655
2563,0.2448020875453949
2564,0.2868013083934784
2565,0.29099127650260925
2566,0.5564787983894348
2567,0.10052947700023651
2568,0.45615139603614807
2569,0.43582451343536377
2570,0.5873867273330688
2571,0.46864208579063416
2572,0.2969009578227997
2573,0.5037833452224731
2574,0.4665980041027069
2575,0.4043531119823456
2576,0.33974072337150574
2577,0.42063766717910767
2578,0.529123842716217
2579,0.2076423019170761
2580,0.5283011794090271
2581,0.500734269618988
2582,0.41795092821121216
2583,0.6302289366722107
2584,0.5209704041481018
2585,0.5829401612281799
2586,0.038561973720788956
2587,0.5011242032051086
2588,0.7878709435462952
2589,0.7160682082176208
2590,0.3639630973339081
2591,0.26962095499038696
2592,0.17942139506340027
2593,0.33735305070877075
2594,0.07205361127853394
2595,0.4518453776836395
2596,0.7997035980224609
2597,0.26570793986320496
2598,0.045251697301864624
2599,0.09949085116386414
2600,0.23048719763755798
2601,0.23934270441532135
2602,0.41067567467689514
2603,0.507690966129303
2604,0.18964427709579468
2605,0.7476388812065125
2606,0.4085352122783661
2607,0.5462607741355896
2608,0.32017749547958374
2609,0.5609967708587646
2610,0.5768432021141052
2611,0.3269268870353699
2612,0.2139921635389328
2613,0.4050375819206238
2614,0.4108031392097473
2615,0.4044884443283081
2616,0.44038304686546326
2617,0.3818528950214386
2618,0.38249820470809937
2619,0.35282817482948303
2620,0.6317223906517029
2621,0.23746280372142792
2622,0.40292730927467346
2623,0.13637731969356537
2624,-0.08893323689699173
2625,0.6196542382240295
2626,0.6149438619613647
2627,0.5442396998405457
2628,0.5304437875747681
2629,0.6379374861717224
2630,0.2850959897041321
2631,0.3592950701713562
2632,0.23769383132457733
2633,0.6594512462615967
2634,0.4175356328487396
2635,0.30397385358810425
2636,0.2065393179655075
2637,0.3525746762752533
2638,0.40710416436195374
2639,0.7493146657943726
2640,0.3583128750324249
2641,0.566304624080658
2642,0.5502158403396606
2643,0.29915332794189453
2644,0.7193722128868103
2645,0.33630844950675964
2646,0.7099834084510803
2647,0.6351334452629089
2648,0.38280367851257324
2649,0.42241591215133667
2650,0.5665510892868042
2651,0.5056605339050293
2652,0.4503695070743561
2653,0.45051202178001404
2654,0.700289785861969
2655,0.5613396167755127
2656,0.20250248908996582
2657,0.3470582365989685
2658,0.3226955235004425
2659,0.5822274684906006
2660,0.5345763564109802
2661,0.5360654592514038
2662,0.3648274540901184
2663,0.3323901891708374
2664,0.526559054851532
2665,0.6992080211639404
2666,0.6900141835212708
2667,0.7481256723403931
2668,0.38949137926101685
2669,0.2968898117542267
2670,0.6432949900627136
2671,0.3323734402656555
2672,0.21231062710285187
2673,0.4847508370876312
2674,0.45540785789489746
2675,0.3927239775657654
2676,0.3948878049850464
2677,0.6854701638221741
2678,0.4746139943599701
2679,0.2193211168050766
2680,0.6575915813446045
2681,0.3097118139266968
2682,0.2484303116798401
2683,0.5644643902778625
2684,0.3232819736003876
2685,0.7517670392990112
2686,0.5143224596977234
2687,0.43255841732025146
2688,0.7550047636032104
2689,0.33570346236228943
2690,0.4099382162094116
2691,0.5735566020011902
2692,0.12792910635471344
2693,0.34765514731407166
2694,0.46592527627944946
2695,0.3765525817871094
2696,0.41220930218696594
2697,0.7515909075737
2698,0.5663371682167053
2699,0.4580947458744049
2700,0.6020970344543457
2701,0.15695521235466003
2702,0.2563757300376892
2703,0.6057018637657166
2704,0.6239892840385437
2705,0.5022047162055969
2706,0.37808820605278015
2707,0.6350544095039368
2708,0.6086639761924744
2709,0.4162099063396454
2710,0.18706390261650085
2711,0.6350013613700867
2712,0.5641316771507263
2713,0.30076947808265686
2714,0.30831876397132874
2715,0.3149663805961609
2716,0.5307928323745728
2717,0.1221010759472847
2718,0.3094364404678345
2719,0.6272874474525452
2720,0.4987758696079254
2721,0.30959033966064453
2722,0.6841000318527222
2723,0.642914891242981
2724,0.2905803620815277
2725,0.4972662925720215
2726,0.6150537729263306
2727,0.5085927248001099
2728,0.39881715178489685
2729,0.37207141518592834
2730,0.29388830065727234
2731,0.8059351444244385
2732,0.38022130727767944
2733,0.2631906569004059
2734,0.4144282937049866
2735,0.6090456247329712
2736,0.5444508194923401
2737,0.6558067798614502
2738,0.4907822906970978
2739,0.25606340169906616
2740,0.6079262495040894
2741,0.32159778475761414
2742,0.3294878304004669
2743,0.46366000175476074
2744,0.2338676005601883
2745,0.24855946004390717
2746,0.4662674069404602
2747,0.11106804758310318
2748,0.5895146131515503
2749,0.6047935485839844
2750,0.6522729396820068
2751,0.35522890090942383
2752,0.4015226364135742
2753,0.32318127155303955
2754,0.2323995679616928
2755,0.4322381317615509
2756,0.25942179560661316
2757,0.7934786081314087
2758,0.6605653166770935
2759,0.13871021568775177
2760,0.48579660058021545
2761,0.3746786117553711
2762,0.6041802763938904
2763,0.3365798592567444
2764,0.7557057738304138
2765,0.3954561948776245
2766,0.7256724834442139
2767,0.21172402799129486
2768,0.35563603043556213
2769,0.4404756724834442
2770,0.3698897063732147
2771,0.4186587333679199
2772,0.3600286841392517
2773,0.37168678641319275
2774,0.4651050865650177
2775,0.3336554765701294
2776,0.6818508505821228
2777,0.40701478719711304
2778,0.4291948080062866
2779,0.3307940661907196
2780,0.5749945044517517
2781,0.7527666687965393
2782,0.5402792096138
2783,0.43790167570114136
2784,0.32942068576812744
2785,0.6302568912506104
2786,0.1438376009464264
2787,0.4280215799808502
2788,0.5867316722869873
2789,0.7691589593887329
2790,0.5251761674880981
2791,0.3026525378227234
2792,0.4501384496688843
2793,0.2564842402935028
2794,0.41758963465690613
2795,0.5702627897262573
2796,0.30317065119743347
2797,0.44582220911979675
2798,0.5646124482154846
2799,0.42285606265068054
2800,0.35060814023017883
2801,0.46776869893074036
2802,0.39707887172698975
2803,0.4494812786579132
2804,0.5318355560302734
2805,0.3867133557796478
2806,0.5545331835746765
2807,0.5423597097396851
2808,0.37852180004119873
2809,0.5804425477981567
2810,0.48769113421440125
2811,0.28217822313308716
2812,0.3818795382976532
2813,0.42897242307662964
2814,0.37148889899253845
2815,0.12370802462100983
2816,0.3279692232608795
2817,0.7054720520973206
2818,0.27052322030067444
2819,0.6538835167884827
2820,0.46116602420806885
2821,0.4777100086212158
2822,0.43540289998054504
2823,0.8343822956085205
2824,0.5354017019271851
2825,0.3215009868144989
2826,0.551520049571991
2827,0.5810232162475586
2828,0.43303152918815613
2829,0.41600510478019714
2830,0.11083474010229111
2831,0.5163304209709167
2832,0.5564937591552734
2833,0.42971891164779663
2834,0.5883309841156006
2835,0.42416703701019287
2836,0.49845099449157715
2837,0.5886172652244568
2838,0.4693528413772583
2839,0.3214544653892517
2840,0.5564507842063904
2841,0.48522570729255676
2842,0.3263958990573883
2843,0.627355694770813
2844,0.7413968443870544
2845,0.5440767407417297
2846,0.6227274537086487
2847,0.34838467836380005
2848,0.5849370956420898
2849,0.2933601438999176
2850,0.10741554200649261
2851,0.47380855679512024
2852,0.44037654995918274
2853,0.06408905982971191
2854,0.500960111618042
2855,0.3509295582771301
2856,0.3242166340351105
2857,0.38994917273521423
2858,0.25976070761680603
2859,0.8226121664047241
2860,0.5765498876571655
2861,0.5064783096313477
2862,0.5635306239128113
2863,0.6614112257957458
2864,0.44523733854293823
2865,0.2949892580509186
2866,0.577876091003418
2867,0.7123883962631226
2868,0.39444246888160706
2869,0.43578052520751953
2870,0.5303682684898376
2871,0.8528202176094055
2872,0.38781750202178955
2873,0.516258955001831
2874,0.6399769186973572
2875,0.6913720369338989
2876,0.6896109580993652
2877,0.14784754812717438
2878,0.3615228533744812
2879,0.6144624352455139
2880,0.383116751909256
2881,0.4140184819698334
2882,0.3869033455848694
2883,0.28218528628349304
2884,0.5290929079055786
2885,0.42267298698425293
2886,0.2521834373474121
2887,0.4325341284275055
2888,0.3678615987300873
2889,0.3032616674900055
2890,0.29899856448173523
2891,0.5693409442901611
2892,0.31391945481300354
2893,0.5066546201705933
2894,0.5935781002044678
2895,0.2957473397254944
2896,0.5680174827575684
2897,0.39133980870246887
2898,0.5825494527816772
2899,0.4964899718761444
2900,0.20720084011554718
2901,0.4208112061023712
2902,0.33747267723083496
2903,0.41429758071899414
2904,0.17580099403858185
2905,0.3717575669288635
2906,0.6237170696258545
2907,0.277991384267807
2908,0.3243229389190674
2909,0.5993027091026306
2910,0.2928140461444855
2911,0.5209303498268127
2912,0.5925593972206116
2913,0.4720393419265747
2914,0.4712751805782318
2915,0.34845981001853943
2916,0.44819045066833496
2917,0.33381617069244385
2918,0.2661798894405365
2919,0.5445804595947266
2920,0.1597524732351303
2921,0.4424992501735687
2922,0.3879637122154236
2923,0.39970502257347107
2924,0.5703867673873901
2925,0.2807910740375519
2926,0.47146278619766235
2927,0.5502097606658936
2928,0.15667235851287842
2929,0.3481411337852478
2930,0.5752217173576355
2931,0.5041003823280334
2932,0.42688053846359253
2933,0.17693772912025452
2934,0.2733500599861145
2935,0.5371596813201904
2936,0.5362240076065063
2937,0.2821201682090759
2938,0.6126502752304077
2939,0.2835904061794281
2940,0.6723522543907166
2941,0.43117907643318176
2942,0.5963779091835022
2943,0.6358203291893005
2944,0.6375810503959656
2945,0.5443018674850464
2946,0.23806606233119965
2947,0.425940603017807
2948,0.5285558104515076
2949,0.4596323072910309
2950,0.4291646182537079
2951,0.5198280811309814
2952,0.2366950660943985
2953,0.46715012192726135
2954,0.30546891689300537
2955,0.6266390085220337
2956,0.43596020340919495
2957,0.37517982721328735
2958,0.5581507086753845
2959,0.4424183666706085
2960,0.38404643535614014
2961,0.40492570400238037
2962,0.47681623697280884
2963,0.5232445597648621
2964,0.507655918598175
2965,0.4773542284965515
2966,0.2518533170223236
2967,0.8581598997116089
2968,0.3254818320274353
2969,0.3205779194831848
2970,0.6070959568023682
2971,0.4507099390029907
2972,0.3463473618030548
2973,0.15823498368263245
2974,0.6053823828697205
2975,0.16393280029296875
2976,0.2621234059333801
2977,0.6225660443305969
2978,0.3506346344947815
2979,0.5384624600410461
2980,0.5657236576080322
2981,0.3135571777820587
2982,0.4988878071308136
2983,0.5932072401046753
2984,0.47611016035079956
2985,0.5349069237709045
2986,0.27171868085861206
2987,0.43933799862861633
2988,0.5704355835914612
2989,0.5020092129707336
2990,0.3105749487876892
2991,0.6870667338371277
2992,0.5920330882072449
2993,0.3694879114627838
2994,0.5517745018005371
2995,0.3712396025657654
2996,0.5499257445335388
2997,0.4602457284927368
2998,0.5271931290626526
2999,0.6791739463806152
3000,0.531734824180603
3001,0.5016794800758362
3002,0.284820556640625
3003,0.3720073997974396
3004,0.5090453624725342
3005,0.5935590863227844
3006,0.37602534890174866
3007,0.5525335073471069
3008,0.5230342745780945
3009,0.03978150710463524
3010,0.9118476510047913
3011,0.40775370597839355
3012,0.5107786655426025
3013,0.3864390254020691
3014,0.3604351878166199
3015,0.3314763009548187
3016,0.4363045394420624
3017,0.45503300428390503
3018,0.3516704738140106
3019,0.18755988776683807
3020,0.4830167591571808
3021,0.59409099817276
3022,0.3889113664627075
3023,0.34558379650115967
3024,0.37163683772087097
3025,0.30915606021881104
3026,0.4319716989994049
3027,0.5493437051773071
3028,0.598747968673706
3029,0.3226369023323059
3030,0.26482945680618286
3031,0.6038178205490112
3032,0.5400204062461853
3033,0.2427302896976471
3034,0.3165179491043091
3035,0.6316769123077393
3036,0.6445712447166443
3037,0.5864019393920898
3038,0.4290768802165985
3039,0.4779982268810272
3040,0.4340354800224304
3041,0.2674989402294159
3042,0.5725019574165344
3043,0.46792179346084595
3044,0.5160964131355286
3045,0.5298372507095337
3046,0.5718640685081482
3047,0.3300601840019226
3048,0.3004867732524872
3049,0.7717799544334412
3050,0.6880913972854614
3051,0.5880717635154724
3052,0.6456689238548279
3053,0.5671986937522888
3054,0.48468509316444397
3055,0.40378907322883606
3056,0.3897484838962555
3057,0.5971521735191345
3058,0.5072901844978333
3059,0.39219942688941956
3060,0.6149279475212097
3061,0.4667699635028839
3062,0.2765365540981293
3063,0.31008023023605347
3064,0.8553229570388794
3065,0.4421535134315491
3066,0.3020210266113281
3067,0.37880149483680725
3068,0.482381671667099
3069,0.415168434381485
3070,0.5061289072036743
3071,0.33148300647735596
3072,0.431406170129776
3073,0.4973215162754059
3074,0.2986316382884979
3075,0.5251270532608032
3076,0.4096852242946625
3077,0.31021615862846375
3078,0.4571992754936218
3079,0.5602558255195618
3080,0.6226188540458679
3081,0.441224604845047
3082,0.3674924373626709
3083,0.39002835750579834
3084,0.8471667766571045
3085,0.45841386914253235
3086,0.6702700853347778
3087,0.5909284949302673
3088,0.4007613956928253
3089,0.7428292036056519
3090,0.23376116156578064
3091,0.5427744388580322
3092,0.3932824730873108
3093,0.2543058395385742
3094,0.5310866236686707
3095,0.3955354690551758
3096,0.5228787660598755
3097,0.2855965495109558
3098,0.0782095193862915
3099,0.7304098606109619
3100,0.2197282463312149
3101,0.40249142050743103
3102,0.09750409424304962
3103,0.39871707558631897
3104,0.33781135082244873
3105,0.4601428806781769
3106,0.3910505771636963
3107,0.2756039500236511
3108,0.6983729600906372
3109,0.2785518765449524
3110,0.39998865127563477
3111,0.4082944095134735
3112,0.13565537333488464
3113,0.6068834066390991
3114,0.1401999443769455
3115,0.6805436015129089
3116,0.2828327417373657
3117,0.5804056525230408
3118,0.6872149705886841
3119,0.25773799419403076
3120,0.2886253893375397
3121,0.5177235007286072
3122,0.22389796376228333
3123,0.5864927172660828
3124,0.49584445357322693
3125,0.4968254566192627
3126,0.5736290216445923
3127,0.3935966193675995
3128,0.49698811769485474
3129,0.29519417881965637
3130,0.5556303858757019
3131,0.23431013524532318
3132,0.3827669322490692
3133,0.5670424103736877
3134,0.4767971932888031
3135,0.2309727817773819
3136,0.41815346479415894
3137,0.6811450123786926
3138,0.6540937423706055
3139,0.5449184775352478
3140,0.5568419694900513
3141,0.3907445967197418
3142,0.0652916207909584
3143,0.2492436021566391
3144,0.6601107716560364
3145,0.30689018964767456
3146,0.4093163013458252
3147,0.5878443717956543
3148,0.6230635643005371
3149,0.3427920341491699
3150,0.4820826053619385
3151,0.33465269207954407
3152,0.595795750617981
3153,0.40819644927978516
3154,0.5776078104972839
3155,0.49587517976760864
3156,0.5840288996696472
3157,0.35204842686653137
3158,0.5980196595191956
3159,0.45771539211273193
3160,0.5257986187934875
3161,0.4162621796131134
3162,0.5689709186553955
3163,0.8641505241394043
3164,0.38332492113113403
3165,0.5645961761474609
3166,0.6097776293754578
3167,0.08185896277427673
3168,0.45302680134773254
3169,0.31645387411117554
3170,0.4872130751609802
3171,0.42603349685668945
3172,0.7537820339202881
3173,0.6044080257415771
3174,0.542636513710022
3175,0.2367325723171234
3176,0.3693125545978546
3177,0.26985570788383484
3178,0.45438772439956665
3179,0.559903621673584
3180,0.34982404112815857
3181,0.684443473815918
3182,0.27697277069091797
3183,0.8764493465423584
3184,0.5540256500244141
3185,0.48285040259361267
3186,0.21694843471050262
3187,0.36933159828186035
3188,0.2302178591489792
3189,0.7939666509628296
3190,0.384451687335968
3191,0.1997056007385254
3192,0.49435606598854065
3193,0.588156521320343
3194,0.6722511053085327
3195,0.7759516835212708
3196,0.5746089816093445
3197,0.5006751418113708
3198,0.6828823685646057
3199,0.2518339157104492
3200,0.47697001695632935
3201,0.4276956617832184
3202,0.30158746242523193
3203,0.514750063419342
3204,0.3727239668369293
3205,0.5251970291137695
3206,0.19620250165462494
3207,0.3153294324874878
3208,0.42000317573547363
3209,0.5656881928443909
3210,0.6087155938148499
3211,0.17387303709983826
3212,0.5506213307380676
3213,0.21609511971473694
3214,0.5811116099357605
3215,0.5958008766174316
3216,0.38045328855514526
3217,0.5496896505355835
3218,0.3214220404624939
3219,0.27111566066741943
3220,0.29646754264831543
3221,0.638634979724884
3222,0.4280919134616852
3223,0.48543551564216614
3224,0.6247920393943787
3225,0.3708719313144684
3226,0.677002489566803
3227,0.6370711326599121
3228,0.5724319219589233
3229,0.3052367866039276
3230,0.6591070890426636
3231,0.3807397186756134
3232,0.6127954125404358
3233,0.44715172052383423
3234,0.21329565346240997
3235,0.45609766244888306
3236,0.5314210653305054
3237,0.31330788135528564
3238,0.5305382609367371
3239,0.30126991868019104
3240,0.5406474471092224
3241,0.3116914629936218
3242,0.6341644525527954
3243,0.4968767464160919
3244,0.4791626036167145
3245,0.36581310629844666
3246,0.5002856254577637
3247,0.42878594994544983
3248,0.35165590047836304
3249,0.34995439648628235
3250,0.10171075910329819
3251,0.5049882531166077
3252,0.30828824639320374
3253,0.6772759556770325
3254,0.25989261269569397
3255,0.5653788447380066
3256,0.38767868280410767
3257,0.3975684344768524
3258,0.3149026036262512
3259,0.550532341003418
3260,0.24739708006381989
3261,0.4024471044540405
3262,0.7237467169761658
3263,0.29568639397621155
3264,0.28539860248565674
3265,0.08277691155672073
3266,0.5234752297401428
3267,0.6943137049674988
3268,0.3338421583175659
3269,0.40102988481521606
3270,0.3866472542285919
3271,0.42840835452079773
3272,0.36711201071739197
3273,0.19805632531642914
3274,0.5462673306465149
3275,0.7231548428535461
3276,0.2486863136291504
3277,0.3718034029006958
3278,0.36457329988479614
3279,0.4260447919368744
3280,0.28844892978668213
3281,0.29734668135643005
3282,0.6068856120109558
3283,0.28336289525032043
3284,0.3424900472164154
3285,0.7450783252716064
3286,0.3600776791572571
3287,0.5597102642059326
3288,0.3206365406513214
3289,0.5066437721252441
3290,0.26754552125930786
3291,0.41686367988586426
3292,0.26589295268058777
3293,0.25400203466415405
3294,0.23025666177272797
3295,0.35545289516448975
3296,0.25121045112609863
3297,0.26856207847595215
3298,0.3835386633872986
3299,0.4655288755893707
3300,0.5773575901985168
3301,0.5112327337265015
3302,0.6854093074798584
3303,0.22855213284492493
3304,0.6114035844802856
3305,0.5143361687660217
3306,0.3294411897659302
3307,0.4338929355144501
3308,0.5002741813659668
3309,0.638019859790802
3310,0.6969767212867737
3311,0.39652517437934875
3312,0.6149697303771973
3313,0.5004821419715881
3314,0.3745032846927643
3315,0.2649601399898529
3316,0.461548775434494
3317,0.5304884314537048
3318,0.31409376859664917
3319,0.5734700560569763
3320,0.5245583653450012
3321,0.610469400882721
3322,0.35640206933021545
3323,0.5713924169540405
3324,0.3194413185119629
3325,0.3617425858974457
3326,-0.03169173374772072
3327,0.42316609621047974
3328,0.512711763381958
3329,0.3014516234397888
3330,0.4769059717655182
3331,0.5590934753417969
3332,0.560539186000824
3333,0.3784445822238922
3334,0.5607901215553284
3335,0.38007575273513794
3336,0.5293983221054077
3337,0.4580453336238861
3338,0.2749141752719879
3339,0.5674386024475098
3340,0.42713552713394165
3341,0.23471826314926147
3342,0.663695752620697
3343,0.07455945760011673
3344,0.2632335126399994
3345,0.6908530592918396
3346,0.3658713400363922
3347,0.46205654740333557
3348,0.5748953819274902
3349,0.5326929688453674
3350,0.3283478319644928
3351,0.6109158992767334
3352,0.42868441343307495
3353,0.39148902893066406
3354,0.23259441554546356
3355,0.19950515031814575
3356,0.5339849591255188
3357,0.31971994042396545
3358,0.4227248728275299
3359,0.5224078893661499
3360,0.21388034522533417
3361,0.6337456703186035
3362,0.5164474844932556
3363,0.73418128490448
3364,0.617546796798706
3365,0.4738357961177826
3366,0.7871623039245605
3367,0.3215433359146118
3368,0.7146679162979126
3369,0.4099520444869995
3370,0.28864869475364685
3371,0.5684670209884644
3372,0.11043000221252441
3373,0.4433217942714691
3374,0.3841574788093567
3375,0.5250764489173889
3376,0.7357516288757324
3377,0.4139816164970398
3378,0.5447720289230347
3379,0.3491877615451813
3380,0.06404052674770355
3381,0.3147337734699249
3382,0.43769973516464233
3383,0.5322061777114868
3384,0.5303935408592224
3385,0.25032681226730347
3386,0.5126741528511047
3387,0.6355055570602417
3388,0.5529688000679016
3389,0.6986556053161621
3390,0.384265273809433
3391,0.5091311931610107
3392,0.6666277050971985
3393,0.4290185272693634
3394,0.4231290817260742
3395,0.769495964050293
3396,0.38595807552337646
3397,0.29934263229370117
3398,0.18514443933963776
3399,0.3742767870426178
3400,0.44830963015556335
3401,0.20710089802742004
3402,0.4530733525753021
3403,0.2557816803455353
3404,0.025566041469573975
3405,0.37209397554397583
3406,0.5203426480293274
3407,0.5596206784248352
3408,0.34411710500717163
3409,0.23418036103248596
3410,0.29138243198394775
3411,0.5445248484611511
3412,0.6379773020744324
3413,0.608220636844635
3414,0.3975575268268585
3415,0.45102566480636597
3416,0.5644664764404297
3417,0.5389533042907715
3418,0.5832401514053345
3419,0.5021958351135254
3420,0.25665462017059326
3421,0.663210391998291
3422,0.571503758430481
3423,0.30927425622940063
3424,0.48296475410461426
3425,0.7096844911575317
3426,0.45745524764060974
3427,0.5292806625366211
3428,0.3752279579639435
3429,0.42686179280281067
3430,0.43055611848831177
3431,0.6243414878845215
3432,0.6475808620452881
3433,0.2927667796611786
3434,0.1065845713019371
3435,0.24072284996509552
3436,0.7941102385520935
3437,0.772132158279419
3438,0.6591299772262573
3439,0.4935506284236908
3440,0.46951624751091003
3441,0.37324079871177673
3442,0.5811702609062195
3443,0.7091756463050842
3444,0.17004159092903137
3445,0.5007409453392029
3446,0.337429940700531
3447,0.4154393672943115
3448,0.3317367434501648
3449,0.6822795271873474
3450,0.5548052787780762
3451,0.40030092000961304
3452,0.7971037030220032
3453,0.46150335669517517
3454,0.6677085757255554
3455,0.3624536991119385
3456,0.46532225608825684
3457,0.6003806591033936
3458,0.28969186544418335
3459,0.48018449544906616
3460,0.615342915058136
3461,0.556973934173584
3462,0.34527385234832764
3463,0.4306849241256714
3464,0.34350207448005676
3465,0.8709893822669983
3466,0.3923521637916565
3467,0.23562802374362946
3468,0.5854793190956116
3469,0.480882853269577
3470,0.1058700829744339
3471,0.5797067284584045
3472,0.3475576639175415
3473,0.5437593460083008
3474,0.4863141179084778
3475,0.28507062792778015
3476,0.5144864320755005
3477,0.6604911088943481
3478,0.5337094664573669
3479,0.3797251582145691
3480,0.5133982300758362
3481,0.4287763237953186
3482,0.30523672699928284
3483,0.2407207489013672
3484,0.5160144567489624
3485,0.22992220520973206
3486,0.6522713303565979
3487,0.48410579562187195
3488,0.2961425483226776
3489,0.3164401948451996
3490,0.3306732475757599
3491,0.3138309121131897
3492,0.12596012651920319
3493,0.5323901772499084
3494,0.49242106080055237
3495,0.3332274556159973
3496,0.3533865213394165
3497,0.4386068880558014
3498,0.4466962516307831
3499,0.3698295056819916
3500,0.2798694968223572
3501,0.37812554836273193
3502,0.3997349739074707
3503,0.5389664173126221
3504,0.38808903098106384
3505,0.49891024827957153
3506,0.41106274724006653
3507,0.3183180093765259
3508,0.8195546865463257
3509,0.5283272862434387
3510,0.6465150713920593
3511,0.44842836260795593
3512,0.2113853096961975
3513,0.32327961921691895
3514,0.545414388179779
3515,0.385655015707016
3516,0.3300049304962158
3517,0.4132348895072937
3518,0.06573992967605591
3519,0.6602163314819336
3520,0.30196377635002136
3521,0.7463177442550659
3522,0.46844711899757385
3523,0.393088161945343
3524,0.5132031440734863
3525,0.6107223033905029
3526,0.33809223771095276
3527,0.4462243616580963
3528,0.454987108707428
3529,0.21771252155303955
3530,0.33999547362327576
3531,0.583185076713562
3532,0.13301821053028107
3533,0.2406827062368393
3534,0.2783852815628052
3535,0.40663114190101624
3536,0.8756144046783447
3537,0.41834598779678345
3538,0.6413775086402893
3539,0.39408373832702637
3540,0.6051428318023682
3541,0.4327005445957184
3542,0.40944549441337585
3543,0.6800493001937866
3544,0.6967129111289978
3545,0.46557414531707764
3546,0.4278433620929718
3547,0.36888861656188965
3548,0.34352681040763855
3549,0.518832802772522
3550,0.32134830951690674
3551,0.312896728515625
3552,0.308718204498291
3553,0.3604302406311035
3554,0.452451229095459
3555,0.4302944242954254
3556,0.5688993334770203
3557,0.42618516087532043
3558,0.5948940515518188
3559,0.4223990738391876
3560,0.3648681342601776
3561,0.7979324460029602
3562,0.30472803115844727
3563,0.27651458978652954
3564,0.054035063832998276
3565,0.608461320400238
3566,0.29484763741493225
3567,0.23914478719234467
3568,0.34045276045799255
3569,0.2111920267343521
3570,0.39314740896224976
3571,0.314566433429718
3572,0.18240268528461456
3573,0.4904196560382843
3574,0.593576967716217
3575,0.4694897532463074
3576,0.39182206988334656
3577,0.3033387362957001
3578,0.445750892162323
3579,0.684757649898529
3580,0.549435555934906
3581,0.3302600383758545
3582,0.5778502821922302
3583,0.5407786965370178
3584,0.6474561095237732
3585,0.529023289680481
3586,0.6068078875541687
3587,0.19397102296352386
3588,0.3210018277168274
3589,0.6751723885536194
3590,0.3944513201713562
3591,0.5498297214508057
3592,0.44457367062568665
3593,0.3919995427131653
3594,0.35561108589172363
3595,0.45457279682159424
3596,0.6946292519569397
3597,0.31123974919319153
3598,0.48265546560287476
3599,0.6594892144203186
3600,0.43206292390823364
3601,0.32168570160865784
3602,0.26558664441108704
3603,0.1712479442358017
3604,0.709941029548645
3605,0.2966195344924927
3606,0.4426101744174957
3607,0.46351122856140137
3608,0.3999496102333069
3609,0.4244037866592407
3610,0.39510300755500793
3611,0.4454791247844696
3612,0.3216696083545685
3613,0.5211713314056396
3614,0.2457766830921173
3615,0.2636497914791107
3616,0.32747122645378113
3617,0.2791602313518524
3618,0.27161556482315063
3619,0.319577693939209
3620,0.35847872495651245
3621,0.6069029569625854
3622,0.18495836853981018
3623,0.5428849458694458
3624,0.280497670173645
3625,0.5175300240516663
3626,0.37834081053733826
3627,0.22134864330291748
3628,0.40541428327560425
3629,0.2188348025083542
3630,0.5695965886116028
3631,0.35207048058509827
3632,0.4607049524784088
3633,0.44401901960372925
3634,0.4956660866737366
3635,0.44265228509902954
3636,0.44410863518714905
3637,0.25064972043037415
3638,0.4184759557247162
3639,0.36366555094718933
3640,0.29537755250930786
3641,0.3672250211238861
3642,0.7026707530021667
3643,0.5196141004562378
3644,0.4892868995666504
3645,0.39377251267433167
3646,0.7328041791915894
3647,0.5465131998062134
3648,0.37519535422325134
3649,0.3109956979751587
3650,0.36230766773223877
3651,0.3909372091293335
3652,0.32620757818222046
3653,0.7710442543029785
3654,0.6847222447395325
3655,0.07844693213701248
3656,0.36012324690818787
3657,0.4187205731868744
3658,0.4729604423046112
3659,0.42618465423583984
3660,0.1360720694065094
3661,0.4359421133995056
3662,0.5954623818397522
3663,0.3954189121723175
3664,0.6441637277603149
3665,0.6567753553390503
3666,0.5180646181106567
3667,0.42396777868270874
3668,0.12700089812278748
3669,0.4873381555080414
3670,0.2322598546743393
3671,0.6130785942077637
3672,0.13211236894130707
3673,0.3767088055610657
3674,0.5796463489532471
3675,0.776295006275177
3676,0.5493771433830261
3677,0.6087579727172852
3678,0.4334825873374939
3679,0.5047318339347839
3680,0.2781977653503418
3681,0.16079911589622498
3682,0.40347805619239807
3683,0.25385013222694397
3684,0.5830571055412292
3685,0.6721155047416687
3686,0.5115964412689209
3687,0.5832836627960205
3688,0.46297356486320496
3689,0.7400650978088379
3690,0.4601588249206543
3691,0.34464412927627563
3692,0.16072362661361694
3693,0.34918642044067383
3694,0.2287738025188446
3695,0.47379180788993835
3696,0.38652440905570984
3697,0.4820779860019684
3698,0.751879870891571
3699,0.4616009294986725
3700,0.1869746297597885
3701,0.5371100306510925
3702,0.4843938946723938
3703,0.4325864315032959
3704,0.29897603392601013
3705,0.30406323075294495
3706,0.28936251997947693
3707,0.36311471462249756
3708,0.6961075663566589
3709,0.3155943751335144
3710,0.3188946545124054
3711,0.362094908952713
3712,0.5962413549423218
3713,0.692976713180542
3714,0.35073432326316833
3715,0.42418208718299866
3716,0.644130527973175
3717,0.2768881916999817
3718,0.39499595761299133
3719,0.7662298083305359
3720,0.5538718104362488
3721,0.4716731011867523
3722,0.7363750338554382
3723,0.48909053206443787
3724,-0.026965346187353134
3725,0.45496681332588196
3726,0.3564384877681732
3727,0.48354727029800415
3728,0.5834933519363403
3729,0.37965258955955505
3730,0.4508276879787445
3731,0.48146945238113403
3732,0.6985291838645935
3733,0.25274235010147095
3734,0.6874985098838806
3735,0.5414941906929016
3736,0.3406420052051544
3737,0.239789217710495
3738,0.2903188169002533
3739,0.5229602456092834
3740,0.6447134613990784
3741,0.5721691250801086
3742,0.5565228462219238
3743,0.6240411400794983
3744,0.36131682991981506
3745,0.5604777932167053
3746,0.46561604738235474
3747,0.07745780795812607
3748,0.47056251764297485
3749,0.3457528352737427
3750,0.6728951930999756
3751,0.4018971025943756
3752,0.6379085183143616
3753,0.49273693561553955
3754,0.28056129813194275
3755,0.342448890209198
3756,0.6883004307746887
3757,0.5080559253692627
3758,0.31605204939842224
3759,0.6802019476890564
3760,0.417945921421051
3761,0.2606460452079773
3762,0.6199984550476074
3763,0.10054199397563934
3764,0.670494019985199
3765,0.20469212532043457
3766,0.4399578869342804
3767,0.6331701874732971
3768,0.3852446973323822
3769,0.20205287635326385
3770,0.39563289284706116
3771,0.4445689022541046
3772,0.5228556394577026
3773,0.6462642550468445
3774,0.2609030604362488
3775,0.5866125226020813
3776,0.1443764567375183
3777,0.334536075592041
3778,0.2731294333934784
3779,0.32940495014190674
3780,0.25166818499565125
3781,0.4293750524520874
3782,0.4400028586387634
3783,0.6230151057243347
3784,0.5553804636001587
3785,0.48684176802635193
3786,0.5532070398330688
3787,0.08450573682785034
3788,0.4035756587982178
3789,0.568713366985321
3790,0.17994239926338196
3791,0.7391993403434753
3792,0.6332996487617493
3793,0.5229009985923767
3794,0.44723305106163025
3795,0.49625086784362793
3796,0.48098692297935486
3797,0.289638876914978
3798,0.3787900507450104
3799,0.3009549677371979
3800,0.5225527882575989
3801,0.4697124660015106
3802,0.4016495943069458
3803,0.4528369605541229
3804,0.708215057849884
3805,0.45342233777046204
3806,0.7269493937492371
3807,0.6709594130516052
3808,0.4133889377117157
3809,0.40319395065307617
3810,0.42020735144615173
3811,0.3684529662132263
3812,0.5383017659187317
3813,0.29943594336509705
3814,0.2554847002029419
3815,0.2937307059764862
3816,0.6764730215072632
3817,0.6628522872924805
3818,0.2623631954193115
3819,0.5138963460922241
3820,0.4655333459377289
3821,0.47306573390960693
3822,0.4955533444881439
3823,0.5341982245445251
3824,0.4191780090332031
3825,0.18431992828845978
3826,0.6821216940879822
3827,0.5807678699493408
3828,0.42720967531204224
3829,0.49723607301712036
3830,0.5430145263671875
3831,0.5057964324951172
3832,0.4945313632488251
3833,0.5976945757865906
3834,0.394034743309021
3835,0.3248673379421234
3836,0.383773535490036
3837,0.2000005841255188
3838,0.1903638243675232
3839,0.4529467225074768
3840,0.397954523563385
3841,0.5426467657089233
3842,0.5502838492393494
3843,0.6083324551582336
3844,0.3339610993862152
3845,0.38307833671569824
3846,0.19195109605789185
3847,0.2780415117740631
3848,0.6460608243942261
3849,0.25404462218284607
3850,0.5169821977615356
3851,0.4254089593887329
3852,0.4459426701068878
3853,0.741433322429657
3854,0.552439272403717
3855,0.25127553939819336
3856,0.40663012862205505
3857,0.21524226665496826
3858,0.27694371342658997
3859,0.44503089785575867
3860,0.2990047037601471
3861,0.512955904006958
3862,0.5351220369338989
3863,0.4521861672401428
3864,0.709884762763977
3865,0.4144970774650574
3866,0.3786371648311615
3867,0.31551000475883484
3868,0.6805873513221741
3869,0.902513325214386
3870,0.5232916474342346
3871,0.21597473323345184
3872,0.31024307012557983
3873,0.6029604077339172
3874,0.5090871453285217
3875,0.552291750907898
3876,0.0156185831874609
3877,0.6237280368804932
3878,0.34284508228302
3879,0.4623147249221802
3880,0.39871540665626526
3881,0.4259087145328522
3882,0.524797260761261
3883,0.4486815631389618
3884,0.3587743043899536
3885,0.40181267261505127
3886,0.6152678728103638
3887,0.41661280393600464
3888,0.5162347555160522
3889,0.5229612588882446
3890,0.5974305868148804
3891,0.6071096658706665
3892,0.5413516163825989
3893,0.3171755373477936
3894,0.469178169965744
3895,0.5890979766845703
3896,0.39952656626701355
3897,0.5383334159851074
3898,0.5814036130905151
3899,0.4516991376876831
3900,0.3565753996372223
3901,0.6634324193000793
3902,0.1604357808828354
3903,0.4554413855075836
3904,0.523773729801178
3905,0.609904944896698
3906,0.6669059991836548
3907,0.5291272401809692
3908,0.28176411986351013
3909,0.16581685841083527
3910,0.1676304191350937
3911,0.3651190996170044
3912,0.2384541928768158
3913,0.7156919240951538
3914,0.6688608527183533
3915,0.17378008365631104
3916,0.3673577308654785
3917,0.16395540535449982
3918,0.3213219940662384
3919,0.2154896855354309
3920,0.23204514384269714
3921,0.647692859172821
3922,0.4825330972671509
3923,0.6701175570487976
3924,0.28830385208129883
3925,0.31621259450912476
3926,0.09257882088422775
3927,0.17901743948459625
3928,0.6021185517311096
3929,0.3469025492668152
3930,0.3938409090042114
3931,0.5835662484169006
3932,0.7648253440856934
3933,0.426114946603775
3934,0.4843009412288666
3935,0.6214216947555542
3936,0.24117110669612885
3937,0.422128289937973
3938,0.3414335548877716
3939,0.323787659406662
3940,0.5793663859367371
3941,0.535244345664978
3942,0.7234017252922058
3943,0.44838809967041016
3944,0.3130670189857483
3945,0.6670033931732178
3946,0.5208993554115295
3947,0.338051438331604
3948,0.34478503465652466
3949,0.4241231679916382
3950,0.20993344485759735
3951,0.6307517290115356
3952,0.3770613670349121
3953,0.5788901448249817
3954,0.28770917654037476
3955,0.5168293714523315
3956,0.2912116050720215
3957,0.15523992478847504
3958,0.6082304120063782
3959,0.3686734735965729
3960,0.2433442771434784
3961,0.49801844358444214
3962,0.2817496657371521
3963,0.3690086603164673
3964,0.5736775994300842
3965,0.49650177359580994
3966,0.32834145426750183
3967,0.43404674530029297
3968,0.5883306264877319
3969,0.6382530331611633
3970,0.3747437000274658
3971,0.6452019810676575
3972,0.3437601327896118
3973,0.5399330854415894
3974,0.4126061201095581
3975,0.6384500861167908
3976,0.40389493107795715
3977,0.7194690704345703
3978,0.36491650342941284
3979,0.4116878807544708
3980,0.3351474106311798
3981,0.6144592761993408
3982,0.7739744782447815
3983,0.3086198568344116
3984,0.3434726893901825
3985,-0.08608340471982956
3986,0.4809686839580536
3987,0.49106597900390625
3988,0.3016139566898346
3989,0.4672507345676422
3990,0.5342262983322144
3991,0.6509669423103333
3992,0.536370038986206
3993,0.5422815680503845
3994,0.37908175587654114
3995,0.4550364017486572
3996,0.5882076621055603
3997,0.45516782999038696
3998,0.4605945944786072
3999,0.38069260120391846
4000,0.6849726438522339
4001,0.4791417717933655
4002,0.8154610991477966
4003,0.5243009328842163
4004,0.48825210332870483
4005,0.29151320457458496
4006,0.5759150981903076
4007,0.46274638175964355
4008,0.1949055790901184
4009,0.7001757621765137
4010,0.29119473695755005
4011,0.44696685671806335
4012,0.6696310639381409
4013,0.5718634724617004
4014,0.5492257475852966
4015,0.38803553581237793
4016,0.39199772477149963
4017,0.6572276949882507
4018,0.4271325469017029
4019,0.6685739755630493
4020,0.5009140968322754
4021,0.40318700671195984
4022,0.33824971318244934
4023,0.5230162143707275
4024,0.6064857840538025
4025,0.42640602588653564
4026,0.4890834093093872
4027,0.45732584595680237
4028,0.2509291470050812
4029,0.5354845523834229
4030,0.17884360253810883
4031,0.21911011636257172
4032,0.5057961940765381
4033,0.3747067153453827
4034,0.3024054765701294
4035,0.4807044565677643
4036,0.4923751652240753
4037,0.3650866746902466
4038,0.38335883617401123
4039,0.5121042132377625
4040,0.3649563491344452
4041,0.8070540428161621
4042,0.5656849145889282
4043,0.316098153591156
4044,0.2796778678894043
4045,0.5641186237335205
4046,0.11053458601236343
4047,0.3980664312839508
4048,0.2922744154930115
4049,0.4578963816165924
4050,0.29409581422805786
4051,0.40167689323425293
4052,0.2110193967819214
4053,0.3074840009212494
4054,0.6017968058586121
4055,0.4413444995880127
4056,0.5337353348731995
4057,0.43400412797927856
4058,0.2275281846523285
4059,0.47880661487579346
4060,0.2562311589717865
4061,0.5002989172935486
4062,0.4830690324306488
4063,0.43086984753608704
4064,0.45296621322631836
4065,0.16003482043743134
4066,0.4718303978443146
4067,0.583095908164978
4068,0.5624827146530151
4069,0.5403838157653809
4070,0.4017450213432312
4071,0.3368757367134094
4072,0.47355151176452637
4073,0.4761498272418976
4074,0.5566417574882507
4075,0.5232134461402893
4076,0.01948126032948494
4077,0.12450946867465973
4078,0.5441900491714478
4079,0.5054435729980469
4080,0.33439141511917114
4081,0.47468841075897217
4082,0.3428495526313782
4083,0.2612937390804291
4084,0.5530756115913391
4085,0.4608827531337738
4086,0.27567926049232483
4087,0.3109198212623596
4088,0.3921823501586914
4089,0.48949313163757324
4090,0.7041400671005249
4091,0.09258529543876648
4092,0.42093566060066223
4093,0.1658799797296524
4094,0.52761310338974
4095,0.6737518310546875
4096,0.45559269189834595
4097,0.42204549908638
4098,0.5137762427330017
4099,0.4553459882736206
4100,0.44544699788093567
4101,0.35762009024620056
4102,0.311141699552536
4103,0.3866354525089264
4104,0.5542063117027283
4105,0.6658896207809448
4106,0.712162435054779
4107,0.5546769499778748
4108,0.3015511631965637
4109,0.2635132074356079
4110,0.3572665750980377
4111,0.19655881822109222
4112,0.48389917612075806
4113,0.6342834234237671
4114,0.5122977495193481
4115,0.5737723708152771
4116,0.43946945667266846
4117,0.6852296590805054
4118,0.36849331855773926
4119,0.2887663245201111
4120,0.6161502003669739
4121,0.5966294407844543
4122,0.4190866947174072
4123,0.5719608068466187
4124,0.42346474528312683
4125,0.7612873315811157
4126,0.18162502348423004
4127,0.5277222394943237
4128,0.772739589214325
4129,0.3664439916610718
4130,0.5105029344558716
4131,0.47905686497688293
4132,0.860841691493988
4133,0.6347008943557739
4134,0.3136880099773407
4135,0.2721136212348938
4136,0.5206056833267212
4137,0.4789268672466278
4138,0.3500967025756836
4139,0.2982788681983948
4140,0.4966318607330322
4141,0.3815307915210724
4142,0.7534658908843994
4143,0.5465689897537231
4144,0.505740761756897
4145,0.5344663858413696
4146,0.32803502678871155
4147,0.5223950147628784
4148,0.12705111503601074
4149,0.5293349027633667
4150,0.5302353501319885
4151,0.3273344337940216
4152,0.7824098467826843
4153,0.5942584872245789
4154,0.22821080684661865
4155,0.5842064619064331
4156,0.28801101446151733
4157,0.2152172476053238
4158,0.3216361105442047
4159,0.2695213556289673
4160,0.3281235694885254
4161,0.4840625822544098
4162,0.3794953525066376
4163,0.4062221646308899
4164,0.5074213743209839
4165,0.71210777759552
4166,0.20745857059955597
4167,0.29966336488723755
4168,0.4289216697216034
4169,0.26422980427742004
4170,0.3569389581680298
4171,0.4219534695148468
4172,0.5310001373291016
4173,0.4112668037414551
4174,0.24095335602760315
4175,0.266406387090683
4176,0.45475441217422485
4177,0.5554388165473938
4178,0.4719219505786896
4179,0.4961560368537903
4180,0.3635238707065582
4181,0.5894830226898193
4182,0.3860682249069214
4183,0.3641515374183655
4184,0.4227614402770996
4185,0.3983551561832428
4186,0.6708330512046814
4187,0.3489626944065094
4188,0.4809647798538208
4189,0.2818957567214966
4190,0.3610888123512268
4191,0.23931336402893066
4192,0.5880900621414185
4193,0.29472848773002625
4194,0.4620850086212158
4195,0.565746545791626
4196,0.47468963265419006
4197,0.18446138501167297
4198,0.5200802683830261
4199,0.5876578092575073
4200,0.6686621904373169
4201,0.28998276591300964
4202,0.4083746075630188
4203,0.47551941871643066
4204,0.4185991585254669
4205,0.3925133943557739
4206,0.38204795122146606
4207,0.450582355260849
4208,0.30996671319007874
4209,0.34120291471481323
4210,0.06970841437578201
4211,0.3948172926902771
4212,0.4521932303905487
4213,0.5429516434669495
4214,0.4860972762107849
4215,0.5357990860939026
4216,0.37085506319999695
4217,0.0729505643248558
4218,0.19786912202835083
4219,0.37231698632240295
4220,0.8042494058609009
4221,0.29471224546432495
4222,0.3013412058353424
4223,0.8721575140953064
4224,0.4191473722457886
4225,0.7583795785903931
4226,0.7037625908851624
4227,0.10276639461517334
4228,0.38668063282966614
4229,0.3531339466571808
4230,0.31291261315345764
4231,0.5231574773788452
4232,0.44621220231056213
4233,0.33415108919143677
4234,0.6710196137428284
4235,0.23185990750789642
4236,0.5410480499267578
4237,0.37807220220565796
4238,0.5133363604545593
4239,0.36173006892204285
4240,0.43748944997787476
4241,0.6073716282844543
4242,0.4795371890068054
4243,0.43521153926849365
4244,0.4790937900543213
4245,0.7442765831947327
4246,0.1611391305923462
4247,0.42417028546333313
4248,0.4402112066745758
4249,0.6514979004859924
4250,0.37135663628578186
4251,0.43899452686309814
4252,0.4509786069393158
4253,0.2195238173007965
4254,0.2954927682876587
4255,0.2018287628889084
4256,0.31913572549819946
4257,0.306809663772583
4258,0.17095224559307098
4259,0.6841423511505127
4260,0.6141400933265686
4261,0.5124671459197998
4262,0.47099968791007996
4263,0.5800991654396057
4264,0.4621487557888031
4265,0.2938559651374817
4266,0.5066396594047546
4267,0.3898308575153351
4268,0.24685969948768616
4269,0.22938013076782227
4270,0.32872268557548523
4271,0.516403317451477
4272,0.48146480321884155
4273,0.19367611408233643
4274,0.1463489532470703
4275,0.43908512592315674
4276,0.7100509405136108
4277,0.4522744119167328
4278,0.6497663259506226
4279,0.5598825216293335
4280,0.13746847212314606
4281,0.10590807348489761
4282,0.642121434211731
4283,0.3657243251800537
4284,0.3519038259983063
4285,0.5510237812995911
4286,0.4898255467414856
4287,0.7189182639122009
4288,0.3983507752418518
4289,0.6220861077308655
4290,0.24762818217277527
4291,0.21981418132781982
4292,0.45464062690734863
4293,0.5658029913902283
4294,0.427611380815506
4295,0.45234519243240356
4296,0.44587627053260803
4297,0.7919999957084656
4298,0.1199612244963646
4299,0.22011059522628784
4300,0.4899858832359314
4301,0.5896323323249817
4302,0.5663391351699829
4303,0.5890710353851318
4304,0.4130499064922333
4305,0.5113704204559326
4306,0.22144226729869843
4307,0.4056253731250763
4308,0.525055468082428
4309,0.5617066025733948
4310,0.6676652431488037
4311,0.4613037705421448
4312,0.3417090177536011
4313,0.38814616203308105
4314,0.1871728003025055
4315,0.33274322748184204
4316,0.4202687740325928
4317,0.44116777181625366
4318,0.49121254682540894
4319,0.36038434505462646
4320,0.33412739634513855
4321,0.40228959918022156
4322,0.5721009969711304
4323,0.6452271938323975
4324,0.3800036311149597
4325,0.39616507291793823
4326,0.5206966400146484
4327,0.6573452949523926
4328,0.47022053599357605
4329,0.29230764508247375
4330,0.5045681595802307
4331,0.586419939994812
4332,0.5109201669692993
4333,0.520011842250824
4334,0.4670966565608978
4335,0.7753357291221619
4336,0.2611422538757324
4337,0.473109632730484
4338,0.23994849622249603
4339,0.5097678899765015
4340,0.33842021226882935
4341,0.6613722443580627
4342,0.32235872745513916
4343,0.4009884297847748
4344,0.3689257800579071
4345,0.2625057101249695
4346,0.17587943375110626
4347,0.2703310549259186
4348,0.7086585164070129
4349,0.40753188729286194
4350,0.6126526594161987
4351,0.6326442360877991
4352,0.6709688305854797
4353,0.43679070472717285
4354,0.7219090461730957
4355,0.6497737765312195
4356,0.33660268783569336
4357,0.4220424294471741
4358,0.22567199170589447
4359,0.3872654139995575
4360,0.6054174900054932
4361,0.19001814723014832
4362,0.5746660232543945
4363,0.5472143292427063
4364,0.20395778119564056
4365,0.2841142416000366
4366,0.49492326378822327
4367,0.5373748540878296
4368,0.3950432538986206
4369,0.2548484206199646
4370,0.8695986866950989
4371,0.2468528002500534
4372,0.543850302696228
4373,0.6012029051780701
4374,0.28600984811782837
4375,0.34956562519073486
4376,0.48635151982307434
4377,0.2751784026622772
4378,0.8070046305656433
4379,0.2932281494140625
4380,0.31488895416259766
4381,0.5961803197860718
4382,0.5635364055633545
4383,0.42138591408729553
4384,0.46521782875061035
4385,0.5436986088752747
4386,0.6401233673095703
4387,0.18787965178489685
4388,0.34041741490364075
4389,0.1659385710954666
4390,0.5325148105621338
4391,0.581247091293335
4392,0.47053253650665283
4393,0.4144589304924011
4394,0.5678024291992188
4395,0.7997463941574097
4396,0.23900219798088074
4397,0.6520116925239563
4398,0.5299501419067383
4399,0.6208445429801941
4400,0.3517545759677887
4401,0.502259373664856
4402,0.3769003450870514
4403,0.3525151014328003
4404,0.3121884763240814
4405,0.6301246881484985
4406,0.46262630820274353
4407,0.5346646904945374
4408,0.38780903816223145
4409,0.47365039587020874
4410,0.4105761647224426
4411,0.5436844229698181
4412,0.6219250559806824
4413,0.464082270860672
4414,0.1245160698890686
4415,0.3718935251235962
4416,0.4125445783138275
4417,0.29922690987586975
4418,0.2711344361305237
4419,0.3189438581466675
4420,0.2150099277496338
4421,0.4291107952594757
4422,0.4104599356651306
4423,0.28424471616744995
4424,0.41740530729293823
4425,0.23418454825878143
4426,0.4416925609111786
4427,0.49361851811408997
4428,0.5308980941772461
4429,0.8412020206451416
4430,0.4452318549156189
4431,0.6591753959655762
4432,0.364757239818573
4433,0.4953576326370239
4434,0.6473156213760376
4435,0.7494587302207947
4436,0.3131866753101349
4437,0.262766569852829
4438,0.3257613778114319
4439,0.3643176853656769
4440,0.09269419312477112
4441,0.5213345885276794
4442,0.18537941575050354
4443,0.4798584282398224
4444,0.5938016772270203
4445,0.3967641294002533
4446,0.5665355324745178
4447,0.27958014607429504
4448,0.5471172332763672
4449,0.5329128503799438
4450,0.5030241012573242
4451,0.4976128339767456
4452,0.6060336828231812
4453,0.5646670460700989
4454,0.5047513842582703
4455,0.564478874206543
4456,0.4485495388507843
4457,0.3815566599369049
4458,0.4915156066417694
4459,0.6528141498565674
4460,0.4488701820373535
4461,0.5471324324607849
4462,0.21610938012599945
4463,0.6010996699333191
4464,0.4601478576660156
4465,0.43023088574409485
4466,0.24377545714378357
4467,0.36494529247283936
4468,0.5063412189483643
4469,0.694044291973114
4470,0.48534464836120605
4471,0.532770037651062
4472,0.4688856303691864
4473,0.6450733542442322
4474,0.5393868684768677
4475,0.40911343693733215
4476,0.4916175305843353
4477,0.5010974407196045
4478,0.6663245558738708
4479,0.3449832499027252
4480,0.684660792350769
4481,0.3899904489517212
4482,0.22914105653762817
4483,0.4841422438621521
4484,0.8328255414962769
4485,0.21445521712303162
4486,0.4437752664089203
4487,0.1690697818994522
4488,0.5727437734603882
4489,0.4028834402561188
4490,0.31573522090911865
4491,0.3388068377971649
4492,0.5710575580596924
4493,0.5426914691925049
4494,0.21952024102210999
4495,0.3588579595088959
4496,0.24957585334777832
4497,0.5057066082954407
4498,0.5562663674354553
4499,0.40893271565437317
4500,0.33338379859924316
4501,0.49355462193489075
4502,0.21140167117118835
4503,0.28304821252822876
4504,0.19651688635349274
4505,0.34024497866630554
4506,0.3127957880496979
4507,0.22013458609580994
4508,0.5937480330467224
4509,0.3144853413105011
4510,0.7766641974449158
4511,0.5020217299461365
4512,0.14223743975162506
4513,0.28995227813720703
4514,0.5309289693832397
4515,0.3895716369152069
4516,0.2885379493236542
4517,0.6585565805435181
4518,0.5183703303337097
4519,0.5412140488624573
4520,0.2861771285533905
4521,0.6327462196350098
4522,0.5198764801025391
4523,0.7240987420082092
4524,0.3493088483810425
4525,0.42791619896888733
4526,0.479010671377182
4527,0.0939960703253746
4528,0.3863876760005951
4529,0.3974257707595825
4530,0.5449482798576355
4531,0.4369361102581024
4532,0.15659193694591522
4533,0.353359580039978
4534,0.31514644622802734
4535,0.30290621519088745
4536,0.16895443201065063
4537,0.3873814344406128
4538,0.5826994776725769
4539,0.5336518883705139
4540,0.5814310908317566
4541,0.422333300113678
4542,0.18119394779205322
4543,0.5796961188316345
4544,0.17098449170589447
4545,0.24639061093330383
4546,0.4589601457118988
4547,0.49809980392456055
4548,0.21687328815460205
4549,0.46100932359695435
4550,0.5195815563201904
4551,0.29244786500930786
4552,0.6400008797645569
4553,0.5938621759414673
4554,0.26433977484703064
4555,0.2741856873035431
4556,0.3488719165325165
4557,0.5467907786369324
4558,0.17947258055210114
4559,0.5577660202980042
4560,0.5679287314414978
4561,0.30321887135505676
4562,0.5533393621444702
4563,0.47949472069740295
4564,0.8083636164665222
4565,0.6803755164146423
4566,0.30599579215049744
4567,0.612944483757019
4568,0.5192660093307495
4569,0.49901098012924194
4570,0.32071658968925476
4571,0.20244479179382324
4572,0.45307478308677673
4573,0.4328467845916748
4574,0.5035638213157654
4575,0.353791743516922
4576,0.7038537859916687
4577,0.3617006540298462
4578,0.6642722487449646
4579,0.47766074538230896
4580,0.6518875956535339
4581,0.6681251525878906
4582,0.4694061279296875
4583,0.3212859332561493
4584,0.37785643339157104
4585,0.600043535232544
4586,0.6412943601608276
4587,0.5492770075798035
4588,0.4572734832763672
4589,0.3581808805465698
4590,0.4253249168395996
4591,0.5187946557998657
4592,0.3840862810611725
4593,0.4116254448890686
4594,0.49493715167045593
4595,0.35535067319869995
4596,0.6258883476257324
4597,0.1718691885471344
4598,0.36349907517433167
4599,0.4368516504764557
4600,0.35242128372192383
4601,0.7613689303398132
4602,0.4542410373687744
4603,0.2175629436969757
4604,0.055224839597940445
4605,0.37848663330078125
4606,0.5180889964103699
4607,0.42727452516555786
4608,0.26195675134658813
4609,0.14281320571899414
4610,0.20663610100746155
4611,0.4611927270889282
4612,0.4012475907802582
4613,0.3361128270626068
4614,0.8662450909614563
4615,0.5154169201850891
4616,0.4877375066280365
4617,0.38536691665649414
4618,0.3746802508831024
4619,0.5045815706253052
4620,0.4462745189666748
4621,0.34787970781326294
4622,0.5369240045547485
4623,0.32596418261528015
4624,0.23884207010269165
4625,0.6659958362579346
4626,0.29453593492507935
4627,0.5844844579696655
4628,0.4031272232532501
4629,0.4629044830799103
4630,0.43673035502433777
4631,0.4915090501308441
4632,0.40188655257225037
4633,0.7732471823692322
4634,0.5662747025489807
4635,0.2311183512210846
4636,0.5104357600212097
4637,0.5818811058998108
4638,0.21289506554603577
4639,0.26766955852508545
4640,0.33440765738487244
4641,0.3735958933830261
4642,0.6201702952384949
4643,0.8368101716041565
4644,0.3318451941013336
4645,0.26838940382003784
4646,0.5538710355758667
4647,0.36576390266418457
4648,0.3925181031227112
4649,0.684192955493927
4650,0.3414897322654724
4651,0.5077016949653625
4652,0.4678182601928711
4653,0.6260538101196289
4654,0.6537613868713379
4655,0.44541633129119873
4656,0.5434994101524353
4657,0.47833216190338135
4658,0.4289538264274597
4659,0.4335741102695465
4660,0.7690982222557068
4661,0.0011878295335918665
4662,0.7603281140327454
4663,0.4204404652118683
4664,0.5889522433280945
4665,0.46888893842697144
4666,0.6655786037445068
4667,0.39814433455467224
4668,0.2680104076862335
4669,0.544701099395752
4670,0.5306301712989807
4671,0.844842791557312
4672,0.3548280596733093
4673,0.5765758156776428
4674,0.5091694593429565
4675,0.5413134694099426
4676,0.20179785788059235
4677,0.16558754444122314
4678,0.4957801103591919
4679,0.31277263164520264
4680,0.6335115432739258
4681,0.5224288105964661
4682,0.7598071694374084
4683,0.3336572051048279
4684,0.1585974246263504
4685,0.30612310767173767
4686,0.4297102987766266
4687,0.4147508442401886
4688,0.2501419186592102
4689,0.23941245675086975
4690,0.2030489295721054
4691,0.3720206022262573
4692,0.5646389722824097
4693,0.25477534532546997
4694,0.5287222862243652
4695,0.6026349067687988
4696,0.5159791707992554
4697,0.4947764575481415
4698,0.40808701515197754
4699,0.6746373176574707
4700,0.3233090937137604
4701,0.46377208828926086
4702,0.36937421560287476
4703,0.5239781737327576
4704,0.8720024228096008
4705,0.5774811506271362
4706,0.4571160078048706
4707,0.4519340991973877
4708,0.4378501772880554
4709,0.40788501501083374
4710,0.36770865321159363
4711,0.5485957860946655
4712,0.38237470388412476
4713,0.6801970601081848
4714,0.2344302237033844
4715,0.5080154538154602
4716,0.29823052883148193
4717,0.2778817117214203
4718,0.3541553318500519
4719,0.5687233209609985
4720,0.5289894938468933
4721,0.4506864547729492
4722,0.4954414367675781
4723,0.4831930100917816
4724,0.4180883467197418
4725,0.27709653973579407
4726,0.42781874537467957
4727,0.215874582529068
4728,0.36056652665138245
4729,0.6491550803184509
4730,0.6316030621528625
4731,0.34394505620002747
4732,0.3209301829338074
4733,0.28532490134239197
4734,0.3343628942966461
4735,0.7535675764083862
4736,0.3999943435192108
4737,0.5610897541046143
4738,0.24651041626930237
4739,0.42539262771606445
4740,0.4195709526538849
4741,0.46940919756889343
4742,0.27604031562805176
4743,0.05126846209168434
4744,0.5589194893836975
4745,0.33117154240608215
4746,0.23451748490333557
4747,0.4431067109107971
4748,0.7347874641418457
4749,0.6620239615440369
4750,0.6037017107009888
4751,0.8005638718605042
4752,0.7752151489257812
4753,0.34479355812072754
4754,0.8520286679267883
4755,0.5233924388885498
4756,0.1534944325685501
4757,0.43182116746902466
4758,0.42707058787345886
4759,0.2827118933200836
4760,0.4771496057510376
4761,0.5617141127586365
4762,0.3397224247455597
4763,0.43535375595092773
4764,0.3441588282585144
4765,0.1661400943994522
4766,0.5208617448806763
4767,0.21801522374153137
4768,0.18347154557704926
4769,0.24222849309444427
4770,0.12446603178977966
4771,0.5437011122703552
4772,0.3472825586795807
4773,0.5098011493682861
4774,0.3272530138492584
4775,0.261292040348053
4776,0.3776950538158417
4777,0.44196808338165283
4778,0.6978745460510254
4779,0.42360055446624756
4780,0.38810741901397705
4781,0.562085747718811
4782,0.43719911575317383
4783,0.4903777539730072
4784,0.3996383845806122
4785,0.5143958926200867
4786,0.6225706338882446
4787,0.0998062789440155
4788,0.5504744648933411
4789,0.31516233086586
4790,0.4789823293685913
4791,0.2164277881383896
4792,0.7842910885810852
4793,0.5898571610450745
4794,0.4201698899269104
4795,0.39501699805259705
4796,0.6041232347488403
4797,0.364603728055954
4798,0.30335500836372375
4799,0.27902016043663025
4800,0.4857080578804016
4801,0.6184809803962708
4802,0.3355756103992462
4803,0.27371102571487427
4804,0.40943074226379395
4805,0.5146729350090027
4806,0.27563002705574036
4807,0.5449482798576355
4808,0.6051844358444214
4809,0.5273711681365967
4810,0.2866811752319336
4811,0.5686283707618713
4812,0.4516071677207947
4813,0.634880542755127
4814,0.3869708478450775
4815,0.39256423711776733
4816,0.5573154091835022
4817,0.42476871609687805
4818,0.4440630376338959
4819,0.3821694850921631
4820,0.5881519913673401
4821,0.25811225175857544
4822,0.36147111654281616
4823,0.21150772273540497
4824,0.43892791867256165
4825,0.6943208575248718
4826,0.4386623501777649
4827,0.9002457857131958
4828,0.284605473279953
4829,0.25006669759750366
4830,0.37100526690483093
4831,0.4483160972595215
4832,0.7503923773765564
4833,0.4598393142223358
4834,0.35313528776168823
4835,0.5907798409461975
4836,0.5871875882148743
4837,0.5797630548477173
4838,0.23054511845111847
4839,0.5503599643707275
4840,0.5594056844711304
4841,0.5726609826087952
4842,0.3609890937805176
4843,0.20124615728855133
4844,0.47073525190353394
4845,0.49622970819473267
4846,0.08473077416419983
4847,0.5852728486061096
4848,0.2870482802391052
4849,0.5836362838745117
4850,0.6477711200714111
4851,0.4037066102027893
4852,0.28922492265701294
4853,0.5804669857025146
4854,0.5592495799064636
4855,0.483123779296875
4856,0.6894316077232361
4857,0.4607889652252197
4858,0.5733135938644409
4859,0.3239516615867615
4860,0.32335296273231506
4861,0.3793715536594391
4862,0.41243940591812134
4863,0.4422052204608917
4864,0.6295490860939026
4865,0.4444445073604584
4866,0.5817751288414001
4867,0.3004456162452698
4868,0.32241928577423096
4869,0.27003800868988037
4870,0.524074137210846
4871,0.7226463556289673
4872,0.6559326648712158
4873,0.4909985363483429
4874,0.5843650102615356
4875,0.34934449195861816
4876,0.49639979004859924
4877,0.294558584690094
4878,0.546430230140686
4879,0.6795569658279419
4880,0.40717339515686035
4881,0.5306670665740967
4882,0.21655121445655823
4883,0.5373336672782898
4884,0.565144956111908
4885,0.4601404666900635
4886,0.363388329744339
4887,0.2467193901538849
4888,0.4928475618362427
4889,0.2529371380805969
4890,0.7162168025970459
4891,0.3810333013534546
4892,0.3854930102825165
4893,0.7227917313575745
4894,0.5733014941215515
4895,0.5691638588905334
