sequence_index,pearson_r
0,0.4072340726852417
1,0.3342117965221405
2,0.6302192211151123
3,0.5735946893692017
4,0.13332752883434296
5,0.21062330901622772
6,0.6488306522369385
7,0.5983625054359436
8,0.5431395173072815
9,0.3673982322216034
10,0.2792428135871887
11,0.29012686014175415
12,0.6187295913696289
13,0.12116513401269913
14,0.38681888580322266
15,0.46201184391975403
16,0.7253764271736145
17,0.2595907747745514
18,0.5259577035903931
19,0.34696775674819946
20,0.5475630760192871
21,0.4630332589149475
22,0.30478182435035706
23,0.5083972215652466
24,0.09654835611581802
25,0.2459532916545868
26,0.48526009917259216
27,0.7751434445381165
28,0.5393773913383484
29,0.599740207195282
30,0.20099739730358124
31,0.09740344434976578
32,0.3204013407230377
33,0.5440475344657898
34,0.3868861496448517
35,0.2983302175998688
36,0.5353622436523438
37,0.12288930267095566
38,0.19981512427330017
39,0.6675714254379272
40,0.5039247870445251
41,0.5142606496810913
42,0.3945923447608948
43,0.6205785870552063
44,0.557247519493103
45,0.5040063261985779
46,0.21908164024353027
47,0.19316533207893372
48,0.5230650305747986
49,0.17774632573127747
50,0.540385365486145
51,0.39591458439826965
52,0.6237823367118835
53,0.3004662096500397
54,0.6166497468948364
55,0.7077375650405884
56,0.291546106338501
57,0.362383097410202
58,0.43780064582824707
59,0.5121263861656189
60,0.6107678413391113
61,0.40616539120674133
62,0.1340939849615097
63,0.3229905068874359
64,0.35445019602775574
65,0.5328332185745239
66,0.5425457954406738
67,0.41269561648368835
68,0.3082500994205475
69,0.45692601799964905
70,0.43478941917419434
71,0.36219871044158936
72,0.3782781660556793
73,0.44123902916908264
74,0.3271237909793854
75,0.44584766030311584
76,0.05170493945479393
77,0.6181452870368958
78,0.6142767071723938
79,0.5805865526199341
80,0.8367011547088623
81,0.4959956407546997
82,0.619809627532959
83,0.5133818984031677
84,0.8449860215187073
85,0.6445742845535278
86,0.11833155900239944
87,0.749485969543457
88,0.2569870352745056
89,0.8667178750038147
90,0.33047303557395935
91,0.5490591526031494
92,0.46847718954086304
93,0.5100131034851074
94,0.46851855516433716
95,0.3531143069267273
96,0.47913438081741333
97,0.3950439393520355
98,0.5431197881698608
99,0.5885854959487915
100,0.3959695100784302
101,0.43725162744522095
102,0.40504035353660583
103,0.24812103807926178
104,0.44039222598075867
105,0.5628254413604736
106,0.25311198830604553
107,0.1662067174911499
108,0.4107256233692169
109,0.6474086046218872
110,0.2964722514152527
111,0.4606514573097229
112,0.33376771211624146
113,0.334985613822937
114,0.3468624949455261
115,0.031518470495939255
116,0.43954506516456604
117,0.28699517250061035
118,0.45115989446640015
119,0.38790053129196167
120,0.10015807300806046
121,0.4552110433578491
122,0.5497397780418396
123,0.5631168484687805
124,0.6945009827613831
125,0.46535059809684753
126,0.4222268760204315
127,0.36924242973327637
128,0.244057759642601
129,0.40714481472969055
130,0.2990127205848694
131,0.5916715860366821
132,0.23570150136947632
133,0.5159784555435181
134,0.5700244307518005
135,0.4733073115348816
136,0.3783125579357147
137,0.39576083421707153
138,0.6626854538917542
139,0.5657015442848206
140,0.3008568584918976
141,0.13348358869552612
142,0.30567845702171326
143,0.6529539823532104
144,0.3835000693798065
145,0.38267236948013306
146,0.40112629532814026
147,0.6137388348579407
148,0.1796182543039322
149,0.4650009274482727
150,0.22505030035972595
151,0.46871450543403625
152,0.5974898338317871
153,0.5077100992202759
154,0.6115433573722839
155,0.5120194554328918
156,0.29090774059295654
157,0.018932724371552467
158,0.3359817862510681
159,0.44126421213150024
160,0.4950439929962158
161,0.3487006425857544
162,0.6626532077789307
163,0.18231813609600067
164,0.6334404945373535
165,0.6395052671432495
166,0.5033408999443054
167,0.6972155570983887
168,0.3828510642051697
169,0.33637315034866333
170,0.18337468802928925
171,0.39928436279296875
172,0.1638498604297638
173,0.7280712127685547
174,0.5701621770858765
175,0.46060726046562195
176,0.5943600535392761
177,0.38411346077919006
178,0.37847593426704407
179,0.3839639127254486
180,0.6076705455780029
181,0.4906042218208313
182,0.42642390727996826
183,0.3215697407722473
184,0.4004717171192169
185,0.6055809259414673
186,0.4578346908092499
187,0.5420457124710083
188,0.31512123346328735
189,0.6026438474655151
190,-0.08091573417186737
191,0.7363019585609436
192,0.2843121290206909
193,0.4250640273094177
194,0.3962666094303131
195,0.25756192207336426
196,0.6031607985496521
197,0.7437967658042908
198,0.4204660654067993
199,0.5541983842849731
200,0.43127670884132385
201,0.44630149006843567
202,0.3104478120803833
203,0.6534467935562134
204,0.47749799489974976
205,0.5214516520500183
206,0.44210198521614075
207,0.7591093182563782
208,0.546247661113739
209,0.1949831247329712
210,0.4818560779094696
211,0.390078604221344
212,0.4385826289653778
213,0.47544485330581665
214,0.49876922369003296
215,0.5894859433174133
216,0.6299742460250854
217,0.25745999813079834
218,0.4129300117492676
219,0.369737446308136
220,0.20142671465873718
221,0.21039927005767822
222,0.4641718864440918
223,0.007560133934020996
224,0.5535091757774353
225,0.6044420599937439
226,0.5276842713356018
227,0.6256940364837646
228,0.3243900239467621
229,0.676704466342926
230,0.1849668025970459
231,0.31115350127220154
232,0.4181980490684509
233,0.3745182156562805
234,0.3420681655406952
235,0.458214670419693
236,0.5986257195472717
237,0.2805565893650055
238,0.2329460233449936
239,0.2112533152103424
240,0.21756787598133087
241,0.4637572765350342
242,0.4397532343864441
243,0.4001923203468323
244,0.5115633606910706
245,0.5535704493522644
246,0.36395400762557983
247,0.2785230576992035
248,0.6595673561096191
249,0.3909919261932373
250,0.5370849370956421
251,0.5157803893089294
252,0.4411061108112335
253,0.44936180114746094
254,0.6172922849655151
255,0.5071892738342285
256,0.4009318947792053
257,0.6394491791725159
258,0.618336021900177
259,0.3706400990486145
260,0.8563430309295654
261,0.5296694040298462
262,0.13024386763572693
263,0.4219001829624176
264,0.4001734256744385
265,0.5713930130004883
266,0.5613043308258057
267,0.384321928024292
268,0.7139051556587219
269,0.37606146931648254
270,0.5220500230789185
271,0.5796887874603271
272,0.3167126476764679
273,0.2594054341316223
274,0.32761773467063904
275,0.2301577776670456
276,0.4786078631877899
277,0.4722554683685303
278,0.239010289311409
279,0.5117318630218506
280,0.31838899850845337
281,0.4183943271636963
282,0.4236330986022949
283,0.5098468065261841
284,0.5249825119972229
285,0.5565866827964783
286,0.5475994348526001
287,0.3857788145542145
288,0.2893400192260742
289,0.761195182800293
290,0.5790058970451355
291,0.8284499049186707
292,0.4546271860599518
293,0.5214760899543762
294,0.48158735036849976
295,0.7881377339363098
296,0.273854523897171
297,0.2946815490722656
298,0.35250693559646606
299,0.6709144115447998
300,0.3553040027618408
301,0.6601505279541016
302,0.6725736260414124
303,0.34460198879241943
304,0.2112172394990921
305,0.6697406768798828
306,0.5336738228797913
307,0.31147947907447815
308,0.4790002107620239
309,0.47683101892471313
310,0.45242977142333984
311,0.4982936680316925
312,0.683555543422699
313,0.1873711347579956
314,0.4989316463470459
315,0.6013689637184143
316,0.49304255843162537
317,0.36036399006843567
318,0.6854234337806702
319,0.20104007422924042
320,0.4016869366168976
321,0.2838343679904938
322,0.24060341715812683
323,0.8378952741622925
324,0.7032888531684875
325,0.4541366994380951
326,0.4232010543346405
327,0.7520885467529297
328,0.38360264897346497
329,0.37745872139930725
330,0.6437544226646423
331,0.29996436834335327
332,0.3178884983062744
333,0.3535288870334625
334,0.47905394434928894
335,0.3369497060775757
336,0.6004296541213989
337,0.6044284105300903
338,0.3247479796409607
339,0.7314445972442627
340,0.6527079939842224
341,0.11061451584100723
342,0.4102039635181427
343,0.31701526045799255
344,0.30621981620788574
345,0.5255681872367859
346,0.5702143311500549
347,0.4660372734069824
348,0.14699028432369232
349,0.3868917226791382
350,0.7358804941177368
351,0.5859954953193665
352,0.6747369766235352
353,0.3079819977283478
354,0.5503900051116943
355,0.47415807843208313
356,0.5853272080421448
357,0.38874831795692444
358,0.6830872297286987
359,0.3113323152065277
360,0.39521339535713196
361,0.4639935791492462
362,0.46509504318237305
363,0.4120703339576721
364,0.3978946805000305
365,0.20737174153327942
366,0.40332239866256714
367,0.7779378294944763
368,0.3891231417655945
369,0.28946951031684875
370,0.42653366923332214
371,0.3040069341659546
372,0.3098239302635193
373,0.3114909529685974
374,0.703849732875824
375,0.507766604423523
376,0.10874616354703903
377,0.6313552260398865
378,0.4890938997268677
379,0.14039430022239685
380,0.5903735160827637
381,0.5795287489891052
382,0.41691845655441284
383,0.3479505181312561
384,0.38748636841773987
385,0.3991156816482544
386,0.4149229824542999
387,0.4174423813819885
388,0.6694217920303345
389,0.2231057584285736
390,0.4843256175518036
391,0.13110531866550446
392,0.2532254755496979
393,0.28068506717681885
394,0.5675448775291443
395,0.6989905834197998
396,0.2740371525287628
397,0.373910129070282
398,0.5807772874832153
399,0.5165647268295288
400,0.41252410411834717
401,0.21049268543720245
402,0.548467755317688
403,0.7085935473442078
404,0.046215638518333435
405,0.6428244113922119
406,0.47181567549705505
407,0.203012615442276
408,0.4443611204624176
409,0.6439216732978821
410,0.40333807468414307
411,0.6538949608802795
412,0.32082176208496094
413,0.47880658507347107
414,0.6419569849967957
415,0.5129535794258118
416,0.19689786434173584
417,0.3151269853115082
418,0.2339635193347931
419,0.38607877492904663
420,0.5839583277702332
421,0.10541600733995438
422,0.3328743577003479
423,0.5618851184844971
424,0.573542058467865
425,0.6150036454200745
426,0.008584151975810528
427,0.7408632636070251
428,0.5223494172096252
429,0.2778874933719635
430,0.7004835605621338
431,0.3112504482269287
432,0.5504686832427979
433,0.6387575268745422
434,0.3626266121864319
435,0.31111451983451843
436,0.584388256072998
437,0.44482487440109253
438,0.13843801617622375
439,0.38415074348449707
440,0.5378178954124451
441,0.379140168428421
442,0.21299314498901367
443,0.5847460031509399
444,0.40617936849594116
445,0.5256453156471252
446,0.2689194679260254
447,0.6616988182067871
448,0.3910183310508728
449,0.26337873935699463
450,0.32676631212234497
451,0.6481961011886597
452,0.5881307721138
453,0.42525333166122437
454,0.504304051399231
455,0.29840144515037537
456,0.36433932185173035
457,0.5063678622245789
458,0.5058356523513794
459,0.5304868817329407
460,0.6963626742362976
461,0.6730548739433289
462,0.3957762122154236
463,0.2887972891330719
464,0.4608707129955292
465,0.7540856599807739
466,0.4342993497848511
467,0.562110960483551
468,0.3399180471897125
469,0.32633984088897705
470,0.3818186819553375
471,0.46014660596847534
472,0.44008514285087585
473,0.5356735587120056
474,0.6177942752838135
475,0.41335004568099976
476,0.37029147148132324
477,0.5276933908462524
478,0.2376624196767807
479,0.5826579928398132
480,0.6536632776260376
481,0.4472011923789978
482,0.22169895470142365
483,0.7007115483283997
484,0.41443899273872375
485,0.21230736374855042
486,0.3686365485191345
487,0.39412379264831543
488,0.6191267967224121
489,0.6532823443412781
490,0.44791853427886963
491,0.28996455669403076
492,0.5187129378318787
493,0.3298415243625641
494,0.2751590609550476
495,0.42446085810661316
496,0.42688754200935364
497,0.3077353835105896
498,0.4586685299873352
499,0.5869121551513672
500,0.640831708908081
501,0.47526559233665466
502,0.5375479459762573
503,0.5166658163070679
504,0.15814393758773804
505,0.4280696511268616
506,0.3051334321498871
507,0.5324198007583618
508,0.40526309609413147
509,0.5346153974533081
510,0.3019845187664032
511,0.6833441257476807
512,0.7168924808502197
513,0.48951655626296997
514,0.6562697887420654
515,0.32232871651649475
516,0.4027109444141388
517,0.4400351643562317
518,0.1636142134666443
519,0.3139721155166626
520,0.23721179366111755
521,0.4416956901550293
522,0.1930881291627884
523,0.47233062982559204
524,0.6307887434959412
525,0.321227490901947
526,0.22905729711055756
527,0.48386141657829285
528,0.3793853521347046
529,0.42751821875572205
530,0.35685521364212036
531,0.4865136742591858
532,0.4577527940273285
533,0.4572194516658783
534,0.09717201441526413
535,0.2845748960971832
536,0.28673627972602844
537,0.17104876041412354
538,0.41661468148231506
539,0.36270248889923096
540,0.3792931139469147
541,0.39531904458999634
542,0.3079679012298584
543,0.5298840999603271
544,0.5832865834236145
545,0.4388788938522339
546,0.5415127277374268
547,0.4697807729244232
548,0.6244043707847595
549,0.6285824179649353
550,0.6433725357055664
551,0.3824959993362427
552,0.3022320866584778
553,0.35898876190185547
554,0.31186988949775696
555,0.3517155349254608
556,0.4950565993785858
557,0.20519545674324036
558,0.45526033639907837
559,0.4627411663532257
560,0.2994859218597412
561,0.5237219929695129
562,0.2894483804702759
563,0.18261075019836426
564,0.5469809770584106
565,0.33382225036621094
566,0.448845237493515
567,0.6643439531326294
568,0.5294458866119385
569,0.2777015268802643
570,0.2579191327095032
571,0.5837239623069763
572,0.21211975812911987
573,0.47808074951171875
574,0.35318583250045776
575,0.6615481376647949
576,0.3770848214626312
577,0.38466155529022217
578,0.3233802914619446
579,0.3565061092376709
580,0.47070083022117615
581,0.6477009654045105
582,0.6565290689468384
583,0.566268801689148
584,0.408251017332077
585,0.2801600396633148
586,0.054365374147892
587,0.18433691561222076
588,0.521790623664856
589,0.5028573870658875
590,0.2231888771057129
591,0.5212143063545227
592,0.6430507302284241
593,0.4197876453399658
594,0.5692605376243591
595,0.46431320905685425
596,0.6361690759658813
597,0.07930836826562881
598,0.3976587653160095
599,0.5667569041252136
600,0.35143885016441345
601,0.44507771730422974
602,0.47050613164901733
603,0.4747546911239624
604,0.7914217710494995
605,0.5680806636810303
606,0.32682496309280396
607,0.6642353534698486
608,0.4204446077346802
609,0.23429499566555023
610,0.4595523774623871
611,-0.03862392157316208
612,0.523290753364563
613,0.7300207614898682
614,0.5594301223754883
615,0.5790041089057922
616,0.38479605317115784
617,0.5518535375595093
618,0.448498398065567
619,0.46085506677627563
620,0.28549134731292725
621,0.4447309076786041
622,0.43310412764549255
623,0.5445529818534851
624,0.6311053037643433
625,0.2984544634819031
626,0.405827134847641
627,0.17070354521274567
628,0.45483535528182983
629,0.10045638680458069
630,0.370889276266098
631,0.4901784062385559
632,0.5520939826965332
633,0.5609291195869446
634,0.34158214926719666
635,0.30940085649490356
636,0.5988436937332153
637,0.43341064453125
638,0.409868985414505
639,0.8141663670539856
640,0.38255465030670166
641,0.44157031178474426
642,0.5612819790840149
643,0.5811145901679993
644,0.4462171792984009
645,0.4276890754699707
646,0.5524898767471313
647,0.5687049031257629
648,0.2877843379974365
649,0.332810640335083
650,0.1723814755678177
651,0.8618080019950867
652,0.6739129424095154
653,0.6359499096870422
654,0.5035680532455444
655,0.43113866448402405
656,0.3592396676540375
657,0.28589051961898804
658,0.046239111572504044
659,0.3032318353652954
660,0.5379640460014343
661,0.36637014150619507
662,0.47567930817604065
663,0.294036328792572
664,0.628018856048584
665,0.42917272448539734
666,0.4950202405452728
667,0.6415693759918213
668,0.4187036454677582
669,0.5309910774230957
670,0.4974697530269623
671,0.46090781688690186
672,0.39464953541755676
673,0.6129719614982605
674,0.36216384172439575
675,0.5471499562263489
676,0.5176239609718323
677,0.4724718928337097
678,0.5257387757301331
679,0.33658722043037415
680,0.4445314407348633
681,0.6352862119674683
682,0.5116722583770752
683,0.5842434167861938
684,0.19440269470214844
685,0.2557198107242584
686,0.6042347550392151
687,0.4290629029273987
688,0.4571145474910736
689,0.5096576809883118
690,0.3044583201408386
691,0.456398606300354
692,0.4882267415523529
693,0.6905297040939331
694,0.16414447128772736
695,0.5500469207763672
696,0.5182605981826782
697,0.4863414168357849
698,0.7885109186172485
699,0.5822479724884033
700,0.5949140191078186
701,0.39226073026657104
702,0.7019028663635254
703,0.23732738196849823
704,0.4101425111293793
705,0.22173026204109192
706,0.2982555031776428
707,0.38326495885849
708,0.5640207529067993
709,0.2878095507621765
710,0.40710267424583435
711,0.20928430557250977
712,0.5781712532043457
713,-0.004133902955800295
714,0.36981308460235596
715,0.406956285238266
716,0.39885884523391724
717,0.3347729444503784
718,0.3087911009788513
719,0.7045345306396484
720,0.4998777508735657
721,0.684149444103241
722,0.5438757538795471
723,0.5473546385765076
724,0.43640321493148804
725,0.24724701046943665
726,0.41317418217658997
727,0.5081312656402588
728,0.5943960547447205
729,0.5858952403068542
730,0.4880959987640381
731,0.5845582485198975
732,0.40998077392578125
733,0.48805996775627136
734,0.018098805099725723
735,0.35640937089920044
736,0.4535391926765442
737,0.40707147121429443
738,0.5932567715644836
739,0.05266805738210678
740,0.5516340136528015
741,0.4915543496608734
742,0.4528232514858246
743,0.5964915752410889
744,0.6233499646186829
745,0.32678499817848206
746,0.4401201605796814
747,0.7012526988983154
748,0.39858531951904297
749,0.36414334177970886
750,0.31507402658462524
751,0.4347209334373474
752,0.48983627557754517
753,0.4587690234184265
754,0.7508072257041931
755,0.6957135200500488
756,0.4241190254688263
757,0.5100888609886169
758,0.4569534361362457
759,0.5308473110198975
760,0.3110712468624115
761,0.45209574699401855
762,0.7372650504112244
763,0.28180867433547974
764,0.39616671204566956
765,0.37382134795188904
766,0.615161120891571
767,0.5244239568710327
768,0.5348505973815918
769,0.566070020198822
770,0.7703319787979126
771,0.11669625341892242
772,0.455692321062088
773,0.5332503318786621
774,0.4857710897922516
775,0.256595253944397
776,0.4271928369998932
777,0.4913036823272705
778,0.5553250908851624
779,0.48876476287841797
780,0.5646466016769409
781,0.5971795916557312
782,0.614861249923706
783,0.1771104484796524
784,0.2744967043399811
785,0.17988106608390808
786,0.5090880393981934
787,0.4842442274093628
788,0.5917873382568359
789,0.4500506520271301
790,0.29247209429740906
791,0.727875292301178
792,0.4918368458747864
793,0.566876232624054
794,0.544558584690094
795,0.6315323710441589
796,0.4266090989112854
797,0.29081976413726807
798,0.5304054021835327
799,0.7690923810005188
800,0.21723619103431702
801,0.26037275791168213
802,0.5151246190071106
803,0.6007722020149231
804,0.4809471070766449
805,0.48452213406562805
806,0.3740493655204773
807,0.10012858361005783
808,0.5124648213386536
809,0.3410094678401947
810,0.482279509305954
811,0.52388995885849
812,0.5651421546936035
813,0.7702089548110962
814,0.4685930609703064
815,0.43153467774391174
816,0.7436804175376892
817,0.5958559513092041
818,0.40223240852355957
819,0.3487206995487213
820,0.4122691750526428
821,0.5300576090812683
822,0.4846174716949463
823,0.5022122859954834
824,0.5061302781105042
825,0.3870997428894043
826,0.32912352681159973
827,0.5086941719055176
828,0.5202358961105347
829,0.48172828555107117
830,0.46242156624794006
831,0.5362562537193298
832,0.3858899474143982
833,0.40461406111717224
834,0.45700618624687195
835,0.5550166368484497
836,0.31603068113327026
837,0.6478369235992432
838,0.4152684807777405
839,0.2858321964740753
840,0.3273047208786011
841,0.5338395237922668
842,0.5484545230865479
843,0.3864472210407257
844,0.21686992049217224
845,0.48573341965675354
846,0.5267362594604492
847,0.6811990737915039
848,0.46522554755210876
849,0.2449692189693451
850,0.8476036190986633
851,0.5128650665283203
852,0.3360832631587982
853,0.5104260444641113
854,0.5357852578163147
855,0.47106799483299255
856,0.5339192748069763
857,0.5415555834770203
858,0.28332895040512085
859,0.31655025482177734
860,0.564708411693573
861,0.7276716232299805
862,0.6683050990104675
863,0.6524209380149841
864,0.4647178649902344
865,0.525736927986145
866,0.4192493259906769
867,0.21646325290203094
868,0.4746670424938202
869,0.5946153998374939
870,0.16926847398281097
871,0.4278833568096161
872,0.4580620527267456
873,0.41260531544685364
874,0.48044946789741516
875,0.34543392062187195
876,0.2822745144367218
877,0.5371988415718079
878,0.7003305554389954
879,0.34134113788604736
880,0.4244665801525116
881,0.6392025947570801
882,0.42687422037124634
883,0.5813605189323425
884,0.5776835083961487
885,0.3183329999446869
886,0.20526914298534393
887,0.4428933262825012
888,0.3968466818332672
889,0.6057989597320557
890,0.44781768321990967
891,0.49033787846565247
892,0.3380027711391449
893,0.42700114846229553
894,0.5029764175415039
895,0.6575573086738586
896,0.06511533260345459
897,0.4017062783241272
898,0.37066319584846497
899,0.5742807984352112
900,0.5432056784629822
901,0.48744332790374756
902,0.4549978971481323
903,0.5761258602142334
904,0.23594233393669128
905,0.516913115978241
906,0.23910798132419586
907,0.30038338899612427
908,0.15063612163066864
909,0.5236567854881287
910,0.42069002985954285
911,0.21506325900554657
912,0.17798621952533722
913,0.020123660564422607
914,0.6759082674980164
915,0.5840892791748047
916,0.19997501373291016
917,0.5230659246444702
918,0.658528208732605
919,0.527527391910553
920,0.44575926661491394
921,0.5796076059341431
922,0.23786763846874237
923,0.5271186232566833
924,0.403887540102005
925,0.41770461201667786
926,0.5211294293403625
927,0.1811847686767578
928,0.5080389380455017
929,0.14659786224365234
930,0.25333333015441895
931,0.22437763214111328
932,0.10778971016407013
933,0.37427371740341187
934,0.4132038950920105
935,0.7016108632087708
936,0.4836615324020386
937,0.6835981011390686
938,0.13874901831150055
939,0.3247089684009552
940,0.5092161297798157
941,0.16008803248405457
942,0.5613902807235718
943,0.5398397445678711
944,0.3724882900714874
945,0.32037100195884705
946,0.27422335743904114
947,0.5261121988296509
948,0.5843440890312195
949,0.6162043809890747
950,0.373571515083313
951,0.48739275336265564
952,0.10507581382989883
953,0.3565842807292938
954,0.4926023781299591
955,0.5556619167327881
956,0.47008398175239563
957,0.4033362567424774
958,0.5117491483688354
959,0.20708703994750977
960,0.42754051089286804
961,0.19454145431518555
962,0.4531897306442261
963,0.5733245611190796
964,0.22176936268806458
965,0.7502702474594116
966,0.7036020755767822
967,0.0368068590760231
968,0.62126624584198
969,0.4587845504283905
970,0.6018819212913513
971,0.27886709570884705
972,0.3926701247692108
973,0.15287351608276367
974,0.2482665479183197
975,0.8536964654922485
976,0.6559355854988098
977,0.3773525059223175
978,0.35688668489456177
979,0.5633929371833801
980,0.5916768312454224
981,0.665793776512146
982,0.2929215431213379
983,0.1260310560464859
984,0.3293199837207794
985,0.3867931365966797
986,0.37933534383773804
987,0.2467549592256546
988,0.4759185314178467
989,0.41750723123550415
990,0.5063400864601135
991,0.27691662311553955
992,0.2855992317199707
993,0.35619500279426575
994,0.38949716091156006
995,0.3834541141986847
996,0.27840423583984375
997,0.5222386717796326
998,0.21243906021118164
999,0.4613717496395111
1000,0.26652634143829346
1001,0.2935136556625366
1002,0.6904188394546509
1003,0.49966880679130554
1004,0.29681724309921265
1005,0.3970809578895569
1006,0.4837633967399597
1007,0.567629873752594
1008,0.5333912968635559
1009,0.5026485919952393
1010,0.5306346416473389
1011,0.5935648083686829
1012,0.6404991149902344
1013,0.652454674243927
1014,0.41408735513687134
1015,0.552737832069397
1016,0.1775977909564972
1017,0.4306996464729309
1018,0.29235684871673584
1019,0.25381019711494446
1020,0.38880112767219543
1021,0.3996099829673767
1022,0.46357277035713196
1023,0.5421496033668518
1024,0.5904849171638489
1025,0.7277898192405701
1026,0.26141124963760376
1027,0.6247888207435608
1028,0.5091344714164734
1029,0.4121265113353729
1030,0.3416135013103485
1031,0.5962275266647339
1032,0.39951786398887634
1033,0.3359857201576233
1034,0.213583841919899
1035,0.4107332229614258
1036,0.36749377846717834
1037,0.5186211466789246
1038,0.3012363016605377
1039,0.4014109969139099
1040,0.6797606945037842
1041,0.2136431485414505
1042,0.4878241717815399
1043,0.3949890434741974
1044,0.3933367133140564
1045,0.45421549677848816
1046,0.3733727037906647
1047,0.5605055689811707
1048,0.43677666783332825
1049,0.07950284332036972
1050,0.542153537273407
1051,0.6492159962654114
1052,0.6066969633102417
1053,0.4226418435573578
1054,0.24145279824733734
1055,0.17798925936222076
1056,0.40497276186943054
1057,0.2669954299926758
1058,0.46508562564849854
1059,0.5407670736312866
1060,0.2622370719909668
1061,0.07736075669527054
1062,0.5547500848770142
1063,0.5886291861534119
1064,0.16686448454856873
1065,0.5320786833763123
1066,0.37494832277297974
1067,0.17969317734241486
1068,0.6014533042907715
1069,0.522087037563324
1070,0.29416775703430176
1071,0.6986987590789795
1072,0.13984337449073792
1073,0.41597411036491394
1074,0.23911382257938385
1075,0.35323283076286316
1076,0.5676698088645935
1077,0.43174290657043457
1078,0.11427981406450272
1079,0.5773442983627319
1080,0.5339087843894958
1081,0.3048681914806366
1082,0.4188995063304901
1083,0.46892669796943665
1084,0.4152302145957947
1085,0.21700556576251984
1086,0.19110576808452606
1087,0.3348471224308014
1088,0.11934405565261841
1089,0.6385049223899841
1090,0.4985879361629486
1091,0.353445440530777
1092,0.36425185203552246
1093,0.6014809608459473
1094,0.7322182655334473
1095,0.6832970380783081
1096,0.16366355121135712
1097,0.5062470436096191
1098,0.3758810758590698
1099,0.5534181594848633
1100,0.35410773754119873
1101,0.2554062008857727
1102,0.37938377261161804
1103,0.37076762318611145
1104,0.5214898586273193
1105,0.34998512268066406
1106,0.4366777539253235
1107,0.26261210441589355
1108,0.45198947191238403
1109,0.4117547869682312
1110,0.4524626135826111
1111,0.4805442690849304
1112,0.5790669918060303
1113,0.5399023294448853
1114,0.4004257619380951
1115,0.5987463593482971
1116,0.26669055223464966
1117,0.4361264109611511
1118,0.5199005603790283
1119,0.49788519740104675
1120,0.44712376594543457
1121,0.43799224495887756
1122,0.5967868566513062
1123,0.8746011257171631
1124,0.1371944099664688
1125,0.5269168615341187
1126,0.40519624948501587
1127,0.687379002571106
1128,0.5147699117660522
1129,0.20629675686359406
1130,0.35861775279045105
1131,0.47540223598480225
1132,0.4620491862297058
1133,0.23298588395118713
1134,0.3401765823364258
1135,0.5369441509246826
1136,0.5351067781448364
1137,0.45419204235076904
1138,0.5825814008712769
1139,0.3443000316619873
1140,0.18624389171600342
1141,0.4191751182079315
1142,0.5392786264419556
1143,0.4279667139053345
1144,0.4571272134780884
1145,0.2728210389614105
1146,0.39936456084251404
1147,0.4610695540904999
1148,0.5922877192497253
1149,0.5693591833114624
1150,0.5687190890312195
1151,0.4463653266429901
1152,0.3053152561187744
1153,0.4958575963973999
1154,0.6442157626152039
1155,0.3335533142089844
1156,0.5392118692398071
1157,0.3650224506855011
1158,0.26750898361206055
1159,0.1563156545162201
1160,0.30010688304901123
1161,0.6205283403396606
1162,0.5626158714294434
1163,0.45563533902168274
1164,0.4198276102542877
1165,0.4764774739742279
1166,0.6078528165817261
1167,0.6921745538711548
1168,0.5111150145530701
1169,0.3733968734741211
1170,0.5411080718040466
1171,0.588577151298523
1172,0.359359472990036
1173,0.5251256227493286
1174,0.29644525051116943
1175,0.15903164446353912
1176,0.19499963521957397
1177,0.4780556559562683
1178,0.6836591362953186
1179,0.41846638917922974
1180,0.3139078617095947
1181,0.14099684357643127
1182,0.3807393014431
1183,0.7669717669487
1184,0.3993895351886749
1185,0.36823350191116333
1186,0.21643459796905518
1187,0.6508631706237793
1188,0.48398590087890625
1189,0.39383402466773987
1190,0.4937533140182495
1191,0.44039884209632874
1192,0.5940650701522827
1193,0.13739536702632904
1194,0.439648300409317
1195,0.5956860184669495
1196,0.6017026305198669
1197,0.4391503930091858
1198,0.37746378779411316
1199,0.7893040180206299
1200,0.24295707046985626
1201,0.1580185890197754
1202,0.5441700220108032
1203,0.35694384574890137
1204,0.29698359966278076
1205,0.3356549143791199
1206,0.5110803246498108
1207,0.6671223640441895
1208,0.4881172776222229
1209,0.4683629870414734
1210,0.4498263895511627
1211,0.17908082902431488
1212,0.02529764175415039
1213,0.3431467115879059
1214,0.5572403073310852
1215,0.4365723431110382
1216,0.3441002666950226
1217,0.6865289211273193
1218,0.16923049092292786
1219,0.5080398917198181
1220,0.48487046360969543
1221,0.30355677008628845
1222,0.46461915969848633
1223,0.4485916793346405
1224,0.6362771987915039
1225,0.3174295723438263
1226,0.1710648387670517
1227,0.22262808680534363
1228,0.4581488370895386
1229,0.41782692074775696
1230,0.3486931622028351
1231,0.5305203199386597
1232,0.639042854309082
1233,0.6388763785362244
1234,0.33738547563552856
1235,0.22459162771701813
1236,0.3835389018058777
1237,0.5176663398742676
1238,0.3781234920024872
1239,0.6441760063171387
1240,0.21503771841526031
1241,0.4367864429950714
1242,0.7050907611846924
1243,0.6714869141578674
1244,0.2040056735277176
1245,0.48518916964530945
1246,0.3737407922744751
1247,0.268288791179657
1248,0.4450528919696808
1249,0.19846174120903015
1250,0.1294386088848114
1251,0.4571550786495209
1252,0.48584994673728943
1253,0.4533578157424927
1254,0.4702390432357788
1255,0.34344854950904846
1256,0.592904269695282
1257,0.39654219150543213
1258,0.5986829400062561
1259,0.41229286789894104
1260,0.1991431713104248
1261,0.5028786659240723
1262,0.4038598835468292
1263,0.5074885487556458
1264,0.08352936059236526
1265,0.5107753872871399
1266,0.440923810005188
1267,0.5512168407440186
1268,0.3691219687461853
1269,0.3249657452106476
1270,0.4871983826160431
1271,0.5429795384407043
1272,0.498215913772583
1273,0.410407692193985
1274,0.41386544704437256
1275,0.5819392204284668
1276,0.6242982149124146
1277,0.5588881373405457
1278,0.37705981731414795
1279,0.6704080700874329
1280,0.6818236708641052
1281,0.48803284764289856
1282,0.6250097155570984
1283,0.3018912076950073
1284,0.27992740273475647
1285,0.2919912338256836
1286,0.5315924882888794
1287,-0.08887346088886261
1288,0.24035724997520447
1289,0.5983599424362183
1290,0.3793489336967468
1291,0.511000394821167
1292,0.4094765782356262
1293,0.12802161276340485
1294,0.5079710483551025
1295,0.09607838094234467
1296,0.5771884322166443
1297,0.28525805473327637
1298,0.3700946271419525
1299,0.5388125777244568
1300,0.6895601153373718
1301,0.3099335730075836
1302,0.5927392840385437
1303,0.6030365824699402
1304,0.4570029675960541
1305,0.4350225627422333
1306,0.14221195876598358
1307,0.45897212624549866
1308,0.39973482489585876
1309,0.4150788486003876
1310,0.26935115456581116
1311,0.6223751306533813
1312,0.524454653263092
1313,0.6698119044303894
1314,0.5152079463005066
1315,0.266877144575119
1316,0.34225520491600037
1317,0.32566016912460327
1318,0.5450910925865173
1319,0.38899287581443787
1320,0.4634729027748108
1321,0.19198107719421387
1322,0.5105631351470947
1323,0.15419282019138336
1324,0.25413548946380615
1325,0.26209551095962524
1326,0.3880022466182709
1327,0.48545318841934204
1328,0.43879836797714233
1329,0.21238334476947784
1330,0.370442271232605
1331,0.37359094619750977
1332,0.31613820791244507
1333,0.435069739818573
1334,0.49230146408081055
1335,0.3419586420059204
1336,0.394558310508728
1337,0.2852153182029724
1338,0.27258220314979553
1339,0.3961375057697296
1340,0.37380462884902954
1341,0.3459194004535675
1342,0.4060383141040802
1343,0.7382734417915344
1344,0.29473185539245605
1345,0.6075358986854553
1346,0.46432262659072876
1347,0.5128493309020996
1348,0.43915390968322754
1349,0.5843369364738464
1350,0.33520814776420593
1351,0.3903997540473938
1352,0.3817656338214874
1353,0.49732667207717896
1354,0.36545640230178833
1355,0.456769198179245
1356,0.43420907855033875
1357,0.28799161314964294
1358,0.15574488043785095
1359,0.3850509226322174
1360,0.41297003626823425
1361,0.6280766725540161
1362,0.3719176948070526
1363,0.2954511344432831
1364,0.5454181432723999
1365,0.5668967366218567
1366,0.5806992053985596
1367,0.3701479136943817
1368,0.1658971905708313
1369,0.37462303042411804
1370,0.330049604177475
1371,0.4528530538082123
1372,0.4317042827606201
1373,0.3641085624694824
1374,0.24312040209770203
1375,0.32789817452430725
1376,0.5528621673583984
1377,0.37409210205078125
1378,0.21522076427936554
1379,0.5201417207717896
1380,0.06491617113351822
1381,0.4462028741836548
1382,0.6409932374954224
1383,0.16013400256633759
1384,0.39085936546325684
1385,0.3835553228855133
1386,0.27010250091552734
1387,0.5221341252326965
1388,0.42058902978897095
1389,0.21163970232009888
1390,0.18014515936374664
1391,0.24811425805091858
1392,0.2612895667552948
1393,0.6026256084442139
1394,0.3579612374305725
1395,0.40082982182502747
1396,0.6471209526062012
1397,0.48127874732017517
1398,0.7269535064697266
1399,0.3320104777812958
1400,0.5476561784744263
1401,0.4605364203453064
1402,0.1983848214149475
1403,0.5388107895851135
1404,0.286866694688797
1405,0.19029328227043152
1406,0.6035988926887512
1407,0.578395426273346
1408,0.22758086025714874
1409,0.3569408655166626
1410,0.45997506380081177
1411,0.529715895652771
1412,0.6354771256446838
1413,0.17883005738258362
1414,0.32046180963516235
1415,0.5914021730422974
1416,0.5686808228492737
1417,0.2878187596797943
1418,0.8220768570899963
1419,0.5927376747131348
1420,0.6989213228225708
1421,0.37215933203697205
1422,0.6892614960670471
1423,0.4379943013191223
1424,0.14678341150283813
1425,0.5733835101127625
1426,0.4502111077308655
1427,0.458413690328598
1428,0.2603333592414856
1429,0.6444172859191895
1430,0.3315024971961975
1431,0.441661536693573
1432,0.306256502866745
1433,0.4188281297683716
1434,0.3644684851169586
1435,0.34377703070640564
1436,0.4839822053909302
1437,0.3376730680465698
1438,0.05127880349755287
1439,0.15760433673858643
1440,0.5181410312652588
1441,0.374192476272583
1442,0.2657986283302307
1443,0.2741530239582062
1444,0.5615639686584473
1445,0.14770092070102692
1446,0.3898695409297943
1447,0.7161570191383362
1448,0.42425212264060974
1449,0.5027571320533752
1450,0.39870670437812805
1451,0.2471495419740677
1452,0.13684503734111786
1453,0.16799452900886536
1454,0.5066137909889221
1455,0.2840259373188019
1456,0.5675232410430908
1457,0.6550842523574829
1458,0.3791896104812622
1459,0.41314640641212463
1460,0.6547980308532715
1461,0.4335399270057678
1462,0.2877195179462433
1463,0.5689910054206848
1464,0.49753302335739136
1465,0.4084409773349762
1466,0.4063080847263336
1467,0.4697677195072174
1468,0.1505872905254364
1469,0.4456886947154999
1470,0.4883946180343628
1471,0.358333021402359
1472,0.06264270097017288
1473,0.4127403199672699
1474,0.30996257066726685
1475,0.4646693170070648
1476,0.3708608150482178
1477,0.569283664226532
1478,0.3487513065338135
1479,0.5753533244132996
1480,0.5298378467559814
1481,0.6091585755348206
1482,0.4949653148651123
1483,0.31172165274620056
1484,0.7373631000518799
1485,0.5256426334381104
1486,0.32002514600753784
1487,0.24313850700855255
1488,0.3569602370262146
1489,0.33840417861938477
1490,0.740833580493927
1491,0.5222063064575195
1492,0.18837642669677734
1493,0.41854625940322876
1494,0.5505592823028564
1495,0.49271106719970703
1496,0.48207002878189087
1497,0.34869131445884705
1498,0.23976857960224152
1499,0.4498946964740753
1500,0.3162272870540619
1501,0.3743574321269989
1502,0.6003588438034058
1503,0.5300345420837402
1504,0.2009669989347458
1505,0.4213327169418335
1506,0.2029125988483429
1507,0.4369722008705139
1508,0.32710617780685425
1509,0.43630820512771606
1510,0.2978661358356476
1511,0.40123292803764343
1512,0.5345168709754944
1513,0.31305187940597534
1514,0.47648364305496216
1515,0.37626075744628906
1516,0.5194146037101746
1517,0.0576041154563427
1518,0.21022482216358185
1519,0.4426734745502472
1520,0.6367952823638916
1521,0.4401927888393402
1522,0.6817304491996765
1523,0.056664276868104935
1524,0.3599099814891815
1525,0.546423614025116
1526,0.17058826982975006
1527,0.4965997636318207
1528,0.3191083073616028
1529,0.2948252260684967
1530,0.5332658290863037
1531,0.4410461485385895
1532,0.4373367726802826
1533,0.23287196457386017
1534,0.17803341150283813
1535,0.35896748304367065
1536,0.41228580474853516
1537,0.2864779829978943
1538,0.4522642493247986
1539,0.13168810307979584
1540,0.6409114003181458
1541,0.3375595808029175
1542,0.3059224486351013
1543,0.483599454164505
1544,0.34278181195259094
1545,0.46727532148361206
1546,0.3693707287311554
1547,0.29593148827552795
1548,0.22283466160297394
1549,0.18609260022640228
1550,0.4830735921859741
1551,0.47308412194252014
1552,0.46597614884376526
1553,0.4780566990375519
1554,0.4139319062232971
1555,0.36776861548423767
1556,0.4272216260433197
1557,0.47056734561920166
1558,0.5096774697303772
1559,0.3270358145236969
1560,0.6649249792098999
1561,0.21372021734714508
1562,0.6542578935623169
1563,0.319560170173645
1564,0.40833204984664917
1565,0.32781079411506653
1566,0.35316595435142517
1567,0.3908078968524933
1568,0.48291608691215515
1569,0.38948094844818115
1570,0.607168436050415
1571,0.46624574065208435
1572,0.3707868456840515
1573,0.24511444568634033
1574,0.43130847811698914
1575,0.26052069664001465
1576,0.3828466236591339
1577,0.5180520415306091
1578,0.4545973241329193
1579,0.18282648921012878
1580,0.33870863914489746
1581,0.4592025876045227
1582,0.376497745513916
1583,0.46188288927078247
1584,0.6615316271781921
1585,0.8180168271064758
1586,0.46508562564849854
1587,0.6185876727104187
1588,0.7383983135223389
1589,0.38496628403663635
1590,0.37794965505599976
1591,0.31839972734451294
1592,0.39213427901268005
1593,0.33512791991233826
1594,0.25815585255622864
1595,0.21104329824447632
1596,0.4610040485858917
1597,0.38920024037361145
1598,0.4823072552680969
1599,0.4450072646141052
1600,0.3891180157661438
1601,0.3872157335281372
1602,0.513606071472168
1603,0.2562694847583771
1604,0.22955986857414246
1605,0.48022031784057617
1606,0.42962348461151123
1607,0.44189921021461487
1608,0.1820671260356903
1609,0.4120894968509674
1610,0.72889244556427
1611,0.5014659762382507
1612,0.4185052514076233
1613,0.18362835049629211
1614,0.6284045577049255
1615,0.5671165585517883
1616,0.5880402326583862
1617,0.39541536569595337
1618,0.41635555028915405
1619,0.335928738117218
1620,0.2862783372402191
1621,0.4625250995159149
1622,0.39416736364364624
1623,0.46885186433792114
1624,0.5001124143600464
1625,0.31476137042045593
1626,0.6373926401138306
1627,0.8683139085769653
1628,0.49730581045150757
1629,0.6611493825912476
1630,0.5905635356903076
1631,0.21393874287605286
1632,0.3609845042228699
1633,0.6157514452934265
1634,0.6798556447029114
1635,0.5361765623092651
1636,0.3310866355895996
1637,0.3526436984539032
1638,0.3207675516605377
1639,0.7008391618728638
1640,0.25146520137786865
1641,0.4184945523738861
1642,0.465350478887558
1643,0.43913742899894714
1644,0.47445398569107056
1645,0.3185960650444031
1646,0.12720537185668945
1647,0.6683744788169861
1648,0.2949945032596588
1649,0.5111457705497742
1650,0.18833379447460175
1651,0.17534004151821136
1652,0.4102962613105774
1653,0.40315011143684387
1654,0.5430342555046082
1655,0.543154776096344
1656,0.4926721751689911
1657,0.5746844410896301
1658,0.5995339751243591
1659,0.4266752004623413
1660,0.6187480092048645
1661,0.4077673554420471
1662,0.45009472966194153
1663,0.24722306430339813
1664,0.4287322163581848
1665,0.2218608558177948
1666,0.6580859422683716
1667,0.33254924416542053
1668,0.4149881601333618
1669,0.5350229740142822
1670,0.708101212978363
1671,0.49042582511901855
1672,0.45647644996643066
1673,0.10841865837574005
1674,0.5361728072166443
1675,0.43494418263435364
1676,0.27799516916275024
1677,0.6481971740722656
1678,0.1998138427734375
1679,0.5726776719093323
1680,0.5300202369689941
1681,0.42429119348526
1682,0.48560309410095215
1683,0.3776928782463074
1684,0.7135716080665588
1685,0.3628833293914795
1686,0.5371941328048706
1687,0.21510283648967743
1688,0.2376302033662796
1689,0.1347661316394806
1690,0.6143960952758789
1691,0.6703216433525085
1692,0.36852529644966125
1693,0.6645710468292236
1694,0.6996753811836243
1695,0.3249491751194
1696,0.644952118396759
1697,0.44527995586395264
1698,0.22463437914848328
1699,0.46235740184783936
1700,0.5325164198875427
1701,0.3757477402687073
1702,0.6316691040992737
1703,0.4677666127681732
1704,0.5662033557891846
1705,0.4698256254196167
1706,0.4472791850566864
1707,0.533741295337677
1708,0.6662578582763672
1709,0.6214974522590637
1710,0.1756795048713684
1711,0.7337954044342041
1712,0.5502538681030273
1713,0.2895476818084717
1714,0.40456876158714294
1715,0.17777760326862335
1716,0.6394530534744263
1717,0.5318240523338318
1718,0.26147571206092834
1719,0.24206885695457458
1720,0.20835542678833008
1721,0.29019883275032043
1722,0.37753504514694214
1723,0.5402052998542786
1724,0.3984526991844177
1725,0.22989121079444885
1726,-0.030832985416054726
1727,0.14839960634708405
1728,0.290172815322876
1729,0.4667143225669861
1730,0.37818416953086853
1731,0.39894604682922363
1732,0.3709101974964142
1733,0.39954131841659546
1734,0.7051663398742676
1735,0.2710355520248413
1736,0.18316121399402618
1737,0.2670498192310333
1738,0.410872220993042
1739,0.07324113696813583
1740,0.37056276202201843
1741,0.17765919864177704
1742,0.24572651088237762
1743,0.14917626976966858
1744,0.05938559025526047
1745,0.6153959631919861
1746,0.2815992832183838
1747,0.3960554897785187
1748,0.25449076294898987
1749,0.3201702833175659
1750,0.4825657904148102
1751,0.3879973590373993
1752,0.6883620619773865
1753,0.4014056324958801
1754,0.6438952088356018
1755,0.05559172108769417
1756,0.5221915245056152
1757,0.272186815738678
1758,0.6188384294509888
1759,0.35967129468917847
1760,0.5772193074226379
1761,0.43265536427497864
1762,0.22491559386253357
1763,0.6053837537765503
1764,0.32875263690948486
1765,0.48904699087142944
1766,0.37635478377342224
1767,0.5060908198356628
1768,0.576363742351532
1769,0.3571508824825287
1770,0.6473851799964905
1771,0.35521987080574036
1772,0.5242782235145569
1773,0.5150901675224304
1774,0.5344060063362122
1775,0.3246552050113678
1776,0.38296252489089966
1777,0.2959972023963928
1778,0.5020132660865784
1779,0.7217901349067688
1780,0.4073704481124878
1781,0.28777697682380676
1782,0.3609381914138794
1783,0.21262261271476746
1784,0.38264214992523193
1785,0.5577571988105774
1786,0.7450147867202759
1787,0.37626123428344727
1788,0.3475494980812073
1789,0.624596118927002
1790,0.676785945892334
1791,0.4692975878715515
1792,0.4197021424770355
1793,0.4196622669696808
1794,0.4883151650428772
1795,0.3542114496231079
1796,0.40835171937942505
1797,0.19366180896759033
1798,0.5683552026748657
1799,0.5280681848526001
1800,0.36712026596069336
1801,0.5899484753608704
1802,0.5783917307853699
1803,0.4807102680206299
1804,0.3688444197177887
1805,0.4881475865840912
1806,0.4387507140636444
1807,0.23834002017974854
1808,0.32290732860565186
1809,0.417617529630661
1810,0.3092910349369049
1811,0.4070776402950287
1812,0.5175602436065674
1813,0.3173999488353729
1814,0.6136353611946106
1815,0.47475743293762207
1816,0.42047223448753357
1817,0.5232031345367432
1818,0.553983211517334
1819,0.5389498472213745
1820,0.5844395756721497
1821,0.353147953748703
1822,0.5136668086051941
1823,0.2807367146015167
1824,0.5197142958641052
1825,0.4889647960662842
1826,0.6038363575935364
1827,0.479208379983902
1828,0.7262425422668457
1829,0.48883599042892456
1830,0.26355478167533875
1831,0.24565540254116058
1832,0.17728577554225922
1833,0.18982812762260437
1834,0.3666512668132782
1835,0.3640444874763489
1836,0.48375189304351807
1837,0.4086168706417084
1838,0.57753986120224
1839,0.5905952453613281
1840,0.15123103559017181
1841,0.2926045060157776
1842,0.5879191160202026
1843,0.4831424951553345
1844,0.6561145186424255
1845,0.246642604470253
1846,-0.04755902290344238
1847,0.5399065017700195
1848,0.39825788140296936
1849,0.5717845559120178
1850,0.4423530399799347
1851,0.4287850856781006
1852,0.5905177593231201
1853,0.3277094066143036
1854,0.3107618987560272
1855,0.17979200184345245
1856,0.36081933975219727
1857,0.8075688481330872
1858,0.2561813294887543
1859,0.4222638010978699
1860,0.5546666383743286
1861,0.05060582235455513
1862,0.36595168709754944
1863,0.2535814046859741
1864,0.4749584496021271
1865,0.7021161317825317
1866,0.6789247393608093
1867,0.6364772319793701
1868,0.2766624689102173
1869,0.502605676651001
1870,0.4837944209575653
1871,0.47489193081855774
1872,0.5014500021934509
1873,0.549185037612915
1874,0.20201729238033295
1875,0.39699122309684753
1876,0.5423725843429565
1877,0.6333072781562805
1878,0.7702903151512146
1879,0.5493243932723999
1880,0.43055546283721924
1881,0.6209851503372192
1882,0.4047224521636963
1883,0.6384280920028687
1884,0.32606062293052673
1885,0.3684675693511963
1886,0.47169673442840576
1887,0.38871243596076965
1888,0.21801377832889557
1889,0.5200124382972717
1890,0.18561816215515137
1891,0.6407391428947449
1892,0.45914411544799805
1893,0.509173572063446
1894,0.7460508942604065
1895,0.5299856662750244
1896,0.22620874643325806
1897,0.37573543190956116
1898,0.7836949229240417
1899,0.3156343400478363
1900,0.21711546182632446
1901,0.6884982585906982
1902,0.2822987139225006
1903,0.4253835678100586
1904,0.24091310799121857
1905,0.059541117399930954
1906,0.5482038259506226
1907,0.27857232093811035
1908,0.32789087295532227
1909,0.4296768605709076
1910,0.42982223629951477
1911,0.4789797067642212
1912,0.4515165090560913
1913,0.4387240707874298
1914,0.2334124594926834
1915,0.7416063547134399
1916,0.43314167857170105
1917,0.1397744119167328
1918,0.22256438434123993
1919,0.17924612760543823
1920,0.516990065574646
1921,0.46728450059890747
1922,0.591471791267395
1923,0.23125042021274567
1924,0.3877987563610077
1925,0.4695402979850769
1926,0.3078959584236145
1927,0.46684038639068604
1928,0.4155066907405853
1929,0.5047188997268677
1930,0.4552072286605835
1931,0.11696086823940277
1932,0.46144434809684753
1933,0.5384688973426819
1934,0.4499683678150177
1935,0.3221200406551361
1936,0.664246678352356
1937,0.5027273893356323
1938,0.5540891289710999
1939,0.6994727849960327
1940,0.5976990461349487
1941,0.47935423254966736
1942,0.37802979350090027
1943,0.18183857202529907
1944,0.4507107436656952
1945,0.40274232625961304
1946,0.22679884731769562
1947,0.49373212456703186
1948,0.27603811025619507
1949,0.49565789103507996
1950,0.47768938541412354
1951,0.6032602787017822
1952,0.2993148863315582
1953,0.3804311156272888
1954,0.48814237117767334
1955,0.44720521569252014
1956,0.08665008097887039
1957,0.3786030411720276
1958,0.2567063868045807
1959,0.5979197025299072
1960,0.5546276569366455
1961,0.43505510687828064
1962,0.012986885383725166
1963,0.29813212156295776
1964,0.2951255440711975
1965,0.6234229207038879
1966,0.4397476315498352
1967,0.23040670156478882
1968,0.5674505829811096
1969,0.2291633039712906
1970,0.7544683218002319
1971,0.37994492053985596
1972,0.6160935759544373
1973,0.3795889914035797
1974,0.15675000846385956
1975,0.5422229170799255
1976,0.42651888728141785
1977,0.6365691423416138
1978,0.4950960576534271
1979,0.3762114644050598
1980,0.7146254181861877
1981,0.2644951641559601
1982,0.4338524341583252
1983,0.612930417060852
1984,0.4747733771800995
1985,0.29119938611984253
1986,0.20979751646518707
1987,0.4585859179496765
1988,0.40482789278030396
1989,0.3275161683559418
1990,0.25408467650413513
1991,0.40400978922843933
1992,0.6456974148750305
1993,0.6713065505027771
1994,0.479053795337677
1995,0.3318406045436859
1996,0.4804256856441498
1997,0.4024498462677002
1998,0.23597924411296844
1999,0.5632206797599792
2000,0.41991370916366577
2001,0.5497193932533264
2002,0.35521429777145386
2003,0.6345922350883484
2004,0.2742660939693451
2005,0.41627997159957886
2006,0.6088710427284241
2007,0.4121634364128113
2008,0.6122891306877136
2009,0.3784974217414856
2010,0.6225219368934631
2011,0.5820469260215759
2012,0.44109585881233215
2013,0.5128019452095032
2014,0.5413356423377991
2015,0.4734717607498169
2016,0.6402056217193604
2017,0.6195051670074463
2018,0.4588916003704071
2019,0.33494725823402405
2020,0.18905764818191528
2021,0.34942638874053955
2022,0.30784130096435547
2023,0.41190820932388306
2024,0.30275723338127136
2025,0.43574148416519165
2026,0.5184880495071411
2027,0.604508101940155
2028,0.29684239625930786
2029,0.6259976625442505
2030,0.433584600687027
2031,0.37896203994750977
2032,0.5128322243690491
2033,0.4101732671260834
2034,0.2555951476097107
2035,0.5748937726020813
2036,0.24066627025604248
2037,0.3139389753341675
2038,0.6120402216911316
2039,0.38198763132095337
2040,0.2685278356075287
2041,0.4931245744228363
2042,0.36665263772010803
2043,0.013455331325531006
2044,0.49138641357421875
2045,0.22905929386615753
2046,0.38738536834716797
2047,0.48855695128440857
2048,0.5385093092918396
2049,0.30497077107429504
2050,0.43919652700424194
2051,0.4871439039707184
2052,0.6090087890625
2053,0.5081763863563538
2054,0.45826637744903564
2055,0.4750763773918152
2056,0.3150370121002197
2057,0.4677608907222748
2058,0.6430292725563049
2059,0.7181314826011658
2060,0.3146427273750305
2061,0.768401026725769
2062,0.6360756158828735
2063,0.5943296551704407
2064,0.35023918747901917
2065,0.4248879551887512
2066,0.5281701683998108
2067,0.35225921869277954
2068,0.27652472257614136
2069,0.5598952174186707
2070,0.26465895771980286
2071,0.46466755867004395
2072,0.22956499457359314
2073,0.49261316657066345
2074,0.6998208165168762
2075,0.6165950894355774
2076,0.1191464513540268
2077,0.5732824206352234
2078,0.7520058751106262
2079,0.49684029817581177
2080,0.4892975687980652
2081,0.3304007649421692
2082,0.7020002603530884
2083,0.40051063895225525
2084,0.4922383725643158
2085,0.502941906452179
2086,0.6381962895393372
2087,0.47002318501472473
2088,0.6430011987686157
2089,0.4272461235523224
2090,0.4463716447353363
2091,0.3480808436870575
2092,0.4620485007762909
2093,0.7712729573249817
2094,0.28907856345176697
2095,0.2385225147008896
2096,0.3858566880226135
2097,0.6838294863700867
2098,0.5077054500579834
2099,0.6792619228363037
2100,0.292551189661026
2101,0.46821555495262146
2102,0.5130800008773804
2103,0.7125422954559326
2104,0.4600726068019867
2105,0.23692907392978668
2106,0.3860176205635071
2107,0.3854561150074005
2108,0.5507360696792603
2109,0.4741998612880707
2110,0.4006943106651306
2111,0.27065616846084595
2112,0.4023233652114868
2113,0.5011605620384216
2114,0.16831940412521362
2115,0.2854558229446411
2116,0.37118881940841675
2117,0.6545389294624329
2118,0.47423750162124634
2119,0.2622334957122803
2120,0.6024278998374939
2121,0.38282495737075806
2122,0.42337939143180847
2123,0.13789436221122742
2124,0.3594430088996887
2125,0.2842179238796234
2126,0.2749038338661194
2127,0.31386759877204895
2128,0.3848576545715332
2129,0.5127648711204529
2130,0.4263480603694916
2131,0.4651356637477875
2132,0.4152834117412567
2133,0.3959678113460541
2134,0.5508900284767151
2135,0.42266303300857544
2136,0.41428443789482117
2137,0.3390346169471741
2138,0.5704200267791748
2139,0.28203991055488586
2140,0.04817159101366997
2141,0.521284282207489
2142,0.5001184940338135
2143,0.2526487708091736
2144,0.41458845138549805
2145,0.5950785279273987
2146,0.6163340210914612
2147,0.38928547501564026
2148,0.4971480965614319
2149,0.46986299753189087
2150,0.2049567848443985
2151,0.24710533022880554
2152,0.5211009383201599
2153,0.34471940994262695
2154,0.51771080493927
2155,0.5032030344009399
2156,0.41579920053482056
2157,0.48759007453918457
2158,0.33243581652641296
2159,0.2920960783958435
2160,0.4292301535606384
2161,0.6357626914978027
2162,0.24737024307250977
2163,0.6596571803092957
2164,0.4109877943992615
2165,0.12266300618648529
2166,0.0202516857534647
2167,0.22479373216629028
2168,0.41103774309158325
2169,0.45283350348472595
2170,0.41902846097946167
2171,0.36971142888069153
2172,0.046583596616983414
2173,0.4194139242172241
2174,0.6300439238548279
2175,0.302839994430542
2176,0.4099377393722534
2177,0.08927229791879654
2178,0.4563097059726715
2179,0.6753355264663696
2180,0.5808682441711426
2181,0.6486154198646545
2182,0.48721233010292053
2183,0.7141384482383728
2184,0.23952998220920563
2185,0.6285974383354187
2186,0.31653496623039246
2187,-0.010186624713242054
2188,0.6941226124763489
2189,0.11938506364822388
2190,0.47179216146469116
2191,0.6006975173950195
2192,0.22729554772377014
2193,0.5121061205863953
2194,0.242161825299263
2195,0.6041539311408997
2196,0.3950370252132416
2197,0.5226372480392456
2198,0.037267204374074936
2199,0.46354761719703674
2200,0.49585744738578796
2201,0.41099631786346436
2202,0.36078986525535583
2203,0.27676713466644287
2204,0.23774151504039764
2205,0.4185393452644348
2206,0.45040956139564514
2207,0.2411385178565979
2208,0.2938142716884613
2209,0.13032060861587524
2210,0.3662017285823822
2211,0.4524202048778534
2212,0.17068755626678467
2213,0.3660852611064911
2214,0.2475229799747467
2215,0.4151817858219147
2216,0.5827742218971252
2217,0.5003235936164856
2218,0.40538468956947327
2219,0.5204535126686096
2220,0.48983410000801086
2221,0.47412267327308655
2222,0.4244343936443329
2223,0.39515984058380127
2224,0.27959373593330383
2225,0.2647246718406677
2226,0.545440137386322
2227,0.5612961053848267
2228,0.6299296021461487
2229,0.0340082086622715
2230,0.6782044172286987
2231,0.5916382074356079
2232,0.3545295000076294
2233,0.34706076979637146
2234,0.27558207511901855
2235,0.30317458510398865
2236,0.18561680614948273
2237,0.6309276819229126
2238,0.42674410343170166
2239,0.3056432902812958
2240,0.4917910099029541
2241,0.4282163381576538
2242,0.34672144055366516
2243,0.7629324793815613
2244,0.5400673747062683
2245,0.38020774722099304
2246,0.3048115372657776
2247,0.6304206252098083
2248,0.6974411606788635
2249,0.6839131116867065
2250,0.23130813241004944
2251,0.5213027596473694
2252,0.16446717083454132
2253,0.47729581594467163
2254,0.26295843720436096
2255,0.36148175597190857
2256,0.6243082880973816
2257,0.6261359453201294
2258,0.2989077568054199
2259,0.2550654113292694
2260,0.6228803992271423
2261,0.5591228008270264
2262,0.22295287251472473
2263,0.6154008507728577
2264,0.24236124753952026
2265,-0.0575389489531517
2266,0.24485205113887787
2267,0.3759012222290039
2268,0.6370034217834473
2269,0.656846284866333
2270,0.5214491486549377
2271,0.3195127248764038
2272,0.45284128189086914
2273,0.22800873219966888
2274,0.3346457779407501
2275,0.5022205114364624
2276,0.6519233584403992
2277,0.6464484930038452
2278,0.4427684247493744
2279,0.30146193504333496
2280,0.4276508092880249
2281,0.45454710721969604
2282,0.37667787075042725
2283,0.042086161673069
2284,0.5321778059005737
2285,0.25216144323349
2286,0.18157285451889038
2287,0.3254515826702118
2288,0.7923130393028259
2289,0.5089737176895142
2290,0.7304157614707947
2291,0.45019495487213135
2292,0.549353837966919
2293,0.5162423849105835
2294,0.3570244610309601
2295,0.2983340620994568
2296,0.5182061195373535
2297,0.2814902663230896
2298,0.6121137142181396
2299,0.4852614104747772
2300,0.40774255990982056
2301,0.6181944608688354
2302,0.3641384541988373
2303,0.4688216745853424
2304,0.33547452092170715
2305,0.8654624223709106
2306,0.4819132685661316
2307,0.5307586789131165
2308,0.06724449247121811
2309,0.04571715369820595
2310,0.23037803173065186
2311,0.7775812149047852
2312,0.43505340814590454
2313,0.42547062039375305
2314,0.2990477383136749
2315,0.6494253873825073
2316,0.3729288578033447
2317,0.15463589131832123
2318,0.4073488116264343
2319,0.46326926350593567
2320,0.47298309206962585
2321,0.3309274911880493
2322,0.4022594392299652
2323,0.48815223574638367
2324,0.41718950867652893
2325,0.15573517978191376
2326,0.3489936590194702
2327,0.7279588580131531
2328,0.17659403383731842
2329,0.3044074773788452
2330,0.3175757825374603
2331,0.19620414078235626
2332,0.33520498871803284
2333,0.7025628089904785
2334,0.2238129824399948
2335,0.4528800845146179
2336,0.6235690712928772
2337,0.3464067578315735
2338,0.6715890765190125
2339,0.26171860098838806
2340,0.39699578285217285
2341,0.5652242302894592
2342,0.5251851081848145
2343,0.537390947341919
2344,0.18645977973937988
2345,0.39958077669143677
2346,0.34585854411125183
2347,0.33246085047721863
2348,0.5238088369369507
2349,0.5982844829559326
2350,0.13606519997119904
2351,0.38389822840690613
2352,0.5426695942878723
2353,0.472409188747406
2354,0.41435176134109497
2355,0.4199535548686981
2356,0.23209728300571442
2357,0.4556857645511627
2358,0.5727338790893555
2359,0.5895154476165771
2360,0.3270404636859894
2361,0.34513506293296814
2362,0.3237607777118683
2363,0.2334021031856537
2364,0.4466398060321808
2365,0.41599470376968384
2366,0.44168582558631897
2367,0.3806704878807068
2368,0.6915831565856934
2369,0.34153714776039124
2370,0.34229955077171326
2371,0.4452575743198395
2372,0.2794111669063568
2373,0.32431623339653015
2374,0.37442269921302795
2375,0.3341628909111023
2376,0.3976134657859802
2377,0.3707391619682312
2378,0.3648225665092468
2379,0.45435911417007446
2380,0.34955236315727234
2381,0.3630169630050659
2382,0.286247193813324
2383,0.6917563676834106
2384,0.3255886137485504
2385,0.31739968061447144
2386,0.6280602216720581
2387,0.3265029788017273
2388,0.3285607099533081
2389,0.2780439257621765
2390,0.5613300204277039
2391,0.3351532518863678
2392,0.5071849226951599
2393,0.4096713960170746
2394,0.42170384526252747
2395,0.4355226457118988
2396,0.5205113291740417
2397,0.5037797093391418
2398,0.3866184651851654
2399,0.3716863989830017
2400,0.39681005477905273
2401,0.5312877893447876
2402,0.37081432342529297
2403,0.27123764157295227
2404,0.3741934299468994
2405,0.6065950393676758
2406,0.6533565521240234
2407,0.3311106562614441
2408,0.6141207218170166
2409,0.5068281888961792
2410,0.45976388454437256
2411,0.1438646763563156
2412,0.456192284822464
2413,0.12611888349056244
2414,0.10815092921257019
2415,0.09434825927019119
2416,0.39166760444641113
2417,0.5063574314117432
2418,0.4481528401374817
2419,0.4670129418373108
2420,0.4918539524078369
2421,0.3559171259403229
2422,0.5684235095977783
2423,0.3150987923145294
2424,0.16784803569316864
2425,0.5291333198547363
2426,0.16867822408676147
2427,0.5528443455696106
2428,0.4855540096759796
2429,0.38780832290649414
2430,0.5812572836875916
2431,0.6504220366477966
2432,0.4075187146663666
2433,0.18111242353916168
2434,0.4115982949733734
2435,0.5402749180793762
2436,0.4391787350177765
2437,0.14182282984256744
2438,0.6239349246025085
2439,0.6412897706031799
2440,0.18515479564666748
2441,0.489002525806427
2442,0.4937440752983093
2443,0.6154168844223022
2444,0.514919638633728
2445,0.4110492467880249
2446,0.26628705859184265
2447,0.49031609296798706
2448,0.2924310266971588
2449,0.258565753698349
2450,0.13768278062343597
2451,0.42511361837387085
2452,0.29195719957351685
2453,0.22406914830207825
2454,0.4917089343070984
2455,0.3686932325363159
2456,0.5106914043426514
2457,0.5676816701889038
2458,0.47751307487487793
2459,0.629709005355835
2460,0.47278112173080444
2461,0.49457278847694397
2462,0.53071528673172
2463,0.44274479150772095
2464,0.3820541501045227
2465,0.619310200214386
2466,0.3953113555908203
2467,0.15439315140247345
2468,0.3843187391757965
2469,0.5884340405464172
2470,0.5733698010444641
2471,0.23991364240646362
2472,0.6624893546104431
2473,0.4093816578388214
2474,0.40446433424949646
2475,0.21178899705410004
2476,0.27075573801994324
2477,0.386318564414978
2478,0.46642956137657166
2479,0.38967466354370117
2480,0.4244374632835388
2481,0.6833857297897339
2482,0.41902071237564087
2483,0.09240511804819107
2484,0.36440208554267883
2485,0.43910813331604004
2486,0.29650866985321045
2487,0.38465338945388794
2488,0.2534313499927521
2489,0.8231729865074158
2490,0.5394519567489624
2491,0.6293261647224426
2492,0.25849729776382446
2493,0.3878903090953827
2494,0.5449530482292175
2495,0.6260253190994263
2496,0.39054378867149353
2497,0.3297305405139923
2498,0.3692459166049957
2499,0.35251346230506897
2500,0.5315122008323669
2501,0.42083054780960083
2502,0.43675506114959717
2503,0.22747963666915894
2504,0.4620288908481598
2505,0.47140583395957947
2506,0.3121193051338196
2507,0.41497862339019775
2508,0.5445075631141663
2509,0.4516828656196594
2510,0.6056663393974304
2511,0.2360439896583557
2512,0.7649587392807007
2513,0.6395888328552246
2514,0.4028400182723999
2515,0.33727142214775085
2516,0.5345510840415955
2517,0.19776134192943573
2518,0.3637135326862335
2519,0.6541481018066406
2520,0.4280911386013031
2521,0.581437349319458
2522,0.34360364079475403
2523,0.34064388275146484
2524,0.3563366234302521
2525,0.5588616728782654
2526,0.7833419442176819
2527,0.7559621930122375
2528,0.24401380121707916
2529,0.4961836040019989
2530,0.5300210118293762
2531,0.09908731281757355
2532,0.45949167013168335
2533,0.46185821294784546
2534,0.5080118179321289
2535,0.5110358595848083
2536,0.42981815338134766
2537,0.364328533411026
2538,0.6657454371452332
2539,0.7187626957893372
2540,0.1720922738313675
2541,0.6188238263130188
2542,0.24818328022956848
2543,0.7180488109588623
2544,0.6712252497673035
2545,0.3015575408935547
2546,0.3785090744495392
2547,0.40873634815216064
2548,0.6884283423423767
2549,0.408331036567688
2550,0.23498262465000153
2551,0.44793421030044556
2552,0.2751833498477936
2553,0.32191017270088196
2554,0.5185322761535645
2555,0.46223825216293335
2556,0.2684316337108612
2557,0.31311795115470886
2558,0.6114168763160706
2559,0.38910382986068726
2560,0.5130012631416321
2561,0.36695176362991333
2562,0.8347882032394409
2563,0.2469666749238968
2564,0.5496301651000977
2565,0.6452291011810303
2566,0.5132730603218079
2567,0.2555771470069885
2568,0.43952736258506775
2569,0.4884841740131378
2570,0.5819647312164307
2571,0.7155384421348572
2572,0.3460955321788788
2573,0.37506332993507385
2574,0.23736675083637238
2575,0.28451478481292725
2576,0.3892796039581299
2577,0.3257805407047272
2578,0.41455817222595215
2579,0.33995652198791504
2580,0.12382704764604568
2581,0.43042829632759094
2582,0.6253728270530701
2583,0.14264515042304993
2584,0.21961569786071777
2585,0.40777790546417236
2586,0.694625973701477
2587,0.45365065336227417
2588,0.5234977602958679
2589,0.7327473163604736
2590,0.21350404620170593
2591,0.2846028804779053
2592,0.3679456114768982
2593,0.5765720009803772
2594,0.1394796222448349
2595,0.4556281268596649
2596,0.407806396484375
2597,0.6112197637557983
2598,0.4974386692047119
2599,0.19613014161586761
2600,0.49627792835235596
2601,0.43565064668655396
2602,0.38642293214797974
2603,0.3814913034439087
2604,0.40249013900756836
2605,0.5222359299659729
2606,0.21398614346981049
2607,0.5180562734603882
2608,0.4914005696773529
2609,0.4148569703102112
2610,0.5729581713676453
2611,0.49931710958480835
2612,0.5839483737945557
2613,0.031337372958660126
2614,0.537172257900238
2615,0.7764132022857666
2616,0.706543505191803
2617,0.33949926495552063
2618,0.30632293224334717
2619,0.1807279884815216
2620,0.23003442585468292
2621,0.10717106610536575
2622,0.49545419216156006
2623,0.8034075498580933
2624,0.26782336831092834
2625,0.0647425428032875
2626,0.08805114775896072
2627,0.24348589777946472
2628,0.26943036913871765
2629,0.6802535057067871
2630,0.44164666533470154
2631,0.44384193420410156
2632,0.16625310480594635
2633,0.6566212773323059
2634,0.39691394567489624
2635,0.5491458773612976
2636,0.27553877234458923
2637,0.49940815567970276
2638,0.5510556101799011
2639,0.38917213678359985
2640,0.25373372435569763
2641,0.36347976326942444
2642,0.4094897210597992
2643,0.44620010256767273
2644,0.42309004068374634
2645,0.37018370628356934
2646,0.36843687295913696
2647,0.3523654341697693
2648,0.6384685635566711
2649,0.19290374219417572
2650,0.3992561101913452
2651,0.16782081127166748
2652,-0.08200260251760483
2653,0.5654886960983276
2654,0.5284689664840698
2655,0.4760648310184479
2656,0.47234994173049927
2657,0.6697443127632141
2658,0.2388729304075241
2659,0.36672747135162354
2660,0.2160569429397583
2661,0.6293797492980957
2662,0.34262770414352417
2663,0.26626867055892944
2664,0.1935403198003769
2665,0.3161729872226715
2666,0.4232577979564667
2667,0.7801285982131958
2668,0.36360469460487366
2669,0.5456464290618896
2670,0.527739405632019
2671,0.2762860655784607
2672,0.7034748196601868
2673,0.29328402876853943
2674,0.6949113011360168
2675,0.6174529790878296
2676,0.4197988510131836
2677,0.3934164047241211
2678,0.5577825307846069
2679,0.46444782614707947
2680,0.3515309989452362
2681,0.44453150033950806
2682,0.6978806853294373
2683,0.5176109075546265
2684,0.07911967486143112
2685,0.34106287360191345
2686,0.3051310181617737
2687,0.5626946687698364
2688,0.4269138276576996
2689,0.5708825588226318
2690,0.3312588930130005
2691,0.3056122660636902
2692,0.5296630859375
2693,0.6772189140319824
2694,0.6897802948951721
2695,0.7286581993103027
2696,0.35370057821273804
2697,0.3034139573574066
2698,0.5753716826438904
2699,0.30180302262306213
2700,0.19041936099529266
2701,0.5612091422080994
2702,0.4475947320461273
2703,0.3894616961479187
2704,0.45035436749458313
2705,0.6781491041183472
2706,0.4541163742542267
2707,0.13421820104122162
2708,0.6188986897468567
2709,0.3194534480571747
2710,0.19072964787483215
2711,0.5414151549339294
2712,0.30914542078971863
2713,0.6636331677436829
2714,0.49648842215538025
2715,0.38777729868888855
2716,0.7399132251739502
2717,0.4123770594596863
2718,0.3884904086589813
2719,0.5831456184387207
2720,0.1087147518992424
2721,0.4129323661327362
2722,0.3835583031177521
2723,0.3860410153865814
2724,0.3640797734260559
2725,0.7124739289283752
2726,0.5969119071960449
2727,0.4097408950328827
2728,0.5578774809837341
2729,0.20279431343078613
2730,0.22234348952770233
2731,0.6142955422401428
2732,0.6479500532150269
2733,0.4664899408817291
2734,0.4460009038448334
2735,0.6153053045272827
2736,0.5070626139640808
2737,0.43875372409820557
2738,0.22222782671451569
2739,0.583587646484375
2740,0.5409145951271057
2741,0.3233209252357483
2742,0.2949138879776001
2743,0.3089718222618103
2744,0.5171025991439819
2745,0.13855302333831787
2746,0.3210155665874481
2747,0.6163128018379211
2748,0.46439671516418457
2749,0.3126133680343628
2750,0.6653639078140259
2751,0.606475293636322
2752,0.2759205400943756
2753,0.47112804651260376
2754,0.5988237261772156
2755,0.4538689851760864
2756,0.36422786116600037
2757,0.3389447033405304
2758,0.2387133538722992
2759,0.7864460945129395
2760,0.470373272895813
2761,0.2084411084651947
2762,0.29440078139305115
2763,0.6062316298484802
2764,0.5248168110847473
2765,0.5624216794967651
2766,0.381287544965744
2767,0.18116286396980286
2768,0.5845434665679932
2769,0.31079012155532837
2770,0.38144999742507935
2771,0.4790535271167755
2772,0.2299637645483017
2773,0.22414806485176086
2774,0.44133442640304565
2775,0.10946062952280045
2776,0.5608202815055847
2777,0.525301456451416
2778,0.6140702962875366
2779,0.2848488390445709
2780,0.3627386689186096
2781,0.32674524188041687
2782,0.2395835965871811
2783,0.47607553005218506
2784,0.22660939395427704
2785,0.775375247001648
2786,0.6773645877838135
2787,0.11547242850065231
2788,0.4577683210372925
2789,0.3515615165233612
2790,0.5959867238998413
2791,0.2686212360858917
2792,0.7477070093154907
2793,0.37141135334968567
2794,0.6592525839805603
2795,0.21102602779865265
2796,0.33847862482070923
2797,0.38951733708381653
2798,0.3759315013885498
2799,0.29941344261169434
2800,0.3484894931316376
2801,0.31984785199165344
2802,0.3836776614189148
2803,0.3617129325866699
2804,0.6142196655273438
2805,0.3949360251426697
2806,0.4440760910511017
2807,0.3220062851905823
2808,0.5273845195770264
2809,0.7096717357635498
2810,0.527654230594635
2811,0.41283661127090454
2812,0.20215170085430145
2813,0.6169115304946899
2814,0.04653988778591156
2815,0.4620443284511566
2816,0.5686417818069458
2817,0.7561156749725342
2818,0.527180552482605
2819,0.30274268984794617
2820,0.46408382058143616
2821,0.24876490235328674
2822,0.41994771361351013
2823,0.5538278818130493
2824,0.3214927315711975
2825,0.45231127738952637
2826,0.5389408469200134
2827,0.4230560064315796
2828,0.35512638092041016
2829,0.48711326718330383
2830,0.34292879700660706
2831,0.42766207456588745
2832,0.6381816267967224
2833,0.5377590656280518
2834,0.38690418004989624
2835,0.49572664499282837
2836,0.49936535954475403
2837,0.40549975633621216
2838,0.5588812232017517
2839,0.48212239146232605
2840,0.2933197617530823
2841,0.336820513010025
2842,0.4083884060382843
2843,0.3473012447357178
2844,0.09558365494012833
2845,0.3176842927932739
2846,0.6959484219551086
2847,0.17685329914093018
2848,0.6177930235862732
2849,0.4674782454967499
2850,0.4509853720664978
2851,0.4215061068534851
2852,0.7722527980804443
2853,0.5358932614326477
2854,0.32423779368400574
2855,0.49051544070243835
2856,0.49859994649887085
2857,0.43218162655830383
2858,0.43722638487815857
2859,0.048326507210731506
2860,0.4862840473651886
2861,0.5593783855438232
2862,0.44738954305648804
2863,0.5961098670959473
2864,0.49868008494377136
2865,0.5250540971755981
2866,0.5456039905548096
2867,0.42668992280960083
2868,0.26758119463920593
2869,0.5383054614067078
2870,0.4472822844982147
2871,0.3786800503730774
2872,0.5954588651657104
2873,0.6964417695999146
2874,0.47977688908576965
2875,0.5964200496673584
2876,0.32255035638809204
2877,0.5774514675140381
2878,0.3087177872657776
2879,0.11379072070121765
2880,0.45586666464805603
2881,0.3654427230358124
2882,0.08375656604766846
2883,0.32650265097618103
2884,0.3599635064601898
2885,0.33894288539886475
2886,0.4061996042728424
2887,0.28528743982315063
2888,0.8898806571960449
2889,0.7951067686080933
2890,0.5961968302726746
2891,0.5039276480674744
2892,0.5577961206436157
2893,0.676104724407196
2894,0.462689608335495
2895,0.3245616853237152
2896,0.5557630658149719
2897,0.6210131049156189
2898,0.3501807153224945
2899,0.3005672097206116
2900,0.5648847222328186
2901,0.821214497089386
2902,0.39176058769226074
2903,0.4664320945739746
2904,0.5814231038093567
2905,0.6650014519691467
2906,0.7057077884674072
2907,0.17313671112060547
2908,0.341008722782135
2909,0.8872518539428711
2910,0.593673050403595
2911,0.4334169030189514
2912,0.4123303294181824
2913,0.298175185918808
2914,0.25511589646339417
2915,0.5415287017822266
2916,0.3398628830909729
2917,0.29004427790641785
2918,0.39581507444381714
2919,0.3588491678237915
2920,0.3258715867996216
2921,0.26902535557746887
2922,0.5708931684494019
2923,0.31366652250289917
2924,0.530926525592804
2925,0.5708619952201843
2926,0.2779480516910553
2927,0.5353126525878906
2928,0.4105486571788788
2929,0.5561878085136414
2930,0.41606906056404114
2931,0.20219947397708893
2932,0.4049115777015686
2933,0.3115127682685852
2934,0.49215176701545715
2935,0.20261187851428986
2936,0.3311760425567627
2937,0.6106731295585632
2938,0.28466981649398804
2939,0.3250711262226105
2940,0.5816978216171265
2941,0.33265045285224915
2942,0.4734354615211487
2943,0.5541144609451294
2944,0.4777993857860565
2945,0.46617427468299866
2946,0.3631862699985504
2947,0.43625301122665405
2948,0.33999162912368774
2949,0.3254327178001404
2950,0.46862563490867615
2951,0.17662765085697174
2952,0.41408178210258484
2953,0.4355058968067169
2954,0.3138096034526825
2955,0.5629622936248779
2956,0.26981276273727417
2957,0.39537349343299866
2958,0.5440561175346375
2959,0.15817630290985107
2960,0.35861143469810486
2961,0.48729407787323
2962,0.5284141898155212
2963,0.4215014576911926
2964,0.1904624104499817
2965,0.26604384183883667
2966,0.4990744888782501
2967,0.4993800222873688
2968,0.2064720243215561
2969,0.5553280711174011
2970,0.27790606021881104
2971,0.7290924787521362
2972,0.4687264561653137
2973,0.6166408061981201
2974,0.630023717880249
2975,0.6157147884368896
2976,0.5351951718330383
2977,0.25326040387153625
2978,0.38021764159202576
2979,0.5236114263534546
2980,0.4847358465194702
2981,0.44629207253456116
2982,0.5132180452346802
2983,0.22237910330295563
2984,0.3915442228317261
2985,0.3057520389556885
2986,0.6488249897956848
2987,0.37928634881973267
2988,0.4082254469394684
2989,0.5263731479644775
2990,0.3830225169658661
2991,0.3686307668685913
2992,0.38948771357536316
2993,0.44141995906829834
2994,0.44597485661506653
2995,0.4771881699562073
2996,0.4673500955104828
2997,0.23234036564826965
2998,0.8465269804000854
2999,0.3096526265144348
3000,0.3417987525463104
3001,0.5476161241531372
3002,0.4627807140350342
3003,0.3810998499393463
3004,0.25211045145988464
3005,0.6393052935600281
3006,0.17342936992645264
3007,0.4319607615470886
3008,0.2507002055644989
3009,0.5969281792640686
3010,0.34220758080482483
3011,0.4741342067718506
3012,0.4892065227031708
3013,0.3537366986274719
3014,0.5101735591888428
3015,0.5337392091751099
3016,0.46316102147102356
3017,0.5180345773696899
3018,0.1964556723833084
3019,0.4336361587047577
3020,0.6150742769241333
3021,0.4475703835487366
3022,0.34691181778907776
3023,0.6568641662597656
3024,0.5759915709495544
3025,0.33191680908203125
3026,0.5224162340164185
3027,0.36275503039360046
3028,0.5282415747642517
3029,0.42169249057769775
3030,0.4469605088233948
3031,0.7139192819595337
3032,0.4870322048664093
3033,0.45751476287841797
3034,0.27826768159866333
3035,0.36153557896614075
3036,0.4684612452983856
3037,0.5648146867752075
3038,0.35839083790779114
3039,0.5468260049819946
3040,0.53895503282547
3041,0.07118179649114609
3042,0.8504166603088379
3043,0.38538551330566406
3044,0.4885405898094177
3045,0.3980482518672943
3046,0.3747558891773224
3047,0.349025696516037
3048,0.4293302297592163
3049,0.389040470123291
3050,0.35372522473335266
3051,0.25247231125831604
3052,0.5213351249694824
3053,0.5409857034683228
3054,0.3867594301700592
3055,0.3256514072418213
3056,0.37928107380867004
3057,0.28256288170814514
3058,0.43514513969421387
3059,0.5481628179550171
3060,0.5776587128639221
3061,0.3071801960468292
3062,0.21498925983905792
3063,0.5776487588882446
3064,0.5244856476783752
3065,0.26691409945487976
3066,0.3092815577983856
3067,0.5780670046806335
3068,0.6161214709281921
3069,0.5595383644104004
3070,0.3412400186061859
3071,0.4006222188472748
3072,0.4148941934108734
3073,0.233366921544075
3074,0.5526028275489807
3075,0.4403507709503174
3076,0.4402400851249695
3077,0.4961179494857788
3078,0.5735681056976318
3079,0.3339932858943939
3080,0.20537567138671875
3081,0.7296661734580994
3082,0.6438527703285217
3083,0.5293434858322144
3084,0.6186934113502502
3085,0.5534560680389404
3086,0.47838735580444336
3087,0.4158663749694824
3088,0.42987844347953796
3089,0.5906456708908081
3090,0.5307290554046631
3091,0.39209434390068054
3092,0.6200136542320251
3093,0.43537089228630066
3094,0.25670287013053894
3095,0.3530123829841614
3096,0.7970901131629944
3097,0.43603238463401794
3098,0.27084699273109436
3099,0.3430556654930115
3100,0.4205159544944763
3101,0.4617413580417633
3102,0.5206591486930847
3103,0.2831423878669739
3104,0.40399613976478577
3105,0.5025206804275513
3106,0.32706040143966675
3107,0.5172264575958252
3108,0.41779518127441406
3109,0.3089785873889923
3110,0.4865231513977051
3111,0.5707740783691406
3112,0.5937393307685852
3113,0.3990255892276764
3114,0.32680830359458923
3115,0.41295915842056274
3116,0.8107219934463501
3117,0.4142189621925354
3118,0.6532658934593201
3119,0.45261406898498535
3120,0.4167441725730896
3121,0.6599104404449463
3122,0.14874570071697235
3123,0.551535964012146
3124,0.37181004881858826
3125,0.2781994342803955
3126,0.5049040913581848
3127,0.41693949699401855
3128,0.48069441318511963
3129,0.31412583589553833
3130,0.035740748047828674
3131,0.7228554487228394
3132,0.28603312373161316
3133,0.37512531876564026
3134,0.12522421777248383
3135,0.40003883838653564
3136,0.31807395815849304
3137,0.39379698038101196
3138,0.3928418755531311
3139,0.2629435956478119
3140,0.6226218342781067
3141,0.28919339179992676
3142,0.3600332736968994
3143,0.43295150995254517
3144,0.2167811393737793
3145,0.627326488494873
3146,0.11513777077198029
3147,0.6429436206817627
3148,0.2574390172958374
3149,0.5560669898986816
3150,0.6508647203445435
3151,0.8837591409683228
3152,0.23564903438091278
3153,0.31697314977645874
3154,0.5643514394760132
3155,0.23799824714660645
3156,0.5954439043998718
3157,0.48505207896232605
3158,0.4897172152996063
3159,0.5355515480041504
3160,0.3709818720817566
3161,0.48665231466293335
3162,0.26719048619270325
3163,0.5362099409103394
3164,0.18168236315250397
3165,0.9169565439224243
3166,0.4105062484741211
3167,0.554073691368103
3168,0.4587993919849396
3169,0.15051452815532684
3170,0.4368112087249756
3171,0.6342702507972717
3172,0.6142156720161438
3173,0.5199605822563171
3174,0.41543126106262207
3175,0.34810584783554077
3176,0.07573555409908295
3177,0.2726503908634186
3178,0.6544936299324036
3179,0.27580639719963074
3180,0.34437355399131775
3181,0.5250469446182251
3182,0.6153564453125
3183,0.35349565744400024
3184,0.4637868404388428
3185,0.3688524067401886
3186,0.5702790021896362
3187,0.36504626274108887
3188,0.5584847331047058
3189,0.45860931277275085
3190,0.6295733451843262
3191,0.32680147886276245
3192,0.5484813451766968
3193,0.4361740052700043
3194,0.47950494289398193
3195,0.3571224510669708
3196,0.5309654474258423
3197,0.8504428267478943
3198,0.39038076996803284
3199,0.5397774577140808
3200,0.5678577423095703
3201,0.0545717217028141
3202,0.47349727153778076
3203,0.2816077172756195
3204,0.49594151973724365
3205,0.44842329621315
3206,0.7462539672851562
3207,0.6372252702713013
3208,0.4978598952293396
3209,0.17418700456619263
3210,0.3868999481201172
3211,0.3145868182182312
3212,0.4086057245731354
3213,0.5381506085395813
3214,0.3761085271835327
3215,0.6344456076622009
3216,0.32545289397239685
3217,0.8488744497299194
3218,0.5254068970680237
3219,0.5239618420600891
3220,0.1321529895067215
3221,0.36485928297042847
3222,0.22344110906124115
3223,0.7741521000862122
3224,0.3642503619194031
3225,0.2101954221725464
3226,0.4820041358470917
3227,0.5859745144844055
3228,0.6768439412117004
3229,0.7160736322402954
3230,0.5881218910217285
3231,0.4873722791671753
3232,0.6826376914978027
3233,0.3049170672893524
3234,0.43483346700668335
3235,0.44675567746162415
3236,0.3607458472251892
3237,0.5310794711112976
3238,0.3470490276813507
3239,0.4964507520198822
3240,0.21765479445457458
3241,0.31789377331733704
3242,0.3935962915420532
3243,0.5323244333267212
3244,0.5790026187896729
3245,0.20531174540519714
3246,0.4850921034812927
3247,0.18505674600601196
3248,0.5471706390380859
3249,0.5655577778816223
3250,0.31850728392601013
3251,0.5233085751533508
3252,0.3104226589202881
3253,0.2885077893733978
3254,0.2843371033668518
3255,0.6656553149223328
3256,0.4317934811115265
3257,0.4457239508628845
3258,0.606306791305542
3259,0.3212454617023468
3260,0.6824551820755005
3261,0.6721172332763672
3262,0.5615623593330383
3263,0.2666386365890503
3264,0.6386784911155701
3265,0.36671918630599976
3266,0.5476788282394409
3267,0.42352548241615295
3268,0.2257857769727707
3269,0.43039670586586
3270,0.4714229106903076
3271,0.30893686413764954
3272,0.5221419334411621
3273,0.29993322491645813
3274,0.5275328159332275
3275,0.28720295429229736
3276,0.5916902422904968
3277,0.4394811689853668
3278,0.42126592993736267
3279,0.36117929220199585
3280,0.5402416586875916
3281,0.41138020157814026
3282,0.3091426193714142
3283,0.32225486636161804
3284,0.0738171711564064
3285,0.494182288646698
3286,0.27203169465065
3287,0.6616386771202087
3288,0.2284449189901352
3289,0.5559935569763184
3290,0.37784314155578613
3291,0.34217754006385803
3292,0.27201974391937256
3293,0.5095813274383545
3294,0.24164941906929016
3295,0.371437132358551
3296,0.6901313066482544
3297,0.29700374603271484
3298,0.2802616059780121
3299,0.0424748919904232
3300,0.5395012497901917
3301,0.6566640138626099
3302,0.2860253155231476
3303,0.41162776947021484
3304,0.2804848551750183
3305,0.40884989500045776
3306,0.33233344554901123
3307,0.2174883484840393
3308,0.453645259141922
3309,0.7142495512962341
3310,0.21328482031822205
3311,0.41749557852745056
3312,0.34823980927467346
3313,0.42649519443511963
3314,0.31689003109931946
3315,0.25279712677001953
3316,0.5667937397956848
3317,0.2859196662902832
3318,0.32510146498680115
3319,0.690464973449707
3320,0.344519704580307
3321,0.5587375164031982
3322,0.3710220754146576
3323,0.49578914046287537
3324,0.2235335260629654
3325,0.39255237579345703
3326,0.20029272139072418
3327,0.24893887341022491
3328,0.21633002161979675
3329,0.34860602021217346
3330,0.28000807762145996
3331,0.26028281450271606
3332,0.3364156186580658
3333,0.41272106766700745
3334,0.5878086090087891
3335,0.47777679562568665
3336,0.6182871460914612
3337,0.1887066513299942
3338,0.5677838921546936
3339,0.4563216269016266
3340,0.2835809886455536
3341,0.42872104048728943
3342,0.4915926456451416
3343,0.6533328890800476
3344,0.6924872398376465
3345,0.3680233955383301
3346,0.6037166118621826
3347,0.5211662650108337
3348,0.38520723581314087
3349,0.23859839141368866
3350,0.4339464604854584
3351,0.47574907541275024
3352,0.31997236609458923
3353,0.5384456515312195
3354,0.5106152296066284
3355,0.5989309549331665
3356,0.3328440189361572
3357,0.5650314092636108
3358,0.30171021819114685
3359,0.3431256413459778
3360,-0.026531891897320747
3361,0.347610741853714
3362,0.476558119058609
3363,0.3567625880241394
3364,0.5129076838493347
3365,0.5797870755195618
3366,0.602607786655426
3367,0.3996793329715729
3368,0.5675774812698364
3369,0.40519583225250244
3370,0.5254383087158203
3371,0.44720983505249023
3372,0.32406148314476013
3373,0.5313076376914978
3374,0.43147873878479004
3375,0.19951246678829193
3376,0.6438207030296326
3377,0.11871303617954254
3378,0.2903374135494232
3379,0.6712632775306702
3380,0.38158825039863586
3381,0.4581206738948822
3382,0.46676623821258545
3383,0.5313689112663269
3384,0.4034523367881775
3385,0.6372136473655701
3386,0.36650216579437256
3387,0.36131352186203003
3388,0.19459779560565948
3389,0.18249036371707916
3390,0.5257669687271118
3391,0.27311503887176514
3392,0.3785267770290375
3393,0.5229553580284119
3394,0.20761992037296295
3395,0.6113734245300293
3396,0.5317242741584778
3397,0.7273574471473694
3398,0.5612006187438965
3399,0.4212992489337921
3400,0.7424700260162354
3401,0.4491797089576721
3402,0.6809062957763672
3403,0.4342750608921051
3404,0.3016659617424011
3405,0.5236783623695374
3406,0.08984216302633286
3407,0.27907755970954895
3408,0.3661547899246216
3409,0.5068793296813965
3410,0.7350150346755981
3411,0.38155078887939453
3412,0.4743748903274536
3413,0.3540695309638977
3414,0.06760033965110779
3415,0.2256469428539276
3416,0.4148542284965515
3417,0.524990439414978
3418,0.5101484656333923
3419,0.22843129932880402
3420,0.45664605498313904
3421,0.6239057779312134
3422,0.515444815158844
3423,0.6854273676872253
3424,0.3671661615371704
3425,0.5151997804641724
3426,0.592000424861908
3427,0.45854753255844116
3428,0.44411197304725647
3429,0.728310227394104
3430,0.37695425748825073
3431,0.2952696681022644
3432,0.19232884049415588
3433,0.3673277497291565
3434,0.43844929337501526
3435,0.21684886515140533
3436,0.41080158948898315
3437,0.255557119846344
3438,0.06996936351060867
3439,0.380022794008255
3440,0.5102282166481018
3441,0.5066426992416382
3442,0.3239154517650604
3443,0.2610727548599243
3444,0.3129301369190216
3445,0.5467683672904968
3446,0.7051622867584229
3447,0.5966668725013733
3448,0.43684813380241394
3449,0.49549469351768494
3450,0.4779728949069977
3451,0.44478341937065125
3452,0.5113056898117065
3453,0.4747452139854431
3454,0.2706679105758667
3455,0.6576765775680542
3456,0.5850744247436523
3457,0.3057518005371094
3458,0.36241862177848816
3459,0.610666036605835
3460,0.48540183901786804
3461,0.49605652689933777
3462,0.39262035489082336
3463,0.4409742057323456
3464,0.40724414587020874
3465,0.5644829869270325
3466,0.6592857837677002
3467,0.25679221749305725
3468,0.12757574021816254
3469,0.24048840999603271
3470,0.7914299964904785
3471,0.7217527031898499
3472,0.6093753576278687
3473,0.4662862718105316
3474,0.4350787401199341
3475,0.3920440971851349
3476,0.5834054946899414
3477,0.6893950700759888
3478,0.23875321447849274
3479,0.47241854667663574
3480,0.3301697373390198
3481,0.4052969515323639
3482,0.3724949061870575
3483,0.6442523002624512
3484,0.4699251055717468
3485,0.39384928345680237
3486,0.7997203469276428
3487,0.4827914237976074
3488,0.6550214290618896
3489,0.340726375579834
3490,0.5213983654975891
3491,0.627561628818512
3492,0.24345995485782623
3493,0.4715464115142822
3494,0.587970495223999
3495,0.5150637030601501
3496,0.2892804741859436
3497,0.4286932945251465
3498,0.10949839651584625
3499,0.842448353767395
3500,0.33121737837791443
3501,0.22868365049362183
3502,0.44704094529151917
3503,0.47410646080970764
3504,0.0863056480884552
3505,0.5443748235702515
3506,0.33736830949783325
3507,0.5537526607513428
3508,0.47035109996795654
3509,0.29739198088645935
3510,0.48203688859939575
3511,0.6318131685256958
3512,0.525193989276886
3513,0.3442761301994324
3514,0.4691455662250519
3515,0.5001732110977173
3516,0.2675846517086029
3517,0.2249186486005783
3518,0.48000839352607727
3519,0.22088675200939178
3520,0.608840823173523
3521,0.4601069688796997
3522,0.2693970501422882
3523,0.35517892241477966
3524,0.3357645571231842
3525,0.2921692430973053
3526,0.11442333459854126
3527,0.5127530097961426
3528,0.505794107913971
3529,0.3410792648792267
3530,0.34585195779800415
3531,0.42895886301994324
3532,0.42815274000167847
3533,0.3605598211288452
3534,0.3183082342147827
3535,0.38711392879486084
3536,0.4269603192806244
3537,0.5409708619117737
3538,0.3938664197921753
3539,0.4466351866722107
3540,0.4089878797531128
3541,0.3095359802246094
3542,0.7879641056060791
3543,0.511182427406311
3544,0.641610860824585
3545,0.40733250975608826
3546,0.20724135637283325
3547,0.33519378304481506
3548,0.4827592968940735
3549,0.3839069902896881
3550,0.34173718094825745
3551,0.43551766872406006
3552,0.11816497892141342
3553,0.6815838813781738
3554,0.30182382464408875
3555,0.7105712890625
3556,0.4435696601867676
3557,0.37871474027633667
3558,0.5436462163925171
3559,0.5982485413551331
3560,0.3146806061267853
3561,0.47155407071113586
3562,0.38305073976516724
3563,0.24672278761863708
3564,0.3272075951099396
3565,0.5598699450492859
3566,0.13762907683849335
3567,0.2554224729537964
3568,0.25406524538993835
3569,0.42520415782928467
3570,0.850762665271759
3571,0.3872499167919159
3572,0.643722653388977
3573,0.3367738127708435
3574,0.5955942273139954
3575,0.33127105236053467
3576,0.3672589063644409
3577,0.6390653252601624
3578,0.7093654870986938
3579,0.48486238718032837
3580,0.45201173424720764
3581,0.36454126238822937
3582,0.34255436062812805
3583,0.49762776494026184
3584,0.29653409123420715
3585,0.29669392108917236
3586,0.2753322422504425
3587,0.38678598403930664
3588,0.40296438336372375
3589,0.4113260805606842
3590,0.562591016292572
3591,0.46946293115615845
3592,0.5988467931747437
3593,0.3985186815261841
3594,0.37227922677993774
3595,0.6680248975753784
3596,0.2962128520011902
3597,0.24646523594856262
3598,0.7793634533882141
3599,0.0222794059664011
3600,0.6066128611564636
3601,0.2685129642486572
3602,0.295375794172287
3603,0.3682326078414917
3604,0.48869550228118896
3605,0.20316165685653687
3606,0.3520021140575409
3607,0.3700323700904846
3608,0.188053697347641
3609,0.5037198662757874
3610,0.5937336683273315
3611,0.5446546077728271
3612,0.41978687047958374
3613,0.3392558693885803
3614,0.38926464319229126
3615,0.6294049620628357
3616,0.4877541661262512
3617,0.3233604431152344
3618,0.5538401007652283
3619,0.4942726194858551
3620,0.6456737518310547
3621,0.5197809338569641
3622,0.6298861503601074
3623,0.21747830510139465
3624,0.3092706799507141
3625,0.5944154858589172
3626,0.3540691137313843
3627,0.5583746433258057
3628,0.4002267122268677
3629,0.37800949811935425
3630,0.3652914762496948
3631,0.4155215620994568
3632,0.6870951056480408
3633,0.2695384621620178
3634,0.4353814721107483
3635,0.6527373790740967
3636,0.4124094843864441
3637,0.3608444631099701
3638,0.28272750973701477
3639,0.11483816802501678
3640,0.7216488122940063
3641,0.4093864858150482
3642,0.382255494594574
3643,0.44929587841033936
3644,0.355729877948761
3645,0.42781516909599304
3646,0.3896176517009735
3647,0.45101696252822876
3648,0.3236090838909149
3649,0.4269627630710602
3650,0.18235312402248383
3651,0.270956814289093
3652,0.31530117988586426
3653,0.21555893123149872
3654,0.2344106137752533
3655,0.2975216805934906
3656,0.39218324422836304
3657,0.5360714793205261
3658,0.16660533845424652
3659,0.5085433721542358
3660,0.2060183435678482
3661,0.5064305067062378
3662,0.3237321972846985
3663,0.2134518027305603
3664,0.355742484331131
3665,0.3049786686897278
3666,0.5652141571044922
3667,0.34374070167541504
3668,0.44365131855010986
3669,0.45389440655708313
3670,0.4693083167076111
3671,0.36936697363853455
3672,0.4140947461128235
3673,0.1880134493112564
3674,0.41154396533966064
3675,0.3477531671524048
3676,0.2813089191913605
3677,0.3528023362159729
3678,0.6919742226600647
3679,0.5133809447288513
3680,0.4751009941101074
3681,0.4108442962169647
3682,0.6556122899055481
3683,0.5076543092727661
3684,0.38050413131713867
3685,0.32034674286842346
3686,0.27274149656295776
3687,0.41933128237724304
3688,0.303036093711853
3689,0.7382245063781738
3690,0.6629738807678223
3691,0.0670420452952385
3692,0.34368059039115906
3693,0.4589840769767761
3694,0.48611217737197876
3695,0.3963157832622528
3696,0.07844887673854828
3697,0.4622631072998047
3698,0.5903610587120056
3699,0.3546599745750427
3700,0.6437759399414062
3701,0.6494753956794739
3702,0.5005163550376892
3703,0.43740314245224
3704,0.1198686808347702
3705,0.40032142400741577
3706,0.2788832485675812
3707,0.6263501048088074
3708,0.07598947733640671
3709,0.38858771324157715
3710,0.5829427242279053
3711,0.7667314410209656
3712,0.4566604197025299
3713,0.6143701076507568
3714,0.43318504095077515
3715,0.5456297397613525
3716,0.2988392114639282
3717,0.1473347246646881
3718,0.4231053292751312
3719,0.29277172684669495
3720,0.5568751692771912
3721,0.6141328811645508
3722,0.46983179450035095
3723,0.5840473175048828
3724,0.5142850279808044
3725,0.7014212012290955
3726,0.3741928040981293
3727,0.3552686274051666
3728,0.17312292754650116
3729,0.35658061504364014
3730,0.18184377253055573
3731,0.4440595209598541
3732,0.3482540547847748
3733,0.5017072558403015
3734,0.7480785846710205
3735,0.47274249792099
3736,0.1848505288362503
3737,0.5270687341690063
3738,0.4822276830673218
3739,0.8145880103111267
3740,0.3684280216693878
3741,0.2779112458229065
3742,0.34216246008872986
3743,0.2860375642776489
3744,0.38445448875427246
3745,0.6766928434371948
3746,0.20037494599819183
3747,0.32976141571998596
3748,0.34238678216934204
3749,0.5859275460243225
3750,0.6832406520843506
3751,0.3335036635398865
3752,0.4432784616947174
3753,0.6542467474937439
3754,0.24897779524326324
3755,0.2824787497520447
3756,0.766635537147522
3757,0.5312172770500183
3758,0.4976743757724762
3759,0.7372522354125977
3760,0.4495181143283844
3761,-0.01064896211028099
3762,0.45567432045936584
3763,0.23970218002796173
3764,0.3322947323322296
3765,0.5650904178619385
3766,0.2908095121383667
3767,0.3914494812488556
3768,0.46032893657684326
3769,0.6556746363639832
3770,0.2762588858604431
3771,0.5286074876785278
3772,0.6874167323112488
3773,0.5492456555366516
3774,0.35971158742904663
3775,0.26030245423316956
3776,0.27435556054115295
3777,0.5140562653541565
3778,0.5877946019172668
3779,0.5428685545921326
3780,0.6248900890350342
3781,0.5583745241165161
3782,0.4068826735019684
3783,0.5331921577453613
3784,0.43079665303230286
3785,0.09726014733314514
3786,0.44076332449913025
3787,0.3716506361961365
3788,0.6635001301765442
3789,0.41321995854377747
3790,0.6231582760810852
3791,0.4801168441772461
3792,0.3014114797115326
3793,0.3303469121456146
3794,0.6575323343276978
3795,0.5160408020019531
3796,0.38763701915740967
3797,0.726830780506134
3798,0.4202931821346283
3799,0.30316492915153503
3800,0.6290363669395447
3801,0.15672330558300018
3802,0.6861830353736877
3803,0.23555637896060944
3804,0.41729995608329773
3805,0.6221163868904114
3806,0.32619503140449524
3807,0.1893354058265686
3808,0.42784416675567627
3809,0.4513647258281708
3810,0.5191828608512878
3811,0.6380897164344788
3812,0.26722389459609985
3813,0.5499723553657532
3814,0.1587420552968979
3815,0.31212174892425537
3816,0.26644572615623474
3817,0.3196601867675781
3818,0.20406153798103333
3819,0.4391959607601166
3820,0.34236079454421997
3821,0.5881807208061218
3822,0.559402585029602
3823,0.44309359788894653
3824,0.5807434320449829
3825,0.05610400438308716
3826,0.4092146158218384
3827,0.49716413021087646
3828,0.2438431978225708
3829,0.7102959156036377
3830,0.6132555603981018
3831,0.4942949414253235
3832,0.46981820464134216
3833,0.4597097635269165
3834,0.4954136610031128
3835,0.29197001457214355
3836,0.41032639145851135
3837,0.27987125515937805
3838,0.824168860912323
3839,0.502437949180603
3840,0.4916108250617981
3841,0.40563076734542847
3842,0.45547422766685486
3843,0.6984856128692627
3844,0.4363180696964264
3845,0.6847285032272339
3846,0.6487970948219299
3847,0.39349037408828735
3848,0.4007234573364258
3849,0.436531662940979
3850,0.8810362219810486
3851,0.307364284992218
3852,0.5397137999534607
3853,0.2874978184700012
3854,0.2714330554008484
3855,0.2695440948009491
3856,0.664435863494873
3857,0.6862846612930298
3858,0.2414068728685379
3859,0.5467419624328613
3860,0.4299674332141876
3861,0.34531301259994507
3862,0.49716782569885254
3863,0.5220922231674194
3864,0.28223544359207153
3865,0.12265197187662125
3866,0.5926951169967651
3867,0.5483420491218567
3868,0.4170951545238495
3869,0.4531189203262329
3870,0.4803347885608673
3871,0.5094609260559082
3872,0.558012843132019
3873,0.5772214531898499
3874,0.3699074387550354
3875,0.3140435218811035
3876,0.4200531542301178
3877,0.21490556001663208
3878,0.22992810606956482
3879,0.393993079662323
3880,0.3338819444179535
3881,0.5351535677909851
3882,0.43818727135658264
3883,0.6135753393173218
3884,0.40995869040489197
3885,0.386825293302536
3886,0.19278748333454132
3887,0.2663683593273163
3888,0.5896450877189636
3889,0.2589910328388214
3890,0.5282674431800842
3891,0.4433421492576599
3892,0.5259724259376526
3893,0.717336893081665
3894,0.5728660821914673
3895,0.28276681900024414
3896,0.38711386919021606
3897,0.20882359147071838
3898,0.32699859142303467
3899,0.45770442485809326
3900,0.30132004618644714
3901,0.5179538726806641
3902,0.4840443730354309
3903,0.4303847849369049
3904,0.7111395597457886
3905,0.39257240295410156
3906,0.3904086649417877
3907,0.3467400372028351
3908,0.6398928761482239
3909,0.854066789150238
3910,0.5205923318862915
3911,0.22886823117733002
3912,0.31017380952835083
3913,0.6276451945304871
3914,0.48271575570106506
3915,0.506380558013916
3916,-0.016099724918603897
3917,0.575454592704773
3918,0.3518506586551666
3919,0.4520057141780853
3920,0.39614439010620117
3921,0.4351811707019806
3922,0.5399700403213501
3923,0.3813828229904175
3924,0.3160458207130432
3925,0.42021816968917847
3926,0.568399965763092
3927,0.43532320857048035
3928,0.5330871343612671
3929,0.5114654898643494
3930,0.6069946885108948
3931,0.5796637535095215
3932,0.4863165616989136
3933,0.30885061621665955
3934,0.4919539988040924
3935,0.6010324358940125
3936,0.36972203850746155
3937,0.5314450263977051
3938,0.5358467102050781
3939,0.3964468240737915
3940,0.3259349763393402
3941,0.6615421772003174
3942,0.20591384172439575
3943,0.42873746156692505
3944,0.4537877142429352
3945,0.6182733178138733
3946,0.6078348755836487
3947,0.5322980284690857
3948,0.26742637157440186
3949,0.1754618138074875
3950,0.19722267985343933
3951,0.35228389501571655
3952,0.2150058150291443
3953,0.6846110820770264
3954,0.5722207427024841
3955,0.20206183195114136
3956,0.37134769558906555
3957,0.1021612361073494
3958,0.3150440454483032
3959,0.2325064092874527
3960,0.20242759585380554
3961,0.6045104265213013
3962,0.4578467607498169
3963,0.6338398456573486
3964,0.30248183012008667
3965,0.3075079619884491
3966,0.09008839726448059
3967,0.20433589816093445
3968,0.6043993830680847
3969,0.34420496225357056
3970,0.3515301048755646
3971,0.5913167595863342
3972,0.7461966872215271
3973,0.34966057538986206
3974,0.49421119689941406
3975,0.5477779507637024
3976,0.27682769298553467
3977,0.4277801215648651
3978,0.3156413435935974
3979,0.3672071397304535
3980,0.5600404143333435
3981,0.47632282972335815
3982,0.7570241093635559
3983,0.4239731431007385
3984,0.2428646981716156
3985,0.685380756855011
3986,0.4624811112880707
3987,0.35261183977127075
3988,0.388929545879364
3989,0.3679957687854767
3990,0.20533011853694916
3991,0.6266082525253296
3992,0.37511059641838074
3993,0.3194153606891632
3994,0.5812190771102905
3995,0.35792431235313416
3996,0.5462999939918518
3997,0.32435333728790283
3998,0.11822351813316345
3999,0.5479286313056946
4000,0.3656444549560547
4001,0.2317764163017273
4002,0.4425603151321411
4003,0.25689032673835754
4004,0.37504494190216064
4005,0.5778842568397522
4006,0.6178731918334961
4007,0.3179178237915039
4008,0.4278869032859802
4009,0.5938284993171692
4010,0.6433041095733643
4011,0.5006591081619263
4012,0.6113417148590088
4013,0.33163246512413025
4014,0.579008936882019
4015,0.3783334791660309
4016,0.6031849980354309
4017,0.39817872643470764
4018,0.7185773253440857
4019,0.3725756108760834
4020,0.38639166951179504
4021,0.4496331810951233
4022,0.5304664373397827
4023,0.6963506937026978
4024,0.34907203912734985
4025,0.3895859122276306
4026,-0.05161600559949875
4027,0.4308563768863678
4028,0.4565679132938385
4029,0.29036885499954224
4030,0.4429621696472168
4031,0.48276636004447937
4032,0.6196388006210327
4033,0.5313087105751038
4034,0.5684166550636292
4035,0.41793933510780334
4036,0.3858771026134491
4037,0.531033456325531
4038,0.3773702383041382
4039,0.44999855756759644
4040,0.27522340416908264
4041,0.6850631833076477
4042,0.4851469397544861
4043,0.8078649640083313
4044,0.5468677282333374
4045,0.45714759826660156
4046,0.29248109459877014
4047,0.5322840213775635
4048,0.49197545647621155
4049,0.2327907234430313
4050,0.6959030628204346
4051,0.2979460656642914
4052,0.3777204155921936
4053,0.6508251428604126
4054,0.48925140500068665
4055,0.5687518119812012
4056,0.35397031903266907
4057,0.370809942483902
4058,0.6351204514503479
4059,0.4737001657485962
4060,0.6579187512397766
4061,0.4887601137161255
4062,0.3909395635128021
4063,0.3465859293937683
4064,0.5046617984771729
4065,0.5386722087860107
4066,0.3534509837627411
4067,0.4904538094997406
4068,0.4902961850166321
4069,0.17466305196285248
4070,0.49544668197631836
4071,0.19952914118766785
4072,0.2164110243320465
4073,0.48915669322013855
4074,0.3907199501991272
4075,0.28714659810066223
4076,0.426462858915329
4077,0.46873393654823303
4078,0.31163325905799866
4079,0.3730982542037964
4080,0.4167672395706177
4081,0.3418635129928589
4082,0.797088623046875
4083,0.5641965866088867
4084,0.3243391811847687
4085,0.2730396091938019
4086,0.5131054520606995
4087,0.11646236479282379
4088,0.3295983374118805
4089,0.2796490490436554
4090,0.42365285754203796
4091,0.28479695320129395
4092,0.378692090511322
4093,0.2134985625743866
4094,0.2533268332481384
4095,0.5594382286071777
4096,0.4103577136993408
4097,0.4417232573032379
4098,0.43170657753944397
4099,0.24557827413082123
4100,0.39922136068344116
4101,0.2701534926891327
4102,0.4762462079524994
4103,0.49314168095588684
4104,0.4267294704914093
4105,0.4596540629863739
4106,0.25587090849876404
4107,0.4806433916091919
4108,0.5582458972930908
4109,0.5518864989280701
4110,0.5428486466407776
4111,0.37112459540367126
4112,0.37565767765045166
4113,0.48025357723236084
4114,0.43887659907341003
4115,0.555528998374939
4116,0.44416293501853943
4117,-0.013566344045102596
4118,0.2300819754600525
4119,0.47183310985565186
4120,0.5176230669021606
4121,0.24967117607593536
4122,0.4547361731529236
4123,0.3628637194633484
4124,0.2185228019952774
4125,0.5297513008117676
4126,0.46385934948921204
4127,0.2818232774734497
4128,0.27229544520378113
4129,0.41733524203300476
4130,0.4873884618282318
4131,0.7028888463973999
4132,0.10367827117443085
4133,0.4204980731010437
4134,0.1738293617963791
4135,0.4593989849090576
4136,0.6447795629501343
4137,0.44759267568588257
4138,0.4583785831928253
4139,0.5328527092933655
4140,0.4756302535533905
4141,0.42568784952163696
4142,0.33120641112327576
4143,0.31280332803726196
4144,0.4297434687614441
4145,0.5502872467041016
4146,0.6476390361785889
4147,0.6593078374862671
4148,0.5212698578834534
4149,0.3060552775859833
4150,0.4141072630882263
4151,0.2537672519683838
4152,0.38937142491340637
4153,0.21112379431724548
4154,0.4732670187950134
4155,0.6081958413124084
4156,0.4784637689590454
4157,0.5607616305351257
4158,0.45158687233924866
4159,0.6999109387397766
4160,0.370982825756073
4161,0.2789440155029297
4162,0.5944942235946655
4163,0.5545534491539001
4164,0.4100533127784729
4165,0.5303919315338135
4166,0.47582948207855225
4167,0.6477088928222656
4168,0.11616242676973343
4169,0.48600348830223083
4170,0.7431785464286804
4171,0.37295249104499817
4172,0.47593265771865845
4173,0.4850965142250061
4174,0.8285636901855469
4175,0.636523962020874
4176,0.701678991317749
4177,0.2579781413078308
4178,0.25973498821258545
4179,0.5076127648353577
4180,0.4832923710346222
4181,0.3351365029811859
4182,0.29650387167930603
4183,0.5140696167945862
4184,0.42022475600242615
4185,0.7072392702102661
4186,0.5305817127227783
4187,0.5335239171981812
4188,0.49403631687164307
4189,0.30665770173072815
4190,0.46619483828544617
4191,0.10217519849538803
4192,0.5097708106040955
4193,0.544178307056427
4194,0.29716578125953674
4195,0.7539147734642029
4196,0.5878047347068787
4197,0.2629255950450897
4198,0.5923802852630615
4199,0.28909701108932495
4200,0.21582283079624176
4201,0.3662721812725067
4202,0.3279896080493927
4203,0.31621119379997253
4204,0.4589039385318756
4205,0.3699985444545746
4206,0.40183374285697937
4207,0.38615772128105164
4208,0.6760873794555664
4209,0.2115294337272644
4210,0.3922121226787567
4211,0.29395055770874023
4212,0.4255085289478302
4213,0.27224573493003845
4214,0.3830008804798126
4215,0.40994465351104736
4216,0.47954776883125305
4217,0.4516775906085968
4218,0.21592073142528534
4219,0.24917086958885193
4220,0.42995092272758484
4221,0.4891895651817322
4222,0.5024649500846863
4223,0.49642372131347656
4224,0.3136076331138611
4225,0.5986693501472473
4226,0.35410258173942566
4227,0.2827795743942261
4228,0.3051500916481018
4229,0.37973999977111816
4230,0.6836841702461243
4231,0.40313202142715454
4232,0.4760502278804779
4233,0.3122594952583313
4234,0.3308132290840149
4235,0.23045460879802704
4236,0.5015071630477905
4237,0.2957601547241211
4238,0.453685462474823
4239,0.4929085969924927
4240,0.44075557589530945
4241,0.20621919631958008
4242,0.5178890824317932
4243,0.6210840940475464
4244,0.6136454343795776
4245,0.20577973127365112
4246,0.3718474209308624
4247,0.5391234159469604
4248,0.41375458240509033
4249,0.3726995885372162
4250,0.33721810579299927
4251,0.37629541754722595
4252,0.34607648849487305
4253,0.387927383184433
4254,0.13019472360610962
4255,0.40793800354003906
4256,0.39188361167907715
4257,0.5015498995780945
4258,0.4541507065296173
4259,0.5389524102210999
4260,0.3576042950153351
4261,0.10403825342655182
4262,0.14471478760242462
4263,0.3479466140270233
4264,0.735387921333313
4265,0.200257807970047
4266,0.2758883237838745
4267,0.8281926512718201
4268,0.407466858625412
4269,0.7684855461120605
4270,0.6892834901809692
4271,0.09716065227985382
4272,0.3764854371547699
4273,0.34720441699028015
4274,0.3105858862400055
4275,0.5403146147727966
4276,0.40208864212036133
4277,0.27663683891296387
4278,0.6489250659942627
4279,0.2928098142147064
4280,0.5393659472465515
4281,0.36945703625679016
4282,0.5368163585662842
4283,0.3922320008277893
4284,0.43909990787506104
4285,0.5162320137023926
4286,0.45120275020599365
4287,0.5124208331108093
4288,0.49030905961990356
4289,0.7144721150398254
4290,0.1587083786725998
4291,0.43957874178886414
4292,0.4364676773548126
4293,0.615896463394165
4294,0.4280303418636322
4295,0.4239707887172699
4296,0.38388270139694214
4297,0.19486476480960846
4298,0.23888655006885529
4299,0.2218598574399948
4300,0.30763664841651917
4301,0.24748952686786652
4302,0.17849895358085632
4303,0.6987055540084839
4304,0.5987755060195923
4305,0.48812419176101685
4306,0.4524710476398468
4307,0.5745309591293335
4308,0.4390113949775696
4309,0.31718242168426514
4310,0.4381773769855499
4311,0.4113670587539673
4312,0.27389565110206604
4313,0.22692470252513885
4314,0.3656304180622101
4315,0.5112485885620117
4316,0.4153977036476135
4317,0.15865947306156158
4318,0.10041212290525436
4319,0.5036938786506653
4320,0.6960956454277039
4321,0.415507048368454
4322,0.6165540814399719
4323,0.5610681772232056
4324,0.1777389496564865
4325,0.09402063488960266
4326,0.6276562809944153
4327,0.3530307710170746
4328,0.35434690117836
4329,0.540377676486969
4330,0.4223218262195587
4331,0.6749088764190674
4332,0.36133214831352234
4333,0.6140156388282776
4334,0.2774977684020996
4335,0.21481412649154663
4336,0.46025192737579346
4337,0.5640422701835632
4338,0.3736245036125183
4339,0.31334614753723145
4340,0.4523639678955078
4341,0.7123721837997437
4342,0.12132290750741959
4343,0.2099267542362213
4344,0.4799324870109558
4345,0.5610877871513367
4346,0.49883797764778137
4347,0.5702276825904846
4348,0.4732133746147156
4349,0.476346492767334
4350,0.21336844563484192
4351,0.43668463826179504
4352,0.5639939904212952
4353,0.5276134610176086
4354,0.6703373789787292
4355,0.4223400950431824
4356,0.38237428665161133
4357,0.41919073462486267
4358,0.18162275850772858
4359,0.32033297419548035
4360,0.39637407660484314
4361,0.41125616431236267
4362,0.46500492095947266
4363,0.3372824192047119
4364,0.27318182587623596
4365,0.3753066062927246
4366,0.5969094634056091
4367,0.6063685417175293
4368,0.34145015478134155
4369,0.3821021020412445
4370,0.45735469460487366
4371,0.6452690958976746
4372,0.4632413387298584
4373,0.32145974040031433
4374,0.508789598941803
4375,0.5760814547538757
4376,0.5167872905731201
4377,0.49483469128608704
4378,0.44523078203201294
4379,0.767677903175354
4380,0.2324955016374588
4381,0.480388343334198
4382,0.14463074505329132
4383,0.5136772394180298
4384,0.2991512715816498
4385,0.6227030158042908
4386,0.3129022419452667
4387,0.4055643379688263
4388,0.4052509069442749
4389,0.28728604316711426
4390,0.20768263936042786
4391,0.2826882004737854
4392,0.6948027014732361
4393,0.4236328601837158
4394,0.5864143371582031
4395,0.4680807292461395
4396,0.6566538214683533
4397,0.4064115583896637
4398,0.6999618411064148
4399,0.6265575885772705
4400,0.3726702034473419
4401,0.4305911958217621
4402,0.2314508855342865
4403,0.4237157106399536
4404,0.5291025042533875
4405,0.1686306744813919
4406,0.5928789377212524
4407,0.5073795318603516
4408,0.1661437749862671
4409,0.2778327465057373
4410,0.5437361598014832
4411,0.4762793183326721
4412,0.4465264081954956
4413,0.3165590167045593
4414,0.8605567812919617
4415,0.22965633869171143
4416,0.5073052644729614
4417,0.5670323371887207
4418,0.23996500670909882
4419,0.6537455320358276
4420,0.3197842538356781
4421,0.4342603087425232
4422,0.29144009947776794
4423,0.7437973618507385
4424,0.32016676664352417
4425,0.3608052134513855
4426,0.586269199848175
4427,0.5104054808616638
4428,0.36167111992836
4429,0.4282059669494629
4430,0.5429220199584961
4431,0.6070652604103088
4432,0.1664278358221054
4433,0.3195106089115143
4434,0.19717225432395935
4435,0.5233122110366821
4436,0.5792309641838074
4437,0.47285640239715576
4438,0.3655415177345276
4439,0.5700156688690186
4440,0.7328978180885315
4441,0.3842693865299225
4442,0.6224502921104431
4443,0.4458349347114563
4444,0.65724116563797
4445,0.3912862539291382
4446,0.4728935658931732
4447,0.37243467569351196
4448,0.37859439849853516
4449,0.2649972438812256
4450,0.6116246581077576
4451,0.4340318441390991
4452,0.5146881937980652
4453,0.39320820569992065
4454,0.427651047706604
4455,0.35280242562294006
4456,0.54383784532547
4457,0.6100419163703918
4458,0.45691829919815063
4459,0.11329780519008636
4460,0.3972548544406891
4461,0.37341657280921936
4462,0.3582001328468323
4463,0.24472667276859283
4464,0.33966562151908875
4465,0.23341058194637299
4466,0.4214895963668823
4467,0.35758188366889954
4468,0.27492764592170715
4469,0.39245912432670593
4470,0.19366541504859924
4471,0.45628947019577026
4472,0.49394261837005615
4473,0.535038411617279
4474,0.8518995642662048
4475,0.43571072816848755
4476,0.655402660369873
4477,0.42967191338539124
4478,0.4645330011844635
4479,0.6007080674171448
4480,0.7709754109382629
4481,0.2917903661727905
4482,0.28278958797454834
4483,0.3177646994590759
4484,0.38459697365760803
4485,0.11340780556201935
4486,0.5137548446655273
4487,0.20054371654987335
4488,0.47344592213630676
4489,0.5681896209716797
4490,0.35824820399284363
4491,0.5185220837593079
4492,0.30754703283309937
4493,0.4891992509365082
4494,0.4590233564376831
4495,0.4437873065471649
4496,0.5051694512367249
4497,0.5715194940567017
4498,0.3967347741127014
4499,0.4981931447982788
4500,0.5400075316429138
4501,0.44204697012901306
4502,0.3519735336303711
4503,0.4668818414211273
4504,0.6649191379547119
4505,0.38918277621269226
4506,0.5326507091522217
4507,0.22535298764705658
4508,0.5819959044456482
4509,0.4199623167514801
4510,0.3030867874622345
4511,0.23909693956375122
4512,0.3522912859916687
4513,0.4848864674568176
4514,0.631976306438446
4515,0.44053372740745544
4516,0.5248541235923767
4517,0.4824676215648651
4518,0.6172029376029968
4519,0.49134349822998047
4520,0.43886494636535645
4521,0.44974827766418457
4522,0.46180251240730286
4523,0.6515405178070068
4524,0.3185359537601471
4525,0.6441634893417358
4526,0.4050290882587433
4527,0.21675936877727509
4528,0.4663558304309845
4529,0.8299733996391296
4530,0.17330268025398254
4531,0.5192306041717529
4532,0.1933944821357727
4533,0.5511420369148254
4534,0.40422192215919495
4535,0.3383905589580536
4536,0.28306886553764343
4537,0.5390236377716064
4538,0.5443915128707886
4539,0.24774222075939178
4540,0.39676305651664734
4541,0.15396662056446075
4542,0.46761757135391235
4543,0.4884214401245117
4544,0.3751177489757538
4545,0.4130317270755768
4546,0.4777648448944092
4547,0.24466954171657562
4548,0.29642120003700256
4549,0.20441825687885284
4550,0.28014159202575684
4551,0.3141089975833893
4552,0.2255214899778366
4553,0.5915040969848633
4554,0.28336188197135925
4555,0.7544336915016174
4556,0.5293635129928589
4557,0.11197579652070999
4558,0.2706238329410553
4559,0.5684689283370972
4560,0.25911974906921387
4561,0.23174302279949188
4562,0.6295966506004333
4563,0.47710999846458435
4564,0.5426958799362183
4565,0.2956646978855133
4566,0.6340122222900391
4567,0.5153946876525879
4568,0.7287982702255249
4569,0.30612993240356445
4570,0.4315944015979767
4571,0.4779815673828125
4572,0.7562015056610107
4573,0.14127220213413239
4574,0.40354764461517334
4575,0.4081021547317505
4576,0.50318443775177
4577,0.4441894590854645
4578,0.7672697901725769
4579,0.14393655955791473
4580,0.3556858003139496
4581,0.3468579351902008
4582,0.2580318748950958
4583,0.2742462456226349
4584,0.25742584466934204
4585,0.5527027249336243
4586,0.5404269695281982
4587,0.5684519410133362
4588,0.2902040481567383
4589,0.13551396131515503
4590,0.5804030895233154
4591,0.17254720628261566
4592,0.2492200881242752
4593,0.5172261595726013
4594,0.45031967759132385
4595,0.224212184548378
4596,0.44666820764541626
4597,0.4917704164981842
4598,0.22460630536079407
4599,0.6474491357803345
4600,0.5507709383964539
4601,0.2819809913635254
4602,0.32340914011001587
4603,0.32297682762145996
4604,0.5567929744720459
4605,0.29025954008102417
4606,0.5859899520874023
4607,0.5543742775917053
4608,0.3260135054588318
4609,0.43659698963165283
4610,0.4932937026023865
4611,0.827033281326294
4612,0.6244580745697021
4613,0.3091278374195099
4614,0.580441415309906
4615,0.4995347261428833
4616,0.43509647250175476
4617,0.3175422251224518
4618,0.16640041768550873
4619,0.4344586730003357
4620,0.41015464067459106
4621,0.4504055082798004
4622,0.35896769165992737
4623,0.7060739398002625
4624,0.36754295229911804
4625,0.5929968953132629
4626,0.4685960114002228
4627,0.6098130345344543
4628,0.599608838558197
4629,0.4572679102420807
4630,0.31069937348365784
4631,0.4020836055278778
4632,0.5850219130516052
4633,0.6336187720298767
4634,0.544174075126648
4635,0.462320476770401
4636,0.3353361487388611
4637,0.3301158547401428
4638,0.4551960229873657
4639,0.37511229515075684
4640,0.3780679702758789
4641,0.43502670526504517
4642,0.36800992488861084
4643,0.6232646703720093
4644,0.18634970486164093
4645,0.391794890165329
4646,0.40207213163375854
4647,0.2784062623977661
4648,0.7372993230819702
4649,0.43224310874938965
4650,0.18949131667613983
4651,0.053161609917879105
4652,0.8399264812469482
4653,0.3599241375923157
4654,0.5075096487998962
4655,0.3898468613624573
4656,0.26019012928009033
4657,0.16367027163505554
4658,0.16090811789035797
4659,0.4818079173564911
4660,0.37703028321266174
4661,0.3144400119781494
4662,0.8418119549751282
4663,0.5809682607650757
4664,0.5724971890449524
4665,0.3900260031223297
4666,0.37837347388267517
4667,0.4710456132888794
4668,0.3872729241847992
4669,0.3257652521133423
4670,0.5469121932983398
4671,0.2919203042984009
4672,0.23744115233421326
4673,0.622737467288971
4674,0.3152786195278168
4675,0.5741458535194397
4676,0.36858317255973816
4677,0.37188392877578735
4678,0.44945836067199707
4679,0.40833020210266113
4680,0.41048625111579895
4681,0.7259997129440308
4682,0.5159265995025635
4683,0.20727883279323578
4684,0.47178784012794495
4685,0.5360177755355835
4686,0.22652310132980347
4687,0.18891823291778564
4688,0.36585694551467896
4689,0.34235048294067383
4690,0.6023479700088501
4691,0.8234317898750305
4692,0.29877710342407227
4693,0.21946103870868683
4694,0.5439060926437378
4695,0.285092830657959
4696,0.38082996010780334
4697,0.6773327589035034
4698,0.36987626552581787
4699,0.4827876091003418
4700,0.4278292655944824
4701,0.6742039322853088
4702,0.6495927572250366
4703,0.4676283597946167
4704,0.5245928764343262
4705,0.47445186972618103
4706,0.4192507863044739
4707,0.39458438754081726
4708,0.7590118050575256
4709,-0.01439132820814848
4710,0.7458887100219727
4711,0.35368770360946655
4712,0.6116940379142761
4713,0.4228265881538391
4714,0.6728420853614807
4715,0.3898738920688629
4716,0.263703852891922
4717,0.5785330533981323
4718,0.5210486054420471
4719,0.8148369193077087
4720,0.6333046555519104
4721,0.3518233895301819
4722,0.5560222864151001
4723,0.4897318482398987
4724,0.5167675614356995
4725,0.1791350245475769
4726,0.14508283138275146
4727,0.46522340178489685
4728,0.30411821603775024
4729,0.5961954593658447
4730,0.5260980725288391
4731,0.601185142993927
4732,0.3141213059425354
4733,0.1671159714460373
4734,0.27264708280563354
4735,0.4463597536087036
4736,0.40322935581207275
4737,0.22014695405960083
4738,0.2534642517566681
4739,0.12226081639528275
4740,0.33918020129203796
4741,0.5404527187347412
4742,0.2260090857744217
4743,0.4356969892978668
4744,0.587559163570404
4745,0.5267413258552551
4746,0.49644893407821655
4747,0.3906240165233612
4748,0.7330083847045898
4749,0.31419751048088074
4750,0.39750906825065613
4751,0.3664950430393219
4752,0.5421768426895142
4753,0.8073247671127319
4754,0.571107029914856
4755,0.46499183773994446
4756,0.424665242433548
4757,0.44010046124458313
4758,0.4122365713119507
4759,0.364279568195343
4760,0.524421751499176
4761,0.4214547276496887
4762,0.641366720199585
4763,0.21514666080474854
4764,0.5254695415496826
4765,0.15366056561470032
4766,0.2816252112388611
4767,0.30095258355140686
4768,0.5437943339347839
4769,0.5349807739257812
4770,0.43870511651039124
4771,0.494422048330307
4772,0.482197105884552
4773,0.4182896018028259
4774,0.31784871220588684
4775,0.4637907147407532
4776,0.2033902406692505
4777,0.40462198853492737
4778,0.6540924310684204
4779,0.5797581076622009
4780,0.28543710708618164
4781,0.34435567259788513
4782,0.21053139865398407
4783,0.32736122608184814
4784,0.7418003082275391
4785,0.32647353410720825
4786,0.553428590297699
4787,0.26486629247665405
4788,0.3777550160884857
4789,0.4183987081050873
4790,0.48476070165634155
4791,0.27431339025497437
4792,0.006477697752416134
4793,0.47667956352233887
4794,0.31861889362335205
4795,0.25276172161102295
4796,0.47931531071662903
4797,0.7287303805351257
4798,0.6454258561134338
4799,0.6152328252792358
4800,0.804436981678009
4801,0.76982581615448
4802,0.3609182834625244
4803,0.7945681214332581
4804,0.47087204456329346
4805,0.11207692325115204
4806,0.4146406650543213
4807,0.41687873005867004
4808,0.25913599133491516
4809,0.48159652948379517
4810,0.5708511471748352
4811,0.3955763578414917
4812,0.4268208146095276
4813,0.3899098038673401
4814,0.1293017566204071
4815,0.5278239250183105
4816,0.2193741500377655
4817,0.23413941264152527
4818,0.22318004071712494
4819,0.1335858553647995
4820,0.5446716547012329
4821,0.3690800368785858
4822,0.5079383850097656
4823,0.3056560158729553
4824,0.2606299817562103
4825,0.40954750776290894
4826,0.44621628522872925
4827,0.6643462777137756
4828,0.43214383721351624
4829,0.38250547647476196
4830,0.5333756804466248
4831,0.4844224750995636
4832,0.5272074937820435
4833,0.303985595703125
4834,0.5083590149879456
4835,0.6339204907417297
4836,0.10559437423944473
4837,0.5323370695114136
4838,0.26040276885032654
4839,0.4391708970069885
4840,0.23376551270484924
4841,0.7537202835083008
4842,0.5728325247764587
4843,0.41483789682388306
4844,0.3996223509311676
4845,0.5873106122016907
4846,0.3722124993801117
4847,0.3155401051044464
4848,0.2906281054019928
4849,0.4035800099372864
4850,0.607489824295044
4851,0.34144848585128784
4852,0.31192100048065186
4853,0.4246073067188263
4854,0.47453033924102783
4855,0.3009244203567505
4856,0.5114771723747253
4857,0.5768188238143921
4858,0.5406206846237183
4859,0.7504956126213074
4860,0.30979034304618835
4861,0.5725793242454529
4862,0.4518839418888092
4863,0.6003606915473938
4864,0.3898658752441406
4865,0.36783507466316223
4866,0.5483376979827881
4867,0.40741780400276184
4868,0.4551507234573364
4869,0.3501935303211212
4870,0.5301746129989624
4871,0.25762712955474854
4872,0.4279475510120392
4873,0.24863211810588837
4874,0.4699382781982422
4875,0.649506151676178
4876,0.39759981632232666
4877,0.8653951287269592
4878,0.26490527391433716
4879,0.24938848614692688
4880,0.3289186954498291
4881,0.49286651611328125
4882,0.7542364001274109
4883,0.4670126736164093
4884,0.34575334191322327
4885,0.6465167999267578
4886,0.6071897745132446
4887,0.5785558223724365
4888,0.16640107333660126
4889,0.5274676084518433
4890,0.6164529323577881
4891,0.6311686635017395
4892,0.35153940320014954
4893,0.1998855471611023
4894,0.4702187776565552
4895,0.4580599367618561
4896,0.10979653894901276
4897,0.5480130314826965
4898,0.2822459936141968
4899,0.5999743342399597
4900,0.6554298400878906
4901,0.3800518810749054
4902,0.313935786485672
4903,0.5800931453704834
4904,0.5229111313819885
4905,0.4950184226036072
4906,0.6593714952468872
4907,0.4478110373020172
4908,0.5442765951156616
4909,0.27094870805740356
4910,0.3444858491420746
4911,0.36032459139823914
4912,0.43698570132255554
4913,0.45338743925094604
4914,0.6794196367263794
4915,0.4359436333179474
4916,0.4672633409500122
4917,0.3069812059402466
4918,0.32249072194099426
4919,0.18193568289279938
4920,0.5097090601921082
4921,0.7368306517601013
4922,0.639992356300354
4923,0.4778025448322296
4924,0.5463120937347412
4925,0.37270140647888184
4926,0.4529121220111847
4927,0.27464866638183594
4928,0.5191301107406616
4929,0.7039515376091003
4930,0.37402912974357605
4931,0.4412207007408142
4932,0.22619280219078064
4933,0.5274394750595093
4934,0.5151008367538452
4935,0.4668586552143097
4936,0.4074843227863312
4937,0.27735790610313416
4938,0.5070100426673889
4939,0.2636835277080536
4940,0.680406391620636
4941,0.35503020882606506
4942,0.37441834807395935
4943,0.7329770922660828
4944,0.5670309066772461
4945,0.5390533804893494
