sequence_index,pearson_r
0,0.37549176812171936
1,0.3352307379245758
2,0.6075065732002258
3,0.5679747462272644
4,0.13947293162345886
5,0.14571833610534668
6,0.641579806804657
7,0.6035252213478088
8,0.5487006902694702
9,0.3820417821407318
10,0.3068162202835083
11,0.2860948443412781
12,0.6245283484458923
13,0.14784379303455353
14,0.3721676766872406
15,0.4817270338535309
16,0.7159104943275452
17,0.26203790307044983
18,0.5669289231300354
19,0.3424619734287262
20,0.5333355069160461
21,0.46819549798965454
22,0.3500712513923645
23,0.5020325779914856
24,0.08929837495088577
25,0.2374577820301056
26,0.49834808707237244
27,0.7532905340194702
28,0.5303477048873901
29,0.5754553079605103
30,0.24157151579856873
31,0.131118506193161
32,0.3074798882007599
33,0.557729184627533
34,0.34470677375793457
35,0.2944467067718506
36,0.53315669298172
37,0.12659205496311188
38,0.20435458421707153
39,0.6881664991378784
40,0.504375159740448
41,0.5665277242660522
42,0.39532601833343506
43,0.6126098036766052
44,0.5562530755996704
45,0.5147188305854797
46,0.18445345759391785
47,0.18296435475349426
48,0.5302401781082153
49,0.20507603883743286
50,0.5133504271507263
51,0.4327346980571747
52,0.6197547316551208
53,0.2674153447151184
54,0.612547755241394
55,0.68796306848526
56,0.27120333909988403
57,0.36603090167045593
58,0.45477908849716187
59,0.521551251411438
60,0.4018012285232544
61,0.14817367494106293
62,0.2976166605949402
63,0.37493187189102173
64,0.5275239944458008
65,0.5512794852256775
66,0.4096969664096832
67,0.2711068093776703
68,0.45789480209350586
69,0.4389943778514862
70,0.3284062147140503
71,0.39253267645835876
72,0.4720136225223541
73,0.3395485579967499
74,0.46150749921798706
75,0.04566032811999321
76,0.6314981579780579
77,0.5993265509605408
78,0.5071440935134888
79,0.5975596308708191
80,0.5087919235229492
81,0.8462699055671692
82,0.6416134238243103
83,0.1010160967707634
84,0.7380081415176392
85,0.2618478536605835
86,0.3406710624694824
87,0.5482014417648315
88,0.488052099943161
89,0.49612727761268616
90,0.46328791975975037
91,0.35354316234588623
92,0.48047682642936707
93,0.3979947865009308
94,0.521950900554657
95,0.5820319056510925
96,0.41748538613319397
97,0.4527049660682678
98,0.38528627157211304
99,0.2557832896709442
100,0.46128079295158386
101,0.5746000409126282
102,0.2313762903213501
103,0.1667160838842392
104,0.41367337107658386
105,0.643423318862915
106,0.28868746757507324
107,0.47137945890426636
108,0.2631407082080841
109,0.32234132289886475
110,0.31752005219459534
111,0.02604057639837265
112,0.4371562898159027
113,0.2960367202758789
114,0.4507501721382141
115,0.4344051778316498
116,0.08758632838726044
117,0.457133948802948
118,0.5116409063339233
119,0.5750953555107117
120,0.6943567991256714
121,0.44411125779151917
122,0.4438319504261017
123,0.3601261079311371
124,0.1890917420387268
125,0.3848186135292053
126,0.27822211384773254
127,0.6104702949523926
128,0.26648133993148804
129,0.5190850496292114
130,0.5202040076255798
131,0.5232450366020203
132,0.38359227776527405
133,0.443053662776947
134,0.6572871208190918
135,0.5657199025154114
136,0.3011225163936615
137,0.16277822852134705
138,0.3011537194252014
139,0.6510274410247803
140,0.3920367956161499
141,0.3911232054233551
142,0.3609894812107086
143,0.6054075360298157
144,0.1749676764011383
145,0.45541343092918396
146,0.24120604991912842
147,0.4638815224170685
148,0.5895897150039673
149,0.5335774421691895
150,0.6442599892616272
151,0.5063949823379517
152,0.30015456676483154
153,0.01625659689307213
154,0.3575940430164337
155,0.4539593458175659
156,0.4923030734062195
157,0.3370508551597595
158,0.6761018633842468
159,0.23271135985851288
160,0.6409403681755066
161,0.6458497047424316
162,0.4894578754901886
163,0.6968896389007568
164,0.3726893365383148
165,0.31660300493240356
166,0.20893889665603638
167,0.4212062656879425
168,0.15161189436912537
169,0.7114185690879822
170,0.5661513209342957
171,0.4739149212837219
172,0.574346661567688
173,0.39223378896713257
174,0.43155449628829956
175,0.30147087574005127
176,0.5503955483436584
177,0.5083972215652466
178,0.41838282346725464
179,0.3114851117134094
180,0.41763627529144287
181,0.6184718608856201
182,0.4634256660938263
183,0.5155029892921448
184,0.28009387850761414
185,0.5815685391426086
186,-0.09208034723997116
187,0.7446619868278503
188,0.29127752780914307
189,0.41138213872909546
190,0.3716905117034912
191,0.24807678163051605
192,0.5991169810295105
193,0.43090689182281494
194,0.5412442684173584
195,0.4180619418621063
196,0.44564399123191833
197,0.2974807024002075
198,0.6325777173042297
199,0.46463459730148315
200,0.5196478366851807
201,0.4046536386013031
202,0.7383475303649902
203,0.5524455904960632
204,0.2375352829694748
205,0.3961774706840515
206,0.40330949425697327
207,0.4405834972858429
208,0.4670875072479248
209,0.5085253119468689
210,0.5852934122085571
211,0.6355024576187134
212,0.28182780742645264
213,0.3953835070133209
214,0.36071985960006714
215,0.16510753333568573
216,0.21012505888938904
217,0.4525660276412964
218,0.028976628556847572
219,0.5208753943443298
220,0.6511028409004211
221,0.51987224817276
222,0.6913789510726929
223,0.3036898374557495
224,0.6737967729568481
225,0.17181380093097687
226,0.31369951367378235
227,0.4252384603023529
228,0.37094175815582275
229,0.3446659743785858
230,0.45681214332580566
231,0.5868216753005981
232,0.28324273228645325
233,0.2553187608718872
234,0.20410284399986267
235,0.2015494555234909
236,0.44935962557792664
237,0.44680550694465637
238,0.39923298358917236
239,0.4958806037902832
240,0.4855653643608093
241,0.3828267753124237
242,0.312706857919693
243,0.6608973145484924
244,0.38877633213996887
245,0.563822865486145
246,0.4555061459541321
247,0.43899300694465637
248,0.4108750522136688
249,0.6100389957427979
250,0.508376955986023
251,0.4133114516735077
252,0.6520766019821167
253,0.6144974231719971
254,0.4052312672138214
255,0.548416018486023
256,0.1629682332277298
257,0.45123347640037537
258,0.3796940743923187
259,0.600945770740509
260,0.5381245613098145
261,0.4046069085597992
262,0.7171339988708496
263,0.3888280391693115
264,0.5409374833106995
265,0.5766227841377258
266,0.3235063850879669
267,0.2900218963623047
268,0.2999534606933594
269,0.23238873481750488
270,0.4975738525390625
271,0.47178736329078674
272,0.22727753221988678
273,0.5095213055610657
274,0.28181326389312744
275,0.43058347702026367
276,0.4108780026435852
277,0.512322187423706
278,0.5301468372344971
279,0.5408254861831665
280,0.5405896902084351
281,0.3636399209499359
282,0.27200454473495483
283,0.7709535956382751
284,0.592167317867279
285,0.4559693932533264
286,0.49887868762016296
287,0.4645208418369293
288,0.791206419467926
289,0.24341583251953125
290,0.2937946915626526
291,0.3483078181743622
292,0.698764979839325
293,0.3349950909614563
294,0.6671780347824097
295,0.6361125111579895
296,0.4677921235561371
297,0.18678154051303864
298,0.6659868955612183
299,0.5388960242271423
300,0.3349280059337616
301,0.46632757782936096
302,0.45990151166915894
303,0.4261036813259125
304,0.4982573986053467
305,0.6905611753463745
306,0.16908422112464905
307,0.4990938901901245
308,0.6245741248130798
309,0.4704282283782959
310,0.3730461895465851
311,0.695644199848175
312,0.19809480011463165
313,0.3873482346534729
314,0.3299923837184906
315,0.2397766411304474
316,0.8395529985427856
317,0.6990152597427368
318,0.4795529246330261
319,0.34937137365341187
320,0.7259131669998169
321,0.4086129367351532
322,0.34376221895217896
323,0.6546865105628967
324,0.27921757102012634
325,0.31288060545921326
326,0.3573491871356964
327,0.4911016523838043
328,0.3328131437301636
329,0.5956234335899353
330,0.6024684906005859
331,0.30869942903518677
332,0.7267444133758545
333,0.6205672025680542
334,0.11426154524087906
335,0.39243370294570923
336,0.301551878452301
337,0.2981026768684387
338,0.5029579997062683
339,0.5544395446777344
340,0.46321961283683777
341,0.1271362453699112
342,0.3756473660469055
343,0.7473536133766174
344,0.6087812185287476
345,0.6684532761573792
346,0.24113106727600098
347,0.5452731251716614
348,0.46773141622543335
349,0.6009206175804138
350,0.362159788608551
351,0.6746197938919067
352,0.3366873562335968
353,0.3788527250289917
354,0.46754369139671326
355,0.4682004153728485
356,0.4021376669406891
357,0.42807766795158386
358,0.24814558029174805
359,0.42203718423843384
360,0.7849549651145935
361,0.41115522384643555
362,0.2951602041721344
363,0.43893805146217346
364,0.3145304322242737
365,0.36756548285484314
366,0.310397744178772
367,0.7064928412437439
368,0.5036783814430237
369,0.10479722172021866
370,0.6331247091293335
371,0.46661248803138733
372,0.14537200331687927
373,0.618276059627533
374,0.5665891170501709
375,0.4086914360523224
376,0.31960588693618774
377,0.4091270864009857
378,0.44258707761764526
379,0.4493965804576874
380,0.6682928800582886
381,0.19970238208770752
382,0.48807844519615173
383,0.14480215311050415
384,0.2523247301578522
385,0.308041512966156
386,0.5371766090393066
387,0.704431414604187
388,0.28626197576522827
389,0.34960442781448364
390,0.5714831948280334
391,0.5307843685150146
392,0.4166751503944397
393,0.20554694533348083
394,0.5543017983436584
395,0.7309244871139526
396,0.030976232141256332
397,0.6605952382087708
398,0.4872692823410034
399,0.24855312705039978
400,0.40465396642684937
401,0.6553857326507568
402,0.4061077833175659
403,0.6552291512489319
404,0.3331826627254486
405,0.42467665672302246
406,0.6290613412857056
407,0.5368942618370056
408,0.1943710446357727
409,0.2552230656147003
410,0.23361538350582123
411,0.4113599359989166
412,0.56166011095047
413,0.10976886749267578
414,0.3398669362068176
415,0.5550735592842102
416,0.5577206015586853
417,0.6233761310577393
418,0.015507896430790424
419,0.7307333946228027
420,0.4865912199020386
421,0.2367907166481018
422,0.7162393927574158
423,0.3381548523902893
424,0.5665647387504578
425,0.6622798442840576
426,0.35135647654533386
427,0.2971065938472748
428,0.581300675868988
429,0.452467679977417
430,0.14346688985824585
431,0.38228514790534973
432,0.5352543592453003
433,0.40257158875465393
434,0.21092009544372559
435,0.562605082988739
436,0.360230952501297
437,0.5456652641296387
438,0.23386245965957642
439,0.7049809694290161
440,0.3616715967655182
441,0.26662778854370117
442,0.3082447052001953
443,0.6331468820571899
444,0.6311666965484619
445,0.4448060989379883
446,0.4949966371059418
447,0.29057908058166504
448,0.3948174715042114
449,0.526458740234375
450,0.5251325964927673
451,0.5349289774894714
452,0.695227324962616
453,0.6836758852005005
454,0.38639798760414124
455,0.25538116693496704
456,0.45242759585380554
457,0.770490825176239
458,0.4654102027416229
459,0.5965356826782227
460,0.3843173384666443
461,0.3150232136249542
462,0.35654523968696594
463,0.45676660537719727
464,0.43208229541778564
465,0.5471959114074707
466,0.6191007494926453
467,0.4151882529258728
468,0.38319194316864014
469,0.5368319153785706
470,0.22590665519237518
471,0.6163231134414673
472,0.6495171189308167
473,0.43210169672966003
474,0.20855358242988586
475,0.7043994665145874
476,0.3920961022377014
477,0.21429768204689026
478,0.35975852608680725
479,0.36947548389434814
480,0.6376563310623169
481,0.646675705909729
482,0.44575655460357666
483,0.29609933495521545
484,0.5409872531890869
485,0.32214614748954773
486,0.3100268542766571
487,0.39559870958328247
488,0.36528584361076355
489,0.2981887757778168
490,0.44123876094818115
491,0.5654711127281189
492,0.6380681991577148
493,0.4598444402217865
494,0.5258573293685913
495,0.5395544767379761
496,0.1682034581899643
497,0.4088011682033539
498,0.27134308218955994
499,0.5637177228927612
500,0.42818745970726013
501,0.5038960576057434
502,0.2978745996952057
503,0.6899927854537964
504,0.7131254076957703
505,0.5001503825187683
506,0.6538715958595276
507,0.35630837082862854
508,0.4477357864379883
509,0.426886647939682
510,0.1492438167333603
511,0.33808958530426025
512,0.24457013607025146
513,0.4318532347679138
514,0.1897628903388977
515,0.48802700638771057
516,0.6184763312339783
517,0.3506568372249603
518,0.2025831639766693
519,0.46404895186424255
520,0.35905444622039795
521,0.41148361563682556
522,0.37526026368141174
523,0.43780943751335144
524,0.4726293981075287
525,0.4348815679550171
526,0.13804011046886444
527,0.35656607151031494
528,0.29026469588279724
529,0.16974866390228271
530,0.39199185371398926
531,0.3648267686367035
532,0.3815779983997345
533,0.4150286018848419
534,0.30812501907348633
535,0.5330469012260437
536,0.5727137923240662
537,0.42695996165275574
538,0.4589596390724182
539,0.5881977081298828
540,0.6442977786064148
541,0.6420397162437439
542,0.39317959547042847
543,0.3336228132247925
544,0.37409213185310364
545,0.2857031226158142
546,0.3511187434196472
547,0.4909779727458954
548,0.19438719749450684
549,0.47073841094970703
550,0.44367676973342896
551,0.33790698647499084
552,0.508294939994812
553,0.2916262149810791
554,0.21013373136520386
555,0.5456855297088623
556,0.3379229009151459
557,0.4599294066429138
558,0.6516620516777039
559,0.5216730237007141
560,0.2894795536994934
561,0.24477842450141907
562,0.5676444172859192
563,0.220938041806221
564,0.4789333641529083
565,0.43005144596099854
566,0.664977490901947
567,0.3832649290561676
568,0.42542192339897156
569,0.29558801651000977
570,0.39142030477523804
571,0.48855552077293396
572,0.6617197394371033
573,0.6544373631477356
574,0.5965286493301392
575,0.44314906001091003
576,0.31050947308540344
577,0.19132447242736816
578,0.5073084831237793
579,0.4626610577106476
580,0.2429010570049286
581,0.5363122224807739
582,0.6442552804946899
583,0.4405485987663269
584,0.5403591990470886
585,0.5609562993049622
586,0.6051340103149414
587,0.08089097589254379
588,0.39273566007614136
589,0.6087280511856079
590,0.33437711000442505
591,0.4461155831813812
592,0.46778401732444763
593,0.44605931639671326
594,0.780733585357666
595,0.5480066537857056
596,0.34297308325767517
597,0.6594712138175964
598,0.4172360897064209
599,0.23540960252285004
600,0.4450094997882843
601,-0.05102336406707764
602,0.4992368519306183
603,0.7054716348648071
604,0.5629281401634216
605,0.5769455432891846
606,0.43658554553985596
607,0.582677960395813
608,0.41985630989074707
609,0.4608176648616791
610,0.3076147139072418
611,0.4023079574108124
612,0.4403306841850281
613,0.5508993268013
614,0.6478590965270996
615,0.32305529713630676
616,0.40648722648620605
617,0.1510579138994217
618,0.4778738021850586
619,0.08480475842952728
620,0.35406792163848877
621,0.4954066276550293
622,0.5795259475708008
623,0.5516318678855896
624,0.3812011778354645
625,0.31246232986450195
626,0.5795420408248901
627,0.47622692584991455
628,0.4075477719306946
629,0.7979741096496582
630,0.39227667450904846
631,0.47251996397972107
632,0.5577865242958069
633,0.5814571976661682
634,0.4513756334781647
635,0.4296187162399292
636,0.5378386974334717
637,0.24848002195358276
638,0.3551812469959259
639,0.20946486294269562
640,0.6890012621879578
641,0.661909282207489
642,0.5028897523880005
643,0.419134259223938
644,0.38066765666007996
645,0.3046221137046814
646,0.03378606215119362
647,0.3010665476322174
648,0.5077800750732422
649,0.37310683727264404
650,0.44712144136428833
651,0.287239670753479
652,0.6240484714508057
653,0.43778616189956665
654,0.5128188729286194
655,0.6512737274169922
656,0.41300463676452637
657,0.4995618760585785
658,0.515197217464447
659,0.4367322623729706
660,0.38488951325416565
661,0.6037955284118652
662,0.3733869791030884
663,0.5698859691619873
664,0.4961695969104767
665,0.45037755370140076
666,0.4986693859100342
667,0.30448687076568604
668,0.4419192373752594
669,0.6282895803451538
670,0.5324460864067078
671,0.5822582244873047
672,0.2279391884803772
673,0.2459622025489807
674,0.609649658203125
675,0.4269663393497467
676,0.4412357807159424
677,0.5216971635818481
678,0.31070631742477417
679,0.47951701283454895
680,0.4894849359989166
681,0.6968501806259155
682,0.18535424768924713
683,0.5324229001998901
684,0.5227451324462891
685,0.4621012508869171
686,0.8125576972961426
687,0.5813639760017395
688,0.5947059988975525
689,0.38274937868118286
690,0.7069591879844666
691,0.2692112326622009
692,0.43510332703590393
693,0.19333668053150177
694,0.3160424828529358
695,0.38259461522102356
696,0.5720613598823547
697,0.28933969140052795
698,0.407281756401062
699,0.2963393032550812
700,0.5986560583114624
701,-0.013832354918122292
702,0.3359302878379822
703,0.42821165919303894
704,0.3850642442703247
705,0.34355655312538147
706,0.22139817476272583
707,0.6973453760147095
708,0.4717479348182678
709,0.6848378777503967
710,0.5240469574928284
711,0.5408647060394287
712,0.44303393363952637
713,0.2579006552696228
714,0.40264418721199036
715,0.49217498302459717
716,0.6203424334526062
717,0.5709291100502014
718,0.4917629063129425
719,0.5801360607147217
720,0.405642569065094
721,0.4757908880710602
722,0.050788044929504395
723,0.3440118134021759
724,0.43779289722442627
725,0.4081116020679474
726,0.5916991233825684
727,0.07162479311227798
728,0.5740497708320618
729,0.4945168197154999
730,0.45216983556747437
731,0.5670753121376038
732,0.6266918182373047
733,0.34877774119377136
734,0.43903762102127075
735,0.6548355221748352
736,0.43384116888046265
737,0.35891857743263245
738,0.2819291949272156
739,0.4152768552303314
740,0.4626733660697937
741,0.4512506425380707
742,0.7185497879981995
743,0.7027615308761597
744,0.49654605984687805
745,0.44401949644088745
746,0.5253536701202393
747,0.30112209916114807
748,0.47961562871932983
749,0.7154657244682312
750,0.29431378841400146
751,0.42662152647972107
752,0.3487209379673004
753,0.6122044920921326
754,0.542647123336792
755,0.4862028956413269
756,0.5944810509681702
757,0.7647362351417542
758,0.08422064036130905
759,0.4495016634464264
760,0.5212029814720154
761,0.48319387435913086
762,0.2933940589427948
763,0.3976247012615204
764,0.4717724323272705
765,0.5578845739364624
766,0.4651894271373749
767,0.5605286955833435
768,0.5755714178085327
769,0.5875170826911926
770,0.18659594655036926
771,0.27065223455429077
772,0.16426460444927216
773,0.46820831298828125
774,0.47820714116096497
775,0.6160213947296143
776,0.40254226326942444
777,0.3078523576259613
778,0.7360394597053528
779,0.467765748500824
780,0.5644712448120117
781,0.5441223382949829
782,0.6441844701766968
783,0.4394642114639282
784,0.270977258682251
785,0.5332037210464478
786,0.7571660876274109
787,0.1923774629831314
788,0.2655106782913208
789,0.4881022572517395
790,0.5887333750724792
791,0.48289281129837036
792,0.49214404821395874
793,0.36751893162727356
794,0.08678838610649109
795,0.5019582509994507
796,0.32936519384384155
797,0.45549720525741577
798,0.5175387263298035
799,0.5951038002967834
800,0.7850573658943176
801,0.46583878993988037
802,0.4158552587032318
803,0.7321059107780457
804,0.5770828723907471
805,0.3872062563896179
806,0.3286536931991577
807,0.37101954221725464
808,0.5499001741409302
809,0.49521583318710327
810,0.501098096370697
811,0.49293065071105957
812,0.37425559759140015
813,0.3342655599117279
814,0.487810879945755
815,0.5039272308349609
816,0.49973565340042114
817,0.46067047119140625
818,0.5558180809020996
819,0.37737080454826355
820,0.42733100056648254
821,0.4529658854007721
822,0.5668628215789795
823,0.29869723320007324
824,0.6281093955039978
825,0.45760366320610046
826,0.2851749360561371
827,0.3392183482646942
828,0.5108118057250977
829,0.5610628724098206
830,0.39566466212272644
831,0.21266092360019684
832,0.451302707195282
833,0.52897709608078
834,0.6906278729438782
835,0.47154074907302856
836,0.23662981390953064
837,0.5372608304023743
838,0.3326435387134552
839,0.41769105195999146
840,0.5246371626853943
841,0.44668272137641907
842,0.5306285619735718
843,0.5309125185012817
844,0.24961091578006744
845,0.36028313636779785
846,0.5459861159324646
847,0.6853960752487183
848,0.6791845560073853
849,0.6740778088569641
850,0.3863632380962372
851,0.5178261399269104
852,0.4102769196033478
853,0.2172098159790039
854,0.4669798016548157
855,0.5918899178504944
856,0.196881964802742
857,0.4308629035949707
858,0.4407386779785156
859,0.4265139400959015
860,0.49204114079475403
861,0.3696415424346924
862,0.2875009775161743
863,0.5433684587478638
864,0.7214882373809814
865,0.32314765453338623
866,0.4224981367588043
867,0.6112947463989258
868,0.4275161623954773
869,0.5698959827423096
870,0.5855536460876465
871,0.307895690202713
872,0.1976422667503357
873,0.4871186912059784
874,0.4124908149242401
875,0.6004475355148315
876,0.4332496225833893
877,0.5018777847290039
878,0.32791224122047424
879,0.4474945366382599
880,0.4979807734489441
881,0.6309900283813477
882,0.07358373701572418
883,0.4108465015888214
884,0.3632439374923706
885,0.596252977848053
886,0.5456260442733765
887,0.48094961047172546
888,0.4977499842643738
889,0.5655413866043091
890,0.23395705223083496
891,0.549645185470581
892,0.2629551589488983
893,0.2503734827041626
894,0.14042386412620544
895,0.5285014510154724
896,0.41060373187065125
897,0.20822137594223022
898,0.1731761395931244
899,0.02636161632835865
900,0.6790356040000916
901,0.5168709754943848
902,0.17037269473075867
903,0.4992467761039734
904,0.6276351809501648
905,0.5246503949165344
906,0.4576926529407501
907,0.5935174226760864
908,0.22269389033317566
909,0.5357012748718262
910,0.38574090600013733
911,0.3906610906124115
912,0.5364059209823608
913,0.17666271328926086
914,0.5346885919570923
915,0.17429836094379425
916,0.2765340507030487
917,0.27057895064353943
918,0.0960521548986435
919,0.35858091711997986
920,0.3776445686817169
921,0.6997769474983215
922,0.511917769908905
923,0.6939277052879333
924,0.11671683937311172
925,0.33064278960227966
926,0.46110713481903076
927,0.15017209947109222
928,0.5920063853263855
929,0.5074380040168762
930,0.3665279448032379
931,0.3317875862121582
932,0.274387001991272
933,0.5363654494285583
934,0.5952327251434326
935,0.6234391331672668
936,0.3598608672618866
937,0.5101020932197571
938,0.07839231938123703
939,0.34592175483703613
940,0.45747441053390503
941,0.5392271876335144
942,0.48674559593200684
943,0.37473422288894653
944,0.5014368295669556
945,0.18594840168952942
946,0.4355606734752655
947,0.18728914856910706
948,0.4486534595489502
949,0.5388611555099487
950,0.21680888533592224
951,0.7540566325187683
952,0.732026994228363
953,0.021965662017464638
954,0.6153103113174438
955,0.46738290786743164
956,0.6063531637191772
957,0.26926541328430176
958,0.4029422700405121
959,0.18168999254703522
960,0.23403063416481018
961,0.6449456214904785
962,0.3857515752315521
963,0.3669169843196869
964,0.5411195755004883
965,0.5842974185943604
966,0.6407307386398315
967,0.2692022919654846
968,0.11321249604225159
969,0.3332027494907379
970,0.39203035831451416
971,0.35442307591438293
972,0.2661840319633484
973,0.4746060371398926
974,0.44492271542549133
975,0.4936509132385254
976,0.283010333776474
977,0.30330586433410645
978,0.34425386786460876
979,0.4209471046924591
980,0.3654850125312805
981,0.27454549074172974
982,0.4779687523841858
983,0.18411585688591003
984,0.47456493973731995
985,0.25935059785842896
986,0.293294221162796
987,0.7023882865905762
988,0.4932423532009125
989,0.2830524444580078
990,0.38027799129486084
991,0.4670211374759674
992,0.461271733045578
993,0.5234425067901611
994,0.5109193921089172
995,0.48246487975120544
996,0.6001108288764954
997,0.6509971618652344
998,0.6735076308250427
999,0.41120922565460205
1000,0.529827892780304
1001,0.18775993585586548
1002,0.4205603003501892
1003,0.28246212005615234
1004,0.26230570673942566
1005,0.3799707293510437
1006,0.39157742261886597
1007,0.46087661385536194
1008,0.5339585542678833
1009,0.5973135232925415
1010,0.7238177061080933
1011,0.25738492608070374
1012,0.6193661689758301
1013,0.5107973217964172
1014,0.39939820766448975
1015,0.3370056450366974
1016,0.6287927031517029
1017,0.3895685374736786
1018,0.37687450647354126
1019,0.22868669033050537
1020,0.4159824550151825
1021,0.3705539405345917
1022,0.4885123670101166
1023,0.24602046608924866
1024,0.42467615008354187
1025,0.6748785376548767
1026,0.21470949053764343
1027,0.44109970331192017
1028,0.3838929235935211
1029,0.37364375591278076
1030,0.45384058356285095
1031,0.3732151389122009
1032,0.5459097027778625
1033,0.44767773151397705
1034,0.08834387362003326
1035,0.5662686824798584
1036,0.6536667346954346
1037,0.636947512626648
1038,0.408081978559494
1039,0.2306770533323288
1040,0.19401897490024567
1041,0.42762401700019836
1042,0.27753710746765137
1043,0.5137150883674622
1044,0.533442497253418
1045,0.24692369997501373
1046,0.06538183242082596
1047,0.5293492674827576
1048,0.5657688975334167
1049,0.17225047945976257
1050,0.550086498260498
1051,0.38439705967903137
1052,0.18625596165657043
1053,0.6137636303901672
1054,0.5328947305679321
1055,0.3201959431171417
1056,0.7187562584877014
1057,0.12765464186668396
1058,0.43092605471611023
1059,0.23522785305976868
1060,0.37725499272346497
1061,0.5532472729682922
1062,0.4401402473449707
1063,0.14892850816249847
1064,0.5679538249969482
1065,0.5275165438652039
1066,0.2804480493068695
1067,0.4267333745956421
1068,0.4645451307296753
1069,0.4056682586669922
1070,0.24621891975402832
1071,0.23491644859313965
1072,0.3155827522277832
1073,0.12238574028015137
1074,0.6358540654182434
1075,0.4846338927745819
1076,0.3458923101425171
1077,0.3500829339027405
1078,0.6054902076721191
1079,0.7478742003440857
1080,0.6438068151473999
1081,0.13997407257556915
1082,0.43997353315353394
1083,0.39672189950942993
1084,0.5623887777328491
1085,0.3990263044834137
1086,0.27860283851623535
1087,0.3758258521556854
1088,0.35831528902053833
1089,0.5137587785720825
1090,0.3329448699951172
1091,0.4684080481529236
1092,0.24893933534622192
1093,0.443924218416214
1094,0.4254305064678192
1095,0.46153026819229126
1096,0.4348571300506592
1097,0.569348156452179
1098,0.5184838771820068
1099,0.4002164304256439
1100,0.563890814781189
1101,0.2608228921890259
1102,0.4170900285243988
1103,0.5354412794113159
1104,0.4821437895298004
1105,0.4405433237552643
1106,0.4577024579048157
1107,0.5997766256332397
1108,0.1439630687236786
1109,0.48632246255874634
1110,0.42024731636047363
1111,0.7070596218109131
1112,0.5040592551231384
1113,0.2031610906124115
1114,0.3854216933250427
1115,0.5184808373451233
1116,0.43625229597091675
1117,0.22650225460529327
1118,0.390346884727478
1119,0.5139274597167969
1120,0.5274071097373962
1121,0.46094757318496704
1122,0.6053295135498047
1123,0.36171412467956543
1124,0.18165378272533417
1125,0.38473427295684814
1126,0.5470162630081177
1127,0.40701472759246826
1128,0.4540204703807831
1129,0.27617934346199036
1130,0.39704108238220215
1131,0.44706159830093384
1132,0.5867202281951904
1133,0.5673801302909851
1134,0.565375804901123
1135,0.4295528829097748
1136,0.2813858389854431
1137,0.4859285056591034
1138,0.33324071764945984
1139,0.5317136645317078
1140,0.4091019928455353
1141,0.22338727116584778
1142,0.1630396693944931
1143,0.3108691871166229
1144,0.6058697700500488
1145,0.5862947702407837
1146,0.4970558285713196
1147,0.4254036545753479
1148,0.5182173252105713
1149,0.5675818920135498
1150,0.6811795234680176
1151,0.5321908593177795
1152,0.3641107976436615
1153,0.5517597198486328
1154,0.577010989189148
1155,0.3565931022167206
1156,0.571140706539154
1157,0.3141162395477295
1158,0.12797319889068604
1159,0.1954953670501709
1160,0.47809794545173645
1161,0.42366811633110046
1162,0.33235353231430054
1163,0.17036668956279755
1164,0.3627147078514099
1165,0.8030140995979309
1166,0.367114394903183
1167,0.35908886790275574
1168,0.19704321026802063
1169,0.6259276270866394
1170,0.4778803288936615
1171,0.39209967851638794
1172,0.4953538179397583
1173,0.45849794149398804
1174,0.5636537671089172
1175,0.14069359004497528
1176,0.4962063431739807
1177,0.5275310277938843
1178,0.6099658012390137
1179,0.3675401508808136
1180,0.35352638363838196
1181,0.7892982959747314
1182,0.2254706472158432
1183,0.19138851761817932
1184,0.5481244325637817
1185,0.32463082671165466
1186,0.20638741552829742
1187,0.3640631139278412
1188,0.5033954381942749
1189,0.7205907106399536
1190,0.5054609179496765
1191,0.4354803264141083
1192,0.4236210286617279
1193,0.2049320936203003
1194,0.04293982684612274
1195,0.3507828116416931
1196,0.5531683564186096
1197,0.43497517704963684
1198,0.35890185832977295
1199,0.6457542777061462
1200,0.18286734819412231
1201,0.5326850414276123
1202,0.4475918412208557
1203,0.29440322518348694
1204,0.5219430923461914
1205,0.42328986525535583
1206,0.6369777917861938
1207,0.3291243314743042
1208,0.22601938247680664
1209,0.20500177145004272
1210,0.4645463824272156
1211,0.43107298016548157
1212,0.32298699021339417
1213,0.5663391351699829
1214,0.6451975703239441
1215,0.641484260559082
1216,0.31781667470932007
1217,0.19783492386341095
1218,0.4105386734008789
1219,0.5351656675338745
1220,0.3585585951805115
1221,0.6391968727111816
1222,0.19545578956604004
1223,0.4351749122142792
1224,0.7071909308433533
1225,0.6612687706947327
1226,0.24317722022533417
1227,0.4818846583366394
1228,0.38834214210510254
1229,0.28116855025291443
1230,0.44038793444633484
1231,0.21104630827903748
1232,0.14137880504131317
1233,0.43836668133735657
1234,0.48738977313041687
1235,0.41402262449264526
1236,0.48023316264152527
1237,0.36051562428474426
1238,0.5885442495346069
1239,0.3973369002342224
1240,0.5737044811248779
1241,0.40094852447509766
1242,0.19348330795764923
1243,0.48851314187049866
1244,0.36399516463279724
1245,0.5435846447944641
1246,0.07641945034265518
1247,0.5094525218009949
1248,0.45440956950187683
1249,0.51875901222229
1250,0.34895074367523193
1251,0.29495108127593994
1252,0.49899056553840637
1253,0.5310259461402893
1254,0.4907972514629364
1255,0.40686920285224915
1256,0.4223678708076477
1257,0.580651581287384
1258,0.6200929880142212
1259,0.5232579112052917
1260,0.38415059447288513
1261,0.6904707551002502
1262,0.6702065467834473
1263,0.505514919757843
1264,0.6231281757354736
1265,0.22956080734729767
1266,0.3064342141151428
1267,0.2973644733428955
1268,0.5344570279121399
1269,0.28316959738731384
1270,0.6178432106971741
1271,0.37761273980140686
1272,0.5015414953231812
1273,0.42142781615257263
1274,0.12037759274244308
1275,0.4826652407646179
1276,0.13408219814300537
1277,0.5317046046257019
1278,0.2677984833717346
1279,0.3632669150829315
1280,0.54273921251297
1281,0.7083878517150879
1282,0.32517462968826294
1283,0.6025304198265076
1284,0.580946683883667
1285,0.4687032103538513
1286,0.4318990707397461
1287,0.1129421517252922
1288,0.48848146200180054
1289,0.43255844712257385
1290,0.40644121170043945
1291,0.29333245754241943
1292,0.6274105310440063
1293,0.5013293027877808
1294,0.6829507350921631
1295,0.5255821943283081
1296,0.2583734393119812
1297,0.2508049011230469
1298,0.32911190390586853
1299,0.5541166663169861
1300,0.36300572752952576
1301,0.4933912456035614
1302,0.19882984459400177
1303,0.5523024797439575
1304,0.14761096239089966
1305,0.24392685294151306
1306,0.23063160479068756
1307,0.3961942791938782
1308,0.4672592878341675
1309,0.4200291037559509
1310,0.2393365502357483
1311,0.3621012568473816
1312,0.37387704849243164
1313,0.2503032684326172
1314,0.44794490933418274
1315,0.4874207079410553
1316,0.35088789463043213
1317,0.4031063914299011
1318,0.345120370388031
1319,0.279067724943161
1320,0.3813384175300598
1321,0.37188810110092163
1322,0.32891717553138733
1323,0.4318031370639801
1324,0.7211554050445557
1325,0.3461727797985077
1326,0.6111491918563843
1327,0.4743596911430359
1328,0.5101548433303833
1329,0.4161846935749054
1330,0.5885201692581177
1331,0.3407522141933441
1332,0.37468039989471436
1333,0.3671495020389557
1334,0.49923691153526306
1335,0.3717823326587677
1336,0.4748130440711975
1337,0.4131885766983032
1338,0.2860037088394165
1339,0.17549389600753784
1340,0.3773307800292969
1341,0.40601810812950134
1342,0.6846039295196533
1343,0.3488263785839081
1344,0.30006998777389526
1345,0.5417302846908569
1346,0.5732004642486572
1347,0.5733304023742676
1348,0.37821364402770996
1349,0.18804225325584412
1350,0.35657066106796265
1351,0.3189951479434967
1352,0.4452122449874878
1353,0.42061489820480347
1354,0.348751962184906
1355,0.267981618642807
1356,0.31818529963493347
1357,0.5634422898292542
1358,0.33775392174720764
1359,0.23989969491958618
1360,0.5176883339881897
1361,0.11213260143995285
1362,0.44979050755500793
1363,0.6757303476333618
1364,0.15430133044719696
1365,0.3670990765094757
1366,0.3489365577697754
1367,0.2730500102043152
1368,0.5215533971786499
1369,0.46227937936782837
1370,0.19023247063159943
1371,0.20048880577087402
1372,0.256093293428421
1373,0.26506173610687256
1374,0.6168355941772461
1375,0.34841668605804443
1376,0.4223175346851349
1377,0.653720498085022
1378,0.47809872031211853
1379,0.7153759598731995
1380,0.2890828251838684
1381,0.4187256991863251
1382,0.22121396660804749
1383,0.5477078557014465
1384,0.229373037815094
1385,0.13944213092327118
1386,0.6188732981681824
1387,0.5786730051040649
1388,0.20570939779281616
1389,0.37775206565856934
1390,0.441994309425354
1391,0.5549951195716858
1392,0.6351878643035889
1393,0.14631254971027374
1394,0.33438605070114136
1395,0.6058284640312195
1396,0.5714976787567139
1397,0.2088649719953537
1398,0.8193402290344238
1399,0.5622119903564453
1400,0.6988218426704407
1401,0.3669168949127197
1402,0.6846981644630432
1403,0.44193994998931885
1404,0.13614718616008759
1405,0.5676734447479248
1406,0.46332111954689026
1407,0.46012935042381287
1408,0.22050440311431885
1409,0.6566104292869568
1410,0.3185122311115265
1411,0.44902700185775757
1412,0.3047938048839569
1413,0.41601601243019104
1414,0.36890530586242676
1415,0.3183739483356476
1416,0.4490855038166046
1417,0.3530082106590271
1418,0.12100514024496078
1419,0.16307750344276428
1420,0.5088042616844177
1421,0.38586050271987915
1422,0.2917563021183014
1423,0.3088623881340027
1424,0.5318828821182251
1425,0.12499744445085526
1426,0.4283689856529236
1427,0.7210087776184082
1428,0.42932403087615967
1429,0.5279795527458191
1430,0.3754713535308838
1431,0.2474607229232788
1432,0.16683700680732727
1433,0.16432996094226837
1434,0.5188978910446167
1435,0.2887625992298126
1436,0.5685393810272217
1437,0.657115638256073
1438,0.329332560300827
1439,0.38780656456947327
1440,0.6729109287261963
1441,0.4583896994590759
1442,0.26447996497154236
1443,0.5676850080490112
1444,0.4913736879825592
1445,0.4215719997882843
1446,0.4035133421421051
1447,0.4707227349281311
1448,0.13282831013202667
1449,0.4435878396034241
1450,0.4763046205043793
1451,0.3196928799152374
1452,0.1107187494635582
1453,0.39182284474372864
1454,0.31492504477500916
1455,0.48883605003356934
1456,0.35559526085853577
1457,0.5674384236335754
1458,0.3508591055870056
1459,0.5827310085296631
1460,0.5211960673332214
1461,0.5972694158554077
1462,0.47625523805618286
1463,0.3084876537322998
1464,0.7437671422958374
1465,0.5281338691711426
1466,0.33018308877944946
1467,0.2200949490070343
1468,0.36665382981300354
1469,0.3356165587902069
1470,0.743476390838623
1471,0.47369977831840515
1472,0.17250381410121918
1473,0.4420683979988098
1474,0.5408669114112854
1475,0.510711133480072
1476,0.5201824307441711
1477,0.3504828214645386
1478,0.2467128336429596
1479,0.44251665472984314
1480,0.3169459402561188
1481,0.3546994924545288
1482,0.6037464141845703
1483,0.5113303661346436
1484,0.26488927006721497
1485,0.4329988360404968
1486,0.19099633395671844
1487,0.4593174457550049
1488,0.304852157831192
1489,0.4698013961315155
1490,0.24272021651268005
1491,0.4135204553604126
1492,0.5210545063018799
1493,0.3062301576137543
1494,0.45865175127983093
1495,0.3541972041130066
1496,0.5445347428321838
1497,0.05337734520435333
1498,0.22725257277488708
1499,0.4560913145542145
1500,0.6478390693664551
1501,0.4392112195491791
1502,0.06059182807803154
1503,0.3834252953529358
1504,0.533681333065033
1505,0.18624751269817352
1506,0.5152696371078491
1507,0.34984755516052246
1508,0.24705861508846283
1509,0.5506645441055298
1510,0.4061006009578705
1511,0.4873882830142975
1512,0.23494407534599304
1513,0.20024970173835754
1514,0.345583438873291
1515,0.4456520676612854
1516,0.2994447350502014
1517,0.42650195956230164
1518,0.1352466344833374
1519,0.6443270444869995
1520,0.418196439743042
1521,0.3212507665157318
1522,0.4910934865474701
1523,0.3227555453777313
1524,0.480934739112854
1525,0.4114636778831482
1526,0.3213956356048584
1527,0.20169591903686523
1528,0.22437630593776703
1529,0.4903821051120758
1530,0.48437976837158203
1531,0.45921066403388977
1532,0.5150129795074463
1533,0.4258285462856293
1534,0.3691633939743042
1535,0.43498942255973816
1536,0.4886381924152374
1537,0.5005638599395752
1538,0.29605358839035034
1539,0.6592334508895874
1540,0.20233610272407532
1541,0.6520630121231079
1542,0.3307482600212097
1543,0.4543825089931488
1544,0.3162039816379547
1545,0.32541927695274353
1546,0.37242570519447327
1547,0.4800020456314087
1548,0.3985835611820221
1549,0.5733370184898376
1550,0.46945858001708984
1551,0.3255178928375244
1552,0.24045243859291077
1553,0.4036734402179718
1554,0.22117887437343597
1555,0.3694651424884796
1556,0.531019389629364
1557,0.4536582827568054
1558,0.15141470730304718
1559,0.2851572036743164
1560,0.46147286891937256
1561,0.3726365864276886
1562,0.46638983488082886
1563,0.6549038887023926
1564,0.8286752700805664
1565,0.4810279607772827
1566,0.6421167254447937
1567,0.4040316045284271
1568,0.4120066165924072
1569,0.34533828496932983
1570,0.3670378029346466
1571,0.3571320176124573
1572,0.24290725588798523
1573,0.18276210129261017
1574,0.46824681758880615
1575,0.39019984006881714
1576,0.4790027439594269
1577,0.47086039185523987
1578,0.3908587694168091
1579,0.4009822607040405
1580,0.5016126036643982
1581,0.24062040448188782
1582,0.2092711329460144
1583,0.4499106705188751
1584,0.4389966130256653
1585,0.40955570340156555
1586,0.1730489730834961
1587,0.4242143929004669
1588,0.7526911497116089
1589,0.5014485120773315
1590,0.42095956206321716
1591,0.18741565942764282
1592,0.6136124730110168
1593,0.5965855121612549
1594,0.5400573015213013
1595,0.41358691453933716
1596,0.4158240258693695
1597,0.3622119724750519
1598,0.3206682503223419
1599,0.4699374735355377
1600,0.40460625290870667
1601,0.46814200282096863
1602,0.5447297096252441
1603,0.33986467123031616
1604,0.6301855444908142
1605,0.8544735908508301
1606,0.48564252257347107
1607,0.6482931971549988
1608,0.6211258769035339
1609,0.20804810523986816
1610,0.32274129986763
1611,0.5960569381713867
1612,0.691752552986145
1613,0.5287714600563049
1614,0.3162846565246582
1615,0.3683070242404938
1616,0.33460262417793274
1617,0.6742298007011414
1618,0.2252473384141922
1619,0.40689677000045776
1620,0.433361679315567
1621,0.46802982687950134
1622,0.4704470932483673
1623,0.32746413350105286
1624,0.09988211840391159
1625,0.6498459577560425
1626,0.28456786274909973
1627,0.5011104941368103
1628,0.2038368582725525
1629,0.19526411592960358
1630,0.42979755997657776
1631,0.4284602403640747
1632,0.5211809277534485
1633,0.5840489268302917
1634,0.4953753352165222
1635,0.5726756453514099
1636,0.5942820906639099
1637,0.4270557463169098
1638,0.6129665970802307
1639,0.40444475412368774
1640,0.44264230132102966
1641,0.2547058165073395
1642,0.4230387508869171
1643,0.22438989579677582
1644,0.6694662570953369
1645,0.3235878348350525
1646,0.4034082591533661
1647,0.5486159324645996
1648,0.7473732829093933
1649,0.4872715175151825
1650,0.47378864884376526
1651,0.0915960744023323
1652,0.5506872534751892
1653,0.43861836194992065
1654,0.2800927460193634
1655,0.6095994710922241
1656,0.17452198266983032
1657,0.5939378142356873
1658,0.503050684928894
1659,0.48808833956718445
1660,0.4627649486064911
1661,0.3756418526172638
1662,0.7413022518157959
1663,0.3305566906929016
1664,0.5258318185806274
1665,0.2342364341020584
1666,0.23910394310951233
1667,0.15606972575187683
1668,0.6046829223632812
1669,0.6603380441665649
1670,0.3415413498878479
1671,0.7074208855628967
1672,0.6844638586044312
1673,0.3325994908809662
1674,0.6535981297492981
1675,0.4531394839286804
1676,0.23052556812763214
1677,0.4707019329071045
1678,0.5398246049880981
1679,0.3446783721446991
1680,0.6695494651794434
1681,0.4624727666378021
1682,0.5609480738639832
1683,0.4829240143299103
1684,0.5039637684822083
1685,0.513838529586792
1686,0.674203097820282
1687,0.6544787883758545
1688,0.14853869378566742
1689,0.7324528098106384
1690,0.5554971098899841
1691,0.3089583218097687
1692,0.4222681522369385
1693,0.06887035071849823
1694,0.6505792140960693
1695,0.522915244102478
1696,0.2690710723400116
1697,0.23003515601158142
1698,0.2223302721977234
1699,0.29939115047454834
1700,0.38013651967048645
1701,0.5519067645072937
1702,0.37895315885543823
1703,0.3167261481285095
1704,-0.02428305707871914
1705,0.17917722463607788
1706,0.31303760409355164
1707,0.45732879638671875
1708,0.370820552110672
1709,0.3840197026729584
1710,0.3852251172065735
1711,0.4068368673324585
1712,0.6811597347259521
1713,0.2725276052951813
1714,0.18431374430656433
1715,0.30126747488975525
1716,0.43186673521995544
1717,0.08066591620445251
1718,0.34209731221199036
1719,0.21834586560726166
1720,0.24998866021633148
1721,0.15259303152561188
1722,0.06122773885726929
1723,0.6115562915802002
1724,0.27747803926467896
1725,0.38264259696006775
1726,0.2575950026512146
1727,0.3245841860771179
1728,0.45392701029777527
1729,0.39542824029922485
1730,0.6849850416183472
1731,0.438994437456131
1732,0.6401885747909546
1733,0.039078909903764725
1734,0.5003239512443542
1735,0.21499858796596527
1736,0.6466665863990784
1737,0.36862269043922424
1738,0.5655125975608826
1739,0.444375604391098
1740,0.2568051517009735
1741,0.5832636952400208
1742,0.32033786177635193
1743,0.5044530630111694
1744,0.3986358046531677
1745,0.5140062570571899
1746,0.5749316811561584
1747,0.3640578091144562
1748,0.6184011101722717
1749,0.40298932790756226
1750,0.4657866954803467
1751,0.4697434902191162
1752,0.5513210296630859
1753,0.3405259847640991
1754,0.3836362361907959
1755,0.30837568640708923
1756,0.4873727560043335
1757,0.747609555721283
1758,0.43156853318214417
1759,0.32948988676071167
1760,0.4174460768699646
1761,0.2394876927137375
1762,0.3293287754058838
1763,0.5490512251853943
1764,0.7534447908401489
1765,0.36515378952026367
1766,0.38765740394592285
1767,0.5861803889274597
1768,0.6819483041763306
1769,0.4508006274700165
1770,0.43294787406921387
1771,0.41372179985046387
1772,0.4664824903011322
1773,0.35317185521125793
1774,0.42491471767425537
1775,0.19473721086978912
1776,0.5768176913261414
1777,0.5221335291862488
1778,0.35063886642456055
1779,0.5773172974586487
1780,0.5681015849113464
1781,0.4850984215736389
1782,0.3900025188922882
1783,0.48648664355278015
1784,0.4525003433227539
1785,0.18909086287021637
1786,0.30523350834846497
1787,0.40715304017066956
1788,0.3061888813972473
1789,0.3987341523170471
1790,0.5489481091499329
1791,0.3172154128551483
1792,0.5992088913917542
1793,0.42956799268722534
1794,0.42817628383636475
1795,0.5211062431335449
1796,0.5449615120887756
1797,0.5203862190246582
1798,0.5754549503326416
1799,0.37883344292640686
1800,0.5027308464050293
1801,0.2763338088989258
1802,0.5057127475738525
1803,0.5204119682312012
1804,0.5460036993026733
1805,0.47392523288726807
1806,0.7165552973747253
1807,0.46798190474510193
1808,0.26152926683425903
1809,0.28934285044670105
1810,0.15600623190402985
1811,0.19880765676498413
1812,0.31558799743652344
1813,0.337359756231308
1814,0.4665031135082245
1815,0.4084816575050354
1816,0.5859801173210144
1817,0.5775421261787415
1818,0.18300336599349976
1819,0.2735884189605713
1820,0.5634400248527527
1821,0.47698014974594116
1822,0.6455488204956055
1823,0.277407169342041
1824,-0.027419153600931168
1825,0.5512697100639343
1826,0.3959725797176361
1827,0.5501499176025391
1828,0.43731531500816345
1829,0.43499964475631714
1830,0.5996574759483337
1831,0.3175657093524933
1832,0.3535842001438141
1833,0.20450520515441895
1834,0.3576993942260742
1835,0.8129596710205078
1836,0.23673586547374725
1837,0.40831565856933594
1838,0.5666593313217163
1839,0.03781495615839958
1840,0.3474183678627014
1841,0.2525428533554077
1842,0.474545955657959
1843,0.6654977202415466
1844,0.6639098525047302
1845,0.6050031185150146
1846,0.2672508656978607
1847,0.4810938537120819
1848,0.484017938375473
1849,0.4801309108734131
1850,0.5147795081138611
1851,0.5727892518043518
1852,0.19841542840003967
1853,0.43157172203063965
1854,0.558135449886322
1855,0.613551914691925
1856,0.7564642429351807
1857,0.5483028292655945
1858,0.446999728679657
1859,0.6440034508705139
1860,0.4291521906852722
1861,0.6305954456329346
1862,0.35014161467552185
1863,0.37837183475494385
1864,0.44053658843040466
1865,0.3776709735393524
1866,0.21477222442626953
1867,0.5413253903388977
1868,0.1958325207233429
1869,0.6250633597373962
1870,0.466757208108902
1871,0.4970620274543762
1872,0.7396175265312195
1873,0.5371291637420654
1874,0.25610581040382385
1875,0.38315725326538086
1876,0.7839776873588562
1877,0.31685277819633484
1878,0.29484930634498596
1879,0.6916322708129883
1880,0.28644612431526184
1881,0.4506322145462036
1882,0.22732140123844147
1883,0.057005543261766434
1884,0.5452603697776794
1885,0.27844560146331787
1886,0.32276490330696106
1887,0.4295283257961273
1888,0.4785862863063812
1889,0.46828600764274597
1890,0.4968174397945404
1891,0.40468594431877136
1892,0.20771759748458862
1893,0.7547850012779236
1894,0.40283912420272827
1895,0.12755919992923737
1896,0.2534685432910919
1897,0.15545876324176788
1898,0.523764431476593
1899,0.4919005334377289
1900,0.5827789902687073
1901,0.25152644515037537
1902,0.3855171799659729
1903,0.47758767008781433
1904,0.3073306381702423
1905,0.492946058511734
1906,0.4166363775730133
1907,0.4997161328792572
1908,0.498268723487854
1909,0.13641729950904846
1910,0.5153933763504028
1911,0.5292229056358337
1912,0.48633691668510437
1913,0.30254513025283813
1914,0.7018149495124817
1915,0.5016157627105713
1916,0.5324617028236389
1917,0.6811114549636841
1918,0.610255241394043
1919,0.4693651795387268
1920,0.3993932008743286
1921,0.1741967648267746
1922,0.45201006531715393
1923,0.40783068537712097
1924,0.19251997768878937
1925,0.5145756006240845
1926,0.30807167291641235
1927,0.5041347146034241
1928,0.49749666452407837
1929,0.5665221214294434
1930,0.2766919434070587
1931,0.38502582907676697
1932,0.4184894561767578
1933,0.4481472671031952
1934,0.056536395102739334
1935,0.39813387393951416
1936,0.2528824210166931
1937,0.5664482116699219
1938,0.5625712871551514
1939,0.41582587361335754
1940,-0.009369638748466969
1941,0.25953614711761475
1942,0.28829583525657654
1943,0.626525342464447
1944,0.43252208828926086
1945,0.2645021080970764
1946,0.5718124508857727
1947,0.2475535124540329
1948,0.7654865980148315
1949,0.36358365416526794
1950,0.6323065161705017
1951,0.4350229501724243
1952,0.14266552031040192
1953,0.5324866771697998
1954,0.42525720596313477
1955,0.650352418422699
1956,0.48694300651550293
1957,0.35762283205986023
1958,0.6995136737823486
1959,0.18779277801513672
1960,0.4506015181541443
1961,0.6457083821296692
1962,0.4268720746040344
1963,0.2957093417644501
1964,0.17826536297798157
1965,0.4646516740322113
1966,0.408727765083313
1967,0.32217371463775635
1968,0.22697202861309052
1969,0.41879183053970337
1970,0.6333741545677185
1971,0.6727759838104248
1972,0.48558327555656433
1973,0.4371594786643982
1974,0.5016894936561584
1975,0.4117613732814789
1976,0.23616527020931244
1977,0.5564917922019958
1978,0.4330441653728485
1979,0.5398277640342712
1980,0.3564284145832062
1981,0.6171057820320129
1982,0.23571856319904327
1983,0.4524236023426056
1984,0.6187500953674316
1985,0.4404827952384949
1986,0.6021605730056763
1987,0.42734813690185547
1988,0.6103700399398804
1989,0.592170000076294
1990,0.44218331575393677
1991,0.5024986267089844
1992,0.6138105392456055
1993,0.48546886444091797
1994,0.5916767716407776
1995,0.6109178066253662
1996,0.33673417568206787
1997,0.18600399792194366
1998,0.3592638671398163
1999,0.3087877333164215
2000,0.41365402936935425
2001,0.2962898015975952
2002,0.4262752830982208
2003,0.5154949426651001
2004,0.6281230449676514
2005,0.33491554856300354
2006,0.6249984502792358
2007,0.4154149889945984
2008,0.44539675116539
2009,0.48551902174949646
2010,0.4032067358493805
2011,0.2856194078922272
2012,0.5933910012245178
2013,0.19366241991519928
2014,0.32726117968559265
2015,0.6278849840164185
2016,0.40126898884773254
2017,0.26866304874420166
2018,0.517145037651062
2019,0.3744266629219055
2020,0.01561772357672453
2021,0.4914713203907013
2022,0.25757062435150146
2023,0.3742046654224396
2024,0.473296195268631
2025,0.5703412890434265
2026,0.2694318890571594
2027,0.4398781955242157
2028,0.4810289442539215
2029,0.5979803204536438
2030,0.49730023741722107
2031,0.43771278858184814
2032,0.5036452412605286
2033,0.3525143265724182
2034,0.46179184317588806
2035,0.6270241737365723
2036,0.7292267680168152
2037,0.3043593466281891
2038,0.7715720534324646
2039,0.6457023620605469
2040,0.5759562253952026
2041,0.33867886662483215
2042,0.4361017346382141
2043,0.5260646343231201
2044,0.3371550440788269
2045,0.2852577567100525
2046,0.5542355179786682
2047,0.2703816890716553
2048,0.4654249846935272
2049,0.2776626646518707
2050,0.522411048412323
2051,0.697327196598053
2052,0.6155186295509338
2053,0.07936692982912064
2054,0.5509186387062073
2055,0.757800281047821
2056,0.48971545696258545
2057,0.47988221049308777
2058,0.32172083854675293
2059,0.6493618488311768
2060,0.3717831075191498
2061,0.49908438324928284
2062,0.49296003580093384
2063,0.6400617361068726
2064,0.4688139259815216
2065,0.6233406066894531
2066,0.38445207476615906
2067,0.5099453926086426
2068,0.33538204431533813
2069,0.4795364737510681
2070,0.7639330625534058
2071,0.2800511121749878
2072,0.22671349346637726
2073,0.3944302499294281
2074,0.770399272441864
2075,0.5265141725540161
2076,0.6815861463546753
2077,0.32446226477622986
2078,0.5234576463699341
2079,0.49062177538871765
2080,0.7404940128326416
2081,0.41135480999946594
2082,0.1985669881105423
2083,0.39026859402656555
2084,0.3738560676574707
2085,0.548427939414978
2086,0.4805912673473358
2087,0.42287060618400574
2088,0.2488456815481186
2089,0.4428555965423584
2090,0.5026490688323975
2091,0.11126559227705002
2092,0.28149834275245667
2093,0.36840325593948364
2094,0.6496405601501465
2095,0.5237755179405212
2096,0.2603444457054138
2097,0.6054176688194275
2098,0.38958096504211426
2099,0.4131110906600952
2100,0.1485922932624817
2101,0.3322414457798004
2102,0.28012219071388245
2103,0.32598116993904114
2104,0.2729496359825134
2105,0.3832293748855591
2106,0.5111371278762817
2107,0.41987794637680054
2108,0.47400808334350586
2109,0.42541226744651794
2110,0.40542760491371155
2111,0.5442687273025513
2112,0.45103099942207336
2113,0.3813079595565796
2114,0.3565104901790619
2115,0.5699648261070251
2116,0.2767817974090576
2117,0.06527311354875565
2118,0.4832351505756378
2119,0.4673372805118561
2120,0.21590469777584076
2121,0.4131143391132355
2122,0.631823718547821
2123,0.38772618770599365
2124,0.5104166269302368
2125,0.4899365305900574
2126,0.1955336183309555
2127,0.2465851753950119
2128,0.5046494603157043
2129,0.3438740074634552
2130,0.5387099385261536
2131,0.4883783161640167
2132,0.44574955105781555
2133,0.4991801381111145
2134,0.35565152764320374
2135,0.25973236560821533
2136,0.4422056972980499
2137,0.6199127435684204
2138,0.23868724703788757
2139,0.6574939489364624
2140,0.44050902128219604
2141,0.1149832233786583
2142,0.022388380020856857
2143,0.2379196584224701
2144,0.40610435605049133
2145,0.4560732841491699
2146,0.4003765881061554
2147,0.3670240044593811
2148,0.04290679097175598
2149,0.41524913907051086
2150,0.6359241604804993
2151,0.31444576382637024
2152,0.43415388464927673
2153,0.0728222131729126
2154,0.4400881230831146
2155,0.6851065158843994
2156,0.5983474254608154
2157,0.6424858570098877
2158,0.47713348269462585
2159,0.7056165337562561
2160,0.25918006896972656
2161,0.5802199840545654
2162,0.33241885900497437
2163,0.0012485642218962312
2164,0.6810821890830994
2165,0.13435131311416626
2166,0.46453598141670227
2167,0.5995078682899475
2168,0.2158159762620926
2169,0.49435919523239136
2170,0.24966536462306976
2171,0.6010281443595886
2172,0.41677895188331604
2173,0.5472654104232788
2174,0.022337904199957848
2175,0.4609365463256836
2176,0.5125381350517273
2177,0.38155797123908997
2178,0.35992681980133057
2179,0.25660842657089233
2180,0.24857425689697266
2181,0.4468831419944763
2182,0.44895270466804504
2183,0.2349817454814911
2184,0.29057809710502625
2185,0.12660807371139526
2186,0.32386064529418945
2187,0.4808008074760437
2188,0.14760974049568176
2189,0.3694640100002289
2190,0.229034423828125
2191,0.3969494700431824
2192,0.5890488624572754
2193,0.47829779982566833
2194,0.38473984599113464
2195,0.529886782169342
2196,0.4606570899486542
2197,0.4478650987148285
2198,0.41551724076271057
2199,0.4075062572956085
2200,0.2852029502391815
2201,0.2917509973049164
2202,0.5269677639007568
2203,0.5835208296775818
2204,0.631818950176239
2205,0.06400054693222046
2206,0.6360177993774414
2207,0.6067191362380981
2208,0.3068465292453766
2209,0.37299808859825134
2210,0.28889861702919006
2211,0.35555386543273926
2212,0.1933278888463974
2213,0.6350191235542297
2214,0.41919004917144775
2215,0.3341650366783142
2216,0.49618107080459595
2217,0.4245879352092743
2218,0.3423601984977722
2219,0.7444554567337036
2220,0.4725174605846405
2221,0.3864133954048157
2222,0.3091864287853241
2223,0.6441714763641357
2224,0.6978530287742615
2225,0.6265161633491516
2226,0.24907074868679047
2227,0.5389915704727173
2228,0.17641574144363403
2229,0.48836496472358704
2230,0.28670716285705566
2231,0.3148205280303955
2232,0.6121333837509155
2233,0.6142971515655518
2234,0.2812666893005371
2235,0.19814732670783997
2236,0.5761858224868774
2237,0.5654759407043457
2238,0.23753251135349274
2239,0.6342542767524719
2240,0.2866664230823517
2241,-0.044921889901161194
2242,0.29790470004081726
2243,0.38640284538269043
2244,0.6220617890357971
2245,0.6631501317024231
2246,0.4797500967979431
2247,0.29112446308135986
2248,0.4491367042064667
2249,0.22922377288341522
2250,0.32504457235336304
2251,0.4501395523548126
2252,0.647788405418396
2253,0.6417527198791504
2254,0.43694624304771423
2255,0.3653315305709839
2256,0.5018920302391052
2257,0.4497564136981964
2258,0.40369075536727905
2259,0.5254449248313904
2260,0.2676120102405548
2261,0.16699297726154327
2262,0.389495849609375
2263,0.816072940826416
2264,0.4961906373500824
2265,0.7175631523132324
2266,0.4397730231285095
2267,0.5334069728851318
2268,0.49852022528648376
2269,0.32426247000694275
2270,0.3069685995578766
2271,0.548799991607666
2272,0.2742016315460205
2273,0.6252316236495972
2274,0.46629491448402405
2275,0.3905290365219116
2276,0.6300040483474731
2277,0.36531779170036316
2278,0.4569886028766632
2279,0.3712649941444397
2280,0.4769465923309326
2281,0.5357012748718262
2282,0.07746630907058716
2283,0.06711619347333908
2284,0.2344062179327011
2285,0.788771390914917
2286,0.4283568263053894
2287,0.41963911056518555
2288,0.296723872423172
2289,0.6429631114006042
2290,0.411672443151474
2291,0.21884571015834808
2292,0.3812748193740845
2293,0.4454241096973419
2294,0.458953857421875
2295,0.3433767557144165
2296,0.4149557054042816
2297,0.4874098598957062
2298,0.3978085517883301
2299,0.1635485142469406
2300,0.36477312445640564
2301,0.6984609961509705
2302,0.1949569284915924
2303,0.3054428696632385
2304,0.3192475438117981
2305,0.1611354947090149
2306,0.36351490020751953
2307,0.7201780676841736
2308,0.21710294485092163
2309,0.4753476679325104
2310,0.6474187970161438
2311,0.3536706268787384
2312,0.6753928065299988
2313,0.2969120144844055
2314,0.3792380690574646
2315,0.5805701613426208
2316,0.5259023308753967
2317,0.5294337272644043
2318,0.1781032532453537
2319,0.3765593469142914
2320,0.35479024052619934
2321,0.3265998363494873
2322,0.5117643475532532
2323,0.5923573970794678
2324,0.15664447844028473
2325,0.38910964131355286
2326,0.5762590765953064
2327,0.476126104593277
2328,0.4148629307746887
2329,0.4289468228816986
2330,0.24482548236846924
2331,0.48305970430374146
2332,0.5673603415489197
2333,0.6015658378601074
2334,0.3432008922100067
2335,0.4304991364479065
2336,0.3357381522655487
2337,0.19999784231185913
2338,0.41940000653266907
2339,0.4025733470916748
2340,0.4544825553894043
2341,0.3945140540599823
2342,0.6611410975456238
2343,0.37016627192497253
2344,0.33890390396118164
2345,0.46029841899871826
2346,0.270706444978714
2347,0.3388313353061676
2348,0.33924609422683716
2349,0.3322712779045105
2350,0.4073758125305176
2351,0.3657361567020416
2352,0.338532954454422
2353,0.4485892951488495
2354,0.3656197488307953
2355,0.3561173975467682
2356,0.2687985599040985
2357,0.694085955619812
2358,0.33906251192092896
2359,0.314675897359848
2360,0.6323698163032532
2361,0.30456000566482544
2362,0.2964349389076233
2363,0.29916805028915405
2364,0.5656896829605103
2365,0.286276638507843
2366,0.5115333795547485
2367,0.43069812655448914
2368,0.4408259987831116
2369,0.41596218943595886
2370,0.5358556509017944
2371,0.4957236647605896
2372,0.3811418414115906
2373,0.3736296594142914
2374,0.4175858497619629
2375,0.5649316310882568
2376,0.3585087060928345
2377,0.25890493392944336
2378,0.40442606806755066
2379,0.59791100025177
2380,0.6445838212966919
2381,0.3117310106754303
2382,0.6157270073890686
2383,0.48399072885513306
2384,0.4393761456012726
2385,0.16457515954971313
2386,0.4622836410999298
2387,0.10315673053264618
2388,0.07885000109672546
2389,0.08548436313867569
2390,0.456333190202713
2391,0.44703012704849243
2392,0.43754246830940247
2393,0.46150901913642883
2394,0.5085731744766235
2395,0.35193970799446106
2396,0.5611540675163269
2397,0.31288015842437744
2398,0.16040471196174622
2399,0.5342406034469604
2400,0.15930283069610596
2401,0.5722954869270325
2402,0.48040109872817993
2403,0.3699772357940674
2404,0.5702705979347229
2405,0.6463243365287781
2406,0.4142259955406189
2407,0.17557768523693085
2408,0.42321592569351196
2409,0.5522724986076355
2410,0.4556173086166382
2411,0.19970090687274933
2412,0.623785674571991
2413,0.6394155621528625
2414,0.19091981649398804
2415,0.49402669072151184
2416,0.46584880352020264
2417,0.6275273561477661
2418,0.5118113160133362
2419,0.3956051468849182
2420,0.25629687309265137
2421,0.4517534375190735
2422,0.3356374502182007
2423,0.27034932374954224
2424,0.13640110194683075
2425,0.41948381066322327
2426,0.28002992272377014
2427,0.23372399806976318
2428,0.474596232175827
2429,0.3823237419128418
2430,0.5041877031326294
2431,0.5567767024040222
2432,0.474213570356369
2433,0.6408218145370483
2434,0.47589513659477234
2435,0.4935618042945862
2436,0.5200648903846741
2437,0.461285799741745
2438,0.4096378982067108
2439,0.6122198104858398
2440,0.3749335706233978
2441,0.17491711676120758
2442,0.36660847067832947
2443,0.5933912396430969
2444,0.5969592928886414
2445,0.19633087515830994
2446,0.6654330492019653
2447,0.43157947063446045
2448,0.4043172001838684
2449,0.18863490223884583
2450,0.22293156385421753
2451,0.3950161337852478
2452,0.47078558802604675
2453,0.37211698293685913
2454,0.45070385932922363
2455,0.6732367873191833
2456,0.4384189546108246
2457,0.09880009293556213
2458,0.4076445400714874
2459,0.44313159584999084
2460,0.30559220910072327
2461,0.37845656275749207
2462,0.23768717050552368
2463,0.7842548489570618
2464,0.5382540822029114
2465,0.6416471004486084
2466,0.2506712079048157
2467,0.37766799330711365
2468,0.5025200247764587
2469,0.6386561393737793
2470,0.40126165747642517
2471,0.3257328271865845
2472,0.39357873797416687
2473,0.3362414240837097
2474,0.5320016741752625
2475,0.43163540959358215
2476,0.44048675894737244
2477,0.20358189940452576
2478,0.4880978465080261
2479,0.4841003119945526
2480,0.31467705965042114
2481,0.4271087050437927
2482,0.5736505389213562
2483,0.4397639036178589
2484,0.5800850987434387
2485,0.2554287314414978
2486,0.6532557606697083
2487,0.3991818428039551
2488,0.3345523178577423
2489,0.5569208860397339
2490,0.18562009930610657
2491,0.38268178701400757
2492,0.6594504714012146
2493,0.4349580407142639
2494,0.5730727314949036
2495,0.4337214529514313
2496,0.32239803671836853
2497,0.35357460379600525
2498,0.5632810592651367
2499,0.7736778259277344
2500,0.7672954797744751
2501,0.2438555806875229
2502,0.4738573133945465
2503,0.5041419863700867
2504,0.10226773470640182
2505,0.45349419116973877
2506,0.4730665683746338
2507,0.49944189190864563
2508,0.5280551314353943
2509,0.4197990596294403
2510,0.36423149704933167
2511,0.6846632957458496
2512,0.662505567073822
2513,0.17579612135887146
2514,0.616336464881897
2515,0.23689915239810944
2516,0.6970988512039185
2517,0.6705083250999451
2518,0.27451276779174805
2519,0.33557775616645813
2520,0.40796586871147156
2521,0.6843962073326111
2522,0.4264180064201355
2523,0.19421684741973877
2524,0.44998782873153687
2525,0.273566871881485
2526,0.2983923852443695
2527,0.5342683792114258
2528,0.4657466411590576
2529,0.30483993887901306
2530,0.31150344014167786
2531,0.6161107420921326
2532,0.39042726159095764
2533,0.5024266839027405
2534,0.36145657300949097
2535,0.8325236439704895
2536,0.2522618770599365
2537,0.5460706949234009
2538,0.6599831581115723
2539,0.5066729784011841
2540,0.2670014202594757
2541,0.467573344707489
2542,0.45282644033432007
2543,0.5642862319946289
2544,0.7618817687034607
2545,0.36936208605766296
2546,0.36566171050071716
2547,0.23371466994285583
2548,0.29428696632385254
2549,0.3926737606525421
2550,0.3128708600997925
2551,0.40053972601890564
2552,0.32795172929763794
2553,0.09494318068027496
2554,0.43993449211120605
2555,0.6293561458587646
2556,0.13771434128284454
2557,0.22063709795475006
2558,0.4001104235649109
2559,0.6425865292549133
2560,0.458071768283844
2561,0.5237058997154236
2562,0.7262255549430847
2563,0.22266674041748047
2564,0.278369665145874
2565,0.35244956612586975
2566,0.5694751143455505
2567,0.1343805193901062
2568,0.44151824712753296
2569,0.4226842224597931
2570,0.5753890872001648
2571,0.5089115500450134
2572,0.22172214090824127
2573,0.4771548807621002
2574,0.4411478638648987
2575,0.39755237102508545
2576,0.35232463479042053
2577,0.4010600745677948
2578,0.49593570828437805
2579,0.24557042121887207
2580,0.4650823771953583
2581,0.5046496987342834
2582,0.40807071328163147
2583,0.6040077805519104
2584,0.5047451853752136
2585,0.5854766964912415
2586,0.0418068990111351
2587,0.5113951563835144
2588,0.7933229804039001
2589,0.6904013752937317
2590,0.3465299606323242
2591,0.39989176392555237
2592,0.17975182831287384
2593,0.28133267164230347
2594,0.11206211894750595
2595,0.44244128465652466
2596,0.8055769205093384
2597,0.2749841511249542
2598,0.09502100199460983
2599,0.08181573450565338
2600,0.24307678639888763
2601,0.26804929971694946
2602,0.456244558095932
2603,0.5017399191856384
2604,0.12478040903806686
2605,0.6303580403327942
2606,0.4291841983795166
2607,0.58614182472229
2608,0.26883038878440857
2609,0.5001735091209412
2610,0.5467126369476318
2611,0.3460990786552429
2612,0.2309752255678177
2613,0.36108535528182983
2614,0.41804981231689453
2615,0.42895743250846863
2616,0.4303091764450073
2617,0.3627792298793793
2618,0.3701847493648529
2619,0.3387744724750519
2620,0.6480300426483154
2621,0.2011464238166809
2622,0.40816497802734375
2623,0.1702081561088562
2624,-0.08189436793327332
2625,0.5716329216957092
2626,0.5805155634880066
2627,0.48144951462745667
2628,0.43218040466308594
2629,0.6397619843482971
2630,0.24151664972305298
2631,0.41133737564086914
2632,0.21820972859859467
2633,0.6311582922935486
2634,0.36300021409988403
2635,0.2520565092563629
2636,0.19642426073551178
2637,0.3413791060447693
2638,0.4040217101573944
2639,0.7780930399894714
2640,0.36071014404296875
2641,0.5310156345367432
2642,0.5181366205215454
2643,0.3127051889896393
2644,0.7114042043685913
2645,0.3003753423690796
2646,0.695163369178772
2647,0.6430602669715881
2648,0.44987577199935913
2649,0.41690793633461
2650,0.563514769077301
2651,0.4749425947666168
2652,0.35398757457733154
2653,0.4385514259338379
2654,0.7007891535758972
2655,0.5437400937080383
2656,0.11166532337665558
2657,0.3031948208808899
2658,0.32146164774894714
2659,0.5457677841186523
2660,0.4770526885986328
2661,0.5366401672363281
2662,0.3077813684940338
2663,0.3226950168609619
2664,0.5401158928871155
2665,0.6530352234840393
2666,0.6899929642677307
2667,0.7159733176231384
2668,0.3500831425189972
2669,0.27841445803642273
2670,0.6094046831130981
2671,0.32245221734046936
2672,0.1942327618598938
2673,0.5468636155128479
2674,0.44321563839912415
2675,0.3889091908931732
2676,0.46139419078826904
2677,0.6785211563110352
2678,0.4574154317378998
2679,0.1505516618490219
2680,0.632792592048645
2681,0.30531972646713257
2682,0.20670418441295624
2683,0.5430356860160828
2684,0.32440489530563354
2685,0.6751570701599121
2686,0.47628143429756165
2687,0.3444807231426239
2688,0.7442360520362854
2689,0.36880144476890564
2690,0.3807098865509033
2691,0.5809245109558105
2692,0.09840136021375656
2693,0.3631522059440613
2694,0.3936421871185303
2695,0.3758939802646637
2696,0.36415767669677734
2697,0.7265796661376953
2698,0.6061313152313232
2699,0.40232473611831665
2700,0.5731582641601562
2701,0.19318874180316925
2702,0.24459218978881836
2703,0.5763898491859436
2704,0.6230246424674988
2705,0.47398999333381653
2706,0.34467315673828125
2707,0.6258174180984497
2708,0.5018215179443359
2709,0.4035123288631439
2710,0.188289076089859
2711,0.5594146847724915
2712,0.5516937375068665
2713,0.33359837532043457
2714,0.2848188877105713
2715,0.3061908185482025
2716,0.5193380117416382
2717,0.1223764643073082
2718,0.3281974196434021
2719,0.6255646347999573
2720,0.4594380855560303
2721,0.28994104266166687
2722,0.6682162284851074
2723,0.594075083732605
2724,0.3442048132419586
2725,0.4524877667427063
2726,0.5831602811813354
2727,0.49254441261291504
2728,0.35304537415504456
2729,0.36780765652656555
2730,0.26542940735816956
2731,0.7871382832527161
2732,0.4600425064563751
2733,0.20844441652297974
2734,0.3402092158794403
2735,0.5942093133926392
2736,0.5115364193916321
2737,0.5336428284645081
2738,0.38011518120765686
2739,0.1842683106660843
2740,0.5728766322135925
2741,0.33420342206954956
2742,0.36874479055404663
2743,0.4719049632549286
2744,0.27512022852897644
2745,0.21722550690174103
2746,0.45546776056289673
2747,0.08569862693548203
2748,0.5913202166557312
2749,0.5406696796417236
2750,0.6519752144813538
2751,0.3204650580883026
2752,0.3633902072906494
2753,0.34487178921699524
2754,0.2405787855386734
2755,0.4365394413471222
2756,0.23050011694431305
2757,0.7724820971488953
2758,0.6573757529258728
2759,0.12699559330940247
2760,0.5099775791168213
2761,0.36562296748161316
2762,0.5836115479469299
2763,0.2850151062011719
2764,0.7606313824653625
2765,0.3934289216995239
2766,0.6512951254844666
2767,0.24185413122177124
2768,0.3482825458049774
2769,0.39545708894729614
2770,0.34271180629730225
2771,0.3665813207626343
2772,0.35880717635154724
2773,0.41603896021842957
2774,0.38707685470581055
2775,0.35008689761161804
2776,0.6212731003761292
2777,0.4045611619949341
2778,0.42308369278907776
2779,0.31381481885910034
2780,0.5500516891479492
2781,0.7074631452560425
2782,0.514462947845459
2783,0.4312162399291992
2784,0.21464860439300537
2785,0.6095852255821228
2786,0.07590264081954956
2787,0.42873653769493103
2788,0.5747460722923279
2789,0.752926230430603
2790,0.5280553698539734
2791,0.31334686279296875
2792,0.45213350653648376
2793,0.26803290843963623
2794,0.42473912239074707
2795,0.5561827421188354
2796,0.32594236731529236
2797,0.4517042338848114
2798,0.5618405342102051
2799,0.4282473027706146
2800,0.4116753935813904
2801,0.48719435930252075
2802,0.32345616817474365
2803,0.4111621677875519
2804,0.5055751204490662
2805,0.37568971514701843
2806,0.46914663910865784
2807,0.5241470336914062
2808,0.4014135003089905
2809,0.577853262424469
2810,0.4759511947631836
2811,0.32584938406944275
2812,0.3570459485054016
2813,0.4256262183189392
2814,0.36471229791641235
2815,0.06583204865455627
2816,0.355824738740921
2817,0.6944427490234375
2818,0.18764610588550568
2819,0.6330910325050354
2820,0.4471379220485687
2821,0.4401172697544098
2822,0.4046103358268738
2823,0.7788339257240295
2824,0.5562500953674316
2825,0.3053578734397888
2826,0.4697290062904358
2827,0.5200706720352173
2828,0.43061062693595886
2829,0.480038046836853
2830,0.051394443958997726
2831,0.48926886916160583
2832,0.5672750473022461
2833,0.4377444088459015
2834,0.5751397609710693
2835,0.5092548727989197
2836,0.5015255808830261
2837,0.5724108219146729
2838,0.42764508724212646
2839,0.2844754159450531
2840,0.5485522747039795
2841,0.44017571210861206
2842,0.3695165514945984
2843,0.6069066524505615
2844,0.734521746635437
2845,0.4937394857406616
2846,0.6259151697158813
2847,0.3564642071723938
2848,0.5746269226074219
2849,0.3081344962120056
2850,0.09375806152820587
2851,0.40255799889564514
2852,0.3729395568370819
2853,0.06828621029853821
2854,0.3026875853538513
2855,0.36979925632476807
2856,0.31424880027770996
2857,0.4183366298675537
2858,0.22039568424224854
2859,0.7881020903587341
2860,0.6053771376609802
2861,0.49089959263801575
2862,0.5746049284934998
2863,0.675693929195404
2864,0.45706653594970703
2865,0.2981981933116913
2866,0.577052116394043
2867,0.6662376523017883
2868,0.3596881628036499
2869,0.3363944888114929
2870,0.5265793204307556
2871,0.84316486120224
2872,0.383219450712204
2873,0.44632938504219055
2874,0.5807535648345947
2875,0.6696473956108093
2876,0.6840254068374634
2877,0.17031462490558624
2878,0.35862985253334045
2879,0.6333599090576172
2880,0.3914959132671356
2881,0.405937522649765
2882,0.33495041728019714
2883,0.23884345591068268
2884,0.5215442180633545
2885,0.38954150676727295
2886,0.2775672972202301
2887,0.4164397716522217
2888,0.35377028584480286
2889,0.28896766901016235
2890,0.2572639286518097
2891,0.57328861951828
2892,0.31842291355133057
2893,0.5232795476913452
2894,0.5781046748161316
2895,0.28574344515800476
2896,0.5275581479072571
2897,0.3753947913646698
2898,0.5519485473632812
2899,0.4178823232650757
2900,0.190012127161026
2901,0.39615726470947266
2902,0.28814131021499634
2903,0.4412635266780853
2904,0.1777936816215515
2905,0.31293246150016785
2906,0.6073400974273682
2907,0.3186395466327667
2908,0.3137627840042114
2909,0.5612800717353821
2910,0.3215264081954956
2911,0.46628621220588684
2912,0.5866722464561462
2913,0.4814814627170563
2914,0.44978493452072144
2915,0.35794129967689514
2916,0.43961089849472046
2917,0.3358524441719055
2918,0.3008870780467987
2919,0.4712759256362915
2920,0.1712825745344162
2921,0.4229750633239746
2922,0.4123595356941223
2923,0.32922694087028503
2924,0.5675458908081055
2925,0.26376497745513916
2926,0.43299999833106995
2927,0.5416527390480042
2928,0.18160974979400635
2929,0.327571302652359
2930,0.5315053462982178
2931,0.5264120697975159
2932,0.4332555830478668
2933,0.16540035605430603
2934,0.2581571936607361
2935,0.4912876486778259
2936,0.50737065076828
2937,0.22745899856090546
2938,0.5686332583427429
2939,0.27305084466934204
2940,0.7138323783874512
2941,0.42399266362190247
2942,0.6087811589241028
2943,0.6402513980865479
2944,0.6269877552986145
2945,0.5404143929481506
2946,0.24678920209407806
2947,0.40267887711524963
2948,0.5095834136009216
2949,0.4914509952068329
2950,0.5028650164604187
2951,0.5257853269577026
2952,0.34747159481048584
2953,0.3791888654232025
2954,0.32700780034065247
2955,0.6118001937866211
2956,0.38214540481567383
2957,0.39527788758277893
2958,0.5407442450523376
2959,0.38060587644577026
2960,0.37530362606048584
2961,0.3789023160934448
2962,0.4448035955429077
2963,0.5007224082946777
2964,0.49026575684547424
2965,0.48222726583480835
2966,0.23085062205791473
2967,0.8390243649482727
2968,0.3070705235004425
2969,0.3225826919078827
2970,0.58757483959198
2971,0.5017523169517517
2972,0.37860313057899475
2973,0.17597456276416779
2974,0.6100313663482666
2975,0.19154244661331177
2976,0.2714611291885376
2977,0.6091079711914062
2978,0.35612913966178894
2979,0.48020434379577637
2980,0.5062690377235413
2981,0.3747174143791199
2982,0.47936442494392395
2983,0.5597578883171082
2984,0.48068851232528687
2985,0.5239111185073853
2986,0.19026704132556915
2987,0.4637938141822815
2988,0.6218648552894592
2989,0.47225069999694824
2990,0.3009718656539917
2991,0.6540834307670593
2992,0.6219164133071899
2993,0.3701711595058441
2994,0.5479010939598083
2995,0.350646436214447
2996,0.5345072746276855
2997,0.39188581705093384
2998,0.4502847194671631
2999,0.7040024399757385
3000,0.49720636010169983
3001,0.4858524203300476
3002,0.31143447756767273
3003,0.3416053354740143
3004,0.46183252334594727
3005,0.5499657392501831
3006,0.3451928496360779
3007,0.505119800567627
3008,0.5418860912322998
3009,0.05527316778898239
3010,0.8600755929946899
3011,0.3745107352733612
3012,0.4755147099494934
3013,0.3788380026817322
3014,0.3470020294189453
3015,0.3199555277824402
3016,0.42141732573509216
3017,0.40300995111465454
3018,0.31796538829803467
3019,0.22803190350532532
3020,0.5448788404464722
3021,0.5595642328262329
3022,0.3714756369590759
3023,0.31937167048454285
3024,0.37473833560943604
3025,0.30139437317848206
3026,0.43230995535850525
3027,0.5542372465133667
3028,0.5952007174491882
3029,0.30041074752807617
3030,0.23219719529151917
3031,0.5788570642471313
3032,0.5550728440284729
3033,0.27603679895401
3034,0.29424160718917847
3035,0.5707409381866455
3036,0.6321574449539185
3037,0.532637894153595
3038,0.2688840925693512
3039,0.36388272047042847
3040,0.44180771708488464
3041,0.27307310700416565
3042,0.5277743935585022
3043,0.4525560140609741
3044,0.4410809278488159
3045,0.47959280014038086
3046,0.5800336003303528
3047,0.31653329730033875
3048,0.2192077487707138
3049,0.7403433322906494
3050,0.6798908114433289
3051,0.5751092433929443
3052,0.6185439229011536
3053,0.5717117190361023
3054,0.5109255909919739
3055,0.3947222828865051
3056,0.441257506608963
3057,0.5815925002098083
3058,0.5681542158126831
3059,0.37135571241378784
3060,0.6203880310058594
3061,0.49345365166664124
3062,0.27211716771125793
3063,0.34249502420425415
3064,0.8042717576026917
3065,0.4203268885612488
3066,0.22937756776809692
3067,0.36121562123298645
3068,0.407232403755188
3069,0.5146055221557617
3070,0.5149580240249634
3071,0.29703032970428467
3072,0.40276339650154114
3073,0.49237218499183655
3074,0.33130618929862976
3075,0.5793580412864685
3076,0.40712687373161316
3077,0.30237439274787903
3078,0.46821263432502747
3079,0.5603474974632263
3080,0.5925970077514648
3081,0.3968356251716614
3082,0.33547183871269226
3083,0.40039095282554626
3084,0.8307424187660217
3085,0.39545854926109314
3086,0.6493136882781982
3087,0.5117320418357849
3088,0.40239524841308594
3089,0.6812035441398621
3090,0.15044039487838745
3091,0.5611092448234558
3092,0.38157927989959717
3093,0.2566886246204376
3094,0.5173065066337585
3095,0.41355010867118835
3096,0.49897873401641846
3097,0.27033519744873047
3098,0.10424697399139404
3099,0.7277451157569885
3100,0.31792008876800537
3101,0.39041993021965027
3102,0.1343158334493637
3103,0.4234885573387146
3104,0.3103697597980499
3105,0.40737879276275635
3106,0.3886992931365967
3107,0.25262904167175293
3108,0.6173257231712341
3109,0.30394721031188965
3110,0.35129696130752563
3111,0.463331401348114
3112,0.17017501592636108
3113,0.6188498139381409
3114,0.10618215054273605
3115,0.6570002436637878
3116,0.2600703835487366
3117,0.5370340943336487
3118,0.6499021053314209
3119,0.23616959154605865
3120,0.33829888701438904
3121,0.5511491298675537
3122,0.24582836031913757
3123,0.604152262210846
3124,0.47109678387641907
3125,0.4378626346588135
3126,0.5245562791824341
3127,0.42841628193855286
3128,0.42399337887763977
3129,0.2686850130558014
3130,0.5098366141319275
3131,0.21782957017421722
3132,0.4362228214740753
3133,0.5645484328269958
3134,0.4827847182750702
3135,0.162584587931633
3136,0.42945733666419983
3137,0.6293571591377258
3138,0.6279818415641785
3139,0.5119755268096924
3140,0.37306395173072815
3141,0.33807438611984253
3142,0.08485130965709686
3143,0.2553250789642334
3144,0.6758745312690735
3145,0.26829105615615845
3146,0.3562113046646118
3147,0.5655982494354248
3148,0.6018070578575134
3149,0.35566386580467224
3150,0.45504412055015564
3151,0.3471919000148773
3152,0.59740149974823
3153,0.41009917855262756
3154,0.5642093420028687
3155,0.46387001872062683
3156,0.6173138618469238
3157,0.3118588328361511
3158,0.5324551463127136
3159,0.40341222286224365
3160,0.4569855034351349
3161,0.34545621275901794
3162,0.5261732935905457
3163,0.8466314673423767
3164,0.3574467897415161
3165,0.5458038449287415
3166,0.5811479091644287
3167,0.029879501089453697
3168,0.48331218957901
3169,0.28848740458488464
3170,0.4784802794456482
3171,0.4425249993801117
3172,0.7482637166976929
3173,0.6374661326408386
3174,0.4634545147418976
3175,0.1723189502954483
3176,0.37663641571998596
3177,0.32329291105270386
3178,0.4337940216064453
3179,0.5372506976127625
3180,0.3336448669433594
3181,0.6485230326652527
3182,0.33913150429725647
3183,0.868328332901001
3184,0.5380395650863647
3185,0.49432092905044556
3186,0.13508611917495728
3187,0.3618241548538208
3188,0.209198459982872
3189,0.789012610912323
3190,0.36537718772888184
3191,0.20418290793895721
3192,0.4452129602432251
3193,0.5865334272384644
3194,0.6918256282806396
3195,0.7124124765396118
3196,0.6074206829071045
3197,0.47276774048805237
3198,0.6768312454223633
3199,0.2826388478279114
3200,0.42395058274269104
3201,0.3810717761516571
3202,0.34161221981048584
3203,0.5292231440544128
3204,0.33283376693725586
3205,0.512475848197937
3206,0.1954575777053833
3207,0.3134356439113617
3208,0.37498125433921814
3209,0.530468761920929
3210,0.5719661712646484
3211,0.25896546244621277
3212,0.4910792410373688
3213,0.14253753423690796
3214,0.4902842342853546
3215,0.5705657005310059
3216,0.29729610681533813
3217,0.5445216298103333
3218,0.311767578125
3219,0.29165807366371155
3220,0.2882426679134369
3221,0.6583153009414673
3222,0.38910311460494995
3223,0.45604407787323
3224,0.6290034651756287
3225,0.3172439932823181
3226,0.6953743100166321
3227,0.6544080376625061
3228,0.5670093297958374
3229,0.26117590069770813
3230,0.6470282077789307
3231,0.36993011832237244
3232,0.5710287094116211
3233,0.4126242399215698
3234,0.19557417929172516
3235,0.42687714099884033
3236,0.46625009179115295
3237,0.3279065489768982
3238,0.5165697932243347
3239,0.3042471408843994
3240,0.5407431125640869
3241,0.2819209694862366
3242,0.5829471349716187
3243,0.4574020802974701
3244,0.41519054770469666
3245,0.36881622672080994
3246,0.5316584706306458
3247,0.4217652678489685
3248,0.30401772260665894
3249,0.3238467872142792
3250,0.11011742800474167
3251,0.5241661071777344
3252,0.2720867097377777
3253,0.6336045861244202
3254,0.21476049721240997
3255,0.5351733565330505
3256,0.3710307776927948
3257,0.40727323293685913
3258,0.28301241993904114
3259,0.5225667953491211
3260,0.23009707033634186
3261,0.34648117423057556
3262,0.7075162529945374
3263,0.2630895972251892
3264,0.27552467584609985
3265,0.05270884186029434
3266,0.5447136759757996
3267,0.6505334973335266
3268,0.3189420700073242
3269,0.41341397166252136
3270,0.30557364225387573
3271,0.3921024203300476
3272,0.34198111295700073
3273,0.23178820312023163
3274,0.4565652012825012
3275,0.701152503490448
3276,0.2030106484889984
3277,0.39049801230430603
3278,0.34707528352737427
3279,0.4361409544944763
3280,0.31347498297691345
3281,0.26514676213264465
3282,0.551239013671875
3283,0.2786337733268738
3284,0.35648274421691895
3285,0.6933605074882507
3286,0.3441816568374634
3287,0.5545480251312256
3288,0.28614649176597595
3289,0.47716906666755676
3290,0.19020836055278778
3291,0.4336784780025482
3292,0.21562349796295166
3293,0.2873721718788147
3294,0.20261774957180023
3295,0.3220169246196747
3296,0.3132515251636505
3297,0.2695414423942566
3298,0.35401979088783264
3299,0.4459798336029053
3300,0.5915268659591675
3301,0.48747557401657104
3302,0.6077056527137756
3303,0.1946985423564911
3304,0.5702802538871765
3305,0.4895389974117279
3306,0.30221307277679443
3307,0.4032151401042938
3308,0.5103279948234558
3309,0.6455188393592834
3310,0.6883302927017212
3311,0.3804878294467926
3312,0.5927665829658508
3313,0.5325552225112915
3314,0.3663047254085541
3315,0.22102180123329163
3316,0.442798912525177
3317,0.48530086874961853
3318,0.3184187412261963
3319,0.5057156682014465
3320,0.47115325927734375
3321,0.6028024554252625
3322,0.34075960516929626
3323,0.581832230091095
3324,0.3117089867591858
3325,0.3486173450946808
3326,-0.06070254370570183
3327,0.40711918473243713
3328,0.4546312391757965
3329,0.3258822560310364
3330,0.504189670085907
3331,0.5423337817192078
3332,0.594296932220459
3333,0.3900887668132782
3334,0.5832363367080688
3335,0.4130934774875641
3336,0.5178617835044861
3337,0.44545334577560425
3338,0.2992335557937622
3339,0.5457077622413635
3340,0.4273413121700287
3341,0.2033449113368988
3342,0.653374433517456
3343,0.1021524965763092
3344,0.31601008772850037
3345,0.6732158064842224
3346,0.3751465976238251
3347,0.4390804171562195
3348,0.49019739031791687
3349,0.519964337348938
3350,0.4172493517398834
3351,0.5711957812309265
3352,0.3816460967063904
3353,0.36893197894096375
3354,0.2177368700504303
3355,0.1957939714193344
3356,0.5171637535095215
3357,0.24722720682621002
3358,0.36886438727378845
3359,0.5215724110603333
3360,0.20657570660114288
3361,0.6160640120506287
3362,0.5243945121765137
3363,0.7270835041999817
3364,0.5950918793678284
3365,0.4326443374156952
3366,0.7284039258956909
3367,0.48917752504348755
3368,0.6839557886123657
3369,0.4344264566898346
3370,0.2858622670173645
3371,0.522996187210083
3372,0.07011345028877258
3373,0.34885475039482117
3374,0.37124353647232056
3375,0.5187355279922485
3376,0.7423838376998901
3377,0.3544100224971771
3378,0.46951448917388916
3379,0.3497360348701477
3380,0.06229976937174797
3381,0.2465142160654068
3382,0.43859824538230896
3383,0.5236335396766663
3384,0.5133162140846252
3385,0.23263144493103027
3386,0.47336578369140625
3387,0.6079758405685425
3388,0.5080422759056091
3389,0.671531081199646
3390,0.3477575182914734
3391,0.5015373229980469
3392,0.5827091336250305
3393,0.4493015706539154
3394,0.43748602271080017
3395,0.7302094101905823
3396,0.37872830033302307
3397,0.32479172945022583
3398,0.18624335527420044
3399,0.37261801958084106
3400,0.45369935035705566
3401,0.21845972537994385
3402,0.38939255475997925
3403,0.2868090569972992
3404,0.05432288721203804
3405,0.3552972674369812
3406,0.5172626972198486
3407,0.5190256237983704
3408,0.3199355900287628
3409,0.2242298275232315
3410,0.3006504774093628
3411,0.5807781219482422
3412,0.6758887767791748
3413,0.6006370186805725
3414,0.3768228590488434
3415,0.4490014910697937
3416,0.4906894862651825
3417,0.464616984128952
3418,0.5410106778144836
3419,0.45539477467536926
3420,0.2802942395210266
3421,0.6578879356384277
3422,0.5809128880500793
3423,0.3102814555168152
3424,0.3793993294239044
3425,0.6316269636154175
3426,0.5730410814285278
3427,0.4948473274707794
3428,0.3620077967643738
3429,0.3770289421081543
3430,0.45018309354782104
3431,0.5779465436935425
3432,0.6375424861907959
3433,0.25306937098503113
3434,0.10183952003717422
3435,0.21503706276416779
3436,0.7809932827949524
3437,0.7171850800514221
3438,0.6207850575447083
3439,0.4586915373802185
3440,0.4647277593612671
3441,0.3548010587692261
3442,0.5941356420516968
3443,0.6826841235160828
3444,0.25531795620918274
3445,0.5117700099945068
3446,0.3404531478881836
3447,0.40011778473854065
3448,0.36309561133384705
3449,0.6633838415145874
3450,0.39489349722862244
3451,0.38946473598480225
3452,0.7923062443733215
3453,0.4678778350353241
3454,0.6668434143066406
3455,0.3539973199367523
3456,0.4864174723625183
3457,0.6070339679718018
3458,0.24856793880462646
3459,0.4605059027671814
3460,0.6010247468948364
3461,0.5183407068252563
3462,0.2702033519744873
3463,0.4398312270641327
3464,0.11534334719181061
3465,0.8426103591918945
3466,0.23730017244815826
3467,0.21567654609680176
3468,0.4213801622390747
3469,0.4534984529018402
3470,0.054227106273174286
3471,0.548448383808136
3472,0.36082762479782104
3473,0.5445187091827393
3474,0.46110373735427856
3475,0.28671032190322876
3476,0.47490194439888
3477,0.6403043270111084
3478,0.5351720452308655
3479,0.40503379702568054
3480,0.4359379708766937
3481,0.44491997361183167
3482,0.28955569863319397
3483,0.21251235902309418
3484,0.48566603660583496
3485,0.17171405255794525
3486,0.6267194151878357
3487,0.4593260884284973
3488,0.2837620675563812
3489,0.30650460720062256
3490,0.3638956546783447
3491,0.2948237657546997
3492,0.11499550938606262
3493,0.5368163585662842
3494,0.5200148224830627
3495,0.3278171122074127
3496,0.35527846217155457
3497,0.43697160482406616
3498,0.4326043426990509
3499,0.3408282399177551
3500,0.28659969568252563
3501,0.37600889801979065
3502,0.396587997674942
3503,0.5435528755187988
3504,0.3858015239238739
3505,0.45324885845184326
3506,0.41820037364959717
3507,0.3098437786102295
3508,0.7886964678764343
3509,0.5270241498947144
3510,0.6620596647262573
3511,0.43223148584365845
3512,0.2254076898097992
3513,0.337556391954422
3514,0.5150488018989563
3515,0.38353362679481506
3516,0.3411990702152252
3517,0.4043617844581604
3518,0.11921939253807068
3519,0.6440029144287109
3520,0.31793493032455444
3521,0.7274838089942932
3522,0.4608900547027588
3523,0.3911229372024536
3524,0.5666069388389587
3525,0.5960385203361511
3526,0.3302256762981415
3527,0.4714335501194
3528,0.4119601547718048
3529,0.2191915214061737
3530,0.3411220908164978
3531,0.5611122250556946
3532,0.1430802196264267
3533,0.2480052262544632
3534,0.200539231300354
3535,0.4167454242706299
3536,0.8429932594299316
3537,0.4101705551147461
3538,0.6393797993659973
3539,0.3183058500289917
3540,0.5749455094337463
3541,0.32176145911216736
3542,0.3730616569519043
3543,0.605804443359375
3544,0.6956918835639954
3545,0.5022212266921997
3546,0.43991947174072266
3547,0.3630041480064392
3548,0.3044397532939911
3549,0.5098221302032471
3550,0.2959320545196533
3551,0.288834810256958
3552,0.27756983041763306
3553,0.35671669244766235
3554,0.4389757215976715
3555,0.41261497139930725
3556,0.5937219262123108
3557,0.42571043968200684
3558,0.5961819291114807
3559,0.4050922691822052
3560,0.3692382276058197
3561,0.7077668905258179
3562,0.30511274933815
3563,0.2634511888027191
3564,0.04371510446071625
3565,0.5857646465301514
3566,0.26264506578445435
3567,0.27749505639076233
3568,0.3357143998146057
3569,0.20638342201709747
3570,0.35726115107536316
3571,0.37694334983825684
3572,0.17067237198352814
3573,0.4599982500076294
3574,0.575031042098999
3575,0.5236921906471252
3576,0.42473268508911133
3577,0.32041090726852417
3578,0.39660361409187317
3579,0.6222062110900879
3580,0.47609731554985046
3581,0.330257385969162
3582,0.5389198064804077
3583,0.4910573959350586
3584,0.6399986743927002
3585,0.5319019556045532
3586,0.6031463146209717
3587,0.209011971950531
3588,0.31022897362709045
3589,0.6018121838569641
3590,0.37305328249931335
3591,0.5837228298187256
3592,0.4020029306411743
3593,0.3965294361114502
3594,0.3831423819065094
3595,0.40326064825057983
3596,0.6878581047058105
3597,0.28422415256500244
3598,0.4271811842918396
3599,0.6451943516731262
3600,0.42324772477149963
3601,0.31060266494750977
3602,0.2805507481098175
3603,0.13264641165733337
3604,0.7445396780967712
3605,0.33504733443260193
3606,0.40418925881385803
3607,0.4522190988063812
3608,0.3757699728012085
3609,0.41840964555740356
3610,0.40702131390571594
3611,0.4429361820220947
3612,0.3058100640773773
3613,0.4540112614631653
3614,0.17111895978450775
3615,0.2269275188446045
3616,0.3487350046634674
3617,0.19803744554519653
3618,0.23782850801944733
3619,0.32357344031333923
3620,0.39813855290412903
3621,0.560621976852417
3622,0.16193526983261108
3623,0.5026491284370422
3624,0.2007918804883957
3625,0.49975255131721497
3626,0.3293941915035248
3627,0.19495157897472382
3628,0.39820605516433716
3629,0.2719861567020416
3630,0.5825359225273132
3631,0.3261154592037201
3632,0.43733376264572144
3633,0.44649624824523926
3634,0.4610482454299927
3635,0.3926179111003876
3636,0.4314129054546356
3637,0.1753614842891693
3638,0.42495909333229065
3639,0.35847538709640503
3640,0.2565600872039795
3641,0.3911811411380768
3642,0.6925462484359741
3643,0.5224063992500305
3644,0.4650546908378601
3645,0.3880513608455658
3646,0.6793631315231323
3647,0.4725356101989746
3648,0.3873478174209595
3649,0.3235050439834595
3650,0.2948096990585327
3651,0.4362701177597046
3652,0.3193701505661011
3653,0.7498398423194885
3654,0.6942040324211121
3655,0.06437225639820099
3656,0.3583841025829315
3657,0.45363888144493103
3658,0.4503595232963562
3659,0.4354476034641266
3660,0.07315011322498322
3661,0.4739231467247009
3662,0.59033203125
3663,0.3733305335044861
3664,0.6418214440345764
3665,0.6150438189506531
3666,0.5072004795074463
3667,0.4176301062107086
3668,0.08377451449632645
3669,0.4025594890117645
3670,0.24565348029136658
3671,0.6198267340660095
3672,0.09558337181806564
3673,0.3440415561199188
3674,0.5678099393844604
3675,0.7588430047035217
3676,0.4742034375667572
3677,0.6278277039527893
3678,0.4180648922920227
3679,0.5151882767677307
3680,0.2914541959762573
3681,0.10089122503995895
3682,0.42006927728652954
3683,0.2637903094291687
3684,0.5552183985710144
3685,0.5886216759681702
3686,0.47431689500808716
3687,0.5449243187904358
3688,0.4824903905391693
3689,0.6790450215339661
3690,0.3802981376647949
3691,0.31397631764411926
3692,0.19300958514213562
3693,0.3515157699584961
3694,0.17827831208705902
3695,0.4395943880081177
3696,0.31483936309814453
3697,0.5190369486808777
3698,0.7585915923118591
3699,0.4721809923648834
3700,0.17300598323345184
3701,0.5198650360107422
3702,0.47363534569740295
3703,0.3822194039821625
3704,0.26166194677352905
3705,0.39191216230392456
3706,0.27920791506767273
3707,0.3723782002925873
3708,0.6816408038139343
3709,0.23515713214874268
3710,0.32533499598503113
3711,0.3494082987308502
3712,0.5724369287490845
3713,0.6866912841796875
3714,0.30792567133903503
3715,0.4236852526664734
3716,0.5908221006393433
3717,0.26850056648254395
3718,0.2812129259109497
3719,0.7768072485923767
3720,0.534452497959137
3721,0.514049232006073
3722,0.7233014106750488
3723,0.4360993802547455
3724,-0.017991013824939728
3725,0.4417286515235901
3726,0.2858361601829529
3727,0.36126846075057983
3728,0.5470486879348755
3729,0.2507379353046417
3730,0.3888619840145111
3731,0.46993619203567505
3732,0.6912709474563599
3733,0.26649925112724304
3734,0.6920120716094971
3735,0.5269401669502258
3736,0.34797683358192444
3737,0.23357321321964264
3738,0.2899729311466217
3739,0.5372507572174072
3740,0.59698486328125
3741,0.5292319655418396
3742,0.5905231833457947
3743,0.5791441202163696
3744,0.4050664007663727
3745,0.5426111221313477
3746,0.4136982858181
3747,0.09805033355951309
3748,0.4539451599121094
3749,0.36309781670570374
3750,0.6785252690315247
3751,0.3704379200935364
3752,0.6249743700027466
3753,0.4930650293827057
3754,0.2795048654079437
3755,0.3224630057811737
3756,0.6354778409004211
3757,0.5155183672904968
3758,0.2982165515422821
3759,0.6468390226364136
3760,0.4189920723438263
3761,0.30410316586494446
3762,0.6244050860404968
3763,0.11468175798654556
3764,0.6721047759056091
3765,0.2262609302997589
3766,0.42537960410118103
3767,0.6223307251930237
3768,0.3319958448410034
3769,0.1779857724905014
3770,0.41169270873069763
3771,0.4377945065498352
3772,0.5245649218559265
3773,0.64223712682724
3774,0.27088838815689087
3775,0.537714958190918
3776,0.16445216536521912
3777,0.30321455001831055
3778,0.258865088224411
3779,0.33487945795059204
3780,0.20041395723819733
3781,0.3888460099697113
3782,0.31115758419036865
3783,0.5743183493614197
3784,0.5360089540481567
3785,0.4713425636291504
3786,0.513084888458252
3787,0.04823228716850281
3788,0.41385290026664734
3789,0.511103093624115
3790,0.20272551476955414
3791,0.7077490091323853
3792,0.630294680595398
3793,0.49153050780296326
3794,0.4717564582824707
3795,0.4124735891819
3796,0.49144870042800903
3797,0.30411580204963684
3798,0.393949419260025
3799,0.25832369923591614
3800,0.5147920250892639
3801,0.4927607476711273
3802,0.4345231056213379
3803,0.4401404857635498
3804,0.6595199108123779
3805,0.43216022849082947
3806,0.6884446740150452
3807,0.6498303413391113
3808,0.37788620591163635
3809,0.3995778262615204
3810,0.4365270435810089
3811,0.3044390082359314
3812,0.514400064945221
3813,0.3256293535232544
3814,0.2757779657840729
3815,0.283798485994339
3816,0.629089891910553
3817,0.701077401638031
3818,0.22577226161956787
3819,0.549896776676178
3820,0.4230221211910248
3821,0.3622574508190155
3822,0.5015015006065369
3823,0.5405067801475525
3824,0.35481417179107666
3825,0.11812715977430344
3826,0.6110039949417114
3827,0.5688663125038147
3828,0.4265053868293762
3829,0.43901389837265015
3830,0.5092065334320068
3831,0.4797786772251129
3832,0.5326744914054871
3833,0.5700588226318359
3834,0.3716030418872833
3835,0.30264660716056824
3836,0.4402107298374176
3837,0.21351365745067596
3838,0.1845727562904358
3839,0.3928966522216797
3840,0.3354605734348297
3841,0.5008600950241089
3842,0.46350088715553284
3843,0.6166771054267883
3844,0.46170181035995483
3845,0.4051350951194763
3846,0.2531891167163849
3847,0.2724606990814209
3848,0.6193205714225769
3849,0.2375006079673767
3850,0.5246785283088684
3851,0.44522756338119507
3852,0.5304005146026611
3853,0.7139592170715332
3854,0.5698363780975342
3855,0.2911786437034607
3856,0.422651469707489
3857,0.19499285519123077
3858,0.32713091373443604
3859,0.44807398319244385
3860,0.3408743441104889
3861,0.5157342553138733
3862,0.494087815284729
3863,0.4517291784286499
3864,0.7113470435142517
3865,0.4247995615005493
3866,0.34348925948143005
3867,0.3449307084083557
3868,0.657999575138092
3869,0.8705921173095703
3870,0.5228192806243896
3871,0.17860840260982513
3872,0.3027685582637787
3873,0.6056662797927856
3874,0.4948829412460327
3875,0.5293357372283936
3876,-0.00785934180021286
3877,0.5837342143058777
3878,0.3427610993385315
3879,0.43976500630378723
3880,0.3858451545238495
3881,0.4440566897392273
3882,0.5379010438919067
3883,0.3997982442378998
3884,0.3221781849861145
3885,0.407070517539978
3886,0.5667338967323303
3887,0.4603119492530823
3888,0.5210049748420715
3889,0.5175156593322754
3890,0.6293955445289612
3891,0.6088545322418213
3892,0.5092157125473022
3893,0.2953421175479889
3894,0.46217864751815796
3895,0.5822024345397949
3896,0.38342803716659546
3897,0.5402889251708984
3898,0.5287730693817139
3899,0.4547821283340454
3900,0.3213100731372833
3901,0.6621778607368469
3902,0.18268541991710663
3903,0.42834776639938354
3904,0.4863334000110626
3905,0.6174479722976685
3906,0.6155409216880798
3907,0.497379332780838
3908,0.2947380840778351
3909,0.1544020026922226
3910,0.17570212483406067
3911,0.3417743146419525
3912,0.2471769154071808
3913,0.7065535187721252
3914,0.5586312413215637
3915,0.18826313316822052
3916,0.3686053454875946
3917,0.1132722944021225
3918,0.34072986245155334
3919,0.24252551794052124
3920,0.19911502301692963
3921,0.6178617477416992
3922,0.42831286787986755
3923,0.6286830902099609
3924,0.29870471358299255
3925,0.29835909605026245
3926,0.1429666429758072
3927,0.20010703802108765
3928,0.6101269721984863
3929,0.2828673720359802
3930,0.33276721835136414
3931,0.572084367275238
3932,0.7337291240692139
3933,0.36265528202056885
3934,0.4935208559036255
3935,0.5738182067871094
3936,0.2822243571281433
3937,0.4223535656929016
3938,0.31295159459114075
3939,0.3372315466403961
3940,0.5481112599372864
3941,0.4628635346889496
3942,0.7454583048820496
3943,0.3909802734851837
3944,0.22266176342964172
3945,0.6560826897621155
3946,0.4672015309333801
3947,0.3291887044906616
3948,0.4201265573501587
3949,0.4196494221687317
3950,0.22797344624996185
3951,0.6049066185951233
3952,0.306264728307724
3953,0.5780970454216003
3954,0.32606807351112366
3955,0.5277020335197449
3956,0.33864110708236694
3957,0.12403237819671631
3958,0.5327396988868713
3959,0.3627752959728241
3960,0.23172003030776978
3961,0.4201035797595978
3962,0.257479727268219
3963,0.38541144132614136
3964,0.5906577110290527
3965,0.5726234912872314
3966,0.30780693888664246
3967,0.4252466857433319
3968,0.6066940426826477
3969,0.6475229859352112
3970,0.4917983114719391
3971,0.6088336706161499
3972,0.3572213351726532
3973,0.576154351234436
3974,0.3862604796886444
3975,0.5959734916687012
3976,0.41376811265945435
3977,0.6963133811950684
3978,0.3575057089328766
3979,0.37258297204971313
3980,0.37065109610557556
3981,0.5196998715400696
3982,0.7244740128517151
3983,0.3290210962295532
3984,0.3958846926689148
3985,-0.05033963546156883
3986,0.4669966399669647
3987,0.4519125819206238
3988,0.28727486729621887
3989,0.4391167163848877
3990,0.499728798866272
3991,0.6263734102249146
3992,0.5149871110916138
3993,0.5546180605888367
3994,0.37967658042907715
3995,0.3956342935562134
3996,0.531700074672699
3997,0.4068813920021057
3998,0.4278433322906494
3999,0.2879418432712555
4000,0.658947765827179
4001,0.47820281982421875
4002,0.7921261787414551
4003,0.4941958785057068
4004,0.43135684728622437
4005,0.2973872125148773
4006,0.5096902251243591
4007,0.4446757137775421
4008,0.1971823275089264
4009,0.699064314365387
4010,0.2845655381679535
4011,0.4035559892654419
4012,0.6568928360939026
4013,0.4032210409641266
4014,0.5536439418792725
4015,0.38299697637557983
4016,0.3551892340183258
4017,0.6271588802337646
4018,0.4958694279193878
4019,0.6687356233596802
4020,0.5109554529190063
4021,0.4097420871257782
4022,0.351816862821579
4023,0.5099650025367737
4024,0.572996199131012
4025,0.3725157082080841
4026,0.49052485823631287
4027,0.5046310424804688
4028,0.1971476525068283
4029,0.4772903323173523
4030,0.23350010812282562
4031,0.21204538643360138
4032,0.5052168369293213
4033,0.3849519193172455
4034,0.28395187854766846
4035,0.4379402697086334
4036,0.48531103134155273
4037,0.30699223279953003
4038,0.3571436107158661
4039,0.42093485593795776
4040,0.3579745292663574
4041,0.7959924340248108
4042,0.5591965913772583
4043,0.3301042914390564
4044,0.28135713934898376
4045,0.5113723278045654
4046,0.10463206470012665
4047,0.3241299092769623
4048,0.2513493299484253
4049,0.4281843602657318
4050,0.272085964679718
4051,0.3868204355239868
4052,0.2062745839357376
4053,0.23137395083904266
4054,0.5152868628501892
4055,0.398924857378006
4056,0.468093603849411
4057,0.4407757520675659
4058,0.24168013036251068
4059,0.40015745162963867
4060,0.26670050621032715
4061,0.4327477812767029
4062,0.502065896987915
4063,0.448207825422287
4064,0.45612311363220215
4065,0.2409602701663971
4066,0.478751003742218
4067,0.5620057582855225
4068,0.5634538531303406
4069,0.5316288471221924
4070,0.30428019165992737
4071,0.3855043351650238
4072,0.4612470269203186
4073,0.4545678198337555
4074,0.5785574316978455
4075,0.444338858127594
4076,0.09329185634851456
4077,0.1656230241060257
4078,0.46785926818847656
4079,0.5204454660415649
4080,0.21403568983078003
4081,0.4286808371543884
4082,0.347879558801651
4083,0.2552414536476135
4084,0.5326536893844604
4085,0.4738939702510834
4086,0.26604023575782776
4087,0.29204246401786804
4088,0.4038042426109314
4089,0.46953004598617554
4090,0.7031562328338623
4091,0.11293167620897293
4092,0.4388795793056488
4093,0.23945437371730804
4094,0.4912557303905487
4095,0.6442078948020935
4096,0.4449646770954132
4097,0.45150619745254517
4098,0.4908294379711151
4099,0.44880542159080505
4100,0.4299740493297577
4101,0.32996949553489685
4102,0.2763027846813202
4103,0.44139719009399414
4104,0.5363645553588867
4105,0.6333822011947632
4106,0.6679650545120239
4107,0.5124555230140686
4108,0.29159361124038696
4109,0.25126054883003235
4110,0.45360511541366577
4111,0.2001923769712448
4112,0.4514814019203186
4113,0.6141988635063171
4114,0.47631844878196716
4115,0.554569661617279
4116,0.43636345863342285
4117,0.6821621656417847
4118,0.34242454171180725
4119,0.28579139709472656
4120,0.5832275748252869
4121,0.5914977788925171
4122,0.39092984795570374
4123,0.5277931690216064
4124,0.4745902419090271
4125,0.6986246109008789
4126,0.13365483283996582
4127,0.5152822732925415
4128,0.7420476675033569
4129,0.39445382356643677
4130,0.4654730558395386
4131,0.49745938181877136
4132,0.8494575619697571
4133,0.6280142068862915
4134,0.2741272449493408
4135,0.20697468519210815
4136,0.4999493658542633
4137,0.4552941620349884
4138,0.3279655873775482
4139,0.31069591641426086
4140,0.5193663239479065
4141,0.4045131802558899
4142,0.7328925728797913
4143,0.5373656749725342
4144,0.5210548043251038
4145,0.49784794449806213
4146,0.3070831000804901
4147,0.44680899381637573
4148,0.09507608413696289
4149,0.5278175473213196
4150,0.5333887934684753
4151,0.3163048028945923
4152,0.7388507723808289
4153,0.5757005214691162
4154,0.2448875606060028
4155,0.6240448355674744
4156,0.3263586759567261
4157,0.18943561613559723
4158,0.369063138961792
4159,0.3241000771522522
4160,0.34033679962158203
4161,0.47606852650642395
4162,0.38271307945251465
4163,0.4061603546142578
4164,0.4229019582271576
4165,0.6789957284927368
4166,0.19930869340896606
4167,0.29390424489974976
4168,0.4375172257423401
4169,0.2981032431125641
4170,0.3550027906894684
4171,0.4080045521259308
4172,0.5040249824523926
4173,0.48881804943084717
4174,0.24475309252738953
4175,0.2550770044326782
4176,0.409551739692688
4177,0.457054078578949
4178,0.47958695888519287
4179,0.4909624457359314
4180,0.2775402069091797
4181,0.6071078181266785
4182,0.34696346521377563
4183,0.28090792894363403
4184,0.3023999035358429
4185,0.37134289741516113
4186,0.666327714920044
4187,0.4675009250640869
4188,0.46112820506095886
4189,0.3219277560710907
4190,0.338922381401062
4191,0.20424972474575043
4192,0.48124876618385315
4193,0.28824281692504883
4194,0.44791004061698914
4195,0.5066686272621155
4196,0.4663924276828766
4197,0.21021687984466553
4198,0.5218470692634583
4199,0.614581823348999
4200,0.6242990493774414
4201,0.224616140127182
4202,0.3758522868156433
4203,0.5446779727935791
4204,0.43748578429222107
4205,0.36960119009017944
4206,0.35362303256988525
4207,0.3531578779220581
4208,0.30574777722358704
4209,0.37378308176994324
4210,0.08621947467327118
4211,0.40104466676712036
4212,0.38040778040885925
4213,0.5117685198783875
4214,0.47854217886924744
4215,0.5351821184158325
4216,0.36788037419319153
4217,0.10064451396465302
4218,0.13998572528362274
4219,0.34414052963256836
4220,0.7265825867652893
4221,0.2088751643896103
4222,0.29654157161712646
4223,0.8273298144340515
4224,0.3836791217327118
4225,0.7703587412834167
4226,0.6814188361167908
4227,0.07519731670618057
4228,0.4025404155254364
4229,0.32280433177948
4230,0.27593839168548584
4231,0.5405513644218445
4232,0.40507373213768005
4233,0.3294435739517212
4234,0.592110276222229
4235,0.2484739124774933
4236,0.5450683832168579
4237,0.3584403395652771
4238,0.5380682945251465
4239,0.3885561227798462
4240,0.42601174116134644
4241,0.5103080868721008
4242,0.4695415496826172
4243,0.4846947193145752
4244,0.4834598898887634
4245,0.7006543278694153
4246,0.12388832122087479
4247,0.45206519961357117
4248,0.39773526787757874
4249,0.6233068704605103
4250,0.4886019229888916
4251,0.3937540054321289
4252,0.385686993598938
4253,0.21929216384887695
4254,0.18901744484901428
4255,0.2268723100423813
4256,0.3184954524040222
4257,0.2480868250131607
4258,0.1348809450864792
4259,0.6861346960067749
4260,0.609006941318512
4261,0.4691788852214813
4262,0.45903894305229187
4263,0.5692519545555115
4264,0.4487299621105194
4265,0.29722070693969727
4266,0.4595465660095215
4267,0.41551971435546875
4268,0.2744903266429901
4269,0.2679910659790039
4270,0.37332937121391296
4271,0.4910529553890228
4272,0.44835153222084045
4273,0.16764812171459198
4274,0.11476068943738937
4275,0.46939799189567566
4276,0.69842129945755
4277,0.4207571744918823
4278,0.6069971919059753
4279,0.5479454398155212
4280,0.19162054359912872
4281,0.08756550401449203
4282,0.6035023927688599
4283,0.3693462908267975
4284,0.3747400641441345
4285,0.5424082279205322
4286,0.42099183797836304
4287,0.6847683191299438
4288,0.33467453718185425
4289,0.6300731897354126
4290,0.2752690017223358
4291,0.21599987149238586
4292,0.4689389765262604
4293,0.5558443069458008
4294,0.3770546615123749
4295,0.3202987611293793
4296,0.4836575984954834
4297,0.7752089500427246
4298,0.11593164503574371
4299,0.1831713765859604
4300,0.4832141399383545
4301,0.5753426551818848
4302,0.4935448169708252
4303,0.5873256325721741
4304,0.5280646681785583
4305,0.46673157811164856
4306,0.2343895435333252
4307,0.45624569058418274
4308,0.5696458220481873
4309,0.5201070308685303
4310,0.6474098563194275
4311,0.42788028717041016
4312,0.3485444188117981
4313,0.3810490369796753
4314,0.17480884492397308
4315,0.32674384117126465
4316,0.3946719169616699
4317,0.3873012661933899
4318,0.49224698543548584
4319,0.3139972388744354
4320,0.26991644501686096
4321,0.3718673586845398
4322,0.5566428899765015
4323,0.6158863306045532
4324,0.3389509320259094
4325,0.35637518763542175
4326,0.47453397512435913
4327,0.6423962712287903
4328,0.4621497690677643
4329,0.30874601006507874
4330,0.510535478591919
4331,0.5666979551315308
4332,0.5075256824493408
4333,0.47870391607284546
4334,0.4549828767776489
4335,0.7700644731521606
4336,0.24053609371185303
4337,0.46441689133644104
4338,0.181890070438385
4339,0.5320409536361694
4340,0.29945266246795654
4341,0.6113781929016113
4342,0.3520844876766205
4343,0.3946548104286194
4344,0.41660818457603455
4345,0.27623921632766724
4346,0.20398244261741638
4347,0.27585864067077637
4348,0.6794633269309998
4349,0.4264476001262665
4350,0.6062140464782715
4351,0.5861138701438904
4352,0.6371139883995056
4353,0.41239655017852783
4354,0.678141176700592
4355,0.6232401132583618
4356,0.3726218342781067
4357,0.4039269685745239
4358,0.2185070812702179
4359,0.41453099250793457
4360,0.5320343971252441
4361,0.15058007836341858
4362,0.5867641568183899
4363,0.526801347732544
4364,0.16423165798187256
4365,0.26962676644325256
4366,0.5411595106124878
4367,0.3869273364543915
4368,0.3879239559173584
4369,0.2886854410171509
4370,0.8577651977539062
4371,0.23368790745735168
4372,0.49995946884155273
4373,0.5569087862968445
4374,0.237661212682724
4375,0.2911140024662018
4376,0.42261356115341187
4377,0.24595822393894196
4378,0.7473936080932617
4379,0.30704495310783386
4380,0.35990089178085327
4381,0.5907067060470581
4382,0.4945673644542694
4383,0.34128209948539734
4384,0.4617141783237457
4385,0.5370244383811951
4386,0.5927048921585083
4387,0.179885134100914
4388,0.3295663297176361
4389,0.1888158619403839
4390,0.5260298252105713
4391,0.5848142504692078
4392,0.4955712854862213
4393,0.36375924944877625
4394,0.6051026582717896
4395,0.7579747438430786
4396,0.40473073720932007
4397,0.6349985003471375
4398,0.45046254992485046
4399,0.6205325722694397
4400,0.3977912366390228
4401,0.4762086272239685
4402,0.39225393533706665
4403,0.38283056020736694
4404,0.3605926036834717
4405,0.5638333559036255
4406,0.40641194581985474
4407,0.5404952168464661
4408,0.35782694816589355
4409,0.43339720368385315
4410,0.3378441035747528
4411,0.5455465316772461
4412,0.6233296394348145
4413,0.4617186486721039
4414,0.15023715794086456
4415,0.4116572439670563
4416,0.32283544540405273
4417,0.32682594656944275
4418,0.2504667341709137
4419,0.33815211057662964
4420,0.2342040240764618
4421,0.4169968068599701
4422,0.3416922986507416
4423,0.3220144808292389
4424,0.39381977915763855
4425,0.18486154079437256
4426,0.4696877896785736
4427,0.4942267835140228
4428,0.5354751944541931
4429,0.8603600859642029
4430,0.4508868157863617
4431,0.6541687846183777
4432,0.4412938058376312
4433,0.4640408754348755
4434,0.6051420569419861
4435,0.7624202966690063
4436,0.3068845272064209
4437,0.30745455622673035
4438,0.32171958684921265
4439,0.374624639749527
4440,0.11300984025001526
4441,0.5089393258094788
4442,0.19056780636310577
4443,0.4749157726764679
4444,0.58693528175354
4445,0.3343289792537689
4446,0.510627269744873
4447,0.3346874713897705
4448,0.4709925949573517
4449,0.5143774151802063
4450,0.48859572410583496
4451,0.5035171508789062
4452,0.572414219379425
4453,0.4477517306804657
4454,0.49867597222328186
4455,0.5142288208007812
4456,0.4221382737159729
4457,0.3376716077327728
4458,0.469113290309906
4459,0.6375227570533752
4460,0.3700934648513794
4461,0.5158257484436035
4462,0.20388194918632507
4463,0.6243231892585754
4464,0.4146861433982849
4465,0.46317145228385925
4466,0.369304358959198
4467,0.3654248118400574
4468,0.3969113528728485
4469,0.6391765475273132
4470,0.416492760181427
4471,0.529461681842804
4472,0.49920135736465454
4473,0.6155453324317932
4474,0.47052687406539917
4475,0.42005521059036255
4476,0.44523748755455017
4477,0.4233076572418213
4478,0.6422430276870728
4479,0.29998457431793213
4480,0.661504864692688
4481,0.3788529932498932
4482,0.22328387200832367
4483,0.4929943084716797
4484,0.8244510889053345
4485,0.18714796006679535
4486,0.49112895131111145
4487,0.13908572494983673
4488,0.6022691130638123
4489,0.4263811409473419
4490,0.3220193684101105
4491,0.3150210380554199
4492,0.5209093689918518
4493,0.5160261392593384
4494,0.24487939476966858
4495,0.3640606701374054
4496,0.1963847279548645
4497,0.47680723667144775
4498,0.4757106900215149
4499,0.3945204019546509
4500,0.3789413869380951
4501,0.42924368381500244
4502,0.2307557463645935
4503,0.28123074769973755
4504,0.24353623390197754
4505,0.2921335995197296
4506,0.32395273447036743
4507,0.22681531310081482
4508,0.5946025848388672
4509,0.26651880145072937
4510,0.7429181337356567
4511,0.5238733887672424
4512,0.11628810316324234
4513,0.2795966565608978
4514,0.5591022968292236
4515,0.28212204575538635
4516,0.22669395804405212
4517,0.6440948843955994
4518,0.4786314368247986
4519,0.5334331393241882
4520,0.2885965406894684
4521,0.6287842392921448
4522,0.4991018772125244
4523,0.7141969203948975
4524,0.312242329120636
4525,0.4176992177963257
4526,0.47550463676452637
4527,0.15950575470924377
4528,0.420177698135376
4529,0.3893415927886963
4530,0.5393288731575012
4531,0.4482312500476837
4532,0.16099242866039276
4533,0.35245800018310547
4534,0.32125914096832275
4535,0.26939472556114197
4536,0.2726992666721344
4537,0.2442811131477356
4538,0.5531441569328308
4539,0.531243622303009
4540,0.5874382257461548
4541,0.3258858025074005
4542,0.15401479601860046
4543,0.5676770210266113
4544,0.2089402973651886
4545,0.24756912887096405
4546,0.4698300063610077
4547,0.48702916502952576
4548,0.2232924848794937
4549,0.43150794506073
4550,0.48150527477264404
4551,0.23481711745262146
4552,0.659197986125946
4553,0.5801923871040344
4554,0.2764718234539032
4555,0.31953638792037964
4556,0.3433912694454193
4557,0.5445703864097595
4558,0.25976747274398804
4559,0.5224467515945435
4560,0.5397197008132935
4561,0.2793743908405304
4562,0.475971519947052
4563,0.47935760021209717
4564,0.8418177962303162
4565,0.6447594165802002
4566,0.3109493553638458
4567,0.573501706123352
4568,0.5031841397285461
4569,0.44234004616737366
4570,0.3198428153991699
4571,0.1424797624349594
4572,0.4426092207431793
4573,0.3930697739124298
4574,0.47922104597091675
4575,0.3655422329902649
4576,0.6894818544387817
4577,0.37782832980155945
4578,0.6010560989379883
4579,0.4834306836128235
4580,0.6036746501922607
4581,0.6161491870880127
4582,0.4561629593372345
4583,0.33140233159065247
4584,0.3469184637069702
4585,0.5920619964599609
4586,0.6230648756027222
4587,0.5558636784553528
4588,0.44842323660850525
4589,0.3389732837677002
4590,0.2831546664237976
4591,0.44525450468063354
4592,0.3697575330734253
4593,0.3459484577178955
4594,0.43419042229652405
4595,0.3872946500778198
4596,0.6257120966911316
4597,0.19749167561531067
4598,0.38253045082092285
4599,0.4574141204357147
4600,0.3288848400115967
4601,0.7364582419395447
4602,0.4373151361942291
4603,0.1932496875524521
4604,0.06596201658248901
4605,0.3565416634082794
4606,0.5045289993286133
4607,0.3965819776058197
4608,0.27144163846969604
4609,0.13510854542255402
4610,0.18856503069400787
4611,0.4753583073616028
4612,0.3671172261238098
4613,0.33441564440727234
4614,0.8490873575210571
4615,0.5980015397071838
4616,0.48453739285469055
4617,0.3735993206501007
4618,0.37987208366394043
4619,0.47332239151000977
4620,0.4032706320285797
4621,0.3140924870967865
4622,0.5258063673973083
4623,0.3117006719112396
4624,0.23567411303520203
4625,0.6372472643852234
4626,0.3022235929965973
4627,0.578230619430542
4628,0.3446793556213379
4629,0.41374754905700684
4630,0.4430655241012573
4631,0.40530163049697876
4632,0.4020354449748993
4633,0.7314562201499939
4634,0.5599455833435059
4635,0.22042134404182434
4636,0.4849429428577423
4637,0.5062831044197083
4638,0.20179694890975952
4639,0.13159094750881195
4640,0.38371866941452026
4641,0.3501676619052887
4642,0.6157257556915283
4643,0.8296656012535095
4644,0.34239891171455383
4645,0.1937190741300583
4646,0.5457956790924072
4647,0.3090701699256897
4648,0.36384615302085876
4649,0.6781203746795654
4650,0.3874000608921051
4651,0.5340508818626404
4652,0.43678638339042664
4653,0.6958675384521484
4654,0.617435872554779
4655,0.45613405108451843
4656,0.5630895495414734
4657,0.48547235131263733
4658,0.3977569043636322
4659,0.4021429121494293
4660,0.7618752121925354
4661,-0.012036927975714207
4662,0.7314949631690979
4663,0.34983909130096436
4664,0.618010401725769
4665,0.42523255944252014
4666,0.6932561993598938
4667,0.40919095277786255
4668,0.2418368011713028
4669,0.570728063583374
4670,0.5209677815437317
4671,0.8169771432876587
4672,0.3629654049873352
4673,0.553495466709137
4674,0.4753500521183014
4675,0.5129885077476501
4676,0.25539955496788025
4677,0.14007031917572021
4678,0.4917724132537842
4679,0.31136178970336914
4680,0.6189133524894714
4681,0.504901111125946
4682,0.6735984086990356
4683,0.3135669529438019
4684,0.20741839706897736
4685,0.284067302942276
4686,0.47629794478416443
4687,0.39151498675346375
4688,0.21221715211868286
4689,0.27534055709838867
4690,0.09521640092134476
4691,0.3773607909679413
4692,0.5394971370697021
4693,0.2269641011953354
4694,0.4705648124217987
4695,0.5907751321792603
4696,0.5182721018791199
4697,0.4625949263572693
4698,0.3654354214668274
4699,0.6570950150489807
4700,0.3520238399505615
4701,0.42275112867355347
4702,0.35928046703338623
4703,0.5520938038825989
4704,0.8555129170417786
4705,0.5730868577957153
4706,0.44758713245391846
4707,0.41204631328582764
4708,0.4526185691356659
4709,0.43055883049964905
4710,0.36148393154144287
4711,0.5351731777191162
4712,0.47836852073669434
4713,0.6446374654769897
4714,0.2220015525817871
4715,0.5185728073120117
4716,0.2005290985107422
4717,0.25647422671318054
4718,0.32220327854156494
4719,0.5537184476852417
4720,0.5380367040634155
4721,0.449148029088974
4722,0.4901665449142456
4723,0.412344366312027
4724,0.4273233413696289
4725,0.3147771656513214
4726,0.46311071515083313
4727,0.21254213154315948
4728,0.3781612813472748
4729,0.6573847532272339
4730,0.5934015512466431
4731,0.2582235038280487
4732,0.3344275951385498
4733,0.2266727238893509
4734,0.3301083445549011
4735,0.7546293139457703
4736,0.3319404721260071
4737,0.5422205924987793
4738,0.2620773911476135
4739,0.3535621762275696
4740,0.38643723726272583
4741,0.4695691764354706
4742,0.26754090189933777
4743,0.007737104780972004
4744,0.4874080419540405
4745,0.32764890789985657
4746,0.2717932164669037
4747,0.4849723279476166
4748,0.7416195869445801
4749,0.662855863571167
4750,0.5993655323982239
4751,0.8056416511535645
4752,0.7499109506607056
4753,0.34027189016342163
4754,0.7854503393173218
4755,0.49135658144950867
4756,0.13787658512592316
4757,0.39465269446372986
4758,0.4142785966396332
4759,0.2606131136417389
4760,0.49896836280822754
4761,0.5590307712554932
4762,0.38626646995544434
4763,0.4093935191631317
4764,0.3749953508377075
4765,0.12579955160617828
4766,0.5163288116455078
4767,0.2122219353914261
4768,0.2426633983850479
4769,0.24563780426979065
4770,0.15931715071201324
4771,0.523729681968689
4772,0.3857336640357971
4773,0.49647247791290283
4774,0.2973408102989197
4775,0.2783912420272827
4776,0.3648197054862976
4777,0.43165239691734314
4778,0.6808717250823975
4779,0.41367051005363464
4780,0.390835165977478
4781,0.5332701802253723
4782,0.49273017048835754
4783,0.5005935430526733
4784,0.3357253670692444
4785,0.5013343095779419
4786,0.6161164045333862
4787,0.1019570603966713
4788,0.5370827317237854
4789,0.3097682595252991
4790,0.43389368057250977
4791,0.22813554108142853
4792,0.77907395362854
4793,0.572099506855011
4794,0.3660382330417633
4795,0.41835230588912964
4796,0.6097486615180969
4797,0.37400153279304504
4798,0.29945486783981323
4799,0.22079983353614807
4800,0.410244882106781
4801,0.6207823753356934
4802,0.33774107694625854
4803,0.30388715863227844
4804,0.45904412865638733
4805,0.4808019697666168
4806,0.30144786834716797
4807,0.5316939353942871
4808,0.5699565410614014
4809,0.5503621697425842
4810,0.2904750406742096
4811,0.5687438249588013
4812,0.45319482684135437
4813,0.6081211566925049
4814,0.3919350206851959
4815,0.31930020451545715
4816,0.5436428189277649
4817,0.40646669268608093
4818,0.4783654510974884
4819,0.31585952639579773
4820,0.5351672172546387
4821,0.2579860985279083
4822,0.36431220173835754
4823,0.2512591779232025
4824,0.45983991026878357
4825,0.6571813225746155
4826,0.39399254322052
4827,0.8654102683067322
4828,0.23966406285762787
4829,0.23999999463558197
4830,0.3690544366836548
4831,0.47319576144218445
4832,0.7297079563140869
4833,0.4442429840564728
4834,0.330874502658844
4835,0.6417329907417297
4836,0.6050939559936523
4837,0.6013611555099487
4838,0.17986078560352325
4839,0.5281897187232971
4840,0.5851186513900757
4841,0.6102520823478699
4842,0.35108324885368347
4843,0.18621131777763367
4844,0.43136951327323914
4845,0.43815040588378906
4846,0.11083943396806717
4847,0.5589780211448669
4848,0.26238664984703064
4849,0.5892133116722107
4850,0.600944459438324
4851,0.37338748574256897
4852,0.29943883419036865
4853,0.5728338956832886
4854,0.5347704291343689
4855,0.4971822500228882
4856,0.646304190158844
4857,0.41947174072265625
4858,0.5562805533409119
4859,0.2806011736392975
4860,0.3474958539009094
4861,0.3397912383079529
4862,0.4139859974384308
4863,0.4304133951663971
4864,0.6522088050842285
4865,0.4121948480606079
4866,0.5351412892341614
4867,0.2984771430492401
4868,0.32348379492759705
4869,0.16479821503162384
4870,0.5205715894699097
4871,0.7287132143974304
4872,0.6536007523536682
4873,0.49598777294158936
4874,0.5509876608848572
4875,0.345416784286499
4876,0.49898195266723633
4877,0.298162579536438
4878,0.4848613440990448
4879,0.716022253036499
4880,0.3793262243270874
4881,0.41924190521240234
4882,0.25213080644607544
4883,0.572991132736206
4884,0.47213906049728394
4885,0.42559975385665894
4886,0.4243883490562439
4887,0.2698711156845093
4888,0.5008019208908081
4889,0.3073290288448334
4890,0.6770938038825989
4891,0.3527901768684387
4892,0.3358376622200012
4893,0.7364546060562134
4894,0.5756877660751343
4895,0.5125063061714172
