sequence_index,pearson_r
0,0.41751646995544434
1,0.3439091742038727
2,0.6402073502540588
3,0.6178357601165771
4,0.16331131756305695
5,0.13789702951908112
6,0.608442485332489
7,0.6123154759407043
8,0.46146681904792786
9,0.41117969155311584
10,0.2525193989276886
11,0.19748152792453766
12,0.6266355514526367
13,0.11575043201446533
14,0.330852746963501
15,0.37636005878448486
16,0.6924140453338623
17,0.34924769401550293
18,0.5770414471626282
19,0.48655474185943604
20,0.5475476980209351
21,0.4859556257724762
22,0.3117392957210541
23,0.5634090304374695
24,0.10662338137626648
25,0.24503165483474731
26,0.5126038789749146
27,0.7812451124191284
28,0.44175928831100464
29,0.5933551788330078
30,0.22999094426631927
31,0.056545473635196686
32,0.3183998465538025
33,0.5695376992225647
34,0.4117528200149536
35,0.25103887915611267
36,0.5470743179321289
37,0.1366615742444992
38,0.16267408430576324
39,0.6846280694007874
40,0.5364524722099304
41,0.6082735061645508
42,0.40121525526046753
43,0.6437705159187317
44,0.590547502040863
45,0.489911288022995
46,0.15455496311187744
47,0.18503446877002716
48,0.5202285051345825
49,0.1910882592201233
50,0.5646287202835083
51,0.4340653717517853
52,0.6075794100761414
53,0.28554588556289673
54,0.6272032856941223
55,0.7219375371932983
56,0.24567821621894836
57,0.3924224376678467
58,0.43949007987976074
59,0.557709276676178
60,0.6851665377616882
61,0.49746599793434143
62,0.1961851269006729
63,0.31834322214126587
64,0.3682374656200409
65,0.54263836145401
66,0.5891837477684021
67,0.4591061770915985
68,0.364715576171875
69,0.47305774688720703
70,0.4327954947948456
71,0.39984506368637085
72,0.36785203218460083
73,0.35045722126960754
74,0.40114927291870117
75,0.4854780435562134
76,0.05845523998141289
77,0.7467655539512634
78,0.5976384878158569
79,0.6212666034698486
80,0.856859028339386
81,0.4964554011821747
82,0.602664053440094
83,0.5314574837684631
84,0.871491014957428
85,0.6462246775627136
86,0.1230572834610939
87,0.7413022518157959
88,0.28610703349113464
89,0.8711158633232117
90,0.3474067449569702
91,0.5695046186447144
92,0.5406939387321472
93,0.5276646018028259
94,0.4668552577495575
95,0.32189109921455383
96,0.4633280336856842
97,0.3679242730140686
98,0.5676385760307312
99,0.6109458208084106
100,0.4564814269542694
101,0.45947954058647156
102,0.39188680052757263
103,0.24108873307704926
104,0.484020471572876
105,0.5941867828369141
106,0.23939743638038635
107,0.14442218840122223
108,0.44673585891723633
109,0.6563493609428406
110,0.30250638723373413
111,0.48399725556373596
112,0.34215912222862244
113,0.34977295994758606
114,0.27295973896980286
115,0.03187841922044754
116,0.46898797154426575
117,0.28951719403266907
118,0.466407835483551
119,0.40300288796424866
120,0.07751390337944031
121,0.46555396914482117
122,0.5029441118240356
123,0.6402329802513123
124,0.7166221141815186
125,0.40379366278648376
126,0.4436362087726593
127,0.3908950686454773
128,0.22903655469417572
129,0.43908828496932983
130,0.31109511852264404
131,0.6456379294395447
132,0.20079174637794495
133,0.497674822807312
134,0.6351916790008545
135,0.5430163741111755
136,0.38897308707237244
137,0.38089415431022644
138,0.6676591038703918
139,0.6071813702583313
140,0.30949872732162476
141,0.2243582159280777
142,0.3044949769973755
143,0.6818276643753052
144,0.4286910891532898
145,0.4292484223842621
146,0.38689079880714417
147,0.6217786073684692
148,0.2088976949453354
149,0.46601614356040955
150,0.2094210833311081
151,0.5071703195571899
152,0.6027664542198181
153,0.5734338760375977
154,0.6384522914886475
155,0.5395182371139526
156,0.2948129177093506
157,0.012807931751012802
158,0.3774843215942383
159,0.4940413534641266
160,0.5424355864524841
161,0.3176506459712982
162,0.6720011234283447
163,0.17366518080234528
164,0.6462629437446594
165,0.6702653765678406
166,0.49141380190849304
167,0.7095919251441956
168,0.3550105094909668
169,0.3398444950580597
170,0.2236299216747284
171,0.3993397057056427
172,0.15365135669708252
173,0.7430317997932434
174,0.5837382078170776
175,0.4952201545238495
176,0.5755828022956848
177,0.3916313946247101
178,0.4113926887512207
179,0.3609112501144409
180,0.5810148119926453
181,0.5133054852485657
182,0.44227099418640137
183,0.2830042243003845
184,0.43150535225868225
185,0.6646507382392883
186,0.4637366235256195
187,0.5363703966140747
188,0.4334597587585449
189,0.5104548335075378
190,-0.08254940807819366
191,0.6594499349594116
192,0.31915122270584106
193,0.3686026930809021
194,0.4194251596927643
195,0.23578539490699768
196,0.6131104230880737
197,0.6979423761367798
198,0.49457064270973206
199,0.5718227028846741
200,0.4121255874633789
201,0.46488073468208313
202,0.26374444365501404
203,0.674938440322876
204,0.4018433690071106
205,0.5297182202339172
206,0.3973768949508667
207,0.7731841206550598
208,0.5684525966644287
209,0.198872372508049
210,0.385669469833374
211,0.4773673117160797
212,0.4637277126312256
213,0.48480120301246643
214,0.508979082107544
215,0.5775225758552551
216,0.657072126865387
217,0.28643688559532166
218,0.42019638419151306
219,0.32222601771354675
220,0.3586287796497345
221,0.24904167652130127
222,0.3665940463542938
223,0.05379628762602806
224,0.5548005104064941
225,0.6321575045585632
226,0.5829700827598572
227,0.6195068359375
228,0.3630346357822418
229,0.7408945560455322
230,0.1745559424161911
231,0.2782256305217743
232,0.4566497802734375
233,0.4011949300765991
234,0.37345290184020996
235,0.48522382974624634
236,0.5967731475830078
237,0.27895161509513855
238,0.2709234952926636
239,0.14030860364437103
240,0.2075374275445938
241,0.4532240033149719
242,0.4480479657649994
243,0.4736914336681366
244,0.535420835018158
245,0.5835162997245789
246,0.41827449202537537
247,0.3015831410884857
248,0.6803568601608276
249,0.40463435649871826
250,0.5321025848388672
251,0.514883816242218
252,0.46658381819725037
253,0.3352898359298706
254,0.6227819919586182
255,0.51555335521698
256,0.4012605547904968
257,0.6224355101585388
258,0.6749624609947205
259,0.4321797490119934
260,0.8129075169563293
261,0.5682166814804077
262,0.151006817817688
263,0.41113951802253723
264,0.37634336948394775
265,0.7674716114997864
266,0.6631245017051697
267,0.41196107864379883
268,0.7218292355537415
269,0.39080217480659485
270,0.5418347716331482
271,0.626732587814331
272,0.24491892755031586
273,0.3429519236087799
274,0.2990019619464874
275,0.26651039719581604
276,0.5491371750831604
277,0.440213680267334
278,0.2228408306837082
279,0.5428342223167419
280,0.20787012577056885
281,0.43975457549095154
282,0.4268636107444763
283,0.5345297455787659
284,0.5349159836769104
285,0.5335130095481873
286,0.5362612009048462
287,0.38569536805152893
288,0.30014634132385254
289,0.7913187742233276
290,0.5946153998374939
291,0.8334042429924011
292,0.4241371154785156
293,0.4943646192550659
294,0.4316056966781616
295,0.8236184120178223
296,0.2891327142715454
297,0.28198811411857605
298,0.36433130502700806
299,0.7073056697845459
300,0.4021424353122711
301,0.6600785851478577
302,0.66130530834198
303,0.527334451675415
304,0.18552377820014954
305,0.692655622959137
306,0.5328750014305115
307,0.3925169110298157
308,0.4845573306083679
309,0.5246248841285706
310,0.46450889110565186
311,0.4565950334072113
312,0.7026611566543579
313,0.22684288024902344
314,0.5344948768615723
315,0.6726138591766357
316,0.5319092869758606
317,0.31388819217681885
318,0.6741173267364502
319,0.1714469939470291
320,0.33641090989112854
321,0.2887050211429596
322,0.22620132565498352
323,0.8777081966400146
324,0.7419074773788452
325,0.45420414209365845
326,0.4019674062728882
327,0.7499150633811951
328,0.38935577869415283
329,0.399061381816864
330,0.6330865621566772
331,0.2731020450592041
332,0.2874058187007904
333,0.39957159757614136
334,0.48239871859550476
335,0.36635351181030273
336,0.610436201095581
337,0.6818670034408569
338,0.35286790132522583
339,0.7339839935302734
340,0.64620441198349
341,0.1199895367026329
342,0.4089817702770233
343,0.3460414707660675
344,0.3220476806163788
345,0.5102465152740479
346,0.5973718166351318
347,0.48807865381240845
348,0.22594144940376282
349,0.3867162764072418
350,0.7432315349578857
351,0.6097005009651184
352,0.6900913715362549
353,0.31176042556762695
354,0.5410970449447632
355,0.40776848793029785
356,0.6343053579330444
357,0.34480831027030945
358,0.6888203620910645
359,0.3207082450389862
360,0.42797228693962097
361,0.46471959352493286
362,0.48511484265327454
363,0.4354535937309265
364,0.5340036153793335
365,0.24850668013095856
366,0.4259726405143738
367,0.7677525281906128
368,0.4151555597782135
369,0.2989165484905243
370,0.4719110131263733
371,0.36119186878204346
372,0.37869852781295776
373,0.3440459370613098
374,0.7461824417114258
375,0.5242127180099487
376,0.14862391352653503
377,0.6734193563461304
378,0.4427432715892792
379,0.14739029109477997
380,0.6246330142021179
381,0.5928396582603455
382,0.4546698033809662
383,0.2823527753353119
384,0.4321248531341553
385,0.4721857011318207
386,0.3868805170059204
387,0.5013935565948486
388,0.6926693916320801
389,0.18601490557193756
390,0.5451558828353882
391,0.14747966825962067
392,0.3560349941253662
393,0.3287157118320465
394,0.5312095880508423
395,0.708521842956543
396,0.2584722340106964
397,0.3715263605117798
398,0.6540655493736267
399,0.4788632392883301
400,0.4484010636806488
401,0.16054736077785492
402,0.5322070121765137
403,0.7024518847465515
404,0.025824951007962227
405,0.6563142538070679
406,0.5702172517776489
407,0.2478700429201126
408,0.4302392601966858
409,0.6594614386558533
410,0.40164509415626526
411,0.6388717293739319
412,0.3209971785545349
413,0.5048296451568604
414,0.6679197549819946
415,0.5370992422103882
416,0.2417192906141281
417,0.31982868909835815
418,0.2166386842727661
419,0.32132092118263245
420,0.5767694711685181
421,0.14793701469898224
422,0.3167504668235779
423,0.6206731200218201
424,0.5711920261383057
425,0.6194759607315063
426,0.03849830850958824
427,0.7600915431976318
428,0.5771220922470093
429,0.296497106552124
430,0.7343865036964417
431,0.2423376739025116
432,0.5874384045600891
433,0.648441731929779
434,0.3517864942550659
435,0.3383277654647827
436,0.5677252411842346
437,0.47925740480422974
438,0.10117245465517044
439,0.4148300886154175
440,0.5510042905807495
441,0.4155009984970093
442,0.30035996437072754
443,0.5527603626251221
444,0.3836667239665985
445,0.5799641013145447
446,0.23820345103740692
447,0.621106743812561
448,0.4343646764755249
449,0.31414538621902466
450,0.3242587745189667
451,0.6241540312767029
452,0.6084606051445007
453,0.44532567262649536
454,0.5612545013427734
455,0.2811509370803833
456,0.33150944113731384
457,0.531874418258667
458,0.5297562479972839
459,0.5366284847259521
460,0.7306574583053589
461,0.7209118008613586
462,0.41216161847114563
463,0.27539148926734924
464,0.480767160654068
465,0.7645347118377686
466,0.4514535665512085
467,0.5859772562980652
468,0.3661501109600067
469,0.3313761055469513
470,0.30700019001960754
471,0.4984706938266754
472,0.4293479919433594
473,0.5614825487136841
474,0.7016109824180603
475,0.38781288266181946
476,0.37688642740249634
477,0.5688780546188354
478,0.24433939158916473
479,0.6103060245513916
480,0.6233103275299072
481,0.40594854950904846
482,0.23917816579341888
483,0.7010114192962646
484,0.3978077173233032
485,0.24116823077201843
486,0.390316367149353
487,0.29512983560562134
488,0.638630747795105
489,0.7022687196731567
490,0.4667242467403412
491,0.33417969942092896
492,0.5592668056488037
493,0.3245646357536316
494,0.3460621237754822
495,0.4459143280982971
496,0.4191179871559143
497,0.35526326298713684
498,0.49260181188583374
499,0.5996097922325134
500,0.6398525238037109
501,0.5491296052932739
502,0.5698046088218689
503,0.5669495463371277
504,0.11824922263622284
505,0.44490861892700195
506,0.28565818071365356
507,0.5962929725646973
508,0.42134445905685425
509,0.5422004461288452
510,0.34059491753578186
511,0.7267405390739441
512,0.7146539092063904
513,0.5717909932136536
514,0.6852296590805054
515,0.3091357946395874
516,0.4504237473011017
517,0.43367618322372437
518,0.1655929535627365
519,0.31482383608818054
520,0.2583334743976593
521,0.4798227548599243
522,0.1751757711172104
523,0.5007458329200745
524,0.6896492838859558
525,0.33169838786125183
526,0.2015041559934616
527,0.5031403303146362
528,0.3520556092262268
529,0.43823012709617615
530,0.40159711241722107
531,0.5067073702812195
532,0.4750621020793915
533,0.44225820899009705
534,0.133470356464386
535,0.30197617411613464
536,0.293990820646286
537,0.1882316619157791
538,0.41225382685661316
539,0.3561004400253296
540,0.4280078709125519
541,0.44540631771087646
542,0.3074416518211365
543,0.5707342028617859
544,0.6088483929634094
545,0.4427189826965332
546,0.5948855876922607
547,0.5025136470794678
548,0.6251034140586853
549,0.5837435722351074
550,0.5966087579727173
551,0.42322683334350586
552,0.34207555651664734
553,0.3316833972930908
554,0.36682260036468506
555,0.300112247467041
556,0.488113671541214
557,0.20461663603782654
558,0.4666263163089752
559,0.4650217890739441
560,0.362269788980484
561,0.5174541473388672
562,0.3164385259151459
563,0.17801091074943542
564,0.5491238236427307
565,0.3421226143836975
566,0.46668320894241333
567,0.6749171018600464
568,0.5710460543632507
569,0.26612693071365356
570,0.25883692502975464
571,0.6126246452331543
572,0.24137546122074127
573,0.47426366806030273
574,0.4817965030670166
575,0.6573783755302429
576,0.4030119478702545
577,0.3854159414768219
578,0.332986056804657
579,0.2965008020401001
580,0.4753262996673584
581,0.6784655451774597
582,0.6333374977111816
583,0.5510883331298828
584,0.45957881212234497
585,0.29561442136764526
586,0.013839039951562881
587,0.1758091300725937
588,0.535359799861908
589,0.49985361099243164
590,0.24814914166927338
591,0.5302442908287048
592,0.65357905626297
593,0.4199134409427643
594,0.5284194350242615
595,0.5513514280319214
596,0.6318296194076538
597,0.1223771870136261
598,0.3950989246368408
599,0.7062028050422668
600,0.33620184659957886
601,0.4694777727127075
602,0.5312306880950928
603,0.43870335817337036
604,0.782511830329895
605,0.5630788803100586
606,0.36934006214141846
607,0.7325739860534668
608,0.45536962151527405
609,0.22196455299854279
610,0.41690894961357117
611,-0.02731141448020935
612,0.4626012444496155
613,0.8181715607643127
614,0.5402530431747437
615,0.5958590507507324
616,0.45271196961402893
617,0.5489316582679749
618,0.44172823429107666
619,0.4964653551578522
620,0.3203983008861542
621,0.46509385108947754
622,0.47298499941825867
623,0.6319706439971924
624,0.6790784001350403
625,0.29716068506240845
626,0.4305976927280426
627,0.16039742529392242
628,0.4733067452907562
629,0.1445218175649643
630,0.3845205307006836
631,0.4775609076023102
632,0.5952965021133423
633,0.5734498500823975
634,0.42634040117263794
635,0.32994315028190613
636,0.6014004349708557
637,0.43519291281700134
638,0.43278902769088745
639,0.8291864395141602
640,0.36871808767318726
641,0.4337301254272461
642,0.5759130716323853
643,0.6258504986763
644,0.4266929030418396
645,0.5076426267623901
646,0.4879207909107208
647,0.5816593170166016
648,0.25721466541290283
649,0.3490675687789917
650,0.22738945484161377
651,0.8780020475387573
652,0.6353387832641602
653,0.668501079082489
654,0.5264932513237
655,0.3819839656352997
656,0.3597753643989563
657,0.3101228177547455
658,-0.007071548141539097
659,0.29471591114997864
660,0.5163394212722778
661,0.38414478302001953
662,0.47186195850372314
663,0.3809471130371094
664,0.6504761576652527
665,0.47071579098701477
666,0.584075391292572
667,0.6556658148765564
668,0.4303204119205475
669,0.5681732296943665
670,0.526414155960083
671,0.47229793667793274
672,0.35195544362068176
673,0.6426457762718201
674,0.40663257241249084
675,0.5707375407218933
676,0.5595494508743286
677,0.49737173318862915
678,0.5316004157066345
679,0.3007540702819824
680,0.45570969581604004
681,0.6094793677330017
682,0.5542310476303101
683,0.6041555404663086
684,0.21027621626853943
685,0.2852473258972168
686,0.6344727873802185
687,0.49972718954086304
688,0.42025071382522583
689,0.5231965184211731
690,0.237005352973938
691,0.47225305438041687
692,0.49910080432891846
693,0.7280985116958618
694,0.173725426197052
695,0.5422592759132385
696,0.565057635307312
697,0.4564336836338043
698,0.8116326928138733
699,0.5652430653572083
700,0.6017746329307556
701,0.3908434808254242
702,0.7323713302612305
703,0.2978938817977905
704,0.45980119705200195
705,0.17061568796634674
706,0.2507021427154541
707,0.4076211452484131
708,0.5737909078598022
709,0.28508859872817993
710,0.4286171793937683
711,0.22760653495788574
712,0.6241587400436401
713,-0.004533573053777218
714,0.3386361002922058
715,0.4420730769634247
716,0.3986388146877289
717,0.2927391231060028
718,0.23307348787784576
719,0.7162281274795532
720,0.4325426518917084
721,0.6675794720649719
722,0.551231861114502
723,0.542130708694458
724,0.4701240658760071
725,0.30473870038986206
726,0.3655910789966583
727,0.5427284836769104
728,0.6101878881454468
729,0.5859651565551758
730,0.49536657333374023
731,0.5841966271400452
732,0.3817785382270813
733,0.4801514446735382
734,0.01651957631111145
735,0.34251391887664795
736,0.4985784590244293
737,0.45484328269958496
738,0.6351612210273743
739,0.04075365141034126
740,0.5760343074798584
741,0.5044371485710144
742,0.45808106660842896
743,0.6071125268936157
744,0.6281387805938721
745,0.34297579526901245
746,0.399204820394516
747,0.7466257810592651
748,0.40025776624679565
749,0.3826179504394531
750,0.32007697224617004
751,0.44199997186660767
752,0.5551263093948364
753,0.4634357690811157
754,0.7565813064575195
755,0.7138524055480957
756,0.39521631598472595
757,0.5623369216918945
758,0.43965572118759155
759,0.5693368315696716
760,0.37037038803100586
761,0.3964320719242096
762,0.6898052096366882
763,0.29473230242729187
764,0.32410693168640137
765,0.3940519690513611
766,0.6276783347129822
767,0.5690996646881104
768,0.4663955867290497
769,0.6917542219161987
770,0.7937162518501282
771,0.07849939167499542
772,0.4758322536945343
773,0.5315364003181458
774,0.5630230903625488
775,0.39701005816459656
776,0.5487244129180908
777,0.4801013469696045
778,0.5292766094207764
779,0.44378942251205444
780,0.5720601677894592
781,0.5885990858078003
782,0.5801271200180054
783,0.22221018373966217
784,0.28301116824150085
785,0.20834539830684662
786,0.5499073266983032
787,0.5015625357627869
788,0.6092747449874878
789,0.4349290132522583
790,0.32704073190689087
791,0.7470521926879883
792,0.5173489451408386
793,0.5669021606445312
794,0.5814787745475769
795,0.6499584913253784
796,0.4372718036174774
797,0.34471559524536133
798,0.5344573259353638
799,0.7795183062553406
800,0.22366757690906525
801,0.2795066237449646
802,0.531566858291626
803,0.5960818529129028
804,0.5100143551826477
805,0.5129892230033875
806,0.4486753046512604
807,0.04550721123814583
808,0.504875898361206
809,0.35299474000930786
810,0.4432203769683838
811,0.5150482058525085
812,0.4720008075237274
813,0.8233647346496582
814,0.4627489149570465
815,0.3998405635356903
816,0.7969046831130981
817,0.564629077911377
818,0.3988155126571655
819,0.37602952122688293
820,0.39415815472602844
821,0.5525373816490173
822,0.4788636267185211
823,0.5295456051826477
824,0.5549747943878174
825,0.39021316170692444
826,0.36096513271331787
827,0.5028894543647766
828,0.46045124530792236
829,0.4742853343486786
830,0.44853270053863525
831,0.5722571611404419
832,0.4011539816856384
833,0.4212563633918762
834,0.49367985129356384
835,0.5658028721809387
836,0.3323318064212799
837,0.5991538763046265
838,0.3928946554660797
839,0.31731295585632324
840,0.4005873501300812
841,0.5327891111373901
842,0.6224008798599243
843,0.3670714199542999
844,0.12084728479385376
845,0.527428150177002
846,0.520237147808075
847,0.7193430066108704
848,0.49316495656967163
849,0.26703718304634094
850,0.8844385743141174
851,0.6016624569892883
852,0.4051865041255951
853,0.6174650192260742
854,0.5764210820198059
855,0.5048903822898865
856,0.5732695460319519
857,0.5904238224029541
858,0.2719416320323944
859,0.3733893036842346
860,0.5596556663513184
861,0.7232624292373657
862,0.6839080452919006
863,0.6663798093795776
864,0.4118198752403259
865,0.5459870100021362
866,0.41538190841674805
867,0.24060778319835663
868,0.5050148367881775
869,0.604079008102417
870,0.17770890891551971
871,0.43518519401550293
872,0.4863645136356354
873,0.42944756150245667
874,0.5149074792861938
875,0.28819340467453003
876,0.27285709977149963
877,0.5532222986221313
878,0.7453258037567139
879,0.30783119797706604
880,0.4277922511100769
881,0.6221776604652405
882,0.4325293302536011
883,0.5443717837333679
884,0.5748261213302612
885,0.45245373249053955
886,0.18731199204921722
887,0.4845319390296936
888,0.3840227723121643
889,0.5967249870300293
890,0.49251359701156616
891,0.49530962109565735
892,0.30601727962493896
893,0.4670048952102661
894,0.529755175113678
895,0.6500794887542725
896,0.06559444218873978
897,0.42796239256858826
898,0.39773523807525635
899,0.5684254765510559
900,0.5788358449935913
901,0.5148215889930725
902,0.5561439394950867
903,0.596276581287384
904,0.26903024315834045
905,0.5557838082313538
906,0.2951751947402954
907,0.34007135033607483
908,0.20154237747192383
909,0.538070559501648
910,0.43439024686813354
911,0.26809123158454895
912,0.18312378227710724
913,0.015349259600043297
914,0.7115016579627991
915,0.6143680810928345
916,0.20679984986782074
917,0.4361823499202728
918,0.6526270508766174
919,0.537780225276947
920,0.48670196533203125
921,0.6497715711593628
922,0.22760209441184998
923,0.5996308326721191
924,0.3915172517299652
925,0.32758864760398865
926,0.5145068764686584
927,0.18873099982738495
928,0.5961440205574036
929,0.22895970940589905
930,0.1988331824541092
931,0.24189051985740662
932,0.11214738339185715
933,0.3271864652633667
934,0.3415452539920807
935,0.7327719926834106
936,0.5296478867530823
937,0.6721519231796265
938,0.15213729441165924
939,0.3248615860939026
940,0.4981836676597595
941,0.13891613483428955
942,0.59250408411026
943,0.5484217405319214
944,0.41330015659332275
945,0.3275092840194702
946,0.30009931325912476
947,0.52363121509552
948,0.5914340615272522
949,0.6439967751502991
950,0.40734028816223145
951,0.5510530471801758
952,0.07571075111627579
953,0.3976063132286072
954,0.576858401298523
955,0.5277873277664185
956,0.46943241357803345
957,0.45944762229919434
958,0.5066378712654114
959,0.17707207798957825
960,0.42007219791412354
961,0.19070228934288025
962,0.5155324935913086
963,0.5324298739433289
964,0.26999425888061523
965,0.7960105538368225
966,0.7404686808586121
967,0.06974714994430542
968,0.6183419227600098
969,0.5202108025550842
970,0.6083204746246338
971,0.3018757700920105
972,0.3983987271785736
973,0.17671296000480652
974,0.20020213723182678
975,0.8846992254257202
976,0.6283456087112427
977,0.449996680021286
978,0.29885050654411316
979,0.543292224407196
980,0.6573598384857178
981,0.679024338722229
982,0.35507991909980774
983,0.14397236704826355
984,0.4008311331272125
985,0.3666803240776062
986,0.3857386112213135
987,0.30510708689689636
988,0.4971703290939331
989,0.3967512547969818
990,0.554042398929596
991,0.29952558875083923
992,0.2510411739349365
993,0.37111592292785645
994,0.3958949148654938
995,0.3895922303199768
996,0.28826940059661865
997,0.45849546790122986
998,0.21766294538974762
999,0.47213178873062134
1000,0.2971542775630951
1001,0.2926624119281769
1002,0.7033562064170837
1003,0.5217311382293701
1004,0.27245140075683594
1005,0.409810334444046
1006,0.49852225184440613
1007,0.6500980854034424
1008,0.5019502639770508
1009,0.5018600225448608
1010,0.49816036224365234
1011,0.6143206357955933
1012,0.6617271900177002
1013,0.690330445766449
1014,0.4716067910194397
1015,0.5493971109390259
1016,0.1837892234325409
1017,0.41783031821250916
1018,0.31962960958480835
1019,0.2412644922733307
1020,0.3775136172771454
1021,0.4688226580619812
1022,0.5182703733444214
1023,0.5412607789039612
1024,0.6005831360816956
1025,0.7418074607849121
1026,0.23413848876953125
1027,0.6339911818504333
1028,0.49071839451789856
1029,0.32433319091796875
1030,0.3089407980442047
1031,0.6115435361862183
1032,0.37974461913108826
1033,0.3220033645629883
1034,0.20956401526927948
1035,0.3974774479866028
1036,0.36588194966316223
1037,0.5007615089416504
1038,0.2977469861507416
1039,0.5290305614471436
1040,0.6926138997077942
1041,0.27006494998931885
1042,0.48404520750045776
1043,0.3869110941886902
1044,0.3884430229663849
1045,0.4450806677341461
1046,0.38254666328430176
1047,0.5984821915626526
1048,0.4674047529697418
1049,0.11760396510362625
1050,0.5504502058029175
1051,0.6310173869132996
1052,0.6189066767692566
1053,0.44162213802337646
1054,0.2779151201248169
1055,0.15508678555488586
1056,0.45894917845726013
1057,0.3010765612125397
1058,0.5740423798561096
1059,0.5347819924354553
1060,0.2772471606731415
1061,0.07597345858812332
1062,0.6714441180229187
1063,0.5852265357971191
1064,0.15970371663570404
1065,0.6238145232200623
1066,0.47399839758872986
1067,0.13946963846683502
1068,0.6798387765884399
1069,0.49039050936698914
1070,0.40515807271003723
1071,0.7036784887313843
1072,0.14215703308582306
1073,0.47289103269577026
1074,0.22139760851860046
1075,0.4250783324241638
1076,0.5534100532531738
1077,0.45477986335754395
1078,0.18883934617042542
1079,0.5565852522850037
1080,0.5435600876808167
1081,0.2857900559902191
1082,0.4364072382450104
1083,0.5050042271614075
1084,0.5170653462409973
1085,0.21754038333892822
1086,0.24680639803409576
1087,0.3672463893890381
1088,0.15806835889816284
1089,0.6519818902015686
1090,0.5283421874046326
1091,0.35145995020866394
1092,0.37456056475639343
1093,0.6216911673545837
1094,0.7275496125221252
1095,0.5695399045944214
1096,0.15008531510829926
1097,0.45225751399993896
1098,0.40403351187705994
1099,0.597361147403717
1100,0.4228564500808716
1101,0.266072541475296
1102,0.4175959527492523
1103,0.4034790098667145
1104,0.5252224206924438
1105,0.35054677724838257
1106,0.4827267825603485
1107,0.29430654644966125
1108,0.48415663838386536
1109,0.4679619371891022
1110,0.48877987265586853
1111,0.5067939758300781
1112,0.513710081577301
1113,0.5664505362510681
1114,0.3988172709941864
1115,0.5903720855712891
1116,0.2725992798805237
1117,0.4521510899066925
1118,0.47166091203689575
1119,0.4752805531024933
1120,0.45811131596565247
1121,0.48351582884788513
1122,0.5970338582992554
1123,0.8780432343482971
1124,0.14019057154655457
1125,0.5053220391273499
1126,0.34298545122146606
1127,0.7357364892959595
1128,0.516190230846405
1129,0.183548703789711
1130,0.39600899815559387
1131,0.5256870985031128
1132,0.4601970613002777
1133,0.21908269822597504
1134,0.34824511408805847
1135,0.5620348453521729
1136,0.531507134437561
1137,0.473775178194046
1138,0.6291806101799011
1139,0.29987868666648865
1140,0.18976269662380219
1141,0.43849167227745056
1142,0.5735579133033752
1143,0.4955834448337555
1144,0.46873947978019714
1145,0.31522491574287415
1146,0.4035279452800751
1147,0.4385848939418793
1148,0.6072656512260437
1149,0.5696700811386108
1150,0.5781015753746033
1151,0.44018661975860596
1152,0.30198192596435547
1153,0.5028591156005859
1154,0.6766566038131714
1155,0.4063946008682251
1156,0.4267829358577728
1157,0.39773550629615784
1158,0.2927568852901459
1159,0.21273252367973328
1160,0.24308305978775024
1161,0.6708431839942932
1162,0.6052924394607544
1163,0.4346581995487213
1164,0.42044082283973694
1165,0.49105754494667053
1166,0.5401934385299683
1167,0.717013955116272
1168,0.5395025014877319
1169,0.347682923078537
1170,0.5402902364730835
1171,0.6044192910194397
1172,0.35413816571235657
1173,0.5550531148910522
1174,0.3149380683898926
1175,0.1708015352487564
1176,0.21397238969802856
1177,0.4766475558280945
1178,0.7049538493156433
1179,0.49031567573547363
1180,0.3364940583705902
1181,0.16032540798187256
1182,0.3941662311553955
1183,0.8164435625076294
1184,0.40842631459236145
1185,0.31267091631889343
1186,0.23486514389514923
1187,0.6892985105514526
1188,0.48689261078834534
1189,0.42419132590293884
1190,0.5514042973518372
1191,0.4598805904388428
1192,0.6472616195678711
1193,0.14776650071144104
1194,0.5071837902069092
1195,0.6151622533798218
1196,0.6049408316612244
1197,0.44086387753486633
1198,0.3705512583255768
1199,0.7758979201316833
1200,0.2245483696460724
1201,0.12557344138622284
1202,0.5827220678329468
1203,0.3607332110404968
1204,0.2706650495529175
1205,0.39401665329933167
1206,0.5082532167434692
1207,0.7651764750480652
1208,0.5234715938568115
1209,0.45863908529281616
1210,0.4247836172580719
1211,0.1791178584098816
1212,-0.030397631227970123
1213,0.38096916675567627
1214,0.636344313621521
1215,0.46114566922187805
1216,0.3466191291809082
1217,0.6343724727630615
1218,0.16977140307426453
1219,0.39942601323127747
1220,0.48197656869888306
1221,0.3203972280025482
1222,0.5821382999420166
1223,0.4137522280216217
1224,0.6353040933609009
1225,0.32896924018859863
1226,0.20551319420337677
1227,0.2913654148578644
1228,0.4852355420589447
1229,0.3674611747264862
1230,0.29467296600341797
1231,0.5725972056388855
1232,0.6370515823364258
1233,0.6605637073516846
1234,0.35173696279525757
1235,0.16966842114925385
1236,0.4379674196243286
1237,0.5417447090148926
1238,0.3768824636936188
1239,0.6577181816101074
1240,0.23184901475906372
1241,0.44924208521842957
1242,0.7029950618743896
1243,0.683321475982666
1244,0.27764078974723816
1245,0.5199182033538818
1246,0.4063272178173065
1247,0.2522808015346527
1248,0.5416538119316101
1249,0.18615147471427917
1250,0.2236289083957672
1251,0.45848554372787476
1252,0.49637988209724426
1253,0.5027013421058655
1254,0.5184438228607178
1255,0.4176197946071625
1256,0.575419545173645
1257,0.3157307207584381
1258,0.6004700660705566
1259,0.4562600255012512
1260,0.23375952243804932
1261,0.5067331790924072
1262,0.42776212096214294
1263,0.5096192359924316
1264,0.04975883662700653
1265,0.5186133980751038
1266,0.48403850197792053
1267,0.5399875640869141
1268,0.3190182149410248
1269,0.3188924789428711
1270,0.5131668448448181
1271,0.5357548594474792
1272,0.4767148196697235
1273,0.41557595133781433
1274,0.4120692312717438
1275,0.631676971912384
1276,0.654157280921936
1277,0.5833287835121155
1278,0.4208372235298157
1279,0.7083767652511597
1280,0.6685345768928528
1281,0.48679906129837036
1282,0.655119776725769
1283,0.2986341416835785
1284,0.36429569125175476
1285,0.31384459137916565
1286,0.5158476829528809
1287,-0.10244227200746536
1288,0.2560652792453766
1289,0.6315750479698181
1290,0.4241638481616974
1291,0.5106386542320251
1292,0.39041975140571594
1293,0.15866349637508392
1294,0.4307320713996887
1295,0.09670420736074448
1296,0.5558953285217285
1297,0.24869975447654724
1298,0.41188880801200867
1299,0.5376943945884705
1300,0.7333976030349731
1301,0.41713574528694153
1302,0.6251858472824097
1303,0.6094260811805725
1304,0.46787717938423157
1305,0.5522194504737854
1306,0.16135334968566895
1307,0.5000628232955933
1308,0.39388832449913025
1309,0.4341973066329956
1310,0.31697481870651245
1311,0.658175528049469
1312,0.5430475473403931
1313,0.6927231550216675
1314,0.5791448950767517
1315,0.2318144589662552
1316,0.4332830011844635
1317,0.3143100440502167
1318,0.566716730594635
1319,0.30423685908317566
1320,0.534426748752594
1321,0.18377713859081268
1322,0.6421353816986084
1323,0.14706283807754517
1324,0.24197058379650116
1325,0.23478849232196808
1326,0.35203707218170166
1327,0.519676685333252
1328,0.4313310384750366
1329,0.23372319340705872
1330,0.41558361053466797
1331,0.5080057978630066
1332,0.27292850613594055
1333,0.4385567903518677
1334,0.4713331460952759
1335,0.37013688683509827
1336,0.42643868923187256
1337,0.3657912611961365
1338,0.29600057005882263
1339,0.42791515588760376
1340,0.35538414120674133
1341,0.37352433800697327
1342,0.44342970848083496
1343,0.8141111731529236
1344,0.2164832353591919
1345,0.621917188167572
1346,0.5269157290458679
1347,0.5112906694412231
1348,0.40375906229019165
1349,0.6008294820785522
1350,0.3088843524456024
1351,0.39336833357810974
1352,0.401728093624115
1353,0.5213958024978638
1354,0.35335230827331543
1355,0.4775621294975281
1356,0.47739043831825256
1357,0.2886448800563812
1358,0.2646074891090393
1359,0.3633619248867035
1360,0.4110042452812195
1361,0.6881020069122314
1362,0.3846080005168915
1363,0.31706392765045166
1364,0.577339231967926
1365,0.5995391607284546
1366,0.6009253859519958
1367,0.29234838485717773
1368,0.1978956013917923
1369,0.2952345609664917
1370,0.34816017746925354
1371,0.4429605305194855
1372,0.4369453191757202
1373,0.3676389455795288
1374,0.19851738214492798
1375,0.3378155827522278
1376,0.573756217956543
1377,0.33947300910949707
1378,0.18183143436908722
1379,0.5257395505905151
1380,0.08885412663221359
1381,0.5374099612236023
1382,0.6491784453392029
1383,0.13977818191051483
1384,0.4008204936981201
1385,0.34866511821746826
1386,0.30568426847457886
1387,0.5515261888504028
1388,0.44102996587753296
1389,0.20928120613098145
1390,0.19152946770191193
1391,0.2465718537569046
1392,0.28004056215286255
1393,0.6481131315231323
1394,0.40492740273475647
1395,0.3979173004627228
1396,0.67299884557724
1397,0.5000245571136475
1398,0.7502444982528687
1399,0.3225463330745697
1400,0.5055397152900696
1401,0.48332709074020386
1402,0.19908204674720764
1403,0.5221161246299744
1404,0.32812944054603577
1405,0.17909477651119232
1406,0.628307044506073
1407,0.586644172668457
1408,0.23486383259296417
1409,0.42243650555610657
1410,0.515590488910675
1411,0.4970807135105133
1412,0.6152903437614441
1413,0.16325150430202484
1414,0.34120887517929077
1415,0.6398621201515198
1416,0.5353138446807861
1417,0.17455585300922394
1418,0.8196040987968445
1419,0.5395366549491882
1420,0.7571417689323425
1421,0.3542909622192383
1422,0.6840242147445679
1423,0.4255962371826172
1424,0.18216277658939362
1425,0.5731481313705444
1426,0.466717004776001
1427,0.5164186358451843
1428,0.31850093603134155
1429,0.6703066229820251
1430,0.3141545057296753
1431,0.4398100972175598
1432,0.31255820393562317
1433,0.40663570165634155
1434,0.3734850287437439
1435,0.37976905703544617
1436,0.40944501757621765
1437,0.3494720160961151
1438,0.08532766252756119
1439,0.16125833988189697
1440,0.531446099281311
1441,0.39191216230392456
1442,0.2977616786956787
1443,0.32032325863838196
1444,0.557861328125
1445,0.1138913556933403
1446,0.5087988376617432
1447,0.725967526435852
1448,0.4538995623588562
1449,0.5493036508560181
1450,0.38853034377098083
1451,0.23355887830257416
1452,0.12462938576936722
1453,0.18317635357379913
1454,0.5433023571968079
1455,0.2861640453338623
1456,0.6119836568832397
1457,0.6846281290054321
1458,0.3203306794166565
1459,0.3987140953540802
1460,0.6923894286155701
1461,0.4924505949020386
1462,0.3013781011104584
1463,0.5835737586021423
1464,0.5027217268943787
1465,0.39612793922424316
1466,0.3791934549808502
1467,0.4757577180862427
1468,0.3299335241317749
1469,0.3659057021141052
1470,0.49126872420310974
1471,0.39374542236328125
1472,0.10443796962499619
1473,0.4435783326625824
1474,0.3252464830875397
1475,0.5151469707489014
1476,0.3647695481777191
1477,0.5746638774871826
1478,0.3999544084072113
1479,0.5512418150901794
1480,0.5158650279045105
1481,0.6492377519607544
1482,0.4624950885772705
1483,0.34032338857650757
1484,0.8258928656578064
1485,0.5089914202690125
1486,0.2826436460018158
1487,0.23400157690048218
1488,0.3560422956943512
1489,0.3628847301006317
1490,0.7558726668357849
1491,0.5373579859733582
1492,0.19251826405525208
1493,0.43348369002342224
1494,0.5540697574615479
1495,0.5683831572532654
1496,0.5716879963874817
1497,0.3829699158668518
1498,0.2149416208267212
1499,0.4520131051540375
1500,0.28496772050857544
1501,0.3224220871925354
1502,0.5903732180595398
1503,0.5579537153244019
1504,0.29876983165740967
1505,0.42866310477256775
1506,0.2143458127975464
1507,0.48915427923202515
1508,0.3778481185436249
1509,0.41473957896232605
1510,0.3437546193599701
1511,0.3996162414550781
1512,0.56415855884552
1513,0.33032047748565674
1514,0.5146985054016113
1515,0.3965946137905121
1516,0.554479718208313
1517,0.03931727260351181
1518,0.2014855295419693
1519,0.48464640974998474
1520,0.6036599278450012
1521,0.5029276609420776
1522,0.6860818862915039
1523,0.060796625912189484
1524,0.40151211619377136
1525,0.5407769083976746
1526,0.16563086211681366
1527,0.5123224258422852
1528,0.39591583609580994
1529,0.3345879018306732
1530,0.4587705433368683
1531,0.43463703989982605
1532,0.495556116104126
1533,0.25087180733680725
1534,0.18014328181743622
1535,0.4188074469566345
1536,0.4625493884086609
1537,0.28451254963874817
1538,0.4908015727996826
1539,0.16725853085517883
1540,0.665079653263092
1541,0.3524506390094757
1542,0.2934596836566925
1543,0.5051944255828857
1544,0.3448074460029602
1545,0.44112491607666016
1546,0.41416582465171814
1547,0.34713080525398254
1548,0.26734283566474915
1549,0.2553340792655945
1550,0.5070412755012512
1551,0.4637167751789093
1552,0.48052123188972473
1553,0.5366091132164001
1554,0.40817034244537354
1555,0.3736795485019684
1556,0.5051483511924744
1557,0.4829743802547455
1558,0.5550506114959717
1559,0.18296468257904053
1560,0.7081659436225891
1561,0.2535591125488281
1562,0.648334264755249
1563,0.30921000242233276
1564,0.418045312166214
1565,0.2849762439727783
1566,0.25263646245002747
1567,0.4060465097427368
1568,0.528094470500946
1569,0.38278087973594666
1570,0.6403390765190125
1571,0.4611578583717346
1572,0.24055157601833344
1573,0.28854838013648987
1574,0.466949999332428
1575,0.26522523164749146
1576,0.387763112783432
1577,0.5678479671478271
1578,0.45862334966659546
1579,0.2397555261850357
1580,0.27487170696258545
1581,0.4518924951553345
1582,0.36990755796432495
1583,0.36992278695106506
1584,0.661817729473114
1585,0.8412922620773315
1586,0.5096474289894104
1587,0.6607329845428467
1588,0.74086993932724
1589,0.42114031314849854
1590,0.4934064447879791
1591,0.24161262810230255
1592,0.4188973009586334
1593,0.35246986150741577
1594,0.24469414353370667
1595,0.3641665279865265
1596,0.5005117058753967
1597,0.4258522391319275
1598,0.4632266163825989
1599,0.46640536189079285
1600,0.4409043490886688
1601,0.43749627470970154
1602,0.4796590209007263
1603,0.26220056414604187
1604,0.20481599867343903
1605,0.49906226992607117
1606,0.4711295962333679
1607,0.5189796090126038
1608,0.20859137177467346
1609,0.4839683771133423
1610,0.7326768636703491
1611,0.5196865797042847
1612,0.4016708433628082
1613,0.22654227912425995
1614,0.607623279094696
1615,0.5967965126037598
1616,0.6197342276573181
1617,0.4175492525100708
1618,0.41555529832839966
1619,0.3641136586666107
1620,0.3733159005641937
1621,0.4459093511104584
1622,0.4228571057319641
1623,0.5163911581039429
1624,0.5225420594215393
1625,0.40366068482398987
1626,0.6122714877128601
1627,0.8874198198318481
1628,0.5312222242355347
1629,0.7086888551712036
1630,0.6279480457305908
1631,0.24301275610923767
1632,0.3775065541267395
1633,0.6462899446487427
1634,0.773499071598053
1635,0.532656729221344
1636,0.3433677852153778
1637,0.37975990772247314
1638,0.3615175187587738
1639,0.7467164993286133
1640,0.20079544186592102
1641,0.42879077792167664
1642,0.44015517830848694
1643,0.525597870349884
1644,0.4465218782424927
1645,0.35365182161331177
1646,0.07880625873804092
1647,0.6469643115997314
1648,0.29043370485305786
1649,0.5381057262420654
1650,0.12406916916370392
1651,0.13939109444618225
1652,0.452913373708725
1653,0.5132701992988586
1654,0.512555718421936
1655,0.4810478389263153
1656,0.5295487642288208
1657,0.546397864818573
1658,0.6150139570236206
1659,0.4494522213935852
1660,0.6038346886634827
1661,0.33382996916770935
1662,0.4743012487888336
1663,0.23387748003005981
1664,0.424843430519104
1665,0.2330562174320221
1666,0.6938244700431824
1667,0.3696269690990448
1668,0.43561792373657227
1669,0.5290223956108093
1670,0.699916660785675
1671,0.49760785698890686
1672,0.5035794973373413
1673,0.1388877034187317
1674,0.6116126775741577
1675,0.4840511083602905
1676,0.27582719922065735
1677,0.6253777742385864
1678,0.16888995468616486
1679,0.5799093246459961
1680,0.5001643300056458
1681,0.39423689246177673
1682,0.4579901099205017
1683,0.37834879755973816
1684,0.7372541427612305
1685,0.3421979546546936
1686,0.5608656406402588
1687,0.2918546199798584
1688,0.24461612105369568
1689,0.1646537482738495
1690,0.5999879240989685
1691,0.6689615845680237
1692,0.3523786962032318
1693,0.7728608846664429
1694,0.6706860065460205
1695,0.3451913893222809
1696,0.6255640983581543
1697,0.47014182806015015
1698,0.16957500576972961
1699,0.4734293520450592
1700,0.5504554510116577
1701,0.4060494303703308
1702,0.6629976630210876
1703,0.46910691261291504
1704,0.5221742987632751
1705,0.46868011355400085
1706,0.4956839680671692
1707,0.46894362568855286
1708,0.7564409971237183
1709,0.6146830320358276
1710,0.15189407765865326
1711,0.7485621571540833
1712,0.5704701542854309
1713,0.35760822892189026
1714,0.43471455574035645
1715,0.12755845487117767
1716,0.7205531001091003
1717,0.5021674633026123
1718,0.2986520528793335
1719,0.2566985487937927
1720,0.2342478632926941
1721,0.30801674723625183
1722,0.4830319881439209
1723,0.5650271773338318
1724,0.24209555983543396
1725,0.2266792356967926
1726,-0.048670314252376556
1727,0.1279674917459488
1728,0.2815755605697632
1729,0.4657156467437744
1730,0.3874993622303009
1731,0.37727898359298706
1732,0.43509015440940857
1733,0.40974387526512146
1734,0.7228705286979675
1735,0.29835814237594604
1736,0.09340985864400864
1737,0.31460824608802795
1738,0.4149332344532013
1739,0.12248872220516205
1740,0.34503230452537537
1741,0.23485857248306274
1742,0.2725229859352112
1743,0.26334044337272644
1744,0.05737413093447685
1745,0.6000506281852722
1746,0.2970035672187805
1747,0.44036865234375
1748,0.283150315284729
1749,0.33461761474609375
1750,0.4421209692955017
1751,0.40905067324638367
1752,0.7848569750785828
1753,0.3499898612499237
1754,0.6515527963638306
1755,0.0939059928059578
1756,0.5240080952644348
1757,0.21935515105724335
1758,0.6377531290054321
1759,0.38810431957244873
1760,0.6132704615592957
1761,0.36895424127578735
1762,0.3214382231235504
1763,0.5833308100700378
1764,0.363964319229126
1765,0.5376242399215698
1766,0.38864609599113464
1767,0.5534513592720032
1768,0.6402395963668823
1769,0.3564647436141968
1770,0.6674857139587402
1771,0.47268548607826233
1772,0.46622154116630554
1773,0.5296764969825745
1774,0.5280341506004333
1775,0.32730725407600403
1776,0.3727497160434723
1777,0.31406867504119873
1778,0.5090629458427429
1779,0.6643097996711731
1780,0.4172111451625824
1781,0.40949809551239014
1782,0.38475266098976135
1783,0.25383448600769043
1784,0.4151424169540405
1785,0.5308594107627869
1786,0.7698616981506348
1787,0.3939060866832733
1788,0.40973809361457825
1789,0.5908534526824951
1790,0.648801863193512
1791,0.5702081322669983
1792,0.45938217639923096
1793,0.49141725897789
1794,0.4631258249282837
1795,0.33849912881851196
1796,0.3684982359409332
1797,0.18659518659114838
1798,0.5722050666809082
1799,0.5296015739440918
1800,0.3802599012851715
1801,0.6188055276870728
1802,0.5389915108680725
1803,0.5228190422058105
1804,0.4577101171016693
1805,0.5985899567604065
1806,0.482344388961792
1807,0.19068510830402374
1808,0.40948235988616943
1809,0.49833178520202637
1810,0.3326629102230072
1811,0.4539051055908203
1812,0.5086789727210999
1813,0.33171898126602173
1814,0.5656298398971558
1815,0.427781343460083
1816,0.34076860547065735
1817,0.531112551689148
1818,0.5433387160301208
1819,0.5270532965660095
1820,0.6159738898277283
1821,0.35799548029899597
1822,0.5140354037284851
1823,0.2834954857826233
1824,0.559575617313385
1825,0.5881184339523315
1826,0.6344107389450073
1827,0.43455350399017334
1828,0.7277619242668152
1829,0.4987596571445465
1830,0.32039695978164673
1831,0.32125160098075867
1832,0.17185567319393158
1833,0.23349325358867645
1834,0.37013471126556396
1835,0.34630298614501953
1836,0.49698254466056824
1837,0.41842225193977356
1838,0.5866509079933167
1839,0.5721675157546997
1840,0.13797405362129211
1841,0.3150438070297241
1842,0.5517172813415527
1843,0.4709968566894531
1844,0.6984602212905884
1845,0.25876450538635254
1846,-0.03060099110007286
1847,0.5229160785675049
1848,0.4309914708137512
1849,0.560779869556427
1850,0.44241660833358765
1851,0.48997762799263
1852,0.5319592952728271
1853,0.33091145753860474
1854,0.26437750458717346
1855,0.20452968776226044
1856,0.38131752610206604
1857,0.8481108546257019
1858,0.2859077751636505
1859,0.4174899458885193
1860,0.5511241555213928
1861,0.04750529304146767
1862,0.36636847257614136
1863,0.26177579164505005
1864,0.4916350543498993
1865,0.704042911529541
1866,0.6763477325439453
1867,0.6561551094055176
1868,0.26585283875465393
1869,0.5288313031196594
1870,0.5281073451042175
1871,0.5037914514541626
1872,0.5234879851341248
1873,0.5893970131874084
1874,0.1364496648311615
1875,0.43574556708335876
1876,0.5252808928489685
1877,0.6079999804496765
1878,0.7458378076553345
1879,0.5829118490219116
1880,0.4628256559371948
1881,0.6214752197265625
1882,0.46392741799354553
1883,0.6216355562210083
1884,0.3836018443107605
1885,0.37281185388565063
1886,0.4524489641189575
1887,0.446800172328949
1888,0.36363235116004944
1889,0.5304731726646423
1890,0.13852369785308838
1891,0.6579287052154541
1892,0.49055778980255127
1893,0.46728235483169556
1894,0.7148654460906982
1895,0.530637800693512
1896,0.2818530797958374
1897,0.39016228914260864
1898,0.8101760149002075
1899,0.3939318358898163
1900,0.20420540869235992
1901,0.7019754648208618
1902,0.31899258494377136
1903,0.46145328879356384
1904,0.20929673314094543
1905,0.10477665811777115
1906,0.5875867009162903
1907,0.3266943693161011
1908,0.33705148100852966
1909,0.46042245626449585
1910,0.46131470799446106
1911,0.4529721736907959
1912,0.4243781864643097
1913,0.40183764696121216
1914,0.20803715288639069
1915,0.8058356642723083
1916,0.37939441204071045
1917,0.18098822236061096
1918,0.2767701745033264
1919,0.25699281692504883
1920,0.5485071539878845
1921,0.5663729906082153
1922,0.5919998288154602
1923,0.2215627133846283
1924,0.3670460879802704
1925,0.4844508469104767
1926,0.3610982596874237
1927,0.5080249309539795
1928,0.43795105814933777
1929,0.5220164060592651
1930,0.46471869945526123
1931,0.0923728197813034
1932,0.5083733201026917
1933,0.5253269672393799
1934,0.49819931387901306
1935,0.3537176549434662
1936,0.7097796201705933
1937,0.5089784264564514
1938,0.4912034273147583
1939,0.7144654989242554
1940,0.6136185526847839
1941,0.4806725084781647
1942,0.40073642134666443
1943,0.21360674500465393
1944,0.4666930139064789
1945,0.45226892828941345
1946,0.2481684535741806
1947,0.520001232624054
1948,0.3372710347175598
1949,0.5665953755378723
1950,0.511624276638031
1951,0.6120372414588928
1952,0.2656354606151581
1953,0.40537920594215393
1954,0.4654758870601654
1955,0.42280569672584534
1956,0.16538074612617493
1957,0.40783247351646423
1958,0.2744452655315399
1959,0.6260995268821716
1960,0.5560059547424316
1961,0.5145228505134583
1962,-0.00022441330656874925
1963,0.2852373719215393
1964,0.27588406205177307
1965,0.6397046446800232
1966,0.4731847047805786
1967,0.24464485049247742
1968,0.6166138052940369
1969,0.31283727288246155
1970,0.7646398544311523
1971,0.35093599557876587
1972,0.6293649077415466
1973,0.42130640149116516
1974,0.18014390766620636
1975,0.5527443885803223
1976,0.44530221819877625
1977,0.6168948411941528
1978,0.6132533550262451
1979,0.391287624835968
1980,0.7392926216125488
1981,0.2523990571498871
1982,0.4483550190925598
1983,0.7390469908714294
1984,0.39103204011917114
1985,0.30929800868034363
1986,0.15351392328739166
1987,0.4749812185764313
1988,0.4514978528022766
1989,0.4371604919433594
1990,0.17889386415481567
1991,0.426771879196167
1992,0.6834350824356079
1993,0.6400781869888306
1994,0.5109871029853821
1995,0.48357975482940674
1996,0.4575592875480652
1997,0.417091429233551
1998,0.1908903867006302
1999,0.6502348780632019
2000,0.4518786072731018
2001,0.6049946546554565
2002,0.32310953736305237
2003,0.6226123571395874
2004,0.27078792452812195
2005,0.4356019198894501
2006,0.6555762887001038
2007,0.42372986674308777
2008,0.6205939054489136
2009,0.25447511672973633
2010,0.6656575798988342
2011,0.6052938103675842
2012,0.4554297626018524
2013,0.5032733678817749
2014,0.49620863795280457
2015,0.5102371573448181
2016,0.6121068596839905
2017,0.636262834072113
2018,0.39323315024375916
2019,0.3427463173866272
2020,0.1842791587114334
2021,0.3802891671657562
2022,0.35434040427207947
2023,0.45475757122039795
2024,0.33484962582588196
2025,0.43831026554107666
2026,0.4897293448448181
2027,0.6678259372711182
2028,0.2652953267097473
2029,0.6513250470161438
2030,0.45206496119499207
2031,0.45924466848373413
2032,0.5498127937316895
2033,0.46307572722435
2034,0.29991772770881653
2035,0.6045099496841431
2036,0.244015634059906
2037,0.31406477093696594
2038,0.6217951774597168
2039,0.3679501712322235
2040,0.30263403058052063
2041,0.5177602171897888
2042,0.3719790279865265
2043,0.09017946571111679
2044,0.49835264682769775
2045,0.33670300245285034
2046,0.3957875370979309
2047,0.5344398021697998
2048,0.6152247786521912
2049,0.22803573310375214
2050,0.42011475563049316
2051,0.5209308862686157
2052,0.6100945472717285
2053,0.5104855895042419
2054,0.39123138785362244
2055,0.508927047252655
2056,0.4064887464046478
2057,0.45434632897377014
2058,0.6155077815055847
2059,0.7328057885169983
2060,0.3740287721157074
2061,0.7943383455276489
2062,0.6843723654747009
2063,0.5445948243141174
2064,0.3448924422264099
2065,0.43503275513648987
2066,0.5280332565307617
2067,0.3505023419857025
2068,0.2470843493938446
2069,0.6005091071128845
2070,0.30962467193603516
2071,0.4783271253108978
2072,0.30290576815605164
2073,0.5230780243873596
2074,0.7082803845405579
2075,0.7059410214424133
2076,0.08396205306053162
2077,0.5327778458595276
2078,0.7475897669792175
2079,0.5158752799034119
2080,0.5029223561286926
2081,0.34877046942710876
2082,0.7285854816436768
2083,0.39106985926628113
2084,0.5050593018531799
2085,0.523699164390564
2086,0.6281208395957947
2087,0.48558416962623596
2088,0.6263611316680908
2089,0.40676209330558777
2090,0.4808136820793152
2091,0.28485164046287537
2092,0.5057037472724915
2093,0.8013945817947388
2094,0.26146838068962097
2095,0.2596878707408905
2096,0.3714740574359894
2097,0.7573401927947998
2098,0.4725438356399536
2099,0.6354745626449585
2100,0.3102395236492157
2101,0.5251675844192505
2102,0.5157583951950073
2103,0.7456589341163635
2104,0.42658504843711853
2105,0.25613412261009216
2106,0.3938169479370117
2107,0.518134355545044
2108,0.5510150790214539
2109,0.4943230450153351
2110,0.4456709027290344
2111,0.2692261338233948
2112,0.47975438833236694
2113,0.5258862376213074
2114,0.2186925709247589
2115,0.3029771149158478
2116,0.34745538234710693
2117,0.6461121439933777
2118,0.5358476042747498
2119,0.27222928404808044
2120,0.6049731969833374
2121,0.4149976670742035
2122,0.4007616639137268
2123,0.18479721248149872
2124,0.3653719425201416
2125,0.3123292624950409
2126,0.24245816469192505
2127,0.27470770478248596
2128,0.40144792199134827
2129,0.5164363384246826
2130,0.43082988262176514
2131,0.5053070187568665
2132,0.4401739835739136
2133,0.39328375458717346
2134,0.6117255687713623
2135,0.43469685316085815
2136,0.37823501229286194
2137,0.36566162109375
2138,0.5615866780281067
2139,0.29647764563560486
2140,0.07710426300764084
2141,0.5173854827880859
2142,0.48523423075675964
2143,0.2395208775997162
2144,0.43057781457901
2145,0.6428255438804626
2146,0.6260262131690979
2147,0.37474414706230164
2148,0.546890139579773
2149,0.43694519996643066
2150,0.2411436140537262
2151,0.20733140408992767
2152,0.47627928853034973
2153,0.4029403626918793
2154,0.5356385707855225
2155,0.5474725365638733
2156,0.3514731824398041
2157,0.5533446073532104
2158,0.4041411578655243
2159,0.33305472135543823
2160,0.4533928632736206
2161,0.6254622936248779
2162,0.2362000197172165
2163,0.6298436522483826
2164,0.45762133598327637
2165,0.10484053194522858
2166,0.03970680758357048
2167,0.26953545212745667
2168,0.4308817684650421
2169,0.4639700651168823
2170,0.414452463388443
2171,0.3659141957759857
2172,0.004290454089641571
2173,0.4441930651664734
2174,0.6391667127609253
2175,0.35104459524154663
2176,0.39696645736694336
2177,0.11940636485815048
2178,0.5410351157188416
2179,0.6407003998756409
2180,0.5974119305610657
2181,0.6718112826347351
2182,0.43468669056892395
2183,0.7272125482559204
2184,0.2587449550628662
2185,0.5513980984687805
2186,0.3898361623287201
2187,-0.0021300571970641613
2188,0.6771513223648071
2189,0.14837107062339783
2190,0.5155689120292664
2191,0.643028736114502
2192,0.21756912767887115
2193,0.5163555145263672
2194,0.25049498677253723
2195,0.597716212272644
2196,0.4385097622871399
2197,0.5649819374084473
2198,0.04440056160092354
2199,0.47051990032196045
2200,0.5095818638801575
2201,0.4081200957298279
2202,0.3812294602394104
2203,0.2369336485862732
2204,0.21800515055656433
2205,0.42393743991851807
2206,0.4455864131450653
2207,0.2120828628540039
2208,0.33206048607826233
2209,0.18318556249141693
2210,0.3755764961242676
2211,0.5333966016769409
2212,0.2221832126379013
2213,0.3622342050075531
2214,0.2652667760848999
2215,0.4407183825969696
2216,0.5830214619636536
2217,0.4468168020248413
2218,0.4368356764316559
2219,0.5169910788536072
2220,0.5201628804206848
2221,0.4840462803840637
2222,0.41280126571655273
2223,0.4026661515235901
2224,0.2990228235721588
2225,0.2907431125640869
2226,0.5670532584190369
2227,0.46813350915908813
2228,0.6238002181053162
2229,0.052548233419656754
2230,0.6461061239242554
2231,0.6360981464385986
2232,0.3517944812774658
2233,0.34642350673675537
2234,0.3492375910282135
2235,0.3312608003616333
2236,0.2323582023382187
2237,0.6158899664878845
2238,0.29846397042274475
2239,0.35793986916542053
2240,0.508202314376831
2241,0.4435563385486603
2242,0.3601989150047302
2243,0.7884302139282227
2244,0.4861421585083008
2245,0.3868214786052704
2246,0.2999782860279083
2247,0.6300737857818604
2248,0.6943104863166809
2249,0.6649264097213745
2250,0.24214869737625122
2251,0.39570027589797974
2252,0.18183904886245728
2253,0.5061148405075073
2254,0.3511374294757843
2255,0.35029709339141846
2256,0.6446065306663513
2257,0.6775228381156921
2258,0.274969220161438
2259,0.22505706548690796
2260,0.7391948103904724
2261,0.5845341086387634
2262,0.23577041923999786
2263,0.6240748167037964
2264,0.28312307596206665
2265,-0.039912670850753784
2266,0.30086642503738403
2267,0.3992038369178772
2268,0.6300486922264099
2269,0.6909928917884827
2270,0.5583255887031555
2271,0.3963432312011719
2272,0.3717964291572571
2273,0.27236929535865784
2274,0.33010944724082947
2275,0.594760537147522
2276,0.6447782516479492
2277,0.5882855653762817
2278,0.46638113260269165
2279,0.3177134096622467
2280,0.5126964449882507
2281,0.4412785470485687
2282,0.3711449205875397
2283,0.041165370494127274
2284,0.5809792876243591
2285,0.37624210119247437
2286,0.196388840675354
2287,0.22239895164966583
2288,0.844009280204773
2289,0.5787134170532227
2290,0.7205027937889099
2291,0.4437320828437805
2292,0.5385463833808899
2293,0.5067821145057678
2294,0.33610522747039795
2295,0.2895411550998688
2296,0.5911055207252502
2297,0.2877642810344696
2298,0.658859133720398
2299,0.47635287046432495
2300,0.45636647939682007
2301,0.6229475736618042
2302,0.35616534948349
2303,0.4846824109554291
2304,0.30630579590797424
2305,0.8843451738357544
2306,0.5186769366264343
2307,0.5775161981582642
2308,0.07451241463422775
2309,0.10068168491125107
2310,0.2465076893568039
2311,0.8160300850868225
2312,0.42368143796920776
2313,0.4601660966873169
2314,0.31158092617988586
2315,0.6637982130050659
2316,0.42110124230384827
2317,0.08448372781276703
2318,0.46163156628608704
2319,0.487876296043396
2320,0.46731457114219666
2321,0.3440600633621216
2322,0.24108090996742249
2323,0.5152419805526733
2324,0.3991965353488922
2325,0.16547241806983948
2326,0.38831761479377747
2327,0.7219326496124268
2328,0.17684374749660492
2329,0.37772953510284424
2330,0.3073326349258423
2331,0.1941450834274292
2332,0.3633681535720825
2333,0.7365807890892029
2334,0.21936136484146118
2335,0.44818708300590515
2336,0.6350627541542053
2337,0.34955087304115295
2338,0.7071178555488586
2339,0.2482035756111145
2340,0.4271751344203949
2341,0.5502662062644958
2342,0.5071403980255127
2343,0.548262357711792
2344,0.19486966729164124
2345,0.4720863401889801
2346,0.4181362986564636
2347,0.3421899676322937
2348,0.5296137928962708
2349,0.5930832624435425
2350,0.14053437113761902
2351,0.40686851739883423
2352,0.6131086349487305
2353,0.4875057637691498
2354,0.3718301057815552
2355,0.4725315272808075
2356,0.24571719765663147
2357,0.496709942817688
2358,0.5456474423408508
2359,0.6125593185424805
2360,0.3841811716556549
2361,0.4340807795524597
2362,0.38635942339897156
2363,0.23168113827705383
2364,0.520114004611969
2365,0.46679386496543884
2366,0.449128121137619
2367,0.44929859042167664
2368,0.6918410062789917
2369,0.38051727414131165
2370,0.3780864179134369
2371,0.4925701916217804
2372,0.29867222905158997
2373,0.3636767566204071
2374,0.34209802746772766
2375,0.35216474533081055
2376,0.4944790303707123
2377,0.3950439393520355
2378,0.3432236313819885
2379,0.4880139231681824
2380,0.3894132077693939
2381,0.3746661841869354
2382,0.2892046868801117
2383,0.7352887988090515
2384,0.36675798892974854
2385,0.28666871786117554
2386,0.6343244910240173
2387,0.2557377815246582
2388,0.30800285935401917
2389,0.26269397139549255
2390,0.5787582993507385
2391,0.36053934693336487
2392,0.550095796585083
2393,0.4403612017631531
2394,0.3413580060005188
2395,0.45367974042892456
2396,0.5735799670219421
2397,0.5291524529457092
2398,0.38036784529685974
2399,0.4196328818798065
2400,0.3944404125213623
2401,0.570644199848175
2402,0.3792863190174103
2403,0.2895093262195587
2404,0.3711203336715698
2405,0.6267486214637756
2406,0.6485590934753418
2407,0.362865149974823
2408,0.6465309858322144
2409,0.5253200531005859
2410,0.46654653549194336
2411,0.16242113709449768
2412,0.4421916902065277
2413,0.09525413811206818
2414,0.07658582925796509
2415,0.0657750740647316
2416,0.3930422365665436
2417,0.5023062825202942
2418,0.4214126169681549
2419,0.5519794821739197
2420,0.5422903895378113
2421,0.35935261845588684
2422,0.5992269515991211
2423,0.3388217091560364
2424,0.16964027285575867
2425,0.5548301339149475
2426,0.12791325151920319
2427,0.6188891530036926
2428,0.5485423803329468
2429,0.40069618821144104
2430,0.5462787747383118
2431,0.6892824769020081
2432,0.37522995471954346
2433,0.4472317695617676
2434,0.43092015385627747
2435,0.585607647895813
2436,0.43205949664115906
2437,0.1814524233341217
2438,0.6648151278495789
2439,0.665374219417572
2440,0.20019656419754028
2441,0.5236375331878662
2442,0.5656984448432922
2443,0.6023235321044922
2444,0.5390449166297913
2445,0.37139660120010376
2446,0.23525533080101013
2447,0.5769382119178772
2448,0.22746941447257996
2449,0.29787498712539673
2450,0.1554318368434906
2451,0.3967883884906769
2452,0.2841006815433502
2453,0.2852695882320404
2454,0.49978452920913696
2455,0.4553239345550537
2456,0.4364355802536011
2457,0.5638427734375
2458,0.4877115786075592
2459,0.6430785655975342
2460,0.4390891194343567
2461,0.5074028372764587
2462,0.5471024513244629
2463,0.4711977243423462
2464,0.43525081872940063
2465,0.6317275166511536
2466,0.33019202947616577
2467,0.2882484197616577
2468,0.3946767747402191
2469,0.5966453552246094
2470,0.5291552543640137
2471,0.21651394665241241
2472,0.6829431653022766
2473,0.46394115686416626
2474,0.39874348044395447
2475,0.20611192286014557
2476,0.2028379887342453
2477,0.39216503500938416
2478,0.38295966386795044
2479,0.3933282792568207
2480,0.47696828842163086
2481,0.6707295775413513
2482,0.40438151359558105
2483,0.1133873462677002
2484,0.3608110249042511
2485,0.4109309911727905
2486,0.34685036540031433
2487,0.40195953845977783
2488,0.3066459000110626
2489,0.8009874224662781
2490,0.5722547769546509
2491,0.6463252902030945
2492,0.2804047465324402
2493,0.37631916999816895
2494,0.5279087424278259
2495,0.644219696521759
2496,0.4031509757041931
2497,0.311166375875473
2498,0.4382662773132324
2499,0.34517717361450195
2500,0.5393490195274353
2501,0.4424685537815094
2502,0.45465952157974243
2503,0.2656039595603943
2504,0.5119485259056091
2505,0.4753294885158539
2506,0.30641186237335205
2507,0.45380741357803345
2508,0.5705806016921997
2509,0.38430455327033997
2510,0.63832688331604
2511,0.32591506838798523
2512,0.7911070585250854
2513,0.6660332679748535
2514,0.4358923137187958
2515,0.36496439576148987
2516,0.6207637786865234
2517,0.2839110493659973
2518,0.38032135367393494
2519,0.6595914363861084
2520,0.48107248544692993
2521,0.5955435037612915
2522,0.4163239002227783
2523,0.3766084909439087
2524,0.4271382987499237
2525,0.5364181995391846
2526,0.8191964626312256
2527,0.74806147813797
2528,0.2617568373680115
2529,0.46372565627098083
2530,0.5362609624862671
2531,0.06932593882083893
2532,0.48491784930229187
2533,0.4929399788379669
2534,0.496610164642334
2535,0.5493718385696411
2536,0.4696529507637024
2537,0.360431045293808
2538,0.6728401184082031
2539,0.7374721765518188
2540,0.21989805996418
2541,0.6456906795501709
2542,0.2530708909034729
2543,0.7411254048347473
2544,0.7053025364875793
2545,0.2875177264213562
2546,0.3479785621166229
2547,0.4332527220249176
2548,0.727681040763855
2549,0.42292073369026184
2550,0.21865405142307281
2551,0.4153905212879181
2552,0.34767255187034607
2553,0.37170612812042236
2554,0.538174569606781
2555,0.4616723954677582
2556,0.30577316880226135
2557,0.32525378465652466
2558,0.6248610615730286
2559,0.37797054648399353
2560,0.5153854489326477
2561,0.3560812771320343
2562,0.8398598432540894
2563,0.2906000316143036
2564,0.6165497303009033
2565,0.6551017761230469
2566,0.536523163318634
2567,0.24017255008220673
2568,0.4096544086933136
2569,0.4842566251754761
2570,0.6039259433746338
2571,0.7953027486801147
2572,0.3751988410949707
2573,0.39927938580513
2574,0.2491426020860672
2575,0.296063095331192
2576,0.38931673765182495
2577,0.340304970741272
2578,0.39061403274536133
2579,0.4005676209926605
2580,0.09646646678447723
2581,0.43746644258499146
2582,0.6760842800140381
2583,0.1576233059167862
2584,0.25652480125427246
2585,0.41452986001968384
2586,0.6228165626525879
2587,0.4776324927806854
2588,0.5662051439285278
2589,0.7422782778739929
2590,0.23657214641571045
2591,0.28632301092147827
2592,0.25356370210647583
2593,0.5649929642677307
2594,0.13966606557369232
2595,0.4552086293697357
2596,0.43062907457351685
2597,0.6141963601112366
2598,0.5014876127243042
2599,0.31233203411102295
2600,0.484817773103714
2601,0.4419018626213074
2602,0.38026291131973267
2603,0.34634703397750854
2604,0.4053569734096527
2605,0.5458859801292419
2606,0.2900170683860779
2607,0.5232717394828796
2608,0.4957141876220703
2609,0.40134045481681824
2610,0.630224883556366
2611,0.5319738388061523
2612,0.5860728025436401
2613,0.044695328921079636
2614,0.5118676424026489
2615,0.7970883846282959
2616,0.6959594488143921
2617,0.34541046619415283
2618,0.17376483976840973
2619,0.21901236474514008
2620,0.35060304403305054
2621,0.07873508334159851
2622,0.43144968152046204
2623,0.7870582342147827
2624,0.2794964611530304
2625,0.046200573444366455
2626,0.08632519841194153
2627,0.23640350997447968
2628,0.23168428242206573
2629,0.6824026107788086
2630,0.49619582295417786
2631,0.5733273029327393
2632,0.20266780257225037
2633,0.7326816320419312
2634,0.38542699813842773
2635,0.577336311340332
2636,0.2354203164577484
2637,0.5393610596656799
2638,0.5751031041145325
2639,0.22570906579494476
2640,0.24126121401786804
2641,0.40901297330856323
2642,0.42680180072784424
2643,0.45712560415267944
2644,0.45777153968811035
2645,0.4052000045776367
2646,0.3853834271430969
2647,0.3769678473472595
2648,0.6244801878929138
2649,0.24522866308689117
2650,0.3948385417461395
2651,0.15781211853027344
2652,-0.08463471382856369
2653,0.6023510098457336
2654,0.6310964226722717
2655,0.5364253520965576
2656,0.39741772413253784
2657,0.6413595080375671
2658,0.26075732707977295
2659,0.4172805845737457
2660,0.18306748569011688
2661,0.639197587966919
2662,0.421282023191452
2663,0.3109544813632965
2664,0.21588222682476044
2665,0.38123074173927307
2666,0.42049548029899597
2667,0.7310214638710022
2668,0.3668557405471802
2669,0.5469641089439392
2670,0.585414469242096
2671,0.29522860050201416
2672,0.7043288946151733
2673,0.416226327419281
2674,0.7263472676277161
2675,0.6481354832649231
2676,0.30236414074897766
2677,0.4194428026676178
2678,0.5817902684211731
2679,0.4962652027606964
2680,0.43907973170280457
2681,0.46825626492500305
2682,0.6953662037849426
2683,0.570568323135376
2684,0.17545261979103088
2685,0.32364317774772644
2686,0.37330707907676697
2687,0.5699900984764099
2688,0.5387173295021057
2689,0.5130675435066223
2690,0.37571612000465393
2691,0.3154935836791992
2692,0.5304815173149109
2693,0.6920686364173889
2694,0.7100046873092651
2695,0.7570823431015015
2696,0.4280434548854828
2697,0.28497594594955444
2698,0.6024054884910583
2699,0.34224551916122437
2700,0.2213066667318344
2701,0.5206895470619202
2702,0.4505988359451294
2703,0.3947128355503082
2704,0.4045543372631073
2705,0.6800094246864319
2706,0.5080965161323547
2707,0.16600851714611053
2708,0.6576831936836243
2709,0.3193558156490326
2710,0.3040105998516083
2711,0.5559390187263489
2712,0.30143338441848755
2713,0.7653156518936157
2714,0.4840315878391266
2715,0.38876524567604065
2716,0.7109616994857788
2717,0.42277514934539795
2718,0.39774325489997864
2719,0.5661345720291138
2720,0.1639234572649002
2721,0.4135418236255646
2722,0.46310847997665405
2723,0.3513936996459961
2724,0.4337649941444397
2725,0.7358776926994324
2726,0.5445691347122192
2727,0.4439130127429962
2728,0.6121252775192261
2729,0.17860443890094757
2730,0.246084526181221
2731,0.6187659502029419
2732,0.693609893321991
2733,0.46384409070014954
2734,0.3586832582950592
2735,0.6411429047584534
2736,0.6074196100234985
2737,0.4216952919960022
2738,0.16270007193088531
2739,0.650658130645752
2740,0.5373972058296204
2741,0.3181850016117096
2742,0.3301182687282562
2743,0.314588725566864
2744,0.5718244314193726
2745,0.13163749873638153
2746,0.34023231267929077
2747,0.6256457567214966
2748,0.4854077994823456
2749,0.33089321851730347
2750,0.6940702795982361
2751,0.6439804434776306
2752,0.27463972568511963
2753,0.3951479196548462
2754,0.6200769543647766
2755,0.571587324142456
2756,0.4507114291191101
2757,0.38759613037109375
2758,0.3129759728908539
2759,0.8205799460411072
2760,0.42601144313812256
2761,0.32529205083847046
2762,0.42155325412750244
2763,0.6069853901863098
2764,0.5532523989677429
2765,0.6205460429191589
2766,0.4331263303756714
2767,0.26168081164360046
2768,0.6730679869651794
2769,0.3106003999710083
2770,0.3838493824005127
2771,0.41539549827575684
2772,0.2618224620819092
2773,0.22509460151195526
2774,0.5392524003982544
2775,0.1697678118944168
2776,0.5933254361152649
2777,0.5832661986351013
2778,0.6679826974868774
2779,0.3377784192562103
2780,0.39363712072372437
2781,0.29911646246910095
2782,0.24582789838314056
2783,0.4222126305103302
2784,0.26004961133003235
2785,0.7772585153579712
2786,0.661430835723877
2787,0.14617474377155304
2788,0.5090388655662537
2789,0.3927519619464874
2790,0.6085551977157593
2791,0.32107487320899963
2792,0.7432039976119995
2793,0.485453337430954
2794,0.7368546724319458
2795,0.1936597377061844
2796,0.3472806215286255
2797,0.4486369490623474
2798,0.4251728057861328
2799,0.40250125527381897
2800,0.3617154657840729
2801,0.42046022415161133
2802,0.4429960250854492
2803,0.3042391836643219
2804,0.6939804553985596
2805,0.41647499799728394
2806,0.43729713559150696
2807,0.3418336510658264
2808,0.5802726149559021
2809,0.7665822505950928
2810,0.5046221613883972
2811,0.42499348521232605
2812,0.2600920498371124
2813,0.6297652125358582
2814,0.10773633420467377
2815,0.4502151608467102
2816,0.5727872848510742
2817,0.781667172908783
2818,0.5190127491950989
2819,0.28660890460014343
2820,0.41697898507118225
2821,0.2829991281032562
2822,0.39893776178359985
2823,0.5927600860595703
2824,0.291513055562973
2825,0.429645836353302
2826,0.5627610683441162
2827,0.4571097195148468
2828,0.36501359939575195
2829,0.39018014073371887
2830,0.4056081175804138
2831,0.4233584702014923
2832,0.6757463216781616
2833,0.5541141033172607
2834,0.3867797553539276
2835,0.534538209438324
2836,0.5687757730484009
2837,0.38903993368148804
2838,0.5798364877700806
2839,0.4751545488834381
2840,0.2890099883079529
2841,0.36101797223091125
2842,0.411750853061676
2843,0.385518878698349
2844,0.1691596806049347
2845,0.3292842507362366
2846,0.7157602310180664
2847,0.2130720317363739
2848,0.6490848660469055
2849,0.45269423723220825
2850,0.49406203627586365
2851,0.45289599895477295
2852,0.7876977324485779
2853,0.5570363998413086
2854,0.3280852437019348
2855,0.5566583275794983
2856,0.5185235738754272
2857,0.4429084062576294
2858,0.4394519627094269
2859,0.12954850494861603
2860,0.5427231192588806
2861,0.572267472743988
2862,0.43215590715408325
2863,0.5743615031242371
2864,0.4795055389404297
2865,0.5270615220069885
2866,0.5913534164428711
2867,0.4453660845756531
2868,0.32297810912132263
2869,0.5817142128944397
2870,0.3821033835411072
2871,0.3319270610809326
2872,0.5807671546936035
2873,0.7363642454147339
2874,0.5205525159835815
2875,0.6283476948738098
2876,0.3431021273136139
2877,0.5930161476135254
2878,0.2762002646923065
2879,0.10859738290309906
2880,0.4695066809654236
2881,0.4421883523464203
2882,0.0928751677274704
2883,0.5845322012901306
2884,0.36096224188804626
2885,0.322009801864624
2886,0.3964899480342865
2887,0.2120817005634308
2888,0.919646143913269
2889,0.8151457905769348
2890,0.5784223079681396
2891,0.5105582475662231
2892,0.5746052265167236
2893,0.662968099117279
2894,0.44261565804481506
2895,0.34828677773475647
2896,0.5951945781707764
2897,0.6786791086196899
2898,0.39148420095443726
2899,0.425944983959198
2900,0.567151665687561
2901,0.8797183036804199
2902,0.40807873010635376
2903,0.47945669293403625
2904,0.704974889755249
2905,0.6919063925743103
2906,0.6825342774391174
2907,0.20709241926670074
2908,0.35338592529296875
2909,0.88319331407547
2910,0.6137325763702393
2911,0.36756423115730286
2912,0.41305041313171387
2913,0.41143476963043213
2914,0.28605708479881287
2915,0.5230481624603271
2916,0.36235177516937256
2917,0.21882213652133942
2918,0.44434475898742676
2919,0.393420934677124
2920,0.3131526708602905
2921,0.32160642743110657
2922,0.5835649967193604
2923,0.3058353066444397
2924,0.5701323747634888
2925,0.6013529300689697
2926,0.25707757472991943
2927,0.5961703062057495
2928,0.39229851961135864
2929,0.5951715707778931
2930,0.5530067086219788
2931,0.2016245722770691
2932,0.3928285241127014
2933,0.3694002330303192
2934,0.3904772996902466
2935,0.20632630586624146
2936,0.36563730239868164
2937,0.6285175681114197
2938,0.27170175313949585
2939,0.29396119713783264
2940,0.5666012763977051
2941,0.3381693959236145
2942,0.4976964294910431
2943,0.5875967144966125
2944,0.4846653640270233
2945,0.48009368777275085
2946,0.34795278310775757
2947,0.45952025055885315
2948,0.3174135684967041
2949,0.3251587152481079
2950,0.472113698720932
2951,0.1876707375049591
2952,0.4390173554420471
2953,0.38151228427886963
2954,0.3756686747074127
2955,0.5478625297546387
2956,0.29449108242988586
2957,0.47052136063575745
2958,0.56517493724823
2959,0.14373578131198883
2960,0.35903415083885193
2961,0.6201910972595215
2962,0.5375365018844604
2963,0.42612454295158386
2964,0.23032230138778687
2965,0.2084837108850479
2966,0.5410732626914978
2967,0.5156873464584351
2968,0.2860967516899109
2969,0.5769535303115845
2970,0.27034109830856323
2971,0.7385886311531067
2972,0.4504775404930115
2973,0.6194719672203064
2974,0.6390580534934998
2975,0.6678833961486816
2976,0.571002185344696
2977,0.2853086590766907
2978,0.42955100536346436
2979,0.5483605861663818
2980,0.5256836414337158
2981,0.3875810503959656
2982,0.5223322510719299
2983,0.2234252691268921
2984,0.4574582278728485
2985,0.26086652278900146
2986,0.6085034608840942
2987,0.4006667137145996
2988,0.41055336594581604
2989,0.5464677214622498
2990,0.407672256231308
2991,0.37994369864463806
2992,0.413580983877182
2993,0.47791996598243713
2994,0.5403462648391724
2995,0.5104277729988098
2996,0.519629180431366
2997,0.25912779569625854
2998,0.8419892191886902
2999,0.3252217471599579
3000,0.3548484444618225
3001,0.5886688828468323
3002,0.4349732995033264
3003,0.36714836955070496
3004,0.19277752935886383
3005,0.5924373269081116
3006,0.1641322821378708
3007,0.4097382128238678
3008,0.26063770055770874
3009,0.6333101391792297
3010,0.3843793272972107
3011,0.5334858894348145
3012,0.5776363015174866
3013,0.33862727880477905
3014,0.5275636315345764
3015,0.5463665127754211
3016,0.3968312442302704
3017,0.4649539291858673
3018,0.23413564264774323
3019,0.4506165385246277
3020,0.621002197265625
3021,0.5195987224578857
3022,0.3359891176223755
3023,0.6988616585731506
3024,0.5811391472816467
3025,0.4049730896949768
3026,0.4956430494785309
3027,0.3768286406993866
3028,0.5303245782852173
3029,0.4397142827510834
3030,0.47940123081207275
3031,0.7309032082557678
3032,0.5390979647636414
3033,0.46788427233695984
3034,0.3034120798110962
3035,0.37814781069755554
3036,0.5068866610527039
3037,0.6004104614257812
3038,0.3372960388660431
3039,0.5589938163757324
3040,0.5390194058418274
3041,0.04269013926386833
3042,0.8760885000228882
3043,0.4308966398239136
3044,0.5169777870178223
3045,0.39337143301963806
3046,0.39036282896995544
3047,0.3263525366783142
3048,0.4249034821987152
3049,0.45934709906578064
3050,0.3553062975406647
3051,0.23624293506145477
3052,0.5191994905471802
3053,0.6060874462127686
3054,0.41360145807266235
3055,0.3544173538684845
3056,0.432853639125824
3057,0.28720054030418396
3058,0.42224958539009094
3059,0.5806947350502014
3060,0.6190032362937927
3061,0.3186887502670288
3062,0.2714722752571106
3063,0.6029107570648193
3064,0.5654609203338623
3065,0.2117583155632019
3066,0.30528607964515686
3067,0.6339508891105652
3068,0.6349462866783142
3069,0.6243267059326172
3070,0.364128977060318
3071,0.4686340391635895
3072,0.46319377422332764
3073,0.3389737904071808
3074,0.573228657245636
3075,0.4824508726596832
3076,0.5124359726905823
3077,0.4639449417591095
3078,0.595378041267395
3079,0.36224284768104553
3080,0.2739845812320709
3081,0.7590054869651794
3082,0.6667546629905701
3083,0.6071111559867859
3084,0.6498440504074097
3085,0.5595128536224365
3086,0.4961802363395691
3087,0.39524582028388977
3088,0.4336397051811218
3089,0.5908271670341492
3090,0.5722157955169678
3091,0.4063692092895508
3092,0.6497013568878174
3093,0.4575830101966858
3094,0.2811151146888733
3095,0.3080225884914398
3096,0.8240071535110474
3097,0.43071654438972473
3098,0.30639591813087463
3099,0.4105524718761444
3100,0.5237265229225159
3101,0.4302113354206085
3102,0.5082557797431946
3103,0.37875446677207947
3104,0.4339878261089325
3105,0.4997894763946533
3106,0.2852838635444641
3107,0.5378316640853882
3108,0.4677295386791229
3109,0.3281431198120117
3110,0.45241492986679077
3111,0.5750410556793213
3112,0.626911461353302
3113,0.4358181357383728
3114,0.39854657649993896
3115,0.3940235376358032
3116,0.8412798047065735
3117,0.45104143023490906
3118,0.6383369565010071
3119,0.5650905966758728
3120,0.4576984643936157
3121,0.7114667892456055
3122,0.1374048888683319
3123,0.5918160676956177
3124,0.4143986403942108
3125,0.26264047622680664
3126,0.5317956209182739
3127,0.4142861068248749
3128,0.5035483241081238
3129,0.2753741145133972
3130,0.07472128421068192
3131,0.7410183548927307
3132,0.24726466834545135
3133,0.36628440022468567
3134,0.10422787815332413
3135,0.4147973954677582
3136,0.3399888873100281
3137,0.49224790930747986
3138,0.4042568504810333
3139,0.2777732014656067
3140,0.6742488145828247
3141,0.2769289016723633
3142,0.4114016890525818
3143,0.4583572745323181
3144,0.13503722846508026
3145,0.6405528783798218
3146,0.1573057323694229
3147,0.6831601858139038
3148,0.29239511489868164
3149,0.5856188535690308
3150,0.6732947826385498
3151,0.8828299045562744
3152,0.2677066922187805
3153,0.29804572463035583
3154,0.5628966689109802
3155,0.2401779294013977
3156,0.5813890099525452
3157,0.4870580732822418
3158,0.5439670085906982
3159,0.5921041965484619
3160,0.327556848526001
3161,0.47193095088005066
3162,0.2922115921974182
3163,0.5617522597312927
3164,0.25469833612442017
3165,0.9304648041725159
3166,0.41810277104377747
3167,0.5209290385246277
3168,0.4961536228656769
3169,0.22363467514514923
3170,0.4288557469844818
3171,0.6584950685501099
3172,0.6395229697227478
3173,0.5324274897575378
3174,0.5756195187568665
3175,0.37845227122306824
3176,0.06879989057779312
3177,0.2489631623029709
3178,0.6703541874885559
3179,0.29887187480926514
3180,0.4336826503276825
3181,0.5828961730003357
3182,0.5840146541595459
3183,0.3664965331554413
3184,0.4768964648246765
3185,0.34737080335617065
3186,0.5635600090026855
3187,0.38254716992378235
3188,0.5557481050491333
3189,0.4943626821041107
3190,0.6210024952888489
3191,0.35161375999450684
3192,0.6079086661338806
3193,0.42670348286628723
3194,0.5315309762954712
3195,0.45706868171691895
3196,0.5747318863868713
3197,0.8709703683853149
3198,0.3556201159954071
3199,0.5721027851104736
3200,0.5716197490692139
3201,0.08871502429246902
3202,0.4710659086704254
3203,0.3329732418060303
3204,0.4797826111316681
3205,0.4123489260673523
3206,0.7659122943878174
3207,0.6203453540802002
3208,0.5345660448074341
3209,0.26751649379730225
3210,0.3778839409351349
3211,0.25929155945777893
3212,0.44406408071517944
3213,0.5853356122970581
3214,0.3424872159957886
3215,0.6604762673377991
3216,0.30254101753234863
3217,0.861838698387146
3218,0.5734484195709229
3219,0.5312591195106506
3220,0.21097972989082336
3221,0.35349729657173157
3222,0.22361338138580322
3223,0.7729424834251404
3224,0.37356749176979065
3225,0.22417685389518738
3226,0.5170911550521851
3227,0.6100301146507263
3228,0.6789899468421936
3229,0.7456034421920776
3230,0.5694184303283691
3231,0.45062294602394104
3232,0.6840260624885559
3233,0.24392735958099365
3234,0.4797677993774414
3235,0.4743327796459198
3236,0.30551669001579285
3237,0.5456830859184265
3238,0.3564886450767517
3239,0.492092490196228
3240,0.22740504145622253
3241,0.30937644839286804
3242,0.3997431695461273
3243,0.5668754577636719
3244,0.5928887724876404
3245,0.2825373709201813
3246,0.5067680478096008
3247,0.21731379628181458
3248,0.56015944480896
3249,0.5844261646270752
3250,0.33182981610298157
3251,0.5733962655067444
3252,0.3186735212802887
3253,0.2827601134777069
3254,0.28161850571632385
3255,0.6493353843688965
3256,0.41257792711257935
3257,0.49109530448913574
3258,0.6464007496833801
3259,0.36972692608833313
3260,0.6759492754936218
3261,0.6289103627204895
3262,0.565454363822937
3263,0.32058843970298767
3264,0.670995831489563
3265,0.37674376368522644
3266,0.6177817583084106
3267,0.448971152305603
3268,0.22839948534965515
3269,0.2987789511680603
3270,0.5219528079032898
3271,0.3201060891151428
3272,0.5385026931762695
3273,0.30846279859542847
3274,0.532950758934021
3275,0.23787708580493927
3276,0.5886449217796326
3277,0.48505598306655884
3278,0.4418088495731354
3279,0.3886573016643524
3280,0.513094425201416
3281,0.4455849528312683
3282,0.327006995677948
3283,0.3407173752784729
3284,0.09611546993255615
3285,0.49783703684806824
3286,0.3040311634540558
3287,0.6477396488189697
3288,0.27772659063339233
3289,0.6011423468589783
3290,0.39715927839279175
3291,0.3378688097000122
3292,0.33063364028930664
3293,0.5628708004951477
3294,0.25891247391700745
3295,0.4033239483833313
3296,0.7339110970497131
3297,0.29442062973976135
3298,0.28786665201187134
3299,0.09436563402414322
3300,0.5340631008148193
3301,0.6926172971725464
3302,0.2488945722579956
3303,0.38096410036087036
3304,0.41043153405189514
3305,0.36624419689178467
3306,0.5006368160247803
3307,0.15089048445224762
3308,0.540585458278656
3309,0.7232886552810669
3310,0.24942858517169952
3311,0.4278276562690735
3312,0.371353417634964
3313,0.4359402656555176
3314,0.29471343755722046
3315,0.28992724418640137
3316,0.6142257452011108
3317,0.30698806047439575
3318,0.3426908850669861
3319,0.7395100593566895
3320,0.3658716380596161
3321,0.5665978193283081
3322,0.26697054505348206
3323,0.48483791947364807
3324,0.26607343554496765
3325,0.4356295168399811
3326,0.20928272604942322
3327,0.3040356934070587
3328,0.24513699114322662
3329,0.3943958580493927
3330,0.29848232865333557
3331,0.2684954106807709
3332,0.3943324685096741
3333,0.4472322463989258
3334,0.6030462384223938
3335,0.5087805986404419
3336,0.6606671214103699
3337,0.24105766415596008
3338,0.6055138111114502
3339,0.5038604736328125
3340,0.39113080501556396
3341,0.44082850217819214
3342,0.5291559100151062
3343,0.6720209121704102
3344,0.7061719298362732
3345,0.38786226511001587
3346,0.6152844429016113
3347,0.5115830898284912
3348,0.43214574456214905
3349,0.2301582247018814
3350,0.41902580857276917
3351,0.518368661403656
3352,0.324224591255188
3353,0.5873135924339294
3354,0.5814664363861084
3355,0.6383064985275269
3356,0.3653256893157959
3357,0.5669373869895935
3358,0.3413577377796173
3359,0.3702634274959564
3360,-0.019228314980864525
3361,0.5143155455589294
3362,0.5151602029800415
3363,0.33524176478385925
3364,0.4935694634914398
3365,0.5818480253219604
3366,0.5877361297607422
3367,0.3768315613269806
3368,0.5681034326553345
3369,0.38780495524406433
3370,0.5456135869026184
3371,0.46158525347709656
3372,0.2567479610443115
3373,0.5507435202598572
3374,0.41250234842300415
3375,0.2242232710123062
3376,0.6574937105178833
3377,0.08729124814271927
3378,0.2818441390991211
3379,0.7028402090072632
3380,0.37070703506469727
3381,0.4886733591556549
3382,0.6346282958984375
3383,0.5251258015632629
3384,0.29537132382392883
3385,0.5577070116996765
3386,0.4188561737537384
3387,0.3903617262840271
3388,0.255692720413208
3389,0.1985933780670166
3390,0.5613644123077393
3391,0.2857057452201843
3392,0.3974371552467346
3393,0.5336907505989075
3394,0.21466776728630066
3395,0.630588948726654
3396,0.5131320357322693
3397,0.7379145622253418
3398,0.5911017060279846
3399,0.4998703598976135
3400,0.7550345063209534
3401,0.554690420627594
3402,0.7159462571144104
3403,0.40341976284980774
3404,0.2931657135486603
3405,0.5664551258087158
3406,0.1099727675318718
3407,0.361433744430542
3408,0.391572505235672
3409,0.5178952217102051
3410,0.7181786894798279
3411,0.39883002638816833
3412,0.4906252324581146
3413,0.34623628854751587
3414,0.07158763706684113
3415,0.29359298944473267
3416,0.4584667384624481
3417,0.5630893111228943
3418,0.5150800943374634
3419,0.24980536103248596
3420,0.5463984608650208
3421,0.6483109593391418
3422,0.49773454666137695
3423,0.6852942705154419
3424,0.3792762756347656
3425,0.5298905372619629
3426,0.6631865501403809
3427,0.45761972665786743
3428,0.45419418811798096
3429,0.7674314975738525
3430,0.3881848454475403
3431,0.26836591958999634
3432,0.20709018409252167
3433,0.39490649104118347
3434,0.4394233226776123
3435,0.1922551393508911
3436,0.476279079914093
3437,0.27357926964759827
3438,0.07339733093976974
3439,0.38816797733306885
3440,0.5358154773712158
3441,0.600425660610199
3442,0.36500754952430725
3443,0.2596548795700073
3444,0.33844682574272156
3445,0.5131779909133911
3446,0.7235517501831055
3447,0.6055157780647278
3448,0.35388270020484924
3449,0.5042226910591125
3450,0.5541338324546814
3451,0.4950805902481079
3452,0.5692393183708191
3453,0.49406948685646057
3454,0.2541036307811737
3455,0.6685519218444824
3456,0.5987794399261475
3457,0.33187952637672424
3458,0.5130487084388733
3459,0.6982470750808716
3460,0.4349856674671173
3461,0.5110790133476257
3462,0.36352619528770447
3463,0.3811768591403961
3464,0.4523898661136627
3465,0.6189371347427368
3466,0.6593336462974548
3467,0.2871588170528412
3468,0.10401586443185806
3469,0.24709397554397583
3470,0.7873292565345764
3471,0.7510337829589844
3472,0.6641806364059448
3473,0.47234636545181274
3474,0.4722980856895447
3475,0.36916399002075195
3476,0.613817572593689
3477,0.6683643460273743
3478,0.19784565269947052
3479,0.51579350233078
3480,0.3394327461719513
3481,0.42059069871902466
3482,0.4418317973613739
3483,0.6657916307449341
3484,0.5977243781089783
3485,0.4138173460960388
3486,0.7785077095031738
3487,0.4668115973472595
3488,0.6090542674064636
3489,0.3529926836490631
3490,0.49703046679496765
3491,0.6022264957427979
3492,0.2901841700077057
3493,0.505009114742279
3494,0.6246609687805176
3495,0.5677384734153748
3496,0.35896265506744385
3497,0.42733216285705566
3498,0.23426203429698944
3499,0.8645631670951843
3500,0.3541446924209595
3501,0.26123201847076416
3502,0.5359571576118469
3503,0.4510951638221741
3504,0.10139409452676773
3505,0.5970860123634338
3506,0.3922639787197113
3507,0.5447988510131836
3508,0.36587220430374146
3509,0.2974860966205597
3510,0.5075117349624634
3511,0.6423430442810059
3512,0.5445805191993713
3513,0.35954147577285767
3514,0.5202556252479553
3515,0.4413827657699585
3516,0.3513496518135071
3517,0.2416990101337433
3518,0.5180873274803162
3519,0.15372706949710846
3520,0.6489157676696777
3521,0.5096337199211121
3522,0.35060590505599976
3523,0.2860867977142334
3524,0.36373478174209595
3525,0.3339149057865143
3526,0.12774114310741425
3527,0.533293604850769
3528,0.49263888597488403
3529,0.3688930869102478
3530,0.34691062569618225
3531,0.4436226487159729
3532,0.4469582140445709
3533,0.38471490144729614
3534,0.28161320090293884
3535,0.3794040083885193
3536,0.408181756734848
3537,0.5377958416938782
3538,0.40885627269744873
3539,0.49974891543388367
3540,0.4347003698348999
3541,0.31744861602783203
3542,0.837716817855835
3543,0.5252429246902466
3544,0.6645124554634094
3545,0.45445558428764343
3546,0.2660093903541565
3547,0.3375004529953003
3548,0.5613967180252075
3549,0.3869168162345886
3550,0.3615044057369232
3551,0.4139270484447479
3552,0.08536761999130249
3553,0.6766309142112732
3554,0.32112741470336914
3555,0.714538037776947
3556,0.44070741534233093
3557,0.4015786349773407
3558,0.5466676354408264
3559,0.6113975048065186
3560,0.28859463334083557
3561,0.49581944942474365
3562,0.45337069034576416
3563,0.22311805188655853
3564,0.35344061255455017
3565,0.5596280097961426
3566,0.11425328999757767
3567,0.30074232816696167
3568,0.18170814216136932
3569,0.44125136733055115
3570,0.8754435777664185
3571,0.4359268844127655
3572,0.6358935236930847
3573,0.3297339379787445
3574,0.6158497929573059
3575,0.4606612026691437
3576,0.40720686316490173
3577,0.6662093997001648
3578,0.7026031613349915
3579,0.4917599856853485
3580,0.4262070953845978
3581,0.38056355714797974
3582,0.3351441025733948
3583,0.5359145402908325
3584,0.3745543360710144
3585,0.34162983298301697
3586,0.2799038887023926
3587,0.3393464982509613
3588,0.3680874705314636
3589,0.42994949221611023
3590,0.6007480621337891
3591,0.4520372748374939
3592,0.6025309562683105
3593,0.4214187562465668
3594,0.3588407635688782
3595,0.7985078692436218
3596,0.2986229956150055
3597,0.2543162703514099
3598,0.8598421216011047
3599,0.038721125572919846
3600,0.625770628452301
3601,0.28737568855285645
3602,0.27454814314842224
3603,0.3364788293838501
3604,0.49443283677101135
3605,0.2510015666484833
3606,0.41172146797180176
3607,0.3181411623954773
3608,0.15967422723770142
3609,0.4340645968914032
3610,0.5911588072776794
3611,0.5115550756454468
3612,0.4039137363433838
3613,0.3061310648918152
3614,0.41647249460220337
3615,0.6811162233352661
3616,0.5193740129470825
3617,0.3279514014720917
3618,0.5918498635292053
3619,0.5433890223503113
3620,0.6519014239311218
3621,0.5376384854316711
3622,0.6182286143302917
3623,0.19508635997772217
3624,0.35729360580444336
3625,0.6632544994354248
3626,0.41990914940834045
3627,0.5713558793067932
3628,0.4524123966693878
3629,0.4112229347229004
3630,0.2798253297805786
3631,0.42209771275520325
3632,0.7210617065429688
3633,0.3097255229949951
3634,0.47346895933151245
3635,0.6500598788261414
3636,0.45751819014549255
3637,0.37168964743614197
3638,0.2774675190448761
3639,0.1937168389558792
3640,0.7262594699859619
3641,0.2736605405807495
3642,0.43038687109947205
3643,0.46701449155807495
3644,0.3958367705345154
3645,0.4129146337509155
3646,0.40813013911247253
3647,0.47500383853912354
3648,0.3126294016838074
3649,0.5387820601463318
3650,0.22975213825702667
3651,0.23069407045841217
3652,0.3233990967273712
3653,0.2779333293437958
3654,0.26232782006263733
3655,0.3137003779411316
3656,0.3424742817878723
3657,0.6020281910896301
3658,0.18414007127285004
3659,0.5423889756202698
3660,0.2543168067932129
3661,0.5095534324645996
3662,0.3896917402744293
3663,0.24251048266887665
3664,0.35708409547805786
3665,0.23790524899959564
3666,0.5530985593795776
3667,0.3527393639087677
3668,0.46355417370796204
3669,0.4572668969631195
3670,0.507514238357544
3671,0.3572939336299896
3672,0.4670972526073456
3673,0.24161513149738312
3674,0.42452991008758545
3675,0.3297789990901947
3676,0.248355433344841
3677,0.34897589683532715
3678,0.6668629050254822
3679,0.5220978260040283
3680,0.4815417528152466
3681,0.39214611053466797
3682,0.696668803691864
3683,0.555511474609375
3684,0.36140215396881104
3685,0.3120093047618866
3686,0.3519487679004669
3687,0.37218591570854187
3688,0.29532650113105774
3689,0.7699142098426819
3690,0.6858129501342773
3691,0.07863874733448029
3692,0.3559871315956116
3693,0.4788399040699005
3694,0.4925549328327179
3695,0.40221044421195984
3696,0.10985858738422394
3697,0.4402473270893097
3698,0.5991532802581787
3699,0.38742733001708984
3700,0.6432647705078125
3701,0.6459416747093201
3702,0.5226956009864807
3703,0.4451057016849518
3704,0.06927090138196945
3705,0.4775114953517914
3706,0.24059036374092102
3707,0.5725558996200562
3708,0.13308557868003845
3709,0.40186476707458496
3710,0.5802788734436035
3711,0.7843607068061829
3712,0.565754234790802
3713,0.6276879906654358
3714,0.4387024939060211
3715,0.4640060365200043
3716,0.26263895630836487
3717,0.16779547929763794
3718,0.38156166672706604
3719,0.2548297643661499
3720,0.5621249675750732
3721,0.6850154399871826
3722,0.5271545052528381
3723,0.6190829873085022
3724,0.45246660709381104
3725,0.7152795791625977
3726,0.3635832965373993
3727,0.3534800708293915
3728,0.18725192546844482
3729,0.3365851044654846
3730,0.22382935881614685
3731,0.4979751706123352
3732,0.35594528913497925
3733,0.500415563583374
3734,0.7663708329200745
3735,0.4763716459274292
3736,0.17263595759868622
3737,0.5398117899894714
3738,0.48599499464035034
3739,0.8463135957717896
3740,0.43544694781303406
3741,0.2920188903808594
3742,0.30366694927215576
3743,0.2925262451171875
3744,0.35395461320877075
3745,0.704886257648468
3746,0.3307006061077118
3747,0.3356916010379791
3748,0.3695553243160248
3749,0.5965635180473328
3750,0.7157949805259705
3751,0.352912575006485
3752,0.4339989423751831
3753,0.6189579963684082
3754,0.26713594794273376
3755,0.3489720821380615
3756,0.7856533527374268
3757,0.5432217121124268
3758,0.46525806188583374
3759,0.7180801033973694
3760,0.49635079503059387
3761,-0.016311079263687134
3762,0.4858434796333313
3763,0.3708156943321228
3764,0.47427743673324585
3765,0.592478334903717
3766,0.4268379211425781
3767,0.49674078822135925
3768,0.472858190536499
3769,0.691861093044281
3770,0.2811056673526764
3771,0.5133054852485657
3772,0.6645946502685547
3773,0.5419055223464966
3774,0.34694185853004456
3775,0.29312989115715027
3776,0.2988886833190918
3777,0.5143411159515381
3778,0.6482058167457581
3779,0.5479148626327515
3780,0.5585886240005493
3781,0.6528287529945374
3782,0.40522968769073486
3783,0.5351471304893494
3784,0.46571892499923706
3785,0.10574833303689957
3786,0.4736858606338501
3787,0.3672387897968292
3788,0.6826192140579224
3789,0.4268604516983032
3790,0.6392275094985962
3791,0.5047546625137329
3792,0.3058125674724579
3793,0.3584315776824951
3794,0.7074946761131287
3795,0.5335665345191956
3796,0.24904708564281464
3797,0.727038562297821
3798,0.40722137689590454
3799,0.2639896869659424
3800,0.6561675667762756
3801,0.09321997314691544
3802,0.6534522175788879
3803,0.21435731649398804
3804,0.4508006274700165
3805,0.6525720953941345
3806,0.362203985452652
3807,0.1726381778717041
3808,0.4008057713508606
3809,0.45728620886802673
3810,0.5401797294616699
3811,0.6337614059448242
3812,0.24976980686187744
3813,0.5612228512763977
3814,0.16346672177314758
3815,0.3220048248767853
3816,0.2758105993270874
3817,0.3133329749107361
3818,0.25460508465766907
3819,0.3982667624950409
3820,0.38817164301872253
3821,0.6182928681373596
3822,0.6009588241577148
3823,0.49262505769729614
3824,0.592077910900116
3825,0.05735604092478752
3826,0.4132930040359497
3827,0.5415136218070984
3828,0.1851697862148285
3829,0.7470525503158569
3830,0.6240833401679993
3831,0.5219476222991943
3832,0.463196724653244
3833,0.4896918535232544
3834,0.5058451294898987
3835,0.294339120388031
3836,0.4047180116176605
3837,0.35893845558166504
3838,0.8485217094421387
3839,0.51714688539505
3840,0.436278373003006
3841,0.3725511133670807
3842,0.4570390582084656
3843,0.6926676034927368
3844,0.4521086812019348
3845,0.7170090079307556
3846,0.6735453605651855
3847,0.4289056360721588
3848,0.39554479718208313
3849,0.4519980251789093
3850,0.8809762597084045
3851,0.31579655408859253
3852,0.543589174747467
3853,0.30578798055648804
3854,0.29961761832237244
3855,0.30534079670906067
3856,0.6671848893165588
3857,0.6345841884613037
3858,0.2490532249212265
3859,0.5650138854980469
3860,0.4582820534706116
3861,0.44827359914779663
3862,0.49284735321998596
3863,0.4943709671497345
3864,0.3994273841381073
3865,0.18762177228927612
3866,0.6409225463867188
3867,0.590053379535675
3868,0.4244557321071625
3869,0.49567803740501404
3870,0.5139425992965698
3871,0.4856260120868683
3872,0.5468689203262329
3873,0.5533580780029297
3874,0.3935823142528534
3875,0.34429657459259033
3876,0.37909477949142456
3877,0.18701206147670746
3878,0.16847114264965057
3879,0.4803302586078644
3880,0.4496551752090454
3881,0.5349289774894714
3882,0.5216725468635559
3883,0.6097996830940247
3884,0.3886978030204773
3885,0.4048888683319092
3886,0.1903180181980133
3887,0.24901461601257324
3888,0.6475703716278076
3889,0.21261882781982422
3890,0.48485180735588074
3891,0.4089873433113098
3892,0.4556918442249298
3893,0.7325303554534912
3894,0.5637569427490234
3895,0.289937824010849
3896,0.42273059487342834
3897,0.2623623311519623
3898,0.3030660152435303
3899,0.4595275819301605
3900,0.2965049147605896
3901,0.5366981625556946
3902,0.5303516983985901
3903,0.420835018157959
3904,0.7163600921630859
3905,0.40532147884368896
3906,0.36916905641555786
3907,0.3400760293006897
3908,0.6589818000793457
3909,0.8856638073921204
3910,0.5362614393234253
3911,0.21426062285900116
3912,0.3287956118583679
3913,0.6335045099258423
3914,0.47928860783576965
3915,0.5426071882247925
3916,0.011430788785219193
3917,0.6239517331123352
3918,0.3604108691215515
3919,0.458615243434906
3920,0.40710026025772095
3921,0.4281926453113556
3922,0.5198322534561157
3923,0.43952420353889465
3924,0.35210806131362915
3925,0.4194687604904175
3926,0.5790017247200012
3927,0.43063992261886597
3928,0.46700552105903625
3929,0.537497878074646
3930,0.6056964993476868
3931,0.568280041217804
3932,0.5386844873428345
3933,0.31947070360183716
3934,0.4879266321659088
3935,0.6308058500289917
3936,0.39320623874664307
3937,0.5269999504089355
3938,0.5812324285507202
3939,0.5287527441978455
3940,0.3875715136528015
3941,0.6481104493141174
3942,0.19440853595733643
3943,0.4392218589782715
3944,0.4727632999420166
3945,0.6538138389587402
3946,0.6522748470306396
3947,0.5236507654190063
3948,0.2804954946041107
3949,0.14984112977981567
3950,0.16004183888435364
3951,0.35188862681388855
3952,0.23393845558166504
3953,0.7214435935020447
3954,0.6422197818756104
3955,0.20835672318935394
3956,0.35107019543647766
3957,0.19022560119628906
3958,0.33154305815696716
3959,0.2229088395833969
3960,0.21952585875988007
3961,0.6526751518249512
3962,0.47839459776878357
3963,0.6889302134513855
3964,0.28519687056541443
3965,0.33023393154144287
3966,0.06944260746240616
3967,0.12335468083620071
3968,0.608954668045044
3969,0.27834784984588623
3970,0.3755669593811035
3971,0.6182993650436401
3972,0.7728502154350281
3973,0.4717310667037964
3974,0.47080135345458984
3975,0.612306535243988
3976,0.24896858632564545
3977,0.41633301973342896
3978,0.3355427086353302
3979,0.3425580561161041
3980,0.5994009971618652
3981,0.552143394947052
3982,0.6962849497795105
3983,0.48411494493484497
3984,0.2470652461051941
3985,0.6851761341094971
3986,0.5502246618270874
3987,0.3268961012363434
3988,0.33146899938583374
3989,0.3835736811161041
3990,0.17807041108608246
3991,0.6058607697486877
3992,0.34960025548934937
3993,0.3828042149543762
3994,0.5651980638504028
3995,0.3265356421470642
3996,0.5066468119621277
3997,0.312847375869751
3998,0.15803726017475128
3999,0.5421546101570129
4000,0.38270634412765503
4001,0.2602463662624359
4002,0.41828590631484985
4003,0.28277820348739624
4004,0.36481308937072754
4005,0.576070249080658
4006,0.5316787362098694
4007,0.3635484278202057
4008,0.44695475697517395
4009,0.5928682088851929
4010,0.6433776021003723
4011,0.41736912727355957
4012,0.6296747326850891
4013,0.339030385017395
4014,0.5485687851905823
4015,0.39878758788108826
4016,0.676813006401062
4017,0.3860560655593872
4018,0.7188236117362976
4019,0.3528330326080322
4020,0.42049482464790344
4021,0.2711048126220703
4022,0.49655142426490784
4023,0.7822107672691345
4024,0.35133200883865356
4025,0.2842777669429779
4026,-0.07218072563409805
4027,0.49276596307754517
4028,0.34816229343414307
4029,0.3477684259414673
4030,0.4768507778644562
4031,0.5135535597801208
4032,0.6402686238288879
4033,0.5351594686508179
4034,0.5563614964485168
4035,0.39633655548095703
4036,0.47064173221588135
4037,0.5502651333808899
4038,0.45040005445480347
4039,0.46456801891326904
4040,0.38672059774398804
4041,0.623507022857666
4042,0.4795700013637543
4043,0.8308666348457336
4044,0.5663197636604309
4045,0.5076977610588074
4046,0.305863618850708
4047,0.5222963094711304
4048,0.5063375234603882
4049,0.19557775557041168
4050,0.7244275808334351
4051,0.2758740484714508
4052,0.41353052854537964
4053,0.6522276401519775
4054,0.4806711971759796
4055,0.508435845375061
4056,0.40276625752449036
4057,0.39861053228378296
4058,0.6509462594985962
4059,0.49221327900886536
4060,0.684432864189148
4061,0.46164411306381226
4062,0.3653600513935089
4063,0.3528887927532196
4064,0.5302506685256958
4065,0.6461929082870483
4066,0.40263089537620544
4067,0.4831106960773468
4068,0.4736030399799347
4069,0.19599905610084534
4070,0.49768298864364624
4071,0.1861473023891449
4072,0.2232983261346817
4073,0.490152508020401
4074,0.39063283801078796
4075,0.31253480911254883
4076,0.4841459393501282
4077,0.48340263962745667
4078,0.37476858496665955
4079,0.39039525389671326
4080,0.4821827709674835
4081,0.36029741168022156
4082,0.8127319812774658
4083,0.573839545249939
4084,0.31570905447006226
4085,0.2847806513309479
4086,0.5616804361343384
4087,0.09297149628400803
4088,0.3820628225803375
4089,0.26963528990745544
4090,0.4752478003501892
4091,0.2764423191547394
4092,0.42468640208244324
4093,0.2945217192173004
4094,0.26038411259651184
4095,0.5740653872489929
4096,0.47204726934432983
4097,0.5558335781097412
4098,0.4090449810028076
4099,0.23876388370990753
4100,0.470892071723938
4101,0.2724144458770752
4102,0.4439670741558075
4103,0.4932854175567627
4104,0.42550650238990784
4105,0.46130889654159546
4106,0.2023991048336029
4107,0.4622258245944977
4108,0.5837211012840271
4109,0.5546770095825195
4110,0.5706806778907776
4111,0.3721730709075928
4112,0.3591923713684082
4113,0.4721507728099823
4114,0.4727473855018616
4115,0.5380106568336487
4116,0.5186564922332764
4117,0.006694856099784374
4118,0.18995261192321777
4119,0.5437169075012207
4120,0.5244389176368713
4121,0.3089909851551056
4122,0.4692140817642212
4123,0.34913870692253113
4124,0.3048895597457886
4125,0.5332667827606201
4126,0.4711011052131653
4127,0.2437514066696167
4128,0.2833048105239868
4129,0.3832278847694397
4130,0.5018193125724792
4131,0.659979522228241
4132,0.09263360500335693
4133,0.44163748621940613
4134,0.19083620607852936
4135,0.5008166432380676
4136,0.6771047711372375
4137,0.46493440866470337
4138,0.45044246315956116
4139,0.5394285321235657
4140,0.4613247215747833
4141,0.4430175721645355
4142,0.3455241918563843
4143,0.3479112386703491
4144,0.4370384216308594
4145,0.5641699433326721
4146,0.6721524596214294
4147,0.6864362359046936
4148,0.5117838978767395
4149,0.3016583323478699
4150,0.379843533039093
4151,0.2464241087436676
4152,0.3921127915382385
4153,0.1951523870229721
4154,0.45942190289497375
4155,0.6825522780418396
4156,0.517699122428894
4157,0.5927668809890747
4158,0.4369082748889923
4159,0.7108944654464722
4160,0.35622572898864746
4161,0.2928793430328369
4162,0.6338762640953064
4163,0.5848823189735413
4164,0.40736711025238037
4165,0.568274974822998
4166,0.4496372938156128
4167,0.7496261596679688
4168,0.17874149978160858
4169,0.5796282291412354
4170,0.7910768985748291
4171,0.37675437331199646
4172,0.5188494920730591
4173,0.49590638279914856
4174,0.8553166389465332
4175,0.6619497537612915
4176,0.7213912010192871
4177,0.2814166843891144
4178,0.29732534289360046
4179,0.4973307251930237
4180,0.48355454206466675
4181,0.3474627733230591
4182,0.31528565287590027
4183,0.49965691566467285
4184,0.3989224433898926
4185,0.7735404968261719
4186,0.555566668510437
4187,0.5115758180618286
4188,0.5353822112083435
4189,0.3378946781158447
4190,0.4487675726413727
4191,0.13086584210395813
4192,0.508638322353363
4193,0.5789121389389038
4194,0.3387220501899719
4195,0.7760152220726013
4196,0.6015134453773499
4197,0.2266637533903122
4198,0.6075926423072815
4199,0.30205467343330383
4200,0.24527300894260406
4201,0.3206647038459778
4202,0.26692938804626465
4203,0.3160572052001953
4204,0.4887952506542206
4205,0.3696717917919159
4206,0.29698264598846436
4207,0.4290318787097931
4208,0.7035804986953735
4209,0.21546277403831482
4210,0.5337211489677429
4211,0.3202970623970032
4212,0.44219285249710083
4213,0.27919670939445496
4214,0.3998349905014038
4215,0.4582829177379608
4216,0.5251561403274536
4217,0.4652596712112427
4218,0.274835467338562
4219,0.2600945830345154
4220,0.4389517903327942
4221,0.5388572216033936
4222,0.49801185727119446
4223,0.42153647541999817
4224,0.33876192569732666
4225,0.5853351950645447
4226,0.38630589842796326
4227,0.3640892505645752
4228,0.4171658456325531
4229,0.3604164123535156
4230,0.6701218485832214
4231,0.35719624161720276
4232,0.4717426598072052
4233,0.29424721002578735
4234,0.3316273093223572
4235,0.22652511298656464
4236,0.5493968725204468
4237,0.28866133093833923
4238,0.47466838359832764
4239,0.5685086846351624
4240,0.4575408697128296
4241,0.18625065684318542
4242,0.4774956703186035
4243,0.5950101613998413
4244,0.6493691802024841
4245,0.28869524598121643
4246,0.4541183114051819
4247,0.5172999501228333
4248,0.4709134101867676
4249,0.41430267691612244
4250,0.38901394605636597
4251,0.45108336210250854
4252,0.30395692586898804
4253,0.35502129793167114
4254,0.1338762491941452
4255,0.42654529213905334
4256,0.46358180046081543
4257,0.5245728492736816
4258,0.4677872061729431
4259,0.5582929849624634
4260,0.4067378640174866
4261,0.1170850619673729
4262,0.19497594237327576
4263,0.4019957482814789
4264,0.782402753829956
4265,0.26259171962738037
4266,0.26607516407966614
4267,0.8445771932601929
4268,0.3972271978855133
4269,0.7686486840248108
4270,0.7098709344863892
4271,0.11623801290988922
4272,0.4705682396888733
4273,0.3730262517929077
4274,0.3257834017276764
4275,0.5650936365127563
4276,0.4366554617881775
4277,0.37002134323120117
4278,0.6383963227272034
4279,0.24391710758209229
4280,0.5524395108222961
4281,0.33957555890083313
4282,0.5249487161636353
4283,0.4044835567474365
4284,0.4263659417629242
4285,0.5197980403900146
4286,0.4985802471637726
4287,0.5042581558227539
4288,0.48306623101234436
4289,0.7333183884620667
4290,0.1475369781255722
4291,0.4367227852344513
4292,0.3987642526626587
4293,0.642323911190033
4294,0.3948282301425934
4295,0.3927611708641052
4296,0.4611096978187561
4297,0.17187954485416412
4298,0.2744657099246979
4299,0.22206515073776245
4300,0.30259427428245544
4301,0.30313363671302795
4302,0.17050476372241974
4303,0.6966674327850342
4304,0.6094111204147339
4305,0.5042709708213806
4306,0.4696503281593323
4307,0.5797572135925293
4308,0.44696152210235596
4309,0.29255929589271545
4310,0.4500989317893982
4311,0.3931378126144409
4312,0.28334638476371765
4313,0.14137053489685059
4314,0.3436855971813202
4315,0.5087578296661377
4316,0.47931572794914246
4317,0.14527110755443573
4318,0.14375489950180054
4319,0.38797852396965027
4320,0.7220686078071594
4321,0.44023972749710083
4322,0.6479856967926025
4323,0.5521646738052368
4324,0.18460717797279358
4325,0.06539455056190491
4326,0.6431533098220825
4327,0.3034818470478058
4328,0.3268047869205475
4329,0.5555946230888367
4330,0.45636188983917236
4331,0.701187014579773
4332,0.42644384503364563
4333,0.6170293092727661
4334,0.26438283920288086
4335,0.24449050426483154
4336,0.4556116759777069
4337,0.560459554195404
4338,0.4083600342273712
4339,0.5027775764465332
4340,0.4645282030105591
4341,0.7907384634017944
4342,0.11087332665920258
4343,0.24247808754444122
4344,0.491186261177063
4345,0.5750163197517395
4346,0.5663915872573853
4347,0.6033388376235962
4348,0.5122054815292358
4349,0.4952566623687744
4350,0.21242700517177582
4351,0.4307582378387451
4352,0.5351295471191406
4353,0.5610138177871704
4354,0.6734744906425476
4355,0.44839608669281006
4356,0.41200366616249084
4357,0.38867056369781494
4358,0.18498128652572632
4359,0.35493794083595276
4360,0.36223575472831726
4361,0.43366846442222595
4362,0.5018205046653748
4363,0.3736875057220459
4364,0.32737794518470764
4365,0.3986191153526306
4366,0.5589635968208313
4367,0.6278747320175171
4368,0.3932453989982605
4369,0.4400438964366913
4370,0.4764479994773865
4371,0.6697760820388794
4372,0.49061349034309387
4373,0.3059580624103546
4374,0.4869239926338196
4375,0.5740330815315247
4376,0.5049368739128113
4377,0.463541179895401
4378,0.47223764657974243
4379,0.7704309225082397
4380,0.30368879437446594
4381,0.5036708116531372
4382,0.23508335649967194
4383,0.5033064484596252
4384,0.33159297704696655
4385,0.658072292804718
4386,0.33547520637512207
4387,0.4010302722454071
4388,0.39403367042541504
4389,0.25911659002304077
4390,0.18607211112976074
4391,0.272634893655777
4392,0.6747639179229736
4393,0.43234357237815857
4394,0.6018566489219666
4395,0.5756481885910034
4396,0.688370943069458
4397,0.4439222812652588
4398,0.7646493315696716
4399,0.6724730730056763
4400,0.3374478220939636
4401,0.4208320379257202
4402,0.23832030594348907
4403,0.4116670787334442
4404,0.6201038360595703
4405,0.17566868662834167
4406,0.581341028213501
4407,0.5289337038993835
4408,0.1831579953432083
4409,0.28006625175476074
4410,0.5168294906616211
4411,0.5650485754013062
4412,0.3262326717376709
4413,0.2836829721927643
4414,0.8609700798988342
4415,0.2621447741985321
4416,0.5397846102714539
4417,0.5677049160003662
4418,0.26691117882728577
4419,0.654984176158905
4420,0.3253673017024994
4421,0.4655067026615143
4422,0.2663307189941406
4423,0.8149329423904419
4424,0.31115779280662537
4425,0.37569281458854675
4426,0.6144685745239258
4427,0.5309951305389404
4428,0.4337403476238251
4429,0.44921597838401794
4430,0.5451418161392212
4431,0.6539721488952637
4432,0.17336736619472504
4433,0.33918121457099915
4434,0.16763824224472046
4435,0.5312073230743408
4436,0.5987703800201416
4437,0.43779635429382324
4438,0.41915252804756165
4439,0.6029927730560303
4440,0.7736369967460632
4441,0.1781953126192093
4442,0.6436533331871033
4443,0.5280502438545227
4444,0.6513183116912842
4445,0.35015374422073364
4446,0.47233954071998596
4447,0.4173629879951477
4448,0.36905229091644287
4449,0.3792426884174347
4450,0.6471503973007202
4451,0.4964354932308197
4452,0.5061094760894775
4453,0.35347017645835876
4454,0.4673252999782562
4455,0.4304225742816925
4456,0.5392125844955444
4457,0.6386926174163818
4458,0.46838098764419556
4459,0.18149659037590027
4460,0.40697404742240906
4461,0.43654343485832214
4462,0.29940304160118103
4463,0.18499812483787537
4464,0.34967610239982605
4465,0.25084564089775085
4466,0.43817979097366333
4467,0.40639740228652954
4468,0.2802456319332123
4469,0.4279082715511322
4470,0.22813589870929718
4471,0.4210794270038605
4472,0.4691570997238159
4473,0.5496682524681091
4474,0.8692746162414551
4475,0.45700526237487793
4476,0.6307363510131836
4477,0.379018634557724
4478,0.479322612285614
4479,0.6445958018302917
4480,0.7370855212211609
4481,0.3337635397911072
4482,0.27480435371398926
4483,0.35045498609542847
4484,0.3849845230579376
4485,0.11286645382642746
4486,0.5128970742225647
4487,0.24533258378505707
4488,0.47003015875816345
4489,0.5914661288261414
4490,0.3791499733924866
4491,0.5576680898666382
4492,0.2791975140571594
4493,0.5989418029785156
4494,0.5245421528816223
4495,0.4864825904369354
4496,0.5230834484100342
4497,0.593889594078064
4498,0.43521299958229065
4499,0.5104601383209229
4500,0.5587279200553894
4501,0.4801073670387268
4502,0.3990132212638855
4503,0.49466946721076965
4504,0.6502819657325745
4505,0.3542633056640625
4506,0.5572754144668579
4507,0.20740270614624023
4508,0.5810208320617676
4509,0.44266751408576965
4510,0.361794114112854
4511,0.3066267967224121
4512,0.3795905113220215
4513,0.5350770950317383
4514,0.7086141705513
4515,0.37929096817970276
4516,0.5323148965835571
4517,0.4628371298313141
4518,0.630196750164032
4519,0.5252301692962646
4520,0.35565245151519775
4521,0.45983612537384033
4522,0.5558177828788757
4523,0.6605597138404846
4524,0.35745367407798767
4525,0.6664217710494995
4526,0.4178504943847656
4527,0.23355844616889954
4528,0.4978458881378174
4529,0.8070549964904785
4530,0.23220112919807434
4531,0.4715856909751892
4532,0.16259080171585083
4533,0.5436116456985474
4534,0.3560597002506256
4535,0.3260858654975891
4536,0.3236823081970215
4537,0.5718632936477661
4538,0.5760555863380432
4539,0.2557920813560486
4540,0.37243038415908813
4541,0.19087567925453186
4542,0.5107168555259705
4543,0.5551773309707642
4544,0.37940019369125366
4545,0.32819992303848267
4546,0.5005436539649963
4547,0.1919759213924408
4548,0.2935183048248291
4549,0.2073843777179718
4550,0.44073906540870667
4551,0.31138673424720764
4552,0.22348499298095703
4553,0.6097909212112427
4554,0.27116337418556213
4555,0.7771931290626526
4556,0.4924702048301697
4557,0.11048462241888046
4558,0.2937632203102112
4559,0.55997234582901
4560,0.3620939552783966
4561,0.24027658998966217
4562,0.6689355969429016
4563,0.5239331126213074
4564,0.5379132628440857
4565,0.3111451268196106
4566,0.6706002950668335
4567,0.495270311832428
4568,0.7128185033798218
4569,0.30975204706192017
4570,0.4334580898284912
4571,0.4764721095561981
4572,0.7300611138343811
4573,0.11345479637384415
4574,0.39583921432495117
4575,0.44855913519859314
4576,0.5639824271202087
4577,0.4773288071155548
4578,0.7828261256217957
4579,0.1720346063375473
4580,0.34463202953338623
4581,0.317941278219223
4582,0.31490015983581543
4583,0.14674071967601776
4584,0.2862774729728699
4585,0.5969733595848083
4586,0.5570986270904541
4587,0.6020377278327942
4588,0.40743890404701233
4589,0.1629977971315384
4590,0.5620976090431213
4591,0.194483682513237
4592,0.25090110301971436
4593,0.5037652254104614
4594,0.49277690052986145
4595,0.1937989443540573
4596,0.4436745345592499
4597,0.4837287366390228
4598,0.27396291494369507
4599,0.6570577621459961
4600,0.5900821685791016
4601,0.314858615398407
4602,0.2933182120323181
4603,0.35957422852516174
4604,0.5444933772087097
4605,0.1928826868534088
4606,0.5732851624488831
4607,0.5857352018356323
4608,0.32054200768470764
4609,0.6379594802856445
4610,0.48415887355804443
4611,0.8110972046852112
4612,0.6509045958518982
4613,0.3326660692691803
4614,0.6439401507377625
4615,0.49680715799331665
4616,0.4798063635826111
4617,0.32142388820648193
4618,0.20942790806293488
4619,0.46405425667762756
4620,0.46603700518608093
4621,0.507079005241394
4622,0.3740925192832947
4623,0.6854392290115356
4624,0.3641137480735779
4625,0.6523805856704712
4626,0.5159793496131897
4627,0.6552304625511169
4628,0.6484348773956299
4629,0.5196779370307922
4630,0.36325719952583313
4631,0.37221819162368774
4632,0.6134964227676392
4633,0.6470845937728882
4634,0.5590770244598389
4635,0.46087685227394104
4636,0.3539515733718872
4637,0.3894517421722412
4638,0.5295805335044861
4639,0.3892807960510254
4640,0.37988194823265076
4641,0.47037890553474426
4642,0.4003508687019348
4643,0.641767144203186
4644,0.16247624158859253
4645,0.3543147146701813
4646,0.433920294046402
4647,0.32545605301856995
4648,0.7743110656738281
4649,0.4589609205722809
4650,0.1965492218732834
4651,0.0655241310596466
4652,0.8545078635215759
4653,0.41858768463134766
4654,0.5050405263900757
4655,0.4398060739040375
4656,0.22423554956912994
4657,0.13107120990753174
4658,0.22089482843875885
4659,0.4858960509300232
4660,0.39118340611457825
4661,0.3563453257083893
4662,0.8030960559844971
4663,0.5136632919311523
4664,0.5101114511489868
4665,0.38436436653137207
4666,0.37872928380966187
4667,0.4913155436515808
4668,0.40430548787117004
4669,0.34435147047042847
4670,0.5146369338035583
4671,0.3051645755767822
4672,0.27877819538116455
4673,0.6794741749763489
4674,0.277417927980423
4675,0.6224095225334167
4676,0.3791540563106537
4677,0.47579044103622437
4678,0.4411253333091736
4679,0.49257323145866394
4680,0.4063435196876526
4681,0.7559528350830078
4682,0.5281208157539368
4683,0.2556321620941162
4684,0.5147134065628052
4685,0.5351836085319519
4686,0.22117874026298523
4687,0.2691074013710022
4688,0.3773086965084076
4689,0.3795505166053772
4690,0.6421566605567932
4691,0.850738525390625
4692,0.3403880298137665
4693,0.246715247631073
4694,0.5376895666122437
4695,0.34847375750541687
4696,0.3612375855445862
4697,0.6835501790046692
4698,0.39820486307144165
4699,0.5329113006591797
4700,0.4596911072731018
4701,0.6352829933166504
4702,0.6652536988258362
4703,0.409254789352417
4704,0.4782894551753998
4705,0.4946359395980835
4706,0.37708017230033875
4707,0.4182141423225403
4708,0.771798849105835
4709,0.013316580094397068
4710,0.7550896406173706
4711,0.40974193811416626
4712,0.6298673748970032
4713,0.46319347620010376
4714,0.6649864912033081
4715,0.43783560395240784
4716,0.2830265760421753
4717,0.5653564929962158
4718,0.5391184091567993
4719,0.8276388645172119
4720,0.6713694334030151
4721,0.3421816825866699
4722,0.5849196910858154
4723,0.5177624821662903
4724,0.573947012424469
4725,0.25386467576026917
4726,0.1782151311635971
4727,0.5054289698600769
4728,0.3333083987236023
4729,0.6129719018936157
4730,0.5421101450920105
4731,0.7825813889503479
4732,0.34803909063339233
4733,0.15490680932998657
4734,0.29164958000183105
4735,0.3978710472583771
4736,0.4690595269203186
4737,0.2644757330417633
4738,0.25245752930641174
4739,0.18569089472293854
4740,0.38190412521362305
4741,0.5630977153778076
4742,0.2571919560432434
4743,0.5087864398956299
4744,0.609491765499115
4745,0.515561580657959
4746,0.471868634223938
4747,0.4076395332813263
4748,0.7145166397094727
4749,0.29367879033088684
4750,0.4977778196334839
4751,0.4018182158470154
4752,0.524443507194519
4753,0.8507513403892517
4754,0.5770746469497681
4755,0.4556558132171631
4756,0.40066009759902954
4757,0.439951628446579
4758,0.3964076638221741
4759,0.3770235478878021
4760,0.5443772077560425
4761,0.268018513917923
4762,0.6319696307182312
4763,0.21968835592269897
4764,0.5075183510780334
4765,0.3845282196998596
4766,0.2831529974937439
4767,0.3291836082935333
4768,0.5560984015464783
4769,0.5363161563873291
4770,0.44408944249153137
4771,0.5021288990974426
4772,0.45057690143585205
4773,0.4154447019100189
4774,0.31008094549179077
4775,0.43359947204589844
4776,0.30167534947395325
4777,0.3182096779346466
4778,0.6586875319480896
4779,0.6445224285125732
4780,0.32366564869880676
4781,0.32371965050697327
4782,0.2733325660228729
4783,0.3294195532798767
4784,0.7566867470741272
4785,0.3329537510871887
4786,0.5533555150032043
4787,0.27850744128227234
4788,0.3579477071762085
4789,0.4326368570327759
4790,0.5162481069564819
4791,0.30237194895744324
4792,0.05633135885000229
4793,0.5671316385269165
4794,0.3354717195034027
4795,0.2659967541694641
4796,0.48506778478622437
4797,0.7366145253181458
4798,0.6747559905052185
4799,0.6367314457893372
4800,0.8201829791069031
4801,0.7823936939239502
4802,0.3591323792934418
4803,0.8400763869285583
4804,0.5548856258392334
4805,0.13915643095970154
4806,0.42134636640548706
4807,0.4296584725379944
4808,0.2730647623538971
4809,0.44871407747268677
4810,0.5901674628257751
4811,0.3760550618171692
4812,0.4719640612602234
4813,0.38019904494285583
4814,0.18242257833480835
4815,0.538167417049408
4816,0.24059425294399261
4817,0.19857613742351532
4818,0.3021048307418823
4819,0.14618661999702454
4820,0.5503671765327454
4821,0.38838323950767517
4822,0.4996350109577179
4823,0.3333573043346405
4824,0.3913955092430115
4825,0.3835231065750122
4826,0.4575250744819641
4827,0.7044114470481873
4828,0.40339896082878113
4829,0.40171030163764954
4830,0.5664157867431641
4831,0.4226316511631012
4832,0.48110467195510864
4833,0.4042978882789612
4834,0.5193020105361938
4835,0.5618613958358765
4836,0.12397646903991699
4837,0.5489032864570618
4838,0.3404313027858734
4839,0.5005521774291992
4840,0.21579135954380035
4841,0.7879728674888611
4842,0.5459264516830444
4843,0.4573240578174591
4844,0.43554413318634033
4845,0.6074718236923218
4846,0.356456458568573
4847,0.30623918771743774
4848,0.29104700684547424
4849,0.4924861490726471
4850,0.5944784283638
4851,0.3563413918018341
4852,0.2768215537071228
4853,0.3572295308113098
4854,0.4909539818763733
4855,0.3144996166229248
4856,0.5585354566574097
4857,0.5960577726364136
4858,0.5322834253311157
4859,0.7746502161026001
4860,0.3199511766433716
4861,0.5686287879943848
4862,0.4511490762233734
4863,0.6440775990486145
4864,0.3943946063518524
4865,0.4202460050582886
4866,0.5771230459213257
4867,0.42697447538375854
4868,0.4547746479511261
4869,0.43656373023986816
4870,0.5881690382957458
4871,0.2185206413269043
4872,0.40949374437332153
4873,0.20535528659820557
4874,0.4713078737258911
4875,0.6884260177612305
4876,0.467891126871109
4877,0.8845139145851135
4878,0.2733153700828552
4879,0.26228731870651245
4880,0.4305061995983124
4881,0.47522613406181335
4882,0.7759643793106079
4883,0.47391369938850403
4884,0.39478564262390137
4885,0.6175881624221802
4886,0.5940963625907898
4887,0.6077867150306702
4888,0.22119885683059692
4889,0.5663692951202393
4890,0.5892291069030762
4891,0.5497579574584961
4892,0.38319194316864014
4893,0.22354066371917725
4894,0.46884995698928833
4895,0.4789307415485382
4896,0.0972643718123436
4897,0.5884228348731995
4898,0.29879477620124817
4899,0.5959780812263489
4900,0.6543371677398682
4901,0.41433921456336975
4902,0.2747040390968323
4903,0.5903366208076477
4904,0.5413684844970703
4905,0.45799562335014343
4906,0.6790482997894287
4907,0.46351349353790283
4908,0.5744452476501465
4909,0.3070867359638214
4910,0.3209992051124573
4911,0.36288905143737793
4912,0.37520527839660645
4913,0.4441799223423004
4914,0.6536089777946472
4915,0.4597024917602539
4916,0.5806507468223572
4917,0.3022494912147522
4918,0.3407018482685089
4919,0.26262611150741577
4920,0.5026998519897461
4921,0.7318987250328064
4922,0.6450208425521851
4923,0.500119686126709
4924,0.5911837220191956
4925,0.3655565083026886
4926,0.46345454454421997
4927,0.29583775997161865
4928,0.5583775043487549
4929,0.658827543258667
4930,0.4135906994342804
4931,0.4628528654575348
4932,0.19418026506900787
4933,0.4339657425880432
4934,0.5766199231147766
4935,0.43749961256980896
4936,0.35723841190338135
4937,0.22116400301456451
4938,0.5020602345466614
4939,0.27134186029434204
4940,0.7062425017356873
4941,0.36706385016441345
4942,0.35846245288848877
4943,0.7304796576499939
4944,0.5829582214355469
4945,0.5857811570167542
