protein,AARS_K562,AATF_K562,ABCF1_K562,AGGF1_HepG2,AGGF1_K562,AKAP1_HepG2,AKAP1_K562,AKAP8L_K562,APOBEC3C_K562,AQR_HepG2,AQR_K562,BCCIP_HepG2,BCLAF1_HepG2,BUD13_HepG2,BUD13_K562,CDC40_HepG2,CPEB4_K562,CPSF6_K562,CSTF2_HepG2,CSTF2T_HepG2,CSTF2T_K562,DDX21_K562,DDX24_K562,DDX3X_HepG2,DDX3X_K562,DDX42_K562,DDX51_K562,DDX52_HepG2,DDX52_K562,DDX55_HepG2,DDX55_K562,DDX59_HepG2,DDX6_HepG2,DDX6_K562,DGCR8_HepG2,DGCR8_K562,DHX30_HepG2,DHX30_K562,DKC1_HepG2,DROSHA_HepG2,DROSHA_K562,EFTUD2_HepG2,EFTUD2_K562,EIF3D_HepG2,EIF3G_K562,EIF3H_HepG2,EIF4G2_K562,EWSR1_K562,EXOSC5_HepG2,EXOSC5_K562,FAM120A_HepG2,FAM120A_K562,FASTKD2_HepG2,FASTKD2_K562,FKBP4_HepG2,FMR1_K562,FTO_HepG2,FTO_K562,FUBP3_HepG2,FUS_HepG2,FUS_K562,FXR1_K562,FXR2_HepG2,FXR2_K562,G3BP1_HepG2,GEMIN5_K562,GNL3_K562,GPKOW_K562,GRSF1_HepG2,GRWD1_HepG2,GRWD1_K562,GTF2F1_HepG2,GTF2F1_K562,HLTF_HepG2,HLTF_K562,HNRNPA1_HepG2,HNRNPA1_K562,HNRNPC_HepG2,HNRNPC_K562,HNRNPK_HepG2,HNRNPK_K562,HNRNPL_HepG2,HNRNPL_K562,HNRNPM_HepG2,HNRNPM_K562,HNRNPU_HepG2,HNRNPU_K562,HNRNPUL1_HepG2,HNRNPUL1_K562,IGF2BP1_HepG2,IGF2BP1_K562,IGF2BP2_K562,IGF2BP3_HepG2,ILF3_HepG2,ILF3_K562,KHDRBS1_K562,KHSRP_HepG2,KHSRP_K562,LARP4_HepG2,LARP4_K562,LARP7_HepG2,LARP7_K562,LIN28B_HepG2,LIN28B_K562,LSM11_HepG2,LSM11_K562,MATR3_HepG2,MATR3_K562,METAP2_K562,MTPAP_K562,NCBP2_HepG2,NCBP2_K562,NIP7_HepG2,NIPBL_K562,NKRF_HepG2,NOL12_HepG2,NOLC1_HepG2,NOLC1_K562,NONO_K562,NPM1_K562,NSUN2_K562,PABPC4_K562,PABPN1_HepG2,PCBP1_HepG2,PCBP1_K562,PCBP2_HepG2,PHF6_K562,POLR2G_HepG2,PPIG_HepG2,PPIL4_K562,PRPF4_HepG2,PRPF8_HepG2,PRPF8_K562,PTBP1_HepG2,PTBP1_K562,PUM1_K562,PUM2_K562,PUS1_K562,QKI_HepG2,QKI_K562,RBFOX2_HepG2,RBFOX2_K562,RBM15_HepG2,RBM15_K562,RBM22_HepG2,RBM22_K562,RBM5_HepG2,RPS11_K562,RPS3_HepG2,RPS3_K562,SAFB_HepG2,SAFB_K562,SAFB2_K562,SBDS_K562,SDAD1_HepG2,SDAD1_K562,SERBP1_K562,SF3A3_HepG2,SF3B1_K562,SF3B4_HepG2,SF3B4_K562,SFPQ_HepG2,SLBP_K562,SLTM_HepG2,SLTM_K562,SMNDC1_HepG2,SMNDC1_K562,SND1_HepG2,SND1_K562,SRSF1_HepG2,SRSF1_K562,SRSF7_HepG2,SRSF7_K562,SRSF9_HepG2,SSB_HepG2,SSB_K562,STAU2_HepG2,SUB1_HepG2,SUGP2_HepG2,SUPV3L1_HepG2,SUPV3L1_K562,TAF15_HepG2,TAF15_K562,TARDBP_K562,TBRG4_HepG2,TBRG4_K562,TIA1_HepG2,TIA1_K562,TIAL1_HepG2,TRA2A_HepG2,TRA2A_K562,TROVE2_HepG2,TROVE2_K562,U2AF1_HepG2,U2AF1_K562,U2AF2_HepG2,U2AF2_K562,UCHL5_HepG2,UCHL5_K562,UPF1_HepG2,UPF1_K562,UTP18_HepG2,UTP18_K562,UTP3_K562,WDR3_K562,WDR43_HepG2,WDR43_K562,WRN_K562,XPO5_HepG2,XRCC6_HepG2,XRCC6_K562,XRN2_HepG2,XRN2_K562,YBX3_HepG2,YBX3_K562,YWHAG_K562,ZC3H11A_HepG2,ZC3H11A_K562,ZC3H8_K562,ZNF622_K562,ZNF800_HepG2,ZNF800_K562,ZRANB2_K562
AARS_K562,1.0,1.0,1.0,1.0,1.0,1.0,1.0,1.0,1.0,1.0,1.0,1.0,1.0,1.0,1.0,1.0,1.0,1.0,1.0,1.0,1.0,1.0,1.0,1.0,0.8805129,1.0,1.0,1.0,0.99999994,1.0,1.0,1.0,1.0,1.0,1.0,1.0,1.0,1.0,0.9999894,1.0,1.0,1.0,1.0,1.0,1.0,1.0,1.0,1.0,1.0,1.0,1.0,1.0,1.0,1.0,1.0,1.0,1.0,1.0,1.0,1.0,1.0,1.0,1.0,1.0,1.0,1.0,1.0,1.0,1.0,1.0,1.0,1.0,1.0,1.0,1.0,1.0,1.0,0.72954965,1.0,1.0,1.0,1.0,1.0,0.99999994,1.0,1.0,1.0,1.0,1.0,1.0,1.0,1.0,1.0,1.0,1.0,1.0,1.0,1.0,1.0,1.0,0.9999994,0.99852043,0.98480576,1.0,1.0,1.0,1.0,1.0,1.0,1.0,1.0,1.0,1.0,1.0,1.0,1.0,0.99999803,0.99999934,1.0,1.0,1.0,1.0,0.8340611,1.0,1.0,1.0,1.0,1.0,1.0,1.0,1.0,1.0,1.0,1.0,1.0,1.0,1.0,1.0,1.0,1.0,1.0,1.0,1.0,1.0,1.0,1.0,1.0,1.0,1.0,1.0,1.0,1.0,1.0,1.0,1.0,1.0,0.99999994,1.0,1.0,1.0,0.9999996,1.0,1.0,1.0,1.0,1.0,1.0,1.0,1.0,1.0,1.0,1.0,1.0,1.0,1.0,1.0,0.994485,0.99999887,0.99999976,1.0,0.9999998,1.0,1.0,1.0,1.0,1.0,1.0,1.0,1.0,1.0,1.0,1.0,1.0,1.0,1.0,1.0,0.99999255,1.0,1.0,0.89546955,1.0,1.0,1.0,1.0,1.0,1.0,1.0,1.0,1.0,1.0,0.9999937,1.0,1.0,1.0,1.0,1.0,1.0,1.0,1.0,0.97114116,1.0,1.0,1.0
AATF_K562,1.0,1.0,1.0,1.0,1.0,1.0,1.0,1.0,1.0,1.0,1.0,1.0,1.0,1.0,1.0,1.0,1.0,1.0,1.0,1.0,1.0,1.0,1.0,1.0,0.88050604,1.0,1.0,1.0,0.99999994,1.0,1.0,1.0,1.0,1.0,1.0,1.0,1.0,1.0,0.99998945,1.0,1.0,1.0,1.0,1.0,1.0,1.0,1.0,1.0,1.0,1.0,1.0,1.0,1.0,1.0,1.0,1.0,1.0,1.0,1.0,1.0,1.0,1.0,1.0,1.0,1.0,1.0,1.0,1.0,1.0,1.0,1.0,1.0,1.0,1.0,1.0,1.0,1.0,0.72955954,1.0,1.0,1.0,1.0,1.0,0.99999994,1.0,1.0,1.0,1.0,1.0,1.0,1.0,1.0,1.0,1.0,1.0,1.0,1.0,1.0,1.0,1.0,0.9999994,0.9985212,0.98480326,1.0,1.0,1.0,1.0,1.0,1.0,1.0,1.0,1.0,1.0,1.0,1.0,1.0,0.9999981,0.99999934,1.0,1.0,1.0,1.0,0.8340531,1.0,1.0,1.0,1.0,1.0,1.0,1.0,1.0,1.0,1.0,1.0,1.0,1.0,1.0,1.0,1.0,1.0,1.0,1.0,1.0,1.0,1.0,1.0,1.0,1.0,1.0,1.0,1.0,1.0,1.0,1.0,1.0,1.0,0.99999994,1.0,1.0,1.0,0.9999996,1.0,1.0,1.0,1.0,1.0,1.0,1.0,1.0,1.0,1.0,1.0,1.0,1.0,1.0,1.0,0.9944866,0.99999887,0.99999976,1.0,0.9999998,1.0,1.0,1.0,1.0,1.0,1.0,1.0,1.0,1.0,1.0,1.0,1.0,1.0,1.0,1.0,0.9999926,1.0,1.0,0.895476,1.0,1.0,1.0,1.0,1.0,1.0,1.0,1.0,1.0,1.0,0.9999936,1.0,1.0,1.0,1.0,1.0,1.0,1.0,1.0,0.9711377,1.0,1.0,1.0
ABCF1_K562,1.0,1.0,1.0,1.0,1.0,1.0,1.0,1.0,1.0,1.0,1.0,1.0,1.0,1.0,1.0,1.0,1.0,1.0,1.0,1.0,1.0,1.0,1.0,1.0,0.8805134,1.0,1.0,1.0,0.99999994,1.0,1.0,1.0,1.0,1.0,1.0,1.0,1.0,1.0,0.9999894,1.0,1.0,1.0,1.0,1.0,1.0,1.0,1.0,1.0,1.0,1.0,1.0,1.0,1.0,1.0,1.0,1.0,1.0,1.0,1.0,1.0,1.0,1.0,1.0,1.0,1.0,1.0,1.0,1.0,1.0,1.0,1.0,1.0,1.0,1.0,1.0,1.0,1.0,0.7295489,1.0,1.0,1.0,1.0,1.0,0.99999994,1.0,1.0,1.0,1.0,1.0,1.0,1.0,1.0,1.0,1.0,1.0,1.0,1.0,1.0,1.0,1.0,0.9999994,0.9985204,0.984806,1.0,1.0,1.0,1.0,1.0,1.0,1.0,1.0,1.0,1.0,1.0,1.0,1.0,0.99999803,0.99999934,1.0,1.0,1.0,1.0,0.83406174,1.0,1.0,1.0,1.0,1.0,1.0,1.0,1.0,1.0,1.0,1.0,1.0,1.0,1.0,1.0,1.0,1.0,1.0,1.0,1.0,1.0,1.0,1.0,1.0,1.0,1.0,1.0,1.0,1.0,1.0,1.0,1.0,1.0,0.99999994,1.0,1.0,1.0,0.9999996,1.0,1.0,1.0,1.0,1.0,1.0,1.0,1.0,1.0,1.0,1.0,1.0,1.0,1.0,1.0,0.9944849,0.99999887,0.99999976,1.0,0.9999998,1.0,1.0,1.0,1.0,1.0,1.0,1.0,1.0,1.0,1.0,1.0,1.0,1.0,1.0,1.0,0.99999255,1.0,1.0,0.89546907,1.0,1.0,1.0,1.0,1.0,1.0,1.0,1.0,1.0,1.0,0.9999937,1.0,1.0,1.0,1.0,1.0,1.0,1.0,1.0,0.97114146,1.0,1.0,1.0
AGGF1_HepG2,1.0,1.0,1.0,1.0,1.0,1.0,1.0,1.0,1.0,1.0,1.0,1.0,1.0,1.0,1.0,1.0,1.0,1.0,1.0,1.0,1.0,1.0,1.0,1.0,0.880507,1.0,1.0,1.0,0.99999994,1.0,1.0,1.0,1.0,1.0,1.0,1.0,1.0,1.0,0.99998945,1.0,1.0,1.0,1.0,1.0,1.0,1.0,1.0,1.0,1.0,1.0,1.0,1.0,1.0,1.0,1.0,1.0,1.0,1.0,1.0,1.0,1.0,1.0,1.0,1.0,1.0,1.0,1.0,1.0,1.0,1.0,1.0,1.0,1.0,1.0,1.0,1.0,1.0,0.7295581,1.0,1.0,1.0,1.0,1.0,0.99999994,1.0,1.0,1.0,1.0,1.0,1.0,1.0,1.0,1.0,1.0,1.0,1.0,1.0,1.0,1.0,1.0,0.9999994,0.99852115,0.9848036,1.0,1.0,1.0,1.0,1.0,1.0,1.0,1.0,1.0,1.0,1.0,1.0,1.0,0.9999981,0.99999934,1.0,1.0,1.0,1.0,0.8340543,1.0,1.0,1.0,1.0,1.0,1.0,1.0,1.0,1.0,1.0,1.0,1.0,1.0,1.0,1.0,1.0,1.0,1.0,1.0,1.0,1.0,1.0,1.0,1.0,1.0,1.0,1.0,1.0,1.0,1.0,1.0,1.0,1.0,0.99999994,1.0,1.0,1.0,0.9999996,1.0,1.0,1.0,1.0,1.0,1.0,1.0,1.0,1.0,1.0,1.0,1.0,1.0,1.0,1.0,0.99448633,0.99999887,0.99999976,1.0,0.9999998,1.0,1.0,1.0,1.0,1.0,1.0,1.0,1.0,1.0,1.0,1.0,1.0,1.0,1.0,1.0,0.9999926,1.0,1.0,0.8954751,1.0,1.0,1.0,1.0,1.0,1.0,1.0,1.0,1.0,1.0,0.9999936,1.0,1.0,1.0,1.0,1.0,1.0,1.0,1.0,0.97113824,1.0,1.0,1.0
AGGF1_K562,1.0,1.0,1.0,1.0,1.0,1.0,1.0,1.0,1.0,1.0,1.0,1.0,1.0,1.0,1.0,1.0,1.0,1.0,1.0,1.0,1.0,1.0,1.0,1.0,0.88050896,1.0,1.0,1.0,0.99999994,1.0,1.0,1.0,1.0,1.0,1.0,1.0,1.0,1.0,0.9999894,1.0,1.0,1.0,1.0,1.0,1.0,1.0,1.0,1.0,1.0,1.0,1.0,1.0,1.0,1.0,1.0,1.0,1.0,1.0,1.0,1.0,1.0,1.0,1.0,1.0,1.0,1.0,1.0,1.0,1.0,1.0,1.0,1.0,1.0,1.0,1.0,1.0,1.0,0.72955525,1.0,1.0,1.0,1.0,1.0,0.99999994,1.0,1.0,1.0,1.0,1.0,1.0,1.0,1.0,1.0,1.0,1.0,1.0,1.0,1.0,1.0,1.0,0.9999994,0.9985209,0.9848044,1.0,1.0,1.0,1.0,1.0,1.0,1.0,1.0,1.0,1.0,1.0,1.0,1.0,0.9999981,0.99999934,1.0,1.0,1.0,1.0,0.8340566,1.0,1.0,1.0,1.0,1.0,1.0,1.0,1.0,1.0,1.0,1.0,1.0,1.0,1.0,1.0,1.0,1.0,1.0,1.0,1.0,1.0,1.0,1.0,1.0,1.0,1.0,1.0,1.0,1.0,1.0,1.0,1.0,1.0,0.99999994,1.0,1.0,1.0,0.9999996,1.0,1.0,1.0,1.0,1.0,1.0,1.0,1.0,1.0,1.0,1.0,1.0,1.0,1.0,1.0,0.9944859,0.99999887,0.99999976,1.0,0.9999998,1.0,1.0,1.0,1.0,1.0,1.0,1.0,1.0,1.0,1.0,1.0,1.0,1.0,1.0,1.0,0.99999255,1.0,1.0,0.89547324,1.0,1.0,1.0,1.0,1.0,1.0,1.0,1.0,1.0,1.0,0.9999936,1.0,1.0,1.0,1.0,1.0,1.0,1.0,1.0,0.9711392,1.0,1.0,1.0
AKAP1_HepG2,1.0,1.0,1.0,1.0,1.0,1.0,1.0,1.0,1.0,1.0,1.0,1.0,1.0,1.0,1.0,1.0,1.0,1.0,1.0,1.0,1.0,1.0,1.0,1.0,0.88049906,1.0,1.0,1.0,0.99999994,1.0,1.0,1.0,1.0,1.0,1.0,1.0,1.0,1.0,0.9999895,1.0,1.0,1.0,1.0,1.0,1.0,1.0,1.0,1.0,1.0,1.0,1.0,1.0,1.0,1.0,1.0,1.0,1.0,1.0,1.0,1.0,1.0,1.0,1.0,1.0,1.0,1.0,1.0,1.0,1.0,1.0,1.0,1.0,1.0,1.0,1.0,1.0,1.0,0.72956955,1.0,1.0,1.0,1.0,1.0,0.99999994,1.0,1.0,1.0,1.0,1.0,1.0,1.0,1.0,1.0,1.0,1.0,1.0,1.0,1.0,1.0,1.0,0.99999946,0.99852204,0.9848007,1.0,1.0,1.0,1.0,1.0,1.0,1.0,1.0,1.0,1.0,1.0,1.0,1.0,0.9999981,0.9999994,1.0,1.0,1.0,1.0,0.834045,1.0,1.0,1.0,1.0,1.0,1.0,1.0,1.0,1.0,1.0,1.0,1.0,1.0,1.0,1.0,1.0,1.0,1.0,1.0,1.0,1.0,1.0,1.0,1.0,1.0,1.0,1.0,1.0,1.0,1.0,1.0,1.0,1.0,0.99999994,1.0,1.0,1.0,0.9999996,1.0,1.0,1.0,1.0,1.0,1.0,1.0,1.0,1.0,1.0,1.0,1.0,1.0,1.0,1.0,0.99448806,0.99999887,0.99999976,1.0,0.9999998,1.0,1.0,1.0,1.0,1.0,1.0,1.0,1.0,1.0,1.0,1.0,1.0,1.0,1.0,1.0,0.99999267,1.0,1.0,0.89548254,1.0,1.0,1.0,1.0,1.0,1.0,1.0,1.0,1.0,1.0,0.99999356,1.0,1.0,1.0,1.0,1.0,1.0,1.0,1.0,0.97113425,1.0,1.0,1.0
AKAP1_K562,1.0,1.0,1.0,1.0,1.0,1.0,1.0,1.0,1.0,1.0,1.0,1.0,1.0,1.0,1.0,1.0,1.0,1.0,1.0,1.0,1.0,1.0,1.0,1.0,0.88051385,1.0,1.0,1.0,0.99999994,1.0,1.0,1.0,1.0,1.0,1.0,1.0,1.0,1.0,0.9999894,1.0,1.0,1.0,1.0,1.0,1.0,1.0,1.0,1.0,1.0,1.0,1.0,1.0,1.0,1.0,1.0,1.0,1.0,1.0,1.0,1.0,1.0,1.0,1.0,1.0,1.0,1.0,1.0,1.0,1.0,1.0,1.0,1.0,1.0,1.0,1.0,1.0,1.0,0.7295483,1.0,1.0,1.0,1.0,1.0,0.99999994,1.0,1.0,1.0,1.0,1.0,1.0,1.0,1.0,1.0,1.0,1.0,1.0,1.0,1.0,1.0,1.0,0.9999994,0.9985203,0.9848061,1.0,1.0,1.0,1.0,1.0,1.0,1.0,1.0,1.0,1.0,1.0,1.0,1.0,0.99999803,0.99999934,1.0,1.0,1.0,1.0,0.8340622,1.0,1.0,1.0,1.0,1.0,1.0,1.0,1.0,1.0,1.0,1.0,1.0,1.0,1.0,1.0,1.0,1.0,1.0,1.0,1.0,1.0,1.0,1.0,1.0,1.0,1.0,1.0,1.0,1.0,1.0,1.0,1.0,1.0,0.99999994,1.0,1.0,1.0,0.9999996,1.0,1.0,1.0,1.0,1.0,1.0,1.0,1.0,1.0,1.0,1.0,1.0,1.0,1.0,1.0,0.99448484,0.99999887,0.99999976,1.0,0.9999998,1.0,1.0,1.0,1.0,1.0,1.0,1.0,1.0,1.0,1.0,1.0,1.0,1.0,1.0,1.0,0.99999255,1.0,1.0,0.89546865,1.0,1.0,1.0,1.0,1.0,1.0,1.0,1.0,1.0,1.0,0.9999937,1.0,1.0,1.0,1.0,1.0,1.0,1.0,1.0,0.97114164,1.0,1.0,1.0
AKAP8L_K562,1.0,1.0,1.0,1.0,1.0,1.0,1.0,1.0,1.0,1.0,1.0,1.0,1.0,1.0,1.0,1.0,1.0,1.0,1.0,1.0,1.0,1.0,1.0,1.0,0.88050973,1.0,1.0,1.0,0.99999994,1.0,1.0,1.0,1.0,1.0,1.0,1.0,1.0,1.0,0.9999894,1.0,1.0,1.0,1.0,1.0,1.0,1.0,1.0,1.0,1.0,1.0,1.0,1.0,1.0,1.0,1.0,1.0,1.0,1.0,1.0,1.0,1.0,1.0,1.0,1.0,1.0,1.0,1.0,1.0,1.0,1.0,1.0,1.0,1.0,1.0,1.0,1.0,1.0,0.7295542,1.0,1.0,1.0,1.0,1.0,0.99999994,1.0,1.0,1.0,1.0,1.0,1.0,1.0,1.0,1.0,1.0,1.0,1.0,1.0,1.0,1.0,1.0,0.9999994,0.9985208,0.98480463,1.0,1.0,1.0,1.0,1.0,1.0,1.0,1.0,1.0,1.0,1.0,1.0,1.0,0.9999981,0.99999934,1.0,1.0,1.0,1.0,0.83405745,1.0,1.0,1.0,1.0,1.0,1.0,1.0,1.0,1.0,1.0,1.0,1.0,1.0,1.0,1.0,1.0,1.0,1.0,1.0,1.0,1.0,1.0,1.0,1.0,1.0,1.0,1.0,1.0,1.0,1.0,1.0,1.0,1.0,0.99999994,1.0,1.0,1.0,0.9999996,1.0,1.0,1.0,1.0,1.0,1.0,1.0,1.0,1.0,1.0,1.0,1.0,1.0,1.0,1.0,0.99448574,0.99999887,0.99999976,1.0,0.9999998,1.0,1.0,1.0,1.0,1.0,1.0,1.0,1.0,1.0,1.0,1.0,1.0,1.0,1.0,1.0,0.99999255,1.0,1.0,0.8954725,1.0,1.0,1.0,1.0,1.0,1.0,1.0,1.0,1.0,1.0,0.9999936,1.0,1.0,1.0,1.0,1.0,1.0,1.0,1.0,0.9711396,1.0,1.0,1.0
APOBEC3C_K562,1.0,1.0,1.0,1.0,1.0,1.0,1.0,1.0,1.0,1.0,1.0,1.0,1.0,1.0,1.0,1.0,1.0,1.0,1.0,1.0,1.0,1.0,1.0,1.0,0.8805275,1.0,1.0,1.0,0.99999994,1.0,1.0,1.0,1.0,1.0,1.0,1.0,1.0,1.0,0.9999892,1.0,1.0,1.0,1.0,1.0,1.0,1.0,1.0,1.0,1.0,1.0,1.0,1.0,1.0,1.0,1.0,1.0,1.0,1.0,1.0,1.0,1.0,1.0,1.0,1.0,1.0,1.0,1.0,1.0,1.0,1.0,1.0,1.0,1.0,1.0,1.0,1.0,1.0,0.7295286,1.0,1.0,1.0,1.0,1.0,0.99999994,1.0,1.0,1.0,1.0,1.0,1.0,1.0,1.0,1.0,1.0,1.0,1.0,1.0,1.0,1.0,1.0,0.9999994,0.99851876,0.9848111,1.0,1.0,1.0,1.0,1.0,1.0,1.0,1.0,1.0,1.0,1.0,1.0,1.0,0.999998,0.99999934,1.0,1.0,1.0,1.0,0.8340781,1.0,1.0,1.0,1.0,1.0,1.0,1.0,1.0,1.0,1.0,1.0,1.0,1.0,1.0,1.0,1.0,1.0,1.0,1.0,1.0,1.0,1.0,1.0,1.0,1.0,1.0,1.0,1.0,1.0,1.0,1.0,1.0,1.0,0.99999994,1.0,1.0,1.0,0.9999995,1.0,1.0,1.0,1.0,1.0,1.0,1.0,1.0,1.0,1.0,1.0,1.0,1.0,1.0,1.0,0.9944818,0.9999988,0.9999997,1.0,0.9999998,1.0,1.0,1.0,1.0,1.0,1.0,1.0,1.0,1.0,1.0,1.0,1.0,1.0,1.0,1.0,0.99999243,1.0,1.0,0.89545584,1.0,1.0,1.0,1.0,1.0,1.0,1.0,1.0,1.0,1.0,0.9999938,1.0,1.0,1.0,1.0,1.0,1.0,1.0,1.0,0.9711485,1.0,1.0,1.0
AQR_HepG2,1.0,1.0,1.0,1.0,1.0,1.0,1.0,1.0,1.0,1.0,1.0,1.0,1.0,1.0,1.0,1.0,1.0,1.0,1.0,1.0,1.0,1.0,1.0,1.0,0.88050646,1.0,1.0,1.0,0.99999994,1.0,1.0,1.0,1.0,1.0,1.0,1.0,1.0,1.0,0.99998945,1.0,1.0,1.0,1.0,1.0,1.0,1.0,1.0,1.0,1.0,1.0,1.0,1.0,1.0,1.0,1.0,1.0,1.0,1.0,1.0,1.0,1.0,1.0,1.0,1.0,1.0,1.0,1.0,1.0,1.0,1.0,1.0,1.0,1.0,1.0,1.0,1.0,1.0,0.7295589,1.0,1.0,1.0,1.0,1.0,0.99999994,1.0,1.0,1.0,1.0,1.0,1.0,1.0,1.0,1.0,1.0,1.0,1.0,1.0,1.0,1.0,1.0,0.9999994,0.9985212,0.98480344,1.0,1.0,1.0,1.0,1.0,1.0,1.0,1.0,1.0,1.0,1.0,1.0,1.0,0.9999981,0.99999934,1.0,1.0,1.0,1.0,0.83405364,1.0,1.0,1.0,1.0,1.0,1.0,1.0,1.0,1.0,1.0,1.0,1.0,1.0,1.0,1.0,1.0,1.0,1.0,1.0,1.0,1.0,1.0,1.0,1.0,1.0,1.0,1.0,1.0,1.0,1.0,1.0,1.0,1.0,0.99999994,1.0,1.0,1.0,0.9999996,1.0,1.0,1.0,1.0,1.0,1.0,1.0,1.0,1.0,1.0,1.0,1.0,1.0,1.0,1.0,0.99448645,0.99999887,0.99999976,1.0,0.9999998,1.0,1.0,1.0,1.0,1.0,1.0,1.0,1.0,1.0,1.0,1.0,1.0,1.0,1.0,1.0,0.9999926,1.0,1.0,0.89547557,1.0,1.0,1.0,1.0,1.0,1.0,1.0,1.0,1.0,1.0,0.9999936,1.0,1.0,1.0,1.0,1.0,1.0,1.0,1.0,0.97113794,1.0,1.0,1.0
AQR_K562,1.0,1.0,1.0,1.0,1.0,1.0,1.0,1.0,1.0,1.0,1.0,1.0,1.0,1.0,1.0,1.0,1.0,1.0,1.0,1.0,1.0,1.0,1.0,1.0,0.8805016,1.0,1.0,1.0,0.99999994,1.0,1.0,1.0,1.0,1.0,1.0,1.0,1.0,1.0,0.9999895,1.0,1.0,1.0,1.0,1.0,1.0,1.0,1.0,1.0,1.0,1.0,1.0,1.0,1.0,1.0,1.0,1.0,1.0,1.0,1.0,1.0,1.0,1.0,1.0,1.0,1.0,1.0,1.0,1.0,1.0,1.0,1.0,1.0,1.0,1.0,1.0,1.0,1.0,0.7295659,1.0,1.0,1.0,1.0,1.0,0.99999994,1.0,1.0,1.0,1.0,1.0,1.0,1.0,1.0,1.0,1.0,1.0,1.0,1.0,1.0,1.0,1.0,0.99999946,0.99852175,0.98480165,1.0,1.0,1.0,1.0,1.0,1.0,1.0,1.0,1.0,1.0,1.0,1.0,1.0,0.9999981,0.9999994,1.0,1.0,1.0,1.0,0.834048,1.0,1.0,1.0,1.0,1.0,1.0,1.0,1.0,1.0,1.0,1.0,1.0,1.0,1.0,1.0,1.0,1.0,1.0,1.0,1.0,1.0,1.0,1.0,1.0,1.0,1.0,1.0,1.0,1.0,1.0,1.0,1.0,1.0,0.99999994,1.0,1.0,1.0,0.9999996,1.0,1.0,1.0,1.0,1.0,1.0,1.0,1.0,1.0,1.0,1.0,1.0,1.0,1.0,1.0,0.9944875,0.99999887,0.99999976,1.0,0.9999998,1.0,1.0,1.0,1.0,1.0,1.0,1.0,1.0,1.0,1.0,1.0,1.0,1.0,1.0,1.0,0.9999926,1.0,1.0,0.89548016,1.0,1.0,1.0,1.0,1.0,1.0,1.0,1.0,1.0,1.0,0.99999356,1.0,1.0,1.0,1.0,1.0,1.0,1.0,1.0,0.9711355,1.0,1.0,1.0
BCCIP_HepG2,1.0,1.0,1.0,1.0,1.0,1.0,1.0,1.0,1.0,1.0,1.0,1.0,1.0,1.0,1.0,1.0,1.0,1.0,1.0,1.0,1.0,1.0,1.0,1.0,0.88049614,1.0,1.0,1.0,1.0,1.0,1.0,1.0,1.0,1.0,1.0,1.0,1.0,1.0,0.9999895,1.0,1.0,1.0,1.0,1.0,1.0,1.0,1.0,1.0,1.0,1.0,1.0,1.0,1.0,1.0,1.0,1.0,1.0,1.0,1.0,1.0,1.0,1.0,1.0,1.0,1.0,1.0,1.0,1.0,1.0,1.0,1.0,1.0,1.0,1.0,1.0,1.0,1.0,0.7295738,1.0,1.0,1.0,1.0,1.0,0.99999994,1.0,1.0,1.0,1.0,1.0,1.0,1.0,1.0,1.0,1.0,1.0,1.0,1.0,1.0,1.0,1.0,0.99999946,0.9985224,0.9847996,1.0,1.0,1.0,1.0,1.0,1.0,1.0,1.0,1.0,1.0,1.0,1.0,1.0,0.9999981,0.9999994,1.0,1.0,1.0,1.0,0.8340416,1.0,1.0,1.0,1.0,1.0,1.0,1.0,1.0,1.0,1.0,1.0,1.0,1.0,1.0,1.0,1.0,1.0,1.0,1.0,1.0,1.0,1.0,1.0,1.0,1.0,1.0,1.0,1.0,1.0,1.0,1.0,1.0,1.0,0.99999994,1.0,1.0,1.0,0.9999996,1.0,1.0,1.0,1.0,1.0,1.0,1.0,1.0,1.0,1.0,1.0,1.0,1.0,1.0,1.0,0.9944887,0.99999887,0.99999976,1.0,0.9999998,1.0,1.0,1.0,1.0,1.0,1.0,1.0,1.0,1.0,1.0,1.0,1.0,1.0,1.0,1.0,0.99999267,1.0,1.0,0.8954853,1.0,1.0,1.0,1.0,1.0,1.0,1.0,1.0,1.0,1.0,0.99999356,1.0,1.0,1.0,1.0,1.0,1.0,1.0,1.0,0.97113276,1.0,1.0,1.0
BCLAF1_HepG2,1.0,1.0,1.0,1.0,1.0,1.0,1.0,1.0,1.0,1.0,1.0,1.0,1.0,1.0,1.0,1.0,1.0,1.0,1.0,1.0,1.0,1.0,1.0,1.0,0.8805086,1.0,1.0,1.0,0.99999994,1.0,1.0,1.0,1.0,1.0,1.0,1.0,1.0,1.0,0.9999894,1.0,1.0,1.0,1.0,1.0,1.0,1.0,1.0,1.0,1.0,1.0,1.0,1.0,1.0,1.0,1.0,1.0,1.0,1.0,1.0,1.0,1.0,1.0,1.0,1.0,1.0,1.0,1.0,1.0,1.0,1.0,1.0,1.0,1.0,1.0,1.0,1.0,1.0,0.7295558,1.0,1.0,1.0,1.0,1.0,0.99999994,1.0,1.0,1.0,1.0,1.0,1.0,1.0,1.0,1.0,1.0,1.0,1.0,1.0,1.0,1.0,1.0,0.9999994,0.998521,0.9848042,1.0,1.0,1.0,1.0,1.0,1.0,1.0,1.0,1.0,1.0,1.0,1.0,1.0,0.9999981,0.99999934,1.0,1.0,1.0,1.0,0.83405614,1.0,1.0,1.0,1.0,1.0,1.0,1.0,1.0,1.0,1.0,1.0,1.0,1.0,1.0,1.0,1.0,1.0,1.0,1.0,1.0,1.0,1.0,1.0,1.0,1.0,1.0,1.0,1.0,1.0,1.0,1.0,1.0,1.0,0.99999994,1.0,1.0,1.0,0.9999996,1.0,1.0,1.0,1.0,1.0,1.0,1.0,1.0,1.0,1.0,1.0,1.0,1.0,1.0,1.0,0.994486,0.99999887,0.99999976,1.0,0.9999998,1.0,1.0,1.0,1.0,1.0,1.0,1.0,1.0,1.0,1.0,1.0,1.0,1.0,1.0,1.0,0.99999255,1.0,1.0,0.8954736,1.0,1.0,1.0,1.0,1.0,1.0,1.0,1.0,1.0,1.0,0.9999936,1.0,1.0,1.0,1.0,1.0,1.0,1.0,1.0,0.971139,1.0,1.0,1.0
BUD13_HepG2,1.0,1.0,1.0,1.0,1.0,1.0,1.0,1.0,1.0,1.0,1.0,1.0,1.0,1.0,1.0,1.0,1.0,1.0,1.0,1.0,1.0,1.0,1.0,1.0,0.88050383,1.0,1.0,1.0,0.99999994,1.0,1.0,1.0,1.0,1.0,1.0,1.0,1.0,1.0,0.99998945,1.0,1.0,1.0,1.0,1.0,1.0,1.0,1.0,1.0,1.0,1.0,1.0,1.0,1.0,1.0,1.0,1.0,1.0,1.0,1.0,1.0,1.0,1.0,1.0,1.0,1.0,1.0,1.0,1.0,1.0,1.0,1.0,1.0,1.0,1.0,1.0,1.0,1.0,0.72956264,1.0,1.0,1.0,1.0,1.0,0.99999994,1.0,1.0,1.0,1.0,1.0,1.0,1.0,1.0,1.0,1.0,1.0,1.0,1.0,1.0,1.0,1.0,0.9999994,0.9985215,0.9848025,1.0,1.0,1.0,1.0,1.0,1.0,1.0,1.0,1.0,1.0,1.0,1.0,1.0,0.9999981,0.99999934,1.0,1.0,1.0,1.0,0.8340506,1.0,1.0,1.0,1.0,1.0,1.0,1.0,1.0,1.0,1.0,1.0,1.0,1.0,1.0,1.0,1.0,1.0,1.0,1.0,1.0,1.0,1.0,1.0,1.0,1.0,1.0,1.0,1.0,1.0,1.0,1.0,1.0,1.0,0.99999994,1.0,1.0,1.0,0.9999996,1.0,1.0,1.0,1.0,1.0,1.0,1.0,1.0,1.0,1.0,1.0,1.0,1.0,1.0,1.0,0.99448705,0.99999887,0.99999976,1.0,0.9999998,1.0,1.0,1.0,1.0,1.0,1.0,1.0,1.0,1.0,1.0,1.0,1.0,1.0,1.0,1.0,0.9999926,1.0,1.0,0.895478,1.0,1.0,1.0,1.0,1.0,1.0,1.0,1.0,1.0,1.0,0.9999936,1.0,1.0,1.0,1.0,1.0,1.0,1.0,1.0,0.9711366,1.0,1.0,1.0
BUD13_K562,1.0,1.0,1.0,1.0,1.0,1.0,1.0,1.0,1.0,1.0,1.0,1.0,1.0,1.0,1.0,1.0,1.0,1.0,1.0,1.0,1.0,1.0,1.0,1.0,0.88050956,1.0,1.0,1.0,0.99999994,1.0,1.0,1.0,1.0,1.0,1.0,1.0,1.0,1.0,0.9999894,1.0,1.0,1.0,1.0,1.0,1.0,1.0,1.0,1.0,1.0,1.0,1.0,1.0,1.0,1.0,1.0,1.0,1.0,1.0,1.0,1.0,1.0,1.0,1.0,1.0,1.0,1.0,1.0,1.0,1.0,1.0,1.0,1.0,1.0,1.0,1.0,1.0,1.0,0.7295544,1.0,1.0,1.0,1.0,1.0,0.99999994,1.0,1.0,1.0,1.0,1.0,1.0,1.0,1.0,1.0,1.0,1.0,1.0,1.0,1.0,1.0,1.0,0.9999994,0.99852085,0.9848046,1.0,1.0,1.0,1.0,1.0,1.0,1.0,1.0,1.0,1.0,1.0,1.0,1.0,0.9999981,0.99999934,1.0,1.0,1.0,1.0,0.8340573,1.0,1.0,1.0,1.0,1.0,1.0,1.0,1.0,1.0,1.0,1.0,1.0,1.0,1.0,1.0,1.0,1.0,1.0,1.0,1.0,1.0,1.0,1.0,1.0,1.0,1.0,1.0,1.0,1.0,1.0,1.0,1.0,1.0,0.99999994,1.0,1.0,1.0,0.9999996,1.0,1.0,1.0,1.0,1.0,1.0,1.0,1.0,1.0,1.0,1.0,1.0,1.0,1.0,1.0,0.99448574,0.99999887,0.99999976,1.0,0.9999998,1.0,1.0,1.0,1.0,1.0,1.0,1.0,1.0,1.0,1.0,1.0,1.0,1.0,1.0,1.0,0.99999255,1.0,1.0,0.89547265,1.0,1.0,1.0,1.0,1.0,1.0,1.0,1.0,1.0,1.0,0.9999936,1.0,1.0,1.0,1.0,1.0,1.0,1.0,1.0,0.9711395,1.0,1.0,1.0
CDC40_HepG2,1.0,1.0,1.0,1.0,1.0,1.0,1.0,1.0,1.0,1.0,1.0,1.0,1.0,1.0,1.0,1.0,1.0,1.0,1.0,1.0,1.0,1.0,1.0,1.0,0.880533,1.0,1.0,1.0,0.99999994,1.0,1.0,1.0,1.0,1.0,1.0,1.0,1.0,1.0,0.99998915,1.0,1.0,1.0,1.0,1.0,1.0,1.0,1.0,1.0,1.0,1.0,1.0,1.0,1.0,1.0,1.0,1.0,1.0,1.0,1.0,1.0,1.0,1.0,1.0,1.0,1.0,1.0,1.0,1.0,1.0,1.0,1.0,1.0,1.0,1.0,1.0,1.0,1.0,0.7295207,1.0,1.0,1.0,1.0,1.0,0.99999994,1.0,1.0,1.0,1.0,1.0,1.0,1.0,1.0,1.0,1.0,1.0,1.0,1.0,1.0,1.0,1.0,0.99999934,0.99851817,0.98481315,1.0,1.0,1.0,1.0,1.0,1.0,1.0,1.0,1.0,1.0,1.0,1.0,1.0,0.999998,0.9999993,1.0,1.0,1.0,1.0,0.8340845,1.0,1.0,1.0,1.0,1.0,1.0,1.0,1.0,1.0,1.0,1.0,1.0,1.0,1.0,1.0,1.0,1.0,1.0,1.0,1.0,1.0,1.0,1.0,1.0,1.0,1.0,1.0,1.0,1.0,1.0,1.0,1.0,1.0,0.9999999,1.0,1.0,1.0,0.9999995,1.0,1.0,1.0,1.0,1.0,1.0,1.0,1.0,1.0,1.0,1.0,1.0,1.0,1.0,1.0,0.9944806,0.99999875,0.9999997,1.0,0.99999976,1.0,1.0,1.0,1.0,1.0,1.0,1.0,1.0,1.0,1.0,1.0,1.0,1.0,1.0,1.0,0.9999924,1.0,1.0,0.8954507,1.0,1.0,1.0,1.0,1.0,1.0,1.0,1.0,1.0,1.0,0.9999938,1.0,1.0,1.0,1.0,1.0,1.0,1.0,1.0,0.9711513,1.0,1.0,1.0
CPEB4_K562,1.0,1.0,1.0,1.0,1.0,1.0,1.0,1.0,1.0,1.0,1.0,1.0,1.0,1.0,1.0,1.0,1.0,1.0,1.0,1.0,1.0,1.0,1.0,1.0,0.8805077,1.0,1.0,1.0,0.99999994,1.0,1.0,1.0,1.0,1.0,1.0,1.0,1.0,1.0,0.99998945,1.0,1.0,1.0,1.0,1.0,1.0,1.0,1.0,1.0,1.0,1.0,1.0,1.0,1.0,1.0,1.0,1.0,1.0,1.0,1.0,1.0,1.0,1.0,1.0,1.0,1.0,1.0,1.0,1.0,1.0,1.0,1.0,1.0,1.0,1.0,1.0,1.0,1.0,0.7295571,1.0,1.0,1.0,1.0,1.0,0.99999994,1.0,1.0,1.0,1.0,1.0,1.0,1.0,1.0,1.0,1.0,1.0,1.0,1.0,1.0,1.0,1.0,0.9999994,0.99852103,0.9848039,1.0,1.0,1.0,1.0,1.0,1.0,1.0,1.0,1.0,1.0,1.0,1.0,1.0,0.9999981,0.99999934,1.0,1.0,1.0,1.0,0.8340551,1.0,1.0,1.0,1.0,1.0,1.0,1.0,1.0,1.0,1.0,1.0,1.0,1.0,1.0,1.0,1.0,1.0,1.0,1.0,1.0,1.0,1.0,1.0,1.0,1.0,1.0,1.0,1.0,1.0,1.0,1.0,1.0,1.0,0.99999994,1.0,1.0,1.0,0.9999996,1.0,1.0,1.0,1.0,1.0,1.0,1.0,1.0,1.0,1.0,1.0,1.0,1.0,1.0,1.0,0.99448615,0.99999887,0.99999976,1.0,0.9999998,1.0,1.0,1.0,1.0,1.0,1.0,1.0,1.0,1.0,1.0,1.0,1.0,1.0,1.0,1.0,0.9999926,1.0,1.0,0.8954744,1.0,1.0,1.0,1.0,1.0,1.0,1.0,1.0,1.0,1.0,0.9999936,1.0,1.0,1.0,1.0,1.0,1.0,1.0,1.0,0.9711386,1.0,1.0,1.0
CPSF6_K562,1.0,1.0,1.0,1.0,1.0,1.0,1.0,1.0,1.0,1.0,1.0,1.0,1.0,1.0,1.0,1.0,1.0,1.0,1.0,1.0,1.0,1.0,1.0,1.0,0.8804979,1.0,1.0,1.0,1.0,1.0,1.0,1.0,1.0,1.0,1.0,1.0,1.0,1.0,0.9999895,1.0,1.0,1.0,1.0,1.0,1.0,1.0,1.0,1.0,1.0,1.0,1.0,1.0,1.0,1.0,1.0,1.0,1.0,1.0,1.0,1.0,1.0,1.0,1.0,1.0,1.0,1.0,1.0,1.0,1.0,1.0,1.0,1.0,1.0,1.0,1.0,1.0,1.0,0.7295713,1.0,1.0,1.0,1.0,1.0,0.99999994,1.0,1.0,1.0,1.0,1.0,1.0,1.0,1.0,1.0,1.0,1.0,1.0,1.0,1.0,1.0,1.0,0.99999946,0.99852216,0.9848003,1.0,1.0,1.0,1.0,1.0,1.0,1.0,1.0,1.0,1.0,1.0,1.0,1.0,0.9999981,0.9999994,1.0,1.0,1.0,1.0,0.8340436,1.0,1.0,1.0,1.0,1.0,1.0,1.0,1.0,1.0,1.0,1.0,1.0,1.0,1.0,1.0,1.0,1.0,1.0,1.0,1.0,1.0,1.0,1.0,1.0,1.0,1.0,1.0,1.0,1.0,1.0,1.0,1.0,1.0,0.99999994,1.0,1.0,1.0,0.9999996,1.0,1.0,1.0,1.0,1.0,1.0,1.0,1.0,1.0,1.0,1.0,1.0,1.0,1.0,1.0,0.99448836,0.99999887,0.99999976,1.0,0.9999998,1.0,1.0,1.0,1.0,1.0,1.0,1.0,1.0,1.0,1.0,1.0,1.0,1.0,1.0,1.0,0.99999267,1.0,1.0,0.8954836,1.0,1.0,1.0,1.0,1.0,1.0,1.0,1.0,1.0,1.0,0.99999356,1.0,1.0,1.0,1.0,1.0,1.0,1.0,1.0,0.97113365,1.0,1.0,1.0
CSTF2_HepG2,1.0,1.0,1.0,1.0,1.0,1.0,1.0,1.0,1.0,1.0,1.0,1.0,1.0,1.0,1.0,1.0,1.0,1.0,1.0,1.0,1.0,1.0,1.0,1.0,0.88050044,1.0,1.0,1.0,0.99999994,1.0,1.0,1.0,1.0,1.0,1.0,1.0,1.0,1.0,0.9999895,1.0,1.0,1.0,1.0,1.0,1.0,1.0,1.0,1.0,1.0,1.0,1.0,1.0,1.0,1.0,1.0,1.0,1.0,1.0,1.0,1.0,1.0,1.0,1.0,1.0,1.0,1.0,1.0,1.0,1.0,1.0,1.0,1.0,1.0,1.0,1.0,1.0,1.0,0.7295676,1.0,1.0,1.0,1.0,1.0,0.99999994,1.0,1.0,1.0,1.0,1.0,1.0,1.0,1.0,1.0,1.0,1.0,1.0,1.0,1.0,1.0,1.0,0.99999946,0.99852186,0.98480123,1.0,1.0,1.0,1.0,1.0,1.0,1.0,1.0,1.0,1.0,1.0,1.0,1.0,0.9999981,0.9999994,1.0,1.0,1.0,1.0,0.8340466,1.0,1.0,1.0,1.0,1.0,1.0,1.0,1.0,1.0,1.0,1.0,1.0,1.0,1.0,1.0,1.0,1.0,1.0,1.0,1.0,1.0,1.0,1.0,1.0,1.0,1.0,1.0,1.0,1.0,1.0,1.0,1.0,1.0,0.99999994,1.0,1.0,1.0,0.9999996,1.0,1.0,1.0,1.0,1.0,1.0,1.0,1.0,1.0,1.0,1.0,1.0,1.0,1.0,1.0,0.99448776,0.99999887,0.99999976,1.0,0.9999998,1.0,1.0,1.0,1.0,1.0,1.0,1.0,1.0,1.0,1.0,1.0,1.0,1.0,1.0,1.0,0.99999267,1.0,1.0,0.8954813,1.0,1.0,1.0,1.0,1.0,1.0,1.0,1.0,1.0,1.0,0.99999356,1.0,1.0,1.0,1.0,1.0,1.0,1.0,1.0,0.9711349,1.0,1.0,1.0
CSTF2T_HepG2,1.0,1.0,1.0,1.0,1.0,1.0,1.0,1.0,1.0,1.0,1.0,1.0,1.0,1.0,1.0,1.0,1.0,1.0,1.0,1.0,1.0,1.0,1.0,1.0,0.8805237,1.0,1.0,1.0,0.99999994,1.0,1.0,1.0,1.0,1.0,1.0,1.0,1.0,1.0,0.9999893,1.0,1.0,1.0,1.0,1.0,1.0,1.0,1.0,1.0,1.0,1.0,1.0,1.0,1.0,1.0,1.0,1.0,1.0,1.0,1.0,1.0,1.0,1.0,1.0,1.0,1.0,1.0,1.0,1.0,1.0,1.0,1.0,1.0,1.0,1.0,1.0,1.0,1.0,0.7295341,1.0,1.0,1.0,1.0,1.0,0.99999994,1.0,1.0,1.0,1.0,1.0,1.0,1.0,1.0,1.0,1.0,1.0,1.0,1.0,1.0,1.0,1.0,0.9999994,0.99851924,0.98480976,1.0,1.0,1.0,1.0,1.0,1.0,1.0,1.0,1.0,1.0,1.0,1.0,1.0,0.99999803,0.99999934,1.0,1.0,1.0,1.0,0.83407366,1.0,1.0,1.0,1.0,1.0,1.0,1.0,1.0,1.0,1.0,1.0,1.0,1.0,1.0,1.0,1.0,1.0,1.0,1.0,1.0,1.0,1.0,1.0,1.0,1.0,1.0,1.0,1.0,1.0,1.0,1.0,1.0,1.0,0.99999994,1.0,1.0,1.0,0.9999995,1.0,1.0,1.0,1.0,1.0,1.0,1.0,1.0,1.0,1.0,1.0,1.0,1.0,1.0,1.0,0.99448264,0.9999988,0.9999997,1.0,0.9999998,1.0,1.0,1.0,1.0,1.0,1.0,1.0,1.0,1.0,1.0,1.0,1.0,1.0,1.0,1.0,0.99999243,1.0,1.0,0.8954594,1.0,1.0,1.0,1.0,1.0,1.0,1.0,1.0,1.0,1.0,0.99999374,1.0,1.0,1.0,1.0,1.0,1.0,1.0,1.0,0.9711466,1.0,1.0,1.0
CSTF2T_K562,1.0,1.0,1.0,1.0,1.0,1.0,1.0,1.0,1.0,1.0,1.0,1.0,1.0,1.0,1.0,1.0,1.0,1.0,1.0,1.0,1.0,1.0,1.0,1.0,0.8805016,1.0,1.0,1.0,0.99999994,1.0,1.0,1.0,1.0,1.0,1.0,1.0,1.0,1.0,0.9999895,1.0,1.0,1.0,1.0,1.0,1.0,1.0,1.0,1.0,1.0,1.0,1.0,1.0,1.0,1.0,1.0,1.0,1.0,1.0,1.0,1.0,1.0,1.0,1.0,1.0,1.0,1.0,1.0,1.0,1.0,1.0,1.0,1.0,1.0,1.0,1.0,1.0,1.0,0.72956586,1.0,1.0,1.0,1.0,1.0,0.99999994,1.0,1.0,1.0,1.0,1.0,1.0,1.0,1.0,1.0,1.0,1.0,1.0,1.0,1.0,1.0,1.0,0.99999946,0.99852175,0.98480165,1.0,1.0,1.0,1.0,1.0,1.0,1.0,1.0,1.0,1.0,1.0,1.0,1.0,0.9999981,0.9999994,1.0,1.0,1.0,1.0,0.834048,1.0,1.0,1.0,1.0,1.0,1.0,1.0,1.0,1.0,1.0,1.0,1.0,1.0,1.0,1.0,1.0,1.0,1.0,1.0,1.0,1.0,1.0,1.0,1.0,1.0,1.0,1.0,1.0,1.0,1.0,1.0,1.0,1.0,0.99999994,1.0,1.0,1.0,0.9999996,1.0,1.0,1.0,1.0,1.0,1.0,1.0,1.0,1.0,1.0,1.0,1.0,1.0,1.0,1.0,0.9944875,0.99999887,0.99999976,1.0,0.9999998,1.0,1.0,1.0,1.0,1.0,1.0,1.0,1.0,1.0,1.0,1.0,1.0,1.0,1.0,1.0,0.9999926,1.0,1.0,0.8954801,1.0,1.0,1.0,1.0,1.0,1.0,1.0,1.0,1.0,1.0,0.99999356,1.0,1.0,1.0,1.0,1.0,1.0,1.0,1.0,0.9711355,1.0,1.0,1.0
DDX21_K562,1.0,1.0,1.0,1.0,1.0,1.0,1.0,1.0,1.0,1.0,1.0,1.0,1.0,1.0,1.0,1.0,1.0,1.0,1.0,1.0,1.0,1.0,1.0,1.0,0.88052326,1.0,1.0,1.0,0.99999994,1.0,1.0,1.0,1.0,1.0,1.0,1.0,1.0,1.0,0.9999893,1.0,1.0,1.0,1.0,1.0,1.0,1.0,1.0,1.0,1.0,1.0,1.0,1.0,1.0,1.0,1.0,1.0,1.0,1.0,1.0,1.0,1.0,1.0,1.0,1.0,1.0,1.0,1.0,1.0,1.0,1.0,1.0,1.0,1.0,1.0,1.0,1.0,1.0,0.7295346,1.0,1.0,1.0,1.0,1.0,0.99999994,1.0,1.0,1.0,1.0,1.0,1.0,1.0,1.0,1.0,1.0,1.0,1.0,1.0,1.0,1.0,1.0,0.9999994,0.99851924,0.9848096,1.0,1.0,1.0,1.0,1.0,1.0,1.0,1.0,1.0,1.0,1.0,1.0,1.0,0.99999803,0.99999934,1.0,1.0,1.0,1.0,0.8340732,1.0,1.0,1.0,1.0,1.0,1.0,1.0,1.0,1.0,1.0,1.0,1.0,1.0,1.0,1.0,1.0,1.0,1.0,1.0,1.0,1.0,1.0,1.0,1.0,1.0,1.0,1.0,1.0,1.0,1.0,1.0,1.0,1.0,0.99999994,1.0,1.0,1.0,0.9999995,1.0,1.0,1.0,1.0,1.0,1.0,1.0,1.0,1.0,1.0,1.0,1.0,1.0,1.0,1.0,0.99448276,0.9999988,0.9999997,1.0,0.9999998,1.0,1.0,1.0,1.0,1.0,1.0,1.0,1.0,1.0,1.0,1.0,1.0,1.0,1.0,1.0,0.99999243,1.0,1.0,0.89545983,1.0,1.0,1.0,1.0,1.0,1.0,1.0,1.0,1.0,1.0,0.99999374,1.0,1.0,1.0,1.0,1.0,1.0,1.0,1.0,0.9711464,1.0,1.0,1.0
DDX24_K562,1.0,1.0,1.0,1.0,1.0,1.0,1.0,1.0,1.0,1.0,1.0,1.0,1.0,1.0,1.0,1.0,1.0,1.0,1.0,1.0,1.0,1.0,1.0,1.0,0.8805035,1.0,1.0,1.0,0.99999994,1.0,1.0,1.0,1.0,1.0,1.0,1.0,1.0,1.0,0.99998945,1.0,1.0,1.0,1.0,1.0,1.0,1.0,1.0,1.0,1.0,1.0,1.0,1.0,1.0,1.0,1.0,1.0,1.0,1.0,1.0,1.0,1.0,1.0,1.0,1.0,1.0,1.0,1.0,1.0,1.0,1.0,1.0,1.0,1.0,1.0,1.0,1.0,1.0,0.7295632,1.0,1.0,1.0,1.0,1.0,0.99999994,1.0,1.0,1.0,1.0,1.0,1.0,1.0,1.0,1.0,1.0,1.0,1.0,1.0,1.0,1.0,1.0,0.9999994,0.9985215,0.98480237,1.0,1.0,1.0,1.0,1.0,1.0,1.0,1.0,1.0,1.0,1.0,1.0,1.0,0.9999981,0.9999994,1.0,1.0,1.0,1.0,0.8340502,1.0,1.0,1.0,1.0,1.0,1.0,1.0,1.0,1.0,1.0,1.0,1.0,1.0,1.0,1.0,1.0,1.0,1.0,1.0,1.0,1.0,1.0,1.0,1.0,1.0,1.0,1.0,1.0,1.0,1.0,1.0,1.0,1.0,0.99999994,1.0,1.0,1.0,0.9999996,1.0,1.0,1.0,1.0,1.0,1.0,1.0,1.0,1.0,1.0,1.0,1.0,1.0,1.0,1.0,0.9944871,0.99999887,0.99999976,1.0,0.9999998,1.0,1.0,1.0,1.0,1.0,1.0,1.0,1.0,1.0,1.0,1.0,1.0,1.0,1.0,1.0,0.9999926,1.0,1.0,0.89547837,1.0,1.0,1.0,1.0,1.0,1.0,1.0,1.0,1.0,1.0,0.9999936,1.0,1.0,1.0,1.0,1.0,1.0,1.0,1.0,0.97113645,1.0,1.0,1.0
DDX3X_HepG2,1.0,1.0,1.0,1.0,1.0,1.0,1.0,1.0,1.0,1.0,1.0,1.0,1.0,1.0,1.0,1.0,1.0,1.0,1.0,1.0,1.0,1.0,1.0,1.0,0.88050514,1.0,1.0,1.0,0.99999994,1.0,1.0,1.0,1.0,1.0,1.0,1.0,1.0,1.0,0.99998945,1.0,1.0,1.0,1.0,1.0,1.0,1.0,1.0,1.0,1.0,1.0,1.0,1.0,1.0,1.0,1.0,1.0,1.0,1.0,1.0,1.0,1.0,1.0,1.0,1.0,1.0,1.0,1.0,1.0,1.0,1.0,1.0,1.0,1.0,1.0,1.0,1.0,1.0,0.72956085,1.0,1.0,1.0,1.0,1.0,0.99999994,1.0,1.0,1.0,1.0,1.0,1.0,1.0,1.0,1.0,1.0,1.0,1.0,1.0,1.0,1.0,1.0,0.9999994,0.9985213,0.98480296,1.0,1.0,1.0,1.0,1.0,1.0,1.0,1.0,1.0,1.0,1.0,1.0,1.0,0.9999981,0.99999934,1.0,1.0,1.0,1.0,0.8340521,1.0,1.0,1.0,1.0,1.0,1.0,1.0,1.0,1.0,1.0,1.0,1.0,1.0,1.0,1.0,1.0,1.0,1.0,1.0,1.0,1.0,1.0,1.0,1.0,1.0,1.0,1.0,1.0,1.0,1.0,1.0,1.0,1.0,0.99999994,1.0,1.0,1.0,0.9999996,1.0,1.0,1.0,1.0,1.0,1.0,1.0,1.0,1.0,1.0,1.0,1.0,1.0,1.0,1.0,0.99448675,0.99999887,0.99999976,1.0,0.9999998,1.0,1.0,1.0,1.0,1.0,1.0,1.0,1.0,1.0,1.0,1.0,1.0,1.0,1.0,1.0,0.9999926,1.0,1.0,0.8954769,1.0,1.0,1.0,1.0,1.0,1.0,1.0,1.0,1.0,1.0,0.9999936,1.0,1.0,1.0,1.0,1.0,1.0,1.0,1.0,0.9711373,1.0,1.0,1.0
DDX3X_K562,0.8805129,0.88050604,0.8805134,0.880507,0.88050896,0.88049906,0.88051385,0.88050973,0.8805275,0.88050646,0.8805016,0.88049614,0.8805086,0.88050383,0.88050956,0.880533,0.8805077,0.8804979,0.88050044,0.8805237,0.8805016,0.88052326,0.8805035,0.88050514,1.0,0.8804977,0.880507,0.880492,0.8803826,0.88051677,0.88050187,0.8805175,0.8805106,0.88050073,0.88049614,0.88047206,0.8805029,0.8805071,0.87831813,0.8805095,0.8805011,0.88050157,0.88050985,0.88051504,0.8804952,0.88051265,0.8805125,0.88051665,0.8804697,0.8805247,0.88051134,0.8805169,0.8805028,0.880499,0.88053334,0.88048375,0.88049304,0.8805378,0.8805224,0.8805164,0.88050586,0.8805033,0.8805055,0.88052225,0.88050854,0.8805128,0.88051426,0.88050765,0.88050854,0.880499,0.88051385,0.880545,0.88052267,0.880522,0.88050276,0.88050747,0.8805352,0.3181808,0.88052094,0.8805182,0.88048035,0.8805131,0.88052016,0.88068074,0.8805019,0.8804864,0.8805375,0.88049704,0.88049674,0.8805045,0.88049394,0.8805047,0.8805117,0.88053674,0.88048995,0.88052124,0.8805119,0.8805199,0.8805011,0.88049924,0.8799967,0.85343397,0.9494526,0.88050276,0.8804974,0.880517,0.88052493,0.88049287,0.8805051,0.88050187,0.880513,0.88055867,0.88044614,0.8805003,0.8805042,0.8805144,0.87957567,0.87997276,0.880518,0.88052374,0.8805249,0.8805308,0.99590635,0.8805101,0.8804944,0.8805277,0.8804951,0.88051105,0.88050497,0.8805008,0.88050133,0.8805155,0.8805263,0.880493,0.88049144,0.88050663,0.8804984,0.8804945,0.8805165,0.88051414,0.8805942,0.8805191,0.880506,0.8805412,0.8804491,0.8805264,0.88051504,0.88051206,0.88051015,0.8805166,0.8805,0.8804989,0.88050264,0.8804877,0.880515,0.8805239,0.88033193,0.8805486,0.8804944,0.88052106,0.8800694,0.8804955,0.88053155,0.88052434,0.88050526,0.8805026,0.8805014,0.880508,0.8804978,0.8805068,0.8805054,0.88050973,0.8804938,0.880531,0.88051087,0.88050926,0.8259421,0.8797908,0.8801676,0.8805103,0.88022166,0.880514,0.8804945,0.88049185,0.8805011,0.88048935,0.8805465,0.88049716,0.88052434,0.8805319,0.8805217,0.8804928,0.8804972,0.88050437,0.88051635,0.88051337,0.87867564,0.8805038,0.8805121,0.57747436,0.8805248,0.8805017,0.88050056,0.88049984,0.88049734,0.88050175,0.8805026,0.8804795,0.8806062,0.8805175,0.882194,0.88059396,0.88051504,0.8805012,0.88050795,0.88050985,0.88051426,0.88049835,0.8805342,0.96815914,0.88050604,0.88049895,0.8805323
DDX42_K562,1.0,1.0,1.0,1.0,1.0,1.0,1.0,1.0,1.0,1.0,1.0,1.0,1.0,1.0,1.0,1.0,1.0,1.0,1.0,1.0,1.0,1.0,1.0,1.0,0.8804977,1.0,1.0,1.0,1.0,1.0,1.0,1.0,1.0,1.0,1.0,1.0,1.0,1.0,0.9999895,1.0,1.0,1.0,1.0,1.0,1.0,1.0,1.0,1.0,1.0,1.0,1.0,1.0,1.0,1.0,1.0,1.0,1.0,1.0,1.0,1.0,1.0,1.0,1.0,1.0,1.0,1.0,1.0,1.0,1.0,1.0,1.0,1.0,1.0,1.0,1.0,1.0,1.0,0.7295716,1.0,1.0,1.0,1.0,1.0,0.99999994,1.0,1.0,1.0,1.0,1.0,1.0,1.0,1.0,1.0,1.0,1.0,1.0,1.0,1.0,1.0,1.0,0.99999946,0.9985222,0.9848002,1.0,1.0,1.0,1.0,1.0,1.0,1.0,1.0,1.0,1.0,1.0,1.0,1.0,0.9999981,0.9999994,1.0,1.0,1.0,1.0,0.8340434,1.0,1.0,1.0,1.0,1.0,1.0,1.0,1.0,1.0,1.0,1.0,1.0,1.0,1.0,1.0,1.0,1.0,1.0,1.0,1.0,1.0,1.0,1.0,1.0,1.0,1.0,1.0,1.0,1.0,1.0,1.0,1.0,1.0,0.99999994,1.0,1.0,1.0,0.9999996,1.0,1.0,1.0,1.0,1.0,1.0,1.0,1.0,1.0,1.0,1.0,1.0,1.0,1.0,1.0,0.9944884,0.99999887,0.99999976,1.0,0.9999998,1.0,1.0,1.0,1.0,1.0,1.0,1.0,1.0,1.0,1.0,1.0,1.0,1.0,1.0,1.0,0.99999267,1.0,1.0,0.89548385,1.0,1.0,1.0,1.0,1.0,1.0,1.0,1.0,1.0,1.0,0.99999356,1.0,1.0,1.0,1.0,1.0,1.0,1.0,1.0,0.97113353,1.0,1.0,1.0
DDX51_K562,1.0,1.0,1.0,1.0,1.0,1.0,1.0,1.0,1.0,1.0,1.0,1.0,1.0,1.0,1.0,1.0,1.0,1.0,1.0,1.0,1.0,1.0,1.0,1.0,0.880507,1.0,1.0,1.0,0.99999994,1.0,1.0,1.0,1.0,1.0,1.0,1.0,1.0,1.0,0.99998945,1.0,1.0,1.0,1.0,1.0,1.0,1.0,1.0,1.0,1.0,1.0,1.0,1.0,1.0,1.0,1.0,1.0,1.0,1.0,1.0,1.0,1.0,1.0,1.0,1.0,1.0,1.0,1.0,1.0,1.0,1.0,1.0,1.0,1.0,1.0,1.0,1.0,1.0,0.7295581,1.0,1.0,1.0,1.0,1.0,0.99999994,1.0,1.0,1.0,1.0,1.0,1.0,1.0,1.0,1.0,1.0,1.0,1.0,1.0,1.0,1.0,1.0,0.9999994,0.99852115,0.9848036,1.0,1.0,1.0,1.0,1.0,1.0,1.0,1.0,1.0,1.0,1.0,1.0,1.0,0.9999981,0.99999934,1.0,1.0,1.0,1.0,0.8340543,1.0,1.0,1.0,1.0,1.0,1.0,1.0,1.0,1.0,1.0,1.0,1.0,1.0,1.0,1.0,1.0,1.0,1.0,1.0,1.0,1.0,1.0,1.0,1.0,1.0,1.0,1.0,1.0,1.0,1.0,1.0,1.0,1.0,0.99999994,1.0,1.0,1.0,0.9999996,1.0,1.0,1.0,1.0,1.0,1.0,1.0,1.0,1.0,1.0,1.0,1.0,1.0,1.0,1.0,0.99448633,0.99999887,0.99999976,1.0,0.9999998,1.0,1.0,1.0,1.0,1.0,1.0,1.0,1.0,1.0,1.0,1.0,1.0,1.0,1.0,1.0,0.9999926,1.0,1.0,0.8954751,1.0,1.0,1.0,1.0,1.0,1.0,1.0,1.0,1.0,1.0,0.9999936,1.0,1.0,1.0,1.0,1.0,1.0,1.0,1.0,0.97113824,1.0,1.0,1.0
DDX52_HepG2,1.0,1.0,1.0,1.0,1.0,1.0,1.0,1.0,1.0,1.0,1.0,1.0,1.0,1.0,1.0,1.0,1.0,1.0,1.0,1.0,1.0,1.0,1.0,1.0,0.880492,1.0,1.0,1.0,1.0,1.0,1.0,1.0,1.0,1.0,1.0,1.0,1.0,1.0,0.99998957,1.0,1.0,1.0,1.0,1.0,1.0,1.0,1.0,1.0,1.0,1.0,1.0,1.0,1.0,1.0,1.0,1.0,1.0,1.0,1.0,1.0,1.0,1.0,1.0,1.0,1.0,1.0,1.0,1.0,1.0,1.0,1.0,1.0,1.0,1.0,1.0,1.0,1.0,0.72957987,1.0,1.0,1.0,1.0,1.0,0.99999994,1.0,1.0,1.0,1.0,1.0,1.0,1.0,1.0,1.0,1.0,1.0,1.0,1.0,1.0,1.0,1.0,0.99999946,0.9985229,0.98479813,1.0,1.0,1.0,1.0,1.0,1.0,1.0,1.0,1.0,1.0,1.0,1.0,1.0,0.99999815,0.9999994,1.0,1.0,1.0,1.0,0.8340367,1.0,1.0,1.0,1.0,1.0,1.0,1.0,1.0,1.0,1.0,1.0,1.0,1.0,1.0,1.0,1.0,1.0,1.0,1.0,1.0,1.0,1.0,1.0,1.0,1.0,1.0,1.0,1.0,1.0,1.0,1.0,1.0,1.0,0.99999994,1.0,1.0,1.0,0.9999996,1.0,1.0,1.0,1.0,1.0,1.0,1.0,1.0,1.0,1.0,1.0,1.0,1.0,1.0,1.0,0.99448967,0.9999989,0.99999976,1.0,0.9999998,1.0,1.0,1.0,1.0,1.0,1.0,1.0,1.0,1.0,1.0,1.0,1.0,1.0,1.0,1.0,0.9999927,1.0,1.0,0.8954892,1.0,1.0,1.0,1.0,1.0,1.0,1.0,1.0,1.0,1.0,0.9999935,1.0,1.0,1.0,1.0,1.0,1.0,1.0,1.0,0.9711306,1.0,1.0,1.0
DDX52_K562,0.99999994,0.99999994,0.99999994,0.99999994,0.99999994,0.99999994,0.99999994,0.99999994,0.99999994,0.99999994,0.99999994,1.0,0.99999994,0.99999994,0.99999994,0.99999994,0.99999994,1.0,0.99999994,0.99999994,0.99999994,0.99999994,0.99999994,0.99999994,0.8803826,1.0,0.99999994,1.0,1.0,0.99999994,0.99999994,0.99999994,0.99999994,0.99999994,1.0,1.0,0.99999994,0.99999994,0.9999906,0.99999994,0.99999994,0.99999994,0.99999994,0.99999994,1.0,0.99999994,0.99999994,0.99999994,1.0,0.99999994,0.99999994,0.99999994,0.99999994,0.99999994,0.99999994,1.0,1.0,0.99999994,0.99999994,0.99999994,0.99999994,0.99999994,0.99999994,0.99999994,0.99999994,0.99999994,0.99999994,0.99999994,0.99999994,0.99999994,0.99999994,0.99999994,0.99999994,0.99999994,0.99999994,0.99999994,0.99999994,0.7297375,0.99999994,0.99999994,1.0,0.99999994,0.99999994,0.9999998,0.99999994,1.0,0.99999994,1.0,1.0,0.99999994,1.0,0.99999994,0.99999994,0.99999994,1.0,0.99999994,0.99999994,0.99999994,0.99999994,0.99999994,0.99999964,0.99853534,0.984758,0.99999994,1.0,0.99999994,0.99999994,1.0,0.99999994,0.99999994,0.99999994,0.99999994,1.0,0.99999994,0.99999994,0.99999994,0.99999857,0.99999964,0.99999994,0.99999994,0.99999994,0.99999994,0.8339095,0.99999994,1.0,0.99999994,1.0,0.99999994,0.99999994,0.99999994,0.99999994,0.99999994,0.99999994,1.0,1.0,0.99999994,0.99999994,1.0,0.99999994,0.99999994,0.9999999,0.99999994,0.99999994,0.99999994,1.0,0.99999994,0.99999994,0.99999994,0.99999994,0.99999994,0.99999994,0.99999994,0.99999994,1.0,0.99999994,0.99999994,1.0,0.99999994,1.0,0.99999994,0.99999976,1.0,0.99999994,0.99999994,0.99999994,0.99999994,0.99999994,0.99999994,1.0,0.99999994,0.99999994,0.99999994,1.0,0.99999994,0.99999994,0.99999994,0.9945138,0.9999992,0.9999999,0.99999994,0.99999994,0.99999994,1.0,1.0,0.99999994,1.0,0.99999994,1.0,0.99999994,0.99999994,0.99999994,1.0,1.0,0.99999994,0.99999994,0.99999994,0.99999356,0.99999994,0.99999994,0.8955918,0.99999994,0.99999994,0.99999994,0.99999994,1.0,0.99999994,0.99999994,1.0,0.9999999,0.99999994,0.99999267,0.9999999,0.99999994,0.99999994,0.99999994,0.99999994,0.99999994,1.0,0.99999994,0.9710756,0.99999994,0.99999994,0.99999994
DDX55_HepG2,1.0,1.0,1.0,1.0,1.0,1.0,1.0,1.0,1.0,1.0,1.0,1.0,1.0,1.0,1.0,1.0,1.0,1.0,1.0,1.0,1.0,1.0,1.0,1.0,0.88051677,1.0,1.0,1.0,0.99999994,1.0,1.0,1.0,1.0,1.0,1.0,1.0,1.0,1.0,0.99998933,1.0,1.0,1.0,1.0,1.0,1.0,1.0,1.0,1.0,1.0,1.0,1.0,1.0,1.0,1.0,1.0,1.0,1.0,1.0,1.0,1.0,1.0,1.0,1.0,1.0,1.0,1.0,1.0,1.0,1.0,1.0,1.0,1.0,1.0,1.0,1.0,1.0,1.0,0.729544,1.0,1.0,1.0,1.0,1.0,0.99999994,1.0,1.0,1.0,1.0,1.0,1.0,1.0,1.0,1.0,1.0,1.0,1.0,1.0,1.0,1.0,1.0,0.9999994,0.99852,0.9848072,1.0,1.0,1.0,1.0,1.0,1.0,1.0,1.0,1.0,1.0,1.0,1.0,1.0,0.99999803,0.99999934,1.0,1.0,1.0,1.0,0.8340656,1.0,1.0,1.0,1.0,1.0,1.0,1.0,1.0,1.0,1.0,1.0,1.0,1.0,1.0,1.0,1.0,1.0,1.0,1.0,1.0,1.0,1.0,1.0,1.0,1.0,1.0,1.0,1.0,1.0,1.0,1.0,1.0,1.0,0.99999994,1.0,1.0,1.0,0.9999996,1.0,1.0,1.0,1.0,1.0,1.0,1.0,1.0,1.0,1.0,1.0,1.0,1.0,1.0,1.0,0.9944842,0.9999988,0.9999997,1.0,0.9999998,1.0,1.0,1.0,1.0,1.0,1.0,1.0,1.0,1.0,1.0,1.0,1.0,1.0,1.0,1.0,0.9999925,1.0,1.0,0.8954659,1.0,1.0,1.0,1.0,1.0,1.0,1.0,1.0,1.0,1.0,0.9999937,1.0,1.0,1.0,1.0,1.0,1.0,1.0,1.0,0.9711431,1.0,1.0,1.0
DDX55_K562,1.0,1.0,1.0,1.0,1.0,1.0,1.0,1.0,1.0,1.0,1.0,1.0,1.0,1.0,1.0,1.0,1.0,1.0,1.0,1.0,1.0,1.0,1.0,1.0,0.88050187,1.0,1.0,1.0,0.99999994,1.0,1.0,1.0,1.0,1.0,1.0,1.0,1.0,1.0,0.99998945,1.0,1.0,1.0,1.0,1.0,1.0,1.0,1.0,1.0,1.0,1.0,1.0,1.0,1.0,1.0,1.0,1.0,1.0,1.0,1.0,1.0,1.0,1.0,1.0,1.0,1.0,1.0,1.0,1.0,1.0,1.0,1.0,1.0,1.0,1.0,1.0,1.0,1.0,0.72956556,1.0,1.0,1.0,1.0,1.0,0.99999994,1.0,1.0,1.0,1.0,1.0,1.0,1.0,1.0,1.0,1.0,1.0,1.0,1.0,1.0,1.0,1.0,0.9999994,0.9985217,0.98480177,1.0,1.0,1.0,1.0,1.0,1.0,1.0,1.0,1.0,1.0,1.0,1.0,1.0,0.9999981,0.9999994,1.0,1.0,1.0,1.0,0.8340483,1.0,1.0,1.0,1.0,1.0,1.0,1.0,1.0,1.0,1.0,1.0,1.0,1.0,1.0,1.0,1.0,1.0,1.0,1.0,1.0,1.0,1.0,1.0,1.0,1.0,1.0,1.0,1.0,1.0,1.0,1.0,1.0,1.0,0.99999994,1.0,1.0,1.0,0.9999996,1.0,1.0,1.0,1.0,1.0,1.0,1.0,1.0,1.0,1.0,1.0,1.0,1.0,1.0,1.0,0.99448746,0.99999887,0.99999976,1.0,0.9999998,1.0,1.0,1.0,1.0,1.0,1.0,1.0,1.0,1.0,1.0,1.0,1.0,1.0,1.0,1.0,0.9999926,1.0,1.0,0.8954799,1.0,1.0,1.0,1.0,1.0,1.0,1.0,1.0,1.0,1.0,0.99999356,1.0,1.0,1.0,1.0,1.0,1.0,1.0,1.0,0.9711356,1.0,1.0,1.0
DDX59_HepG2,1.0,1.0,1.0,1.0,1.0,1.0,1.0,1.0,1.0,1.0,1.0,1.0,1.0,1.0,1.0,1.0,1.0,1.0,1.0,1.0,1.0,1.0,1.0,1.0,0.8805175,1.0,1.0,1.0,0.99999994,1.0,1.0,1.0,1.0,1.0,1.0,1.0,1.0,1.0,0.99998933,1.0,1.0,1.0,1.0,1.0,1.0,1.0,1.0,1.0,1.0,1.0,1.0,1.0,1.0,1.0,1.0,1.0,1.0,1.0,1.0,1.0,1.0,1.0,1.0,1.0,1.0,1.0,1.0,1.0,1.0,1.0,1.0,1.0,1.0,1.0,1.0,1.0,1.0,0.72954303,1.0,1.0,1.0,1.0,1.0,0.99999994,1.0,1.0,1.0,1.0,1.0,1.0,1.0,1.0,1.0,1.0,1.0,1.0,1.0,1.0,1.0,1.0,0.9999994,0.9985199,0.9848075,1.0,1.0,1.0,1.0,1.0,1.0,1.0,1.0,1.0,1.0,1.0,1.0,1.0,0.99999803,0.99999934,1.0,1.0,1.0,1.0,0.8340664,1.0,1.0,1.0,1.0,1.0,1.0,1.0,1.0,1.0,1.0,1.0,1.0,1.0,1.0,1.0,1.0,1.0,1.0,1.0,1.0,1.0,1.0,1.0,1.0,1.0,1.0,1.0,1.0,1.0,1.0,1.0,1.0,1.0,0.99999994,1.0,1.0,1.0,0.9999996,1.0,1.0,1.0,1.0,1.0,1.0,1.0,1.0,1.0,1.0,1.0,1.0,1.0,1.0,1.0,0.994484,0.9999988,0.9999997,1.0,0.9999998,1.0,1.0,1.0,1.0,1.0,1.0,1.0,1.0,1.0,1.0,1.0,1.0,1.0,1.0,1.0,0.9999925,1.0,1.0,0.89546525,1.0,1.0,1.0,1.0,1.0,1.0,1.0,1.0,1.0,1.0,0.9999937,1.0,1.0,1.0,1.0,1.0,1.0,1.0,1.0,0.9711435,1.0,1.0,1.0
DDX6_HepG2,1.0,1.0,1.0,1.0,1.0,1.0,1.0,1.0,1.0,1.0,1.0,1.0,1.0,1.0,1.0,1.0,1.0,1.0,1.0,1.0,1.0,1.0,1.0,1.0,0.8805106,1.0,1.0,1.0,0.99999994,1.0,1.0,1.0,1.0,1.0,1.0,1.0,1.0,1.0,0.9999894,1.0,1.0,1.0,1.0,1.0,1.0,1.0,1.0,1.0,1.0,1.0,1.0,1.0,1.0,1.0,1.0,1.0,1.0,1.0,1.0,1.0,1.0,1.0,1.0,1.0,1.0,1.0,1.0,1.0,1.0,1.0,1.0,1.0,1.0,1.0,1.0,1.0,1.0,0.72955287,1.0,1.0,1.0,1.0,1.0,0.99999994,1.0,1.0,1.0,1.0,1.0,1.0,1.0,1.0,1.0,1.0,1.0,1.0,1.0,1.0,1.0,1.0,0.9999994,0.99852073,0.984805,1.0,1.0,1.0,1.0,1.0,1.0,1.0,1.0,1.0,1.0,1.0,1.0,1.0,0.99999803,0.99999934,1.0,1.0,1.0,1.0,0.8340585,1.0,1.0,1.0,1.0,1.0,1.0,1.0,1.0,1.0,1.0,1.0,1.0,1.0,1.0,1.0,1.0,1.0,1.0,1.0,1.0,1.0,1.0,1.0,1.0,1.0,1.0,1.0,1.0,1.0,1.0,1.0,1.0,1.0,0.99999994,1.0,1.0,1.0,0.9999996,1.0,1.0,1.0,1.0,1.0,1.0,1.0,1.0,1.0,1.0,1.0,1.0,1.0,1.0,1.0,0.9944855,0.99999887,0.99999976,1.0,0.9999998,1.0,1.0,1.0,1.0,1.0,1.0,1.0,1.0,1.0,1.0,1.0,1.0,1.0,1.0,1.0,0.99999255,1.0,1.0,0.8954717,1.0,1.0,1.0,1.0,1.0,1.0,1.0,1.0,1.0,1.0,0.9999937,1.0,1.0,1.0,1.0,1.0,1.0,1.0,1.0,0.97114,1.0,1.0,1.0
DDX6_K562,1.0,1.0,1.0,1.0,1.0,1.0,1.0,1.0,1.0,1.0,1.0,1.0,1.0,1.0,1.0,1.0,1.0,1.0,1.0,1.0,1.0,1.0,1.0,1.0,0.88050073,1.0,1.0,1.0,0.99999994,1.0,1.0,1.0,1.0,1.0,1.0,1.0,1.0,1.0,0.9999895,1.0,1.0,1.0,1.0,1.0,1.0,1.0,1.0,1.0,1.0,1.0,1.0,1.0,1.0,1.0,1.0,1.0,1.0,1.0,1.0,1.0,1.0,1.0,1.0,1.0,1.0,1.0,1.0,1.0,1.0,1.0,1.0,1.0,1.0,1.0,1.0,1.0,1.0,0.7295672,1.0,1.0,1.0,1.0,1.0,0.99999994,1.0,1.0,1.0,1.0,1.0,1.0,1.0,1.0,1.0,1.0,1.0,1.0,1.0,1.0,1.0,1.0,0.99999946,0.99852186,0.98480135,1.0,1.0,1.0,1.0,1.0,1.0,1.0,1.0,1.0,1.0,1.0,1.0,1.0,0.9999981,0.9999994,1.0,1.0,1.0,1.0,0.8340469,1.0,1.0,1.0,1.0,1.0,1.0,1.0,1.0,1.0,1.0,1.0,1.0,1.0,1.0,1.0,1.0,1.0,1.0,1.0,1.0,1.0,1.0,1.0,1.0,1.0,1.0,1.0,1.0,1.0,1.0,1.0,1.0,1.0,0.99999994,1.0,1.0,1.0,0.9999996,1.0,1.0,1.0,1.0,1.0,1.0,1.0,1.0,1.0,1.0,1.0,1.0,1.0,1.0,1.0,0.9944877,0.99999887,0.99999976,1.0,0.9999998,1.0,1.0,1.0,1.0,1.0,1.0,1.0,1.0,1.0,1.0,1.0,1.0,1.0,1.0,1.0,0.99999267,1.0,1.0,0.895481,1.0,1.0,1.0,1.0,1.0,1.0,1.0,1.0,1.0,1.0,0.99999356,1.0,1.0,1.0,1.0,1.0,1.0,1.0,1.0,0.971135,1.0,1.0,1.0
DGCR8_HepG2,1.0,1.0,1.0,1.0,1.0,1.0,1.0,1.0,1.0,1.0,1.0,1.0,1.0,1.0,1.0,1.0,1.0,1.0,1.0,1.0,1.0,1.0,1.0,1.0,0.88049614,1.0,1.0,1.0,1.0,1.0,1.0,1.0,1.0,1.0,1.0,1.0,1.0,1.0,0.9999895,1.0,1.0,1.0,1.0,1.0,1.0,1.0,1.0,1.0,1.0,1.0,1.0,1.0,1.0,1.0,1.0,1.0,1.0,1.0,1.0,1.0,1.0,1.0,1.0,1.0,1.0,1.0,1.0,1.0,1.0,1.0,1.0,1.0,1.0,1.0,1.0,1.0,1.0,0.7295738,1.0,1.0,1.0,1.0,1.0,0.99999994,1.0,1.0,1.0,1.0,1.0,1.0,1.0,1.0,1.0,1.0,1.0,1.0,1.0,1.0,1.0,1.0,0.99999946,0.99852234,0.9847996,1.0,1.0,1.0,1.0,1.0,1.0,1.0,1.0,1.0,1.0,1.0,1.0,1.0,0.9999981,0.9999994,1.0,1.0,1.0,1.0,0.83404166,1.0,1.0,1.0,1.0,1.0,1.0,1.0,1.0,1.0,1.0,1.0,1.0,1.0,1.0,1.0,1.0,1.0,1.0,1.0,1.0,1.0,1.0,1.0,1.0,1.0,1.0,1.0,1.0,1.0,1.0,1.0,1.0,1.0,0.99999994,1.0,1.0,1.0,0.9999996,1.0,1.0,1.0,1.0,1.0,1.0,1.0,1.0,1.0,1.0,1.0,1.0,1.0,1.0,1.0,0.9944887,0.99999887,0.99999976,1.0,0.9999998,1.0,1.0,1.0,1.0,1.0,1.0,1.0,1.0,1.0,1.0,1.0,1.0,1.0,1.0,1.0,0.99999267,1.0,1.0,0.8954853,1.0,1.0,1.0,1.0,1.0,1.0,1.0,1.0,1.0,1.0,0.99999356,1.0,1.0,1.0,1.0,1.0,1.0,1.0,1.0,0.97113276,1.0,1.0,1.0
DGCR8_K562,1.0,1.0,1.0,1.0,1.0,1.0,1.0,1.0,1.0,1.0,1.0,1.0,1.0,1.0,1.0,1.0,1.0,1.0,1.0,1.0,1.0,1.0,1.0,1.0,0.88047206,1.0,1.0,1.0,1.0,1.0,1.0,1.0,1.0,1.0,1.0,1.0,1.0,1.0,0.99998975,1.0,1.0,1.0,1.0,1.0,1.0,1.0,1.0,1.0,1.0,1.0,1.0,1.0,1.0,1.0,1.0,1.0,1.0,1.0,1.0,1.0,1.0,1.0,1.0,1.0,1.0,1.0,1.0,1.0,1.0,1.0,1.0,1.0,1.0,1.0,1.0,1.0,1.0,0.72960854,1.0,1.0,1.0,1.0,1.0,0.9999999,1.0,1.0,1.0,1.0,1.0,1.0,1.0,1.0,1.0,1.0,1.0,1.0,1.0,1.0,1.0,1.0,0.9999995,0.99852514,0.9847908,1.0,1.0,1.0,1.0,1.0,1.0,1.0,1.0,1.0,1.0,1.0,1.0,1.0,0.9999982,0.99999946,1.0,1.0,1.0,1.0,0.8340136,1.0,1.0,1.0,1.0,1.0,1.0,1.0,1.0,1.0,1.0,1.0,1.0,1.0,1.0,1.0,1.0,1.0,0.99999994,1.0,1.0,1.0,1.0,1.0,1.0,1.0,1.0,1.0,1.0,1.0,1.0,1.0,1.0,1.0,0.99999994,1.0,1.0,1.0,0.99999964,1.0,1.0,1.0,1.0,1.0,1.0,1.0,1.0,1.0,1.0,1.0,1.0,1.0,1.0,1.0,0.9944941,0.999999,0.9999998,1.0,0.9999999,1.0,1.0,1.0,1.0,1.0,1.0,1.0,1.0,1.0,1.0,1.0,1.0,1.0,1.0,1.0,0.99999285,1.0,1.0,0.89550793,1.0,1.0,1.0,1.0,1.0,1.0,1.0,1.0,0.99999994,1.0,0.9999934,0.99999994,1.0,1.0,1.0,1.0,1.0,1.0,1.0,0.9711206,1.0,1.0,1.0
DHX30_HepG2,1.0,1.0,1.0,1.0,1.0,1.0,1.0,1.0,1.0,1.0,1.0,1.0,1.0,1.0,1.0,1.0,1.0,1.0,1.0,1.0,1.0,1.0,1.0,1.0,0.8805029,1.0,1.0,1.0,0.99999994,1.0,1.0,1.0,1.0,1.0,1.0,1.0,1.0,1.0,0.99998945,1.0,1.0,1.0,1.0,1.0,1.0,1.0,1.0,1.0,1.0,1.0,1.0,1.0,1.0,1.0,1.0,1.0,1.0,1.0,1.0,1.0,1.0,1.0,1.0,1.0,1.0,1.0,1.0,1.0,1.0,1.0,1.0,1.0,1.0,1.0,1.0,1.0,1.0,0.7295641,1.0,1.0,1.0,1.0,1.0,0.99999994,1.0,1.0,1.0,1.0,1.0,1.0,1.0,1.0,1.0,1.0,1.0,1.0,1.0,1.0,1.0,1.0,0.9999994,0.9985216,0.9848021,1.0,1.0,1.0,1.0,1.0,1.0,1.0,1.0,1.0,1.0,1.0,1.0,1.0,0.9999981,0.9999994,1.0,1.0,1.0,1.0,0.83404946,1.0,1.0,1.0,1.0,1.0,1.0,1.0,1.0,1.0,1.0,1.0,1.0,1.0,1.0,1.0,1.0,1.0,1.0,1.0,1.0,1.0,1.0,1.0,1.0,1.0,1.0,1.0,1.0,1.0,1.0,1.0,1.0,1.0,0.99999994,1.0,1.0,1.0,0.9999996,1.0,1.0,1.0,1.0,1.0,1.0,1.0,1.0,1.0,1.0,1.0,1.0,1.0,1.0,1.0,0.9944872,0.99999887,0.99999976,1.0,0.9999998,1.0,1.0,1.0,1.0,1.0,1.0,1.0,1.0,1.0,1.0,1.0,1.0,1.0,1.0,1.0,0.9999926,1.0,1.0,0.89547896,1.0,1.0,1.0,1.0,1.0,1.0,1.0,1.0,1.0,1.0,0.9999936,1.0,1.0,1.0,1.0,1.0,1.0,1.0,1.0,0.97113615,1.0,1.0,1.0
DHX30_K562,1.0,1.0,1.0,1.0,1.0,1.0,1.0,1.0,1.0,1.0,1.0,1.0,1.0,1.0,1.0,1.0,1.0,1.0,1.0,1.0,1.0,1.0,1.0,1.0,0.8805071,1.0,1.0,1.0,0.99999994,1.0,1.0,1.0,1.0,1.0,1.0,1.0,1.0,1.0,0.99998945,1.0,1.0,1.0,1.0,1.0,1.0,1.0,1.0,1.0,1.0,1.0,1.0,1.0,1.0,1.0,1.0,1.0,1.0,1.0,1.0,1.0,1.0,1.0,1.0,1.0,1.0,1.0,1.0,1.0,1.0,1.0,1.0,1.0,1.0,1.0,1.0,1.0,1.0,0.72955793,1.0,1.0,1.0,1.0,1.0,0.99999994,1.0,1.0,1.0,1.0,1.0,1.0,1.0,1.0,1.0,1.0,1.0,1.0,1.0,1.0,1.0,1.0,0.9999994,0.9985211,0.9848037,1.0,1.0,1.0,1.0,1.0,1.0,1.0,1.0,1.0,1.0,1.0,1.0,1.0,0.9999981,0.99999934,1.0,1.0,1.0,1.0,0.8340544,1.0,1.0,1.0,1.0,1.0,1.0,1.0,1.0,1.0,1.0,1.0,1.0,1.0,1.0,1.0,1.0,1.0,1.0,1.0,1.0,1.0,1.0,1.0,1.0,1.0,1.0,1.0,1.0,1.0,1.0,1.0,1.0,1.0,0.99999994,1.0,1.0,1.0,0.9999996,1.0,1.0,1.0,1.0,1.0,1.0,1.0,1.0,1.0,1.0,1.0,1.0,1.0,1.0,1.0,0.99448633,0.99999887,0.99999976,1.0,0.9999998,1.0,1.0,1.0,1.0,1.0,1.0,1.0,1.0,1.0,1.0,1.0,1.0,1.0,1.0,1.0,0.9999926,1.0,1.0,0.895475,1.0,1.0,1.0,1.0,1.0,1.0,1.0,1.0,1.0,1.0,0.9999936,1.0,1.0,1.0,1.0,1.0,1.0,1.0,1.0,0.97113824,1.0,1.0,1.0
DKC1_HepG2,0.9999894,0.99998945,0.9999894,0.99998945,0.9999894,0.9999895,0.9999894,0.9999894,0.9999892,0.99998945,0.9999895,0.9999895,0.9999894,0.99998945,0.9999894,0.99998915,0.99998945,0.9999895,0.9999895,0.9999893,0.9999895,0.9999893,0.99998945,0.99998945,0.87831813,0.9999895,0.99998945,0.99998957,0.9999906,0.99998933,0.99998945,0.99998933,0.9999894,0.9999895,0.9999895,0.99998975,0.99998945,0.99998945,1.0,0.9999894,0.9999895,0.9999895,0.9999894,0.99998933,0.99998957,0.9999894,0.9999894,0.99998933,0.9999898,0.9999893,0.9999894,0.99998933,0.99998945,0.9999895,0.99998915,0.9999896,0.99998957,0.99998915,0.9999893,0.99998933,0.99998945,0.99998945,0.99998945,0.9999893,0.9999894,0.9999894,0.99998933,0.99998945,0.9999894,0.9999895,0.9999894,0.99998903,0.9999893,0.9999893,0.99998945,0.99998945,0.99998915,0.7326949,0.9999893,0.99998933,0.9999897,0.9999894,0.99998933,0.99998766,0.99998945,0.9999896,0.99998915,0.9999895,0.9999895,0.99998945,0.99998957,0.99998945,0.9999894,0.99998915,0.99998957,0.9999893,0.9999894,0.99998933,0.9999895,0.9999895,0.9999938,0.9987605,0.9839947,0.99998945,0.9999895,0.99998933,0.9999893,0.99998957,0.99998945,0.99998945,0.9999894,0.9999889,0.99999,0.9999895,0.99998945,0.99998933,0.99999654,0.999994,0.99998933,0.9999893,0.9999893,0.9999892,0.8315089,0.9999894,0.99998957,0.9999892,0.99998957,0.9999894,0.99998945,0.9999895,0.9999895,0.99998933,0.9999893,0.99998957,0.99998957,0.99998945,0.9999895,0.99998957,0.99998933,0.99998933,0.99998856,0.99998933,0.99998945,0.9999891,0.99999,0.9999892,0.99998933,0.9999894,0.9999894,0.99998933,0.9999895,0.9999895,0.99998945,0.9999896,0.99998933,0.9999893,0.99999106,0.99998903,0.99998957,0.9999893,0.99999326,0.99998957,0.9999892,0.9999893,0.99998945,0.99998945,0.9999895,0.9999894,0.9999895,0.99998945,0.99998945,0.9999894,0.99998957,0.9999892,0.9999894,0.9999894,0.994958,0.99999523,0.9999925,0.9999894,0.999992,0.9999894,0.99998957,0.99998957,0.9999895,0.9999896,0.99998903,0.9999895,0.9999893,0.9999892,0.9999893,0.99998957,0.9999895,0.99998945,0.99998933,0.9999894,0.9999997,0.99998945,0.9999894,0.8975122,0.9999893,0.9999895,0.9999895,0.9999895,0.9999895,0.9999895,0.99998945,0.9999897,0.99998844,0.99998933,0.9999666,0.99998856,0.99998933,0.9999895,0.99998945,0.9999894,0.99998933,0.9999895,0.99998915,0.97003126,0.99998945,0.9999895,0.9999892
DROSHA_HepG2,1.0,1.0,1.0,1.0,1.0,1.0,1.0,1.0,1.0,1.0,1.0,1.0,1.0,1.0,1.0,1.0,1.0,1.0,1.0,1.0,1.0,1.0,1.0,1.0,0.8805095,1.0,1.0,1.0,0.99999994,1.0,1.0,1.0,1.0,1.0,1.0,1.0,1.0,1.0,0.9999894,1.0,1.0,1.0,1.0,1.0,1.0,1.0,1.0,1.0,1.0,1.0,1.0,1.0,1.0,1.0,1.0,1.0,1.0,1.0,1.0,1.0,1.0,1.0,1.0,1.0,1.0,1.0,1.0,1.0,1.0,1.0,1.0,1.0,1.0,1.0,1.0,1.0,1.0,0.7295546,1.0,1.0,1.0,1.0,1.0,0.99999994,1.0,1.0,1.0,1.0,1.0,1.0,1.0,1.0,1.0,1.0,1.0,1.0,1.0,1.0,1.0,1.0,0.9999994,0.99852085,0.9848045,1.0,1.0,1.0,1.0,1.0,1.0,1.0,1.0,1.0,1.0,1.0,1.0,1.0,0.9999981,0.99999934,1.0,1.0,1.0,1.0,0.8340571,1.0,1.0,1.0,1.0,1.0,1.0,1.0,1.0,1.0,1.0,1.0,1.0,1.0,1.0,1.0,1.0,1.0,1.0,1.0,1.0,1.0,1.0,1.0,1.0,1.0,1.0,1.0,1.0,1.0,1.0,1.0,1.0,1.0,0.99999994,1.0,1.0,1.0,0.9999996,1.0,1.0,1.0,1.0,1.0,1.0,1.0,1.0,1.0,1.0,1.0,1.0,1.0,1.0,1.0,0.9944858,0.99999887,0.99999976,1.0,0.9999998,1.0,1.0,1.0,1.0,1.0,1.0,1.0,1.0,1.0,1.0,1.0,1.0,1.0,1.0,1.0,0.99999255,1.0,1.0,0.89547276,1.0,1.0,1.0,1.0,1.0,1.0,1.0,1.0,1.0,1.0,0.9999936,1.0,1.0,1.0,1.0,1.0,1.0,1.0,1.0,0.97113943,1.0,1.0,1.0
DROSHA_K562,1.0,1.0,1.0,1.0,1.0,1.0,1.0,1.0,1.0,1.0,1.0,1.0,1.0,1.0,1.0,1.0,1.0,1.0,1.0,1.0,1.0,1.0,1.0,1.0,0.8805011,1.0,1.0,1.0,0.99999994,1.0,1.0,1.0,1.0,1.0,1.0,1.0,1.0,1.0,0.9999895,1.0,1.0,1.0,1.0,1.0,1.0,1.0,1.0,1.0,1.0,1.0,1.0,1.0,1.0,1.0,1.0,1.0,1.0,1.0,1.0,1.0,1.0,1.0,1.0,1.0,1.0,1.0,1.0,1.0,1.0,1.0,1.0,1.0,1.0,1.0,1.0,1.0,1.0,0.72956663,1.0,1.0,1.0,1.0,1.0,0.99999994,1.0,1.0,1.0,1.0,1.0,1.0,1.0,1.0,1.0,1.0,1.0,1.0,1.0,1.0,1.0,1.0,0.99999946,0.9985218,0.9848015,1.0,1.0,1.0,1.0,1.0,1.0,1.0,1.0,1.0,1.0,1.0,1.0,1.0,0.9999981,0.9999994,1.0,1.0,1.0,1.0,0.8340474,1.0,1.0,1.0,1.0,1.0,1.0,1.0,1.0,1.0,1.0,1.0,1.0,1.0,1.0,1.0,1.0,1.0,1.0,1.0,1.0,1.0,1.0,1.0,1.0,1.0,1.0,1.0,1.0,1.0,1.0,1.0,1.0,1.0,0.99999994,1.0,1.0,1.0,0.9999996,1.0,1.0,1.0,1.0,1.0,1.0,1.0,1.0,1.0,1.0,1.0,1.0,1.0,1.0,1.0,0.99448764,0.99999887,0.99999976,1.0,0.9999998,1.0,1.0,1.0,1.0,1.0,1.0,1.0,1.0,1.0,1.0,1.0,1.0,1.0,1.0,1.0,0.9999926,1.0,1.0,0.89548063,1.0,1.0,1.0,1.0,1.0,1.0,1.0,1.0,1.0,1.0,0.99999356,1.0,1.0,1.0,1.0,1.0,1.0,1.0,1.0,0.97113526,1.0,1.0,1.0
EFTUD2_HepG2,1.0,1.0,1.0,1.0,1.0,1.0,1.0,1.0,1.0,1.0,1.0,1.0,1.0,1.0,1.0,1.0,1.0,1.0,1.0,1.0,1.0,1.0,1.0,1.0,0.88050157,1.0,1.0,1.0,0.99999994,1.0,1.0,1.0,1.0,1.0,1.0,1.0,1.0,1.0,0.9999895,1.0,1.0,1.0,1.0,1.0,1.0,1.0,1.0,1.0,1.0,1.0,1.0,1.0,1.0,1.0,1.0,1.0,1.0,1.0,1.0,1.0,1.0,1.0,1.0,1.0,1.0,1.0,1.0,1.0,1.0,1.0,1.0,1.0,1.0,1.0,1.0,1.0,1.0,0.7295659,1.0,1.0,1.0,1.0,1.0,0.99999994,1.0,1.0,1.0,1.0,1.0,1.0,1.0,1.0,1.0,1.0,1.0,1.0,1.0,1.0,1.0,1.0,0.99999946,0.99852175,0.98480165,1.0,1.0,1.0,1.0,1.0,1.0,1.0,1.0,1.0,1.0,1.0,1.0,1.0,0.9999981,0.9999994,1.0,1.0,1.0,1.0,0.834048,1.0,1.0,1.0,1.0,1.0,1.0,1.0,1.0,1.0,1.0,1.0,1.0,1.0,1.0,1.0,1.0,1.0,1.0,1.0,1.0,1.0,1.0,1.0,1.0,1.0,1.0,1.0,1.0,1.0,1.0,1.0,1.0,1.0,0.99999994,1.0,1.0,1.0,0.9999996,1.0,1.0,1.0,1.0,1.0,1.0,1.0,1.0,1.0,1.0,1.0,1.0,1.0,1.0,1.0,0.9944875,0.99999887,0.99999976,1.0,0.9999998,1.0,1.0,1.0,1.0,1.0,1.0,1.0,1.0,1.0,1.0,1.0,1.0,1.0,1.0,1.0,0.9999926,1.0,1.0,0.8954802,1.0,1.0,1.0,1.0,1.0,1.0,1.0,1.0,1.0,1.0,0.99999356,1.0,1.0,1.0,1.0,1.0,1.0,1.0,1.0,0.9711355,1.0,1.0,1.0
EFTUD2_K562,1.0,1.0,1.0,1.0,1.0,1.0,1.0,1.0,1.0,1.0,1.0,1.0,1.0,1.0,1.0,1.0,1.0,1.0,1.0,1.0,1.0,1.0,1.0,1.0,0.88050985,1.0,1.0,1.0,0.99999994,1.0,1.0,1.0,1.0,1.0,1.0,1.0,1.0,1.0,0.9999894,1.0,1.0,1.0,1.0,1.0,1.0,1.0,1.0,1.0,1.0,1.0,1.0,1.0,1.0,1.0,1.0,1.0,1.0,1.0,1.0,1.0,1.0,1.0,1.0,1.0,1.0,1.0,1.0,1.0,1.0,1.0,1.0,1.0,1.0,1.0,1.0,1.0,1.0,0.729554,1.0,1.0,1.0,1.0,1.0,0.99999994,1.0,1.0,1.0,1.0,1.0,1.0,1.0,1.0,1.0,1.0,1.0,1.0,1.0,1.0,1.0,1.0,0.9999994,0.9985208,0.9848047,1.0,1.0,1.0,1.0,1.0,1.0,1.0,1.0,1.0,1.0,1.0,1.0,1.0,0.9999981,0.99999934,1.0,1.0,1.0,1.0,0.83405757,1.0,1.0,1.0,1.0,1.0,1.0,1.0,1.0,1.0,1.0,1.0,1.0,1.0,1.0,1.0,1.0,1.0,1.0,1.0,1.0,1.0,1.0,1.0,1.0,1.0,1.0,1.0,1.0,1.0,1.0,1.0,1.0,1.0,0.99999994,1.0,1.0,1.0,0.9999996,1.0,1.0,1.0,1.0,1.0,1.0,1.0,1.0,1.0,1.0,1.0,1.0,1.0,1.0,1.0,0.9944857,0.99999887,0.99999976,1.0,0.9999998,1.0,1.0,1.0,1.0,1.0,1.0,1.0,1.0,1.0,1.0,1.0,1.0,1.0,1.0,1.0,0.99999255,1.0,1.0,0.8954724,1.0,1.0,1.0,1.0,1.0,1.0,1.0,1.0,1.0,1.0,0.9999936,1.0,1.0,1.0,1.0,1.0,1.0,1.0,1.0,0.97113967,1.0,1.0,1.0
EIF3D_HepG2,1.0,1.0,1.0,1.0,1.0,1.0,1.0,1.0,1.0,1.0,1.0,1.0,1.0,1.0,1.0,1.0,1.0,1.0,1.0,1.0,1.0,1.0,1.0,1.0,0.88051504,1.0,1.0,1.0,0.99999994,1.0,1.0,1.0,1.0,1.0,1.0,1.0,1.0,1.0,0.99998933,1.0,1.0,1.0,1.0,1.0,1.0,1.0,1.0,1.0,1.0,1.0,1.0,1.0,1.0,1.0,1.0,1.0,1.0,1.0,1.0,1.0,1.0,1.0,1.0,1.0,1.0,1.0,1.0,1.0,1.0,1.0,1.0,1.0,1.0,1.0,1.0,1.0,1.0,0.7295465,1.0,1.0,1.0,1.0,1.0,0.99999994,1.0,1.0,1.0,1.0,1.0,1.0,1.0,1.0,1.0,1.0,1.0,1.0,1.0,1.0,1.0,1.0,0.9999994,0.9985202,0.9848066,1.0,1.0,1.0,1.0,1.0,1.0,1.0,1.0,1.0,1.0,1.0,1.0,1.0,0.99999803,0.99999934,1.0,1.0,1.0,1.0,0.83406365,1.0,1.0,1.0,1.0,1.0,1.0,1.0,1.0,1.0,1.0,1.0,1.0,1.0,1.0,1.0,1.0,1.0,1.0,1.0,1.0,1.0,1.0,1.0,1.0,1.0,1.0,1.0,1.0,1.0,1.0,1.0,1.0,1.0,0.99999994,1.0,1.0,1.0,0.9999996,1.0,1.0,1.0,1.0,1.0,1.0,1.0,1.0,1.0,1.0,1.0,1.0,1.0,1.0,1.0,0.99448454,0.9999988,0.9999997,1.0,0.9999998,1.0,1.0,1.0,1.0,1.0,1.0,1.0,1.0,1.0,1.0,1.0,1.0,1.0,1.0,1.0,0.99999255,1.0,1.0,0.8954675,1.0,1.0,1.0,1.0,1.0,1.0,1.0,1.0,1.0,1.0,0.9999937,1.0,1.0,1.0,1.0,1.0,1.0,1.0,1.0,0.97114223,1.0,1.0,1.0
EIF3G_K562,1.0,1.0,1.0,1.0,1.0,1.0,1.0,1.0,1.0,1.0,1.0,1.0,1.0,1.0,1.0,1.0,1.0,1.0,1.0,1.0,1.0,1.0,1.0,1.0,0.8804952,1.0,1.0,1.0,1.0,1.0,1.0,1.0,1.0,1.0,1.0,1.0,1.0,1.0,0.99998957,1.0,1.0,1.0,1.0,1.0,1.0,1.0,1.0,1.0,1.0,1.0,1.0,1.0,1.0,1.0,1.0,1.0,1.0,1.0,1.0,1.0,1.0,1.0,1.0,1.0,1.0,1.0,1.0,1.0,1.0,1.0,1.0,1.0,1.0,1.0,1.0,1.0,1.0,0.7295752,1.0,1.0,1.0,1.0,1.0,0.99999994,1.0,1.0,1.0,1.0,1.0,1.0,1.0,1.0,1.0,1.0,1.0,1.0,1.0,1.0,1.0,1.0,0.99999946,0.99852246,0.98479927,1.0,1.0,1.0,1.0,1.0,1.0,1.0,1.0,1.0,1.0,1.0,1.0,1.0,0.99999815,0.9999994,1.0,1.0,1.0,1.0,0.83404046,1.0,1.0,1.0,1.0,1.0,1.0,1.0,1.0,1.0,1.0,1.0,1.0,1.0,1.0,1.0,1.0,1.0,1.0,1.0,1.0,1.0,1.0,1.0,1.0,1.0,1.0,1.0,1.0,1.0,1.0,1.0,1.0,1.0,0.99999994,1.0,1.0,1.0,0.9999996,1.0,1.0,1.0,1.0,1.0,1.0,1.0,1.0,1.0,1.0,1.0,1.0,1.0,1.0,1.0,0.99448895,0.9999989,0.99999976,1.0,0.9999998,1.0,1.0,1.0,1.0,1.0,1.0,1.0,1.0,1.0,1.0,1.0,1.0,1.0,1.0,1.0,0.99999267,1.0,1.0,0.8954862,1.0,1.0,1.0,1.0,1.0,1.0,1.0,1.0,1.0,1.0,0.99999356,1.0,1.0,1.0,1.0,1.0,1.0,1.0,1.0,0.9711323,1.0,1.0,1.0
EIF3H_HepG2,1.0,1.0,1.0,1.0,1.0,1.0,1.0,1.0,1.0,1.0,1.0,1.0,1.0,1.0,1.0,1.0,1.0,1.0,1.0,1.0,1.0,1.0,1.0,1.0,0.88051265,1.0,1.0,1.0,0.99999994,1.0,1.0,1.0,1.0,1.0,1.0,1.0,1.0,1.0,0.9999894,1.0,1.0,1.0,1.0,1.0,1.0,1.0,1.0,1.0,1.0,1.0,1.0,1.0,1.0,1.0,1.0,1.0,1.0,1.0,1.0,1.0,1.0,1.0,1.0,1.0,1.0,1.0,1.0,1.0,1.0,1.0,1.0,1.0,1.0,1.0,1.0,1.0,1.0,0.72954994,1.0,1.0,1.0,1.0,1.0,0.99999994,1.0,1.0,1.0,1.0,1.0,1.0,1.0,1.0,1.0,1.0,1.0,1.0,1.0,1.0,1.0,1.0,0.9999994,0.9985205,0.9848057,1.0,1.0,1.0,1.0,1.0,1.0,1.0,1.0,1.0,1.0,1.0,1.0,1.0,0.99999803,0.99999934,1.0,1.0,1.0,1.0,0.83406085,1.0,1.0,1.0,1.0,1.0,1.0,1.0,1.0,1.0,1.0,1.0,1.0,1.0,1.0,1.0,1.0,1.0,1.0,1.0,1.0,1.0,1.0,1.0,1.0,1.0,1.0,1.0,1.0,1.0,1.0,1.0,1.0,1.0,0.99999994,1.0,1.0,1.0,0.9999996,1.0,1.0,1.0,1.0,1.0,1.0,1.0,1.0,1.0,1.0,1.0,1.0,1.0,1.0,1.0,0.9944851,0.99999887,0.99999976,1.0,0.9999998,1.0,1.0,1.0,1.0,1.0,1.0,1.0,1.0,1.0,1.0,1.0,1.0,1.0,1.0,1.0,0.99999255,1.0,1.0,0.8954698,1.0,1.0,1.0,1.0,1.0,1.0,1.0,1.0,1.0,1.0,0.9999937,1.0,1.0,1.0,1.0,1.0,1.0,1.0,1.0,0.97114104,1.0,1.0,1.0
EIF4G2_K562,1.0,1.0,1.0,1.0,1.0,1.0,1.0,1.0,1.0,1.0,1.0,1.0,1.0,1.0,1.0,1.0,1.0,1.0,1.0,1.0,1.0,1.0,1.0,1.0,0.8805125,1.0,1.0,1.0,0.99999994,1.0,1.0,1.0,1.0,1.0,1.0,1.0,1.0,1.0,0.9999894,1.0,1.0,1.0,1.0,1.0,1.0,1.0,1.0,1.0,1.0,1.0,1.0,1.0,1.0,1.0,1.0,1.0,1.0,1.0,1.0,1.0,1.0,1.0,1.0,1.0,1.0,1.0,1.0,1.0,1.0,1.0,1.0,1.0,1.0,1.0,1.0,1.0,1.0,0.72955024,1.0,1.0,1.0,1.0,1.0,0.99999994,1.0,1.0,1.0,1.0,1.0,1.0,1.0,1.0,1.0,1.0,1.0,1.0,1.0,1.0,1.0,1.0,0.9999994,0.9985205,0.98480564,1.0,1.0,1.0,1.0,1.0,1.0,1.0,1.0,1.0,1.0,1.0,1.0,1.0,0.99999803,0.99999934,1.0,1.0,1.0,1.0,0.8340606,1.0,1.0,1.0,1.0,1.0,1.0,1.0,1.0,1.0,1.0,1.0,1.0,1.0,1.0,1.0,1.0,1.0,1.0,1.0,1.0,1.0,1.0,1.0,1.0,1.0,1.0,1.0,1.0,1.0,1.0,1.0,1.0,1.0,0.99999994,1.0,1.0,1.0,0.9999996,1.0,1.0,1.0,1.0,1.0,1.0,1.0,1.0,1.0,1.0,1.0,1.0,1.0,1.0,1.0,0.99448514,0.99999887,0.99999976,1.0,0.9999998,1.0,1.0,1.0,1.0,1.0,1.0,1.0,1.0,1.0,1.0,1.0,1.0,1.0,1.0,1.0,0.99999255,1.0,1.0,0.89546996,1.0,1.0,1.0,1.0,1.0,1.0,1.0,1.0,1.0,1.0,0.9999937,1.0,1.0,1.0,1.0,1.0,1.0,1.0,1.0,0.971141,1.0,1.0,1.0
EWSR1_K562,1.0,1.0,1.0,1.0,1.0,1.0,1.0,1.0,1.0,1.0,1.0,1.0,1.0,1.0,1.0,1.0,1.0,1.0,1.0,1.0,1.0,1.0,1.0,1.0,0.88051665,1.0,1.0,1.0,0.99999994,1.0,1.0,1.0,1.0,1.0,1.0,1.0,1.0,1.0,0.99998933,1.0,1.0,1.0,1.0,1.0,1.0,1.0,1.0,1.0,1.0,1.0,1.0,1.0,1.0,1.0,1.0,1.0,1.0,1.0,1.0,1.0,1.0,1.0,1.0,1.0,1.0,1.0,1.0,1.0,1.0,1.0,1.0,1.0,1.0,1.0,1.0,1.0,1.0,0.72954416,1.0,1.0,1.0,1.0,1.0,0.99999994,1.0,1.0,1.0,1.0,1.0,1.0,1.0,1.0,1.0,1.0,1.0,1.0,1.0,1.0,1.0,1.0,0.9999994,0.99852,0.9848072,1.0,1.0,1.0,1.0,1.0,1.0,1.0,1.0,1.0,1.0,1.0,1.0,1.0,0.99999803,0.99999934,1.0,1.0,1.0,1.0,0.8340655,1.0,1.0,1.0,1.0,1.0,1.0,1.0,1.0,1.0,1.0,1.0,1.0,1.0,1.0,1.0,1.0,1.0,1.0,1.0,1.0,1.0,1.0,1.0,1.0,1.0,1.0,1.0,1.0,1.0,1.0,1.0,1.0,1.0,0.99999994,1.0,1.0,1.0,0.9999996,1.0,1.0,1.0,1.0,1.0,1.0,1.0,1.0,1.0,1.0,1.0,1.0,1.0,1.0,1.0,0.9944842,0.9999988,0.9999997,1.0,0.9999998,1.0,1.0,1.0,1.0,1.0,1.0,1.0,1.0,1.0,1.0,1.0,1.0,1.0,1.0,1.0,0.9999925,1.0,1.0,0.895466,1.0,1.0,1.0,1.0,1.0,1.0,1.0,1.0,1.0,1.0,0.9999937,1.0,1.0,1.0,1.0,1.0,1.0,1.0,1.0,0.97114307,1.0,1.0,1.0
EXOSC5_HepG2,1.0,1.0,1.0,1.0,1.0,1.0,1.0,1.0,1.0,1.0,1.0,1.0,1.0,1.0,1.0,1.0,1.0,1.0,1.0,1.0,1.0,1.0,1.0,1.0,0.8804697,1.0,1.0,1.0,1.0,1.0,1.0,1.0,1.0,1.0,1.0,1.0,1.0,1.0,0.9999898,1.0,1.0,1.0,1.0,1.0,1.0,1.0,1.0,1.0,1.0,1.0,1.0,1.0,1.0,1.0,1.0,1.0,1.0,1.0,1.0,1.0,1.0,1.0,1.0,1.0,1.0,1.0,1.0,1.0,1.0,1.0,1.0,1.0,1.0,1.0,1.0,1.0,1.0,0.729612,1.0,1.0,1.0,1.0,1.0,0.9999999,1.0,1.0,1.0,1.0,1.0,1.0,1.0,1.0,1.0,1.0,1.0,1.0,1.0,1.0,1.0,1.0,0.9999995,0.9985254,0.98478997,1.0,1.0,1.0,1.0,1.0,1.0,1.0,1.0,1.0,1.0,1.0,1.0,1.0,0.9999982,0.99999946,1.0,1.0,1.0,1.0,0.8340108,1.0,1.0,1.0,1.0,1.0,1.0,1.0,1.0,1.0,1.0,1.0,1.0,1.0,1.0,1.0,1.0,1.0,0.99999994,1.0,1.0,1.0,1.0,1.0,1.0,1.0,1.0,1.0,1.0,1.0,1.0,1.0,1.0,1.0,0.99999994,1.0,1.0,1.0,0.99999964,1.0,1.0,1.0,1.0,1.0,1.0,1.0,1.0,1.0,1.0,1.0,1.0,1.0,1.0,1.0,0.99449456,0.999999,0.9999998,1.0,0.9999999,1.0,1.0,1.0,1.0,1.0,1.0,1.0,1.0,1.0,1.0,1.0,1.0,1.0,1.0,1.0,0.9999929,1.0,1.0,0.89551014,1.0,1.0,1.0,1.0,1.0,1.0,1.0,1.0,0.99999994,1.0,0.9999933,0.99999994,1.0,1.0,1.0,1.0,1.0,1.0,1.0,0.9711194,1.0,1.0,1.0
EXOSC5_K562,1.0,1.0,1.0,1.0,1.0,1.0,1.0,1.0,1.0,1.0,1.0,1.0,1.0,1.0,1.0,1.0,1.0,1.0,1.0,1.0,1.0,1.0,1.0,1.0,0.8805247,1.0,1.0,1.0,0.99999994,1.0,1.0,1.0,1.0,1.0,1.0,1.0,1.0,1.0,0.9999893,1.0,1.0,1.0,1.0,1.0,1.0,1.0,1.0,1.0,1.0,1.0,1.0,1.0,1.0,1.0,1.0,1.0,1.0,1.0,1.0,1.0,1.0,1.0,1.0,1.0,1.0,1.0,1.0,1.0,1.0,1.0,1.0,1.0,1.0,1.0,1.0,1.0,1.0,0.72953254,1.0,1.0,1.0,1.0,1.0,0.99999994,1.0,1.0,1.0,1.0,1.0,1.0,1.0,1.0,1.0,1.0,1.0,1.0,1.0,1.0,1.0,1.0,0.9999994,0.9985191,0.9848101,1.0,1.0,1.0,1.0,1.0,1.0,1.0,1.0,1.0,1.0,1.0,1.0,1.0,0.999998,0.99999934,1.0,1.0,1.0,1.0,0.83407485,1.0,1.0,1.0,1.0,1.0,1.0,1.0,1.0,1.0,1.0,1.0,1.0,1.0,1.0,1.0,1.0,1.0,1.0,1.0,1.0,1.0,1.0,1.0,1.0,1.0,1.0,1.0,1.0,1.0,1.0,1.0,1.0,1.0,0.99999994,1.0,1.0,1.0,0.9999995,1.0,1.0,1.0,1.0,1.0,1.0,1.0,1.0,1.0,1.0,1.0,1.0,1.0,1.0,1.0,0.9944824,0.9999988,0.9999997,1.0,0.9999998,1.0,1.0,1.0,1.0,1.0,1.0,1.0,1.0,1.0,1.0,1.0,1.0,1.0,1.0,1.0,0.99999243,1.0,1.0,0.89545846,1.0,1.0,1.0,1.0,1.0,1.0,1.0,1.0,1.0,1.0,0.99999374,1.0,1.0,1.0,1.0,1.0,1.0,1.0,1.0,0.9711471,1.0,1.0,1.0
FAM120A_HepG2,1.0,1.0,1.0,1.0,1.0,1.0,1.0,1.0,1.0,1.0,1.0,1.0,1.0,1.0,1.0,1.0,1.0,1.0,1.0,1.0,1.0,1.0,1.0,1.0,0.88051134,1.0,1.0,1.0,0.99999994,1.0,1.0,1.0,1.0,1.0,1.0,1.0,1.0,1.0,0.9999894,1.0,1.0,1.0,1.0,1.0,1.0,1.0,1.0,1.0,1.0,1.0,1.0,1.0,1.0,1.0,1.0,1.0,1.0,1.0,1.0,1.0,1.0,1.0,1.0,1.0,1.0,1.0,1.0,1.0,1.0,1.0,1.0,1.0,1.0,1.0,1.0,1.0,1.0,0.7295519,1.0,1.0,1.0,1.0,1.0,0.99999994,1.0,1.0,1.0,1.0,1.0,1.0,1.0,1.0,1.0,1.0,1.0,1.0,1.0,1.0,1.0,1.0,0.9999994,0.9985206,0.9848052,1.0,1.0,1.0,1.0,1.0,1.0,1.0,1.0,1.0,1.0,1.0,1.0,1.0,0.99999803,0.99999934,1.0,1.0,1.0,1.0,0.8340593,1.0,1.0,1.0,1.0,1.0,1.0,1.0,1.0,1.0,1.0,1.0,1.0,1.0,1.0,1.0,1.0,1.0,1.0,1.0,1.0,1.0,1.0,1.0,1.0,1.0,1.0,1.0,1.0,1.0,1.0,1.0,1.0,1.0,0.99999994,1.0,1.0,1.0,0.9999996,1.0,1.0,1.0,1.0,1.0,1.0,1.0,1.0,1.0,1.0,1.0,1.0,1.0,1.0,1.0,0.9944854,0.99999887,0.99999976,1.0,0.9999998,1.0,1.0,1.0,1.0,1.0,1.0,1.0,1.0,1.0,1.0,1.0,1.0,1.0,1.0,1.0,0.99999255,1.0,1.0,0.89547104,1.0,1.0,1.0,1.0,1.0,1.0,1.0,1.0,1.0,1.0,0.9999937,1.0,1.0,1.0,1.0,1.0,1.0,1.0,1.0,0.9711404,1.0,1.0,1.0
FAM120A_K562,1.0,1.0,1.0,1.0,1.0,1.0,1.0,1.0,1.0,1.0,1.0,1.0,1.0,1.0,1.0,1.0,1.0,1.0,1.0,1.0,1.0,1.0,1.0,1.0,0.8805169,1.0,1.0,1.0,0.99999994,1.0,1.0,1.0,1.0,1.0,1.0,1.0,1.0,1.0,0.99998933,1.0,1.0,1.0,1.0,1.0,1.0,1.0,1.0,1.0,1.0,1.0,1.0,1.0,1.0,1.0,1.0,1.0,1.0,1.0,1.0,1.0,1.0,1.0,1.0,1.0,1.0,1.0,1.0,1.0,1.0,1.0,1.0,1.0,1.0,1.0,1.0,1.0,1.0,0.72954386,1.0,1.0,1.0,1.0,1.0,0.99999994,1.0,1.0,1.0,1.0,1.0,1.0,1.0,1.0,1.0,1.0,1.0,1.0,1.0,1.0,1.0,1.0,0.9999994,0.99852,0.98480725,1.0,1.0,1.0,1.0,1.0,1.0,1.0,1.0,1.0,1.0,1.0,1.0,1.0,0.99999803,0.99999934,1.0,1.0,1.0,1.0,0.83406574,1.0,1.0,1.0,1.0,1.0,1.0,1.0,1.0,1.0,1.0,1.0,1.0,1.0,1.0,1.0,1.0,1.0,1.0,1.0,1.0,1.0,1.0,1.0,1.0,1.0,1.0,1.0,1.0,1.0,1.0,1.0,1.0,1.0,0.99999994,1.0,1.0,1.0,0.9999996,1.0,1.0,1.0,1.0,1.0,1.0,1.0,1.0,1.0,1.0,1.0,1.0,1.0,1.0,1.0,0.9944841,0.9999988,0.9999997,1.0,0.9999998,1.0,1.0,1.0,1.0,1.0,1.0,1.0,1.0,1.0,1.0,1.0,1.0,1.0,1.0,1.0,0.9999925,1.0,1.0,0.8954658,1.0,1.0,1.0,1.0,1.0,1.0,1.0,1.0,1.0,1.0,0.9999937,1.0,1.0,1.0,1.0,1.0,1.0,1.0,1.0,0.9711432,1.0,1.0,1.0
FASTKD2_HepG2,1.0,1.0,1.0,1.0,1.0,1.0,1.0,1.0,1.0,1.0,1.0,1.0,1.0,1.0,1.0,1.0,1.0,1.0,1.0,1.0,1.0,1.0,1.0,1.0,0.8805028,1.0,1.0,1.0,0.99999994,1.0,1.0,1.0,1.0,1.0,1.0,1.0,1.0,1.0,0.99998945,1.0,1.0,1.0,1.0,1.0,1.0,1.0,1.0,1.0,1.0,1.0,1.0,1.0,1.0,1.0,1.0,1.0,1.0,1.0,1.0,1.0,1.0,1.0,1.0,1.0,1.0,1.0,1.0,1.0,1.0,1.0,1.0,1.0,1.0,1.0,1.0,1.0,1.0,0.7295642,1.0,1.0,1.0,1.0,1.0,0.99999994,1.0,1.0,1.0,1.0,1.0,1.0,1.0,1.0,1.0,1.0,1.0,1.0,1.0,1.0,1.0,1.0,0.9999994,0.9985216,0.98480207,1.0,1.0,1.0,1.0,1.0,1.0,1.0,1.0,1.0,1.0,1.0,1.0,1.0,0.9999981,0.9999994,1.0,1.0,1.0,1.0,0.83404934,1.0,1.0,1.0,1.0,1.0,1.0,1.0,1.0,1.0,1.0,1.0,1.0,1.0,1.0,1.0,1.0,1.0,1.0,1.0,1.0,1.0,1.0,1.0,1.0,1.0,1.0,1.0,1.0,1.0,1.0,1.0,1.0,1.0,0.99999994,1.0,1.0,1.0,0.9999996,1.0,1.0,1.0,1.0,1.0,1.0,1.0,1.0,1.0,1.0,1.0,1.0,1.0,1.0,1.0,0.9944873,0.99999887,0.99999976,1.0,0.9999998,1.0,1.0,1.0,1.0,1.0,1.0,1.0,1.0,1.0,1.0,1.0,1.0,1.0,1.0,1.0,0.9999926,1.0,1.0,0.895479,1.0,1.0,1.0,1.0,1.0,1.0,1.0,1.0,1.0,1.0,0.9999936,1.0,1.0,1.0,1.0,1.0,1.0,1.0,1.0,0.9711361,1.0,1.0,1.0
FASTKD2_K562,1.0,1.0,1.0,1.0,1.0,1.0,1.0,1.0,1.0,1.0,1.0,1.0,1.0,1.0,1.0,1.0,1.0,1.0,1.0,1.0,1.0,1.0,1.0,1.0,0.880499,1.0,1.0,1.0,0.99999994,1.0,1.0,1.0,1.0,1.0,1.0,1.0,1.0,1.0,0.9999895,1.0,1.0,1.0,1.0,1.0,1.0,1.0,1.0,1.0,1.0,1.0,1.0,1.0,1.0,1.0,1.0,1.0,1.0,1.0,1.0,1.0,1.0,1.0,1.0,1.0,1.0,1.0,1.0,1.0,1.0,1.0,1.0,1.0,1.0,1.0,1.0,1.0,1.0,0.7295697,1.0,1.0,1.0,1.0,1.0,0.99999994,1.0,1.0,1.0,1.0,1.0,1.0,1.0,1.0,1.0,1.0,1.0,1.0,1.0,1.0,1.0,1.0,0.99999946,0.99852204,0.9848007,1.0,1.0,1.0,1.0,1.0,1.0,1.0,1.0,1.0,1.0,1.0,1.0,1.0,0.9999981,0.9999994,1.0,1.0,1.0,1.0,0.83404493,1.0,1.0,1.0,1.0,1.0,1.0,1.0,1.0,1.0,1.0,1.0,1.0,1.0,1.0,1.0,1.0,1.0,1.0,1.0,1.0,1.0,1.0,1.0,1.0,1.0,1.0,1.0,1.0,1.0,1.0,1.0,1.0,1.0,0.99999994,1.0,1.0,1.0,0.9999996,1.0,1.0,1.0,1.0,1.0,1.0,1.0,1.0,1.0,1.0,1.0,1.0,1.0,1.0,1.0,0.9944881,0.99999887,0.99999976,1.0,0.9999998,1.0,1.0,1.0,1.0,1.0,1.0,1.0,1.0,1.0,1.0,1.0,1.0,1.0,1.0,1.0,0.99999267,1.0,1.0,0.8954826,1.0,1.0,1.0,1.0,1.0,1.0,1.0,1.0,1.0,1.0,0.99999356,1.0,1.0,1.0,1.0,1.0,1.0,1.0,1.0,0.9711342,1.0,1.0,1.0
FKBP4_HepG2,1.0,1.0,1.0,1.0,1.0,1.0,1.0,1.0,1.0,1.0,1.0,1.0,1.0,1.0,1.0,1.0,1.0,1.0,1.0,1.0,1.0,1.0,1.0,1.0,0.88053334,1.0,1.0,1.0,0.99999994,1.0,1.0,1.0,1.0,1.0,1.0,1.0,1.0,1.0,0.99998915,1.0,1.0,1.0,1.0,1.0,1.0,1.0,1.0,1.0,1.0,1.0,1.0,1.0,1.0,1.0,1.0,1.0,1.0,1.0,1.0,1.0,1.0,1.0,1.0,1.0,1.0,1.0,1.0,1.0,1.0,1.0,1.0,1.0,1.0,1.0,1.0,1.0,1.0,0.72952014,1.0,1.0,1.0,1.0,1.0,0.99999994,1.0,1.0,1.0,1.0,1.0,1.0,1.0,1.0,1.0,1.0,1.0,1.0,1.0,1.0,1.0,1.0,0.99999934,0.9985181,0.9848133,1.0,1.0,1.0,1.0,1.0,1.0,1.0,1.0,1.0,1.0,1.0,1.0,1.0,0.999998,0.9999993,1.0,1.0,1.0,1.0,0.8340849,1.0,1.0,1.0,1.0,1.0,1.0,1.0,1.0,1.0,1.0,1.0,1.0,1.0,1.0,1.0,1.0,1.0,1.0,1.0,1.0,1.0,1.0,1.0,1.0,1.0,1.0,1.0,1.0,1.0,1.0,1.0,1.0,1.0,0.9999999,1.0,1.0,1.0,0.9999995,1.0,1.0,1.0,1.0,1.0,1.0,1.0,1.0,1.0,1.0,1.0,1.0,1.0,1.0,1.0,0.9944805,0.99999875,0.9999997,1.0,0.99999976,1.0,1.0,1.0,1.0,1.0,1.0,1.0,1.0,1.0,1.0,1.0,1.0,1.0,1.0,1.0,0.9999924,1.0,1.0,0.89545035,1.0,1.0,1.0,1.0,1.0,1.0,1.0,1.0,1.0,1.0,0.9999938,1.0,1.0,1.0,1.0,1.0,1.0,1.0,1.0,0.9711515,1.0,1.0,1.0
FMR1_K562,1.0,1.0,1.0,1.0,1.0,1.0,1.0,1.0,1.0,1.0,1.0,1.0,1.0,1.0,1.0,1.0,1.0,1.0,1.0,1.0,1.0,1.0,1.0,1.0,0.88048375,1.0,1.0,1.0,1.0,1.0,1.0,1.0,1.0,1.0,1.0,1.0,1.0,1.0,0.9999896,1.0,1.0,1.0,1.0,1.0,1.0,1.0,1.0,1.0,1.0,1.0,1.0,1.0,1.0,1.0,1.0,1.0,1.0,1.0,1.0,1.0,1.0,1.0,1.0,1.0,1.0,1.0,1.0,1.0,1.0,1.0,1.0,1.0,1.0,1.0,1.0,1.0,1.0,0.72959167,1.0,1.0,1.0,1.0,1.0,0.99999994,1.0,1.0,1.0,1.0,1.0,1.0,1.0,1.0,1.0,1.0,1.0,1.0,1.0,1.0,1.0,1.0,0.99999946,0.9985238,0.9847951,1.0,1.0,1.0,1.0,1.0,1.0,1.0,1.0,1.0,1.0,1.0,1.0,1.0,0.99999815,0.9999994,1.0,1.0,1.0,1.0,0.83402723,1.0,1.0,1.0,1.0,1.0,1.0,1.0,1.0,1.0,1.0,1.0,1.0,1.0,1.0,1.0,1.0,1.0,1.0,1.0,1.0,1.0,1.0,1.0,1.0,1.0,1.0,1.0,1.0,1.0,1.0,1.0,1.0,1.0,0.99999994,1.0,1.0,1.0,0.99999964,1.0,1.0,1.0,1.0,1.0,1.0,1.0,1.0,1.0,1.0,1.0,1.0,1.0,1.0,1.0,0.99449146,0.9999989,0.99999976,1.0,0.9999998,1.0,1.0,1.0,1.0,1.0,1.0,1.0,1.0,1.0,1.0,1.0,1.0,1.0,1.0,1.0,0.9999928,1.0,1.0,0.8954969,1.0,1.0,1.0,1.0,1.0,1.0,1.0,1.0,0.99999994,1.0,0.99999344,1.0,1.0,1.0,1.0,1.0,1.0,1.0,1.0,0.9711265,1.0,1.0,1.0
FTO_HepG2,1.0,1.0,1.0,1.0,1.0,1.0,1.0,1.0,1.0,1.0,1.0,1.0,1.0,1.0,1.0,1.0,1.0,1.0,1.0,1.0,1.0,1.0,1.0,1.0,0.88049304,1.0,1.0,1.0,1.0,1.0,1.0,1.0,1.0,1.0,1.0,1.0,1.0,1.0,0.99998957,1.0,1.0,1.0,1.0,1.0,1.0,1.0,1.0,1.0,1.0,1.0,1.0,1.0,1.0,1.0,1.0,1.0,1.0,1.0,1.0,1.0,1.0,1.0,1.0,1.0,1.0,1.0,1.0,1.0,1.0,1.0,1.0,1.0,1.0,1.0,1.0,1.0,1.0,0.72957826,1.0,1.0,1.0,1.0,1.0,0.99999994,1.0,1.0,1.0,1.0,1.0,1.0,1.0,1.0,1.0,1.0,1.0,1.0,1.0,1.0,1.0,1.0,0.99999946,0.9985227,0.9847985,1.0,1.0,1.0,1.0,1.0,1.0,1.0,1.0,1.0,1.0,1.0,1.0,1.0,0.99999815,0.9999994,1.0,1.0,1.0,1.0,0.834038,1.0,1.0,1.0,1.0,1.0,1.0,1.0,1.0,1.0,1.0,1.0,1.0,1.0,1.0,1.0,1.0,1.0,1.0,1.0,1.0,1.0,1.0,1.0,1.0,1.0,1.0,1.0,1.0,1.0,1.0,1.0,1.0,1.0,0.99999994,1.0,1.0,1.0,0.9999996,1.0,1.0,1.0,1.0,1.0,1.0,1.0,1.0,1.0,1.0,1.0,1.0,1.0,1.0,1.0,0.99448943,0.9999989,0.99999976,1.0,0.9999998,1.0,1.0,1.0,1.0,1.0,1.0,1.0,1.0,1.0,1.0,1.0,1.0,1.0,1.0,1.0,0.9999927,1.0,1.0,0.8954882,1.0,1.0,1.0,1.0,1.0,1.0,1.0,1.0,1.0,1.0,0.9999935,1.0,1.0,1.0,1.0,1.0,1.0,1.0,1.0,0.9711312,1.0,1.0,1.0
FTO_K562,1.0,1.0,1.0,1.0,1.0,1.0,1.0,1.0,1.0,1.0,1.0,1.0,1.0,1.0,1.0,1.0,1.0,1.0,1.0,1.0,1.0,1.0,1.0,1.0,0.8805378,1.0,1.0,1.0,0.99999994,1.0,1.0,1.0,1.0,1.0,1.0,1.0,1.0,1.0,0.99998915,1.0,1.0,1.0,1.0,1.0,1.0,1.0,1.0,1.0,1.0,1.0,1.0,1.0,1.0,1.0,1.0,1.0,1.0,1.0,1.0,1.0,1.0,1.0,1.0,1.0,1.0,1.0,1.0,1.0,1.0,1.0,1.0,1.0,1.0,1.0,1.0,1.0,1.0,0.7295137,1.0,1.0,1.0,1.0,1.0,0.99999994,1.0,1.0,1.0,1.0,1.0,1.0,1.0,1.0,1.0,1.0,1.0,1.0,1.0,1.0,1.0,1.0,0.99999934,0.9985176,0.98481494,1.0,1.0,1.0,1.0,1.0,1.0,1.0,1.0,1.0,1.0,1.0,1.0,1.0,0.999998,0.9999993,1.0,1.0,1.0,1.0,0.8340901,1.0,1.0,1.0,1.0,1.0,1.0,1.0,1.0,1.0,1.0,1.0,1.0,1.0,1.0,1.0,1.0,1.0,1.0,1.0,1.0,1.0,1.0,1.0,1.0,1.0,1.0,1.0,1.0,1.0,1.0,1.0,1.0,1.0,0.9999999,1.0,1.0,1.0,0.9999995,1.0,1.0,1.0,1.0,1.0,1.0,1.0,1.0,1.0,1.0,1.0,1.0,1.0,1.0,1.0,0.99447954,0.99999875,0.9999997,1.0,0.99999976,1.0,1.0,1.0,1.0,1.0,1.0,1.0,1.0,1.0,1.0,1.0,1.0,1.0,1.0,1.0,0.9999923,1.0,1.0,0.8954462,1.0,1.0,1.0,1.0,1.0,1.0,1.0,1.0,1.0,1.0,0.99999386,1.0,1.0,1.0,1.0,1.0,1.0,1.0,1.0,0.97115374,1.0,1.0,1.0
FUBP3_HepG2,1.0,1.0,1.0,1.0,1.0,1.0,1.0,1.0,1.0,1.0,1.0,1.0,1.0,1.0,1.0,1.0,1.0,1.0,1.0,1.0,1.0,1.0,1.0,1.0,0.8805224,1.0,1.0,1.0,0.99999994,1.0,1.0,1.0,1.0,1.0,1.0,1.0,1.0,1.0,0.9999893,1.0,1.0,1.0,1.0,1.0,1.0,1.0,1.0,1.0,1.0,1.0,1.0,1.0,1.0,1.0,1.0,1.0,1.0,1.0,1.0,1.0,1.0,1.0,1.0,1.0,1.0,1.0,1.0,1.0,1.0,1.0,1.0,1.0,1.0,1.0,1.0,1.0,1.0,0.72953594,1.0,1.0,1.0,1.0,1.0,0.99999994,1.0,1.0,1.0,1.0,1.0,1.0,1.0,1.0,1.0,1.0,1.0,1.0,1.0,1.0,1.0,1.0,0.9999994,0.99851936,0.9848093,1.0,1.0,1.0,1.0,1.0,1.0,1.0,1.0,1.0,1.0,1.0,1.0,1.0,0.99999803,0.99999934,1.0,1.0,1.0,1.0,0.8340721,1.0,1.0,1.0,1.0,1.0,1.0,1.0,1.0,1.0,1.0,1.0,1.0,1.0,1.0,1.0,1.0,1.0,1.0,1.0,1.0,1.0,1.0,1.0,1.0,1.0,1.0,1.0,1.0,1.0,1.0,1.0,1.0,1.0,0.99999994,1.0,1.0,1.0,0.9999995,1.0,1.0,1.0,1.0,1.0,1.0,1.0,1.0,1.0,1.0,1.0,1.0,1.0,1.0,1.0,0.99448293,0.9999988,0.9999997,1.0,0.9999998,1.0,1.0,1.0,1.0,1.0,1.0,1.0,1.0,1.0,1.0,1.0,1.0,1.0,1.0,1.0,0.9999925,1.0,1.0,0.89546067,1.0,1.0,1.0,1.0,1.0,1.0,1.0,1.0,1.0,1.0,0.99999374,1.0,1.0,1.0,1.0,1.0,1.0,1.0,1.0,0.9711459,1.0,1.0,1.0
FUS_HepG2,1.0,1.0,1.0,1.0,1.0,1.0,1.0,1.0,1.0,1.0,1.0,1.0,1.0,1.0,1.0,1.0,1.0,1.0,1.0,1.0,1.0,1.0,1.0,1.0,0.8805164,1.0,1.0,1.0,0.99999994,1.0,1.0,1.0,1.0,1.0,1.0,1.0,1.0,1.0,0.99998933,1.0,1.0,1.0,1.0,1.0,1.0,1.0,1.0,1.0,1.0,1.0,1.0,1.0,1.0,1.0,1.0,1.0,1.0,1.0,1.0,1.0,1.0,1.0,1.0,1.0,1.0,1.0,1.0,1.0,1.0,1.0,1.0,1.0,1.0,1.0,1.0,1.0,1.0,0.7295445,1.0,1.0,1.0,1.0,1.0,0.99999994,1.0,1.0,1.0,1.0,1.0,1.0,1.0,1.0,1.0,1.0,1.0,1.0,1.0,1.0,1.0,1.0,0.9999994,0.99852,0.9848071,1.0,1.0,1.0,1.0,1.0,1.0,1.0,1.0,1.0,1.0,1.0,1.0,1.0,0.99999803,0.99999934,1.0,1.0,1.0,1.0,0.83406526,1.0,1.0,1.0,1.0,1.0,1.0,1.0,1.0,1.0,1.0,1.0,1.0,1.0,1.0,1.0,1.0,1.0,1.0,1.0,1.0,1.0,1.0,1.0,1.0,1.0,1.0,1.0,1.0,1.0,1.0,1.0,1.0,1.0,0.99999994,1.0,1.0,1.0,0.9999996,1.0,1.0,1.0,1.0,1.0,1.0,1.0,1.0,1.0,1.0,1.0,1.0,1.0,1.0,1.0,0.99448425,0.9999988,0.9999997,1.0,0.9999998,1.0,1.0,1.0,1.0,1.0,1.0,1.0,1.0,1.0,1.0,1.0,1.0,1.0,1.0,1.0,0.9999925,1.0,1.0,0.8954662,1.0,1.0,1.0,1.0,1.0,1.0,1.0,1.0,1.0,1.0,0.9999937,1.0,1.0,1.0,1.0,1.0,1.0,1.0,1.0,0.97114295,1.0,1.0,1.0
FUS_K562,1.0,1.0,1.0,1.0,1.0,1.0,1.0,1.0,1.0,1.0,1.0,1.0,1.0,1.0,1.0,1.0,1.0,1.0,1.0,1.0,1.0,1.0,1.0,1.0,0.88050586,1.0,1.0,1.0,0.99999994,1.0,1.0,1.0,1.0,1.0,1.0,1.0,1.0,1.0,0.99998945,1.0,1.0,1.0,1.0,1.0,1.0,1.0,1.0,1.0,1.0,1.0,1.0,1.0,1.0,1.0,1.0,1.0,1.0,1.0,1.0,1.0,1.0,1.0,1.0,1.0,1.0,1.0,1.0,1.0,1.0,1.0,1.0,1.0,1.0,1.0,1.0,1.0,1.0,0.7295597,1.0,1.0,1.0,1.0,1.0,0.99999994,1.0,1.0,1.0,1.0,1.0,1.0,1.0,1.0,1.0,1.0,1.0,1.0,1.0,1.0,1.0,1.0,0.9999994,0.99852127,0.9848032,1.0,1.0,1.0,1.0,1.0,1.0,1.0,1.0,1.0,1.0,1.0,1.0,1.0,0.9999981,0.99999934,1.0,1.0,1.0,1.0,0.834053,1.0,1.0,1.0,1.0,1.0,1.0,1.0,1.0,1.0,1.0,1.0,1.0,1.0,1.0,1.0,1.0,1.0,1.0,1.0,1.0,1.0,1.0,1.0,1.0,1.0,1.0,1.0,1.0,1.0,1.0,1.0,1.0,1.0,0.99999994,1.0,1.0,1.0,0.9999996,1.0,1.0,1.0,1.0,1.0,1.0,1.0,1.0,1.0,1.0,1.0,1.0,1.0,1.0,1.0,0.9944866,0.99999887,0.99999976,1.0,0.9999998,1.0,1.0,1.0,1.0,1.0,1.0,1.0,1.0,1.0,1.0,1.0,1.0,1.0,1.0,1.0,0.9999926,1.0,1.0,0.8954761,1.0,1.0,1.0,1.0,1.0,1.0,1.0,1.0,1.0,1.0,0.9999936,1.0,1.0,1.0,1.0,1.0,1.0,1.0,1.0,0.97113764,1.0,1.0,1.0
FXR1_K562,1.0,1.0,1.0,1.0,1.0,1.0,1.0,1.0,1.0,1.0,1.0,1.0,1.0,1.0,1.0,1.0,1.0,1.0,1.0,1.0,1.0,1.0,1.0,1.0,0.8805033,1.0,1.0,1.0,0.99999994,1.0,1.0,1.0,1.0,1.0,1.0,1.0,1.0,1.0,0.99998945,1.0,1.0,1.0,1.0,1.0,1.0,1.0,1.0,1.0,1.0,1.0,1.0,1.0,1.0,1.0,1.0,1.0,1.0,1.0,1.0,1.0,1.0,1.0,1.0,1.0,1.0,1.0,1.0,1.0,1.0,1.0,1.0,1.0,1.0,1.0,1.0,1.0,1.0,0.7295634,1.0,1.0,1.0,1.0,1.0,0.99999994,1.0,1.0,1.0,1.0,1.0,1.0,1.0,1.0,1.0,1.0,1.0,1.0,1.0,1.0,1.0,1.0,0.9999994,0.99852157,0.9848023,1.0,1.0,1.0,1.0,1.0,1.0,1.0,1.0,1.0,1.0,1.0,1.0,1.0,0.9999981,0.9999994,1.0,1.0,1.0,1.0,0.83405,1.0,1.0,1.0,1.0,1.0,1.0,1.0,1.0,1.0,1.0,1.0,1.0,1.0,1.0,1.0,1.0,1.0,1.0,1.0,1.0,1.0,1.0,1.0,1.0,1.0,1.0,1.0,1.0,1.0,1.0,1.0,1.0,1.0,0.99999994,1.0,1.0,1.0,0.9999996,1.0,1.0,1.0,1.0,1.0,1.0,1.0,1.0,1.0,1.0,1.0,1.0,1.0,1.0,1.0,0.99448717,0.99999887,0.99999976,1.0,0.9999998,1.0,1.0,1.0,1.0,1.0,1.0,1.0,1.0,1.0,1.0,1.0,1.0,1.0,1.0,1.0,0.9999926,1.0,1.0,0.89547855,1.0,1.0,1.0,1.0,1.0,1.0,1.0,1.0,1.0,1.0,0.9999936,1.0,1.0,1.0,1.0,1.0,1.0,1.0,1.0,0.9711364,1.0,1.0,1.0
FXR2_HepG2,1.0,1.0,1.0,1.0,1.0,1.0,1.0,1.0,1.0,1.0,1.0,1.0,1.0,1.0,1.0,1.0,1.0,1.0,1.0,1.0,1.0,1.0,1.0,1.0,0.8805055,1.0,1.0,1.0,0.99999994,1.0,1.0,1.0,1.0,1.0,1.0,1.0,1.0,1.0,0.99998945,1.0,1.0,1.0,1.0,1.0,1.0,1.0,1.0,1.0,1.0,1.0,1.0,1.0,1.0,1.0,1.0,1.0,1.0,1.0,1.0,1.0,1.0,1.0,1.0,1.0,1.0,1.0,1.0,1.0,1.0,1.0,1.0,1.0,1.0,1.0,1.0,1.0,1.0,0.72956026,1.0,1.0,1.0,1.0,1.0,0.99999994,1.0,1.0,1.0,1.0,1.0,1.0,1.0,1.0,1.0,1.0,1.0,1.0,1.0,1.0,1.0,1.0,0.9999994,0.99852127,0.9848031,1.0,1.0,1.0,1.0,1.0,1.0,1.0,1.0,1.0,1.0,1.0,1.0,1.0,0.9999981,0.99999934,1.0,1.0,1.0,1.0,0.8340525,1.0,1.0,1.0,1.0,1.0,1.0,1.0,1.0,1.0,1.0,1.0,1.0,1.0,1.0,1.0,1.0,1.0,1.0,1.0,1.0,1.0,1.0,1.0,1.0,1.0,1.0,1.0,1.0,1.0,1.0,1.0,1.0,1.0,0.99999994,1.0,1.0,1.0,0.9999996,1.0,1.0,1.0,1.0,1.0,1.0,1.0,1.0,1.0,1.0,1.0,1.0,1.0,1.0,1.0,0.9944867,0.99999887,0.99999976,1.0,0.9999998,1.0,1.0,1.0,1.0,1.0,1.0,1.0,1.0,1.0,1.0,1.0,1.0,1.0,1.0,1.0,0.9999926,1.0,1.0,0.8954765,1.0,1.0,1.0,1.0,1.0,1.0,1.0,1.0,1.0,1.0,0.9999936,1.0,1.0,1.0,1.0,1.0,1.0,1.0,1.0,0.97113746,1.0,1.0,1.0
FXR2_K562,1.0,1.0,1.0,1.0,1.0,1.0,1.0,1.0,1.0,1.0,1.0,1.0,1.0,1.0,1.0,1.0,1.0,1.0,1.0,1.0,1.0,1.0,1.0,1.0,0.88052225,1.0,1.0,1.0,0.99999994,1.0,1.0,1.0,1.0,1.0,1.0,1.0,1.0,1.0,0.9999893,1.0,1.0,1.0,1.0,1.0,1.0,1.0,1.0,1.0,1.0,1.0,1.0,1.0,1.0,1.0,1.0,1.0,1.0,1.0,1.0,1.0,1.0,1.0,1.0,1.0,1.0,1.0,1.0,1.0,1.0,1.0,1.0,1.0,1.0,1.0,1.0,1.0,1.0,0.7295362,1.0,1.0,1.0,1.0,1.0,0.99999994,1.0,1.0,1.0,1.0,1.0,1.0,1.0,1.0,1.0,1.0,1.0,1.0,1.0,1.0,1.0,1.0,0.9999994,0.99851936,0.9848092,1.0,1.0,1.0,1.0,1.0,1.0,1.0,1.0,1.0,1.0,1.0,1.0,1.0,0.99999803,0.99999934,1.0,1.0,1.0,1.0,0.834072,1.0,1.0,1.0,1.0,1.0,1.0,1.0,1.0,1.0,1.0,1.0,1.0,1.0,1.0,1.0,1.0,1.0,1.0,1.0,1.0,1.0,1.0,1.0,1.0,1.0,1.0,1.0,1.0,1.0,1.0,1.0,1.0,1.0,0.99999994,1.0,1.0,1.0,0.9999995,1.0,1.0,1.0,1.0,1.0,1.0,1.0,1.0,1.0,1.0,1.0,1.0,1.0,1.0,1.0,0.99448293,0.9999988,0.9999997,1.0,0.9999998,1.0,1.0,1.0,1.0,1.0,1.0,1.0,1.0,1.0,1.0,1.0,1.0,1.0,1.0,1.0,0.9999925,1.0,1.0,0.8954608,1.0,1.0,1.0,1.0,1.0,1.0,1.0,1.0,1.0,1.0,0.99999374,1.0,1.0,1.0,1.0,1.0,1.0,1.0,1.0,0.97114587,1.0,1.0,1.0
G3BP1_HepG2,1.0,1.0,1.0,1.0,1.0,1.0,1.0,1.0,1.0,1.0,1.0,1.0,1.0,1.0,1.0,1.0,1.0,1.0,1.0,1.0,1.0,1.0,1.0,1.0,0.88050854,1.0,1.0,1.0,0.99999994,1.0,1.0,1.0,1.0,1.0,1.0,1.0,1.0,1.0,0.9999894,1.0,1.0,1.0,1.0,1.0,1.0,1.0,1.0,1.0,1.0,1.0,1.0,1.0,1.0,1.0,1.0,1.0,1.0,1.0,1.0,1.0,1.0,1.0,1.0,1.0,1.0,1.0,1.0,1.0,1.0,1.0,1.0,1.0,1.0,1.0,1.0,1.0,1.0,0.7295559,1.0,1.0,1.0,1.0,1.0,0.99999994,1.0,1.0,1.0,1.0,1.0,1.0,1.0,1.0,1.0,1.0,1.0,1.0,1.0,1.0,1.0,1.0,0.9999994,0.998521,0.9848042,1.0,1.0,1.0,1.0,1.0,1.0,1.0,1.0,1.0,1.0,1.0,1.0,1.0,0.9999981,0.99999934,1.0,1.0,1.0,1.0,0.834056,1.0,1.0,1.0,1.0,1.0,1.0,1.0,1.0,1.0,1.0,1.0,1.0,1.0,1.0,1.0,1.0,1.0,1.0,1.0,1.0,1.0,1.0,1.0,1.0,1.0,1.0,1.0,1.0,1.0,1.0,1.0,1.0,1.0,0.99999994,1.0,1.0,1.0,0.9999996,1.0,1.0,1.0,1.0,1.0,1.0,1.0,1.0,1.0,1.0,1.0,1.0,1.0,1.0,1.0,0.994486,0.99999887,0.99999976,1.0,0.9999998,1.0,1.0,1.0,1.0,1.0,1.0,1.0,1.0,1.0,1.0,1.0,1.0,1.0,1.0,1.0,0.99999255,1.0,1.0,0.89547366,1.0,1.0,1.0,1.0,1.0,1.0,1.0,1.0,1.0,1.0,0.9999936,1.0,1.0,1.0,1.0,1.0,1.0,1.0,1.0,0.97113895,1.0,1.0,1.0
GEMIN5_K562,1.0,1.0,1.0,1.0,1.0,1.0,1.0,1.0,1.0,1.0,1.0,1.0,1.0,1.0,1.0,1.0,1.0,1.0,1.0,1.0,1.0,1.0,1.0,1.0,0.8805128,1.0,1.0,1.0,0.99999994,1.0,1.0,1.0,1.0,1.0,1.0,1.0,1.0,1.0,0.9999894,1.0,1.0,1.0,1.0,1.0,1.0,1.0,1.0,1.0,1.0,1.0,1.0,1.0,1.0,1.0,1.0,1.0,1.0,1.0,1.0,1.0,1.0,1.0,1.0,1.0,1.0,1.0,1.0,1.0,1.0,1.0,1.0,1.0,1.0,1.0,1.0,1.0,1.0,0.7295498,1.0,1.0,1.0,1.0,1.0,0.99999994,1.0,1.0,1.0,1.0,1.0,1.0,1.0,1.0,1.0,1.0,1.0,1.0,1.0,1.0,1.0,1.0,0.9999994,0.99852043,0.98480576,1.0,1.0,1.0,1.0,1.0,1.0,1.0,1.0,1.0,1.0,1.0,1.0,1.0,0.99999803,0.99999934,1.0,1.0,1.0,1.0,0.83406097,1.0,1.0,1.0,1.0,1.0,1.0,1.0,1.0,1.0,1.0,1.0,1.0,1.0,1.0,1.0,1.0,1.0,1.0,1.0,1.0,1.0,1.0,1.0,1.0,1.0,1.0,1.0,1.0,1.0,1.0,1.0,1.0,1.0,0.99999994,1.0,1.0,1.0,0.9999996,1.0,1.0,1.0,1.0,1.0,1.0,1.0,1.0,1.0,1.0,1.0,1.0,1.0,1.0,1.0,0.9944851,0.99999887,0.99999976,1.0,0.9999998,1.0,1.0,1.0,1.0,1.0,1.0,1.0,1.0,1.0,1.0,1.0,1.0,1.0,1.0,1.0,0.99999255,1.0,1.0,0.89546967,1.0,1.0,1.0,1.0,1.0,1.0,1.0,1.0,1.0,1.0,0.9999937,1.0,1.0,1.0,1.0,1.0,1.0,1.0,1.0,0.9711411,1.0,1.0,1.0
GNL3_K562,1.0,1.0,1.0,1.0,1.0,1.0,1.0,1.0,1.0,1.0,1.0,1.0,1.0,1.0,1.0,1.0,1.0,1.0,1.0,1.0,1.0,1.0,1.0,1.0,0.88051426,1.0,1.0,1.0,0.99999994,1.0,1.0,1.0,1.0,1.0,1.0,1.0,1.0,1.0,0.99998933,1.0,1.0,1.0,1.0,1.0,1.0,1.0,1.0,1.0,1.0,1.0,1.0,1.0,1.0,1.0,1.0,1.0,1.0,1.0,1.0,1.0,1.0,1.0,1.0,1.0,1.0,1.0,1.0,1.0,1.0,1.0,1.0,1.0,1.0,1.0,1.0,1.0,1.0,0.7295476,1.0,1.0,1.0,1.0,1.0,0.99999994,1.0,1.0,1.0,1.0,1.0,1.0,1.0,1.0,1.0,1.0,1.0,1.0,1.0,1.0,1.0,1.0,0.9999994,0.9985203,0.9848063,1.0,1.0,1.0,1.0,1.0,1.0,1.0,1.0,1.0,1.0,1.0,1.0,1.0,0.99999803,0.99999934,1.0,1.0,1.0,1.0,0.83406276,1.0,1.0,1.0,1.0,1.0,1.0,1.0,1.0,1.0,1.0,1.0,1.0,1.0,1.0,1.0,1.0,1.0,1.0,1.0,1.0,1.0,1.0,1.0,1.0,1.0,1.0,1.0,1.0,1.0,1.0,1.0,1.0,1.0,0.99999994,1.0,1.0,1.0,0.9999996,1.0,1.0,1.0,1.0,1.0,1.0,1.0,1.0,1.0,1.0,1.0,1.0,1.0,1.0,1.0,0.9944847,0.99999887,0.99999976,1.0,0.9999998,1.0,1.0,1.0,1.0,1.0,1.0,1.0,1.0,1.0,1.0,1.0,1.0,1.0,1.0,1.0,0.99999255,1.0,1.0,0.89546824,1.0,1.0,1.0,1.0,1.0,1.0,1.0,1.0,1.0,1.0,0.9999937,1.0,1.0,1.0,1.0,1.0,1.0,1.0,1.0,0.9711419,1.0,1.0,1.0
GPKOW_K562,1.0,1.0,1.0,1.0,1.0,1.0,1.0,1.0,1.0,1.0,1.0,1.0,1.0,1.0,1.0,1.0,1.0,1.0,1.0,1.0,1.0,1.0,1.0,1.0,0.88050765,1.0,1.0,1.0,0.99999994,1.0,1.0,1.0,1.0,1.0,1.0,1.0,1.0,1.0,0.99998945,1.0,1.0,1.0,1.0,1.0,1.0,1.0,1.0,1.0,1.0,1.0,1.0,1.0,1.0,1.0,1.0,1.0,1.0,1.0,1.0,1.0,1.0,1.0,1.0,1.0,1.0,1.0,1.0,1.0,1.0,1.0,1.0,1.0,1.0,1.0,1.0,1.0,1.0,0.7295572,1.0,1.0,1.0,1.0,1.0,0.99999994,1.0,1.0,1.0,1.0,1.0,1.0,1.0,1.0,1.0,1.0,1.0,1.0,1.0,1.0,1.0,1.0,0.9999994,0.99852103,0.98480386,1.0,1.0,1.0,1.0,1.0,1.0,1.0,1.0,1.0,1.0,1.0,1.0,1.0,0.9999981,0.99999934,1.0,1.0,1.0,1.0,0.834055,1.0,1.0,1.0,1.0,1.0,1.0,1.0,1.0,1.0,1.0,1.0,1.0,1.0,1.0,1.0,1.0,1.0,1.0,1.0,1.0,1.0,1.0,1.0,1.0,1.0,1.0,1.0,1.0,1.0,1.0,1.0,1.0,1.0,0.99999994,1.0,1.0,1.0,0.9999996,1.0,1.0,1.0,1.0,1.0,1.0,1.0,1.0,1.0,1.0,1.0,1.0,1.0,1.0,1.0,0.9944862,0.99999887,0.99999976,1.0,0.9999998,1.0,1.0,1.0,1.0,1.0,1.0,1.0,1.0,1.0,1.0,1.0,1.0,1.0,1.0,1.0,0.9999926,1.0,1.0,0.8954745,1.0,1.0,1.0,1.0,1.0,1.0,1.0,1.0,1.0,1.0,0.9999936,1.0,1.0,1.0,1.0,1.0,1.0,1.0,1.0,0.97113854,1.0,1.0,1.0
GRSF1_HepG2,1.0,1.0,1.0,1.0,1.0,1.0,1.0,1.0,1.0,1.0,1.0,1.0,1.0,1.0,1.0,1.0,1.0,1.0,1.0,1.0,1.0,1.0,1.0,1.0,0.88050854,1.0,1.0,1.0,0.99999994,1.0,1.0,1.0,1.0,1.0,1.0,1.0,1.0,1.0,0.9999894,1.0,1.0,1.0,1.0,1.0,1.0,1.0,1.0,1.0,1.0,1.0,1.0,1.0,1.0,1.0,1.0,1.0,1.0,1.0,1.0,1.0,1.0,1.0,1.0,1.0,1.0,1.0,1.0,1.0,1.0,1.0,1.0,1.0,1.0,1.0,1.0,1.0,1.0,0.72955585,1.0,1.0,1.0,1.0,1.0,0.99999994,1.0,1.0,1.0,1.0,1.0,1.0,1.0,1.0,1.0,1.0,1.0,1.0,1.0,1.0,1.0,1.0,0.9999994,0.998521,0.9848042,1.0,1.0,1.0,1.0,1.0,1.0,1.0,1.0,1.0,1.0,1.0,1.0,1.0,0.9999981,0.99999934,1.0,1.0,1.0,1.0,0.8340561,1.0,1.0,1.0,1.0,1.0,1.0,1.0,1.0,1.0,1.0,1.0,1.0,1.0,1.0,1.0,1.0,1.0,1.0,1.0,1.0,1.0,1.0,1.0,1.0,1.0,1.0,1.0,1.0,1.0,1.0,1.0,1.0,1.0,0.99999994,1.0,1.0,1.0,0.9999996,1.0,1.0,1.0,1.0,1.0,1.0,1.0,1.0,1.0,1.0,1.0,1.0,1.0,1.0,1.0,0.994486,0.99999887,0.99999976,1.0,0.9999998,1.0,1.0,1.0,1.0,1.0,1.0,1.0,1.0,1.0,1.0,1.0,1.0,1.0,1.0,1.0,0.99999255,1.0,1.0,0.8954736,1.0,1.0,1.0,1.0,1.0,1.0,1.0,1.0,1.0,1.0,0.9999936,1.0,1.0,1.0,1.0,1.0,1.0,1.0,1.0,0.971139,1.0,1.0,1.0
GRWD1_HepG2,1.0,1.0,1.0,1.0,1.0,1.0,1.0,1.0,1.0,1.0,1.0,1.0,1.0,1.0,1.0,1.0,1.0,1.0,1.0,1.0,1.0,1.0,1.0,1.0,0.880499,1.0,1.0,1.0,0.99999994,1.0,1.0,1.0,1.0,1.0,1.0,1.0,1.0,1.0,0.9999895,1.0,1.0,1.0,1.0,1.0,1.0,1.0,1.0,1.0,1.0,1.0,1.0,1.0,1.0,1.0,1.0,1.0,1.0,1.0,1.0,1.0,1.0,1.0,1.0,1.0,1.0,1.0,1.0,1.0,1.0,1.0,1.0,1.0,1.0,1.0,1.0,1.0,1.0,0.7295696,1.0,1.0,1.0,1.0,1.0,0.99999994,1.0,1.0,1.0,1.0,1.0,1.0,1.0,1.0,1.0,1.0,1.0,1.0,1.0,1.0,1.0,1.0,0.99999946,0.99852204,0.9848007,1.0,1.0,1.0,1.0,1.0,1.0,1.0,1.0,1.0,1.0,1.0,1.0,1.0,0.9999981,0.9999994,1.0,1.0,1.0,1.0,0.83404493,1.0,1.0,1.0,1.0,1.0,1.0,1.0,1.0,1.0,1.0,1.0,1.0,1.0,1.0,1.0,1.0,1.0,1.0,1.0,1.0,1.0,1.0,1.0,1.0,1.0,1.0,1.0,1.0,1.0,1.0,1.0,1.0,1.0,0.99999994,1.0,1.0,1.0,0.9999996,1.0,1.0,1.0,1.0,1.0,1.0,1.0,1.0,1.0,1.0,1.0,1.0,1.0,1.0,1.0,0.9944881,0.99999887,0.99999976,1.0,0.9999998,1.0,1.0,1.0,1.0,1.0,1.0,1.0,1.0,1.0,1.0,1.0,1.0,1.0,1.0,1.0,0.99999267,1.0,1.0,0.8954826,1.0,1.0,1.0,1.0,1.0,1.0,1.0,1.0,1.0,1.0,0.99999356,1.0,1.0,1.0,1.0,1.0,1.0,1.0,1.0,0.9711342,1.0,1.0,1.0
GRWD1_K562,1.0,1.0,1.0,1.0,1.0,1.0,1.0,1.0,1.0,1.0,1.0,1.0,1.0,1.0,1.0,1.0,1.0,1.0,1.0,1.0,1.0,1.0,1.0,1.0,0.88051385,1.0,1.0,1.0,0.99999994,1.0,1.0,1.0,1.0,1.0,1.0,1.0,1.0,1.0,0.9999894,1.0,1.0,1.0,1.0,1.0,1.0,1.0,1.0,1.0,1.0,1.0,1.0,1.0,1.0,1.0,1.0,1.0,1.0,1.0,1.0,1.0,1.0,1.0,1.0,1.0,1.0,1.0,1.0,1.0,1.0,1.0,1.0,1.0,1.0,1.0,1.0,1.0,1.0,0.7295483,1.0,1.0,1.0,1.0,1.0,0.99999994,1.0,1.0,1.0,1.0,1.0,1.0,1.0,1.0,1.0,1.0,1.0,1.0,1.0,1.0,1.0,1.0,0.9999994,0.9985203,0.9848061,1.0,1.0,1.0,1.0,1.0,1.0,1.0,1.0,1.0,1.0,1.0,1.0,1.0,0.99999803,0.99999934,1.0,1.0,1.0,1.0,0.8340622,1.0,1.0,1.0,1.0,1.0,1.0,1.0,1.0,1.0,1.0,1.0,1.0,1.0,1.0,1.0,1.0,1.0,1.0,1.0,1.0,1.0,1.0,1.0,1.0,1.0,1.0,1.0,1.0,1.0,1.0,1.0,1.0,1.0,0.99999994,1.0,1.0,1.0,0.9999996,1.0,1.0,1.0,1.0,1.0,1.0,1.0,1.0,1.0,1.0,1.0,1.0,1.0,1.0,1.0,0.99448484,0.99999887,0.99999976,1.0,0.9999998,1.0,1.0,1.0,1.0,1.0,1.0,1.0,1.0,1.0,1.0,1.0,1.0,1.0,1.0,1.0,0.99999255,1.0,1.0,0.89546865,1.0,1.0,1.0,1.0,1.0,1.0,1.0,1.0,1.0,1.0,0.9999937,1.0,1.0,1.0,1.0,1.0,1.0,1.0,1.0,0.97114164,1.0,1.0,1.0
GTF2F1_HepG2,1.0,1.0,1.0,1.0,1.0,1.0,1.0,1.0,1.0,1.0,1.0,1.0,1.0,1.0,1.0,1.0,1.0,1.0,1.0,1.0,1.0,1.0,1.0,1.0,0.880545,1.0,1.0,1.0,0.99999994,1.0,1.0,1.0,1.0,1.0,1.0,1.0,1.0,1.0,0.99998903,1.0,1.0,1.0,1.0,1.0,1.0,1.0,1.0,1.0,1.0,1.0,1.0,1.0,1.0,1.0,1.0,1.0,1.0,1.0,1.0,1.0,1.0,1.0,1.0,1.0,1.0,1.0,1.0,1.0,1.0,1.0,1.0,1.0,1.0,1.0,1.0,1.0,1.0,0.7295033,1.0,1.0,1.0,1.0,1.0,0.99999994,1.0,1.0,1.0,1.0,1.0,1.0,1.0,1.0,1.0,1.0,1.0,1.0,1.0,1.0,1.0,1.0,0.99999934,0.99851674,0.98481756,1.0,1.0,1.0,1.0,1.0,1.0,1.0,1.0,1.0,1.0,1.0,1.0,1.0,0.9999979,0.9999993,1.0,1.0,1.0,1.0,0.8340985,1.0,1.0,1.0,1.0,1.0,1.0,1.0,1.0,1.0,1.0,1.0,1.0,1.0,1.0,1.0,1.0,1.0,1.0,1.0,1.0,1.0,1.0,1.0,1.0,1.0,1.0,1.0,1.0,1.0,1.0,1.0,1.0,1.0,0.9999999,1.0,1.0,1.0,0.9999995,1.0,1.0,1.0,1.0,1.0,1.0,1.0,1.0,1.0,1.0,1.0,1.0,1.0,1.0,1.0,0.9944779,0.99999875,0.9999997,1.0,0.99999976,1.0,1.0,1.0,1.0,1.0,1.0,1.0,1.0,1.0,1.0,1.0,1.0,1.0,1.0,1.0,0.99999225,1.0,1.0,0.8954394,1.0,1.0,1.0,1.0,1.0,1.0,1.0,1.0,1.0,1.0,0.9999939,1.0,1.0,1.0,1.0,1.0,1.0,1.0,1.0,0.9711574,1.0,1.0,1.0
GTF2F1_K562,1.0,1.0,1.0,1.0,1.0,1.0,1.0,1.0,1.0,1.0,1.0,1.0,1.0,1.0,1.0,1.0,1.0,1.0,1.0,1.0,1.0,1.0,1.0,1.0,0.88052267,1.0,1.0,1.0,0.99999994,1.0,1.0,1.0,1.0,1.0,1.0,1.0,1.0,1.0,0.9999893,1.0,1.0,1.0,1.0,1.0,1.0,1.0,1.0,1.0,1.0,1.0,1.0,1.0,1.0,1.0,1.0,1.0,1.0,1.0,1.0,1.0,1.0,1.0,1.0,1.0,1.0,1.0,1.0,1.0,1.0,1.0,1.0,1.0,1.0,1.0,1.0,1.0,1.0,0.7295356,1.0,1.0,1.0,1.0,1.0,0.99999994,1.0,1.0,1.0,1.0,1.0,1.0,1.0,1.0,1.0,1.0,1.0,1.0,1.0,1.0,1.0,1.0,0.9999994,0.9985193,0.9848094,1.0,1.0,1.0,1.0,1.0,1.0,1.0,1.0,1.0,1.0,1.0,1.0,1.0,0.99999803,0.99999934,1.0,1.0,1.0,1.0,0.8340725,1.0,1.0,1.0,1.0,1.0,1.0,1.0,1.0,1.0,1.0,1.0,1.0,1.0,1.0,1.0,1.0,1.0,1.0,1.0,1.0,1.0,1.0,1.0,1.0,1.0,1.0,1.0,1.0,1.0,1.0,1.0,1.0,1.0,0.99999994,1.0,1.0,1.0,0.9999995,1.0,1.0,1.0,1.0,1.0,1.0,1.0,1.0,1.0,1.0,1.0,1.0,1.0,1.0,1.0,0.9944829,0.9999988,0.9999997,1.0,0.9999998,1.0,1.0,1.0,1.0,1.0,1.0,1.0,1.0,1.0,1.0,1.0,1.0,1.0,1.0,1.0,0.9999925,1.0,1.0,0.89546037,1.0,1.0,1.0,1.0,1.0,1.0,1.0,1.0,1.0,1.0,0.99999374,1.0,1.0,1.0,1.0,1.0,1.0,1.0,1.0,0.9711461,1.0,1.0,1.0
HLTF_HepG2,1.0,1.0,1.0,1.0,1.0,1.0,1.0,1.0,1.0,1.0,1.0,1.0,1.0,1.0,1.0,1.0,1.0,1.0,1.0,1.0,1.0,1.0,1.0,1.0,0.880522,1.0,1.0,1.0,0.99999994,1.0,1.0,1.0,1.0,1.0,1.0,1.0,1.0,1.0,0.9999893,1.0,1.0,1.0,1.0,1.0,1.0,1.0,1.0,1.0,1.0,1.0,1.0,1.0,1.0,1.0,1.0,1.0,1.0,1.0,1.0,1.0,1.0,1.0,1.0,1.0,1.0,1.0,1.0,1.0,1.0,1.0,1.0,1.0,1.0,1.0,1.0,1.0,1.0,0.7295364,1.0,1.0,1.0,1.0,1.0,0.99999994,1.0,1.0,1.0,1.0,1.0,1.0,1.0,1.0,1.0,1.0,1.0,1.0,1.0,1.0,1.0,1.0,0.9999994,0.9985194,0.98480916,1.0,1.0,1.0,1.0,1.0,1.0,1.0,1.0,1.0,1.0,1.0,1.0,1.0,0.99999803,0.99999934,1.0,1.0,1.0,1.0,0.83407176,1.0,1.0,1.0,1.0,1.0,1.0,1.0,1.0,1.0,1.0,1.0,1.0,1.0,1.0,1.0,1.0,1.0,1.0,1.0,1.0,1.0,1.0,1.0,1.0,1.0,1.0,1.0,1.0,1.0,1.0,1.0,1.0,1.0,0.99999994,1.0,1.0,1.0,0.9999995,1.0,1.0,1.0,1.0,1.0,1.0,1.0,1.0,1.0,1.0,1.0,1.0,1.0,1.0,1.0,0.994483,0.9999988,0.9999997,1.0,0.9999998,1.0,1.0,1.0,1.0,1.0,1.0,1.0,1.0,1.0,1.0,1.0,1.0,1.0,1.0,1.0,0.9999925,1.0,1.0,0.89546096,1.0,1.0,1.0,1.0,1.0,1.0,1.0,1.0,1.0,1.0,0.99999374,1.0,1.0,1.0,1.0,1.0,1.0,1.0,1.0,0.97114575,1.0,1.0,1.0
HLTF_K562,1.0,1.0,1.0,1.0,1.0,1.0,1.0,1.0,1.0,1.0,1.0,1.0,1.0,1.0,1.0,1.0,1.0,1.0,1.0,1.0,1.0,1.0,1.0,1.0,0.88050276,1.0,1.0,1.0,0.99999994,1.0,1.0,1.0,1.0,1.0,1.0,1.0,1.0,1.0,0.99998945,1.0,1.0,1.0,1.0,1.0,1.0,1.0,1.0,1.0,1.0,1.0,1.0,1.0,1.0,1.0,1.0,1.0,1.0,1.0,1.0,1.0,1.0,1.0,1.0,1.0,1.0,1.0,1.0,1.0,1.0,1.0,1.0,1.0,1.0,1.0,1.0,1.0,1.0,0.7295642,1.0,1.0,1.0,1.0,1.0,0.99999994,1.0,1.0,1.0,1.0,1.0,1.0,1.0,1.0,1.0,1.0,1.0,1.0,1.0,1.0,1.0,1.0,0.9999994,0.9985216,0.98480207,1.0,1.0,1.0,1.0,1.0,1.0,1.0,1.0,1.0,1.0,1.0,1.0,1.0,0.9999981,0.9999994,1.0,1.0,1.0,1.0,0.83404934,1.0,1.0,1.0,1.0,1.0,1.0,1.0,1.0,1.0,1.0,1.0,1.0,1.0,1.0,1.0,1.0,1.0,1.0,1.0,1.0,1.0,1.0,1.0,1.0,1.0,1.0,1.0,1.0,1.0,1.0,1.0,1.0,1.0,0.99999994,1.0,1.0,1.0,0.9999996,1.0,1.0,1.0,1.0,1.0,1.0,1.0,1.0,1.0,1.0,1.0,1.0,1.0,1.0,1.0,0.9944873,0.99999887,0.99999976,1.0,0.9999998,1.0,1.0,1.0,1.0,1.0,1.0,1.0,1.0,1.0,1.0,1.0,1.0,1.0,1.0,1.0,0.9999926,1.0,1.0,0.895479,1.0,1.0,1.0,1.0,1.0,1.0,1.0,1.0,1.0,1.0,0.9999936,1.0,1.0,1.0,1.0,1.0,1.0,1.0,1.0,0.9711361,1.0,1.0,1.0
HNRNPA1_HepG2,1.0,1.0,1.0,1.0,1.0,1.0,1.0,1.0,1.0,1.0,1.0,1.0,1.0,1.0,1.0,1.0,1.0,1.0,1.0,1.0,1.0,1.0,1.0,1.0,0.88050747,1.0,1.0,1.0,0.99999994,1.0,1.0,1.0,1.0,1.0,1.0,1.0,1.0,1.0,0.99998945,1.0,1.0,1.0,1.0,1.0,1.0,1.0,1.0,1.0,1.0,1.0,1.0,1.0,1.0,1.0,1.0,1.0,1.0,1.0,1.0,1.0,1.0,1.0,1.0,1.0,1.0,1.0,1.0,1.0,1.0,1.0,1.0,1.0,1.0,1.0,1.0,1.0,1.0,0.72955745,1.0,1.0,1.0,1.0,1.0,0.99999994,1.0,1.0,1.0,1.0,1.0,1.0,1.0,1.0,1.0,1.0,1.0,1.0,1.0,1.0,1.0,1.0,0.9999994,0.9985211,0.9848038,1.0,1.0,1.0,1.0,1.0,1.0,1.0,1.0,1.0,1.0,1.0,1.0,1.0,0.9999981,0.99999934,1.0,1.0,1.0,1.0,0.83405477,1.0,1.0,1.0,1.0,1.0,1.0,1.0,1.0,1.0,1.0,1.0,1.0,1.0,1.0,1.0,1.0,1.0,1.0,1.0,1.0,1.0,1.0,1.0,1.0,1.0,1.0,1.0,1.0,1.0,1.0,1.0,1.0,1.0,0.99999994,1.0,1.0,1.0,0.9999996,1.0,1.0,1.0,1.0,1.0,1.0,1.0,1.0,1.0,1.0,1.0,1.0,1.0,1.0,1.0,0.9944862,0.99999887,0.99999976,1.0,0.9999998,1.0,1.0,1.0,1.0,1.0,1.0,1.0,1.0,1.0,1.0,1.0,1.0,1.0,1.0,1.0,0.9999926,1.0,1.0,0.8954747,1.0,1.0,1.0,1.0,1.0,1.0,1.0,1.0,1.0,1.0,0.9999936,1.0,1.0,1.0,1.0,1.0,1.0,1.0,1.0,0.9711384,1.0,1.0,1.0
HNRNPA1_K562,1.0,1.0,1.0,1.0,1.0,1.0,1.0,1.0,1.0,1.0,1.0,1.0,1.0,1.0,1.0,1.0,1.0,1.0,1.0,1.0,1.0,1.0,1.0,1.0,0.8805352,1.0,1.0,1.0,0.99999994,1.0,1.0,1.0,1.0,1.0,1.0,1.0,1.0,1.0,0.99998915,1.0,1.0,1.0,1.0,1.0,1.0,1.0,1.0,1.0,1.0,1.0,1.0,1.0,1.0,1.0,1.0,1.0,1.0,1.0,1.0,1.0,1.0,1.0,1.0,1.0,1.0,1.0,1.0,1.0,1.0,1.0,1.0,1.0,1.0,1.0,1.0,1.0,1.0,0.72951746,1.0,1.0,1.0,1.0,1.0,0.99999994,1.0,1.0,1.0,1.0,1.0,1.0,1.0,1.0,1.0,1.0,1.0,1.0,1.0,1.0,1.0,1.0,0.99999934,0.9985179,0.984814,1.0,1.0,1.0,1.0,1.0,1.0,1.0,1.0,1.0,1.0,1.0,1.0,1.0,0.999998,0.9999993,1.0,1.0,1.0,1.0,0.8340871,1.0,1.0,1.0,1.0,1.0,1.0,1.0,1.0,1.0,1.0,1.0,1.0,1.0,1.0,1.0,1.0,1.0,1.0,1.0,1.0,1.0,1.0,1.0,1.0,1.0,1.0,1.0,1.0,1.0,1.0,1.0,1.0,1.0,0.9999999,1.0,1.0,1.0,0.9999995,1.0,1.0,1.0,1.0,1.0,1.0,1.0,1.0,1.0,1.0,1.0,1.0,1.0,1.0,1.0,0.9944801,0.99999875,0.9999997,1.0,0.99999976,1.0,1.0,1.0,1.0,1.0,1.0,1.0,1.0,1.0,1.0,1.0,1.0,1.0,1.0,1.0,0.9999924,1.0,1.0,0.8954486,1.0,1.0,1.0,1.0,1.0,1.0,1.0,1.0,1.0,1.0,0.99999386,1.0,1.0,1.0,1.0,1.0,1.0,1.0,1.0,0.9711524,1.0,1.0,1.0
HNRNPC_HepG2,0.72954965,0.72955954,0.7295489,0.7295581,0.72955525,0.72956955,0.7295483,0.7295542,0.7295286,0.7295589,0.7295659,0.7295738,0.7295558,0.72956264,0.7295544,0.7295207,0.7295571,0.7295713,0.7295676,0.7295341,0.72956586,0.7295346,0.7295632,0.72956085,0.3181808,0.7295716,0.7295581,0.72957987,0.7297375,0.729544,0.72956556,0.72954303,0.72955287,0.7295672,0.7295738,0.72960854,0.7295641,0.72955793,0.7326949,0.7295546,0.72956663,0.7295659,0.729554,0.7295465,0.7295752,0.72954994,0.72955024,0.72954416,0.729612,0.72953254,0.7295519,0.72954386,0.7295642,0.7295697,0.72952014,0.72959167,0.72957826,0.7295137,0.72953594,0.7295445,0.7295597,0.7295634,0.72956026,0.7295362,0.7295559,0.7295498,0.7295476,0.7295572,0.72955585,0.7295696,0.7295483,0.7295033,0.7295356,0.7295364,0.7295642,0.72955745,0.72951746,1.0,0.729538,0.729542,0.72959656,0.72954935,0.72953916,0.72930735,0.72956544,0.72958773,0.72951406,0.7295725,0.7295729,0.72956175,0.72957695,0.72956145,0.7295513,0.72951514,0.7295827,0.7295376,0.7295511,0.72953945,0.7295666,0.7295693,0.73029315,0.7656605,0.5996942,0.72956425,0.729572,0.7295437,0.72953224,0.7295785,0.7295609,0.72956556,0.7295494,0.7294836,0.7296459,0.72956777,0.72956216,0.7295475,0.73089796,0.7303277,0.7295422,0.729534,0.7295324,0.7295238,0.23118502,0.72955364,0.72957635,0.7295283,0.7295753,0.7295523,0.7295611,0.72956705,0.7295663,0.72954583,0.7295303,0.7295783,0.7295806,0.72955865,0.7295705,0.7295762,0.7295444,0.7295478,0.7294323,0.7295407,0.7295596,0.72950876,0.7296416,0.7295301,0.72954655,0.7295508,0.7295535,0.7295443,0.7295682,0.7295698,0.7295644,0.729586,0.7295466,0.72953373,0.72981054,0.72949815,0.7295763,0.7295378,0.73018867,0.7295747,0.72952265,0.7295331,0.7295606,0.7295645,0.7295662,0.7295567,0.7295714,0.7295584,0.72956043,0.7295542,0.7295771,0.7295235,0.72955257,0.7295549,0.79725564,0.73058915,0.7300473,0.7295534,0.72996944,0.72954804,0.7295762,0.72958,0.7295667,0.72958356,0.7295011,0.72957236,0.72953314,0.72952217,0.72953683,0.72957855,0.72957224,0.72956187,0.72954464,0.72954893,0.7321855,0.72956276,0.7295507,0.95772135,0.7295324,0.72956574,0.7295674,0.7295685,0.7295721,0.7295657,0.7295645,0.7295977,0.729415,0.729543,0.72711146,0.72943264,0.7295466,0.7295665,0.72955674,0.72955394,0.7295477,0.7295706,0.7295189,0.54537517,0.7295595,0.72956973,0.7295216
HNRNPC_K562,1.0,1.0,1.0,1.0,1.0,1.0,1.0,1.0,1.0,1.0,1.0,1.0,1.0,1.0,1.0,1.0,1.0,1.0,1.0,1.0,1.0,1.0,1.0,1.0,0.88052094,1.0,1.0,1.0,0.99999994,1.0,1.0,1.0,1.0,1.0,1.0,1.0,1.0,1.0,0.9999893,1.0,1.0,1.0,1.0,1.0,1.0,1.0,1.0,1.0,1.0,1.0,1.0,1.0,1.0,1.0,1.0,1.0,1.0,1.0,1.0,1.0,1.0,1.0,1.0,1.0,1.0,1.0,1.0,1.0,1.0,1.0,1.0,1.0,1.0,1.0,1.0,1.0,1.0,0.729538,1.0,1.0,1.0,1.0,1.0,0.99999994,1.0,1.0,1.0,1.0,1.0,1.0,1.0,1.0,1.0,1.0,1.0,1.0,1.0,1.0,1.0,1.0,0.9999994,0.99851954,0.98480874,1.0,1.0,1.0,1.0,1.0,1.0,1.0,1.0,1.0,1.0,1.0,1.0,1.0,0.99999803,0.99999934,1.0,1.0,1.0,1.0,0.83407044,1.0,1.0,1.0,1.0,1.0,1.0,1.0,1.0,1.0,1.0,1.0,1.0,1.0,1.0,1.0,1.0,1.0,1.0,1.0,1.0,1.0,1.0,1.0,1.0,1.0,1.0,1.0,1.0,1.0,1.0,1.0,1.0,1.0,0.99999994,1.0,1.0,1.0,0.9999995,1.0,1.0,1.0,1.0,1.0,1.0,1.0,1.0,1.0,1.0,1.0,1.0,1.0,1.0,1.0,0.99448323,0.9999988,0.9999997,1.0,0.9999998,1.0,1.0,1.0,1.0,1.0,1.0,1.0,1.0,1.0,1.0,1.0,1.0,1.0,1.0,1.0,0.9999925,1.0,1.0,0.89546204,1.0,1.0,1.0,1.0,1.0,1.0,1.0,1.0,1.0,1.0,0.99999374,1.0,1.0,1.0,1.0,1.0,1.0,1.0,1.0,0.9711452,1.0,1.0,1.0
HNRNPK_HepG2,1.0,1.0,1.0,1.0,1.0,1.0,1.0,1.0,1.0,1.0,1.0,1.0,1.0,1.0,1.0,1.0,1.0,1.0,1.0,1.0,1.0,1.0,1.0,1.0,0.8805182,1.0,1.0,1.0,0.99999994,1.0,1.0,1.0,1.0,1.0,1.0,1.0,1.0,1.0,0.99998933,1.0,1.0,1.0,1.0,1.0,1.0,1.0,1.0,1.0,1.0,1.0,1.0,1.0,1.0,1.0,1.0,1.0,1.0,1.0,1.0,1.0,1.0,1.0,1.0,1.0,1.0,1.0,1.0,1.0,1.0,1.0,1.0,1.0,1.0,1.0,1.0,1.0,1.0,0.729542,1.0,1.0,1.0,1.0,1.0,0.99999994,1.0,1.0,1.0,1.0,1.0,1.0,1.0,1.0,1.0,1.0,1.0,1.0,1.0,1.0,1.0,1.0,0.9999994,0.99851984,0.9848077,1.0,1.0,1.0,1.0,1.0,1.0,1.0,1.0,1.0,1.0,1.0,1.0,1.0,0.99999803,0.99999934,1.0,1.0,1.0,1.0,0.8340672,1.0,1.0,1.0,1.0,1.0,1.0,1.0,1.0,1.0,1.0,1.0,1.0,1.0,1.0,1.0,1.0,1.0,1.0,1.0,1.0,1.0,1.0,1.0,1.0,1.0,1.0,1.0,1.0,1.0,1.0,1.0,1.0,1.0,0.99999994,1.0,1.0,1.0,0.9999995,1.0,1.0,1.0,1.0,1.0,1.0,1.0,1.0,1.0,1.0,1.0,1.0,1.0,1.0,1.0,0.9944838,0.9999988,0.9999997,1.0,0.9999998,1.0,1.0,1.0,1.0,1.0,1.0,1.0,1.0,1.0,1.0,1.0,1.0,1.0,1.0,1.0,0.9999925,1.0,1.0,0.8954646,1.0,1.0,1.0,1.0,1.0,1.0,1.0,1.0,1.0,1.0,0.9999937,1.0,1.0,1.0,1.0,1.0,1.0,1.0,1.0,0.97114384,1.0,1.0,1.0
HNRNPK_K562,1.0,1.0,1.0,1.0,1.0,1.0,1.0,1.0,1.0,1.0,1.0,1.0,1.0,1.0,1.0,1.0,1.0,1.0,1.0,1.0,1.0,1.0,1.0,1.0,0.88048035,1.0,1.0,1.0,1.0,1.0,1.0,1.0,1.0,1.0,1.0,1.0,1.0,1.0,0.9999897,1.0,1.0,1.0,1.0,1.0,1.0,1.0,1.0,1.0,1.0,1.0,1.0,1.0,1.0,1.0,1.0,1.0,1.0,1.0,1.0,1.0,1.0,1.0,1.0,1.0,1.0,1.0,1.0,1.0,1.0,1.0,1.0,1.0,1.0,1.0,1.0,1.0,1.0,0.72959656,1.0,1.0,1.0,1.0,1.0,0.99999994,1.0,1.0,1.0,1.0,1.0,1.0,1.0,1.0,1.0,1.0,1.0,1.0,1.0,1.0,1.0,1.0,0.99999946,0.9985242,0.98479384,1.0,1.0,1.0,1.0,1.0,1.0,1.0,1.0,1.0,1.0,1.0,1.0,1.0,0.9999982,0.9999994,1.0,1.0,1.0,1.0,0.83402324,1.0,1.0,1.0,1.0,1.0,1.0,1.0,1.0,1.0,1.0,1.0,1.0,1.0,1.0,1.0,1.0,1.0,1.0,1.0,1.0,1.0,1.0,1.0,1.0,1.0,1.0,1.0,1.0,1.0,1.0,1.0,1.0,1.0,0.99999994,1.0,1.0,1.0,0.99999964,1.0,1.0,1.0,1.0,1.0,1.0,1.0,1.0,1.0,1.0,1.0,1.0,1.0,1.0,1.0,0.99449223,0.9999989,0.99999976,1.0,0.9999999,1.0,1.0,1.0,1.0,1.0,1.0,1.0,1.0,1.0,1.0,1.0,1.0,1.0,1.0,1.0,0.9999928,1.0,1.0,0.8955001,1.0,1.0,1.0,1.0,1.0,1.0,1.0,1.0,0.99999994,1.0,0.99999344,1.0,1.0,1.0,1.0,1.0,1.0,1.0,1.0,0.97112477,1.0,1.0,1.0
HNRNPL_HepG2,1.0,1.0,1.0,1.0,1.0,1.0,1.0,1.0,1.0,1.0,1.0,1.0,1.0,1.0,1.0,1.0,1.0,1.0,1.0,1.0,1.0,1.0,1.0,1.0,0.8805131,1.0,1.0,1.0,0.99999994,1.0,1.0,1.0,1.0,1.0,1.0,1.0,1.0,1.0,0.9999894,1.0,1.0,1.0,1.0,1.0,1.0,1.0,1.0,1.0,1.0,1.0,1.0,1.0,1.0,1.0,1.0,1.0,1.0,1.0,1.0,1.0,1.0,1.0,1.0,1.0,1.0,1.0,1.0,1.0,1.0,1.0,1.0,1.0,1.0,1.0,1.0,1.0,1.0,0.72954935,1.0,1.0,1.0,1.0,1.0,0.99999994,1.0,1.0,1.0,1.0,1.0,1.0,1.0,1.0,1.0,1.0,1.0,1.0,1.0,1.0,1.0,1.0,0.9999994,0.99852043,0.9848059,1.0,1.0,1.0,1.0,1.0,1.0,1.0,1.0,1.0,1.0,1.0,1.0,1.0,0.99999803,0.99999934,1.0,1.0,1.0,1.0,0.8340613,1.0,1.0,1.0,1.0,1.0,1.0,1.0,1.0,1.0,1.0,1.0,1.0,1.0,1.0,1.0,1.0,1.0,1.0,1.0,1.0,1.0,1.0,1.0,1.0,1.0,1.0,1.0,1.0,1.0,1.0,1.0,1.0,1.0,0.99999994,1.0,1.0,1.0,0.9999996,1.0,1.0,1.0,1.0,1.0,1.0,1.0,1.0,1.0,1.0,1.0,1.0,1.0,1.0,1.0,0.99448496,0.99999887,0.99999976,1.0,0.9999998,1.0,1.0,1.0,1.0,1.0,1.0,1.0,1.0,1.0,1.0,1.0,1.0,1.0,1.0,1.0,0.99999255,1.0,1.0,0.89546937,1.0,1.0,1.0,1.0,1.0,1.0,1.0,1.0,1.0,1.0,0.9999937,1.0,1.0,1.0,1.0,1.0,1.0,1.0,1.0,0.9711413,1.0,1.0,1.0
HNRNPL_K562,1.0,1.0,1.0,1.0,1.0,1.0,1.0,1.0,1.0,1.0,1.0,1.0,1.0,1.0,1.0,1.0,1.0,1.0,1.0,1.0,1.0,1.0,1.0,1.0,0.88052016,1.0,1.0,1.0,0.99999994,1.0,1.0,1.0,1.0,1.0,1.0,1.0,1.0,1.0,0.99998933,1.0,1.0,1.0,1.0,1.0,1.0,1.0,1.0,1.0,1.0,1.0,1.0,1.0,1.0,1.0,1.0,1.0,1.0,1.0,1.0,1.0,1.0,1.0,1.0,1.0,1.0,1.0,1.0,1.0,1.0,1.0,1.0,1.0,1.0,1.0,1.0,1.0,1.0,0.72953916,1.0,1.0,1.0,1.0,1.0,0.99999994,1.0,1.0,1.0,1.0,1.0,1.0,1.0,1.0,1.0,1.0,1.0,1.0,1.0,1.0,1.0,1.0,0.9999994,0.9985196,0.98480844,1.0,1.0,1.0,1.0,1.0,1.0,1.0,1.0,1.0,1.0,1.0,1.0,1.0,0.99999803,0.99999934,1.0,1.0,1.0,1.0,0.83406955,1.0,1.0,1.0,1.0,1.0,1.0,1.0,1.0,1.0,1.0,1.0,1.0,1.0,1.0,1.0,1.0,1.0,1.0,1.0,1.0,1.0,1.0,1.0,1.0,1.0,1.0,1.0,1.0,1.0,1.0,1.0,1.0,1.0,0.99999994,1.0,1.0,1.0,0.9999995,1.0,1.0,1.0,1.0,1.0,1.0,1.0,1.0,1.0,1.0,1.0,1.0,1.0,1.0,1.0,0.9944834,0.9999988,0.9999997,1.0,0.9999998,1.0,1.0,1.0,1.0,1.0,1.0,1.0,1.0,1.0,1.0,1.0,1.0,1.0,1.0,1.0,0.9999925,1.0,1.0,0.89546275,1.0,1.0,1.0,1.0,1.0,1.0,1.0,1.0,1.0,1.0,0.99999374,1.0,1.0,1.0,1.0,1.0,1.0,1.0,1.0,0.97114486,1.0,1.0,1.0
HNRNPM_HepG2,0.99999994,0.99999994,0.99999994,0.99999994,0.99999994,0.99999994,0.99999994,0.99999994,0.99999994,0.99999994,0.99999994,0.99999994,0.99999994,0.99999994,0.99999994,0.99999994,0.99999994,0.99999994,0.99999994,0.99999994,0.99999994,0.99999994,0.99999994,0.99999994,0.88068074,0.99999994,0.99999994,0.99999994,0.9999998,0.99999994,0.99999994,0.99999994,0.99999994,0.99999994,0.99999994,0.9999999,0.99999994,0.99999994,0.99998766,0.99999994,0.99999994,0.99999994,0.99999994,0.99999994,0.99999994,0.99999994,0.99999994,0.99999994,0.9999999,0.99999994,0.99999994,0.99999994,0.99999994,0.99999994,0.99999994,0.99999994,0.99999994,0.99999994,0.99999994,0.99999994,0.99999994,0.99999994,0.99999994,0.99999994,0.99999994,0.99999994,0.99999994,0.99999994,0.99999994,0.99999994,0.99999994,0.99999994,0.99999994,0.99999994,0.99999994,0.99999994,0.99999994,0.72930735,0.99999994,0.99999994,0.99999994,0.99999994,0.99999994,1.0,0.99999994,0.99999994,0.99999994,0.99999994,0.99999994,0.99999994,0.99999994,0.99999994,0.99999994,0.99999994,0.99999994,0.99999994,0.99999994,0.99999994,0.99999994,0.99999994,0.999999,0.9985011,0.9848672,0.99999994,0.99999994,0.99999994,0.99999994,0.99999994,0.99999994,0.99999994,0.99999994,0.99999994,0.9999999,0.99999994,0.99999994,0.99999994,0.9999973,0.99999887,0.99999994,0.99999994,0.99999994,0.99999994,0.8342565,0.99999994,0.99999994,0.99999994,0.99999994,0.99999994,0.99999994,0.99999994,0.99999994,0.99999994,0.99999994,0.99999994,0.99999994,0.99999994,0.99999994,0.99999994,0.99999994,0.99999994,1.0,0.99999994,0.99999994,0.99999994,0.9999999,0.99999994,0.99999994,0.99999994,0.99999994,0.99999994,0.99999994,0.99999994,0.99999994,0.99999994,0.99999994,0.99999994,0.9999997,0.99999994,0.99999994,0.99999994,0.99999917,0.99999994,0.99999994,0.99999994,0.99999994,0.99999994,0.99999994,0.99999994,0.99999994,0.99999994,0.99999994,0.99999994,0.99999994,0.99999994,0.99999994,0.99999994,0.9944478,0.9999982,0.9999994,0.99999994,0.9999995,0.99999994,0.99999994,0.99999994,0.99999994,0.99999994,0.99999994,0.99999994,0.99999994,0.99999994,0.99999994,0.99999994,0.99999994,0.99999994,0.99999994,0.99999994,0.9999911,0.99999994,0.99999994,0.89531183,0.99999994,0.99999994,0.99999994,0.99999994,0.99999994,0.99999994,0.99999994,0.9999999,1.0,0.99999994,0.9999949,1.0,0.99999994,0.99999994,0.99999994,0.99999994,0.99999994,0.99999994,0.99999994,0.97122556,0.99999994,0.99999994,0.99999994
HNRNPM_K562,1.0,1.0,1.0,1.0,1.0,1.0,1.0,1.0,1.0,1.0,1.0,1.0,1.0,1.0,1.0,1.0,1.0,1.0,1.0,1.0,1.0,1.0,1.0,1.0,0.8805019,1.0,1.0,1.0,0.99999994,1.0,1.0,1.0,1.0,1.0,1.0,1.0,1.0,1.0,0.99998945,1.0,1.0,1.0,1.0,1.0,1.0,1.0,1.0,1.0,1.0,1.0,1.0,1.0,1.0,1.0,1.0,1.0,1.0,1.0,1.0,1.0,1.0,1.0,1.0,1.0,1.0,1.0,1.0,1.0,1.0,1.0,1.0,1.0,1.0,1.0,1.0,1.0,1.0,0.72956544,1.0,1.0,1.0,1.0,1.0,0.99999994,1.0,1.0,1.0,1.0,1.0,1.0,1.0,1.0,1.0,1.0,1.0,1.0,1.0,1.0,1.0,1.0,0.9999994,0.9985217,0.98480177,1.0,1.0,1.0,1.0,1.0,1.0,1.0,1.0,1.0,1.0,1.0,1.0,1.0,0.9999981,0.9999994,1.0,1.0,1.0,1.0,0.8340484,1.0,1.0,1.0,1.0,1.0,1.0,1.0,1.0,1.0,1.0,1.0,1.0,1.0,1.0,1.0,1.0,1.0,1.0,1.0,1.0,1.0,1.0,1.0,1.0,1.0,1.0,1.0,1.0,1.0,1.0,1.0,1.0,1.0,0.99999994,1.0,1.0,1.0,0.9999996,1.0,1.0,1.0,1.0,1.0,1.0,1.0,1.0,1.0,1.0,1.0,1.0,1.0,1.0,1.0,0.99448746,0.99999887,0.99999976,1.0,0.9999998,1.0,1.0,1.0,1.0,1.0,1.0,1.0,1.0,1.0,1.0,1.0,1.0,1.0,1.0,1.0,0.9999926,1.0,1.0,0.89547986,1.0,1.0,1.0,1.0,1.0,1.0,1.0,1.0,1.0,1.0,0.99999356,1.0,1.0,1.0,1.0,1.0,1.0,1.0,1.0,0.9711357,1.0,1.0,1.0
HNRNPU_HepG2,1.0,1.0,1.0,1.0,1.0,1.0,1.0,1.0,1.0,1.0,1.0,1.0,1.0,1.0,1.0,1.0,1.0,1.0,1.0,1.0,1.0,1.0,1.0,1.0,0.8804864,1.0,1.0,1.0,1.0,1.0,1.0,1.0,1.0,1.0,1.0,1.0,1.0,1.0,0.9999896,1.0,1.0,1.0,1.0,1.0,1.0,1.0,1.0,1.0,1.0,1.0,1.0,1.0,1.0,1.0,1.0,1.0,1.0,1.0,1.0,1.0,1.0,1.0,1.0,1.0,1.0,1.0,1.0,1.0,1.0,1.0,1.0,1.0,1.0,1.0,1.0,1.0,1.0,0.72958773,1.0,1.0,1.0,1.0,1.0,0.99999994,1.0,1.0,1.0,1.0,1.0,1.0,1.0,1.0,1.0,1.0,1.0,1.0,1.0,1.0,1.0,1.0,0.99999946,0.9985235,0.9847961,1.0,1.0,1.0,1.0,1.0,1.0,1.0,1.0,1.0,1.0,1.0,1.0,1.0,0.99999815,0.9999994,1.0,1.0,1.0,1.0,0.83403033,1.0,1.0,1.0,1.0,1.0,1.0,1.0,1.0,1.0,1.0,1.0,1.0,1.0,1.0,1.0,1.0,1.0,1.0,1.0,1.0,1.0,1.0,1.0,1.0,1.0,1.0,1.0,1.0,1.0,1.0,1.0,1.0,1.0,0.99999994,1.0,1.0,1.0,0.99999964,1.0,1.0,1.0,1.0,1.0,1.0,1.0,1.0,1.0,1.0,1.0,1.0,1.0,1.0,1.0,0.99449086,0.9999989,0.99999976,1.0,0.9999998,1.0,1.0,1.0,1.0,1.0,1.0,1.0,1.0,1.0,1.0,1.0,1.0,1.0,1.0,1.0,0.9999927,1.0,1.0,0.8954944,1.0,1.0,1.0,1.0,1.0,1.0,1.0,1.0,0.99999994,1.0,0.99999344,1.0,1.0,1.0,1.0,1.0,1.0,1.0,1.0,0.97112787,1.0,1.0,1.0
HNRNPU_K562,1.0,1.0,1.0,1.0,1.0,1.0,1.0,1.0,1.0,1.0,1.0,1.0,1.0,1.0,1.0,1.0,1.0,1.0,1.0,1.0,1.0,1.0,1.0,1.0,0.8805375,1.0,1.0,1.0,0.99999994,1.0,1.0,1.0,1.0,1.0,1.0,1.0,1.0,1.0,0.99998915,1.0,1.0,1.0,1.0,1.0,1.0,1.0,1.0,1.0,1.0,1.0,1.0,1.0,1.0,1.0,1.0,1.0,1.0,1.0,1.0,1.0,1.0,1.0,1.0,1.0,1.0,1.0,1.0,1.0,1.0,1.0,1.0,1.0,1.0,1.0,1.0,1.0,1.0,0.72951406,1.0,1.0,1.0,1.0,1.0,0.99999994,1.0,1.0,1.0,1.0,1.0,1.0,1.0,1.0,1.0,1.0,1.0,1.0,1.0,1.0,1.0,1.0,0.99999934,0.99851763,0.9848148,1.0,1.0,1.0,1.0,1.0,1.0,1.0,1.0,1.0,1.0,1.0,1.0,1.0,0.999998,0.9999993,1.0,1.0,1.0,1.0,0.83408976,1.0,1.0,1.0,1.0,1.0,1.0,1.0,1.0,1.0,1.0,1.0,1.0,1.0,1.0,1.0,1.0,1.0,1.0,1.0,1.0,1.0,1.0,1.0,1.0,1.0,1.0,1.0,1.0,1.0,1.0,1.0,1.0,1.0,0.9999999,1.0,1.0,1.0,0.9999995,1.0,1.0,1.0,1.0,1.0,1.0,1.0,1.0,1.0,1.0,1.0,1.0,1.0,1.0,1.0,0.9944796,0.99999875,0.9999997,1.0,0.99999976,1.0,1.0,1.0,1.0,1.0,1.0,1.0,1.0,1.0,1.0,1.0,1.0,1.0,1.0,1.0,0.9999923,1.0,1.0,0.8954464,1.0,1.0,1.0,1.0,1.0,1.0,1.0,1.0,1.0,1.0,0.99999386,1.0,1.0,1.0,1.0,1.0,1.0,1.0,1.0,0.97115356,1.0,1.0,1.0
HNRNPUL1_HepG2,1.0,1.0,1.0,1.0,1.0,1.0,1.0,1.0,1.0,1.0,1.0,1.0,1.0,1.0,1.0,1.0,1.0,1.0,1.0,1.0,1.0,1.0,1.0,1.0,0.88049704,1.0,1.0,1.0,1.0,1.0,1.0,1.0,1.0,1.0,1.0,1.0,1.0,1.0,0.9999895,1.0,1.0,1.0,1.0,1.0,1.0,1.0,1.0,1.0,1.0,1.0,1.0,1.0,1.0,1.0,1.0,1.0,1.0,1.0,1.0,1.0,1.0,1.0,1.0,1.0,1.0,1.0,1.0,1.0,1.0,1.0,1.0,1.0,1.0,1.0,1.0,1.0,1.0,0.7295725,1.0,1.0,1.0,1.0,1.0,0.99999994,1.0,1.0,1.0,1.0,1.0,1.0,1.0,1.0,1.0,1.0,1.0,1.0,1.0,1.0,1.0,1.0,0.99999946,0.9985223,0.9848,1.0,1.0,1.0,1.0,1.0,1.0,1.0,1.0,1.0,1.0,1.0,1.0,1.0,0.9999981,0.9999994,1.0,1.0,1.0,1.0,0.83404267,1.0,1.0,1.0,1.0,1.0,1.0,1.0,1.0,1.0,1.0,1.0,1.0,1.0,1.0,1.0,1.0,1.0,1.0,1.0,1.0,1.0,1.0,1.0,1.0,1.0,1.0,1.0,1.0,1.0,1.0,1.0,1.0,1.0,0.99999994,1.0,1.0,1.0,0.9999996,1.0,1.0,1.0,1.0,1.0,1.0,1.0,1.0,1.0,1.0,1.0,1.0,1.0,1.0,1.0,0.99448854,0.99999887,0.99999976,1.0,0.9999998,1.0,1.0,1.0,1.0,1.0,1.0,1.0,1.0,1.0,1.0,1.0,1.0,1.0,1.0,1.0,0.99999267,1.0,1.0,0.8954844,1.0,1.0,1.0,1.0,1.0,1.0,1.0,1.0,1.0,1.0,0.99999356,1.0,1.0,1.0,1.0,1.0,1.0,1.0,1.0,0.97113323,1.0,1.0,1.0
HNRNPUL1_K562,1.0,1.0,1.0,1.0,1.0,1.0,1.0,1.0,1.0,1.0,1.0,1.0,1.0,1.0,1.0,1.0,1.0,1.0,1.0,1.0,1.0,1.0,1.0,1.0,0.88049674,1.0,1.0,1.0,1.0,1.0,1.0,1.0,1.0,1.0,1.0,1.0,1.0,1.0,0.9999895,1.0,1.0,1.0,1.0,1.0,1.0,1.0,1.0,1.0,1.0,1.0,1.0,1.0,1.0,1.0,1.0,1.0,1.0,1.0,1.0,1.0,1.0,1.0,1.0,1.0,1.0,1.0,1.0,1.0,1.0,1.0,1.0,1.0,1.0,1.0,1.0,1.0,1.0,0.7295729,1.0,1.0,1.0,1.0,1.0,0.99999994,1.0,1.0,1.0,1.0,1.0,1.0,1.0,1.0,1.0,1.0,1.0,1.0,1.0,1.0,1.0,1.0,0.99999946,0.9985223,0.98479986,1.0,1.0,1.0,1.0,1.0,1.0,1.0,1.0,1.0,1.0,1.0,1.0,1.0,0.9999981,0.9999994,1.0,1.0,1.0,1.0,0.8340424,1.0,1.0,1.0,1.0,1.0,1.0,1.0,1.0,1.0,1.0,1.0,1.0,1.0,1.0,1.0,1.0,1.0,1.0,1.0,1.0,1.0,1.0,1.0,1.0,1.0,1.0,1.0,1.0,1.0,1.0,1.0,1.0,1.0,0.99999994,1.0,1.0,1.0,0.9999996,1.0,1.0,1.0,1.0,1.0,1.0,1.0,1.0,1.0,1.0,1.0,1.0,1.0,1.0,1.0,0.9944886,0.99999887,0.99999976,1.0,0.9999998,1.0,1.0,1.0,1.0,1.0,1.0,1.0,1.0,1.0,1.0,1.0,1.0,1.0,1.0,1.0,0.99999267,1.0,1.0,0.8954847,1.0,1.0,1.0,1.0,1.0,1.0,1.0,1.0,1.0,1.0,0.99999356,1.0,1.0,1.0,1.0,1.0,1.0,1.0,1.0,0.97113305,1.0,1.0,1.0
IGF2BP1_HepG2,1.0,1.0,1.0,1.0,1.0,1.0,1.0,1.0,1.0,1.0,1.0,1.0,1.0,1.0,1.0,1.0,1.0,1.0,1.0,1.0,1.0,1.0,1.0,1.0,0.8805045,1.0,1.0,1.0,0.99999994,1.0,1.0,1.0,1.0,1.0,1.0,1.0,1.0,1.0,0.99998945,1.0,1.0,1.0,1.0,1.0,1.0,1.0,1.0,1.0,1.0,1.0,1.0,1.0,1.0,1.0,1.0,1.0,1.0,1.0,1.0,1.0,1.0,1.0,1.0,1.0,1.0,1.0,1.0,1.0,1.0,1.0,1.0,1.0,1.0,1.0,1.0,1.0,1.0,0.72956175,1.0,1.0,1.0,1.0,1.0,0.99999994,1.0,1.0,1.0,1.0,1.0,1.0,1.0,1.0,1.0,1.0,1.0,1.0,1.0,1.0,1.0,1.0,0.9999994,0.9985214,0.9848027,1.0,1.0,1.0,1.0,1.0,1.0,1.0,1.0,1.0,1.0,1.0,1.0,1.0,0.9999981,0.99999934,1.0,1.0,1.0,1.0,0.8340513,1.0,1.0,1.0,1.0,1.0,1.0,1.0,1.0,1.0,1.0,1.0,1.0,1.0,1.0,1.0,1.0,1.0,1.0,1.0,1.0,1.0,1.0,1.0,1.0,1.0,1.0,1.0,1.0,1.0,1.0,1.0,1.0,1.0,0.99999994,1.0,1.0,1.0,0.9999996,1.0,1.0,1.0,1.0,1.0,1.0,1.0,1.0,1.0,1.0,1.0,1.0,1.0,1.0,1.0,0.99448687,0.99999887,0.99999976,1.0,0.9999998,1.0,1.0,1.0,1.0,1.0,1.0,1.0,1.0,1.0,1.0,1.0,1.0,1.0,1.0,1.0,0.9999926,1.0,1.0,0.8954774,1.0,1.0,1.0,1.0,1.0,1.0,1.0,1.0,1.0,1.0,0.9999936,1.0,1.0,1.0,1.0,1.0,1.0,1.0,1.0,0.9711369,1.0,1.0,1.0
IGF2BP1_K562,1.0,1.0,1.0,1.0,1.0,1.0,1.0,1.0,1.0,1.0,1.0,1.0,1.0,1.0,1.0,1.0,1.0,1.0,1.0,1.0,1.0,1.0,1.0,1.0,0.88049394,1.0,1.0,1.0,1.0,1.0,1.0,1.0,1.0,1.0,1.0,1.0,1.0,1.0,0.99998957,1.0,1.0,1.0,1.0,1.0,1.0,1.0,1.0,1.0,1.0,1.0,1.0,1.0,1.0,1.0,1.0,1.0,1.0,1.0,1.0,1.0,1.0,1.0,1.0,1.0,1.0,1.0,1.0,1.0,1.0,1.0,1.0,1.0,1.0,1.0,1.0,1.0,1.0,0.72957695,1.0,1.0,1.0,1.0,1.0,0.99999994,1.0,1.0,1.0,1.0,1.0,1.0,1.0,1.0,1.0,1.0,1.0,1.0,1.0,1.0,1.0,1.0,0.99999946,0.99852264,0.98479885,1.0,1.0,1.0,1.0,1.0,1.0,1.0,1.0,1.0,1.0,1.0,1.0,1.0,0.99999815,0.9999994,1.0,1.0,1.0,1.0,0.83403903,1.0,1.0,1.0,1.0,1.0,1.0,1.0,1.0,1.0,1.0,1.0,1.0,1.0,1.0,1.0,1.0,1.0,1.0,1.0,1.0,1.0,1.0,1.0,1.0,1.0,1.0,1.0,1.0,1.0,1.0,1.0,1.0,1.0,0.99999994,1.0,1.0,1.0,0.9999996,1.0,1.0,1.0,1.0,1.0,1.0,1.0,1.0,1.0,1.0,1.0,1.0,1.0,1.0,1.0,0.9944892,0.9999989,0.99999976,1.0,0.9999998,1.0,1.0,1.0,1.0,1.0,1.0,1.0,1.0,1.0,1.0,1.0,1.0,1.0,1.0,1.0,0.99999267,1.0,1.0,0.89548737,1.0,1.0,1.0,1.0,1.0,1.0,1.0,1.0,1.0,1.0,0.9999935,1.0,1.0,1.0,1.0,1.0,1.0,1.0,1.0,0.9711316,1.0,1.0,1.0
IGF2BP2_K562,1.0,1.0,1.0,1.0,1.0,1.0,1.0,1.0,1.0,1.0,1.0,1.0,1.0,1.0,1.0,1.0,1.0,1.0,1.0,1.0,1.0,1.0,1.0,1.0,0.8805047,1.0,1.0,1.0,0.99999994,1.0,1.0,1.0,1.0,1.0,1.0,1.0,1.0,1.0,0.99998945,1.0,1.0,1.0,1.0,1.0,1.0,1.0,1.0,1.0,1.0,1.0,1.0,1.0,1.0,1.0,1.0,1.0,1.0,1.0,1.0,1.0,1.0,1.0,1.0,1.0,1.0,1.0,1.0,1.0,1.0,1.0,1.0,1.0,1.0,1.0,1.0,1.0,1.0,0.72956145,1.0,1.0,1.0,1.0,1.0,0.99999994,1.0,1.0,1.0,1.0,1.0,1.0,1.0,1.0,1.0,1.0,1.0,1.0,1.0,1.0,1.0,1.0,0.9999994,0.9985214,0.9848028,1.0,1.0,1.0,1.0,1.0,1.0,1.0,1.0,1.0,1.0,1.0,1.0,1.0,0.9999981,0.99999934,1.0,1.0,1.0,1.0,0.8340516,1.0,1.0,1.0,1.0,1.0,1.0,1.0,1.0,1.0,1.0,1.0,1.0,1.0,1.0,1.0,1.0,1.0,1.0,1.0,1.0,1.0,1.0,1.0,1.0,1.0,1.0,1.0,1.0,1.0,1.0,1.0,1.0,1.0,0.99999994,1.0,1.0,1.0,0.9999996,1.0,1.0,1.0,1.0,1.0,1.0,1.0,1.0,1.0,1.0,1.0,1.0,1.0,1.0,1.0,0.9944868,0.99999887,0.99999976,1.0,0.9999998,1.0,1.0,1.0,1.0,1.0,1.0,1.0,1.0,1.0,1.0,1.0,1.0,1.0,1.0,1.0,0.9999926,1.0,1.0,0.89547724,1.0,1.0,1.0,1.0,1.0,1.0,1.0,1.0,1.0,1.0,0.9999936,1.0,1.0,1.0,1.0,1.0,1.0,1.0,1.0,0.97113705,1.0,1.0,1.0
IGF2BP3_HepG2,1.0,1.0,1.0,1.0,1.0,1.0,1.0,1.0,1.0,1.0,1.0,1.0,1.0,1.0,1.0,1.0,1.0,1.0,1.0,1.0,1.0,1.0,1.0,1.0,0.8805117,1.0,1.0,1.0,0.99999994,1.0,1.0,1.0,1.0,1.0,1.0,1.0,1.0,1.0,0.9999894,1.0,1.0,1.0,1.0,1.0,1.0,1.0,1.0,1.0,1.0,1.0,1.0,1.0,1.0,1.0,1.0,1.0,1.0,1.0,1.0,1.0,1.0,1.0,1.0,1.0,1.0,1.0,1.0,1.0,1.0,1.0,1.0,1.0,1.0,1.0,1.0,1.0,1.0,0.7295513,1.0,1.0,1.0,1.0,1.0,0.99999994,1.0,1.0,1.0,1.0,1.0,1.0,1.0,1.0,1.0,1.0,1.0,1.0,1.0,1.0,1.0,1.0,0.9999994,0.9985206,0.98480535,1.0,1.0,1.0,1.0,1.0,1.0,1.0,1.0,1.0,1.0,1.0,1.0,1.0,0.99999803,0.99999934,1.0,1.0,1.0,1.0,0.8340598,1.0,1.0,1.0,1.0,1.0,1.0,1.0,1.0,1.0,1.0,1.0,1.0,1.0,1.0,1.0,1.0,1.0,1.0,1.0,1.0,1.0,1.0,1.0,1.0,1.0,1.0,1.0,1.0,1.0,1.0,1.0,1.0,1.0,0.99999994,1.0,1.0,1.0,0.9999996,1.0,1.0,1.0,1.0,1.0,1.0,1.0,1.0,1.0,1.0,1.0,1.0,1.0,1.0,1.0,0.99448526,0.99999887,0.99999976,1.0,0.9999998,1.0,1.0,1.0,1.0,1.0,1.0,1.0,1.0,1.0,1.0,1.0,1.0,1.0,1.0,1.0,0.99999255,1.0,1.0,0.8954707,1.0,1.0,1.0,1.0,1.0,1.0,1.0,1.0,1.0,1.0,0.9999937,1.0,1.0,1.0,1.0,1.0,1.0,1.0,1.0,0.97114056,1.0,1.0,1.0
ILF3_HepG2,1.0,1.0,1.0,1.0,1.0,1.0,1.0,1.0,1.0,1.0,1.0,1.0,1.0,1.0,1.0,1.0,1.0,1.0,1.0,1.0,1.0,1.0,1.0,1.0,0.88053674,1.0,1.0,1.0,0.99999994,1.0,1.0,1.0,1.0,1.0,1.0,1.0,1.0,1.0,0.99998915,1.0,1.0,1.0,1.0,1.0,1.0,1.0,1.0,1.0,1.0,1.0,1.0,1.0,1.0,1.0,1.0,1.0,1.0,1.0,1.0,1.0,1.0,1.0,1.0,1.0,1.0,1.0,1.0,1.0,1.0,1.0,1.0,1.0,1.0,1.0,1.0,1.0,1.0,0.72951514,1.0,1.0,1.0,1.0,1.0,0.99999994,1.0,1.0,1.0,1.0,1.0,1.0,1.0,1.0,1.0,1.0,1.0,1.0,1.0,1.0,1.0,1.0,0.99999934,0.9985177,0.9848145,1.0,1.0,1.0,1.0,1.0,1.0,1.0,1.0,1.0,1.0,1.0,1.0,1.0,0.999998,0.9999993,1.0,1.0,1.0,1.0,0.8340889,1.0,1.0,1.0,1.0,1.0,1.0,1.0,1.0,1.0,1.0,1.0,1.0,1.0,1.0,1.0,1.0,1.0,1.0,1.0,1.0,1.0,1.0,1.0,1.0,1.0,1.0,1.0,1.0,1.0,1.0,1.0,1.0,1.0,0.9999999,1.0,1.0,1.0,0.9999995,1.0,1.0,1.0,1.0,1.0,1.0,1.0,1.0,1.0,1.0,1.0,1.0,1.0,1.0,1.0,0.9944797,0.99999875,0.9999997,1.0,0.99999976,1.0,1.0,1.0,1.0,1.0,1.0,1.0,1.0,1.0,1.0,1.0,1.0,1.0,1.0,1.0,0.9999924,1.0,1.0,0.89544713,1.0,1.0,1.0,1.0,1.0,1.0,1.0,1.0,1.0,1.0,0.99999386,1.0,1.0,1.0,1.0,1.0,1.0,1.0,1.0,0.9711532,1.0,1.0,1.0
ILF3_K562,1.0,1.0,1.0,1.0,1.0,1.0,1.0,1.0,1.0,1.0,1.0,1.0,1.0,1.0,1.0,1.0,1.0,1.0,1.0,1.0,1.0,1.0,1.0,1.0,0.88048995,1.0,1.0,1.0,1.0,1.0,1.0,1.0,1.0,1.0,1.0,1.0,1.0,1.0,0.99998957,1.0,1.0,1.0,1.0,1.0,1.0,1.0,1.0,1.0,1.0,1.0,1.0,1.0,1.0,1.0,1.0,1.0,1.0,1.0,1.0,1.0,1.0,1.0,1.0,1.0,1.0,1.0,1.0,1.0,1.0,1.0,1.0,1.0,1.0,1.0,1.0,1.0,1.0,0.7295827,1.0,1.0,1.0,1.0,1.0,0.99999994,1.0,1.0,1.0,1.0,1.0,1.0,1.0,1.0,1.0,1.0,1.0,1.0,1.0,1.0,1.0,1.0,0.99999946,0.99852306,0.98479736,1.0,1.0,1.0,1.0,1.0,1.0,1.0,1.0,1.0,1.0,1.0,1.0,1.0,0.99999815,0.9999994,1.0,1.0,1.0,1.0,0.8340344,1.0,1.0,1.0,1.0,1.0,1.0,1.0,1.0,1.0,1.0,1.0,1.0,1.0,1.0,1.0,1.0,1.0,1.0,1.0,1.0,1.0,1.0,1.0,1.0,1.0,1.0,1.0,1.0,1.0,1.0,1.0,1.0,1.0,0.99999994,1.0,1.0,1.0,0.9999996,1.0,1.0,1.0,1.0,1.0,1.0,1.0,1.0,1.0,1.0,1.0,1.0,1.0,1.0,1.0,0.9944901,0.9999989,0.99999976,1.0,0.9999998,1.0,1.0,1.0,1.0,1.0,1.0,1.0,1.0,1.0,1.0,1.0,1.0,1.0,1.0,1.0,0.9999927,1.0,1.0,0.8954911,1.0,1.0,1.0,1.0,1.0,1.0,1.0,1.0,0.99999994,1.0,0.9999935,1.0,1.0,1.0,1.0,1.0,1.0,1.0,1.0,0.97112966,1.0,1.0,1.0
KHDRBS1_K562,1.0,1.0,1.0,1.0,1.0,1.0,1.0,1.0,1.0,1.0,1.0,1.0,1.0,1.0,1.0,1.0,1.0,1.0,1.0,1.0,1.0,1.0,1.0,1.0,0.88052124,1.0,1.0,1.0,0.99999994,1.0,1.0,1.0,1.0,1.0,1.0,1.0,1.0,1.0,0.9999893,1.0,1.0,1.0,1.0,1.0,1.0,1.0,1.0,1.0,1.0,1.0,1.0,1.0,1.0,1.0,1.0,1.0,1.0,1.0,1.0,1.0,1.0,1.0,1.0,1.0,1.0,1.0,1.0,1.0,1.0,1.0,1.0,1.0,1.0,1.0,1.0,1.0,1.0,0.7295376,1.0,1.0,1.0,1.0,1.0,0.99999994,1.0,1.0,1.0,1.0,1.0,1.0,1.0,1.0,1.0,1.0,1.0,1.0,1.0,1.0,1.0,1.0,0.9999994,0.9985195,0.98480886,1.0,1.0,1.0,1.0,1.0,1.0,1.0,1.0,1.0,1.0,1.0,1.0,1.0,0.99999803,0.99999934,1.0,1.0,1.0,1.0,0.8340708,1.0,1.0,1.0,1.0,1.0,1.0,1.0,1.0,1.0,1.0,1.0,1.0,1.0,1.0,1.0,1.0,1.0,1.0,1.0,1.0,1.0,1.0,1.0,1.0,1.0,1.0,1.0,1.0,1.0,1.0,1.0,1.0,1.0,0.99999994,1.0,1.0,1.0,0.9999995,1.0,1.0,1.0,1.0,1.0,1.0,1.0,1.0,1.0,1.0,1.0,1.0,1.0,1.0,1.0,0.9944832,0.9999988,0.9999997,1.0,0.9999998,1.0,1.0,1.0,1.0,1.0,1.0,1.0,1.0,1.0,1.0,1.0,1.0,1.0,1.0,1.0,0.9999925,1.0,1.0,0.89546174,1.0,1.0,1.0,1.0,1.0,1.0,1.0,1.0,1.0,1.0,0.99999374,1.0,1.0,1.0,1.0,1.0,1.0,1.0,1.0,0.9711454,1.0,1.0,1.0
KHSRP_HepG2,1.0,1.0,1.0,1.0,1.0,1.0,1.0,1.0,1.0,1.0,1.0,1.0,1.0,1.0,1.0,1.0,1.0,1.0,1.0,1.0,1.0,1.0,1.0,1.0,0.8805119,1.0,1.0,1.0,0.99999994,1.0,1.0,1.0,1.0,1.0,1.0,1.0,1.0,1.0,0.9999894,1.0,1.0,1.0,1.0,1.0,1.0,1.0,1.0,1.0,1.0,1.0,1.0,1.0,1.0,1.0,1.0,1.0,1.0,1.0,1.0,1.0,1.0,1.0,1.0,1.0,1.0,1.0,1.0,1.0,1.0,1.0,1.0,1.0,1.0,1.0,1.0,1.0,1.0,0.7295511,1.0,1.0,1.0,1.0,1.0,0.99999994,1.0,1.0,1.0,1.0,1.0,1.0,1.0,1.0,1.0,1.0,1.0,1.0,1.0,1.0,1.0,1.0,0.9999994,0.99852055,0.9848054,1.0,1.0,1.0,1.0,1.0,1.0,1.0,1.0,1.0,1.0,1.0,1.0,1.0,0.99999803,0.99999934,1.0,1.0,1.0,1.0,0.83405995,1.0,1.0,1.0,1.0,1.0,1.0,1.0,1.0,1.0,1.0,1.0,1.0,1.0,1.0,1.0,1.0,1.0,1.0,1.0,1.0,1.0,1.0,1.0,1.0,1.0,1.0,1.0,1.0,1.0,1.0,1.0,1.0,1.0,0.99999994,1.0,1.0,1.0,0.9999996,1.0,1.0,1.0,1.0,1.0,1.0,1.0,1.0,1.0,1.0,1.0,1.0,1.0,1.0,1.0,0.99448526,0.99999887,0.99999976,1.0,0.9999998,1.0,1.0,1.0,1.0,1.0,1.0,1.0,1.0,1.0,1.0,1.0,1.0,1.0,1.0,1.0,0.99999255,1.0,1.0,0.8954705,1.0,1.0,1.0,1.0,1.0,1.0,1.0,1.0,1.0,1.0,0.9999937,1.0,1.0,1.0,1.0,1.0,1.0,1.0,1.0,0.9711407,1.0,1.0,1.0
KHSRP_K562,1.0,1.0,1.0,1.0,1.0,1.0,1.0,1.0,1.0,1.0,1.0,1.0,1.0,1.0,1.0,1.0,1.0,1.0,1.0,1.0,1.0,1.0,1.0,1.0,0.8805199,1.0,1.0,1.0,0.99999994,1.0,1.0,1.0,1.0,1.0,1.0,1.0,1.0,1.0,0.99998933,1.0,1.0,1.0,1.0,1.0,1.0,1.0,1.0,1.0,1.0,1.0,1.0,1.0,1.0,1.0,1.0,1.0,1.0,1.0,1.0,1.0,1.0,1.0,1.0,1.0,1.0,1.0,1.0,1.0,1.0,1.0,1.0,1.0,1.0,1.0,1.0,1.0,1.0,0.72953945,1.0,1.0,1.0,1.0,1.0,0.99999994,1.0,1.0,1.0,1.0,1.0,1.0,1.0,1.0,1.0,1.0,1.0,1.0,1.0,1.0,1.0,1.0,0.9999994,0.99851966,0.9848084,1.0,1.0,1.0,1.0,1.0,1.0,1.0,1.0,1.0,1.0,1.0,1.0,1.0,0.99999803,0.99999934,1.0,1.0,1.0,1.0,0.8340693,1.0,1.0,1.0,1.0,1.0,1.0,1.0,1.0,1.0,1.0,1.0,1.0,1.0,1.0,1.0,1.0,1.0,1.0,1.0,1.0,1.0,1.0,1.0,1.0,1.0,1.0,1.0,1.0,1.0,1.0,1.0,1.0,1.0,0.99999994,1.0,1.0,1.0,0.9999995,1.0,1.0,1.0,1.0,1.0,1.0,1.0,1.0,1.0,1.0,1.0,1.0,1.0,1.0,1.0,0.9944835,0.9999988,0.9999997,1.0,0.9999998,1.0,1.0,1.0,1.0,1.0,1.0,1.0,1.0,1.0,1.0,1.0,1.0,1.0,1.0,1.0,0.9999925,1.0,1.0,0.89546293,1.0,1.0,1.0,1.0,1.0,1.0,1.0,1.0,1.0,1.0,0.99999374,1.0,1.0,1.0,1.0,1.0,1.0,1.0,1.0,0.97114474,1.0,1.0,1.0
LARP4_HepG2,1.0,1.0,1.0,1.0,1.0,1.0,1.0,1.0,1.0,1.0,1.0,1.0,1.0,1.0,1.0,1.0,1.0,1.0,1.0,1.0,1.0,1.0,1.0,1.0,0.8805011,1.0,1.0,1.0,0.99999994,1.0,1.0,1.0,1.0,1.0,1.0,1.0,1.0,1.0,0.9999895,1.0,1.0,1.0,1.0,1.0,1.0,1.0,1.0,1.0,1.0,1.0,1.0,1.0,1.0,1.0,1.0,1.0,1.0,1.0,1.0,1.0,1.0,1.0,1.0,1.0,1.0,1.0,1.0,1.0,1.0,1.0,1.0,1.0,1.0,1.0,1.0,1.0,1.0,0.7295666,1.0,1.0,1.0,1.0,1.0,0.99999994,1.0,1.0,1.0,1.0,1.0,1.0,1.0,1.0,1.0,1.0,1.0,1.0,1.0,1.0,1.0,1.0,0.99999946,0.9985218,0.9848015,1.0,1.0,1.0,1.0,1.0,1.0,1.0,1.0,1.0,1.0,1.0,1.0,1.0,0.9999981,0.9999994,1.0,1.0,1.0,1.0,0.83404744,1.0,1.0,1.0,1.0,1.0,1.0,1.0,1.0,1.0,1.0,1.0,1.0,1.0,1.0,1.0,1.0,1.0,1.0,1.0,1.0,1.0,1.0,1.0,1.0,1.0,1.0,1.0,1.0,1.0,1.0,1.0,1.0,1.0,0.99999994,1.0,1.0,1.0,0.9999996,1.0,1.0,1.0,1.0,1.0,1.0,1.0,1.0,1.0,1.0,1.0,1.0,1.0,1.0,1.0,0.99448764,0.99999887,0.99999976,1.0,0.9999998,1.0,1.0,1.0,1.0,1.0,1.0,1.0,1.0,1.0,1.0,1.0,1.0,1.0,1.0,1.0,0.9999926,1.0,1.0,0.89548063,1.0,1.0,1.0,1.0,1.0,1.0,1.0,1.0,1.0,1.0,0.99999356,1.0,1.0,1.0,1.0,1.0,1.0,1.0,1.0,0.97113526,1.0,1.0,1.0
LARP4_K562,1.0,1.0,1.0,1.0,1.0,1.0,1.0,1.0,1.0,1.0,1.0,1.0,1.0,1.0,1.0,1.0,1.0,1.0,1.0,1.0,1.0,1.0,1.0,1.0,0.88049924,1.0,1.0,1.0,0.99999994,1.0,1.0,1.0,1.0,1.0,1.0,1.0,1.0,1.0,0.9999895,1.0,1.0,1.0,1.0,1.0,1.0,1.0,1.0,1.0,1.0,1.0,1.0,1.0,1.0,1.0,1.0,1.0,1.0,1.0,1.0,1.0,1.0,1.0,1.0,1.0,1.0,1.0,1.0,1.0,1.0,1.0,1.0,1.0,1.0,1.0,1.0,1.0,1.0,0.7295693,1.0,1.0,1.0,1.0,1.0,0.99999994,1.0,1.0,1.0,1.0,1.0,1.0,1.0,1.0,1.0,1.0,1.0,1.0,1.0,1.0,1.0,1.0,0.99999946,0.998522,0.9848008,1.0,1.0,1.0,1.0,1.0,1.0,1.0,1.0,1.0,1.0,1.0,1.0,1.0,0.9999981,0.9999994,1.0,1.0,1.0,1.0,0.83404523,1.0,1.0,1.0,1.0,1.0,1.0,1.0,1.0,1.0,1.0,1.0,1.0,1.0,1.0,1.0,1.0,1.0,1.0,1.0,1.0,1.0,1.0,1.0,1.0,1.0,1.0,1.0,1.0,1.0,1.0,1.0,1.0,1.0,0.99999994,1.0,1.0,1.0,0.9999996,1.0,1.0,1.0,1.0,1.0,1.0,1.0,1.0,1.0,1.0,1.0,1.0,1.0,1.0,1.0,0.99448806,0.99999887,0.99999976,1.0,0.9999998,1.0,1.0,1.0,1.0,1.0,1.0,1.0,1.0,1.0,1.0,1.0,1.0,1.0,1.0,1.0,0.99999267,1.0,1.0,0.89548236,1.0,1.0,1.0,1.0,1.0,1.0,1.0,1.0,1.0,1.0,0.99999356,1.0,1.0,1.0,1.0,1.0,1.0,1.0,1.0,0.9711343,1.0,1.0,1.0
LARP7_HepG2,0.9999994,0.9999994,0.9999994,0.9999994,0.9999994,0.99999946,0.9999994,0.9999994,0.9999994,0.9999994,0.99999946,0.99999946,0.9999994,0.9999994,0.9999994,0.99999934,0.9999994,0.99999946,0.99999946,0.9999994,0.99999946,0.9999994,0.9999994,0.9999994,0.8799967,0.99999946,0.9999994,0.99999946,0.99999964,0.9999994,0.9999994,0.9999994,0.9999994,0.99999946,0.99999946,0.9999995,0.9999994,0.9999994,0.9999938,0.9999994,0.99999946,0.99999946,0.9999994,0.9999994,0.99999946,0.9999994,0.9999994,0.9999994,0.9999995,0.9999994,0.9999994,0.9999994,0.9999994,0.99999946,0.99999934,0.99999946,0.99999946,0.99999934,0.9999994,0.9999994,0.9999994,0.9999994,0.9999994,0.9999994,0.9999994,0.9999994,0.9999994,0.9999994,0.9999994,0.99999946,0.9999994,0.99999934,0.9999994,0.9999994,0.9999994,0.9999994,0.99999934,0.73029315,0.9999994,0.9999994,0.99999946,0.9999994,0.9999994,0.999999,0.9999994,0.99999946,0.99999934,0.99999946,0.99999946,0.9999994,0.99999946,0.9999994,0.9999994,0.99999934,0.99999946,0.9999994,0.9999994,0.9999994,0.99999946,0.99999946,1.0,0.998579,0.9846163,0.9999994,0.99999946,0.9999994,0.9999994,0.99999946,0.9999994,0.9999994,0.9999994,0.9999993,0.9999995,0.99999946,0.9999994,0.9999994,0.9999996,1.0,0.9999994,0.9999994,0.9999994,0.99999934,0.8334605,0.9999994,0.99999946,0.99999934,0.99999946,0.9999994,0.9999994,0.99999946,0.99999946,0.9999994,0.9999994,0.99999946,0.99999946,0.9999994,0.99999946,0.99999946,0.9999994,0.9999994,0.9999992,0.9999994,0.9999994,0.99999934,0.9999995,0.9999994,0.9999994,0.9999994,0.9999994,0.9999994,0.99999946,0.99999946,0.9999994,0.99999946,0.9999994,0.9999994,0.99999976,0.99999934,0.99999946,0.9999994,1.0,0.99999946,0.99999934,0.9999994,0.9999994,0.9999994,0.99999946,0.9999994,0.99999946,0.9999994,0.9999994,0.9999994,0.99999946,0.99999934,0.9999994,0.9999994,0.9945985,0.9999999,0.99999994,0.9999994,0.9999999,0.9999994,0.99999946,0.99999946,0.99999946,0.99999946,0.99999934,0.99999946,0.9999994,0.99999934,0.9999994,0.99999946,0.99999946,0.9999994,0.9999994,0.9999994,0.9999961,0.9999994,0.9999994,0.89595324,0.9999994,0.9999994,0.99999946,0.99999946,0.99999946,0.9999994,0.9999994,0.99999946,0.99999917,0.9999994,0.9999892,0.9999992,0.9999994,0.99999946,0.9999994,0.9999994,0.9999994,0.99999946,0.99999934,0.97088116,0.9999994,0.99999946,0.99999934
LARP7_K562,0.99852043,0.9985212,0.9985204,0.99852115,0.9985209,0.99852204,0.9985203,0.9985208,0.99851876,0.9985212,0.99852175,0.9985224,0.998521,0.9985215,0.99852085,0.99851817,0.99852103,0.99852216,0.99852186,0.99851924,0.99852175,0.99851924,0.9985215,0.9985213,0.85343397,0.9985222,0.99852115,0.9985229,0.99853534,0.99852,0.9985217,0.9985199,0.99852073,0.99852186,0.99852234,0.99852514,0.9985216,0.9985211,0.9987605,0.99852085,0.9985218,0.99852175,0.9985208,0.9985202,0.99852246,0.9985205,0.9985205,0.99852,0.9985254,0.9985191,0.9985206,0.99852,0.9985216,0.99852204,0.9985181,0.9985238,0.9985227,0.9985176,0.99851936,0.99852,0.99852127,0.99852157,0.99852127,0.99851936,0.998521,0.99852043,0.9985203,0.99852103,0.998521,0.99852204,0.9985203,0.99851674,0.9985193,0.9985194,0.9985216,0.9985211,0.9985179,0.7656605,0.99851954,0.99851984,0.9985242,0.99852043,0.9985196,0.9985011,0.9985217,0.9985235,0.99851763,0.9985223,0.9985223,0.9985214,0.99852264,0.9985214,0.9985206,0.9985177,0.99852306,0.9985195,0.99852055,0.99851966,0.9985218,0.998522,0.998579,1.0,0.97390556,0.9985216,0.9985222,0.99851996,0.99851906,0.99852276,0.9985213,0.99852175,0.99852043,0.9985152,0.9985281,0.99852186,0.99852145,0.99852026,0.9986258,0.9985817,0.99851984,0.9985192,0.99851906,0.9985184,0.80282855,0.9985208,0.9985226,0.99851876,0.9985225,0.9985207,0.9985213,0.99852186,0.99852175,0.99852014,0.9985189,0.9985227,0.9985229,0.99852115,0.9985221,0.9985226,0.99852,0.9985203,0.99851114,0.9985197,0.99852127,0.9985172,0.99852777,0.9985189,0.9985202,0.99852055,0.99852073,0.99852,0.9985219,0.99852204,0.9985216,0.99852335,0.9985202,0.9985192,0.9985411,0.9985164,0.9985226,0.9985195,0.99857086,0.99852246,0.9985183,0.9985191,0.9985213,0.9985216,0.99852175,0.99852103,0.99852216,0.99852115,0.9985213,0.9985208,0.99852264,0.99851835,0.9985207,0.99852085,0.99871665,0.99860203,0.9985598,0.99852073,0.99855363,0.9985203,0.9985226,0.9985229,0.9985218,0.9985232,0.9985166,0.9985223,0.9985191,0.9985183,0.9985194,0.99852276,0.9985222,0.99852145,0.9985201,0.9985204,0.99872303,0.9985215,0.99852055,0.9183493,0.99851906,0.99852175,0.99852186,0.9985219,0.9985222,0.99852175,0.9985216,0.99852425,0.9985097,0.9985199,0.99832064,0.99851114,0.9985202,0.9985218,0.99852103,0.9985208,0.9985203,0.9985221,0.998518,0.956735,0.9985212,0.99852204,0.9985182
LIN28B_HepG2,0.98480576,0.98480326,0.984806,0.9848036,0.9848044,0.9848007,0.9848061,0.98480463,0.9848111,0.98480344,0.98480165,0.9847996,0.9848042,0.9848025,0.9848046,0.98481315,0.9848039,0.9848003,0.98480123,0.98480976,0.98480165,0.9848096,0.98480237,0.98480296,0.9494526,0.9848002,0.9848036,0.98479813,0.984758,0.9848072,0.98480177,0.9848075,0.984805,0.98480135,0.9847996,0.9847908,0.9848021,0.9848037,0.9839947,0.9848045,0.9848015,0.98480165,0.9848047,0.9848066,0.98479927,0.9848057,0.98480564,0.9848072,0.98478997,0.9848101,0.9848052,0.98480725,0.98480207,0.9848007,0.9848133,0.9847951,0.9847985,0.98481494,0.9848093,0.9848071,0.9848032,0.9848023,0.9848031,0.9848092,0.9848042,0.98480576,0.9848063,0.98480386,0.9848042,0.9848007,0.9848061,0.98481756,0.9848094,0.98480916,0.98480207,0.9848038,0.984814,0.5996942,0.98480874,0.9848077,0.98479384,0.9848059,0.98480844,0.9848672,0.98480177,0.9847961,0.9848148,0.9848,0.98479986,0.9848027,0.98479885,0.9848028,0.98480535,0.9848145,0.98479736,0.98480886,0.9848054,0.9848084,0.9848015,0.9848008,0.9846163,0.97390556,1.0,0.98480207,0.9848001,0.9848073,0.98481023,0.98479843,0.9848029,0.98480177,0.9848058,0.9848226,0.9847813,0.9848012,0.9848026,0.98480636,0.9844611,0.98460746,0.98480767,0.98480976,0.9848102,0.9848123,0.9171912,0.98480475,0.984799,0.9848112,0.98479927,0.9848051,0.9848029,0.98480135,0.98480153,0.9848068,0.9848107,0.9847985,0.98479795,0.9848035,0.98480046,0.984799,0.98480713,0.98480624,0.98483557,0.984808,0.98480326,0.98481613,0.9847824,0.98481077,0.98480654,0.98480546,0.9848048,0.98480713,0.98480105,0.98480064,0.984802,0.9847965,0.98480654,0.9848098,0.9847395,0.9848189,0.984799,0.9848088,0.984643,0.98479944,0.9848126,0.98481,0.98480296,0.984802,0.9848016,0.984804,0.9848003,0.98480356,0.984803,0.98480463,0.9847988,0.98481244,0.98480505,0.98480445,0.96116143,0.98454046,0.9846791,0.9848048,0.98469895,0.9848062,0.984799,0.9847981,0.9848015,0.9847972,0.9848181,0.98480004,0.98481,0.98481274,0.98480904,0.98479843,0.98480004,0.98480266,0.9848071,0.98480594,0.98412776,0.9848024,0.9848055,0.8045639,0.9848102,0.9848017,0.9848013,0.984801,0.9848001,0.9848017,0.984802,0.98479354,0.9848399,0.9848075,0.9854175,0.98483545,0.98480654,0.98480153,0.984804,0.9848047,0.9848063,0.98480046,0.9848136,0.9978041,0.98480326,0.9848007,0.9848129
LIN28B_K562,1.0,1.0,1.0,1.0,1.0,1.0,1.0,1.0,1.0,1.0,1.0,1.0,1.0,1.0,1.0,1.0,1.0,1.0,1.0,1.0,1.0,1.0,1.0,1.0,0.88050276,1.0,1.0,1.0,0.99999994,1.0,1.0,1.0,1.0,1.0,1.0,1.0,1.0,1.0,0.99998945,1.0,1.0,1.0,1.0,1.0,1.0,1.0,1.0,1.0,1.0,1.0,1.0,1.0,1.0,1.0,1.0,1.0,1.0,1.0,1.0,1.0,1.0,1.0,1.0,1.0,1.0,1.0,1.0,1.0,1.0,1.0,1.0,1.0,1.0,1.0,1.0,1.0,1.0,0.72956425,1.0,1.0,1.0,1.0,1.0,0.99999994,1.0,1.0,1.0,1.0,1.0,1.0,1.0,1.0,1.0,1.0,1.0,1.0,1.0,1.0,1.0,1.0,0.9999994,0.9985216,0.98480207,1.0,1.0,1.0,1.0,1.0,1.0,1.0,1.0,1.0,1.0,1.0,1.0,1.0,0.9999981,0.9999994,1.0,1.0,1.0,1.0,0.83404934,1.0,1.0,1.0,1.0,1.0,1.0,1.0,1.0,1.0,1.0,1.0,1.0,1.0,1.0,1.0,1.0,1.0,1.0,1.0,1.0,1.0,1.0,1.0,1.0,1.0,1.0,1.0,1.0,1.0,1.0,1.0,1.0,1.0,0.99999994,1.0,1.0,1.0,0.9999996,1.0,1.0,1.0,1.0,1.0,1.0,1.0,1.0,1.0,1.0,1.0,1.0,1.0,1.0,1.0,0.9944873,0.99999887,0.99999976,1.0,0.9999998,1.0,1.0,1.0,1.0,1.0,1.0,1.0,1.0,1.0,1.0,1.0,1.0,1.0,1.0,1.0,0.9999926,1.0,1.0,0.8954791,1.0,1.0,1.0,1.0,1.0,1.0,1.0,1.0,1.0,1.0,0.9999936,1.0,1.0,1.0,1.0,1.0,1.0,1.0,1.0,0.9711361,1.0,1.0,1.0
LSM11_HepG2,1.0,1.0,1.0,1.0,1.0,1.0,1.0,1.0,1.0,1.0,1.0,1.0,1.0,1.0,1.0,1.0,1.0,1.0,1.0,1.0,1.0,1.0,1.0,1.0,0.8804974,1.0,1.0,1.0,1.0,1.0,1.0,1.0,1.0,1.0,1.0,1.0,1.0,1.0,0.9999895,1.0,1.0,1.0,1.0,1.0,1.0,1.0,1.0,1.0,1.0,1.0,1.0,1.0,1.0,1.0,1.0,1.0,1.0,1.0,1.0,1.0,1.0,1.0,1.0,1.0,1.0,1.0,1.0,1.0,1.0,1.0,1.0,1.0,1.0,1.0,1.0,1.0,1.0,0.729572,1.0,1.0,1.0,1.0,1.0,0.99999994,1.0,1.0,1.0,1.0,1.0,1.0,1.0,1.0,1.0,1.0,1.0,1.0,1.0,1.0,1.0,1.0,0.99999946,0.9985222,0.9848001,1.0,1.0,1.0,1.0,1.0,1.0,1.0,1.0,1.0,1.0,1.0,1.0,1.0,0.9999981,0.9999994,1.0,1.0,1.0,1.0,0.8340431,1.0,1.0,1.0,1.0,1.0,1.0,1.0,1.0,1.0,1.0,1.0,1.0,1.0,1.0,1.0,1.0,1.0,1.0,1.0,1.0,1.0,1.0,1.0,1.0,1.0,1.0,1.0,1.0,1.0,1.0,1.0,1.0,1.0,0.99999994,1.0,1.0,1.0,0.9999996,1.0,1.0,1.0,1.0,1.0,1.0,1.0,1.0,1.0,1.0,1.0,1.0,1.0,1.0,1.0,0.9944885,0.99999887,0.99999976,1.0,0.9999998,1.0,1.0,1.0,1.0,1.0,1.0,1.0,1.0,1.0,1.0,1.0,1.0,1.0,1.0,1.0,0.99999267,1.0,1.0,0.89548415,1.0,1.0,1.0,1.0,1.0,1.0,1.0,1.0,1.0,1.0,0.99999356,1.0,1.0,1.0,1.0,1.0,1.0,1.0,1.0,0.97113335,1.0,1.0,1.0
LSM11_K562,1.0,1.0,1.0,1.0,1.0,1.0,1.0,1.0,1.0,1.0,1.0,1.0,1.0,1.0,1.0,1.0,1.0,1.0,1.0,1.0,1.0,1.0,1.0,1.0,0.880517,1.0,1.0,1.0,0.99999994,1.0,1.0,1.0,1.0,1.0,1.0,1.0,1.0,1.0,0.99998933,1.0,1.0,1.0,1.0,1.0,1.0,1.0,1.0,1.0,1.0,1.0,1.0,1.0,1.0,1.0,1.0,1.0,1.0,1.0,1.0,1.0,1.0,1.0,1.0,1.0,1.0,1.0,1.0,1.0,1.0,1.0,1.0,1.0,1.0,1.0,1.0,1.0,1.0,0.7295437,1.0,1.0,1.0,1.0,1.0,0.99999994,1.0,1.0,1.0,1.0,1.0,1.0,1.0,1.0,1.0,1.0,1.0,1.0,1.0,1.0,1.0,1.0,0.9999994,0.99851996,0.9848073,1.0,1.0,1.0,1.0,1.0,1.0,1.0,1.0,1.0,1.0,1.0,1.0,1.0,0.99999803,0.99999934,1.0,1.0,1.0,1.0,0.8340659,1.0,1.0,1.0,1.0,1.0,1.0,1.0,1.0,1.0,1.0,1.0,1.0,1.0,1.0,1.0,1.0,1.0,1.0,1.0,1.0,1.0,1.0,1.0,1.0,1.0,1.0,1.0,1.0,1.0,1.0,1.0,1.0,1.0,0.99999994,1.0,1.0,1.0,0.9999996,1.0,1.0,1.0,1.0,1.0,1.0,1.0,1.0,1.0,1.0,1.0,1.0,1.0,1.0,1.0,0.9944841,0.9999988,0.9999997,1.0,0.9999998,1.0,1.0,1.0,1.0,1.0,1.0,1.0,1.0,1.0,1.0,1.0,1.0,1.0,1.0,1.0,0.9999925,1.0,1.0,0.8954657,1.0,1.0,1.0,1.0,1.0,1.0,1.0,1.0,1.0,1.0,0.9999937,1.0,1.0,1.0,1.0,1.0,1.0,1.0,1.0,0.97114325,1.0,1.0,1.0
MATR3_HepG2,1.0,1.0,1.0,1.0,1.0,1.0,1.0,1.0,1.0,1.0,1.0,1.0,1.0,1.0,1.0,1.0,1.0,1.0,1.0,1.0,1.0,1.0,1.0,1.0,0.88052493,1.0,1.0,1.0,0.99999994,1.0,1.0,1.0,1.0,1.0,1.0,1.0,1.0,1.0,0.9999893,1.0,1.0,1.0,1.0,1.0,1.0,1.0,1.0,1.0,1.0,1.0,1.0,1.0,1.0,1.0,1.0,1.0,1.0,1.0,1.0,1.0,1.0,1.0,1.0,1.0,1.0,1.0,1.0,1.0,1.0,1.0,1.0,1.0,1.0,1.0,1.0,1.0,1.0,0.72953224,1.0,1.0,1.0,1.0,1.0,0.99999994,1.0,1.0,1.0,1.0,1.0,1.0,1.0,1.0,1.0,1.0,1.0,1.0,1.0,1.0,1.0,1.0,0.9999994,0.99851906,0.98481023,1.0,1.0,1.0,1.0,1.0,1.0,1.0,1.0,1.0,1.0,1.0,1.0,1.0,0.999998,0.99999934,1.0,1.0,1.0,1.0,0.83407515,1.0,1.0,1.0,1.0,1.0,1.0,1.0,1.0,1.0,1.0,1.0,1.0,1.0,1.0,1.0,1.0,1.0,1.0,1.0,1.0,1.0,1.0,1.0,1.0,1.0,1.0,1.0,1.0,1.0,1.0,1.0,1.0,1.0,0.99999994,1.0,1.0,1.0,0.9999995,1.0,1.0,1.0,1.0,1.0,1.0,1.0,1.0,1.0,1.0,1.0,1.0,1.0,1.0,1.0,0.99448234,0.9999988,0.9999997,1.0,0.9999998,1.0,1.0,1.0,1.0,1.0,1.0,1.0,1.0,1.0,1.0,1.0,1.0,1.0,1.0,1.0,0.99999243,1.0,1.0,0.8954582,1.0,1.0,1.0,1.0,1.0,1.0,1.0,1.0,1.0,1.0,0.99999374,1.0,1.0,1.0,1.0,1.0,1.0,1.0,1.0,0.97114724,1.0,1.0,1.0
MATR3_K562,1.0,1.0,1.0,1.0,1.0,1.0,1.0,1.0,1.0,1.0,1.0,1.0,1.0,1.0,1.0,1.0,1.0,1.0,1.0,1.0,1.0,1.0,1.0,1.0,0.88049287,1.0,1.0,1.0,1.0,1.0,1.0,1.0,1.0,1.0,1.0,1.0,1.0,1.0,0.99998957,1.0,1.0,1.0,1.0,1.0,1.0,1.0,1.0,1.0,1.0,1.0,1.0,1.0,1.0,1.0,1.0,1.0,1.0,1.0,1.0,1.0,1.0,1.0,1.0,1.0,1.0,1.0,1.0,1.0,1.0,1.0,1.0,1.0,1.0,1.0,1.0,1.0,1.0,0.7295785,1.0,1.0,1.0,1.0,1.0,0.99999994,1.0,1.0,1.0,1.0,1.0,1.0,1.0,1.0,1.0,1.0,1.0,1.0,1.0,1.0,1.0,1.0,0.99999946,0.99852276,0.98479843,1.0,1.0,1.0,1.0,1.0,1.0,1.0,1.0,1.0,1.0,1.0,1.0,1.0,0.99999815,0.9999994,1.0,1.0,1.0,1.0,0.83403784,1.0,1.0,1.0,1.0,1.0,1.0,1.0,1.0,1.0,1.0,1.0,1.0,1.0,1.0,1.0,1.0,1.0,1.0,1.0,1.0,1.0,1.0,1.0,1.0,1.0,1.0,1.0,1.0,1.0,1.0,1.0,1.0,1.0,0.99999994,1.0,1.0,1.0,0.9999996,1.0,1.0,1.0,1.0,1.0,1.0,1.0,1.0,1.0,1.0,1.0,1.0,1.0,1.0,1.0,0.99448943,0.9999989,0.99999976,1.0,0.9999998,1.0,1.0,1.0,1.0,1.0,1.0,1.0,1.0,1.0,1.0,1.0,1.0,1.0,1.0,1.0,0.9999927,1.0,1.0,0.8954884,1.0,1.0,1.0,1.0,1.0,1.0,1.0,1.0,1.0,1.0,0.9999935,1.0,1.0,1.0,1.0,1.0,1.0,1.0,1.0,0.9711311,1.0,1.0,1.0
METAP2_K562,1.0,1.0,1.0,1.0,1.0,1.0,1.0,1.0,1.0,1.0,1.0,1.0,1.0,1.0,1.0,1.0,1.0,1.0,1.0,1.0,1.0,1.0,1.0,1.0,0.8805051,1.0,1.0,1.0,0.99999994,1.0,1.0,1.0,1.0,1.0,1.0,1.0,1.0,1.0,0.99998945,1.0,1.0,1.0,1.0,1.0,1.0,1.0,1.0,1.0,1.0,1.0,1.0,1.0,1.0,1.0,1.0,1.0,1.0,1.0,1.0,1.0,1.0,1.0,1.0,1.0,1.0,1.0,1.0,1.0,1.0,1.0,1.0,1.0,1.0,1.0,1.0,1.0,1.0,0.7295609,1.0,1.0,1.0,1.0,1.0,0.99999994,1.0,1.0,1.0,1.0,1.0,1.0,1.0,1.0,1.0,1.0,1.0,1.0,1.0,1.0,1.0,1.0,0.9999994,0.9985213,0.9848029,1.0,1.0,1.0,1.0,1.0,1.0,1.0,1.0,1.0,1.0,1.0,1.0,1.0,0.9999981,0.99999934,1.0,1.0,1.0,1.0,0.834052,1.0,1.0,1.0,1.0,1.0,1.0,1.0,1.0,1.0,1.0,1.0,1.0,1.0,1.0,1.0,1.0,1.0,1.0,1.0,1.0,1.0,1.0,1.0,1.0,1.0,1.0,1.0,1.0,1.0,1.0,1.0,1.0,1.0,0.99999994,1.0,1.0,1.0,0.9999996,1.0,1.0,1.0,1.0,1.0,1.0,1.0,1.0,1.0,1.0,1.0,1.0,1.0,1.0,1.0,0.99448675,0.99999887,0.99999976,1.0,0.9999998,1.0,1.0,1.0,1.0,1.0,1.0,1.0,1.0,1.0,1.0,1.0,1.0,1.0,1.0,1.0,0.9999926,1.0,1.0,0.8954769,1.0,1.0,1.0,1.0,1.0,1.0,1.0,1.0,1.0,1.0,0.9999936,1.0,1.0,1.0,1.0,1.0,1.0,1.0,1.0,0.9711372,1.0,1.0,1.0
MTPAP_K562,1.0,1.0,1.0,1.0,1.0,1.0,1.0,1.0,1.0,1.0,1.0,1.0,1.0,1.0,1.0,1.0,1.0,1.0,1.0,1.0,1.0,1.0,1.0,1.0,0.88050187,1.0,1.0,1.0,0.99999994,1.0,1.0,1.0,1.0,1.0,1.0,1.0,1.0,1.0,0.99998945,1.0,1.0,1.0,1.0,1.0,1.0,1.0,1.0,1.0,1.0,1.0,1.0,1.0,1.0,1.0,1.0,1.0,1.0,1.0,1.0,1.0,1.0,1.0,1.0,1.0,1.0,1.0,1.0,1.0,1.0,1.0,1.0,1.0,1.0,1.0,1.0,1.0,1.0,0.72956556,1.0,1.0,1.0,1.0,1.0,0.99999994,1.0,1.0,1.0,1.0,1.0,1.0,1.0,1.0,1.0,1.0,1.0,1.0,1.0,1.0,1.0,1.0,0.9999994,0.99852175,0.98480177,1.0,1.0,1.0,1.0,1.0,1.0,1.0,1.0,1.0,1.0,1.0,1.0,1.0,0.9999981,0.9999994,1.0,1.0,1.0,1.0,0.8340483,1.0,1.0,1.0,1.0,1.0,1.0,1.0,1.0,1.0,1.0,1.0,1.0,1.0,1.0,1.0,1.0,1.0,1.0,1.0,1.0,1.0,1.0,1.0,1.0,1.0,1.0,1.0,1.0,1.0,1.0,1.0,1.0,1.0,0.99999994,1.0,1.0,1.0,0.9999996,1.0,1.0,1.0,1.0,1.0,1.0,1.0,1.0,1.0,1.0,1.0,1.0,1.0,1.0,1.0,0.99448746,0.99999887,0.99999976,1.0,0.9999998,1.0,1.0,1.0,1.0,1.0,1.0,1.0,1.0,1.0,1.0,1.0,1.0,1.0,1.0,1.0,0.9999926,1.0,1.0,0.8954799,1.0,1.0,1.0,1.0,1.0,1.0,1.0,1.0,1.0,1.0,0.99999356,1.0,1.0,1.0,1.0,1.0,1.0,1.0,1.0,0.9711356,1.0,1.0,1.0
NCBP2_HepG2,1.0,1.0,1.0,1.0,1.0,1.0,1.0,1.0,1.0,1.0,1.0,1.0,1.0,1.0,1.0,1.0,1.0,1.0,1.0,1.0,1.0,1.0,1.0,1.0,0.880513,1.0,1.0,1.0,0.99999994,1.0,1.0,1.0,1.0,1.0,1.0,1.0,1.0,1.0,0.9999894,1.0,1.0,1.0,1.0,1.0,1.0,1.0,1.0,1.0,1.0,1.0,1.0,1.0,1.0,1.0,1.0,1.0,1.0,1.0,1.0,1.0,1.0,1.0,1.0,1.0,1.0,1.0,1.0,1.0,1.0,1.0,1.0,1.0,1.0,1.0,1.0,1.0,1.0,0.7295494,1.0,1.0,1.0,1.0,1.0,0.99999994,1.0,1.0,1.0,1.0,1.0,1.0,1.0,1.0,1.0,1.0,1.0,1.0,1.0,1.0,1.0,1.0,0.9999994,0.99852043,0.9848058,1.0,1.0,1.0,1.0,1.0,1.0,1.0,1.0,1.0,1.0,1.0,1.0,1.0,0.99999803,0.99999934,1.0,1.0,1.0,1.0,0.8340613,1.0,1.0,1.0,1.0,1.0,1.0,1.0,1.0,1.0,1.0,1.0,1.0,1.0,1.0,1.0,1.0,1.0,1.0,1.0,1.0,1.0,1.0,1.0,1.0,1.0,1.0,1.0,1.0,1.0,1.0,1.0,1.0,1.0,0.99999994,1.0,1.0,1.0,0.9999996,1.0,1.0,1.0,1.0,1.0,1.0,1.0,1.0,1.0,1.0,1.0,1.0,1.0,1.0,1.0,0.994485,0.99999887,0.99999976,1.0,0.9999998,1.0,1.0,1.0,1.0,1.0,1.0,1.0,1.0,1.0,1.0,1.0,1.0,1.0,1.0,1.0,0.99999255,1.0,1.0,0.8954694,1.0,1.0,1.0,1.0,1.0,1.0,1.0,1.0,1.0,1.0,0.9999937,1.0,1.0,1.0,1.0,1.0,1.0,1.0,1.0,0.9711413,1.0,1.0,1.0
NCBP2_K562,1.0,1.0,1.0,1.0,1.0,1.0,1.0,1.0,1.0,1.0,1.0,1.0,1.0,1.0,1.0,1.0,1.0,1.0,1.0,1.0,1.0,1.0,1.0,1.0,0.88055867,1.0,1.0,1.0,0.99999994,1.0,1.0,1.0,1.0,1.0,1.0,1.0,1.0,1.0,0.9999889,1.0,1.0,1.0,1.0,1.0,1.0,1.0,1.0,1.0,1.0,1.0,1.0,1.0,1.0,1.0,1.0,1.0,1.0,1.0,1.0,1.0,1.0,1.0,1.0,1.0,1.0,1.0,1.0,1.0,1.0,1.0,1.0,1.0,1.0,1.0,1.0,1.0,1.0,0.7294836,1.0,1.0,1.0,1.0,1.0,0.99999994,1.0,1.0,1.0,1.0,1.0,1.0,1.0,1.0,1.0,1.0,1.0,1.0,1.0,1.0,1.0,1.0,0.9999993,0.9985152,0.9848226,1.0,1.0,1.0,1.0,1.0,1.0,1.0,1.0,1.0,1.0,1.0,1.0,1.0,0.99999785,0.9999992,1.0,1.0,1.0,1.0,0.8341144,1.0,1.0,1.0,1.0,1.0,1.0,1.0,1.0,1.0,1.0,1.0,1.0,1.0,1.0,1.0,1.0,1.0,1.0,1.0,1.0,1.0,1.0,1.0,1.0,1.0,1.0,1.0,1.0,1.0,1.0,1.0,1.0,1.0,0.9999999,1.0,1.0,1.0,0.99999946,1.0,1.0,1.0,1.0,1.0,1.0,1.0,1.0,1.0,1.0,1.0,1.0,1.0,1.0,1.0,0.9944749,0.9999987,0.99999964,1.0,0.99999976,1.0,1.0,1.0,1.0,1.0,1.0,1.0,1.0,1.0,1.0,1.0,1.0,1.0,1.0,1.0,0.9999922,1.0,1.0,0.8954266,1.0,1.0,1.0,1.0,1.0,1.0,1.0,1.0,1.0,1.0,0.999994,1.0,1.0,1.0,1.0,1.0,1.0,1.0,1.0,0.9711642,1.0,1.0,1.0
NIP7_HepG2,1.0,1.0,1.0,1.0,1.0,1.0,1.0,1.0,1.0,1.0,1.0,1.0,1.0,1.0,1.0,1.0,1.0,1.0,1.0,1.0,1.0,1.0,1.0,1.0,0.88044614,1.0,1.0,1.0,1.0,1.0,1.0,1.0,1.0,1.0,1.0,1.0,1.0,1.0,0.99999,1.0,1.0,1.0,1.0,1.0,1.0,1.0,1.0,1.0,1.0,1.0,1.0,1.0,1.0,1.0,1.0,1.0,1.0,1.0,1.0,1.0,1.0,1.0,1.0,1.0,1.0,1.0,1.0,1.0,1.0,1.0,1.0,1.0,1.0,1.0,1.0,1.0,1.0,0.7296459,1.0,1.0,1.0,1.0,1.0,0.9999999,1.0,1.0,1.0,1.0,1.0,1.0,1.0,1.0,1.0,1.0,1.0,1.0,1.0,1.0,1.0,1.0,0.9999995,0.9985281,0.9847813,1.0,1.0,1.0,1.0,1.0,1.0,1.0,1.0,1.0,1.0,1.0,1.0,1.0,0.99999833,0.9999995,1.0,1.0,1.0,1.0,0.8339834,1.0,1.0,1.0,1.0,1.0,1.0,1.0,1.0,1.0,1.0,1.0,1.0,1.0,1.0,1.0,1.0,1.0,0.99999994,1.0,1.0,1.0,1.0,1.0,1.0,1.0,1.0,1.0,1.0,1.0,1.0,1.0,1.0,1.0,1.0,1.0,1.0,1.0,0.9999997,1.0,1.0,1.0,1.0,1.0,1.0,1.0,1.0,1.0,1.0,1.0,1.0,1.0,1.0,1.0,0.9944998,0.99999905,0.9999998,1.0,0.9999999,1.0,1.0,1.0,1.0,1.0,1.0,1.0,1.0,1.0,1.0,1.0,1.0,1.0,1.0,1.0,0.9999931,1.0,1.0,0.8955322,1.0,1.0,1.0,1.0,1.0,1.0,1.0,1.0,0.99999994,1.0,0.99999315,0.99999994,1.0,1.0,1.0,1.0,1.0,1.0,1.0,0.9711076,1.0,1.0,1.0
NIPBL_K562,1.0,1.0,1.0,1.0,1.0,1.0,1.0,1.0,1.0,1.0,1.0,1.0,1.0,1.0,1.0,1.0,1.0,1.0,1.0,1.0,1.0,1.0,1.0,1.0,0.8805003,1.0,1.0,1.0,0.99999994,1.0,1.0,1.0,1.0,1.0,1.0,1.0,1.0,1.0,0.9999895,1.0,1.0,1.0,1.0,1.0,1.0,1.0,1.0,1.0,1.0,1.0,1.0,1.0,1.0,1.0,1.0,1.0,1.0,1.0,1.0,1.0,1.0,1.0,1.0,1.0,1.0,1.0,1.0,1.0,1.0,1.0,1.0,1.0,1.0,1.0,1.0,1.0,1.0,0.72956777,1.0,1.0,1.0,1.0,1.0,0.99999994,1.0,1.0,1.0,1.0,1.0,1.0,1.0,1.0,1.0,1.0,1.0,1.0,1.0,1.0,1.0,1.0,0.99999946,0.99852186,0.9848012,1.0,1.0,1.0,1.0,1.0,1.0,1.0,1.0,1.0,1.0,1.0,1.0,1.0,0.9999981,0.9999994,1.0,1.0,1.0,1.0,0.8340465,1.0,1.0,1.0,1.0,1.0,1.0,1.0,1.0,1.0,1.0,1.0,1.0,1.0,1.0,1.0,1.0,1.0,1.0,1.0,1.0,1.0,1.0,1.0,1.0,1.0,1.0,1.0,1.0,1.0,1.0,1.0,1.0,1.0,0.99999994,1.0,1.0,1.0,0.9999996,1.0,1.0,1.0,1.0,1.0,1.0,1.0,1.0,1.0,1.0,1.0,1.0,1.0,1.0,1.0,0.9944878,0.99999887,0.99999976,1.0,0.9999998,1.0,1.0,1.0,1.0,1.0,1.0,1.0,1.0,1.0,1.0,1.0,1.0,1.0,1.0,1.0,0.99999267,1.0,1.0,0.8954814,1.0,1.0,1.0,1.0,1.0,1.0,1.0,1.0,1.0,1.0,0.99999356,1.0,1.0,1.0,1.0,1.0,1.0,1.0,1.0,0.97113484,1.0,1.0,1.0
NKRF_HepG2,1.0,1.0,1.0,1.0,1.0,1.0,1.0,1.0,1.0,1.0,1.0,1.0,1.0,1.0,1.0,1.0,1.0,1.0,1.0,1.0,1.0,1.0,1.0,1.0,0.8805042,1.0,1.0,1.0,0.99999994,1.0,1.0,1.0,1.0,1.0,1.0,1.0,1.0,1.0,0.99998945,1.0,1.0,1.0,1.0,1.0,1.0,1.0,1.0,1.0,1.0,1.0,1.0,1.0,1.0,1.0,1.0,1.0,1.0,1.0,1.0,1.0,1.0,1.0,1.0,1.0,1.0,1.0,1.0,1.0,1.0,1.0,1.0,1.0,1.0,1.0,1.0,1.0,1.0,0.72956216,1.0,1.0,1.0,1.0,1.0,0.99999994,1.0,1.0,1.0,1.0,1.0,1.0,1.0,1.0,1.0,1.0,1.0,1.0,1.0,1.0,1.0,1.0,0.9999994,0.99852145,0.9848026,1.0,1.0,1.0,1.0,1.0,1.0,1.0,1.0,1.0,1.0,1.0,1.0,1.0,0.9999981,0.99999934,1.0,1.0,1.0,1.0,0.834051,1.0,1.0,1.0,1.0,1.0,1.0,1.0,1.0,1.0,1.0,1.0,1.0,1.0,1.0,1.0,1.0,1.0,1.0,1.0,1.0,1.0,1.0,1.0,1.0,1.0,1.0,1.0,1.0,1.0,1.0,1.0,1.0,1.0,0.99999994,1.0,1.0,1.0,0.9999996,1.0,1.0,1.0,1.0,1.0,1.0,1.0,1.0,1.0,1.0,1.0,1.0,1.0,1.0,1.0,0.9944869,0.99999887,0.99999976,1.0,0.9999998,1.0,1.0,1.0,1.0,1.0,1.0,1.0,1.0,1.0,1.0,1.0,1.0,1.0,1.0,1.0,0.9999926,1.0,1.0,0.8954777,1.0,1.0,1.0,1.0,1.0,1.0,1.0,1.0,1.0,1.0,0.9999936,1.0,1.0,1.0,1.0,1.0,1.0,1.0,1.0,0.9711368,1.0,1.0,1.0
NOL12_HepG2,1.0,1.0,1.0,1.0,1.0,1.0,1.0,1.0,1.0,1.0,1.0,1.0,1.0,1.0,1.0,1.0,1.0,1.0,1.0,1.0,1.0,1.0,1.0,1.0,0.8805144,1.0,1.0,1.0,0.99999994,1.0,1.0,1.0,1.0,1.0,1.0,1.0,1.0,1.0,0.99998933,1.0,1.0,1.0,1.0,1.0,1.0,1.0,1.0,1.0,1.0,1.0,1.0,1.0,1.0,1.0,1.0,1.0,1.0,1.0,1.0,1.0,1.0,1.0,1.0,1.0,1.0,1.0,1.0,1.0,1.0,1.0,1.0,1.0,1.0,1.0,1.0,1.0,1.0,0.7295475,1.0,1.0,1.0,1.0,1.0,0.99999994,1.0,1.0,1.0,1.0,1.0,1.0,1.0,1.0,1.0,1.0,1.0,1.0,1.0,1.0,1.0,1.0,0.9999994,0.99852026,0.98480636,1.0,1.0,1.0,1.0,1.0,1.0,1.0,1.0,1.0,1.0,1.0,1.0,1.0,0.99999803,0.99999934,1.0,1.0,1.0,1.0,0.8340628,1.0,1.0,1.0,1.0,1.0,1.0,1.0,1.0,1.0,1.0,1.0,1.0,1.0,1.0,1.0,1.0,1.0,1.0,1.0,1.0,1.0,1.0,1.0,1.0,1.0,1.0,1.0,1.0,1.0,1.0,1.0,1.0,1.0,0.99999994,1.0,1.0,1.0,0.9999996,1.0,1.0,1.0,1.0,1.0,1.0,1.0,1.0,1.0,1.0,1.0,1.0,1.0,1.0,1.0,0.9944847,0.99999887,0.99999976,1.0,0.9999998,1.0,1.0,1.0,1.0,1.0,1.0,1.0,1.0,1.0,1.0,1.0,1.0,1.0,1.0,1.0,0.99999255,1.0,1.0,0.8954682,1.0,1.0,1.0,1.0,1.0,1.0,1.0,1.0,1.0,1.0,0.9999937,1.0,1.0,1.0,1.0,1.0,1.0,1.0,1.0,0.97114193,1.0,1.0,1.0
NOLC1_HepG2,0.99999803,0.9999981,0.99999803,0.9999981,0.9999981,0.9999981,0.99999803,0.9999981,0.999998,0.9999981,0.9999981,0.9999981,0.9999981,0.9999981,0.9999981,0.999998,0.9999981,0.9999981,0.9999981,0.99999803,0.9999981,0.99999803,0.9999981,0.9999981,0.87957567,0.9999981,0.9999981,0.99999815,0.99999857,0.99999803,0.9999981,0.99999803,0.99999803,0.9999981,0.9999981,0.9999982,0.9999981,0.9999981,0.99999654,0.9999981,0.9999981,0.9999981,0.9999981,0.99999803,0.99999815,0.99999803,0.99999803,0.99999803,0.9999982,0.999998,0.99999803,0.99999803,0.9999981,0.9999981,0.999998,0.99999815,0.99999815,0.999998,0.99999803,0.99999803,0.9999981,0.9999981,0.9999981,0.99999803,0.9999981,0.99999803,0.99999803,0.9999981,0.9999981,0.9999981,0.99999803,0.9999979,0.99999803,0.99999803,0.9999981,0.9999981,0.999998,0.73089796,0.99999803,0.99999803,0.9999982,0.99999803,0.99999803,0.9999973,0.9999981,0.99999815,0.999998,0.9999981,0.9999981,0.9999981,0.99999815,0.9999981,0.99999803,0.999998,0.99999815,0.99999803,0.99999803,0.99999803,0.9999981,0.9999981,0.9999996,0.9986258,0.9844611,0.9999981,0.9999981,0.99999803,0.999998,0.99999815,0.9999981,0.9999981,0.99999803,0.99999785,0.99999833,0.9999981,0.9999981,0.99999803,1.0,0.99999964,0.99999803,0.99999803,0.999998,0.999998,0.83297074,0.9999981,0.99999815,0.999998,0.99999815,0.99999803,0.9999981,0.9999981,0.9999981,0.99999803,0.999998,0.99999815,0.99999815,0.9999981,0.9999981,0.99999815,0.99999803,0.99999803,0.9999977,0.99999803,0.9999981,0.9999979,0.99999833,0.999998,0.99999803,0.99999803,0.9999981,0.99999803,0.9999981,0.9999981,0.9999981,0.99999815,0.99999803,0.99999803,0.99999875,0.9999979,0.99999815,0.99999803,0.99999946,0.99999815,0.999998,0.99999803,0.9999981,0.9999981,0.9999981,0.9999981,0.9999981,0.9999981,0.9999981,0.9999981,0.99999815,0.999998,0.99999803,0.9999981,0.99469006,0.9999999,0.9999992,0.9999981,0.99999905,0.99999803,0.99999815,0.99999815,0.9999981,0.99999815,0.9999979,0.9999981,0.99999803,0.999998,0.99999803,0.99999815,0.9999981,0.9999981,0.99999803,0.99999803,0.9999982,0.9999981,0.99999803,0.8963463,0.999998,0.9999981,0.9999981,0.9999981,0.9999981,0.9999981,0.9999981,0.9999982,0.9999976,0.99999803,0.9999847,0.9999977,0.99999803,0.9999981,0.9999981,0.9999981,0.99999803,0.9999981,0.999998,0.97066855,0.9999981,0.9999981,0.999998
NOLC1_K562,0.99999934,0.99999934,0.99999934,0.99999934,0.99999934,0.9999994,0.99999934,0.99999934,0.99999934,0.99999934,0.9999994,0.9999994,0.99999934,0.99999934,0.99999934,0.9999993,0.99999934,0.9999994,0.9999994,0.99999934,0.9999994,0.99999934,0.9999994,0.99999934,0.87997276,0.9999994,0.99999934,0.9999994,0.99999964,0.99999934,0.9999994,0.99999934,0.99999934,0.9999994,0.9999994,0.99999946,0.9999994,0.99999934,0.999994,0.99999934,0.9999994,0.9999994,0.99999934,0.99999934,0.9999994,0.99999934,0.99999934,0.99999934,0.99999946,0.99999934,0.99999934,0.99999934,0.9999994,0.9999994,0.9999993,0.9999994,0.9999994,0.9999993,0.99999934,0.99999934,0.99999934,0.9999994,0.99999934,0.99999934,0.99999934,0.99999934,0.99999934,0.99999934,0.99999934,0.9999994,0.99999934,0.9999993,0.99999934,0.99999934,0.9999994,0.99999934,0.9999993,0.7303277,0.99999934,0.99999934,0.9999994,0.99999934,0.99999934,0.99999887,0.9999994,0.9999994,0.9999993,0.9999994,0.9999994,0.99999934,0.9999994,0.99999934,0.99999934,0.9999993,0.9999994,0.99999934,0.99999934,0.99999934,0.9999994,0.9999994,1.0,0.9985817,0.98460746,0.9999994,0.9999994,0.99999934,0.99999934,0.9999994,0.99999934,0.9999994,0.99999934,0.9999992,0.9999995,0.9999994,0.99999934,0.99999934,0.99999964,1.0,0.99999934,0.99999934,0.99999934,0.9999993,0.83343256,0.99999934,0.9999994,0.99999934,0.9999994,0.99999934,0.99999934,0.9999994,0.9999994,0.99999934,0.99999934,0.9999994,0.9999994,0.99999934,0.9999994,0.9999994,0.99999934,0.99999934,0.99999917,0.99999934,0.99999934,0.9999993,0.9999995,0.99999934,0.99999934,0.99999934,0.99999934,0.99999934,0.9999994,0.9999994,0.9999994,0.9999994,0.99999934,0.99999934,0.9999997,0.9999993,0.9999994,0.99999934,1.0,0.9999994,0.9999993,0.99999934,0.99999934,0.9999994,0.9999994,0.99999934,0.9999994,0.99999934,0.99999934,0.99999934,0.9999994,0.9999993,0.99999934,0.99999934,0.99460375,0.99999994,0.99999994,0.99999934,0.9999999,0.99999934,0.9999994,0.9999994,0.9999994,0.9999994,0.9999993,0.9999994,0.99999934,0.9999993,0.99999934,0.9999994,0.9999994,0.99999934,0.99999934,0.99999934,0.9999963,0.99999934,0.99999934,0.89597565,0.99999934,0.9999994,0.9999994,0.9999994,0.9999994,0.9999994,0.9999994,0.9999994,0.9999991,0.99999934,0.999989,0.99999917,0.99999934,0.9999994,0.99999934,0.99999934,0.99999934,0.9999994,0.9999993,0.97086906,0.99999934,0.9999994,0.9999993
NONO_K562,1.0,1.0,1.0,1.0,1.0,1.0,1.0,1.0,1.0,1.0,1.0,1.0,1.0,1.0,1.0,1.0,1.0,1.0,1.0,1.0,1.0,1.0,1.0,1.0,0.880518,1.0,1.0,1.0,0.99999994,1.0,1.0,1.0,1.0,1.0,1.0,1.0,1.0,1.0,0.99998933,1.0,1.0,1.0,1.0,1.0,1.0,1.0,1.0,1.0,1.0,1.0,1.0,1.0,1.0,1.0,1.0,1.0,1.0,1.0,1.0,1.0,1.0,1.0,1.0,1.0,1.0,1.0,1.0,1.0,1.0,1.0,1.0,1.0,1.0,1.0,1.0,1.0,1.0,0.7295422,1.0,1.0,1.0,1.0,1.0,0.99999994,1.0,1.0,1.0,1.0,1.0,1.0,1.0,1.0,1.0,1.0,1.0,1.0,1.0,1.0,1.0,1.0,0.9999994,0.99851984,0.98480767,1.0,1.0,1.0,1.0,1.0,1.0,1.0,1.0,1.0,1.0,1.0,1.0,1.0,0.99999803,0.99999934,1.0,1.0,1.0,1.0,0.8340671,1.0,1.0,1.0,1.0,1.0,1.0,1.0,1.0,1.0,1.0,1.0,1.0,1.0,1.0,1.0,1.0,1.0,1.0,1.0,1.0,1.0,1.0,1.0,1.0,1.0,1.0,1.0,1.0,1.0,1.0,1.0,1.0,1.0,0.99999994,1.0,1.0,1.0,0.9999995,1.0,1.0,1.0,1.0,1.0,1.0,1.0,1.0,1.0,1.0,1.0,1.0,1.0,1.0,1.0,0.9944839,0.9999988,0.9999997,1.0,0.9999998,1.0,1.0,1.0,1.0,1.0,1.0,1.0,1.0,1.0,1.0,1.0,1.0,1.0,1.0,1.0,0.9999925,1.0,1.0,0.8954647,1.0,1.0,1.0,1.0,1.0,1.0,1.0,1.0,1.0,1.0,0.9999937,1.0,1.0,1.0,1.0,1.0,1.0,1.0,1.0,0.9711438,1.0,1.0,1.0
NPM1_K562,1.0,1.0,1.0,1.0,1.0,1.0,1.0,1.0,1.0,1.0,1.0,1.0,1.0,1.0,1.0,1.0,1.0,1.0,1.0,1.0,1.0,1.0,1.0,1.0,0.88052374,1.0,1.0,1.0,0.99999994,1.0,1.0,1.0,1.0,1.0,1.0,1.0,1.0,1.0,0.9999893,1.0,1.0,1.0,1.0,1.0,1.0,1.0,1.0,1.0,1.0,1.0,1.0,1.0,1.0,1.0,1.0,1.0,1.0,1.0,1.0,1.0,1.0,1.0,1.0,1.0,1.0,1.0,1.0,1.0,1.0,1.0,1.0,1.0,1.0,1.0,1.0,1.0,1.0,0.729534,1.0,1.0,1.0,1.0,1.0,0.99999994,1.0,1.0,1.0,1.0,1.0,1.0,1.0,1.0,1.0,1.0,1.0,1.0,1.0,1.0,1.0,1.0,0.9999994,0.9985192,0.98480976,1.0,1.0,1.0,1.0,1.0,1.0,1.0,1.0,1.0,1.0,1.0,1.0,1.0,0.99999803,0.99999934,1.0,1.0,1.0,1.0,0.8340738,1.0,1.0,1.0,1.0,1.0,1.0,1.0,1.0,1.0,1.0,1.0,1.0,1.0,1.0,1.0,1.0,1.0,1.0,1.0,1.0,1.0,1.0,1.0,1.0,1.0,1.0,1.0,1.0,1.0,1.0,1.0,1.0,1.0,0.99999994,1.0,1.0,1.0,0.9999995,1.0,1.0,1.0,1.0,1.0,1.0,1.0,1.0,1.0,1.0,1.0,1.0,1.0,1.0,1.0,0.99448264,0.9999988,0.9999997,1.0,0.9999998,1.0,1.0,1.0,1.0,1.0,1.0,1.0,1.0,1.0,1.0,1.0,1.0,1.0,1.0,1.0,0.99999243,1.0,1.0,0.89545935,1.0,1.0,1.0,1.0,1.0,1.0,1.0,1.0,1.0,1.0,0.99999374,1.0,1.0,1.0,1.0,1.0,1.0,1.0,1.0,0.97114664,1.0,1.0,1.0
NSUN2_K562,1.0,1.0,1.0,1.0,1.0,1.0,1.0,1.0,1.0,1.0,1.0,1.0,1.0,1.0,1.0,1.0,1.0,1.0,1.0,1.0,1.0,1.0,1.0,1.0,0.8805249,1.0,1.0,1.0,0.99999994,1.0,1.0,1.0,1.0,1.0,1.0,1.0,1.0,1.0,0.9999893,1.0,1.0,1.0,1.0,1.0,1.0,1.0,1.0,1.0,1.0,1.0,1.0,1.0,1.0,1.0,1.0,1.0,1.0,1.0,1.0,1.0,1.0,1.0,1.0,1.0,1.0,1.0,1.0,1.0,1.0,1.0,1.0,1.0,1.0,1.0,1.0,1.0,1.0,0.7295324,1.0,1.0,1.0,1.0,1.0,0.99999994,1.0,1.0,1.0,1.0,1.0,1.0,1.0,1.0,1.0,1.0,1.0,1.0,1.0,1.0,1.0,1.0,0.9999994,0.99851906,0.9848102,1.0,1.0,1.0,1.0,1.0,1.0,1.0,1.0,1.0,1.0,1.0,1.0,1.0,0.999998,0.99999934,1.0,1.0,1.0,1.0,0.834075,1.0,1.0,1.0,1.0,1.0,1.0,1.0,1.0,1.0,1.0,1.0,1.0,1.0,1.0,1.0,1.0,1.0,1.0,1.0,1.0,1.0,1.0,1.0,1.0,1.0,1.0,1.0,1.0,1.0,1.0,1.0,1.0,1.0,0.99999994,1.0,1.0,1.0,0.9999995,1.0,1.0,1.0,1.0,1.0,1.0,1.0,1.0,1.0,1.0,1.0,1.0,1.0,1.0,1.0,0.9944824,0.9999988,0.9999997,1.0,0.9999998,1.0,1.0,1.0,1.0,1.0,1.0,1.0,1.0,1.0,1.0,1.0,1.0,1.0,1.0,1.0,0.99999243,1.0,1.0,0.89545834,1.0,1.0,1.0,1.0,1.0,1.0,1.0,1.0,1.0,1.0,0.99999374,1.0,1.0,1.0,1.0,1.0,1.0,1.0,1.0,0.9711472,1.0,1.0,1.0
PABPC4_K562,1.0,1.0,1.0,1.0,1.0,1.0,1.0,1.0,1.0,1.0,1.0,1.0,1.0,1.0,1.0,1.0,1.0,1.0,1.0,1.0,1.0,1.0,1.0,1.0,0.8805308,1.0,1.0,1.0,0.99999994,1.0,1.0,1.0,1.0,1.0,1.0,1.0,1.0,1.0,0.9999892,1.0,1.0,1.0,1.0,1.0,1.0,1.0,1.0,1.0,1.0,1.0,1.0,1.0,1.0,1.0,1.0,1.0,1.0,1.0,1.0,1.0,1.0,1.0,1.0,1.0,1.0,1.0,1.0,1.0,1.0,1.0,1.0,1.0,1.0,1.0,1.0,1.0,1.0,0.7295238,1.0,1.0,1.0,1.0,1.0,0.99999994,1.0,1.0,1.0,1.0,1.0,1.0,1.0,1.0,1.0,1.0,1.0,1.0,1.0,1.0,1.0,1.0,0.99999934,0.9985184,0.9848123,1.0,1.0,1.0,1.0,1.0,1.0,1.0,1.0,1.0,1.0,1.0,1.0,1.0,0.999998,0.9999993,1.0,1.0,1.0,1.0,0.83408195,1.0,1.0,1.0,1.0,1.0,1.0,1.0,1.0,1.0,1.0,1.0,1.0,1.0,1.0,1.0,1.0,1.0,1.0,1.0,1.0,1.0,1.0,1.0,1.0,1.0,1.0,1.0,1.0,1.0,1.0,1.0,1.0,1.0,0.99999994,1.0,1.0,1.0,0.9999995,1.0,1.0,1.0,1.0,1.0,1.0,1.0,1.0,1.0,1.0,1.0,1.0,1.0,1.0,1.0,0.9944811,0.9999988,0.9999997,1.0,0.99999976,1.0,1.0,1.0,1.0,1.0,1.0,1.0,1.0,1.0,1.0,1.0,1.0,1.0,1.0,1.0,0.9999924,1.0,1.0,0.89545274,1.0,1.0,1.0,1.0,1.0,1.0,1.0,1.0,1.0,1.0,0.9999938,1.0,1.0,1.0,1.0,1.0,1.0,1.0,1.0,0.97115016,1.0,1.0,1.0
PABPN1_HepG2,0.8340611,0.8340531,0.83406174,0.8340543,0.8340566,0.834045,0.8340622,0.83405745,0.8340781,0.83405364,0.834048,0.8340416,0.83405614,0.8340506,0.8340573,0.8340845,0.8340551,0.8340436,0.8340466,0.83407366,0.834048,0.8340732,0.8340502,0.8340521,0.99590635,0.8340434,0.8340543,0.8340367,0.8339095,0.8340656,0.8340483,0.8340664,0.8340585,0.8340469,0.83404166,0.8340136,0.83404946,0.8340544,0.8315089,0.8340571,0.8340474,0.834048,0.83405757,0.83406365,0.83404046,0.83406085,0.8340606,0.8340655,0.8340108,0.83407485,0.8340593,0.83406574,0.83404934,0.83404493,0.8340849,0.83402723,0.834038,0.8340901,0.8340721,0.83406526,0.834053,0.83405,0.8340525,0.834072,0.834056,0.83406097,0.83406276,0.834055,0.8340561,0.83404493,0.8340622,0.8340985,0.8340725,0.83407176,0.83404934,0.83405477,0.8340871,0.23118502,0.83407044,0.8340672,0.83402324,0.8340613,0.83406955,0.8342565,0.8340484,0.83403033,0.83408976,0.83404267,0.8340424,0.8340513,0.83403903,0.8340516,0.8340598,0.8340889,0.8340344,0.8340708,0.83405995,0.8340693,0.83404744,0.83404523,0.8334605,0.80282855,0.9171912,0.83404934,0.8340431,0.8340659,0.83407515,0.83403784,0.834052,0.8340483,0.8340613,0.8341144,0.8339834,0.8340465,0.834051,0.8340628,0.83297074,0.83343256,0.8340671,0.8340738,0.834075,0.83408195,1.0,0.83405787,0.83403957,0.8340783,0.8340404,0.83405894,0.8340519,0.834047,0.8340477,0.8340642,0.8340767,0.83403796,0.8340362,0.8340538,0.8340443,0.8340397,0.8340653,0.8340626,0.83415574,0.8340683,0.8340531,0.83409405,0.8339869,0.8340768,0.8340636,0.83406013,0.834058,0.83406544,0.8340461,0.8340448,0.83404917,0.83403176,0.83406353,0.8340739,0.83385056,0.83410263,0.83403957,0.8340707,0.833545,0.8340409,0.83408284,0.83407444,0.8340522,0.8340491,0.83404773,0.8340554,0.83404356,0.83405405,0.8340524,0.83405745,0.8340389,0.8340822,0.8340587,0.83405685,0.7716027,0.83322096,0.83365935,0.83405805,0.83372223,0.8340624,0.8340397,0.83403665,0.8340474,0.8340337,0.83410025,0.8340428,0.83407444,0.83408326,0.83407146,0.8340377,0.8340429,0.83405125,0.83406514,0.8340617,0.8319243,0.8340505,0.8340602,0.50131446,0.834075,0.8340481,0.8340467,0.8340459,0.83404297,0.83404815,0.8340491,0.83402234,0.8341697,0.83406645,0.8360188,0.83415544,0.83406353,0.8340475,0.83405536,0.8340576,0.8340627,0.83404416,0.8340859,0.94156784,0.83405316,0.8340449,0.83408374
PCBP1_HepG2,1.0,1.0,1.0,1.0,1.0,1.0,1.0,1.0,1.0,1.0,1.0,1.0,1.0,1.0,1.0,1.0,1.0,1.0,1.0,1.0,1.0,1.0,1.0,1.0,0.8805101,1.0,1.0,1.0,0.99999994,1.0,1.0,1.0,1.0,1.0,1.0,1.0,1.0,1.0,0.9999894,1.0,1.0,1.0,1.0,1.0,1.0,1.0,1.0,1.0,1.0,1.0,1.0,1.0,1.0,1.0,1.0,1.0,1.0,1.0,1.0,1.0,1.0,1.0,1.0,1.0,1.0,1.0,1.0,1.0,1.0,1.0,1.0,1.0,1.0,1.0,1.0,1.0,1.0,0.72955364,1.0,1.0,1.0,1.0,1.0,0.99999994,1.0,1.0,1.0,1.0,1.0,1.0,1.0,1.0,1.0,1.0,1.0,1.0,1.0,1.0,1.0,1.0,0.9999994,0.9985208,0.98480475,1.0,1.0,1.0,1.0,1.0,1.0,1.0,1.0,1.0,1.0,1.0,1.0,1.0,0.9999981,0.99999934,1.0,1.0,1.0,1.0,0.83405787,1.0,1.0,1.0,1.0,1.0,1.0,1.0,1.0,1.0,1.0,1.0,1.0,1.0,1.0,1.0,1.0,1.0,1.0,1.0,1.0,1.0,1.0,1.0,1.0,1.0,1.0,1.0,1.0,1.0,1.0,1.0,1.0,1.0,0.99999994,1.0,1.0,1.0,0.9999996,1.0,1.0,1.0,1.0,1.0,1.0,1.0,1.0,1.0,1.0,1.0,1.0,1.0,1.0,1.0,0.9944856,0.99999887,0.99999976,1.0,0.9999998,1.0,1.0,1.0,1.0,1.0,1.0,1.0,1.0,1.0,1.0,1.0,1.0,1.0,1.0,1.0,0.99999255,1.0,1.0,0.89547217,1.0,1.0,1.0,1.0,1.0,1.0,1.0,1.0,1.0,1.0,0.9999936,1.0,1.0,1.0,1.0,1.0,1.0,1.0,1.0,0.9711398,1.0,1.0,1.0
PCBP1_K562,1.0,1.0,1.0,1.0,1.0,1.0,1.0,1.0,1.0,1.0,1.0,1.0,1.0,1.0,1.0,1.0,1.0,1.0,1.0,1.0,1.0,1.0,1.0,1.0,0.8804944,1.0,1.0,1.0,1.0,1.0,1.0,1.0,1.0,1.0,1.0,1.0,1.0,1.0,0.99998957,1.0,1.0,1.0,1.0,1.0,1.0,1.0,1.0,1.0,1.0,1.0,1.0,1.0,1.0,1.0,1.0,1.0,1.0,1.0,1.0,1.0,1.0,1.0,1.0,1.0,1.0,1.0,1.0,1.0,1.0,1.0,1.0,1.0,1.0,1.0,1.0,1.0,1.0,0.72957635,1.0,1.0,1.0,1.0,1.0,0.99999994,1.0,1.0,1.0,1.0,1.0,1.0,1.0,1.0,1.0,1.0,1.0,1.0,1.0,1.0,1.0,1.0,0.99999946,0.9985226,0.984799,1.0,1.0,1.0,1.0,1.0,1.0,1.0,1.0,1.0,1.0,1.0,1.0,1.0,0.99999815,0.9999994,1.0,1.0,1.0,1.0,0.83403957,1.0,1.0,1.0,1.0,1.0,1.0,1.0,1.0,1.0,1.0,1.0,1.0,1.0,1.0,1.0,1.0,1.0,1.0,1.0,1.0,1.0,1.0,1.0,1.0,1.0,1.0,1.0,1.0,1.0,1.0,1.0,1.0,1.0,0.99999994,1.0,1.0,1.0,0.9999996,1.0,1.0,1.0,1.0,1.0,1.0,1.0,1.0,1.0,1.0,1.0,1.0,1.0,1.0,1.0,0.99448913,0.9999989,0.99999976,1.0,0.9999998,1.0,1.0,1.0,1.0,1.0,1.0,1.0,1.0,1.0,1.0,1.0,1.0,1.0,1.0,1.0,0.99999267,1.0,1.0,0.89548695,1.0,1.0,1.0,1.0,1.0,1.0,1.0,1.0,1.0,1.0,0.9999935,1.0,1.0,1.0,1.0,1.0,1.0,1.0,1.0,0.97113186,1.0,1.0,1.0
PCBP2_HepG2,1.0,1.0,1.0,1.0,1.0,1.0,1.0,1.0,1.0,1.0,1.0,1.0,1.0,1.0,1.0,1.0,1.0,1.0,1.0,1.0,1.0,1.0,1.0,1.0,0.8805277,1.0,1.0,1.0,0.99999994,1.0,1.0,1.0,1.0,1.0,1.0,1.0,1.0,1.0,0.9999892,1.0,1.0,1.0,1.0,1.0,1.0,1.0,1.0,1.0,1.0,1.0,1.0,1.0,1.0,1.0,1.0,1.0,1.0,1.0,1.0,1.0,1.0,1.0,1.0,1.0,1.0,1.0,1.0,1.0,1.0,1.0,1.0,1.0,1.0,1.0,1.0,1.0,1.0,0.7295283,1.0,1.0,1.0,1.0,1.0,0.99999994,1.0,1.0,1.0,1.0,1.0,1.0,1.0,1.0,1.0,1.0,1.0,1.0,1.0,1.0,1.0,1.0,0.99999934,0.99851876,0.9848112,1.0,1.0,1.0,1.0,1.0,1.0,1.0,1.0,1.0,1.0,1.0,1.0,1.0,0.999998,0.99999934,1.0,1.0,1.0,1.0,0.8340783,1.0,1.0,1.0,1.0,1.0,1.0,1.0,1.0,1.0,1.0,1.0,1.0,1.0,1.0,1.0,1.0,1.0,1.0,1.0,1.0,1.0,1.0,1.0,1.0,1.0,1.0,1.0,1.0,1.0,1.0,1.0,1.0,1.0,0.99999994,1.0,1.0,1.0,0.9999995,1.0,1.0,1.0,1.0,1.0,1.0,1.0,1.0,1.0,1.0,1.0,1.0,1.0,1.0,1.0,0.99448174,0.9999988,0.9999997,1.0,0.9999998,1.0,1.0,1.0,1.0,1.0,1.0,1.0,1.0,1.0,1.0,1.0,1.0,1.0,1.0,1.0,0.99999243,1.0,1.0,0.89545566,1.0,1.0,1.0,1.0,1.0,1.0,1.0,1.0,1.0,1.0,0.9999938,1.0,1.0,1.0,1.0,1.0,1.0,1.0,1.0,0.9711486,1.0,1.0,1.0
PHF6_K562,1.0,1.0,1.0,1.0,1.0,1.0,1.0,1.0,1.0,1.0,1.0,1.0,1.0,1.0,1.0,1.0,1.0,1.0,1.0,1.0,1.0,1.0,1.0,1.0,0.8804951,1.0,1.0,1.0,1.0,1.0,1.0,1.0,1.0,1.0,1.0,1.0,1.0,1.0,0.99998957,1.0,1.0,1.0,1.0,1.0,1.0,1.0,1.0,1.0,1.0,1.0,1.0,1.0,1.0,1.0,1.0,1.0,1.0,1.0,1.0,1.0,1.0,1.0,1.0,1.0,1.0,1.0,1.0,1.0,1.0,1.0,1.0,1.0,1.0,1.0,1.0,1.0,1.0,0.7295753,1.0,1.0,1.0,1.0,1.0,0.99999994,1.0,1.0,1.0,1.0,1.0,1.0,1.0,1.0,1.0,1.0,1.0,1.0,1.0,1.0,1.0,1.0,0.99999946,0.9985225,0.98479927,1.0,1.0,1.0,1.0,1.0,1.0,1.0,1.0,1.0,1.0,1.0,1.0,1.0,0.99999815,0.9999994,1.0,1.0,1.0,1.0,0.8340404,1.0,1.0,1.0,1.0,1.0,1.0,1.0,1.0,1.0,1.0,1.0,1.0,1.0,1.0,1.0,1.0,1.0,1.0,1.0,1.0,1.0,1.0,1.0,1.0,1.0,1.0,1.0,1.0,1.0,1.0,1.0,1.0,1.0,0.99999994,1.0,1.0,1.0,0.9999996,1.0,1.0,1.0,1.0,1.0,1.0,1.0,1.0,1.0,1.0,1.0,1.0,1.0,1.0,1.0,0.99448895,0.9999989,0.99999976,1.0,0.9999998,1.0,1.0,1.0,1.0,1.0,1.0,1.0,1.0,1.0,1.0,1.0,1.0,1.0,1.0,1.0,0.99999267,1.0,1.0,0.8954863,1.0,1.0,1.0,1.0,1.0,1.0,1.0,1.0,1.0,1.0,0.99999356,1.0,1.0,1.0,1.0,1.0,1.0,1.0,1.0,0.9711322,1.0,1.0,1.0
POLR2G_HepG2,1.0,1.0,1.0,1.0,1.0,1.0,1.0,1.0,1.0,1.0,1.0,1.0,1.0,1.0,1.0,1.0,1.0,1.0,1.0,1.0,1.0,1.0,1.0,1.0,0.88051105,1.0,1.0,1.0,0.99999994,1.0,1.0,1.0,1.0,1.0,1.0,1.0,1.0,1.0,0.9999894,1.0,1.0,1.0,1.0,1.0,1.0,1.0,1.0,1.0,1.0,1.0,1.0,1.0,1.0,1.0,1.0,1.0,1.0,1.0,1.0,1.0,1.0,1.0,1.0,1.0,1.0,1.0,1.0,1.0,1.0,1.0,1.0,1.0,1.0,1.0,1.0,1.0,1.0,0.7295523,1.0,1.0,1.0,1.0,1.0,0.99999994,1.0,1.0,1.0,1.0,1.0,1.0,1.0,1.0,1.0,1.0,1.0,1.0,1.0,1.0,1.0,1.0,0.9999994,0.9985207,0.9848051,1.0,1.0,1.0,1.0,1.0,1.0,1.0,1.0,1.0,1.0,1.0,1.0,1.0,0.99999803,0.99999934,1.0,1.0,1.0,1.0,0.83405894,1.0,1.0,1.0,1.0,1.0,1.0,1.0,1.0,1.0,1.0,1.0,1.0,1.0,1.0,1.0,1.0,1.0,1.0,1.0,1.0,1.0,1.0,1.0,1.0,1.0,1.0,1.0,1.0,1.0,1.0,1.0,1.0,1.0,0.99999994,1.0,1.0,1.0,0.9999996,1.0,1.0,1.0,1.0,1.0,1.0,1.0,1.0,1.0,1.0,1.0,1.0,1.0,1.0,1.0,0.99448544,0.99999887,0.99999976,1.0,0.9999998,1.0,1.0,1.0,1.0,1.0,1.0,1.0,1.0,1.0,1.0,1.0,1.0,1.0,1.0,1.0,0.99999255,1.0,1.0,0.8954713,1.0,1.0,1.0,1.0,1.0,1.0,1.0,1.0,1.0,1.0,0.9999937,1.0,1.0,1.0,1.0,1.0,1.0,1.0,1.0,0.97114027,1.0,1.0,1.0
PPIG_HepG2,1.0,1.0,1.0,1.0,1.0,1.0,1.0,1.0,1.0,1.0,1.0,1.0,1.0,1.0,1.0,1.0,1.0,1.0,1.0,1.0,1.0,1.0,1.0,1.0,0.88050497,1.0,1.0,1.0,0.99999994,1.0,1.0,1.0,1.0,1.0,1.0,1.0,1.0,1.0,0.99998945,1.0,1.0,1.0,1.0,1.0,1.0,1.0,1.0,1.0,1.0,1.0,1.0,1.0,1.0,1.0,1.0,1.0,1.0,1.0,1.0,1.0,1.0,1.0,1.0,1.0,1.0,1.0,1.0,1.0,1.0,1.0,1.0,1.0,1.0,1.0,1.0,1.0,1.0,0.7295611,1.0,1.0,1.0,1.0,1.0,0.99999994,1.0,1.0,1.0,1.0,1.0,1.0,1.0,1.0,1.0,1.0,1.0,1.0,1.0,1.0,1.0,1.0,0.9999994,0.9985213,0.9848029,1.0,1.0,1.0,1.0,1.0,1.0,1.0,1.0,1.0,1.0,1.0,1.0,1.0,0.9999981,0.99999934,1.0,1.0,1.0,1.0,0.8340519,1.0,1.0,1.0,1.0,1.0,1.0,1.0,1.0,1.0,1.0,1.0,1.0,1.0,1.0,1.0,1.0,1.0,1.0,1.0,1.0,1.0,1.0,1.0,1.0,1.0,1.0,1.0,1.0,1.0,1.0,1.0,1.0,1.0,0.99999994,1.0,1.0,1.0,0.9999996,1.0,1.0,1.0,1.0,1.0,1.0,1.0,1.0,1.0,1.0,1.0,1.0,1.0,1.0,1.0,0.99448675,0.99999887,0.99999976,1.0,0.9999998,1.0,1.0,1.0,1.0,1.0,1.0,1.0,1.0,1.0,1.0,1.0,1.0,1.0,1.0,1.0,0.9999926,1.0,1.0,0.895477,1.0,1.0,1.0,1.0,1.0,1.0,1.0,1.0,1.0,1.0,0.9999936,1.0,1.0,1.0,1.0,1.0,1.0,1.0,1.0,0.97113717,1.0,1.0,1.0
PPIL4_K562,1.0,1.0,1.0,1.0,1.0,1.0,1.0,1.0,1.0,1.0,1.0,1.0,1.0,1.0,1.0,1.0,1.0,1.0,1.0,1.0,1.0,1.0,1.0,1.0,0.8805008,1.0,1.0,1.0,0.99999994,1.0,1.0,1.0,1.0,1.0,1.0,1.0,1.0,1.0,0.9999895,1.0,1.0,1.0,1.0,1.0,1.0,1.0,1.0,1.0,1.0,1.0,1.0,1.0,1.0,1.0,1.0,1.0,1.0,1.0,1.0,1.0,1.0,1.0,1.0,1.0,1.0,1.0,1.0,1.0,1.0,1.0,1.0,1.0,1.0,1.0,1.0,1.0,1.0,0.72956705,1.0,1.0,1.0,1.0,1.0,0.99999994,1.0,1.0,1.0,1.0,1.0,1.0,1.0,1.0,1.0,1.0,1.0,1.0,1.0,1.0,1.0,1.0,0.99999946,0.99852186,0.98480135,1.0,1.0,1.0,1.0,1.0,1.0,1.0,1.0,1.0,1.0,1.0,1.0,1.0,0.9999981,0.9999994,1.0,1.0,1.0,1.0,0.834047,1.0,1.0,1.0,1.0,1.0,1.0,1.0,1.0,1.0,1.0,1.0,1.0,1.0,1.0,1.0,1.0,1.0,1.0,1.0,1.0,1.0,1.0,1.0,1.0,1.0,1.0,1.0,1.0,1.0,1.0,1.0,1.0,1.0,0.99999994,1.0,1.0,1.0,0.9999996,1.0,1.0,1.0,1.0,1.0,1.0,1.0,1.0,1.0,1.0,1.0,1.0,1.0,1.0,1.0,0.9944877,0.99999887,0.99999976,1.0,0.9999998,1.0,1.0,1.0,1.0,1.0,1.0,1.0,1.0,1.0,1.0,1.0,1.0,1.0,1.0,1.0,0.99999267,1.0,1.0,0.89548093,1.0,1.0,1.0,1.0,1.0,1.0,1.0,1.0,1.0,1.0,0.99999356,1.0,1.0,1.0,1.0,1.0,1.0,1.0,1.0,0.9711351,1.0,1.0,1.0
PRPF4_HepG2,1.0,1.0,1.0,1.0,1.0,1.0,1.0,1.0,1.0,1.0,1.0,1.0,1.0,1.0,1.0,1.0,1.0,1.0,1.0,1.0,1.0,1.0,1.0,1.0,0.88050133,1.0,1.0,1.0,0.99999994,1.0,1.0,1.0,1.0,1.0,1.0,1.0,1.0,1.0,0.9999895,1.0,1.0,1.0,1.0,1.0,1.0,1.0,1.0,1.0,1.0,1.0,1.0,1.0,1.0,1.0,1.0,1.0,1.0,1.0,1.0,1.0,1.0,1.0,1.0,1.0,1.0,1.0,1.0,1.0,1.0,1.0,1.0,1.0,1.0,1.0,1.0,1.0,1.0,0.7295663,1.0,1.0,1.0,1.0,1.0,0.99999994,1.0,1.0,1.0,1.0,1.0,1.0,1.0,1.0,1.0,1.0,1.0,1.0,1.0,1.0,1.0,1.0,0.99999946,0.99852175,0.98480153,1.0,1.0,1.0,1.0,1.0,1.0,1.0,1.0,1.0,1.0,1.0,1.0,1.0,0.9999981,0.9999994,1.0,1.0,1.0,1.0,0.8340477,1.0,1.0,1.0,1.0,1.0,1.0,1.0,1.0,1.0,1.0,1.0,1.0,1.0,1.0,1.0,1.0,1.0,1.0,1.0,1.0,1.0,1.0,1.0,1.0,1.0,1.0,1.0,1.0,1.0,1.0,1.0,1.0,1.0,0.99999994,1.0,1.0,1.0,0.9999996,1.0,1.0,1.0,1.0,1.0,1.0,1.0,1.0,1.0,1.0,1.0,1.0,1.0,1.0,1.0,0.9944876,0.99999887,0.99999976,1.0,0.9999998,1.0,1.0,1.0,1.0,1.0,1.0,1.0,1.0,1.0,1.0,1.0,1.0,1.0,1.0,1.0,0.9999926,1.0,1.0,0.8954804,1.0,1.0,1.0,1.0,1.0,1.0,1.0,1.0,1.0,1.0,0.99999356,1.0,1.0,1.0,1.0,1.0,1.0,1.0,1.0,0.9711354,1.0,1.0,1.0
PRPF8_HepG2,1.0,1.0,1.0,1.0,1.0,1.0,1.0,1.0,1.0,1.0,1.0,1.0,1.0,1.0,1.0,1.0,1.0,1.0,1.0,1.0,1.0,1.0,1.0,1.0,0.8805155,1.0,1.0,1.0,0.99999994,1.0,1.0,1.0,1.0,1.0,1.0,1.0,1.0,1.0,0.99998933,1.0,1.0,1.0,1.0,1.0,1.0,1.0,1.0,1.0,1.0,1.0,1.0,1.0,1.0,1.0,1.0,1.0,1.0,1.0,1.0,1.0,1.0,1.0,1.0,1.0,1.0,1.0,1.0,1.0,1.0,1.0,1.0,1.0,1.0,1.0,1.0,1.0,1.0,0.72954583,1.0,1.0,1.0,1.0,1.0,0.99999994,1.0,1.0,1.0,1.0,1.0,1.0,1.0,1.0,1.0,1.0,1.0,1.0,1.0,1.0,1.0,1.0,0.9999994,0.99852014,0.9848068,1.0,1.0,1.0,1.0,1.0,1.0,1.0,1.0,1.0,1.0,1.0,1.0,1.0,0.99999803,0.99999934,1.0,1.0,1.0,1.0,0.8340642,1.0,1.0,1.0,1.0,1.0,1.0,1.0,1.0,1.0,1.0,1.0,1.0,1.0,1.0,1.0,1.0,1.0,1.0,1.0,1.0,1.0,1.0,1.0,1.0,1.0,1.0,1.0,1.0,1.0,1.0,1.0,1.0,1.0,0.99999994,1.0,1.0,1.0,0.9999996,1.0,1.0,1.0,1.0,1.0,1.0,1.0,1.0,1.0,1.0,1.0,1.0,1.0,1.0,1.0,0.9944844,0.9999988,0.9999997,1.0,0.9999998,1.0,1.0,1.0,1.0,1.0,1.0,1.0,1.0,1.0,1.0,1.0,1.0,1.0,1.0,1.0,0.99999255,1.0,1.0,0.89546704,1.0,1.0,1.0,1.0,1.0,1.0,1.0,1.0,1.0,1.0,0.9999937,1.0,1.0,1.0,1.0,1.0,1.0,1.0,1.0,0.97114253,1.0,1.0,1.0
PRPF8_K562,1.0,1.0,1.0,1.0,1.0,1.0,1.0,1.0,1.0,1.0,1.0,1.0,1.0,1.0,1.0,1.0,1.0,1.0,1.0,1.0,1.0,1.0,1.0,1.0,0.8805263,1.0,1.0,1.0,0.99999994,1.0,1.0,1.0,1.0,1.0,1.0,1.0,1.0,1.0,0.9999893,1.0,1.0,1.0,1.0,1.0,1.0,1.0,1.0,1.0,1.0,1.0,1.0,1.0,1.0,1.0,1.0,1.0,1.0,1.0,1.0,1.0,1.0,1.0,1.0,1.0,1.0,1.0,1.0,1.0,1.0,1.0,1.0,1.0,1.0,1.0,1.0,1.0,1.0,0.7295303,1.0,1.0,1.0,1.0,1.0,0.99999994,1.0,1.0,1.0,1.0,1.0,1.0,1.0,1.0,1.0,1.0,1.0,1.0,1.0,1.0,1.0,1.0,0.9999994,0.9985189,0.9848107,1.0,1.0,1.0,1.0,1.0,1.0,1.0,1.0,1.0,1.0,1.0,1.0,1.0,0.999998,0.99999934,1.0,1.0,1.0,1.0,0.8340767,1.0,1.0,1.0,1.0,1.0,1.0,1.0,1.0,1.0,1.0,1.0,1.0,1.0,1.0,1.0,1.0,1.0,1.0,1.0,1.0,1.0,1.0,1.0,1.0,1.0,1.0,1.0,1.0,1.0,1.0,1.0,1.0,1.0,0.99999994,1.0,1.0,1.0,0.9999995,1.0,1.0,1.0,1.0,1.0,1.0,1.0,1.0,1.0,1.0,1.0,1.0,1.0,1.0,1.0,0.99448204,0.9999988,0.9999997,1.0,0.9999998,1.0,1.0,1.0,1.0,1.0,1.0,1.0,1.0,1.0,1.0,1.0,1.0,1.0,1.0,1.0,0.99999243,1.0,1.0,0.89545697,1.0,1.0,1.0,1.0,1.0,1.0,1.0,1.0,1.0,1.0,0.99999374,1.0,1.0,1.0,1.0,1.0,1.0,1.0,1.0,0.9711479,1.0,1.0,1.0
PTBP1_HepG2,1.0,1.0,1.0,1.0,1.0,1.0,1.0,1.0,1.0,1.0,1.0,1.0,1.0,1.0,1.0,1.0,1.0,1.0,1.0,1.0,1.0,1.0,1.0,1.0,0.880493,1.0,1.0,1.0,1.0,1.0,1.0,1.0,1.0,1.0,1.0,1.0,1.0,1.0,0.99998957,1.0,1.0,1.0,1.0,1.0,1.0,1.0,1.0,1.0,1.0,1.0,1.0,1.0,1.0,1.0,1.0,1.0,1.0,1.0,1.0,1.0,1.0,1.0,1.0,1.0,1.0,1.0,1.0,1.0,1.0,1.0,1.0,1.0,1.0,1.0,1.0,1.0,1.0,0.7295783,1.0,1.0,1.0,1.0,1.0,0.99999994,1.0,1.0,1.0,1.0,1.0,1.0,1.0,1.0,1.0,1.0,1.0,1.0,1.0,1.0,1.0,1.0,0.99999946,0.9985227,0.9847985,1.0,1.0,1.0,1.0,1.0,1.0,1.0,1.0,1.0,1.0,1.0,1.0,1.0,0.99999815,0.9999994,1.0,1.0,1.0,1.0,0.83403796,1.0,1.0,1.0,1.0,1.0,1.0,1.0,1.0,1.0,1.0,1.0,1.0,1.0,1.0,1.0,1.0,1.0,1.0,1.0,1.0,1.0,1.0,1.0,1.0,1.0,1.0,1.0,1.0,1.0,1.0,1.0,1.0,1.0,0.99999994,1.0,1.0,1.0,0.9999996,1.0,1.0,1.0,1.0,1.0,1.0,1.0,1.0,1.0,1.0,1.0,1.0,1.0,1.0,1.0,0.99448943,0.9999989,0.99999976,1.0,0.9999998,1.0,1.0,1.0,1.0,1.0,1.0,1.0,1.0,1.0,1.0,1.0,1.0,1.0,1.0,1.0,0.9999927,1.0,1.0,0.8954882,1.0,1.0,1.0,1.0,1.0,1.0,1.0,1.0,1.0,1.0,0.9999935,1.0,1.0,1.0,1.0,1.0,1.0,1.0,1.0,0.9711312,1.0,1.0,1.0
PTBP1_K562,1.0,1.0,1.0,1.0,1.0,1.0,1.0,1.0,1.0,1.0,1.0,1.0,1.0,1.0,1.0,1.0,1.0,1.0,1.0,1.0,1.0,1.0,1.0,1.0,0.88049144,1.0,1.0,1.0,1.0,1.0,1.0,1.0,1.0,1.0,1.0,1.0,1.0,1.0,0.99998957,1.0,1.0,1.0,1.0,1.0,1.0,1.0,1.0,1.0,1.0,1.0,1.0,1.0,1.0,1.0,1.0,1.0,1.0,1.0,1.0,1.0,1.0,1.0,1.0,1.0,1.0,1.0,1.0,1.0,1.0,1.0,1.0,1.0,1.0,1.0,1.0,1.0,1.0,0.7295806,1.0,1.0,1.0,1.0,1.0,0.99999994,1.0,1.0,1.0,1.0,1.0,1.0,1.0,1.0,1.0,1.0,1.0,1.0,1.0,1.0,1.0,1.0,0.99999946,0.9985229,0.98479795,1.0,1.0,1.0,1.0,1.0,1.0,1.0,1.0,1.0,1.0,1.0,1.0,1.0,0.99999815,0.9999994,1.0,1.0,1.0,1.0,0.8340362,1.0,1.0,1.0,1.0,1.0,1.0,1.0,1.0,1.0,1.0,1.0,1.0,1.0,1.0,1.0,1.0,1.0,1.0,1.0,1.0,1.0,1.0,1.0,1.0,1.0,1.0,1.0,1.0,1.0,1.0,1.0,1.0,1.0,0.99999994,1.0,1.0,1.0,0.9999996,1.0,1.0,1.0,1.0,1.0,1.0,1.0,1.0,1.0,1.0,1.0,1.0,1.0,1.0,1.0,0.9944898,0.9999989,0.99999976,1.0,0.9999998,1.0,1.0,1.0,1.0,1.0,1.0,1.0,1.0,1.0,1.0,1.0,1.0,1.0,1.0,1.0,0.9999927,1.0,1.0,0.8954897,1.0,1.0,1.0,1.0,1.0,1.0,1.0,1.0,1.0,1.0,0.9999935,1.0,1.0,1.0,1.0,1.0,1.0,1.0,1.0,0.9711304,1.0,1.0,1.0
PUM1_K562,1.0,1.0,1.0,1.0,1.0,1.0,1.0,1.0,1.0,1.0,1.0,1.0,1.0,1.0,1.0,1.0,1.0,1.0,1.0,1.0,1.0,1.0,1.0,1.0,0.88050663,1.0,1.0,1.0,0.99999994,1.0,1.0,1.0,1.0,1.0,1.0,1.0,1.0,1.0,0.99998945,1.0,1.0,1.0,1.0,1.0,1.0,1.0,1.0,1.0,1.0,1.0,1.0,1.0,1.0,1.0,1.0,1.0,1.0,1.0,1.0,1.0,1.0,1.0,1.0,1.0,1.0,1.0,1.0,1.0,1.0,1.0,1.0,1.0,1.0,1.0,1.0,1.0,1.0,0.72955865,1.0,1.0,1.0,1.0,1.0,0.99999994,1.0,1.0,1.0,1.0,1.0,1.0,1.0,1.0,1.0,1.0,1.0,1.0,1.0,1.0,1.0,1.0,0.9999994,0.99852115,0.9848035,1.0,1.0,1.0,1.0,1.0,1.0,1.0,1.0,1.0,1.0,1.0,1.0,1.0,0.9999981,0.99999934,1.0,1.0,1.0,1.0,0.8340538,1.0,1.0,1.0,1.0,1.0,1.0,1.0,1.0,1.0,1.0,1.0,1.0,1.0,1.0,1.0,1.0,1.0,1.0,1.0,1.0,1.0,1.0,1.0,1.0,1.0,1.0,1.0,1.0,1.0,1.0,1.0,1.0,1.0,0.99999994,1.0,1.0,1.0,0.9999996,1.0,1.0,1.0,1.0,1.0,1.0,1.0,1.0,1.0,1.0,1.0,1.0,1.0,1.0,1.0,0.9944864,0.99999887,0.99999976,1.0,0.9999998,1.0,1.0,1.0,1.0,1.0,1.0,1.0,1.0,1.0,1.0,1.0,1.0,1.0,1.0,1.0,0.9999926,1.0,1.0,0.89547545,1.0,1.0,1.0,1.0,1.0,1.0,1.0,1.0,1.0,1.0,0.9999936,1.0,1.0,1.0,1.0,1.0,1.0,1.0,1.0,0.971138,1.0,1.0,1.0
PUM2_K562,1.0,1.0,1.0,1.0,1.0,1.0,1.0,1.0,1.0,1.0,1.0,1.0,1.0,1.0,1.0,1.0,1.0,1.0,1.0,1.0,1.0,1.0,1.0,1.0,0.8804984,1.0,1.0,1.0,0.99999994,1.0,1.0,1.0,1.0,1.0,1.0,1.0,1.0,1.0,0.9999895,1.0,1.0,1.0,1.0,1.0,1.0,1.0,1.0,1.0,1.0,1.0,1.0,1.0,1.0,1.0,1.0,1.0,1.0,1.0,1.0,1.0,1.0,1.0,1.0,1.0,1.0,1.0,1.0,1.0,1.0,1.0,1.0,1.0,1.0,1.0,1.0,1.0,1.0,0.7295705,1.0,1.0,1.0,1.0,1.0,0.99999994,1.0,1.0,1.0,1.0,1.0,1.0,1.0,1.0,1.0,1.0,1.0,1.0,1.0,1.0,1.0,1.0,0.99999946,0.9985221,0.98480046,1.0,1.0,1.0,1.0,1.0,1.0,1.0,1.0,1.0,1.0,1.0,1.0,1.0,0.9999981,0.9999994,1.0,1.0,1.0,1.0,0.8340443,1.0,1.0,1.0,1.0,1.0,1.0,1.0,1.0,1.0,1.0,1.0,1.0,1.0,1.0,1.0,1.0,1.0,1.0,1.0,1.0,1.0,1.0,1.0,1.0,1.0,1.0,1.0,1.0,1.0,1.0,1.0,1.0,1.0,0.99999994,1.0,1.0,1.0,0.9999996,1.0,1.0,1.0,1.0,1.0,1.0,1.0,1.0,1.0,1.0,1.0,1.0,1.0,1.0,1.0,0.99448824,0.99999887,0.99999976,1.0,0.9999998,1.0,1.0,1.0,1.0,1.0,1.0,1.0,1.0,1.0,1.0,1.0,1.0,1.0,1.0,1.0,0.99999267,1.0,1.0,0.89548314,1.0,1.0,1.0,1.0,1.0,1.0,1.0,1.0,1.0,1.0,0.99999356,1.0,1.0,1.0,1.0,1.0,1.0,1.0,1.0,0.9711339,1.0,1.0,1.0
PUS1_K562,1.0,1.0,1.0,1.0,1.0,1.0,1.0,1.0,1.0,1.0,1.0,1.0,1.0,1.0,1.0,1.0,1.0,1.0,1.0,1.0,1.0,1.0,1.0,1.0,0.8804945,1.0,1.0,1.0,1.0,1.0,1.0,1.0,1.0,1.0,1.0,1.0,1.0,1.0,0.99998957,1.0,1.0,1.0,1.0,1.0,1.0,1.0,1.0,1.0,1.0,1.0,1.0,1.0,1.0,1.0,1.0,1.0,1.0,1.0,1.0,1.0,1.0,1.0,1.0,1.0,1.0,1.0,1.0,1.0,1.0,1.0,1.0,1.0,1.0,1.0,1.0,1.0,1.0,0.7295762,1.0,1.0,1.0,1.0,1.0,0.99999994,1.0,1.0,1.0,1.0,1.0,1.0,1.0,1.0,1.0,1.0,1.0,1.0,1.0,1.0,1.0,1.0,0.99999946,0.9985226,0.984799,1.0,1.0,1.0,1.0,1.0,1.0,1.0,1.0,1.0,1.0,1.0,1.0,1.0,0.99999815,0.9999994,1.0,1.0,1.0,1.0,0.8340397,1.0,1.0,1.0,1.0,1.0,1.0,1.0,1.0,1.0,1.0,1.0,1.0,1.0,1.0,1.0,1.0,1.0,1.0,1.0,1.0,1.0,1.0,1.0,1.0,1.0,1.0,1.0,1.0,1.0,1.0,1.0,1.0,1.0,0.99999994,1.0,1.0,1.0,0.9999996,1.0,1.0,1.0,1.0,1.0,1.0,1.0,1.0,1.0,1.0,1.0,1.0,1.0,1.0,1.0,0.9944891,0.9999989,0.99999976,1.0,0.9999998,1.0,1.0,1.0,1.0,1.0,1.0,1.0,1.0,1.0,1.0,1.0,1.0,1.0,1.0,1.0,0.99999267,1.0,1.0,0.89548683,1.0,1.0,1.0,1.0,1.0,1.0,1.0,1.0,1.0,1.0,0.9999935,1.0,1.0,1.0,1.0,1.0,1.0,1.0,1.0,0.9711319,1.0,1.0,1.0
QKI_HepG2,1.0,1.0,1.0,1.0,1.0,1.0,1.0,1.0,1.0,1.0,1.0,1.0,1.0,1.0,1.0,1.0,1.0,1.0,1.0,1.0,1.0,1.0,1.0,1.0,0.8805165,1.0,1.0,1.0,0.99999994,1.0,1.0,1.0,1.0,1.0,1.0,1.0,1.0,1.0,0.99998933,1.0,1.0,1.0,1.0,1.0,1.0,1.0,1.0,1.0,1.0,1.0,1.0,1.0,1.0,1.0,1.0,1.0,1.0,1.0,1.0,1.0,1.0,1.0,1.0,1.0,1.0,1.0,1.0,1.0,1.0,1.0,1.0,1.0,1.0,1.0,1.0,1.0,1.0,0.7295444,1.0,1.0,1.0,1.0,1.0,0.99999994,1.0,1.0,1.0,1.0,1.0,1.0,1.0,1.0,1.0,1.0,1.0,1.0,1.0,1.0,1.0,1.0,0.9999994,0.99852,0.98480713,1.0,1.0,1.0,1.0,1.0,1.0,1.0,1.0,1.0,1.0,1.0,1.0,1.0,0.99999803,0.99999934,1.0,1.0,1.0,1.0,0.8340653,1.0,1.0,1.0,1.0,1.0,1.0,1.0,1.0,1.0,1.0,1.0,1.0,1.0,1.0,1.0,1.0,1.0,1.0,1.0,1.0,1.0,1.0,1.0,1.0,1.0,1.0,1.0,1.0,1.0,1.0,1.0,1.0,1.0,0.99999994,1.0,1.0,1.0,0.9999996,1.0,1.0,1.0,1.0,1.0,1.0,1.0,1.0,1.0,1.0,1.0,1.0,1.0,1.0,1.0,0.99448425,0.9999988,0.9999997,1.0,0.9999998,1.0,1.0,1.0,1.0,1.0,1.0,1.0,1.0,1.0,1.0,1.0,1.0,1.0,1.0,1.0,0.9999925,1.0,1.0,0.89546615,1.0,1.0,1.0,1.0,1.0,1.0,1.0,1.0,1.0,1.0,0.9999937,1.0,1.0,1.0,1.0,1.0,1.0,1.0,1.0,0.971143,1.0,1.0,1.0
QKI_K562,1.0,1.0,1.0,1.0,1.0,1.0,1.0,1.0,1.0,1.0,1.0,1.0,1.0,1.0,1.0,1.0,1.0,1.0,1.0,1.0,1.0,1.0,1.0,1.0,0.88051414,1.0,1.0,1.0,0.99999994,1.0,1.0,1.0,1.0,1.0,1.0,1.0,1.0,1.0,0.99998933,1.0,1.0,1.0,1.0,1.0,1.0,1.0,1.0,1.0,1.0,1.0,1.0,1.0,1.0,1.0,1.0,1.0,1.0,1.0,1.0,1.0,1.0,1.0,1.0,1.0,1.0,1.0,1.0,1.0,1.0,1.0,1.0,1.0,1.0,1.0,1.0,1.0,1.0,0.7295478,1.0,1.0,1.0,1.0,1.0,0.99999994,1.0,1.0,1.0,1.0,1.0,1.0,1.0,1.0,1.0,1.0,1.0,1.0,1.0,1.0,1.0,1.0,0.9999994,0.9985203,0.98480624,1.0,1.0,1.0,1.0,1.0,1.0,1.0,1.0,1.0,1.0,1.0,1.0,1.0,0.99999803,0.99999934,1.0,1.0,1.0,1.0,0.8340626,1.0,1.0,1.0,1.0,1.0,1.0,1.0,1.0,1.0,1.0,1.0,1.0,1.0,1.0,1.0,1.0,1.0,1.0,1.0,1.0,1.0,1.0,1.0,1.0,1.0,1.0,1.0,1.0,1.0,1.0,1.0,1.0,1.0,0.99999994,1.0,1.0,1.0,0.9999996,1.0,1.0,1.0,1.0,1.0,1.0,1.0,1.0,1.0,1.0,1.0,1.0,1.0,1.0,1.0,0.9944847,0.99999887,0.99999976,1.0,0.9999998,1.0,1.0,1.0,1.0,1.0,1.0,1.0,1.0,1.0,1.0,1.0,1.0,1.0,1.0,1.0,0.99999255,1.0,1.0,0.89546835,1.0,1.0,1.0,1.0,1.0,1.0,1.0,1.0,1.0,1.0,0.9999937,1.0,1.0,1.0,1.0,1.0,1.0,1.0,1.0,0.9711418,1.0,1.0,1.0
RBFOX2_HepG2,1.0,1.0,1.0,1.0,1.0,1.0,1.0,1.0,1.0,1.0,1.0,1.0,1.0,1.0,1.0,1.0,1.0,1.0,1.0,1.0,1.0,1.0,1.0,1.0,0.8805942,1.0,1.0,1.0,0.9999999,1.0,1.0,1.0,1.0,1.0,1.0,0.99999994,1.0,1.0,0.99998856,1.0,1.0,1.0,1.0,1.0,1.0,1.0,1.0,1.0,0.99999994,1.0,1.0,1.0,1.0,1.0,1.0,1.0,1.0,1.0,1.0,1.0,1.0,1.0,1.0,1.0,1.0,1.0,1.0,1.0,1.0,1.0,1.0,1.0,1.0,1.0,1.0,1.0,1.0,0.7294323,1.0,1.0,1.0,1.0,1.0,1.0,1.0,1.0,1.0,1.0,1.0,1.0,1.0,1.0,1.0,1.0,1.0,1.0,1.0,1.0,1.0,1.0,0.9999992,0.99851114,0.98483557,1.0,1.0,1.0,1.0,1.0,1.0,1.0,1.0,1.0,0.99999994,1.0,1.0,1.0,0.9999977,0.99999917,1.0,1.0,1.0,1.0,0.83415574,1.0,1.0,1.0,1.0,1.0,1.0,1.0,1.0,1.0,1.0,1.0,1.0,1.0,1.0,1.0,1.0,1.0,1.0,1.0,1.0,1.0,0.99999994,1.0,1.0,1.0,1.0,1.0,1.0,1.0,1.0,1.0,1.0,1.0,0.9999998,1.0,1.0,1.0,0.9999994,1.0,1.0,1.0,1.0,1.0,1.0,1.0,1.0,1.0,1.0,1.0,1.0,1.0,1.0,1.0,0.994467,0.99999857,0.9999996,1.0,0.9999997,1.0,1.0,1.0,1.0,1.0,1.0,1.0,1.0,1.0,1.0,1.0,1.0,1.0,1.0,1.0,0.9999919,1.0,1.0,0.8953932,1.0,1.0,1.0,1.0,1.0,1.0,1.0,1.0,1.0,1.0,0.9999943,1.0,1.0,1.0,1.0,1.0,1.0,1.0,1.0,0.97118205,1.0,1.0,1.0
RBFOX2_K562,1.0,1.0,1.0,1.0,1.0,1.0,1.0,1.0,1.0,1.0,1.0,1.0,1.0,1.0,1.0,1.0,1.0,1.0,1.0,1.0,1.0,1.0,1.0,1.0,0.8805191,1.0,1.0,1.0,0.99999994,1.0,1.0,1.0,1.0,1.0,1.0,1.0,1.0,1.0,0.99998933,1.0,1.0,1.0,1.0,1.0,1.0,1.0,1.0,1.0,1.0,1.0,1.0,1.0,1.0,1.0,1.0,1.0,1.0,1.0,1.0,1.0,1.0,1.0,1.0,1.0,1.0,1.0,1.0,1.0,1.0,1.0,1.0,1.0,1.0,1.0,1.0,1.0,1.0,0.7295407,1.0,1.0,1.0,1.0,1.0,0.99999994,1.0,1.0,1.0,1.0,1.0,1.0,1.0,1.0,1.0,1.0,1.0,1.0,1.0,1.0,1.0,1.0,0.9999994,0.9985197,0.984808,1.0,1.0,1.0,1.0,1.0,1.0,1.0,1.0,1.0,1.0,1.0,1.0,1.0,0.99999803,0.99999934,1.0,1.0,1.0,1.0,0.8340683,1.0,1.0,1.0,1.0,1.0,1.0,1.0,1.0,1.0,1.0,1.0,1.0,1.0,1.0,1.0,1.0,1.0,1.0,1.0,1.0,1.0,1.0,1.0,1.0,1.0,1.0,1.0,1.0,1.0,1.0,1.0,1.0,1.0,0.99999994,1.0,1.0,1.0,0.9999995,1.0,1.0,1.0,1.0,1.0,1.0,1.0,1.0,1.0,1.0,1.0,1.0,1.0,1.0,1.0,0.99448365,0.9999988,0.9999997,1.0,0.9999998,1.0,1.0,1.0,1.0,1.0,1.0,1.0,1.0,1.0,1.0,1.0,1.0,1.0,1.0,1.0,0.9999925,1.0,1.0,0.89546376,1.0,1.0,1.0,1.0,1.0,1.0,1.0,1.0,1.0,1.0,0.99999374,1.0,1.0,1.0,1.0,1.0,1.0,1.0,1.0,0.97114426,1.0,1.0,1.0
RBM15_HepG2,1.0,1.0,1.0,1.0,1.0,1.0,1.0,1.0,1.0,1.0,1.0,1.0,1.0,1.0,1.0,1.0,1.0,1.0,1.0,1.0,1.0,1.0,1.0,1.0,0.880506,1.0,1.0,1.0,0.99999994,1.0,1.0,1.0,1.0,1.0,1.0,1.0,1.0,1.0,0.99998945,1.0,1.0,1.0,1.0,1.0,1.0,1.0,1.0,1.0,1.0,1.0,1.0,1.0,1.0,1.0,1.0,1.0,1.0,1.0,1.0,1.0,1.0,1.0,1.0,1.0,1.0,1.0,1.0,1.0,1.0,1.0,1.0,1.0,1.0,1.0,1.0,1.0,1.0,0.7295596,1.0,1.0,1.0,1.0,1.0,0.99999994,1.0,1.0,1.0,1.0,1.0,1.0,1.0,1.0,1.0,1.0,1.0,1.0,1.0,1.0,1.0,1.0,0.9999994,0.99852127,0.98480326,1.0,1.0,1.0,1.0,1.0,1.0,1.0,1.0,1.0,1.0,1.0,1.0,1.0,0.9999981,0.99999934,1.0,1.0,1.0,1.0,0.8340531,1.0,1.0,1.0,1.0,1.0,1.0,1.0,1.0,1.0,1.0,1.0,1.0,1.0,1.0,1.0,1.0,1.0,1.0,1.0,1.0,1.0,1.0,1.0,1.0,1.0,1.0,1.0,1.0,1.0,1.0,1.0,1.0,1.0,0.99999994,1.0,1.0,1.0,0.9999996,1.0,1.0,1.0,1.0,1.0,1.0,1.0,1.0,1.0,1.0,1.0,1.0,1.0,1.0,1.0,0.9944866,0.99999887,0.99999976,1.0,0.9999998,1.0,1.0,1.0,1.0,1.0,1.0,1.0,1.0,1.0,1.0,1.0,1.0,1.0,1.0,1.0,0.9999926,1.0,1.0,0.89547604,1.0,1.0,1.0,1.0,1.0,1.0,1.0,1.0,1.0,1.0,0.9999936,1.0,1.0,1.0,1.0,1.0,1.0,1.0,1.0,0.9711377,1.0,1.0,1.0
RBM15_K562,1.0,1.0,1.0,1.0,1.0,1.0,1.0,1.0,1.0,1.0,1.0,1.0,1.0,1.0,1.0,1.0,1.0,1.0,1.0,1.0,1.0,1.0,1.0,1.0,0.8805412,1.0,1.0,1.0,0.99999994,1.0,1.0,1.0,1.0,1.0,1.0,1.0,1.0,1.0,0.9999891,1.0,1.0,1.0,1.0,1.0,1.0,1.0,1.0,1.0,1.0,1.0,1.0,1.0,1.0,1.0,1.0,1.0,1.0,1.0,1.0,1.0,1.0,1.0,1.0,1.0,1.0,1.0,1.0,1.0,1.0,1.0,1.0,1.0,1.0,1.0,1.0,1.0,1.0,0.72950876,1.0,1.0,1.0,1.0,1.0,0.99999994,1.0,1.0,1.0,1.0,1.0,1.0,1.0,1.0,1.0,1.0,1.0,1.0,1.0,1.0,1.0,1.0,0.99999934,0.9985172,0.98481613,1.0,1.0,1.0,1.0,1.0,1.0,1.0,1.0,1.0,1.0,1.0,1.0,1.0,0.9999979,0.9999993,1.0,1.0,1.0,1.0,0.83409405,1.0,1.0,1.0,1.0,1.0,1.0,1.0,1.0,1.0,1.0,1.0,1.0,1.0,1.0,1.0,1.0,1.0,1.0,1.0,1.0,1.0,1.0,1.0,1.0,1.0,1.0,1.0,1.0,1.0,1.0,1.0,1.0,1.0,0.9999999,1.0,1.0,1.0,0.9999995,1.0,1.0,1.0,1.0,1.0,1.0,1.0,1.0,1.0,1.0,1.0,1.0,1.0,1.0,1.0,0.99447876,0.99999875,0.9999997,1.0,0.99999976,1.0,1.0,1.0,1.0,1.0,1.0,1.0,1.0,1.0,1.0,1.0,1.0,1.0,1.0,1.0,0.9999923,1.0,1.0,0.89544296,1.0,1.0,1.0,1.0,1.0,1.0,1.0,1.0,1.0,1.0,0.99999386,1.0,1.0,1.0,1.0,1.0,1.0,1.0,1.0,0.9711554,1.0,1.0,1.0
RBM22_HepG2,1.0,1.0,1.0,1.0,1.0,1.0,1.0,1.0,1.0,1.0,1.0,1.0,1.0,1.0,1.0,1.0,1.0,1.0,1.0,1.0,1.0,1.0,1.0,1.0,0.8804491,1.0,1.0,1.0,1.0,1.0,1.0,1.0,1.0,1.0,1.0,1.0,1.0,1.0,0.99999,1.0,1.0,1.0,1.0,1.0,1.0,1.0,1.0,1.0,1.0,1.0,1.0,1.0,1.0,1.0,1.0,1.0,1.0,1.0,1.0,1.0,1.0,1.0,1.0,1.0,1.0,1.0,1.0,1.0,1.0,1.0,1.0,1.0,1.0,1.0,1.0,1.0,1.0,0.7296416,1.0,1.0,1.0,1.0,1.0,0.9999999,1.0,1.0,1.0,1.0,1.0,1.0,1.0,1.0,1.0,1.0,1.0,1.0,1.0,1.0,1.0,1.0,0.9999995,0.99852777,0.9847824,1.0,1.0,1.0,1.0,1.0,1.0,1.0,1.0,1.0,1.0,1.0,1.0,1.0,0.99999833,0.9999995,1.0,1.0,1.0,1.0,0.8339869,1.0,1.0,1.0,1.0,1.0,1.0,1.0,1.0,1.0,1.0,1.0,1.0,1.0,1.0,1.0,1.0,1.0,0.99999994,1.0,1.0,1.0,1.0,1.0,1.0,1.0,1.0,1.0,1.0,1.0,1.0,1.0,1.0,1.0,0.99999994,1.0,1.0,1.0,0.9999997,1.0,1.0,1.0,1.0,1.0,1.0,1.0,1.0,1.0,1.0,1.0,1.0,1.0,1.0,1.0,0.99449915,0.99999905,0.9999998,1.0,0.9999999,1.0,1.0,1.0,1.0,1.0,1.0,1.0,1.0,1.0,1.0,1.0,1.0,1.0,1.0,1.0,0.999993,1.0,1.0,0.89552945,1.0,1.0,1.0,1.0,1.0,1.0,1.0,1.0,0.99999994,1.0,0.9999932,0.99999994,1.0,1.0,1.0,1.0,1.0,1.0,1.0,0.9711091,1.0,1.0,1.0
RBM22_K562,1.0,1.0,1.0,1.0,1.0,1.0,1.0,1.0,1.0,1.0,1.0,1.0,1.0,1.0,1.0,1.0,1.0,1.0,1.0,1.0,1.0,1.0,1.0,1.0,0.8805264,1.0,1.0,1.0,0.99999994,1.0,1.0,1.0,1.0,1.0,1.0,1.0,1.0,1.0,0.9999892,1.0,1.0,1.0,1.0,1.0,1.0,1.0,1.0,1.0,1.0,1.0,1.0,1.0,1.0,1.0,1.0,1.0,1.0,1.0,1.0,1.0,1.0,1.0,1.0,1.0,1.0,1.0,1.0,1.0,1.0,1.0,1.0,1.0,1.0,1.0,1.0,1.0,1.0,0.7295301,1.0,1.0,1.0,1.0,1.0,0.99999994,1.0,1.0,1.0,1.0,1.0,1.0,1.0,1.0,1.0,1.0,1.0,1.0,1.0,1.0,1.0,1.0,0.9999994,0.9985189,0.98481077,1.0,1.0,1.0,1.0,1.0,1.0,1.0,1.0,1.0,1.0,1.0,1.0,1.0,0.999998,0.99999934,1.0,1.0,1.0,1.0,0.8340768,1.0,1.0,1.0,1.0,1.0,1.0,1.0,1.0,1.0,1.0,1.0,1.0,1.0,1.0,1.0,1.0,1.0,1.0,1.0,1.0,1.0,1.0,1.0,1.0,1.0,1.0,1.0,1.0,1.0,1.0,1.0,1.0,1.0,0.99999994,1.0,1.0,1.0,0.9999995,1.0,1.0,1.0,1.0,1.0,1.0,1.0,1.0,1.0,1.0,1.0,1.0,1.0,1.0,1.0,0.99448204,0.9999988,0.9999997,1.0,0.9999998,1.0,1.0,1.0,1.0,1.0,1.0,1.0,1.0,1.0,1.0,1.0,1.0,1.0,1.0,1.0,0.99999243,1.0,1.0,0.89545685,1.0,1.0,1.0,1.0,1.0,1.0,1.0,1.0,1.0,1.0,0.99999374,1.0,1.0,1.0,1.0,1.0,1.0,1.0,1.0,0.97114795,1.0,1.0,1.0
RBM5_HepG2,1.0,1.0,1.0,1.0,1.0,1.0,1.0,1.0,1.0,1.0,1.0,1.0,1.0,1.0,1.0,1.0,1.0,1.0,1.0,1.0,1.0,1.0,1.0,1.0,0.88051504,1.0,1.0,1.0,0.99999994,1.0,1.0,1.0,1.0,1.0,1.0,1.0,1.0,1.0,0.99998933,1.0,1.0,1.0,1.0,1.0,1.0,1.0,1.0,1.0,1.0,1.0,1.0,1.0,1.0,1.0,1.0,1.0,1.0,1.0,1.0,1.0,1.0,1.0,1.0,1.0,1.0,1.0,1.0,1.0,1.0,1.0,1.0,1.0,1.0,1.0,1.0,1.0,1.0,0.72954655,1.0,1.0,1.0,1.0,1.0,0.99999994,1.0,1.0,1.0,1.0,1.0,1.0,1.0,1.0,1.0,1.0,1.0,1.0,1.0,1.0,1.0,1.0,0.9999994,0.9985202,0.98480654,1.0,1.0,1.0,1.0,1.0,1.0,1.0,1.0,1.0,1.0,1.0,1.0,1.0,0.99999803,0.99999934,1.0,1.0,1.0,1.0,0.8340636,1.0,1.0,1.0,1.0,1.0,1.0,1.0,1.0,1.0,1.0,1.0,1.0,1.0,1.0,1.0,1.0,1.0,1.0,1.0,1.0,1.0,1.0,1.0,1.0,1.0,1.0,1.0,1.0,1.0,1.0,1.0,1.0,1.0,0.99999994,1.0,1.0,1.0,0.9999996,1.0,1.0,1.0,1.0,1.0,1.0,1.0,1.0,1.0,1.0,1.0,1.0,1.0,1.0,1.0,0.99448454,0.9999988,0.9999997,1.0,0.9999998,1.0,1.0,1.0,1.0,1.0,1.0,1.0,1.0,1.0,1.0,1.0,1.0,1.0,1.0,1.0,0.99999255,1.0,1.0,0.8954676,1.0,1.0,1.0,1.0,1.0,1.0,1.0,1.0,1.0,1.0,0.9999937,1.0,1.0,1.0,1.0,1.0,1.0,1.0,1.0,0.97114223,1.0,1.0,1.0
RPS11_K562,1.0,1.0,1.0,1.0,1.0,1.0,1.0,1.0,1.0,1.0,1.0,1.0,1.0,1.0,1.0,1.0,1.0,1.0,1.0,1.0,1.0,1.0,1.0,1.0,0.88051206,1.0,1.0,1.0,0.99999994,1.0,1.0,1.0,1.0,1.0,1.0,1.0,1.0,1.0,0.9999894,1.0,1.0,1.0,1.0,1.0,1.0,1.0,1.0,1.0,1.0,1.0,1.0,1.0,1.0,1.0,1.0,1.0,1.0,1.0,1.0,1.0,1.0,1.0,1.0,1.0,1.0,1.0,1.0,1.0,1.0,1.0,1.0,1.0,1.0,1.0,1.0,1.0,1.0,0.7295508,1.0,1.0,1.0,1.0,1.0,0.99999994,1.0,1.0,1.0,1.0,1.0,1.0,1.0,1.0,1.0,1.0,1.0,1.0,1.0,1.0,1.0,1.0,0.9999994,0.99852055,0.98480546,1.0,1.0,1.0,1.0,1.0,1.0,1.0,1.0,1.0,1.0,1.0,1.0,1.0,0.99999803,0.99999934,1.0,1.0,1.0,1.0,0.83406013,1.0,1.0,1.0,1.0,1.0,1.0,1.0,1.0,1.0,1.0,1.0,1.0,1.0,1.0,1.0,1.0,1.0,1.0,1.0,1.0,1.0,1.0,1.0,1.0,1.0,1.0,1.0,1.0,1.0,1.0,1.0,1.0,1.0,0.99999994,1.0,1.0,1.0,0.9999996,1.0,1.0,1.0,1.0,1.0,1.0,1.0,1.0,1.0,1.0,1.0,1.0,1.0,1.0,1.0,0.9944852,0.99999887,0.99999976,1.0,0.9999998,1.0,1.0,1.0,1.0,1.0,1.0,1.0,1.0,1.0,1.0,1.0,1.0,1.0,1.0,1.0,0.99999255,1.0,1.0,0.8954703,1.0,1.0,1.0,1.0,1.0,1.0,1.0,1.0,1.0,1.0,0.9999937,1.0,1.0,1.0,1.0,1.0,1.0,1.0,1.0,0.97114074,1.0,1.0,1.0
RPS3_HepG2,1.0,1.0,1.0,1.0,1.0,1.0,1.0,1.0,1.0,1.0,1.0,1.0,1.0,1.0,1.0,1.0,1.0,1.0,1.0,1.0,1.0,1.0,1.0,1.0,0.88051015,1.0,1.0,1.0,0.99999994,1.0,1.0,1.0,1.0,1.0,1.0,1.0,1.0,1.0,0.9999894,1.0,1.0,1.0,1.0,1.0,1.0,1.0,1.0,1.0,1.0,1.0,1.0,1.0,1.0,1.0,1.0,1.0,1.0,1.0,1.0,1.0,1.0,1.0,1.0,1.0,1.0,1.0,1.0,1.0,1.0,1.0,1.0,1.0,1.0,1.0,1.0,1.0,1.0,0.7295535,1.0,1.0,1.0,1.0,1.0,0.99999994,1.0,1.0,1.0,1.0,1.0,1.0,1.0,1.0,1.0,1.0,1.0,1.0,1.0,1.0,1.0,1.0,0.9999994,0.99852073,0.9848048,1.0,1.0,1.0,1.0,1.0,1.0,1.0,1.0,1.0,1.0,1.0,1.0,1.0,0.9999981,0.99999934,1.0,1.0,1.0,1.0,0.834058,1.0,1.0,1.0,1.0,1.0,1.0,1.0,1.0,1.0,1.0,1.0,1.0,1.0,1.0,1.0,1.0,1.0,1.0,1.0,1.0,1.0,1.0,1.0,1.0,1.0,1.0,1.0,1.0,1.0,1.0,1.0,1.0,1.0,0.99999994,1.0,1.0,1.0,0.9999996,1.0,1.0,1.0,1.0,1.0,1.0,1.0,1.0,1.0,1.0,1.0,1.0,1.0,1.0,1.0,0.9944856,0.99999887,0.99999976,1.0,0.9999998,1.0,1.0,1.0,1.0,1.0,1.0,1.0,1.0,1.0,1.0,1.0,1.0,1.0,1.0,1.0,0.99999255,1.0,1.0,0.8954721,1.0,1.0,1.0,1.0,1.0,1.0,1.0,1.0,1.0,1.0,0.9999936,1.0,1.0,1.0,1.0,1.0,1.0,1.0,1.0,0.9711398,1.0,1.0,1.0
RPS3_K562,1.0,1.0,1.0,1.0,1.0,1.0,1.0,1.0,1.0,1.0,1.0,1.0,1.0,1.0,1.0,1.0,1.0,1.0,1.0,1.0,1.0,1.0,1.0,1.0,0.8805166,1.0,1.0,1.0,0.99999994,1.0,1.0,1.0,1.0,1.0,1.0,1.0,1.0,1.0,0.99998933,1.0,1.0,1.0,1.0,1.0,1.0,1.0,1.0,1.0,1.0,1.0,1.0,1.0,1.0,1.0,1.0,1.0,1.0,1.0,1.0,1.0,1.0,1.0,1.0,1.0,1.0,1.0,1.0,1.0,1.0,1.0,1.0,1.0,1.0,1.0,1.0,1.0,1.0,0.7295443,1.0,1.0,1.0,1.0,1.0,0.99999994,1.0,1.0,1.0,1.0,1.0,1.0,1.0,1.0,1.0,1.0,1.0,1.0,1.0,1.0,1.0,1.0,0.9999994,0.99852,0.98480713,1.0,1.0,1.0,1.0,1.0,1.0,1.0,1.0,1.0,1.0,1.0,1.0,1.0,0.99999803,0.99999934,1.0,1.0,1.0,1.0,0.83406544,1.0,1.0,1.0,1.0,1.0,1.0,1.0,1.0,1.0,1.0,1.0,1.0,1.0,1.0,1.0,1.0,1.0,1.0,1.0,1.0,1.0,1.0,1.0,1.0,1.0,1.0,1.0,1.0,1.0,1.0,1.0,1.0,1.0,0.99999994,1.0,1.0,1.0,0.9999996,1.0,1.0,1.0,1.0,1.0,1.0,1.0,1.0,1.0,1.0,1.0,1.0,1.0,1.0,1.0,0.9944842,0.9999988,0.9999997,1.0,0.9999998,1.0,1.0,1.0,1.0,1.0,1.0,1.0,1.0,1.0,1.0,1.0,1.0,1.0,1.0,1.0,0.9999925,1.0,1.0,0.8954661,1.0,1.0,1.0,1.0,1.0,1.0,1.0,1.0,1.0,1.0,0.9999937,1.0,1.0,1.0,1.0,1.0,1.0,1.0,1.0,0.97114307,1.0,1.0,1.0
SAFB_HepG2,1.0,1.0,1.0,1.0,1.0,1.0,1.0,1.0,1.0,1.0,1.0,1.0,1.0,1.0,1.0,1.0,1.0,1.0,1.0,1.0,1.0,1.0,1.0,1.0,0.8805,1.0,1.0,1.0,0.99999994,1.0,1.0,1.0,1.0,1.0,1.0,1.0,1.0,1.0,0.9999895,1.0,1.0,1.0,1.0,1.0,1.0,1.0,1.0,1.0,1.0,1.0,1.0,1.0,1.0,1.0,1.0,1.0,1.0,1.0,1.0,1.0,1.0,1.0,1.0,1.0,1.0,1.0,1.0,1.0,1.0,1.0,1.0,1.0,1.0,1.0,1.0,1.0,1.0,0.7295682,1.0,1.0,1.0,1.0,1.0,0.99999994,1.0,1.0,1.0,1.0,1.0,1.0,1.0,1.0,1.0,1.0,1.0,1.0,1.0,1.0,1.0,1.0,0.99999946,0.9985219,0.98480105,1.0,1.0,1.0,1.0,1.0,1.0,1.0,1.0,1.0,1.0,1.0,1.0,1.0,0.9999981,0.9999994,1.0,1.0,1.0,1.0,0.8340461,1.0,1.0,1.0,1.0,1.0,1.0,1.0,1.0,1.0,1.0,1.0,1.0,1.0,1.0,1.0,1.0,1.0,1.0,1.0,1.0,1.0,1.0,1.0,1.0,1.0,1.0,1.0,1.0,1.0,1.0,1.0,1.0,1.0,0.99999994,1.0,1.0,1.0,0.9999996,1.0,1.0,1.0,1.0,1.0,1.0,1.0,1.0,1.0,1.0,1.0,1.0,1.0,1.0,1.0,0.9944879,0.99999887,0.99999976,1.0,0.9999998,1.0,1.0,1.0,1.0,1.0,1.0,1.0,1.0,1.0,1.0,1.0,1.0,1.0,1.0,1.0,0.99999267,1.0,1.0,0.89548165,1.0,1.0,1.0,1.0,1.0,1.0,1.0,1.0,1.0,1.0,0.99999356,1.0,1.0,1.0,1.0,1.0,1.0,1.0,1.0,0.9711347,1.0,1.0,1.0
SAFB_K562,1.0,1.0,1.0,1.0,1.0,1.0,1.0,1.0,1.0,1.0,1.0,1.0,1.0,1.0,1.0,1.0,1.0,1.0,1.0,1.0,1.0,1.0,1.0,1.0,0.8804989,1.0,1.0,1.0,0.99999994,1.0,1.0,1.0,1.0,1.0,1.0,1.0,1.0,1.0,0.9999895,1.0,1.0,1.0,1.0,1.0,1.0,1.0,1.0,1.0,1.0,1.0,1.0,1.0,1.0,1.0,1.0,1.0,1.0,1.0,1.0,1.0,1.0,1.0,1.0,1.0,1.0,1.0,1.0,1.0,1.0,1.0,1.0,1.0,1.0,1.0,1.0,1.0,1.0,0.7295698,1.0,1.0,1.0,1.0,1.0,0.99999994,1.0,1.0,1.0,1.0,1.0,1.0,1.0,1.0,1.0,1.0,1.0,1.0,1.0,1.0,1.0,1.0,0.99999946,0.99852204,0.98480064,1.0,1.0,1.0,1.0,1.0,1.0,1.0,1.0,1.0,1.0,1.0,1.0,1.0,0.9999981,0.9999994,1.0,1.0,1.0,1.0,0.8340448,1.0,1.0,1.0,1.0,1.0,1.0,1.0,1.0,1.0,1.0,1.0,1.0,1.0,1.0,1.0,1.0,1.0,1.0,1.0,1.0,1.0,1.0,1.0,1.0,1.0,1.0,1.0,1.0,1.0,1.0,1.0,1.0,1.0,0.99999994,1.0,1.0,1.0,0.9999996,1.0,1.0,1.0,1.0,1.0,1.0,1.0,1.0,1.0,1.0,1.0,1.0,1.0,1.0,1.0,0.9944881,0.99999887,0.99999976,1.0,0.9999998,1.0,1.0,1.0,1.0,1.0,1.0,1.0,1.0,1.0,1.0,1.0,1.0,1.0,1.0,1.0,0.99999267,1.0,1.0,0.8954827,1.0,1.0,1.0,1.0,1.0,1.0,1.0,1.0,1.0,1.0,0.99999356,1.0,1.0,1.0,1.0,1.0,1.0,1.0,1.0,0.9711341,1.0,1.0,1.0
SAFB2_K562,1.0,1.0,1.0,1.0,1.0,1.0,1.0,1.0,1.0,1.0,1.0,1.0,1.0,1.0,1.0,1.0,1.0,1.0,1.0,1.0,1.0,1.0,1.0,1.0,0.88050264,1.0,1.0,1.0,0.99999994,1.0,1.0,1.0,1.0,1.0,1.0,1.0,1.0,1.0,0.99998945,1.0,1.0,1.0,1.0,1.0,1.0,1.0,1.0,1.0,1.0,1.0,1.0,1.0,1.0,1.0,1.0,1.0,1.0,1.0,1.0,1.0,1.0,1.0,1.0,1.0,1.0,1.0,1.0,1.0,1.0,1.0,1.0,1.0,1.0,1.0,1.0,1.0,1.0,0.7295644,1.0,1.0,1.0,1.0,1.0,0.99999994,1.0,1.0,1.0,1.0,1.0,1.0,1.0,1.0,1.0,1.0,1.0,1.0,1.0,1.0,1.0,1.0,0.9999994,0.9985216,0.984802,1.0,1.0,1.0,1.0,1.0,1.0,1.0,1.0,1.0,1.0,1.0,1.0,1.0,0.9999981,0.9999994,1.0,1.0,1.0,1.0,0.83404917,1.0,1.0,1.0,1.0,1.0,1.0,1.0,1.0,1.0,1.0,1.0,1.0,1.0,1.0,1.0,1.0,1.0,1.0,1.0,1.0,1.0,1.0,1.0,1.0,1.0,1.0,1.0,1.0,1.0,1.0,1.0,1.0,1.0,0.99999994,1.0,1.0,1.0,0.9999996,1.0,1.0,1.0,1.0,1.0,1.0,1.0,1.0,1.0,1.0,1.0,1.0,1.0,1.0,1.0,0.9944873,0.99999887,0.99999976,1.0,0.9999998,1.0,1.0,1.0,1.0,1.0,1.0,1.0,1.0,1.0,1.0,1.0,1.0,1.0,1.0,1.0,0.9999926,1.0,1.0,0.8954792,1.0,1.0,1.0,1.0,1.0,1.0,1.0,1.0,1.0,1.0,0.99999356,1.0,1.0,1.0,1.0,1.0,1.0,1.0,1.0,0.97113603,1.0,1.0,1.0
SBDS_K562,1.0,1.0,1.0,1.0,1.0,1.0,1.0,1.0,1.0,1.0,1.0,1.0,1.0,1.0,1.0,1.0,1.0,1.0,1.0,1.0,1.0,1.0,1.0,1.0,0.8804877,1.0,1.0,1.0,1.0,1.0,1.0,1.0,1.0,1.0,1.0,1.0,1.0,1.0,0.9999896,1.0,1.0,1.0,1.0,1.0,1.0,1.0,1.0,1.0,1.0,1.0,1.0,1.0,1.0,1.0,1.0,1.0,1.0,1.0,1.0,1.0,1.0,1.0,1.0,1.0,1.0,1.0,1.0,1.0,1.0,1.0,1.0,1.0,1.0,1.0,1.0,1.0,1.0,0.729586,1.0,1.0,1.0,1.0,1.0,0.99999994,1.0,1.0,1.0,1.0,1.0,1.0,1.0,1.0,1.0,1.0,1.0,1.0,1.0,1.0,1.0,1.0,0.99999946,0.99852335,0.9847965,1.0,1.0,1.0,1.0,1.0,1.0,1.0,1.0,1.0,1.0,1.0,1.0,1.0,0.99999815,0.9999994,1.0,1.0,1.0,1.0,0.83403176,1.0,1.0,1.0,1.0,1.0,1.0,1.0,1.0,1.0,1.0,1.0,1.0,1.0,1.0,1.0,1.0,1.0,1.0,1.0,1.0,1.0,1.0,1.0,1.0,1.0,1.0,1.0,1.0,1.0,1.0,1.0,1.0,1.0,0.99999994,1.0,1.0,1.0,0.9999996,1.0,1.0,1.0,1.0,1.0,1.0,1.0,1.0,1.0,1.0,1.0,1.0,1.0,1.0,1.0,0.9944906,0.9999989,0.99999976,1.0,0.9999998,1.0,1.0,1.0,1.0,1.0,1.0,1.0,1.0,1.0,1.0,1.0,1.0,1.0,1.0,1.0,0.9999927,1.0,1.0,0.89549327,1.0,1.0,1.0,1.0,1.0,1.0,1.0,1.0,0.99999994,1.0,0.9999935,1.0,1.0,1.0,1.0,1.0,1.0,1.0,1.0,0.97112846,1.0,1.0,1.0
SDAD1_HepG2,1.0,1.0,1.0,1.0,1.0,1.0,1.0,1.0,1.0,1.0,1.0,1.0,1.0,1.0,1.0,1.0,1.0,1.0,1.0,1.0,1.0,1.0,1.0,1.0,0.880515,1.0,1.0,1.0,0.99999994,1.0,1.0,1.0,1.0,1.0,1.0,1.0,1.0,1.0,0.99998933,1.0,1.0,1.0,1.0,1.0,1.0,1.0,1.0,1.0,1.0,1.0,1.0,1.0,1.0,1.0,1.0,1.0,1.0,1.0,1.0,1.0,1.0,1.0,1.0,1.0,1.0,1.0,1.0,1.0,1.0,1.0,1.0,1.0,1.0,1.0,1.0,1.0,1.0,0.7295466,1.0,1.0,1.0,1.0,1.0,0.99999994,1.0,1.0,1.0,1.0,1.0,1.0,1.0,1.0,1.0,1.0,1.0,1.0,1.0,1.0,1.0,1.0,0.9999994,0.9985202,0.98480654,1.0,1.0,1.0,1.0,1.0,1.0,1.0,1.0,1.0,1.0,1.0,1.0,1.0,0.99999803,0.99999934,1.0,1.0,1.0,1.0,0.83406353,1.0,1.0,1.0,1.0,1.0,1.0,1.0,1.0,1.0,1.0,1.0,1.0,1.0,1.0,1.0,1.0,1.0,1.0,1.0,1.0,1.0,1.0,1.0,1.0,1.0,1.0,1.0,1.0,1.0,1.0,1.0,1.0,1.0,0.99999994,1.0,1.0,1.0,0.9999996,1.0,1.0,1.0,1.0,1.0,1.0,1.0,1.0,1.0,1.0,1.0,1.0,1.0,1.0,1.0,0.99448454,0.9999988,0.99999976,1.0,0.9999998,1.0,1.0,1.0,1.0,1.0,1.0,1.0,1.0,1.0,1.0,1.0,1.0,1.0,1.0,1.0,0.99999255,1.0,1.0,0.8954676,1.0,1.0,1.0,1.0,1.0,1.0,1.0,1.0,1.0,1.0,0.9999937,1.0,1.0,1.0,1.0,1.0,1.0,1.0,1.0,0.97114223,1.0,1.0,1.0
SDAD1_K562,1.0,1.0,1.0,1.0,1.0,1.0,1.0,1.0,1.0,1.0,1.0,1.0,1.0,1.0,1.0,1.0,1.0,1.0,1.0,1.0,1.0,1.0,1.0,1.0,0.8805239,1.0,1.0,1.0,0.99999994,1.0,1.0,1.0,1.0,1.0,1.0,1.0,1.0,1.0,0.9999893,1.0,1.0,1.0,1.0,1.0,1.0,1.0,1.0,1.0,1.0,1.0,1.0,1.0,1.0,1.0,1.0,1.0,1.0,1.0,1.0,1.0,1.0,1.0,1.0,1.0,1.0,1.0,1.0,1.0,1.0,1.0,1.0,1.0,1.0,1.0,1.0,1.0,1.0,0.72953373,1.0,1.0,1.0,1.0,1.0,0.99999994,1.0,1.0,1.0,1.0,1.0,1.0,1.0,1.0,1.0,1.0,1.0,1.0,1.0,1.0,1.0,1.0,0.9999994,0.9985192,0.9848098,1.0,1.0,1.0,1.0,1.0,1.0,1.0,1.0,1.0,1.0,1.0,1.0,1.0,0.99999803,0.99999934,1.0,1.0,1.0,1.0,0.8340739,1.0,1.0,1.0,1.0,1.0,1.0,1.0,1.0,1.0,1.0,1.0,1.0,1.0,1.0,1.0,1.0,1.0,1.0,1.0,1.0,1.0,1.0,1.0,1.0,1.0,1.0,1.0,1.0,1.0,1.0,1.0,1.0,1.0,0.99999994,1.0,1.0,1.0,0.9999995,1.0,1.0,1.0,1.0,1.0,1.0,1.0,1.0,1.0,1.0,1.0,1.0,1.0,1.0,1.0,0.9944826,0.9999988,0.9999997,1.0,0.9999998,1.0,1.0,1.0,1.0,1.0,1.0,1.0,1.0,1.0,1.0,1.0,1.0,1.0,1.0,1.0,0.99999243,1.0,1.0,0.89545923,1.0,1.0,1.0,1.0,1.0,1.0,1.0,1.0,1.0,1.0,0.99999374,1.0,1.0,1.0,1.0,1.0,1.0,1.0,1.0,0.9711467,1.0,1.0,1.0
SERBP1_K562,0.99999994,0.99999994,0.99999994,0.99999994,0.99999994,0.99999994,0.99999994,0.99999994,0.99999994,0.99999994,0.99999994,0.99999994,0.99999994,0.99999994,0.99999994,0.9999999,0.99999994,0.99999994,0.99999994,0.99999994,0.99999994,0.99999994,0.99999994,0.99999994,0.88033193,0.99999994,0.99999994,0.99999994,1.0,0.99999994,0.99999994,0.99999994,0.99999994,0.99999994,0.99999994,0.99999994,0.99999994,0.99999994,0.99999106,0.99999994,0.99999994,0.99999994,0.99999994,0.99999994,0.99999994,0.99999994,0.99999994,0.99999994,0.99999994,0.99999994,0.99999994,0.99999994,0.99999994,0.99999994,0.9999999,0.99999994,0.99999994,0.9999999,0.99999994,0.99999994,0.99999994,0.99999994,0.99999994,0.99999994,0.99999994,0.99999994,0.99999994,0.99999994,0.99999994,0.99999994,0.99999994,0.9999999,0.99999994,0.99999994,0.99999994,0.99999994,0.9999999,0.72981054,0.99999994,0.99999994,0.99999994,0.99999994,0.99999994,0.9999997,0.99999994,0.99999994,0.9999999,0.99999994,0.99999994,0.99999994,0.99999994,0.99999994,0.99999994,0.9999999,0.99999994,0.99999994,0.99999994,0.99999994,0.99999994,0.99999994,0.99999976,0.9985411,0.9847395,0.99999994,0.99999994,0.99999994,0.99999994,0.99999994,0.99999994,0.99999994,0.99999994,0.9999999,1.0,0.99999994,0.99999994,0.99999994,0.99999875,0.9999997,0.99999994,0.99999994,0.99999994,0.99999994,0.83385056,0.99999994,0.99999994,0.99999994,0.99999994,0.99999994,0.99999994,0.99999994,0.99999994,0.99999994,0.99999994,0.99999994,0.99999994,0.99999994,0.99999994,0.99999994,0.99999994,0.99999994,0.9999998,0.99999994,0.99999994,0.9999999,0.99999994,0.99999994,0.99999994,0.99999994,0.99999994,0.99999994,0.99999994,0.99999994,0.99999994,0.99999994,0.99999994,0.99999994,1.0,0.9999999,0.99999994,0.99999994,0.9999998,0.99999994,0.99999994,0.99999994,0.99999994,0.99999994,0.99999994,0.99999994,0.99999994,0.99999994,0.99999994,0.99999994,0.99999994,0.99999994,0.99999994,0.99999994,0.99452496,0.99999934,0.99999994,0.99999994,1.0,0.99999994,0.99999994,0.99999994,0.99999994,0.99999994,0.9999999,0.99999994,0.99999994,0.99999994,0.99999994,0.99999994,0.99999994,0.99999994,0.99999994,0.99999994,0.9999939,0.99999994,0.99999994,0.89563936,0.99999994,0.99999994,0.99999994,0.99999994,0.99999994,0.99999994,0.99999994,0.99999994,0.9999998,0.99999994,0.99999225,0.9999998,0.99999994,0.99999994,0.99999994,0.99999994,0.99999994,0.99999994,0.9999999,0.9710501,0.99999994,0.99999994,0.99999994
SF3A3_HepG2,1.0,1.0,1.0,1.0,1.0,1.0,1.0,1.0,1.0,1.0,1.0,1.0,1.0,1.0,1.0,1.0,1.0,1.0,1.0,1.0,1.0,1.0,1.0,1.0,0.8805486,1.0,1.0,1.0,0.99999994,1.0,1.0,1.0,1.0,1.0,1.0,1.0,1.0,1.0,0.99998903,1.0,1.0,1.0,1.0,1.0,1.0,1.0,1.0,1.0,1.0,1.0,1.0,1.0,1.0,1.0,1.0,1.0,1.0,1.0,1.0,1.0,1.0,1.0,1.0,1.0,1.0,1.0,1.0,1.0,1.0,1.0,1.0,1.0,1.0,1.0,1.0,1.0,1.0,0.72949815,1.0,1.0,1.0,1.0,1.0,0.99999994,1.0,1.0,1.0,1.0,1.0,1.0,1.0,1.0,1.0,1.0,1.0,1.0,1.0,1.0,1.0,1.0,0.99999934,0.9985164,0.9848189,1.0,1.0,1.0,1.0,1.0,1.0,1.0,1.0,1.0,1.0,1.0,1.0,1.0,0.9999979,0.9999993,1.0,1.0,1.0,1.0,0.83410263,1.0,1.0,1.0,1.0,1.0,1.0,1.0,1.0,1.0,1.0,1.0,1.0,1.0,1.0,1.0,1.0,1.0,1.0,1.0,1.0,1.0,1.0,1.0,1.0,1.0,1.0,1.0,1.0,1.0,1.0,1.0,1.0,1.0,0.9999999,1.0,1.0,1.0,0.99999946,1.0,1.0,1.0,1.0,1.0,1.0,1.0,1.0,1.0,1.0,1.0,1.0,1.0,1.0,1.0,0.99447715,0.99999875,0.9999997,1.0,0.99999976,1.0,1.0,1.0,1.0,1.0,1.0,1.0,1.0,1.0,1.0,1.0,1.0,1.0,1.0,1.0,0.99999225,1.0,1.0,0.89543605,1.0,1.0,1.0,1.0,1.0,1.0,1.0,1.0,1.0,1.0,0.9999939,1.0,1.0,1.0,1.0,1.0,1.0,1.0,1.0,0.9711591,1.0,1.0,1.0
SF3B1_K562,1.0,1.0,1.0,1.0,1.0,1.0,1.0,1.0,1.0,1.0,1.0,1.0,1.0,1.0,1.0,1.0,1.0,1.0,1.0,1.0,1.0,1.0,1.0,1.0,0.8804944,1.0,1.0,1.0,1.0,1.0,1.0,1.0,1.0,1.0,1.0,1.0,1.0,1.0,0.99998957,1.0,1.0,1.0,1.0,1.0,1.0,1.0,1.0,1.0,1.0,1.0,1.0,1.0,1.0,1.0,1.0,1.0,1.0,1.0,1.0,1.0,1.0,1.0,1.0,1.0,1.0,1.0,1.0,1.0,1.0,1.0,1.0,1.0,1.0,1.0,1.0,1.0,1.0,0.7295763,1.0,1.0,1.0,1.0,1.0,0.99999994,1.0,1.0,1.0,1.0,1.0,1.0,1.0,1.0,1.0,1.0,1.0,1.0,1.0,1.0,1.0,1.0,0.99999946,0.9985226,0.984799,1.0,1.0,1.0,1.0,1.0,1.0,1.0,1.0,1.0,1.0,1.0,1.0,1.0,0.99999815,0.9999994,1.0,1.0,1.0,1.0,0.83403957,1.0,1.0,1.0,1.0,1.0,1.0,1.0,1.0,1.0,1.0,1.0,1.0,1.0,1.0,1.0,1.0,1.0,1.0,1.0,1.0,1.0,1.0,1.0,1.0,1.0,1.0,1.0,1.0,1.0,1.0,1.0,1.0,1.0,0.99999994,1.0,1.0,1.0,0.9999996,1.0,1.0,1.0,1.0,1.0,1.0,1.0,1.0,1.0,1.0,1.0,1.0,1.0,1.0,1.0,0.99448913,0.9999989,0.99999976,1.0,0.9999998,1.0,1.0,1.0,1.0,1.0,1.0,1.0,1.0,1.0,1.0,1.0,1.0,1.0,1.0,1.0,0.99999267,1.0,1.0,0.89548695,1.0,1.0,1.0,1.0,1.0,1.0,1.0,1.0,1.0,1.0,0.9999935,1.0,1.0,1.0,1.0,1.0,1.0,1.0,1.0,0.97113186,1.0,1.0,1.0
SF3B4_HepG2,1.0,1.0,1.0,1.0,1.0,1.0,1.0,1.0,1.0,1.0,1.0,1.0,1.0,1.0,1.0,1.0,1.0,1.0,1.0,1.0,1.0,1.0,1.0,1.0,0.88052106,1.0,1.0,1.0,0.99999994,1.0,1.0,1.0,1.0,1.0,1.0,1.0,1.0,1.0,0.9999893,1.0,1.0,1.0,1.0,1.0,1.0,1.0,1.0,1.0,1.0,1.0,1.0,1.0,1.0,1.0,1.0,1.0,1.0,1.0,1.0,1.0,1.0,1.0,1.0,1.0,1.0,1.0,1.0,1.0,1.0,1.0,1.0,1.0,1.0,1.0,1.0,1.0,1.0,0.7295378,1.0,1.0,1.0,1.0,1.0,0.99999994,1.0,1.0,1.0,1.0,1.0,1.0,1.0,1.0,1.0,1.0,1.0,1.0,1.0,1.0,1.0,1.0,0.9999994,0.9985195,0.9848088,1.0,1.0,1.0,1.0,1.0,1.0,1.0,1.0,1.0,1.0,1.0,1.0,1.0,0.99999803,0.99999934,1.0,1.0,1.0,1.0,0.8340707,1.0,1.0,1.0,1.0,1.0,1.0,1.0,1.0,1.0,1.0,1.0,1.0,1.0,1.0,1.0,1.0,1.0,1.0,1.0,1.0,1.0,1.0,1.0,1.0,1.0,1.0,1.0,1.0,1.0,1.0,1.0,1.0,1.0,0.99999994,1.0,1.0,1.0,0.9999995,1.0,1.0,1.0,1.0,1.0,1.0,1.0,1.0,1.0,1.0,1.0,1.0,1.0,1.0,1.0,0.99448323,0.9999988,0.9999997,1.0,0.9999998,1.0,1.0,1.0,1.0,1.0,1.0,1.0,1.0,1.0,1.0,1.0,1.0,1.0,1.0,1.0,0.9999925,1.0,1.0,0.89546186,1.0,1.0,1.0,1.0,1.0,1.0,1.0,1.0,1.0,1.0,0.99999374,1.0,1.0,1.0,1.0,1.0,1.0,1.0,1.0,0.9711453,1.0,1.0,1.0
SF3B4_K562,0.9999996,0.9999996,0.9999996,0.9999996,0.9999996,0.9999996,0.9999996,0.9999996,0.9999995,0.9999996,0.9999996,0.9999996,0.9999996,0.9999996,0.9999996,0.9999995,0.9999996,0.9999996,0.9999996,0.9999995,0.9999996,0.9999995,0.9999996,0.9999996,0.8800694,0.9999996,0.9999996,0.9999996,0.99999976,0.9999996,0.9999996,0.9999996,0.9999996,0.9999996,0.9999996,0.99999964,0.9999996,0.9999996,0.99999326,0.9999996,0.9999996,0.9999996,0.9999996,0.9999996,0.9999996,0.9999996,0.9999996,0.9999996,0.99999964,0.9999995,0.9999996,0.9999996,0.9999996,0.9999996,0.9999995,0.99999964,0.9999996,0.9999995,0.9999995,0.9999996,0.9999996,0.9999996,0.9999996,0.9999995,0.9999996,0.9999996,0.9999996,0.9999996,0.9999996,0.9999996,0.9999996,0.9999995,0.9999995,0.9999995,0.9999996,0.9999996,0.9999995,0.73018867,0.9999995,0.9999995,0.99999964,0.9999996,0.9999995,0.99999917,0.9999996,0.99999964,0.9999995,0.9999996,0.9999996,0.9999996,0.9999996,0.9999996,0.9999996,0.9999995,0.9999996,0.9999995,0.9999996,0.9999995,0.9999996,0.9999996,1.0,0.99857086,0.984643,0.9999996,0.9999996,0.9999996,0.9999995,0.9999996,0.9999996,0.9999996,0.9999996,0.99999946,0.9999997,0.9999996,0.9999996,0.9999996,0.99999946,1.0,0.9999995,0.9999995,0.9999995,0.9999995,0.833545,0.9999996,0.9999996,0.9999995,0.9999996,0.9999996,0.9999996,0.9999996,0.9999996,0.9999996,0.9999995,0.9999996,0.9999996,0.9999996,0.9999996,0.9999996,0.9999996,0.9999996,0.9999994,0.9999995,0.9999996,0.9999995,0.9999997,0.9999995,0.9999996,0.9999996,0.9999996,0.9999996,0.9999996,0.9999996,0.9999996,0.9999996,0.9999996,0.9999995,0.9999998,0.99999946,0.9999996,0.9999995,1.0,0.9999996,0.9999995,0.9999995,0.9999996,0.9999996,0.9999996,0.9999996,0.9999996,0.9999996,0.9999996,0.9999996,0.9999996,0.9999995,0.9999996,0.9999996,0.99458265,0.9999998,1.0,0.9999996,0.99999994,0.9999996,0.9999996,0.9999996,0.9999996,0.9999996,0.9999995,0.9999996,0.9999995,0.9999995,0.9999995,0.9999996,0.9999996,0.9999996,0.9999996,0.9999996,0.9999957,0.9999996,0.9999996,0.8958853,0.9999995,0.9999996,0.9999996,0.9999996,0.9999996,0.9999996,0.9999996,0.99999964,0.99999934,0.9999996,0.9999899,0.9999994,0.9999996,0.9999996,0.9999996,0.9999996,0.9999996,0.9999996,0.9999995,0.97091776,0.9999996,0.9999996,0.9999995
SFPQ_HepG2,1.0,1.0,1.0,1.0,1.0,1.0,1.0,1.0,1.0,1.0,1.0,1.0,1.0,1.0,1.0,1.0,1.0,1.0,1.0,1.0,1.0,1.0,1.0,1.0,0.8804955,1.0,1.0,1.0,1.0,1.0,1.0,1.0,1.0,1.0,1.0,1.0,1.0,1.0,0.99998957,1.0,1.0,1.0,1.0,1.0,1.0,1.0,1.0,1.0,1.0,1.0,1.0,1.0,1.0,1.0,1.0,1.0,1.0,1.0,1.0,1.0,1.0,1.0,1.0,1.0,1.0,1.0,1.0,1.0,1.0,1.0,1.0,1.0,1.0,1.0,1.0,1.0,1.0,0.7295747,1.0,1.0,1.0,1.0,1.0,0.99999994,1.0,1.0,1.0,1.0,1.0,1.0,1.0,1.0,1.0,1.0,1.0,1.0,1.0,1.0,1.0,1.0,0.99999946,0.99852246,0.98479944,1.0,1.0,1.0,1.0,1.0,1.0,1.0,1.0,1.0,1.0,1.0,1.0,1.0,0.99999815,0.9999994,1.0,1.0,1.0,1.0,0.8340409,1.0,1.0,1.0,1.0,1.0,1.0,1.0,1.0,1.0,1.0,1.0,1.0,1.0,1.0,1.0,1.0,1.0,1.0,1.0,1.0,1.0,1.0,1.0,1.0,1.0,1.0,1.0,1.0,1.0,1.0,1.0,1.0,1.0,0.99999994,1.0,1.0,1.0,0.9999996,1.0,1.0,1.0,1.0,1.0,1.0,1.0,1.0,1.0,1.0,1.0,1.0,1.0,1.0,1.0,0.9944889,0.9999989,0.99999976,1.0,0.9999998,1.0,1.0,1.0,1.0,1.0,1.0,1.0,1.0,1.0,1.0,1.0,1.0,1.0,1.0,1.0,0.99999267,1.0,1.0,0.8954859,1.0,1.0,1.0,1.0,1.0,1.0,1.0,1.0,1.0,1.0,0.99999356,1.0,1.0,1.0,1.0,1.0,1.0,1.0,1.0,0.97113246,1.0,1.0,1.0
SLBP_K562,1.0,1.0,1.0,1.0,1.0,1.0,1.0,1.0,1.0,1.0,1.0,1.0,1.0,1.0,1.0,1.0,1.0,1.0,1.0,1.0,1.0,1.0,1.0,1.0,0.88053155,1.0,1.0,1.0,0.99999994,1.0,1.0,1.0,1.0,1.0,1.0,1.0,1.0,1.0,0.9999892,1.0,1.0,1.0,1.0,1.0,1.0,1.0,1.0,1.0,1.0,1.0,1.0,1.0,1.0,1.0,1.0,1.0,1.0,1.0,1.0,1.0,1.0,1.0,1.0,1.0,1.0,1.0,1.0,1.0,1.0,1.0,1.0,1.0,1.0,1.0,1.0,1.0,1.0,0.72952265,1.0,1.0,1.0,1.0,1.0,0.99999994,1.0,1.0,1.0,1.0,1.0,1.0,1.0,1.0,1.0,1.0,1.0,1.0,1.0,1.0,1.0,1.0,0.99999934,0.9985183,0.9848126,1.0,1.0,1.0,1.0,1.0,1.0,1.0,1.0,1.0,1.0,1.0,1.0,1.0,0.999998,0.9999993,1.0,1.0,1.0,1.0,0.83408284,1.0,1.0,1.0,1.0,1.0,1.0,1.0,1.0,1.0,1.0,1.0,1.0,1.0,1.0,1.0,1.0,1.0,1.0,1.0,1.0,1.0,1.0,1.0,1.0,1.0,1.0,1.0,1.0,1.0,1.0,1.0,1.0,1.0,0.99999994,1.0,1.0,1.0,0.9999995,1.0,1.0,1.0,1.0,1.0,1.0,1.0,1.0,1.0,1.0,1.0,1.0,1.0,1.0,1.0,0.9944809,0.9999988,0.9999997,1.0,0.99999976,1.0,1.0,1.0,1.0,1.0,1.0,1.0,1.0,1.0,1.0,1.0,1.0,1.0,1.0,1.0,0.9999924,1.0,1.0,0.895452,1.0,1.0,1.0,1.0,1.0,1.0,1.0,1.0,1.0,1.0,0.9999938,1.0,1.0,1.0,1.0,1.0,1.0,1.0,1.0,0.9711506,1.0,1.0,1.0
SLTM_HepG2,1.0,1.0,1.0,1.0,1.0,1.0,1.0,1.0,1.0,1.0,1.0,1.0,1.0,1.0,1.0,1.0,1.0,1.0,1.0,1.0,1.0,1.0,1.0,1.0,0.88052434,1.0,1.0,1.0,0.99999994,1.0,1.0,1.0,1.0,1.0,1.0,1.0,1.0,1.0,0.9999893,1.0,1.0,1.0,1.0,1.0,1.0,1.0,1.0,1.0,1.0,1.0,1.0,1.0,1.0,1.0,1.0,1.0,1.0,1.0,1.0,1.0,1.0,1.0,1.0,1.0,1.0,1.0,1.0,1.0,1.0,1.0,1.0,1.0,1.0,1.0,1.0,1.0,1.0,0.7295331,1.0,1.0,1.0,1.0,1.0,0.99999994,1.0,1.0,1.0,1.0,1.0,1.0,1.0,1.0,1.0,1.0,1.0,1.0,1.0,1.0,1.0,1.0,0.9999994,0.9985191,0.98481,1.0,1.0,1.0,1.0,1.0,1.0,1.0,1.0,1.0,1.0,1.0,1.0,1.0,0.99999803,0.99999934,1.0,1.0,1.0,1.0,0.83407444,1.0,1.0,1.0,1.0,1.0,1.0,1.0,1.0,1.0,1.0,1.0,1.0,1.0,1.0,1.0,1.0,1.0,1.0,1.0,1.0,1.0,1.0,1.0,1.0,1.0,1.0,1.0,1.0,1.0,1.0,1.0,1.0,1.0,0.99999994,1.0,1.0,1.0,0.9999995,1.0,1.0,1.0,1.0,1.0,1.0,1.0,1.0,1.0,1.0,1.0,1.0,1.0,1.0,1.0,0.9944825,0.9999988,0.9999997,1.0,0.9999998,1.0,1.0,1.0,1.0,1.0,1.0,1.0,1.0,1.0,1.0,1.0,1.0,1.0,1.0,1.0,0.99999243,1.0,1.0,0.8954588,1.0,1.0,1.0,1.0,1.0,1.0,1.0,1.0,1.0,1.0,0.99999374,1.0,1.0,1.0,1.0,1.0,1.0,1.0,1.0,0.97114694,1.0,1.0,1.0
SLTM_K562,1.0,1.0,1.0,1.0,1.0,1.0,1.0,1.0,1.0,1.0,1.0,1.0,1.0,1.0,1.0,1.0,1.0,1.0,1.0,1.0,1.0,1.0,1.0,1.0,0.88050526,1.0,1.0,1.0,0.99999994,1.0,1.0,1.0,1.0,1.0,1.0,1.0,1.0,1.0,0.99998945,1.0,1.0,1.0,1.0,1.0,1.0,1.0,1.0,1.0,1.0,1.0,1.0,1.0,1.0,1.0,1.0,1.0,1.0,1.0,1.0,1.0,1.0,1.0,1.0,1.0,1.0,1.0,1.0,1.0,1.0,1.0,1.0,1.0,1.0,1.0,1.0,1.0,1.0,0.7295606,1.0,1.0,1.0,1.0,1.0,0.99999994,1.0,1.0,1.0,1.0,1.0,1.0,1.0,1.0,1.0,1.0,1.0,1.0,1.0,1.0,1.0,1.0,0.9999994,0.9985213,0.98480296,1.0,1.0,1.0,1.0,1.0,1.0,1.0,1.0,1.0,1.0,1.0,1.0,1.0,0.9999981,0.99999934,1.0,1.0,1.0,1.0,0.8340522,1.0,1.0,1.0,1.0,1.0,1.0,1.0,1.0,1.0,1.0,1.0,1.0,1.0,1.0,1.0,1.0,1.0,1.0,1.0,1.0,1.0,1.0,1.0,1.0,1.0,1.0,1.0,1.0,1.0,1.0,1.0,1.0,1.0,0.99999994,1.0,1.0,1.0,0.9999996,1.0,1.0,1.0,1.0,1.0,1.0,1.0,1.0,1.0,1.0,1.0,1.0,1.0,1.0,1.0,0.99448675,0.99999887,0.99999976,1.0,0.9999998,1.0,1.0,1.0,1.0,1.0,1.0,1.0,1.0,1.0,1.0,1.0,1.0,1.0,1.0,1.0,0.9999926,1.0,1.0,0.89547676,1.0,1.0,1.0,1.0,1.0,1.0,1.0,1.0,1.0,1.0,0.9999936,1.0,1.0,1.0,1.0,1.0,1.0,1.0,1.0,0.97113734,1.0,1.0,1.0
SMNDC1_HepG2,1.0,1.0,1.0,1.0,1.0,1.0,1.0,1.0,1.0,1.0,1.0,1.0,1.0,1.0,1.0,1.0,1.0,1.0,1.0,1.0,1.0,1.0,1.0,1.0,0.8805026,1.0,1.0,1.0,0.99999994,1.0,1.0,1.0,1.0,1.0,1.0,1.0,1.0,1.0,0.99998945,1.0,1.0,1.0,1.0,1.0,1.0,1.0,1.0,1.0,1.0,1.0,1.0,1.0,1.0,1.0,1.0,1.0,1.0,1.0,1.0,1.0,1.0,1.0,1.0,1.0,1.0,1.0,1.0,1.0,1.0,1.0,1.0,1.0,1.0,1.0,1.0,1.0,1.0,0.7295645,1.0,1.0,1.0,1.0,1.0,0.99999994,1.0,1.0,1.0,1.0,1.0,1.0,1.0,1.0,1.0,1.0,1.0,1.0,1.0,1.0,1.0,1.0,0.9999994,0.9985216,0.984802,1.0,1.0,1.0,1.0,1.0,1.0,1.0,1.0,1.0,1.0,1.0,1.0,1.0,0.9999981,0.9999994,1.0,1.0,1.0,1.0,0.8340491,1.0,1.0,1.0,1.0,1.0,1.0,1.0,1.0,1.0,1.0,1.0,1.0,1.0,1.0,1.0,1.0,1.0,1.0,1.0,1.0,1.0,1.0,1.0,1.0,1.0,1.0,1.0,1.0,1.0,1.0,1.0,1.0,1.0,0.99999994,1.0,1.0,1.0,0.9999996,1.0,1.0,1.0,1.0,1.0,1.0,1.0,1.0,1.0,1.0,1.0,1.0,1.0,1.0,1.0,0.9944873,0.99999887,0.99999976,1.0,0.9999998,1.0,1.0,1.0,1.0,1.0,1.0,1.0,1.0,1.0,1.0,1.0,1.0,1.0,1.0,1.0,0.9999926,1.0,1.0,0.8954792,1.0,1.0,1.0,1.0,1.0,1.0,1.0,1.0,1.0,1.0,0.99999356,1.0,1.0,1.0,1.0,1.0,1.0,1.0,1.0,0.971136,1.0,1.0,1.0
SMNDC1_K562,1.0,1.0,1.0,1.0,1.0,1.0,1.0,1.0,1.0,1.0,1.0,1.0,1.0,1.0,1.0,1.0,1.0,1.0,1.0,1.0,1.0,1.0,1.0,1.0,0.8805014,1.0,1.0,1.0,0.99999994,1.0,1.0,1.0,1.0,1.0,1.0,1.0,1.0,1.0,0.9999895,1.0,1.0,1.0,1.0,1.0,1.0,1.0,1.0,1.0,1.0,1.0,1.0,1.0,1.0,1.0,1.0,1.0,1.0,1.0,1.0,1.0,1.0,1.0,1.0,1.0,1.0,1.0,1.0,1.0,1.0,1.0,1.0,1.0,1.0,1.0,1.0,1.0,1.0,0.7295662,1.0,1.0,1.0,1.0,1.0,0.99999994,1.0,1.0,1.0,1.0,1.0,1.0,1.0,1.0,1.0,1.0,1.0,1.0,1.0,1.0,1.0,1.0,0.99999946,0.99852175,0.9848016,1.0,1.0,1.0,1.0,1.0,1.0,1.0,1.0,1.0,1.0,1.0,1.0,1.0,0.9999981,0.9999994,1.0,1.0,1.0,1.0,0.83404773,1.0,1.0,1.0,1.0,1.0,1.0,1.0,1.0,1.0,1.0,1.0,1.0,1.0,1.0,1.0,1.0,1.0,1.0,1.0,1.0,1.0,1.0,1.0,1.0,1.0,1.0,1.0,1.0,1.0,1.0,1.0,1.0,1.0,0.99999994,1.0,1.0,1.0,0.9999996,1.0,1.0,1.0,1.0,1.0,1.0,1.0,1.0,1.0,1.0,1.0,1.0,1.0,1.0,1.0,0.9944876,0.99999887,0.99999976,1.0,0.9999998,1.0,1.0,1.0,1.0,1.0,1.0,1.0,1.0,1.0,1.0,1.0,1.0,1.0,1.0,1.0,0.9999926,1.0,1.0,0.89548033,1.0,1.0,1.0,1.0,1.0,1.0,1.0,1.0,1.0,1.0,0.99999356,1.0,1.0,1.0,1.0,1.0,1.0,1.0,1.0,0.9711354,1.0,1.0,1.0
SND1_HepG2,1.0,1.0,1.0,1.0,1.0,1.0,1.0,1.0,1.0,1.0,1.0,1.0,1.0,1.0,1.0,1.0,1.0,1.0,1.0,1.0,1.0,1.0,1.0,1.0,0.880508,1.0,1.0,1.0,0.99999994,1.0,1.0,1.0,1.0,1.0,1.0,1.0,1.0,1.0,0.9999894,1.0,1.0,1.0,1.0,1.0,1.0,1.0,1.0,1.0,1.0,1.0,1.0,1.0,1.0,1.0,1.0,1.0,1.0,1.0,1.0,1.0,1.0,1.0,1.0,1.0,1.0,1.0,1.0,1.0,1.0,1.0,1.0,1.0,1.0,1.0,1.0,1.0,1.0,0.7295567,1.0,1.0,1.0,1.0,1.0,0.99999994,1.0,1.0,1.0,1.0,1.0,1.0,1.0,1.0,1.0,1.0,1.0,1.0,1.0,1.0,1.0,1.0,0.9999994,0.99852103,0.984804,1.0,1.0,1.0,1.0,1.0,1.0,1.0,1.0,1.0,1.0,1.0,1.0,1.0,0.9999981,0.99999934,1.0,1.0,1.0,1.0,0.8340554,1.0,1.0,1.0,1.0,1.0,1.0,1.0,1.0,1.0,1.0,1.0,1.0,1.0,1.0,1.0,1.0,1.0,1.0,1.0,1.0,1.0,1.0,1.0,1.0,1.0,1.0,1.0,1.0,1.0,1.0,1.0,1.0,1.0,0.99999994,1.0,1.0,1.0,0.9999996,1.0,1.0,1.0,1.0,1.0,1.0,1.0,1.0,1.0,1.0,1.0,1.0,1.0,1.0,1.0,0.9944861,0.99999887,0.99999976,1.0,0.9999998,1.0,1.0,1.0,1.0,1.0,1.0,1.0,1.0,1.0,1.0,1.0,1.0,1.0,1.0,1.0,0.9999926,1.0,1.0,0.89547414,1.0,1.0,1.0,1.0,1.0,1.0,1.0,1.0,1.0,1.0,0.9999936,1.0,1.0,1.0,1.0,1.0,1.0,1.0,1.0,0.9711387,1.0,1.0,1.0
SND1_K562,1.0,1.0,1.0,1.0,1.0,1.0,1.0,1.0,1.0,1.0,1.0,1.0,1.0,1.0,1.0,1.0,1.0,1.0,1.0,1.0,1.0,1.0,1.0,1.0,0.8804978,1.0,1.0,1.0,1.0,1.0,1.0,1.0,1.0,1.0,1.0,1.0,1.0,1.0,0.9999895,1.0,1.0,1.0,1.0,1.0,1.0,1.0,1.0,1.0,1.0,1.0,1.0,1.0,1.0,1.0,1.0,1.0,1.0,1.0,1.0,1.0,1.0,1.0,1.0,1.0,1.0,1.0,1.0,1.0,1.0,1.0,1.0,1.0,1.0,1.0,1.0,1.0,1.0,0.7295714,1.0,1.0,1.0,1.0,1.0,0.99999994,1.0,1.0,1.0,1.0,1.0,1.0,1.0,1.0,1.0,1.0,1.0,1.0,1.0,1.0,1.0,1.0,0.99999946,0.99852216,0.9848003,1.0,1.0,1.0,1.0,1.0,1.0,1.0,1.0,1.0,1.0,1.0,1.0,1.0,0.9999981,0.9999994,1.0,1.0,1.0,1.0,0.83404356,1.0,1.0,1.0,1.0,1.0,1.0,1.0,1.0,1.0,1.0,1.0,1.0,1.0,1.0,1.0,1.0,1.0,1.0,1.0,1.0,1.0,1.0,1.0,1.0,1.0,1.0,1.0,1.0,1.0,1.0,1.0,1.0,1.0,0.99999994,1.0,1.0,1.0,0.9999996,1.0,1.0,1.0,1.0,1.0,1.0,1.0,1.0,1.0,1.0,1.0,1.0,1.0,1.0,1.0,0.99448836,0.99999887,0.99999976,1.0,0.9999998,1.0,1.0,1.0,1.0,1.0,1.0,1.0,1.0,1.0,1.0,1.0,1.0,1.0,1.0,1.0,0.99999267,1.0,1.0,0.89548373,1.0,1.0,1.0,1.0,1.0,1.0,1.0,1.0,1.0,1.0,0.99999356,1.0,1.0,1.0,1.0,1.0,1.0,1.0,1.0,0.9711336,1.0,1.0,1.0
SRSF1_HepG2,1.0,1.0,1.0,1.0,1.0,1.0,1.0,1.0,1.0,1.0,1.0,1.0,1.0,1.0,1.0,1.0,1.0,1.0,1.0,1.0,1.0,1.0,1.0,1.0,0.8805068,1.0,1.0,1.0,0.99999994,1.0,1.0,1.0,1.0,1.0,1.0,1.0,1.0,1.0,0.99998945,1.0,1.0,1.0,1.0,1.0,1.0,1.0,1.0,1.0,1.0,1.0,1.0,1.0,1.0,1.0,1.0,1.0,1.0,1.0,1.0,1.0,1.0,1.0,1.0,1.0,1.0,1.0,1.0,1.0,1.0,1.0,1.0,1.0,1.0,1.0,1.0,1.0,1.0,0.7295584,1.0,1.0,1.0,1.0,1.0,0.99999994,1.0,1.0,1.0,1.0,1.0,1.0,1.0,1.0,1.0,1.0,1.0,1.0,1.0,1.0,1.0,1.0,0.9999994,0.99852115,0.98480356,1.0,1.0,1.0,1.0,1.0,1.0,1.0,1.0,1.0,1.0,1.0,1.0,1.0,0.9999981,0.99999934,1.0,1.0,1.0,1.0,0.83405405,1.0,1.0,1.0,1.0,1.0,1.0,1.0,1.0,1.0,1.0,1.0,1.0,1.0,1.0,1.0,1.0,1.0,1.0,1.0,1.0,1.0,1.0,1.0,1.0,1.0,1.0,1.0,1.0,1.0,1.0,1.0,1.0,1.0,0.99999994,1.0,1.0,1.0,0.9999996,1.0,1.0,1.0,1.0,1.0,1.0,1.0,1.0,1.0,1.0,1.0,1.0,1.0,1.0,1.0,0.9944864,0.99999887,0.99999976,1.0,0.9999998,1.0,1.0,1.0,1.0,1.0,1.0,1.0,1.0,1.0,1.0,1.0,1.0,1.0,1.0,1.0,0.9999926,1.0,1.0,0.89547527,1.0,1.0,1.0,1.0,1.0,1.0,1.0,1.0,1.0,1.0,0.9999936,1.0,1.0,1.0,1.0,1.0,1.0,1.0,1.0,0.9711381,1.0,1.0,1.0
SRSF1_K562,1.0,1.0,1.0,1.0,1.0,1.0,1.0,1.0,1.0,1.0,1.0,1.0,1.0,1.0,1.0,1.0,1.0,1.0,1.0,1.0,1.0,1.0,1.0,1.0,0.8805054,1.0,1.0,1.0,0.99999994,1.0,1.0,1.0,1.0,1.0,1.0,1.0,1.0,1.0,0.99998945,1.0,1.0,1.0,1.0,1.0,1.0,1.0,1.0,1.0,1.0,1.0,1.0,1.0,1.0,1.0,1.0,1.0,1.0,1.0,1.0,1.0,1.0,1.0,1.0,1.0,1.0,1.0,1.0,1.0,1.0,1.0,1.0,1.0,1.0,1.0,1.0,1.0,1.0,0.72956043,1.0,1.0,1.0,1.0,1.0,0.99999994,1.0,1.0,1.0,1.0,1.0,1.0,1.0,1.0,1.0,1.0,1.0,1.0,1.0,1.0,1.0,1.0,0.9999994,0.9985213,0.984803,1.0,1.0,1.0,1.0,1.0,1.0,1.0,1.0,1.0,1.0,1.0,1.0,1.0,0.9999981,0.99999934,1.0,1.0,1.0,1.0,0.8340524,1.0,1.0,1.0,1.0,1.0,1.0,1.0,1.0,1.0,1.0,1.0,1.0,1.0,1.0,1.0,1.0,1.0,1.0,1.0,1.0,1.0,1.0,1.0,1.0,1.0,1.0,1.0,1.0,1.0,1.0,1.0,1.0,1.0,0.99999994,1.0,1.0,1.0,0.9999996,1.0,1.0,1.0,1.0,1.0,1.0,1.0,1.0,1.0,1.0,1.0,1.0,1.0,1.0,1.0,0.9944867,0.99999887,0.99999976,1.0,0.9999998,1.0,1.0,1.0,1.0,1.0,1.0,1.0,1.0,1.0,1.0,1.0,1.0,1.0,1.0,1.0,0.9999926,1.0,1.0,0.8954766,1.0,1.0,1.0,1.0,1.0,1.0,1.0,1.0,1.0,1.0,0.9999936,1.0,1.0,1.0,1.0,1.0,1.0,1.0,1.0,0.9711374,1.0,1.0,1.0
SRSF7_HepG2,1.0,1.0,1.0,1.0,1.0,1.0,1.0,1.0,1.0,1.0,1.0,1.0,1.0,1.0,1.0,1.0,1.0,1.0,1.0,1.0,1.0,1.0,1.0,1.0,0.88050973,1.0,1.0,1.0,0.99999994,1.0,1.0,1.0,1.0,1.0,1.0,1.0,1.0,1.0,0.9999894,1.0,1.0,1.0,1.0,1.0,1.0,1.0,1.0,1.0,1.0,1.0,1.0,1.0,1.0,1.0,1.0,1.0,1.0,1.0,1.0,1.0,1.0,1.0,1.0,1.0,1.0,1.0,1.0,1.0,1.0,1.0,1.0,1.0,1.0,1.0,1.0,1.0,1.0,0.7295542,1.0,1.0,1.0,1.0,1.0,0.99999994,1.0,1.0,1.0,1.0,1.0,1.0,1.0,1.0,1.0,1.0,1.0,1.0,1.0,1.0,1.0,1.0,0.9999994,0.9985208,0.98480463,1.0,1.0,1.0,1.0,1.0,1.0,1.0,1.0,1.0,1.0,1.0,1.0,1.0,0.9999981,0.99999934,1.0,1.0,1.0,1.0,0.83405745,1.0,1.0,1.0,1.0,1.0,1.0,1.0,1.0,1.0,1.0,1.0,1.0,1.0,1.0,1.0,1.0,1.0,1.0,1.0,1.0,1.0,1.0,1.0,1.0,1.0,1.0,1.0,1.0,1.0,1.0,1.0,1.0,1.0,0.99999994,1.0,1.0,1.0,0.9999996,1.0,1.0,1.0,1.0,1.0,1.0,1.0,1.0,1.0,1.0,1.0,1.0,1.0,1.0,1.0,0.99448574,0.99999887,0.99999976,1.0,0.9999998,1.0,1.0,1.0,1.0,1.0,1.0,1.0,1.0,1.0,1.0,1.0,1.0,1.0,1.0,1.0,0.99999255,1.0,1.0,0.8954725,1.0,1.0,1.0,1.0,1.0,1.0,1.0,1.0,1.0,1.0,0.9999936,1.0,1.0,1.0,1.0,1.0,1.0,1.0,1.0,0.9711396,1.0,1.0,1.0
SRSF7_K562,1.0,1.0,1.0,1.0,1.0,1.0,1.0,1.0,1.0,1.0,1.0,1.0,1.0,1.0,1.0,1.0,1.0,1.0,1.0,1.0,1.0,1.0,1.0,1.0,0.8804938,1.0,1.0,1.0,1.0,1.0,1.0,1.0,1.0,1.0,1.0,1.0,1.0,1.0,0.99998957,1.0,1.0,1.0,1.0,1.0,1.0,1.0,1.0,1.0,1.0,1.0,1.0,1.0,1.0,1.0,1.0,1.0,1.0,1.0,1.0,1.0,1.0,1.0,1.0,1.0,1.0,1.0,1.0,1.0,1.0,1.0,1.0,1.0,1.0,1.0,1.0,1.0,1.0,0.7295771,1.0,1.0,1.0,1.0,1.0,0.99999994,1.0,1.0,1.0,1.0,1.0,1.0,1.0,1.0,1.0,1.0,1.0,1.0,1.0,1.0,1.0,1.0,0.99999946,0.99852264,0.9847988,1.0,1.0,1.0,1.0,1.0,1.0,1.0,1.0,1.0,1.0,1.0,1.0,1.0,0.99999815,0.9999994,1.0,1.0,1.0,1.0,0.8340389,1.0,1.0,1.0,1.0,1.0,1.0,1.0,1.0,1.0,1.0,1.0,1.0,1.0,1.0,1.0,1.0,1.0,1.0,1.0,1.0,1.0,1.0,1.0,1.0,1.0,1.0,1.0,1.0,1.0,1.0,1.0,1.0,1.0,0.99999994,1.0,1.0,1.0,0.9999996,1.0,1.0,1.0,1.0,1.0,1.0,1.0,1.0,1.0,1.0,1.0,1.0,1.0,1.0,1.0,0.99448925,0.9999989,0.99999976,1.0,0.9999998,1.0,1.0,1.0,1.0,1.0,1.0,1.0,1.0,1.0,1.0,1.0,1.0,1.0,1.0,1.0,0.99999267,1.0,1.0,0.8954874,1.0,1.0,1.0,1.0,1.0,1.0,1.0,1.0,1.0,1.0,0.9999935,1.0,1.0,1.0,1.0,1.0,1.0,1.0,1.0,0.97113156,1.0,1.0,1.0
SRSF9_HepG2,1.0,1.0,1.0,1.0,1.0,1.0,1.0,1.0,1.0,1.0,1.0,1.0,1.0,1.0,1.0,1.0,1.0,1.0,1.0,1.0,1.0,1.0,1.0,1.0,0.880531,1.0,1.0,1.0,0.99999994,1.0,1.0,1.0,1.0,1.0,1.0,1.0,1.0,1.0,0.9999892,1.0,1.0,1.0,1.0,1.0,1.0,1.0,1.0,1.0,1.0,1.0,1.0,1.0,1.0,1.0,1.0,1.0,1.0,1.0,1.0,1.0,1.0,1.0,1.0,1.0,1.0,1.0,1.0,1.0,1.0,1.0,1.0,1.0,1.0,1.0,1.0,1.0,1.0,0.7295235,1.0,1.0,1.0,1.0,1.0,0.99999994,1.0,1.0,1.0,1.0,1.0,1.0,1.0,1.0,1.0,1.0,1.0,1.0,1.0,1.0,1.0,1.0,0.99999934,0.99851835,0.98481244,1.0,1.0,1.0,1.0,1.0,1.0,1.0,1.0,1.0,1.0,1.0,1.0,1.0,0.999998,0.9999993,1.0,1.0,1.0,1.0,0.8340822,1.0,1.0,1.0,1.0,1.0,1.0,1.0,1.0,1.0,1.0,1.0,1.0,1.0,1.0,1.0,1.0,1.0,1.0,1.0,1.0,1.0,1.0,1.0,1.0,1.0,1.0,1.0,1.0,1.0,1.0,1.0,1.0,1.0,0.99999994,1.0,1.0,1.0,0.9999995,1.0,1.0,1.0,1.0,1.0,1.0,1.0,1.0,1.0,1.0,1.0,1.0,1.0,1.0,1.0,0.994481,0.9999988,0.9999997,1.0,0.99999976,1.0,1.0,1.0,1.0,1.0,1.0,1.0,1.0,1.0,1.0,1.0,1.0,1.0,1.0,1.0,0.9999924,1.0,1.0,0.89545256,1.0,1.0,1.0,1.0,1.0,1.0,1.0,1.0,1.0,1.0,0.9999938,1.0,1.0,1.0,1.0,1.0,1.0,1.0,1.0,0.9711503,1.0,1.0,1.0
SSB_HepG2,1.0,1.0,1.0,1.0,1.0,1.0,1.0,1.0,1.0,1.0,1.0,1.0,1.0,1.0,1.0,1.0,1.0,1.0,1.0,1.0,1.0,1.0,1.0,1.0,0.88051087,1.0,1.0,1.0,0.99999994,1.0,1.0,1.0,1.0,1.0,1.0,1.0,1.0,1.0,0.9999894,1.0,1.0,1.0,1.0,1.0,1.0,1.0,1.0,1.0,1.0,1.0,1.0,1.0,1.0,1.0,1.0,1.0,1.0,1.0,1.0,1.0,1.0,1.0,1.0,1.0,1.0,1.0,1.0,1.0,1.0,1.0,1.0,1.0,1.0,1.0,1.0,1.0,1.0,0.72955257,1.0,1.0,1.0,1.0,1.0,0.99999994,1.0,1.0,1.0,1.0,1.0,1.0,1.0,1.0,1.0,1.0,1.0,1.0,1.0,1.0,1.0,1.0,0.9999994,0.9985207,0.98480505,1.0,1.0,1.0,1.0,1.0,1.0,1.0,1.0,1.0,1.0,1.0,1.0,1.0,0.99999803,0.99999934,1.0,1.0,1.0,1.0,0.8340587,1.0,1.0,1.0,1.0,1.0,1.0,1.0,1.0,1.0,1.0,1.0,1.0,1.0,1.0,1.0,1.0,1.0,1.0,1.0,1.0,1.0,1.0,1.0,1.0,1.0,1.0,1.0,1.0,1.0,1.0,1.0,1.0,1.0,0.99999994,1.0,1.0,1.0,0.9999996,1.0,1.0,1.0,1.0,1.0,1.0,1.0,1.0,1.0,1.0,1.0,1.0,1.0,1.0,1.0,0.9944855,0.99999887,0.99999976,1.0,0.9999998,1.0,1.0,1.0,1.0,1.0,1.0,1.0,1.0,1.0,1.0,1.0,1.0,1.0,1.0,1.0,0.99999255,1.0,1.0,0.89547145,1.0,1.0,1.0,1.0,1.0,1.0,1.0,1.0,1.0,1.0,0.9999937,1.0,1.0,1.0,1.0,1.0,1.0,1.0,1.0,0.97114015,1.0,1.0,1.0
SSB_K562,1.0,1.0,1.0,1.0,1.0,1.0,1.0,1.0,1.0,1.0,1.0,1.0,1.0,1.0,1.0,1.0,1.0,1.0,1.0,1.0,1.0,1.0,1.0,1.0,0.88050926,1.0,1.0,1.0,0.99999994,1.0,1.0,1.0,1.0,1.0,1.0,1.0,1.0,1.0,0.9999894,1.0,1.0,1.0,1.0,1.0,1.0,1.0,1.0,1.0,1.0,1.0,1.0,1.0,1.0,1.0,1.0,1.0,1.0,1.0,1.0,1.0,1.0,1.0,1.0,1.0,1.0,1.0,1.0,1.0,1.0,1.0,1.0,1.0,1.0,1.0,1.0,1.0,1.0,0.7295549,1.0,1.0,1.0,1.0,1.0,0.99999994,1.0,1.0,1.0,1.0,1.0,1.0,1.0,1.0,1.0,1.0,1.0,1.0,1.0,1.0,1.0,1.0,0.9999994,0.99852085,0.98480445,1.0,1.0,1.0,1.0,1.0,1.0,1.0,1.0,1.0,1.0,1.0,1.0,1.0,0.9999981,0.99999934,1.0,1.0,1.0,1.0,0.83405685,1.0,1.0,1.0,1.0,1.0,1.0,1.0,1.0,1.0,1.0,1.0,1.0,1.0,1.0,1.0,1.0,1.0,1.0,1.0,1.0,1.0,1.0,1.0,1.0,1.0,1.0,1.0,1.0,1.0,1.0,1.0,1.0,1.0,0.99999994,1.0,1.0,1.0,0.9999996,1.0,1.0,1.0,1.0,1.0,1.0,1.0,1.0,1.0,1.0,1.0,1.0,1.0,1.0,1.0,0.99448586,0.99999887,0.99999976,1.0,0.9999998,1.0,1.0,1.0,1.0,1.0,1.0,1.0,1.0,1.0,1.0,1.0,1.0,1.0,1.0,1.0,0.99999255,1.0,1.0,0.895473,1.0,1.0,1.0,1.0,1.0,1.0,1.0,1.0,1.0,1.0,0.9999936,1.0,1.0,1.0,1.0,1.0,1.0,1.0,1.0,0.9711393,1.0,1.0,1.0
STAU2_HepG2,0.994485,0.9944866,0.9944849,0.99448633,0.9944859,0.99448806,0.99448484,0.99448574,0.9944818,0.99448645,0.9944875,0.9944887,0.994486,0.99448705,0.99448574,0.9944806,0.99448615,0.99448836,0.99448776,0.99448264,0.9944875,0.99448276,0.9944871,0.99448675,0.8259421,0.9944884,0.99448633,0.99448967,0.9945138,0.9944842,0.99448746,0.994484,0.9944855,0.9944877,0.9944887,0.9944941,0.9944872,0.99448633,0.994958,0.9944858,0.99448764,0.9944875,0.9944857,0.99448454,0.99448895,0.9944851,0.99448514,0.9944842,0.99449456,0.9944824,0.9944854,0.9944841,0.9944873,0.9944881,0.9944805,0.99449146,0.99448943,0.99447954,0.99448293,0.99448425,0.9944866,0.99448717,0.9944867,0.99448293,0.994486,0.9944851,0.9944847,0.9944862,0.994486,0.9944881,0.99448484,0.9944779,0.9944829,0.994483,0.9944873,0.9944862,0.9944801,0.79725564,0.99448323,0.9944838,0.99449223,0.99448496,0.9944834,0.9944478,0.99448746,0.99449086,0.9944796,0.99448854,0.9944886,0.99448687,0.9944892,0.9944868,0.99448526,0.9944797,0.9944901,0.9944832,0.99448526,0.9944835,0.99448764,0.99448806,0.9945985,0.99871665,0.96116143,0.9944873,0.9944885,0.9944841,0.99448234,0.99448943,0.99448675,0.99448746,0.994485,0.9944749,0.9944998,0.9944878,0.9944869,0.9944847,0.99469006,0.99460375,0.9944839,0.99448264,0.9944824,0.9944811,0.7716027,0.9944856,0.99448913,0.99448174,0.99448895,0.99448544,0.99448675,0.9944877,0.9944876,0.9944844,0.99448204,0.99448943,0.9944898,0.9944864,0.99448824,0.9944891,0.99448425,0.9944847,0.994467,0.99448365,0.9944866,0.99447876,0.99449915,0.99448204,0.99448454,0.9944852,0.9944856,0.9944842,0.9944879,0.9944881,0.9944873,0.9944906,0.99448454,0.9944826,0.99452496,0.99447715,0.99448913,0.99448323,0.99458265,0.9944889,0.9944809,0.9944825,0.99448675,0.9944873,0.9944876,0.9944861,0.99448836,0.9944864,0.9944867,0.99448574,0.99448925,0.994481,0.9944855,0.99448586,1.0,0.9946434,0.99456114,0.9944856,0.9945492,0.9944848,0.9944891,0.99448967,0.99448764,0.9944902,0.99447757,0.99448854,0.9944825,0.9944808,0.99448305,0.9944895,0.9944885,0.9944869,0.99448425,0.9944849,0.99488264,0.99448705,0.9944852,0.9372149,0.9944824,0.9944875,0.99448776,0.99448794,0.9944885,0.99448746,0.9944873,0.9944924,0.9944644,0.994484,0.9941056,0.9944671,0.99448454,0.99448764,0.9944861,0.9944857,0.9944847,0.99448824,0.9944803,0.9407712,0.9944865,0.9944881,0.9944807
SUB1_HepG2,0.99999887,0.99999887,0.99999887,0.99999887,0.99999887,0.99999887,0.99999887,0.99999887,0.9999988,0.99999887,0.99999887,0.99999887,0.99999887,0.99999887,0.99999887,0.99999875,0.99999887,0.99999887,0.99999887,0.9999988,0.99999887,0.9999988,0.99999887,0.99999887,0.8797908,0.99999887,0.99999887,0.9999989,0.9999992,0.9999988,0.99999887,0.9999988,0.99999887,0.99999887,0.99999887,0.999999,0.99999887,0.99999887,0.99999523,0.99999887,0.99999887,0.99999887,0.99999887,0.9999988,0.9999989,0.99999887,0.99999887,0.9999988,0.999999,0.9999988,0.99999887,0.9999988,0.99999887,0.99999887,0.99999875,0.9999989,0.9999989,0.99999875,0.9999988,0.9999988,0.99999887,0.99999887,0.99999887,0.9999988,0.99999887,0.99999887,0.99999887,0.99999887,0.99999887,0.99999887,0.99999887,0.99999875,0.9999988,0.9999988,0.99999887,0.99999887,0.99999875,0.73058915,0.9999988,0.9999988,0.9999989,0.99999887,0.9999988,0.9999982,0.99999887,0.9999989,0.99999875,0.99999887,0.99999887,0.99999887,0.9999989,0.99999887,0.99999887,0.99999875,0.9999989,0.9999988,0.99999887,0.9999988,0.99999887,0.99999887,0.9999999,0.99860203,0.98454046,0.99999887,0.99999887,0.9999988,0.9999988,0.9999989,0.99999887,0.99999887,0.99999887,0.9999987,0.99999905,0.99999887,0.99999887,0.99999887,0.9999999,0.99999994,0.9999988,0.9999988,0.9999988,0.9999988,0.83322096,0.99999887,0.9999989,0.9999988,0.9999989,0.99999887,0.99999887,0.99999887,0.99999887,0.9999988,0.9999988,0.9999989,0.9999989,0.99999887,0.99999887,0.9999989,0.9999988,0.99999887,0.99999857,0.9999988,0.99999887,0.99999875,0.99999905,0.9999988,0.9999988,0.99999887,0.99999887,0.9999988,0.99999887,0.99999887,0.99999887,0.9999989,0.9999988,0.9999988,0.99999934,0.99999875,0.9999989,0.9999988,0.9999998,0.9999989,0.9999988,0.9999988,0.99999887,0.99999887,0.99999887,0.99999887,0.99999887,0.99999887,0.99999887,0.99999887,0.9999989,0.9999988,0.99999887,0.99999887,0.9946434,1.0,0.9999997,0.99999887,0.9999996,0.99999887,0.9999989,0.9999989,0.99999887,0.9999989,0.99999875,0.99999887,0.9999988,0.9999988,0.9999988,0.9999989,0.99999887,0.99999887,0.9999988,0.99999887,0.99999726,0.99999887,0.99999887,0.89614564,0.9999988,0.99999887,0.99999887,0.99999887,0.99999887,0.99999887,0.99999887,0.9999989,0.9999985,0.9999988,0.9999871,0.99999857,0.9999988,0.99999887,0.99999887,0.99999887,0.99999887,0.99999887,0.99999875,0.9707773,0.99999887,0.99999887,0.9999988
SUGP2_HepG2,0.99999976,0.99999976,0.99999976,0.99999976,0.99999976,0.99999976,0.99999976,0.99999976,0.9999997,0.99999976,0.99999976,0.99999976,0.99999976,0.99999976,0.99999976,0.9999997,0.99999976,0.99999976,0.99999976,0.9999997,0.99999976,0.9999997,0.99999976,0.99999976,0.8801676,0.99999976,0.99999976,0.99999976,0.9999999,0.9999997,0.99999976,0.9999997,0.99999976,0.99999976,0.99999976,0.9999998,0.99999976,0.99999976,0.9999925,0.99999976,0.99999976,0.99999976,0.99999976,0.9999997,0.99999976,0.99999976,0.99999976,0.9999997,0.9999998,0.9999997,0.99999976,0.9999997,0.99999976,0.99999976,0.9999997,0.99999976,0.99999976,0.9999997,0.9999997,0.9999997,0.99999976,0.99999976,0.99999976,0.9999997,0.99999976,0.99999976,0.99999976,0.99999976,0.99999976,0.99999976,0.99999976,0.9999997,0.9999997,0.9999997,0.99999976,0.99999976,0.9999997,0.7300473,0.9999997,0.9999997,0.99999976,0.99999976,0.9999997,0.9999994,0.99999976,0.99999976,0.9999997,0.99999976,0.99999976,0.99999976,0.99999976,0.99999976,0.99999976,0.9999997,0.99999976,0.9999997,0.99999976,0.9999997,0.99999976,0.99999976,0.99999994,0.9985598,0.9846791,0.99999976,0.99999976,0.9999997,0.9999997,0.99999976,0.99999976,0.99999976,0.99999976,0.99999964,0.9999998,0.99999976,0.99999976,0.99999976,0.9999992,0.99999994,0.9999997,0.9999997,0.9999997,0.9999997,0.83365935,0.99999976,0.99999976,0.9999997,0.99999976,0.99999976,0.99999976,0.99999976,0.99999976,0.9999997,0.9999997,0.99999976,0.99999976,0.99999976,0.99999976,0.99999976,0.9999997,0.99999976,0.9999996,0.9999997,0.99999976,0.9999997,0.9999998,0.9999997,0.9999997,0.99999976,0.99999976,0.9999997,0.99999976,0.99999976,0.99999976,0.99999976,0.99999976,0.9999997,0.99999994,0.9999997,0.99999976,0.9999997,1.0,0.99999976,0.9999997,0.9999997,0.99999976,0.99999976,0.99999976,0.99999976,0.99999976,0.99999976,0.99999976,0.99999976,0.99999976,0.9999997,0.99999976,0.99999976,0.99456114,0.9999997,1.0,0.99999976,1.0,0.99999976,0.99999976,0.99999976,0.99999976,0.99999976,0.9999997,0.99999976,0.9999997,0.9999997,0.9999997,0.99999976,0.99999976,0.99999976,0.9999997,0.99999976,0.9999951,0.99999976,0.99999976,0.8957933,0.9999997,0.99999976,0.99999976,0.99999976,0.99999976,0.99999976,0.99999976,0.99999976,0.9999996,0.9999997,0.9999908,0.9999996,0.99999976,0.99999976,0.99999976,0.99999976,0.99999976,0.99999976,0.9999997,0.9709673,0.99999976,0.99999976,0.9999997
SUPV3L1_HepG2,1.0,1.0,1.0,1.0,1.0,1.0,1.0,1.0,1.0,1.0,1.0,1.0,1.0,1.0,1.0,1.0,1.0,1.0,1.0,1.0,1.0,1.0,1.0,1.0,0.8805103,1.0,1.0,1.0,0.99999994,1.0,1.0,1.0,1.0,1.0,1.0,1.0,1.0,1.0,0.9999894,1.0,1.0,1.0,1.0,1.0,1.0,1.0,1.0,1.0,1.0,1.0,1.0,1.0,1.0,1.0,1.0,1.0,1.0,1.0,1.0,1.0,1.0,1.0,1.0,1.0,1.0,1.0,1.0,1.0,1.0,1.0,1.0,1.0,1.0,1.0,1.0,1.0,1.0,0.7295534,1.0,1.0,1.0,1.0,1.0,0.99999994,1.0,1.0,1.0,1.0,1.0,1.0,1.0,1.0,1.0,1.0,1.0,1.0,1.0,1.0,1.0,1.0,0.9999994,0.99852073,0.9848048,1.0,1.0,1.0,1.0,1.0,1.0,1.0,1.0,1.0,1.0,1.0,1.0,1.0,0.9999981,0.99999934,1.0,1.0,1.0,1.0,0.83405805,1.0,1.0,1.0,1.0,1.0,1.0,1.0,1.0,1.0,1.0,1.0,1.0,1.0,1.0,1.0,1.0,1.0,1.0,1.0,1.0,1.0,1.0,1.0,1.0,1.0,1.0,1.0,1.0,1.0,1.0,1.0,1.0,1.0,0.99999994,1.0,1.0,1.0,0.9999996,1.0,1.0,1.0,1.0,1.0,1.0,1.0,1.0,1.0,1.0,1.0,1.0,1.0,1.0,1.0,0.9944856,0.99999887,0.99999976,1.0,0.9999998,1.0,1.0,1.0,1.0,1.0,1.0,1.0,1.0,1.0,1.0,1.0,1.0,1.0,1.0,1.0,0.99999255,1.0,1.0,0.895472,1.0,1.0,1.0,1.0,1.0,1.0,1.0,1.0,1.0,1.0,0.9999936,1.0,1.0,1.0,1.0,1.0,1.0,1.0,1.0,0.97113985,1.0,1.0,1.0
SUPV3L1_K562,0.9999998,0.9999998,0.9999998,0.9999998,0.9999998,0.9999998,0.9999998,0.9999998,0.9999998,0.9999998,0.9999998,0.9999998,0.9999998,0.9999998,0.9999998,0.99999976,0.9999998,0.9999998,0.9999998,0.9999998,0.9999998,0.9999998,0.9999998,0.9999998,0.88022166,0.9999998,0.9999998,0.9999998,0.99999994,0.9999998,0.9999998,0.9999998,0.9999998,0.9999998,0.9999998,0.9999999,0.9999998,0.9999998,0.999992,0.9999998,0.9999998,0.9999998,0.9999998,0.9999998,0.9999998,0.9999998,0.9999998,0.9999998,0.9999999,0.9999998,0.9999998,0.9999998,0.9999998,0.9999998,0.99999976,0.9999998,0.9999998,0.99999976,0.9999998,0.9999998,0.9999998,0.9999998,0.9999998,0.9999998,0.9999998,0.9999998,0.9999998,0.9999998,0.9999998,0.9999998,0.9999998,0.99999976,0.9999998,0.9999998,0.9999998,0.9999998,0.99999976,0.72996944,0.9999998,0.9999998,0.9999999,0.9999998,0.9999998,0.9999995,0.9999998,0.9999998,0.99999976,0.9999998,0.9999998,0.9999998,0.9999998,0.9999998,0.9999998,0.99999976,0.9999998,0.9999998,0.9999998,0.9999998,0.9999998,0.9999998,0.9999999,0.99855363,0.98469895,0.9999998,0.9999998,0.9999998,0.9999998,0.9999998,0.9999998,0.9999998,0.9999998,0.99999976,0.9999999,0.9999998,0.9999998,0.9999998,0.99999905,0.9999999,0.9999998,0.9999998,0.9999998,0.99999976,0.83372223,0.9999998,0.9999998,0.9999998,0.9999998,0.9999998,0.9999998,0.9999998,0.9999998,0.9999998,0.9999998,0.9999998,0.9999998,0.9999998,0.9999998,0.9999998,0.9999998,0.9999998,0.9999997,0.9999998,0.9999998,0.99999976,0.9999999,0.9999998,0.9999998,0.9999998,0.9999998,0.9999998,0.9999998,0.9999998,0.9999998,0.9999998,0.9999998,0.9999998,1.0,0.99999976,0.9999998,0.9999998,0.99999994,0.9999998,0.99999976,0.9999998,0.9999998,0.9999998,0.9999998,0.9999998,0.9999998,0.9999998,0.9999998,0.9999998,0.9999998,0.99999976,0.9999998,0.9999998,0.9945492,0.9999996,1.0,0.9999998,1.0,0.9999998,0.9999998,0.9999998,0.9999998,0.9999998,0.99999976,0.9999998,0.9999998,0.99999976,0.9999998,0.9999998,0.9999998,0.9999998,0.9999998,0.9999998,0.99999475,0.9999998,0.9999998,0.8957427,0.9999998,0.9999998,0.9999998,0.9999998,0.9999998,0.9999998,0.9999998,0.9999999,0.99999964,0.9999998,0.9999913,0.9999997,0.9999998,0.9999998,0.9999998,0.9999998,0.9999998,0.9999998,0.99999976,0.97099453,0.9999998,0.9999998,0.99999976
TAF15_HepG2,1.0,1.0,1.0,1.0,1.0,1.0,1.0,1.0,1.0,1.0,1.0,1.0,1.0,1.0,1.0,1.0,1.0,1.0,1.0,1.0,1.0,1.0,1.0,1.0,0.880514,1.0,1.0,1.0,0.99999994,1.0,1.0,1.0,1.0,1.0,1.0,1.0,1.0,1.0,0.9999894,1.0,1.0,1.0,1.0,1.0,1.0,1.0,1.0,1.0,1.0,1.0,1.0,1.0,1.0,1.0,1.0,1.0,1.0,1.0,1.0,1.0,1.0,1.0,1.0,1.0,1.0,1.0,1.0,1.0,1.0,1.0,1.0,1.0,1.0,1.0,1.0,1.0,1.0,0.72954804,1.0,1.0,1.0,1.0,1.0,0.99999994,1.0,1.0,1.0,1.0,1.0,1.0,1.0,1.0,1.0,1.0,1.0,1.0,1.0,1.0,1.0,1.0,0.9999994,0.9985203,0.9848062,1.0,1.0,1.0,1.0,1.0,1.0,1.0,1.0,1.0,1.0,1.0,1.0,1.0,0.99999803,0.99999934,1.0,1.0,1.0,1.0,0.8340624,1.0,1.0,1.0,1.0,1.0,1.0,1.0,1.0,1.0,1.0,1.0,1.0,1.0,1.0,1.0,1.0,1.0,1.0,1.0,1.0,1.0,1.0,1.0,1.0,1.0,1.0,1.0,1.0,1.0,1.0,1.0,1.0,1.0,0.99999994,1.0,1.0,1.0,0.9999996,1.0,1.0,1.0,1.0,1.0,1.0,1.0,1.0,1.0,1.0,1.0,1.0,1.0,1.0,1.0,0.9944848,0.99999887,0.99999976,1.0,0.9999998,1.0,1.0,1.0,1.0,1.0,1.0,1.0,1.0,1.0,1.0,1.0,1.0,1.0,1.0,1.0,0.99999255,1.0,1.0,0.89546853,1.0,1.0,1.0,1.0,1.0,1.0,1.0,1.0,1.0,1.0,0.9999937,1.0,1.0,1.0,1.0,1.0,1.0,1.0,1.0,0.97114176,1.0,1.0,1.0
TAF15_K562,1.0,1.0,1.0,1.0,1.0,1.0,1.0,1.0,1.0,1.0,1.0,1.0,1.0,1.0,1.0,1.0,1.0,1.0,1.0,1.0,1.0,1.0,1.0,1.0,0.8804945,1.0,1.0,1.0,1.0,1.0,1.0,1.0,1.0,1.0,1.0,1.0,1.0,1.0,0.99998957,1.0,1.0,1.0,1.0,1.0,1.0,1.0,1.0,1.0,1.0,1.0,1.0,1.0,1.0,1.0,1.0,1.0,1.0,1.0,1.0,1.0,1.0,1.0,1.0,1.0,1.0,1.0,1.0,1.0,1.0,1.0,1.0,1.0,1.0,1.0,1.0,1.0,1.0,0.7295762,1.0,1.0,1.0,1.0,1.0,0.99999994,1.0,1.0,1.0,1.0,1.0,1.0,1.0,1.0,1.0,1.0,1.0,1.0,1.0,1.0,1.0,1.0,0.99999946,0.9985226,0.984799,1.0,1.0,1.0,1.0,1.0,1.0,1.0,1.0,1.0,1.0,1.0,1.0,1.0,0.99999815,0.9999994,1.0,1.0,1.0,1.0,0.8340397,1.0,1.0,1.0,1.0,1.0,1.0,1.0,1.0,1.0,1.0,1.0,1.0,1.0,1.0,1.0,1.0,1.0,1.0,1.0,1.0,1.0,1.0,1.0,1.0,1.0,1.0,1.0,1.0,1.0,1.0,1.0,1.0,1.0,0.99999994,1.0,1.0,1.0,0.9999996,1.0,1.0,1.0,1.0,1.0,1.0,1.0,1.0,1.0,1.0,1.0,1.0,1.0,1.0,1.0,0.9944891,0.9999989,0.99999976,1.0,0.9999998,1.0,1.0,1.0,1.0,1.0,1.0,1.0,1.0,1.0,1.0,1.0,1.0,1.0,1.0,1.0,0.99999267,1.0,1.0,0.89548683,1.0,1.0,1.0,1.0,1.0,1.0,1.0,1.0,1.0,1.0,0.9999935,1.0,1.0,1.0,1.0,1.0,1.0,1.0,1.0,0.9711319,1.0,1.0,1.0
TARDBP_K562,1.0,1.0,1.0,1.0,1.0,1.0,1.0,1.0,1.0,1.0,1.0,1.0,1.0,1.0,1.0,1.0,1.0,1.0,1.0,1.0,1.0,1.0,1.0,1.0,0.88049185,1.0,1.0,1.0,1.0,1.0,1.0,1.0,1.0,1.0,1.0,1.0,1.0,1.0,0.99998957,1.0,1.0,1.0,1.0,1.0,1.0,1.0,1.0,1.0,1.0,1.0,1.0,1.0,1.0,1.0,1.0,1.0,1.0,1.0,1.0,1.0,1.0,1.0,1.0,1.0,1.0,1.0,1.0,1.0,1.0,1.0,1.0,1.0,1.0,1.0,1.0,1.0,1.0,0.72958,1.0,1.0,1.0,1.0,1.0,0.99999994,1.0,1.0,1.0,1.0,1.0,1.0,1.0,1.0,1.0,1.0,1.0,1.0,1.0,1.0,1.0,1.0,0.99999946,0.9985229,0.9847981,1.0,1.0,1.0,1.0,1.0,1.0,1.0,1.0,1.0,1.0,1.0,1.0,1.0,0.99999815,0.9999994,1.0,1.0,1.0,1.0,0.83403665,1.0,1.0,1.0,1.0,1.0,1.0,1.0,1.0,1.0,1.0,1.0,1.0,1.0,1.0,1.0,1.0,1.0,1.0,1.0,1.0,1.0,1.0,1.0,1.0,1.0,1.0,1.0,1.0,1.0,1.0,1.0,1.0,1.0,0.99999994,1.0,1.0,1.0,0.9999996,1.0,1.0,1.0,1.0,1.0,1.0,1.0,1.0,1.0,1.0,1.0,1.0,1.0,1.0,1.0,0.99448967,0.9999989,0.99999976,1.0,0.9999998,1.0,1.0,1.0,1.0,1.0,1.0,1.0,1.0,1.0,1.0,1.0,1.0,1.0,1.0,1.0,0.9999927,1.0,1.0,0.8954893,1.0,1.0,1.0,1.0,1.0,1.0,1.0,1.0,1.0,1.0,0.9999935,1.0,1.0,1.0,1.0,1.0,1.0,1.0,1.0,0.9711306,1.0,1.0,1.0
TBRG4_HepG2,1.0,1.0,1.0,1.0,1.0,1.0,1.0,1.0,1.0,1.0,1.0,1.0,1.0,1.0,1.0,1.0,1.0,1.0,1.0,1.0,1.0,1.0,1.0,1.0,0.8805011,1.0,1.0,1.0,0.99999994,1.0,1.0,1.0,1.0,1.0,1.0,1.0,1.0,1.0,0.9999895,1.0,1.0,1.0,1.0,1.0,1.0,1.0,1.0,1.0,1.0,1.0,1.0,1.0,1.0,1.0,1.0,1.0,1.0,1.0,1.0,1.0,1.0,1.0,1.0,1.0,1.0,1.0,1.0,1.0,1.0,1.0,1.0,1.0,1.0,1.0,1.0,1.0,1.0,0.7295667,1.0,1.0,1.0,1.0,1.0,0.99999994,1.0,1.0,1.0,1.0,1.0,1.0,1.0,1.0,1.0,1.0,1.0,1.0,1.0,1.0,1.0,1.0,0.99999946,0.9985218,0.9848015,1.0,1.0,1.0,1.0,1.0,1.0,1.0,1.0,1.0,1.0,1.0,1.0,1.0,0.9999981,0.9999994,1.0,1.0,1.0,1.0,0.8340474,1.0,1.0,1.0,1.0,1.0,1.0,1.0,1.0,1.0,1.0,1.0,1.0,1.0,1.0,1.0,1.0,1.0,1.0,1.0,1.0,1.0,1.0,1.0,1.0,1.0,1.0,1.0,1.0,1.0,1.0,1.0,1.0,1.0,0.99999994,1.0,1.0,1.0,0.9999996,1.0,1.0,1.0,1.0,1.0,1.0,1.0,1.0,1.0,1.0,1.0,1.0,1.0,1.0,1.0,0.99448764,0.99999887,0.99999976,1.0,0.9999998,1.0,1.0,1.0,1.0,1.0,1.0,1.0,1.0,1.0,1.0,1.0,1.0,1.0,1.0,1.0,0.9999926,1.0,1.0,0.89548063,1.0,1.0,1.0,1.0,1.0,1.0,1.0,1.0,1.0,1.0,0.99999356,1.0,1.0,1.0,1.0,1.0,1.0,1.0,1.0,0.97113526,1.0,1.0,1.0
TBRG4_K562,1.0,1.0,1.0,1.0,1.0,1.0,1.0,1.0,1.0,1.0,1.0,1.0,1.0,1.0,1.0,1.0,1.0,1.0,1.0,1.0,1.0,1.0,1.0,1.0,0.88048935,1.0,1.0,1.0,1.0,1.0,1.0,1.0,1.0,1.0,1.0,1.0,1.0,1.0,0.9999896,1.0,1.0,1.0,1.0,1.0,1.0,1.0,1.0,1.0,1.0,1.0,1.0,1.0,1.0,1.0,1.0,1.0,1.0,1.0,1.0,1.0,1.0,1.0,1.0,1.0,1.0,1.0,1.0,1.0,1.0,1.0,1.0,1.0,1.0,1.0,1.0,1.0,1.0,0.72958356,1.0,1.0,1.0,1.0,1.0,0.99999994,1.0,1.0,1.0,1.0,1.0,1.0,1.0,1.0,1.0,1.0,1.0,1.0,1.0,1.0,1.0,1.0,0.99999946,0.9985232,0.9847972,1.0,1.0,1.0,1.0,1.0,1.0,1.0,1.0,1.0,1.0,1.0,1.0,1.0,0.99999815,0.9999994,1.0,1.0,1.0,1.0,0.8340337,1.0,1.0,1.0,1.0,1.0,1.0,1.0,1.0,1.0,1.0,1.0,1.0,1.0,1.0,1.0,1.0,1.0,1.0,1.0,1.0,1.0,1.0,1.0,1.0,1.0,1.0,1.0,1.0,1.0,1.0,1.0,1.0,1.0,0.99999994,1.0,1.0,1.0,0.9999996,1.0,1.0,1.0,1.0,1.0,1.0,1.0,1.0,1.0,1.0,1.0,1.0,1.0,1.0,1.0,0.9944902,0.9999989,0.99999976,1.0,0.9999998,1.0,1.0,1.0,1.0,1.0,1.0,1.0,1.0,1.0,1.0,1.0,1.0,1.0,1.0,1.0,0.9999927,1.0,1.0,0.89549166,1.0,1.0,1.0,1.0,1.0,1.0,1.0,1.0,0.99999994,1.0,0.9999935,1.0,1.0,1.0,1.0,1.0,1.0,1.0,1.0,0.97112936,1.0,1.0,1.0
TIA1_HepG2,1.0,1.0,1.0,1.0,1.0,1.0,1.0,1.0,1.0,1.0,1.0,1.0,1.0,1.0,1.0,1.0,1.0,1.0,1.0,1.0,1.0,1.0,1.0,1.0,0.8805465,1.0,1.0,1.0,0.99999994,1.0,1.0,1.0,1.0,1.0,1.0,1.0,1.0,1.0,0.99998903,1.0,1.0,1.0,1.0,1.0,1.0,1.0,1.0,1.0,1.0,1.0,1.0,1.0,1.0,1.0,1.0,1.0,1.0,1.0,1.0,1.0,1.0,1.0,1.0,1.0,1.0,1.0,1.0,1.0,1.0,1.0,1.0,1.0,1.0,1.0,1.0,1.0,1.0,0.7295011,1.0,1.0,1.0,1.0,1.0,0.99999994,1.0,1.0,1.0,1.0,1.0,1.0,1.0,1.0,1.0,1.0,1.0,1.0,1.0,1.0,1.0,1.0,0.99999934,0.9985166,0.9848181,1.0,1.0,1.0,1.0,1.0,1.0,1.0,1.0,1.0,1.0,1.0,1.0,1.0,0.9999979,0.9999993,1.0,1.0,1.0,1.0,0.83410025,1.0,1.0,1.0,1.0,1.0,1.0,1.0,1.0,1.0,1.0,1.0,1.0,1.0,1.0,1.0,1.0,1.0,1.0,1.0,1.0,1.0,1.0,1.0,1.0,1.0,1.0,1.0,1.0,1.0,1.0,1.0,1.0,1.0,0.9999999,1.0,1.0,1.0,0.9999995,1.0,1.0,1.0,1.0,1.0,1.0,1.0,1.0,1.0,1.0,1.0,1.0,1.0,1.0,1.0,0.99447757,0.99999875,0.9999997,1.0,0.99999976,1.0,1.0,1.0,1.0,1.0,1.0,1.0,1.0,1.0,1.0,1.0,1.0,1.0,1.0,1.0,0.99999225,1.0,1.0,0.895438,1.0,1.0,1.0,1.0,1.0,1.0,1.0,1.0,1.0,1.0,0.9999939,1.0,1.0,1.0,1.0,1.0,1.0,1.0,1.0,0.9711581,1.0,1.0,1.0
TIA1_K562,1.0,1.0,1.0,1.0,1.0,1.0,1.0,1.0,1.0,1.0,1.0,1.0,1.0,1.0,1.0,1.0,1.0,1.0,1.0,1.0,1.0,1.0,1.0,1.0,0.88049716,1.0,1.0,1.0,1.0,1.0,1.0,1.0,1.0,1.0,1.0,1.0,1.0,1.0,0.9999895,1.0,1.0,1.0,1.0,1.0,1.0,1.0,1.0,1.0,1.0,1.0,1.0,1.0,1.0,1.0,1.0,1.0,1.0,1.0,1.0,1.0,1.0,1.0,1.0,1.0,1.0,1.0,1.0,1.0,1.0,1.0,1.0,1.0,1.0,1.0,1.0,1.0,1.0,0.72957236,1.0,1.0,1.0,1.0,1.0,0.99999994,1.0,1.0,1.0,1.0,1.0,1.0,1.0,1.0,1.0,1.0,1.0,1.0,1.0,1.0,1.0,1.0,0.99999946,0.9985223,0.98480004,1.0,1.0,1.0,1.0,1.0,1.0,1.0,1.0,1.0,1.0,1.0,1.0,1.0,0.9999981,0.9999994,1.0,1.0,1.0,1.0,0.8340428,1.0,1.0,1.0,1.0,1.0,1.0,1.0,1.0,1.0,1.0,1.0,1.0,1.0,1.0,1.0,1.0,1.0,1.0,1.0,1.0,1.0,1.0,1.0,1.0,1.0,1.0,1.0,1.0,1.0,1.0,1.0,1.0,1.0,0.99999994,1.0,1.0,1.0,0.9999996,1.0,1.0,1.0,1.0,1.0,1.0,1.0,1.0,1.0,1.0,1.0,1.0,1.0,1.0,1.0,0.99448854,0.99999887,0.99999976,1.0,0.9999998,1.0,1.0,1.0,1.0,1.0,1.0,1.0,1.0,1.0,1.0,1.0,1.0,1.0,1.0,1.0,0.99999267,1.0,1.0,0.8954843,1.0,1.0,1.0,1.0,1.0,1.0,1.0,1.0,1.0,1.0,0.99999356,1.0,1.0,1.0,1.0,1.0,1.0,1.0,1.0,0.97113323,1.0,1.0,1.0
TIAL1_HepG2,1.0,1.0,1.0,1.0,1.0,1.0,1.0,1.0,1.0,1.0,1.0,1.0,1.0,1.0,1.0,1.0,1.0,1.0,1.0,1.0,1.0,1.0,1.0,1.0,0.88052434,1.0,1.0,1.0,0.99999994,1.0,1.0,1.0,1.0,1.0,1.0,1.0,1.0,1.0,0.9999893,1.0,1.0,1.0,1.0,1.0,1.0,1.0,1.0,1.0,1.0,1.0,1.0,1.0,1.0,1.0,1.0,1.0,1.0,1.0,1.0,1.0,1.0,1.0,1.0,1.0,1.0,1.0,1.0,1.0,1.0,1.0,1.0,1.0,1.0,1.0,1.0,1.0,1.0,0.72953314,1.0,1.0,1.0,1.0,1.0,0.99999994,1.0,1.0,1.0,1.0,1.0,1.0,1.0,1.0,1.0,1.0,1.0,1.0,1.0,1.0,1.0,1.0,0.9999994,0.9985191,0.98481,1.0,1.0,1.0,1.0,1.0,1.0,1.0,1.0,1.0,1.0,1.0,1.0,1.0,0.99999803,0.99999934,1.0,1.0,1.0,1.0,0.83407444,1.0,1.0,1.0,1.0,1.0,1.0,1.0,1.0,1.0,1.0,1.0,1.0,1.0,1.0,1.0,1.0,1.0,1.0,1.0,1.0,1.0,1.0,1.0,1.0,1.0,1.0,1.0,1.0,1.0,1.0,1.0,1.0,1.0,0.99999994,1.0,1.0,1.0,0.9999995,1.0,1.0,1.0,1.0,1.0,1.0,1.0,1.0,1.0,1.0,1.0,1.0,1.0,1.0,1.0,0.9944825,0.9999988,0.9999997,1.0,0.9999998,1.0,1.0,1.0,1.0,1.0,1.0,1.0,1.0,1.0,1.0,1.0,1.0,1.0,1.0,1.0,0.99999243,1.0,1.0,0.8954588,1.0,1.0,1.0,1.0,1.0,1.0,1.0,1.0,1.0,1.0,0.99999374,1.0,1.0,1.0,1.0,1.0,1.0,1.0,1.0,0.97114694,1.0,1.0,1.0
TRA2A_HepG2,1.0,1.0,1.0,1.0,1.0,1.0,1.0,1.0,1.0,1.0,1.0,1.0,1.0,1.0,1.0,1.0,1.0,1.0,1.0,1.0,1.0,1.0,1.0,1.0,0.8805319,1.0,1.0,1.0,0.99999994,1.0,1.0,1.0,1.0,1.0,1.0,1.0,1.0,1.0,0.9999892,1.0,1.0,1.0,1.0,1.0,1.0,1.0,1.0,1.0,1.0,1.0,1.0,1.0,1.0,1.0,1.0,1.0,1.0,1.0,1.0,1.0,1.0,1.0,1.0,1.0,1.0,1.0,1.0,1.0,1.0,1.0,1.0,1.0,1.0,1.0,1.0,1.0,1.0,0.72952217,1.0,1.0,1.0,1.0,1.0,0.99999994,1.0,1.0,1.0,1.0,1.0,1.0,1.0,1.0,1.0,1.0,1.0,1.0,1.0,1.0,1.0,1.0,0.99999934,0.9985183,0.98481274,1.0,1.0,1.0,1.0,1.0,1.0,1.0,1.0,1.0,1.0,1.0,1.0,1.0,0.999998,0.9999993,1.0,1.0,1.0,1.0,0.83408326,1.0,1.0,1.0,1.0,1.0,1.0,1.0,1.0,1.0,1.0,1.0,1.0,1.0,1.0,1.0,1.0,1.0,1.0,1.0,1.0,1.0,1.0,1.0,1.0,1.0,1.0,1.0,1.0,1.0,1.0,1.0,1.0,1.0,0.99999994,1.0,1.0,1.0,0.9999995,1.0,1.0,1.0,1.0,1.0,1.0,1.0,1.0,1.0,1.0,1.0,1.0,1.0,1.0,1.0,0.9944808,0.9999988,0.9999997,1.0,0.99999976,1.0,1.0,1.0,1.0,1.0,1.0,1.0,1.0,1.0,1.0,1.0,1.0,1.0,1.0,1.0,0.9999924,1.0,1.0,0.8954517,1.0,1.0,1.0,1.0,1.0,1.0,1.0,1.0,1.0,1.0,0.9999938,1.0,1.0,1.0,1.0,1.0,1.0,1.0,1.0,0.97115076,1.0,1.0,1.0
TRA2A_K562,1.0,1.0,1.0,1.0,1.0,1.0,1.0,1.0,1.0,1.0,1.0,1.0,1.0,1.0,1.0,1.0,1.0,1.0,1.0,1.0,1.0,1.0,1.0,1.0,0.8805217,1.0,1.0,1.0,0.99999994,1.0,1.0,1.0,1.0,1.0,1.0,1.0,1.0,1.0,0.9999893,1.0,1.0,1.0,1.0,1.0,1.0,1.0,1.0,1.0,1.0,1.0,1.0,1.0,1.0,1.0,1.0,1.0,1.0,1.0,1.0,1.0,1.0,1.0,1.0,1.0,1.0,1.0,1.0,1.0,1.0,1.0,1.0,1.0,1.0,1.0,1.0,1.0,1.0,0.72953683,1.0,1.0,1.0,1.0,1.0,0.99999994,1.0,1.0,1.0,1.0,1.0,1.0,1.0,1.0,1.0,1.0,1.0,1.0,1.0,1.0,1.0,1.0,0.9999994,0.9985194,0.98480904,1.0,1.0,1.0,1.0,1.0,1.0,1.0,1.0,1.0,1.0,1.0,1.0,1.0,0.99999803,0.99999934,1.0,1.0,1.0,1.0,0.83407146,1.0,1.0,1.0,1.0,1.0,1.0,1.0,1.0,1.0,1.0,1.0,1.0,1.0,1.0,1.0,1.0,1.0,1.0,1.0,1.0,1.0,1.0,1.0,1.0,1.0,1.0,1.0,1.0,1.0,1.0,1.0,1.0,1.0,0.99999994,1.0,1.0,1.0,0.9999995,1.0,1.0,1.0,1.0,1.0,1.0,1.0,1.0,1.0,1.0,1.0,1.0,1.0,1.0,1.0,0.99448305,0.9999988,0.9999997,1.0,0.9999998,1.0,1.0,1.0,1.0,1.0,1.0,1.0,1.0,1.0,1.0,1.0,1.0,1.0,1.0,1.0,0.9999925,1.0,1.0,0.89546126,1.0,1.0,1.0,1.0,1.0,1.0,1.0,1.0,1.0,1.0,0.99999374,1.0,1.0,1.0,1.0,1.0,1.0,1.0,1.0,0.97114563,1.0,1.0,1.0
TROVE2_HepG2,1.0,1.0,1.0,1.0,1.0,1.0,1.0,1.0,1.0,1.0,1.0,1.0,1.0,1.0,1.0,1.0,1.0,1.0,1.0,1.0,1.0,1.0,1.0,1.0,0.8804928,1.0,1.0,1.0,1.0,1.0,1.0,1.0,1.0,1.0,1.0,1.0,1.0,1.0,0.99998957,1.0,1.0,1.0,1.0,1.0,1.0,1.0,1.0,1.0,1.0,1.0,1.0,1.0,1.0,1.0,1.0,1.0,1.0,1.0,1.0,1.0,1.0,1.0,1.0,1.0,1.0,1.0,1.0,1.0,1.0,1.0,1.0,1.0,1.0,1.0,1.0,1.0,1.0,0.72957855,1.0,1.0,1.0,1.0,1.0,0.99999994,1.0,1.0,1.0,1.0,1.0,1.0,1.0,1.0,1.0,1.0,1.0,1.0,1.0,1.0,1.0,1.0,0.99999946,0.99852276,0.98479843,1.0,1.0,1.0,1.0,1.0,1.0,1.0,1.0,1.0,1.0,1.0,1.0,1.0,0.99999815,0.9999994,1.0,1.0,1.0,1.0,0.8340377,1.0,1.0,1.0,1.0,1.0,1.0,1.0,1.0,1.0,1.0,1.0,1.0,1.0,1.0,1.0,1.0,1.0,1.0,1.0,1.0,1.0,1.0,1.0,1.0,1.0,1.0,1.0,1.0,1.0,1.0,1.0,1.0,1.0,0.99999994,1.0,1.0,1.0,0.9999996,1.0,1.0,1.0,1.0,1.0,1.0,1.0,1.0,1.0,1.0,1.0,1.0,1.0,1.0,1.0,0.9944895,0.9999989,0.99999976,1.0,0.9999998,1.0,1.0,1.0,1.0,1.0,1.0,1.0,1.0,1.0,1.0,1.0,1.0,1.0,1.0,1.0,0.9999927,1.0,1.0,0.8954884,1.0,1.0,1.0,1.0,1.0,1.0,1.0,1.0,1.0,1.0,0.9999935,1.0,1.0,1.0,1.0,1.0,1.0,1.0,1.0,0.9711311,1.0,1.0,1.0
TROVE2_K562,1.0,1.0,1.0,1.0,1.0,1.0,1.0,1.0,1.0,1.0,1.0,1.0,1.0,1.0,1.0,1.0,1.0,1.0,1.0,1.0,1.0,1.0,1.0,1.0,0.8804972,1.0,1.0,1.0,1.0,1.0,1.0,1.0,1.0,1.0,1.0,1.0,1.0,1.0,0.9999895,1.0,1.0,1.0,1.0,1.0,1.0,1.0,1.0,1.0,1.0,1.0,1.0,1.0,1.0,1.0,1.0,1.0,1.0,1.0,1.0,1.0,1.0,1.0,1.0,1.0,1.0,1.0,1.0,1.0,1.0,1.0,1.0,1.0,1.0,1.0,1.0,1.0,1.0,0.72957224,1.0,1.0,1.0,1.0,1.0,0.99999994,1.0,1.0,1.0,1.0,1.0,1.0,1.0,1.0,1.0,1.0,1.0,1.0,1.0,1.0,1.0,1.0,0.99999946,0.9985222,0.98480004,1.0,1.0,1.0,1.0,1.0,1.0,1.0,1.0,1.0,1.0,1.0,1.0,1.0,0.9999981,0.9999994,1.0,1.0,1.0,1.0,0.8340429,1.0,1.0,1.0,1.0,1.0,1.0,1.0,1.0,1.0,1.0,1.0,1.0,1.0,1.0,1.0,1.0,1.0,1.0,1.0,1.0,1.0,1.0,1.0,1.0,1.0,1.0,1.0,1.0,1.0,1.0,1.0,1.0,1.0,0.99999994,1.0,1.0,1.0,0.9999996,1.0,1.0,1.0,1.0,1.0,1.0,1.0,1.0,1.0,1.0,1.0,1.0,1.0,1.0,1.0,0.9944885,0.99999887,0.99999976,1.0,0.9999998,1.0,1.0,1.0,1.0,1.0,1.0,1.0,1.0,1.0,1.0,1.0,1.0,1.0,1.0,1.0,0.99999267,1.0,1.0,0.89548427,1.0,1.0,1.0,1.0,1.0,1.0,1.0,1.0,1.0,1.0,0.99999356,1.0,1.0,1.0,1.0,1.0,1.0,1.0,1.0,0.9711333,1.0,1.0,1.0
U2AF1_HepG2,1.0,1.0,1.0,1.0,1.0,1.0,1.0,1.0,1.0,1.0,1.0,1.0,1.0,1.0,1.0,1.0,1.0,1.0,1.0,1.0,1.0,1.0,1.0,1.0,0.88050437,1.0,1.0,1.0,0.99999994,1.0,1.0,1.0,1.0,1.0,1.0,1.0,1.0,1.0,0.99998945,1.0,1.0,1.0,1.0,1.0,1.0,1.0,1.0,1.0,1.0,1.0,1.0,1.0,1.0,1.0,1.0,1.0,1.0,1.0,1.0,1.0,1.0,1.0,1.0,1.0,1.0,1.0,1.0,1.0,1.0,1.0,1.0,1.0,1.0,1.0,1.0,1.0,1.0,0.72956187,1.0,1.0,1.0,1.0,1.0,0.99999994,1.0,1.0,1.0,1.0,1.0,1.0,1.0,1.0,1.0,1.0,1.0,1.0,1.0,1.0,1.0,1.0,0.9999994,0.99852145,0.98480266,1.0,1.0,1.0,1.0,1.0,1.0,1.0,1.0,1.0,1.0,1.0,1.0,1.0,0.9999981,0.99999934,1.0,1.0,1.0,1.0,0.83405125,1.0,1.0,1.0,1.0,1.0,1.0,1.0,1.0,1.0,1.0,1.0,1.0,1.0,1.0,1.0,1.0,1.0,1.0,1.0,1.0,1.0,1.0,1.0,1.0,1.0,1.0,1.0,1.0,1.0,1.0,1.0,1.0,1.0,0.99999994,1.0,1.0,1.0,0.9999996,1.0,1.0,1.0,1.0,1.0,1.0,1.0,1.0,1.0,1.0,1.0,1.0,1.0,1.0,1.0,0.9944869,0.99999887,0.99999976,1.0,0.9999998,1.0,1.0,1.0,1.0,1.0,1.0,1.0,1.0,1.0,1.0,1.0,1.0,1.0,1.0,1.0,0.9999926,1.0,1.0,0.89547753,1.0,1.0,1.0,1.0,1.0,1.0,1.0,1.0,1.0,1.0,0.9999936,1.0,1.0,1.0,1.0,1.0,1.0,1.0,1.0,0.9711369,1.0,1.0,1.0
U2AF1_K562,1.0,1.0,1.0,1.0,1.0,1.0,1.0,1.0,1.0,1.0,1.0,1.0,1.0,1.0,1.0,1.0,1.0,1.0,1.0,1.0,1.0,1.0,1.0,1.0,0.88051635,1.0,1.0,1.0,0.99999994,1.0,1.0,1.0,1.0,1.0,1.0,1.0,1.0,1.0,0.99998933,1.0,1.0,1.0,1.0,1.0,1.0,1.0,1.0,1.0,1.0,1.0,1.0,1.0,1.0,1.0,1.0,1.0,1.0,1.0,1.0,1.0,1.0,1.0,1.0,1.0,1.0,1.0,1.0,1.0,1.0,1.0,1.0,1.0,1.0,1.0,1.0,1.0,1.0,0.72954464,1.0,1.0,1.0,1.0,1.0,0.99999994,1.0,1.0,1.0,1.0,1.0,1.0,1.0,1.0,1.0,1.0,1.0,1.0,1.0,1.0,1.0,1.0,0.9999994,0.9985201,0.9848071,1.0,1.0,1.0,1.0,1.0,1.0,1.0,1.0,1.0,1.0,1.0,1.0,1.0,0.99999803,0.99999934,1.0,1.0,1.0,1.0,0.83406514,1.0,1.0,1.0,1.0,1.0,1.0,1.0,1.0,1.0,1.0,1.0,1.0,1.0,1.0,1.0,1.0,1.0,1.0,1.0,1.0,1.0,1.0,1.0,1.0,1.0,1.0,1.0,1.0,1.0,1.0,1.0,1.0,1.0,0.99999994,1.0,1.0,1.0,0.9999996,1.0,1.0,1.0,1.0,1.0,1.0,1.0,1.0,1.0,1.0,1.0,1.0,1.0,1.0,1.0,0.99448425,0.9999988,0.9999997,1.0,0.9999998,1.0,1.0,1.0,1.0,1.0,1.0,1.0,1.0,1.0,1.0,1.0,1.0,1.0,1.0,1.0,0.9999925,1.0,1.0,0.8954663,1.0,1.0,1.0,1.0,1.0,1.0,1.0,1.0,1.0,1.0,0.9999937,1.0,1.0,1.0,1.0,1.0,1.0,1.0,1.0,0.9711429,1.0,1.0,1.0
U2AF2_HepG2,1.0,1.0,1.0,1.0,1.0,1.0,1.0,1.0,1.0,1.0,1.0,1.0,1.0,1.0,1.0,1.0,1.0,1.0,1.0,1.0,1.0,1.0,1.0,1.0,0.88051337,1.0,1.0,1.0,0.99999994,1.0,1.0,1.0,1.0,1.0,1.0,1.0,1.0,1.0,0.9999894,1.0,1.0,1.0,1.0,1.0,1.0,1.0,1.0,1.0,1.0,1.0,1.0,1.0,1.0,1.0,1.0,1.0,1.0,1.0,1.0,1.0,1.0,1.0,1.0,1.0,1.0,1.0,1.0,1.0,1.0,1.0,1.0,1.0,1.0,1.0,1.0,1.0,1.0,0.72954893,1.0,1.0,1.0,1.0,1.0,0.99999994,1.0,1.0,1.0,1.0,1.0,1.0,1.0,1.0,1.0,1.0,1.0,1.0,1.0,1.0,1.0,1.0,0.9999994,0.9985204,0.98480594,1.0,1.0,1.0,1.0,1.0,1.0,1.0,1.0,1.0,1.0,1.0,1.0,1.0,0.99999803,0.99999934,1.0,1.0,1.0,1.0,0.8340617,1.0,1.0,1.0,1.0,1.0,1.0,1.0,1.0,1.0,1.0,1.0,1.0,1.0,1.0,1.0,1.0,1.0,1.0,1.0,1.0,1.0,1.0,1.0,1.0,1.0,1.0,1.0,1.0,1.0,1.0,1.0,1.0,1.0,0.99999994,1.0,1.0,1.0,0.9999996,1.0,1.0,1.0,1.0,1.0,1.0,1.0,1.0,1.0,1.0,1.0,1.0,1.0,1.0,1.0,0.9944849,0.99999887,0.99999976,1.0,0.9999998,1.0,1.0,1.0,1.0,1.0,1.0,1.0,1.0,1.0,1.0,1.0,1.0,1.0,1.0,1.0,0.99999255,1.0,1.0,0.89546907,1.0,1.0,1.0,1.0,1.0,1.0,1.0,1.0,1.0,1.0,0.9999937,1.0,1.0,1.0,1.0,1.0,1.0,1.0,1.0,0.9711414,1.0,1.0,1.0
U2AF2_K562,0.99999255,0.9999926,0.99999255,0.9999926,0.99999255,0.99999267,0.99999255,0.99999255,0.99999243,0.9999926,0.9999926,0.99999267,0.99999255,0.9999926,0.99999255,0.9999924,0.9999926,0.99999267,0.99999267,0.99999243,0.9999926,0.99999243,0.9999926,0.9999926,0.87867564,0.99999267,0.9999926,0.9999927,0.99999356,0.9999925,0.9999926,0.9999925,0.99999255,0.99999267,0.99999267,0.99999285,0.9999926,0.9999926,0.9999997,0.99999255,0.9999926,0.9999926,0.99999255,0.99999255,0.99999267,0.99999255,0.99999255,0.9999925,0.9999929,0.99999243,0.99999255,0.9999925,0.9999926,0.99999267,0.9999924,0.9999928,0.9999927,0.9999923,0.9999925,0.9999925,0.9999926,0.9999926,0.9999926,0.9999925,0.99999255,0.99999255,0.99999255,0.9999926,0.99999255,0.99999267,0.99999255,0.99999225,0.9999925,0.9999925,0.9999926,0.9999926,0.9999924,0.7321855,0.9999925,0.9999925,0.9999928,0.99999255,0.9999925,0.9999911,0.9999926,0.9999927,0.9999923,0.99999267,0.99999267,0.9999926,0.99999267,0.9999926,0.99999255,0.9999924,0.9999927,0.9999925,0.99999255,0.9999925,0.9999926,0.99999267,0.9999961,0.99872303,0.98412776,0.9999926,0.99999267,0.9999925,0.99999243,0.9999927,0.9999926,0.9999926,0.99999255,0.9999922,0.9999931,0.99999267,0.9999926,0.99999255,0.9999982,0.9999963,0.9999925,0.99999243,0.99999243,0.9999924,0.8319243,0.99999255,0.99999267,0.99999243,0.99999267,0.99999255,0.9999926,0.99999267,0.9999926,0.99999255,0.99999243,0.9999927,0.9999927,0.9999926,0.99999267,0.99999267,0.9999925,0.99999255,0.9999919,0.9999925,0.9999926,0.9999923,0.999993,0.99999243,0.99999255,0.99999255,0.99999255,0.9999925,0.99999267,0.99999267,0.9999926,0.9999927,0.99999255,0.99999243,0.9999939,0.99999225,0.99999267,0.9999925,0.9999957,0.99999267,0.9999924,0.99999243,0.9999926,0.9999926,0.9999926,0.9999926,0.99999267,0.9999926,0.9999926,0.99999255,0.99999267,0.9999924,0.99999255,0.99999255,0.99488264,0.99999726,0.9999951,0.99999255,0.99999475,0.99999255,0.99999267,0.9999927,0.9999926,0.9999927,0.99999225,0.99999267,0.99999243,0.9999924,0.9999925,0.9999927,0.99999267,0.9999926,0.9999925,0.99999255,1.0,0.9999926,0.99999255,0.8971819,0.99999243,0.9999926,0.99999267,0.99999267,0.99999267,0.9999926,0.9999926,0.9999928,0.9999918,0.9999925,0.99997246,0.9999919,0.99999255,0.9999926,0.9999926,0.99999255,0.99999255,0.99999267,0.9999924,0.9702128,0.9999926,0.99999267,0.9999924
UCHL5_HepG2,1.0,1.0,1.0,1.0,1.0,1.0,1.0,1.0,1.0,1.0,1.0,1.0,1.0,1.0,1.0,1.0,1.0,1.0,1.0,1.0,1.0,1.0,1.0,1.0,0.8805038,1.0,1.0,1.0,0.99999994,1.0,1.0,1.0,1.0,1.0,1.0,1.0,1.0,1.0,0.99998945,1.0,1.0,1.0,1.0,1.0,1.0,1.0,1.0,1.0,1.0,1.0,1.0,1.0,1.0,1.0,1.0,1.0,1.0,1.0,1.0,1.0,1.0,1.0,1.0,1.0,1.0,1.0,1.0,1.0,1.0,1.0,1.0,1.0,1.0,1.0,1.0,1.0,1.0,0.72956276,1.0,1.0,1.0,1.0,1.0,0.99999994,1.0,1.0,1.0,1.0,1.0,1.0,1.0,1.0,1.0,1.0,1.0,1.0,1.0,1.0,1.0,1.0,0.9999994,0.9985215,0.9848024,1.0,1.0,1.0,1.0,1.0,1.0,1.0,1.0,1.0,1.0,1.0,1.0,1.0,0.9999981,0.99999934,1.0,1.0,1.0,1.0,0.8340505,1.0,1.0,1.0,1.0,1.0,1.0,1.0,1.0,1.0,1.0,1.0,1.0,1.0,1.0,1.0,1.0,1.0,1.0,1.0,1.0,1.0,1.0,1.0,1.0,1.0,1.0,1.0,1.0,1.0,1.0,1.0,1.0,1.0,0.99999994,1.0,1.0,1.0,0.9999996,1.0,1.0,1.0,1.0,1.0,1.0,1.0,1.0,1.0,1.0,1.0,1.0,1.0,1.0,1.0,0.99448705,0.99999887,0.99999976,1.0,0.9999998,1.0,1.0,1.0,1.0,1.0,1.0,1.0,1.0,1.0,1.0,1.0,1.0,1.0,1.0,1.0,0.9999926,1.0,1.0,0.8954781,1.0,1.0,1.0,1.0,1.0,1.0,1.0,1.0,1.0,1.0,0.9999936,1.0,1.0,1.0,1.0,1.0,1.0,1.0,1.0,0.97113657,1.0,1.0,1.0
UCHL5_K562,1.0,1.0,1.0,1.0,1.0,1.0,1.0,1.0,1.0,1.0,1.0,1.0,1.0,1.0,1.0,1.0,1.0,1.0,1.0,1.0,1.0,1.0,1.0,1.0,0.8805121,1.0,1.0,1.0,0.99999994,1.0,1.0,1.0,1.0,1.0,1.0,1.0,1.0,1.0,0.9999894,1.0,1.0,1.0,1.0,1.0,1.0,1.0,1.0,1.0,1.0,1.0,1.0,1.0,1.0,1.0,1.0,1.0,1.0,1.0,1.0,1.0,1.0,1.0,1.0,1.0,1.0,1.0,1.0,1.0,1.0,1.0,1.0,1.0,1.0,1.0,1.0,1.0,1.0,0.7295507,1.0,1.0,1.0,1.0,1.0,0.99999994,1.0,1.0,1.0,1.0,1.0,1.0,1.0,1.0,1.0,1.0,1.0,1.0,1.0,1.0,1.0,1.0,0.9999994,0.99852055,0.9848055,1.0,1.0,1.0,1.0,1.0,1.0,1.0,1.0,1.0,1.0,1.0,1.0,1.0,0.99999803,0.99999934,1.0,1.0,1.0,1.0,0.8340602,1.0,1.0,1.0,1.0,1.0,1.0,1.0,1.0,1.0,1.0,1.0,1.0,1.0,1.0,1.0,1.0,1.0,1.0,1.0,1.0,1.0,1.0,1.0,1.0,1.0,1.0,1.0,1.0,1.0,1.0,1.0,1.0,1.0,0.99999994,1.0,1.0,1.0,0.9999996,1.0,1.0,1.0,1.0,1.0,1.0,1.0,1.0,1.0,1.0,1.0,1.0,1.0,1.0,1.0,0.9944852,0.99999887,0.99999976,1.0,0.9999998,1.0,1.0,1.0,1.0,1.0,1.0,1.0,1.0,1.0,1.0,1.0,1.0,1.0,1.0,1.0,0.99999255,1.0,1.0,0.89547026,1.0,1.0,1.0,1.0,1.0,1.0,1.0,1.0,1.0,1.0,0.9999937,1.0,1.0,1.0,1.0,1.0,1.0,1.0,1.0,0.9711408,1.0,1.0,1.0
UPF1_HepG2,0.89546955,0.895476,0.89546907,0.8954751,0.89547324,0.89548254,0.89546865,0.8954725,0.89545584,0.89547557,0.89548016,0.8954853,0.8954736,0.895478,0.89547265,0.8954507,0.8954744,0.8954836,0.8954813,0.8954594,0.8954801,0.89545983,0.89547837,0.8954769,0.57747436,0.89548385,0.8954751,0.8954892,0.8955918,0.8954659,0.8954799,0.89546525,0.8954717,0.895481,0.8954853,0.89550793,0.89547896,0.895475,0.8975122,0.89547276,0.89548063,0.8954802,0.8954724,0.8954675,0.8954862,0.8954698,0.89546996,0.895466,0.89551014,0.89545846,0.89547104,0.8954658,0.895479,0.8954826,0.89545035,0.8954969,0.8954882,0.8954462,0.89546067,0.8954662,0.8954761,0.89547855,0.8954765,0.8954608,0.89547366,0.89546967,0.89546824,0.8954745,0.8954736,0.8954826,0.89546865,0.8954394,0.89546037,0.89546096,0.895479,0.8954747,0.8954486,0.95772135,0.89546204,0.8954646,0.8955001,0.89546937,0.89546275,0.89531183,0.89547986,0.8954944,0.8954464,0.8954844,0.8954847,0.8954774,0.89548737,0.89547724,0.8954707,0.89544713,0.8954911,0.89546174,0.8954705,0.89546293,0.89548063,0.89548236,0.89595324,0.9183493,0.8045639,0.8954791,0.89548415,0.8954657,0.8954582,0.8954884,0.8954769,0.8954799,0.8954694,0.8954266,0.8955322,0.8954814,0.8954777,0.8954682,0.8963463,0.89597565,0.8954647,0.89545935,0.89545834,0.89545274,0.50131446,0.89547217,0.89548695,0.89545566,0.8954863,0.8954713,0.895477,0.89548093,0.8954804,0.89546704,0.89545697,0.8954882,0.8954897,0.89547545,0.89548314,0.89548683,0.89546615,0.89546835,0.8953932,0.89546376,0.89547604,0.89544296,0.89552945,0.89545685,0.8954676,0.8954703,0.8954721,0.8954661,0.89548165,0.8954827,0.8954792,0.89549327,0.8954676,0.89545923,0.89563936,0.89543605,0.89548695,0.89546186,0.8958853,0.8954859,0.895452,0.8954588,0.89547676,0.8954792,0.89548033,0.89547414,0.89548373,0.89547527,0.8954766,0.8954725,0.8954874,0.89545256,0.89547145,0.895473,0.9372149,0.89614564,0.8957933,0.895472,0.8957427,0.89546853,0.89548683,0.8954893,0.89548063,0.89549166,0.895438,0.8954843,0.8954588,0.8954517,0.89546126,0.8954884,0.89548427,0.89547753,0.8954663,0.89546907,0.8971819,0.8954781,0.89547026,1.0,0.89545834,0.89548004,0.8954811,0.8954818,0.89548415,0.89548004,0.8954792,0.89550084,0.8953819,0.89546525,0.89388007,0.89539343,0.8954676,0.8954805,0.8954742,0.8954724,0.8954683,0.8954832,0.8954495,0.7634632,0.895476,0.89548266,0.8954513
UPF1_K562,1.0,1.0,1.0,1.0,1.0,1.0,1.0,1.0,1.0,1.0,1.0,1.0,1.0,1.0,1.0,1.0,1.0,1.0,1.0,1.0,1.0,1.0,1.0,1.0,0.8805248,1.0,1.0,1.0,0.99999994,1.0,1.0,1.0,1.0,1.0,1.0,1.0,1.0,1.0,0.9999893,1.0,1.0,1.0,1.0,1.0,1.0,1.0,1.0,1.0,1.0,1.0,1.0,1.0,1.0,1.0,1.0,1.0,1.0,1.0,1.0,1.0,1.0,1.0,1.0,1.0,1.0,1.0,1.0,1.0,1.0,1.0,1.0,1.0,1.0,1.0,1.0,1.0,1.0,0.7295324,1.0,1.0,1.0,1.0,1.0,0.99999994,1.0,1.0,1.0,1.0,1.0,1.0,1.0,1.0,1.0,1.0,1.0,1.0,1.0,1.0,1.0,1.0,0.9999994,0.99851906,0.9848102,1.0,1.0,1.0,1.0,1.0,1.0,1.0,1.0,1.0,1.0,1.0,1.0,1.0,0.999998,0.99999934,1.0,1.0,1.0,1.0,0.834075,1.0,1.0,1.0,1.0,1.0,1.0,1.0,1.0,1.0,1.0,1.0,1.0,1.0,1.0,1.0,1.0,1.0,1.0,1.0,1.0,1.0,1.0,1.0,1.0,1.0,1.0,1.0,1.0,1.0,1.0,1.0,1.0,1.0,0.99999994,1.0,1.0,1.0,0.9999995,1.0,1.0,1.0,1.0,1.0,1.0,1.0,1.0,1.0,1.0,1.0,1.0,1.0,1.0,1.0,0.9944824,0.9999988,0.9999997,1.0,0.9999998,1.0,1.0,1.0,1.0,1.0,1.0,1.0,1.0,1.0,1.0,1.0,1.0,1.0,1.0,1.0,0.99999243,1.0,1.0,0.89545834,1.0,1.0,1.0,1.0,1.0,1.0,1.0,1.0,1.0,1.0,0.99999374,1.0,1.0,1.0,1.0,1.0,1.0,1.0,1.0,0.9711472,1.0,1.0,1.0
UTP18_HepG2,1.0,1.0,1.0,1.0,1.0,1.0,1.0,1.0,1.0,1.0,1.0,1.0,1.0,1.0,1.0,1.0,1.0,1.0,1.0,1.0,1.0,1.0,1.0,1.0,0.8805017,1.0,1.0,1.0,0.99999994,1.0,1.0,1.0,1.0,1.0,1.0,1.0,1.0,1.0,0.9999895,1.0,1.0,1.0,1.0,1.0,1.0,1.0,1.0,1.0,1.0,1.0,1.0,1.0,1.0,1.0,1.0,1.0,1.0,1.0,1.0,1.0,1.0,1.0,1.0,1.0,1.0,1.0,1.0,1.0,1.0,1.0,1.0,1.0,1.0,1.0,1.0,1.0,1.0,0.72956574,1.0,1.0,1.0,1.0,1.0,0.99999994,1.0,1.0,1.0,1.0,1.0,1.0,1.0,1.0,1.0,1.0,1.0,1.0,1.0,1.0,1.0,1.0,0.9999994,0.99852175,0.9848017,1.0,1.0,1.0,1.0,1.0,1.0,1.0,1.0,1.0,1.0,1.0,1.0,1.0,0.9999981,0.9999994,1.0,1.0,1.0,1.0,0.8340481,1.0,1.0,1.0,1.0,1.0,1.0,1.0,1.0,1.0,1.0,1.0,1.0,1.0,1.0,1.0,1.0,1.0,1.0,1.0,1.0,1.0,1.0,1.0,1.0,1.0,1.0,1.0,1.0,1.0,1.0,1.0,1.0,1.0,0.99999994,1.0,1.0,1.0,0.9999996,1.0,1.0,1.0,1.0,1.0,1.0,1.0,1.0,1.0,1.0,1.0,1.0,1.0,1.0,1.0,0.9944875,0.99999887,0.99999976,1.0,0.9999998,1.0,1.0,1.0,1.0,1.0,1.0,1.0,1.0,1.0,1.0,1.0,1.0,1.0,1.0,1.0,0.9999926,1.0,1.0,0.89548004,1.0,1.0,1.0,1.0,1.0,1.0,1.0,1.0,1.0,1.0,0.99999356,1.0,1.0,1.0,1.0,1.0,1.0,1.0,1.0,0.97113556,1.0,1.0,1.0
UTP18_K562,1.0,1.0,1.0,1.0,1.0,1.0,1.0,1.0,1.0,1.0,1.0,1.0,1.0,1.0,1.0,1.0,1.0,1.0,1.0,1.0,1.0,1.0,1.0,1.0,0.88050056,1.0,1.0,1.0,0.99999994,1.0,1.0,1.0,1.0,1.0,1.0,1.0,1.0,1.0,0.9999895,1.0,1.0,1.0,1.0,1.0,1.0,1.0,1.0,1.0,1.0,1.0,1.0,1.0,1.0,1.0,1.0,1.0,1.0,1.0,1.0,1.0,1.0,1.0,1.0,1.0,1.0,1.0,1.0,1.0,1.0,1.0,1.0,1.0,1.0,1.0,1.0,1.0,1.0,0.7295674,1.0,1.0,1.0,1.0,1.0,0.99999994,1.0,1.0,1.0,1.0,1.0,1.0,1.0,1.0,1.0,1.0,1.0,1.0,1.0,1.0,1.0,1.0,0.99999946,0.99852186,0.9848013,1.0,1.0,1.0,1.0,1.0,1.0,1.0,1.0,1.0,1.0,1.0,1.0,1.0,0.9999981,0.9999994,1.0,1.0,1.0,1.0,0.8340467,1.0,1.0,1.0,1.0,1.0,1.0,1.0,1.0,1.0,1.0,1.0,1.0,1.0,1.0,1.0,1.0,1.0,1.0,1.0,1.0,1.0,1.0,1.0,1.0,1.0,1.0,1.0,1.0,1.0,1.0,1.0,1.0,1.0,0.99999994,1.0,1.0,1.0,0.9999996,1.0,1.0,1.0,1.0,1.0,1.0,1.0,1.0,1.0,1.0,1.0,1.0,1.0,1.0,1.0,0.99448776,0.99999887,0.99999976,1.0,0.9999998,1.0,1.0,1.0,1.0,1.0,1.0,1.0,1.0,1.0,1.0,1.0,1.0,1.0,1.0,1.0,0.99999267,1.0,1.0,0.8954811,1.0,1.0,1.0,1.0,1.0,1.0,1.0,1.0,1.0,1.0,0.99999356,1.0,1.0,1.0,1.0,1.0,1.0,1.0,1.0,0.97113496,1.0,1.0,1.0
UTP3_K562,1.0,1.0,1.0,1.0,1.0,1.0,1.0,1.0,1.0,1.0,1.0,1.0,1.0,1.0,1.0,1.0,1.0,1.0,1.0,1.0,1.0,1.0,1.0,1.0,0.88049984,1.0,1.0,1.0,0.99999994,1.0,1.0,1.0,1.0,1.0,1.0,1.0,1.0,1.0,0.9999895,1.0,1.0,1.0,1.0,1.0,1.0,1.0,1.0,1.0,1.0,1.0,1.0,1.0,1.0,1.0,1.0,1.0,1.0,1.0,1.0,1.0,1.0,1.0,1.0,1.0,1.0,1.0,1.0,1.0,1.0,1.0,1.0,1.0,1.0,1.0,1.0,1.0,1.0,0.7295685,1.0,1.0,1.0,1.0,1.0,0.99999994,1.0,1.0,1.0,1.0,1.0,1.0,1.0,1.0,1.0,1.0,1.0,1.0,1.0,1.0,1.0,1.0,0.99999946,0.9985219,0.984801,1.0,1.0,1.0,1.0,1.0,1.0,1.0,1.0,1.0,1.0,1.0,1.0,1.0,0.9999981,0.9999994,1.0,1.0,1.0,1.0,0.8340459,1.0,1.0,1.0,1.0,1.0,1.0,1.0,1.0,1.0,1.0,1.0,1.0,1.0,1.0,1.0,1.0,1.0,1.0,1.0,1.0,1.0,1.0,1.0,1.0,1.0,1.0,1.0,1.0,1.0,1.0,1.0,1.0,1.0,0.99999994,1.0,1.0,1.0,0.9999996,1.0,1.0,1.0,1.0,1.0,1.0,1.0,1.0,1.0,1.0,1.0,1.0,1.0,1.0,1.0,0.99448794,0.99999887,0.99999976,1.0,0.9999998,1.0,1.0,1.0,1.0,1.0,1.0,1.0,1.0,1.0,1.0,1.0,1.0,1.0,1.0,1.0,0.99999267,1.0,1.0,0.8954818,1.0,1.0,1.0,1.0,1.0,1.0,1.0,1.0,1.0,1.0,0.99999356,1.0,1.0,1.0,1.0,1.0,1.0,1.0,1.0,0.9711346,1.0,1.0,1.0
WDR3_K562,1.0,1.0,1.0,1.0,1.0,1.0,1.0,1.0,1.0,1.0,1.0,1.0,1.0,1.0,1.0,1.0,1.0,1.0,1.0,1.0,1.0,1.0,1.0,1.0,0.88049734,1.0,1.0,1.0,1.0,1.0,1.0,1.0,1.0,1.0,1.0,1.0,1.0,1.0,0.9999895,1.0,1.0,1.0,1.0,1.0,1.0,1.0,1.0,1.0,1.0,1.0,1.0,1.0,1.0,1.0,1.0,1.0,1.0,1.0,1.0,1.0,1.0,1.0,1.0,1.0,1.0,1.0,1.0,1.0,1.0,1.0,1.0,1.0,1.0,1.0,1.0,1.0,1.0,0.7295721,1.0,1.0,1.0,1.0,1.0,0.99999994,1.0,1.0,1.0,1.0,1.0,1.0,1.0,1.0,1.0,1.0,1.0,1.0,1.0,1.0,1.0,1.0,0.99999946,0.9985222,0.9848001,1.0,1.0,1.0,1.0,1.0,1.0,1.0,1.0,1.0,1.0,1.0,1.0,1.0,0.9999981,0.9999994,1.0,1.0,1.0,1.0,0.83404297,1.0,1.0,1.0,1.0,1.0,1.0,1.0,1.0,1.0,1.0,1.0,1.0,1.0,1.0,1.0,1.0,1.0,1.0,1.0,1.0,1.0,1.0,1.0,1.0,1.0,1.0,1.0,1.0,1.0,1.0,1.0,1.0,1.0,0.99999994,1.0,1.0,1.0,0.9999996,1.0,1.0,1.0,1.0,1.0,1.0,1.0,1.0,1.0,1.0,1.0,1.0,1.0,1.0,1.0,0.9944885,0.99999887,0.99999976,1.0,0.9999998,1.0,1.0,1.0,1.0,1.0,1.0,1.0,1.0,1.0,1.0,1.0,1.0,1.0,1.0,1.0,0.99999267,1.0,1.0,0.89548415,1.0,1.0,1.0,1.0,1.0,1.0,1.0,1.0,1.0,1.0,0.99999356,1.0,1.0,1.0,1.0,1.0,1.0,1.0,1.0,0.97113335,1.0,1.0,1.0
WDR43_HepG2,1.0,1.0,1.0,1.0,1.0,1.0,1.0,1.0,1.0,1.0,1.0,1.0,1.0,1.0,1.0,1.0,1.0,1.0,1.0,1.0,1.0,1.0,1.0,1.0,0.88050175,1.0,1.0,1.0,0.99999994,1.0,1.0,1.0,1.0,1.0,1.0,1.0,1.0,1.0,0.9999895,1.0,1.0,1.0,1.0,1.0,1.0,1.0,1.0,1.0,1.0,1.0,1.0,1.0,1.0,1.0,1.0,1.0,1.0,1.0,1.0,1.0,1.0,1.0,1.0,1.0,1.0,1.0,1.0,1.0,1.0,1.0,1.0,1.0,1.0,1.0,1.0,1.0,1.0,0.7295657,1.0,1.0,1.0,1.0,1.0,0.99999994,1.0,1.0,1.0,1.0,1.0,1.0,1.0,1.0,1.0,1.0,1.0,1.0,1.0,1.0,1.0,1.0,0.9999994,0.99852175,0.9848017,1.0,1.0,1.0,1.0,1.0,1.0,1.0,1.0,1.0,1.0,1.0,1.0,1.0,0.9999981,0.9999994,1.0,1.0,1.0,1.0,0.83404815,1.0,1.0,1.0,1.0,1.0,1.0,1.0,1.0,1.0,1.0,1.0,1.0,1.0,1.0,1.0,1.0,1.0,1.0,1.0,1.0,1.0,1.0,1.0,1.0,1.0,1.0,1.0,1.0,1.0,1.0,1.0,1.0,1.0,0.99999994,1.0,1.0,1.0,0.9999996,1.0,1.0,1.0,1.0,1.0,1.0,1.0,1.0,1.0,1.0,1.0,1.0,1.0,1.0,1.0,0.99448746,0.99999887,0.99999976,1.0,0.9999998,1.0,1.0,1.0,1.0,1.0,1.0,1.0,1.0,1.0,1.0,1.0,1.0,1.0,1.0,1.0,0.9999926,1.0,1.0,0.89548004,1.0,1.0,1.0,1.0,1.0,1.0,1.0,1.0,1.0,1.0,0.99999356,1.0,1.0,1.0,1.0,1.0,1.0,1.0,1.0,0.97113556,1.0,1.0,1.0
WDR43_K562,1.0,1.0,1.0,1.0,1.0,1.0,1.0,1.0,1.0,1.0,1.0,1.0,1.0,1.0,1.0,1.0,1.0,1.0,1.0,1.0,1.0,1.0,1.0,1.0,0.8805026,1.0,1.0,1.0,0.99999994,1.0,1.0,1.0,1.0,1.0,1.0,1.0,1.0,1.0,0.99998945,1.0,1.0,1.0,1.0,1.0,1.0,1.0,1.0,1.0,1.0,1.0,1.0,1.0,1.0,1.0,1.0,1.0,1.0,1.0,1.0,1.0,1.0,1.0,1.0,1.0,1.0,1.0,1.0,1.0,1.0,1.0,1.0,1.0,1.0,1.0,1.0,1.0,1.0,0.7295645,1.0,1.0,1.0,1.0,1.0,0.99999994,1.0,1.0,1.0,1.0,1.0,1.0,1.0,1.0,1.0,1.0,1.0,1.0,1.0,1.0,1.0,1.0,0.9999994,0.9985216,0.984802,1.0,1.0,1.0,1.0,1.0,1.0,1.0,1.0,1.0,1.0,1.0,1.0,1.0,0.9999981,0.9999994,1.0,1.0,1.0,1.0,0.8340491,1.0,1.0,1.0,1.0,1.0,1.0,1.0,1.0,1.0,1.0,1.0,1.0,1.0,1.0,1.0,1.0,1.0,1.0,1.0,1.0,1.0,1.0,1.0,1.0,1.0,1.0,1.0,1.0,1.0,1.0,1.0,1.0,1.0,0.99999994,1.0,1.0,1.0,0.9999996,1.0,1.0,1.0,1.0,1.0,1.0,1.0,1.0,1.0,1.0,1.0,1.0,1.0,1.0,1.0,0.9944873,0.99999887,0.99999976,1.0,0.9999998,1.0,1.0,1.0,1.0,1.0,1.0,1.0,1.0,1.0,1.0,1.0,1.0,1.0,1.0,1.0,0.9999926,1.0,1.0,0.8954792,1.0,1.0,1.0,1.0,1.0,1.0,1.0,1.0,1.0,1.0,0.99999356,1.0,1.0,1.0,1.0,1.0,1.0,1.0,1.0,0.971136,1.0,1.0,1.0
WRN_K562,1.0,1.0,1.0,1.0,1.0,1.0,1.0,1.0,1.0,1.0,1.0,1.0,1.0,1.0,1.0,1.0,1.0,1.0,1.0,1.0,1.0,1.0,1.0,1.0,0.8804795,1.0,1.0,1.0,1.0,1.0,1.0,1.0,1.0,1.0,1.0,1.0,1.0,1.0,0.9999897,1.0,1.0,1.0,1.0,1.0,1.0,1.0,1.0,1.0,1.0,1.0,1.0,1.0,1.0,1.0,1.0,1.0,1.0,1.0,1.0,1.0,1.0,1.0,1.0,1.0,1.0,1.0,1.0,1.0,1.0,1.0,1.0,1.0,1.0,1.0,1.0,1.0,1.0,0.7295977,1.0,1.0,1.0,1.0,1.0,0.9999999,1.0,1.0,1.0,1.0,1.0,1.0,1.0,1.0,1.0,1.0,1.0,1.0,1.0,1.0,1.0,1.0,0.99999946,0.99852425,0.98479354,1.0,1.0,1.0,1.0,1.0,1.0,1.0,1.0,1.0,1.0,1.0,1.0,1.0,0.9999982,0.9999994,1.0,1.0,1.0,1.0,0.83402234,1.0,1.0,1.0,1.0,1.0,1.0,1.0,1.0,1.0,1.0,1.0,1.0,1.0,1.0,1.0,1.0,1.0,1.0,1.0,1.0,1.0,1.0,1.0,1.0,1.0,1.0,1.0,1.0,1.0,1.0,1.0,1.0,1.0,0.99999994,1.0,1.0,1.0,0.99999964,1.0,1.0,1.0,1.0,1.0,1.0,1.0,1.0,1.0,1.0,1.0,1.0,1.0,1.0,1.0,0.9944924,0.9999989,0.99999976,1.0,0.9999999,1.0,1.0,1.0,1.0,1.0,1.0,1.0,1.0,1.0,1.0,1.0,1.0,1.0,1.0,1.0,0.9999928,1.0,1.0,0.89550084,1.0,1.0,1.0,1.0,1.0,1.0,1.0,1.0,0.99999994,1.0,0.99999344,1.0,1.0,1.0,1.0,1.0,1.0,1.0,1.0,0.9711244,1.0,1.0,1.0
XPO5_HepG2,1.0,1.0,1.0,1.0,1.0,1.0,1.0,1.0,1.0,1.0,1.0,1.0,1.0,1.0,1.0,1.0,1.0,1.0,1.0,1.0,1.0,1.0,1.0,1.0,0.8806062,1.0,1.0,1.0,0.9999999,1.0,1.0,1.0,1.0,1.0,1.0,0.99999994,1.0,1.0,0.99998844,1.0,1.0,1.0,1.0,1.0,1.0,1.0,1.0,1.0,0.99999994,1.0,1.0,1.0,1.0,1.0,1.0,0.99999994,1.0,1.0,1.0,1.0,1.0,1.0,1.0,1.0,1.0,1.0,1.0,1.0,1.0,1.0,1.0,1.0,1.0,1.0,1.0,1.0,1.0,0.729415,1.0,1.0,0.99999994,1.0,1.0,1.0,1.0,0.99999994,1.0,1.0,1.0,1.0,1.0,1.0,1.0,1.0,0.99999994,1.0,1.0,1.0,1.0,1.0,0.99999917,0.9985097,0.9848399,1.0,1.0,1.0,1.0,1.0,1.0,1.0,1.0,1.0,0.99999994,1.0,1.0,1.0,0.9999976,0.9999991,1.0,1.0,1.0,1.0,0.8341697,1.0,1.0,1.0,1.0,1.0,1.0,1.0,1.0,1.0,1.0,1.0,1.0,1.0,1.0,1.0,1.0,1.0,1.0,1.0,1.0,1.0,0.99999994,1.0,1.0,1.0,1.0,1.0,1.0,1.0,1.0,0.99999994,1.0,1.0,0.9999998,1.0,1.0,1.0,0.99999934,1.0,1.0,1.0,1.0,1.0,1.0,1.0,1.0,1.0,1.0,1.0,1.0,1.0,1.0,1.0,0.9944644,0.9999985,0.9999996,1.0,0.99999964,1.0,1.0,1.0,1.0,0.99999994,1.0,1.0,1.0,1.0,1.0,1.0,1.0,1.0,1.0,1.0,0.9999918,1.0,1.0,0.8953819,1.0,1.0,1.0,1.0,1.0,1.0,1.0,0.99999994,1.0,1.0,0.99999434,1.0,1.0,1.0,1.0,1.0,1.0,1.0,1.0,0.97118807,1.0,1.0,1.0
XRCC6_HepG2,1.0,1.0,1.0,1.0,1.0,1.0,1.0,1.0,1.0,1.0,1.0,1.0,1.0,1.0,1.0,1.0,1.0,1.0,1.0,1.0,1.0,1.0,1.0,1.0,0.8805175,1.0,1.0,1.0,0.99999994,1.0,1.0,1.0,1.0,1.0,1.0,1.0,1.0,1.0,0.99998933,1.0,1.0,1.0,1.0,1.0,1.0,1.0,1.0,1.0,1.0,1.0,1.0,1.0,1.0,1.0,1.0,1.0,1.0,1.0,1.0,1.0,1.0,1.0,1.0,1.0,1.0,1.0,1.0,1.0,1.0,1.0,1.0,1.0,1.0,1.0,1.0,1.0,1.0,0.729543,1.0,1.0,1.0,1.0,1.0,0.99999994,1.0,1.0,1.0,1.0,1.0,1.0,1.0,1.0,1.0,1.0,1.0,1.0,1.0,1.0,1.0,1.0,0.9999994,0.9985199,0.9848075,1.0,1.0,1.0,1.0,1.0,1.0,1.0,1.0,1.0,1.0,1.0,1.0,1.0,0.99999803,0.99999934,1.0,1.0,1.0,1.0,0.83406645,1.0,1.0,1.0,1.0,1.0,1.0,1.0,1.0,1.0,1.0,1.0,1.0,1.0,1.0,1.0,1.0,1.0,1.0,1.0,1.0,1.0,1.0,1.0,1.0,1.0,1.0,1.0,1.0,1.0,1.0,1.0,1.0,1.0,0.99999994,1.0,1.0,1.0,0.9999996,1.0,1.0,1.0,1.0,1.0,1.0,1.0,1.0,1.0,1.0,1.0,1.0,1.0,1.0,1.0,0.994484,0.9999988,0.9999997,1.0,0.9999998,1.0,1.0,1.0,1.0,1.0,1.0,1.0,1.0,1.0,1.0,1.0,1.0,1.0,1.0,1.0,0.9999925,1.0,1.0,0.89546525,1.0,1.0,1.0,1.0,1.0,1.0,1.0,1.0,1.0,1.0,0.9999937,1.0,1.0,1.0,1.0,1.0,1.0,1.0,1.0,0.9711435,1.0,1.0,1.0
XRCC6_K562,0.9999937,0.9999936,0.9999937,0.9999936,0.9999936,0.99999356,0.9999937,0.9999936,0.9999938,0.9999936,0.99999356,0.99999356,0.9999936,0.9999936,0.9999936,0.9999938,0.9999936,0.99999356,0.99999356,0.99999374,0.99999356,0.99999374,0.9999936,0.9999936,0.882194,0.99999356,0.9999936,0.9999935,0.99999267,0.9999937,0.99999356,0.9999937,0.9999937,0.99999356,0.99999356,0.9999934,0.9999936,0.9999936,0.9999666,0.9999936,0.99999356,0.99999356,0.9999936,0.9999937,0.99999356,0.9999937,0.9999937,0.9999937,0.9999933,0.99999374,0.9999937,0.9999937,0.9999936,0.99999356,0.9999938,0.99999344,0.9999935,0.99999386,0.99999374,0.9999937,0.9999936,0.9999936,0.9999936,0.99999374,0.9999936,0.9999937,0.9999937,0.9999936,0.9999936,0.99999356,0.9999937,0.9999939,0.99999374,0.99999374,0.9999936,0.9999936,0.99999386,0.72711146,0.99999374,0.9999937,0.99999344,0.9999937,0.99999374,0.9999949,0.99999356,0.99999344,0.99999386,0.99999356,0.99999356,0.9999936,0.9999935,0.9999936,0.9999937,0.99999386,0.9999935,0.99999374,0.9999937,0.99999374,0.99999356,0.99999356,0.9999892,0.99832064,0.9854175,0.9999936,0.99999356,0.9999937,0.99999374,0.9999935,0.9999936,0.99999356,0.9999937,0.999994,0.99999315,0.99999356,0.9999936,0.9999937,0.9999847,0.999989,0.9999937,0.99999374,0.99999374,0.9999938,0.8360188,0.9999936,0.9999935,0.9999938,0.99999356,0.9999937,0.9999936,0.99999356,0.99999356,0.9999937,0.99999374,0.9999935,0.9999935,0.9999936,0.99999356,0.9999935,0.9999937,0.9999937,0.9999943,0.99999374,0.9999936,0.99999386,0.9999932,0.99999374,0.9999937,0.9999937,0.9999936,0.9999937,0.99999356,0.99999356,0.99999356,0.9999935,0.9999937,0.99999374,0.99999225,0.9999939,0.9999935,0.99999374,0.9999899,0.99999356,0.9999938,0.99999374,0.9999936,0.99999356,0.99999356,0.9999936,0.99999356,0.9999936,0.9999936,0.9999936,0.9999935,0.9999938,0.9999937,0.9999936,0.9941056,0.9999871,0.9999908,0.9999936,0.9999913,0.9999937,0.9999935,0.9999935,0.99999356,0.9999935,0.9999939,0.99999356,0.99999374,0.9999938,0.99999374,0.9999935,0.99999356,0.9999936,0.9999937,0.9999937,0.99997246,0.9999936,0.9999937,0.89388007,0.99999374,0.99999356,0.99999356,0.99999356,0.99999356,0.99999356,0.99999356,0.99999344,0.99999434,0.9999937,1.0,0.9999943,0.9999937,0.99999356,0.9999936,0.9999936,0.9999937,0.99999356,0.9999938,0.9719837,0.9999936,0.99999356,0.9999938
XRN2_HepG2,1.0,1.0,1.0,1.0,1.0,1.0,1.0,1.0,1.0,1.0,1.0,1.0,1.0,1.0,1.0,1.0,1.0,1.0,1.0,1.0,1.0,1.0,1.0,1.0,0.88059396,1.0,1.0,1.0,0.9999999,1.0,1.0,1.0,1.0,1.0,1.0,0.99999994,1.0,1.0,0.99998856,1.0,1.0,1.0,1.0,1.0,1.0,1.0,1.0,1.0,0.99999994,1.0,1.0,1.0,1.0,1.0,1.0,1.0,1.0,1.0,1.0,1.0,1.0,1.0,1.0,1.0,1.0,1.0,1.0,1.0,1.0,1.0,1.0,1.0,1.0,1.0,1.0,1.0,1.0,0.72943264,1.0,1.0,1.0,1.0,1.0,1.0,1.0,1.0,1.0,1.0,1.0,1.0,1.0,1.0,1.0,1.0,1.0,1.0,1.0,1.0,1.0,1.0,0.9999992,0.99851114,0.98483545,1.0,1.0,1.0,1.0,1.0,1.0,1.0,1.0,1.0,0.99999994,1.0,1.0,1.0,0.9999977,0.99999917,1.0,1.0,1.0,1.0,0.83415544,1.0,1.0,1.0,1.0,1.0,1.0,1.0,1.0,1.0,1.0,1.0,1.0,1.0,1.0,1.0,1.0,1.0,1.0,1.0,1.0,1.0,0.99999994,1.0,1.0,1.0,1.0,1.0,1.0,1.0,1.0,1.0,1.0,1.0,0.9999998,1.0,1.0,1.0,0.9999994,1.0,1.0,1.0,1.0,1.0,1.0,1.0,1.0,1.0,1.0,1.0,1.0,1.0,1.0,1.0,0.9944671,0.99999857,0.9999996,1.0,0.9999997,1.0,1.0,1.0,1.0,1.0,1.0,1.0,1.0,1.0,1.0,1.0,1.0,1.0,1.0,1.0,0.9999919,1.0,1.0,0.89539343,1.0,1.0,1.0,1.0,1.0,1.0,1.0,1.0,1.0,1.0,0.9999943,1.0,1.0,1.0,1.0,1.0,1.0,1.0,1.0,0.9711819,1.0,1.0,1.0
XRN2_K562,1.0,1.0,1.0,1.0,1.0,1.0,1.0,1.0,1.0,1.0,1.0,1.0,1.0,1.0,1.0,1.0,1.0,1.0,1.0,1.0,1.0,1.0,1.0,1.0,0.88051504,1.0,1.0,1.0,0.99999994,1.0,1.0,1.0,1.0,1.0,1.0,1.0,1.0,1.0,0.99998933,1.0,1.0,1.0,1.0,1.0,1.0,1.0,1.0,1.0,1.0,1.0,1.0,1.0,1.0,1.0,1.0,1.0,1.0,1.0,1.0,1.0,1.0,1.0,1.0,1.0,1.0,1.0,1.0,1.0,1.0,1.0,1.0,1.0,1.0,1.0,1.0,1.0,1.0,0.7295466,1.0,1.0,1.0,1.0,1.0,0.99999994,1.0,1.0,1.0,1.0,1.0,1.0,1.0,1.0,1.0,1.0,1.0,1.0,1.0,1.0,1.0,1.0,0.9999994,0.9985202,0.98480654,1.0,1.0,1.0,1.0,1.0,1.0,1.0,1.0,1.0,1.0,1.0,1.0,1.0,0.99999803,0.99999934,1.0,1.0,1.0,1.0,0.83406353,1.0,1.0,1.0,1.0,1.0,1.0,1.0,1.0,1.0,1.0,1.0,1.0,1.0,1.0,1.0,1.0,1.0,1.0,1.0,1.0,1.0,1.0,1.0,1.0,1.0,1.0,1.0,1.0,1.0,1.0,1.0,1.0,1.0,0.99999994,1.0,1.0,1.0,0.9999996,1.0,1.0,1.0,1.0,1.0,1.0,1.0,1.0,1.0,1.0,1.0,1.0,1.0,1.0,1.0,0.99448454,0.9999988,0.99999976,1.0,0.9999998,1.0,1.0,1.0,1.0,1.0,1.0,1.0,1.0,1.0,1.0,1.0,1.0,1.0,1.0,1.0,0.99999255,1.0,1.0,0.8954676,1.0,1.0,1.0,1.0,1.0,1.0,1.0,1.0,1.0,1.0,0.9999937,1.0,1.0,1.0,1.0,1.0,1.0,1.0,1.0,0.97114223,1.0,1.0,1.0
YBX3_HepG2,1.0,1.0,1.0,1.0,1.0,1.0,1.0,1.0,1.0,1.0,1.0,1.0,1.0,1.0,1.0,1.0,1.0,1.0,1.0,1.0,1.0,1.0,1.0,1.0,0.8805012,1.0,1.0,1.0,0.99999994,1.0,1.0,1.0,1.0,1.0,1.0,1.0,1.0,1.0,0.9999895,1.0,1.0,1.0,1.0,1.0,1.0,1.0,1.0,1.0,1.0,1.0,1.0,1.0,1.0,1.0,1.0,1.0,1.0,1.0,1.0,1.0,1.0,1.0,1.0,1.0,1.0,1.0,1.0,1.0,1.0,1.0,1.0,1.0,1.0,1.0,1.0,1.0,1.0,0.7295665,1.0,1.0,1.0,1.0,1.0,0.99999994,1.0,1.0,1.0,1.0,1.0,1.0,1.0,1.0,1.0,1.0,1.0,1.0,1.0,1.0,1.0,1.0,0.99999946,0.9985218,0.98480153,1.0,1.0,1.0,1.0,1.0,1.0,1.0,1.0,1.0,1.0,1.0,1.0,1.0,0.9999981,0.9999994,1.0,1.0,1.0,1.0,0.8340475,1.0,1.0,1.0,1.0,1.0,1.0,1.0,1.0,1.0,1.0,1.0,1.0,1.0,1.0,1.0,1.0,1.0,1.0,1.0,1.0,1.0,1.0,1.0,1.0,1.0,1.0,1.0,1.0,1.0,1.0,1.0,1.0,1.0,0.99999994,1.0,1.0,1.0,0.9999996,1.0,1.0,1.0,1.0,1.0,1.0,1.0,1.0,1.0,1.0,1.0,1.0,1.0,1.0,1.0,0.99448764,0.99999887,0.99999976,1.0,0.9999998,1.0,1.0,1.0,1.0,1.0,1.0,1.0,1.0,1.0,1.0,1.0,1.0,1.0,1.0,1.0,0.9999926,1.0,1.0,0.8954805,1.0,1.0,1.0,1.0,1.0,1.0,1.0,1.0,1.0,1.0,0.99999356,1.0,1.0,1.0,1.0,1.0,1.0,1.0,1.0,0.9711353,1.0,1.0,1.0
YBX3_K562,1.0,1.0,1.0,1.0,1.0,1.0,1.0,1.0,1.0,1.0,1.0,1.0,1.0,1.0,1.0,1.0,1.0,1.0,1.0,1.0,1.0,1.0,1.0,1.0,0.88050795,1.0,1.0,1.0,0.99999994,1.0,1.0,1.0,1.0,1.0,1.0,1.0,1.0,1.0,0.99998945,1.0,1.0,1.0,1.0,1.0,1.0,1.0,1.0,1.0,1.0,1.0,1.0,1.0,1.0,1.0,1.0,1.0,1.0,1.0,1.0,1.0,1.0,1.0,1.0,1.0,1.0,1.0,1.0,1.0,1.0,1.0,1.0,1.0,1.0,1.0,1.0,1.0,1.0,0.72955674,1.0,1.0,1.0,1.0,1.0,0.99999994,1.0,1.0,1.0,1.0,1.0,1.0,1.0,1.0,1.0,1.0,1.0,1.0,1.0,1.0,1.0,1.0,0.9999994,0.99852103,0.984804,1.0,1.0,1.0,1.0,1.0,1.0,1.0,1.0,1.0,1.0,1.0,1.0,1.0,0.9999981,0.99999934,1.0,1.0,1.0,1.0,0.83405536,1.0,1.0,1.0,1.0,1.0,1.0,1.0,1.0,1.0,1.0,1.0,1.0,1.0,1.0,1.0,1.0,1.0,1.0,1.0,1.0,1.0,1.0,1.0,1.0,1.0,1.0,1.0,1.0,1.0,1.0,1.0,1.0,1.0,0.99999994,1.0,1.0,1.0,0.9999996,1.0,1.0,1.0,1.0,1.0,1.0,1.0,1.0,1.0,1.0,1.0,1.0,1.0,1.0,1.0,0.9944861,0.99999887,0.99999976,1.0,0.9999998,1.0,1.0,1.0,1.0,1.0,1.0,1.0,1.0,1.0,1.0,1.0,1.0,1.0,1.0,1.0,0.9999926,1.0,1.0,0.8954742,1.0,1.0,1.0,1.0,1.0,1.0,1.0,1.0,1.0,1.0,0.9999936,1.0,1.0,1.0,1.0,1.0,1.0,1.0,1.0,0.9711387,1.0,1.0,1.0
YWHAG_K562,1.0,1.0,1.0,1.0,1.0,1.0,1.0,1.0,1.0,1.0,1.0,1.0,1.0,1.0,1.0,1.0,1.0,1.0,1.0,1.0,1.0,1.0,1.0,1.0,0.88050985,1.0,1.0,1.0,0.99999994,1.0,1.0,1.0,1.0,1.0,1.0,1.0,1.0,1.0,0.9999894,1.0,1.0,1.0,1.0,1.0,1.0,1.0,1.0,1.0,1.0,1.0,1.0,1.0,1.0,1.0,1.0,1.0,1.0,1.0,1.0,1.0,1.0,1.0,1.0,1.0,1.0,1.0,1.0,1.0,1.0,1.0,1.0,1.0,1.0,1.0,1.0,1.0,1.0,0.72955394,1.0,1.0,1.0,1.0,1.0,0.99999994,1.0,1.0,1.0,1.0,1.0,1.0,1.0,1.0,1.0,1.0,1.0,1.0,1.0,1.0,1.0,1.0,0.9999994,0.9985208,0.9848047,1.0,1.0,1.0,1.0,1.0,1.0,1.0,1.0,1.0,1.0,1.0,1.0,1.0,0.9999981,0.99999934,1.0,1.0,1.0,1.0,0.8340576,1.0,1.0,1.0,1.0,1.0,1.0,1.0,1.0,1.0,1.0,1.0,1.0,1.0,1.0,1.0,1.0,1.0,1.0,1.0,1.0,1.0,1.0,1.0,1.0,1.0,1.0,1.0,1.0,1.0,1.0,1.0,1.0,1.0,0.99999994,1.0,1.0,1.0,0.9999996,1.0,1.0,1.0,1.0,1.0,1.0,1.0,1.0,1.0,1.0,1.0,1.0,1.0,1.0,1.0,0.9944857,0.99999887,0.99999976,1.0,0.9999998,1.0,1.0,1.0,1.0,1.0,1.0,1.0,1.0,1.0,1.0,1.0,1.0,1.0,1.0,1.0,0.99999255,1.0,1.0,0.8954724,1.0,1.0,1.0,1.0,1.0,1.0,1.0,1.0,1.0,1.0,0.9999936,1.0,1.0,1.0,1.0,1.0,1.0,1.0,1.0,0.97113967,1.0,1.0,1.0
ZC3H11A_HepG2,1.0,1.0,1.0,1.0,1.0,1.0,1.0,1.0,1.0,1.0,1.0,1.0,1.0,1.0,1.0,1.0,1.0,1.0,1.0,1.0,1.0,1.0,1.0,1.0,0.88051426,1.0,1.0,1.0,0.99999994,1.0,1.0,1.0,1.0,1.0,1.0,1.0,1.0,1.0,0.99998933,1.0,1.0,1.0,1.0,1.0,1.0,1.0,1.0,1.0,1.0,1.0,1.0,1.0,1.0,1.0,1.0,1.0,1.0,1.0,1.0,1.0,1.0,1.0,1.0,1.0,1.0,1.0,1.0,1.0,1.0,1.0,1.0,1.0,1.0,1.0,1.0,1.0,1.0,0.7295477,1.0,1.0,1.0,1.0,1.0,0.99999994,1.0,1.0,1.0,1.0,1.0,1.0,1.0,1.0,1.0,1.0,1.0,1.0,1.0,1.0,1.0,1.0,0.9999994,0.9985203,0.9848063,1.0,1.0,1.0,1.0,1.0,1.0,1.0,1.0,1.0,1.0,1.0,1.0,1.0,0.99999803,0.99999934,1.0,1.0,1.0,1.0,0.8340627,1.0,1.0,1.0,1.0,1.0,1.0,1.0,1.0,1.0,1.0,1.0,1.0,1.0,1.0,1.0,1.0,1.0,1.0,1.0,1.0,1.0,1.0,1.0,1.0,1.0,1.0,1.0,1.0,1.0,1.0,1.0,1.0,1.0,0.99999994,1.0,1.0,1.0,0.9999996,1.0,1.0,1.0,1.0,1.0,1.0,1.0,1.0,1.0,1.0,1.0,1.0,1.0,1.0,1.0,0.9944847,0.99999887,0.99999976,1.0,0.9999998,1.0,1.0,1.0,1.0,1.0,1.0,1.0,1.0,1.0,1.0,1.0,1.0,1.0,1.0,1.0,0.99999255,1.0,1.0,0.8954683,1.0,1.0,1.0,1.0,1.0,1.0,1.0,1.0,1.0,1.0,0.9999937,1.0,1.0,1.0,1.0,1.0,1.0,1.0,1.0,0.9711419,1.0,1.0,1.0
ZC3H11A_K562,1.0,1.0,1.0,1.0,1.0,1.0,1.0,1.0,1.0,1.0,1.0,1.0,1.0,1.0,1.0,1.0,1.0,1.0,1.0,1.0,1.0,1.0,1.0,1.0,0.88049835,1.0,1.0,1.0,1.0,1.0,1.0,1.0,1.0,1.0,1.0,1.0,1.0,1.0,0.9999895,1.0,1.0,1.0,1.0,1.0,1.0,1.0,1.0,1.0,1.0,1.0,1.0,1.0,1.0,1.0,1.0,1.0,1.0,1.0,1.0,1.0,1.0,1.0,1.0,1.0,1.0,1.0,1.0,1.0,1.0,1.0,1.0,1.0,1.0,1.0,1.0,1.0,1.0,0.7295706,1.0,1.0,1.0,1.0,1.0,0.99999994,1.0,1.0,1.0,1.0,1.0,1.0,1.0,1.0,1.0,1.0,1.0,1.0,1.0,1.0,1.0,1.0,0.99999946,0.9985221,0.98480046,1.0,1.0,1.0,1.0,1.0,1.0,1.0,1.0,1.0,1.0,1.0,1.0,1.0,0.9999981,0.9999994,1.0,1.0,1.0,1.0,0.83404416,1.0,1.0,1.0,1.0,1.0,1.0,1.0,1.0,1.0,1.0,1.0,1.0,1.0,1.0,1.0,1.0,1.0,1.0,1.0,1.0,1.0,1.0,1.0,1.0,1.0,1.0,1.0,1.0,1.0,1.0,1.0,1.0,1.0,0.99999994,1.0,1.0,1.0,0.9999996,1.0,1.0,1.0,1.0,1.0,1.0,1.0,1.0,1.0,1.0,1.0,1.0,1.0,1.0,1.0,0.99448824,0.99999887,0.99999976,1.0,0.9999998,1.0,1.0,1.0,1.0,1.0,1.0,1.0,1.0,1.0,1.0,1.0,1.0,1.0,1.0,1.0,0.99999267,1.0,1.0,0.8954832,1.0,1.0,1.0,1.0,1.0,1.0,1.0,1.0,1.0,1.0,0.99999356,1.0,1.0,1.0,1.0,1.0,1.0,1.0,1.0,0.9711338,1.0,1.0,1.0
ZC3H8_K562,1.0,1.0,1.0,1.0,1.0,1.0,1.0,1.0,1.0,1.0,1.0,1.0,1.0,1.0,1.0,1.0,1.0,1.0,1.0,1.0,1.0,1.0,1.0,1.0,0.8805342,1.0,1.0,1.0,0.99999994,1.0,1.0,1.0,1.0,1.0,1.0,1.0,1.0,1.0,0.99998915,1.0,1.0,1.0,1.0,1.0,1.0,1.0,1.0,1.0,1.0,1.0,1.0,1.0,1.0,1.0,1.0,1.0,1.0,1.0,1.0,1.0,1.0,1.0,1.0,1.0,1.0,1.0,1.0,1.0,1.0,1.0,1.0,1.0,1.0,1.0,1.0,1.0,1.0,0.7295189,1.0,1.0,1.0,1.0,1.0,0.99999994,1.0,1.0,1.0,1.0,1.0,1.0,1.0,1.0,1.0,1.0,1.0,1.0,1.0,1.0,1.0,1.0,0.99999934,0.998518,0.9848136,1.0,1.0,1.0,1.0,1.0,1.0,1.0,1.0,1.0,1.0,1.0,1.0,1.0,0.999998,0.9999993,1.0,1.0,1.0,1.0,0.8340859,1.0,1.0,1.0,1.0,1.0,1.0,1.0,1.0,1.0,1.0,1.0,1.0,1.0,1.0,1.0,1.0,1.0,1.0,1.0,1.0,1.0,1.0,1.0,1.0,1.0,1.0,1.0,1.0,1.0,1.0,1.0,1.0,1.0,0.9999999,1.0,1.0,1.0,0.9999995,1.0,1.0,1.0,1.0,1.0,1.0,1.0,1.0,1.0,1.0,1.0,1.0,1.0,1.0,1.0,0.9944803,0.99999875,0.9999997,1.0,0.99999976,1.0,1.0,1.0,1.0,1.0,1.0,1.0,1.0,1.0,1.0,1.0,1.0,1.0,1.0,1.0,0.9999924,1.0,1.0,0.8954495,1.0,1.0,1.0,1.0,1.0,1.0,1.0,1.0,1.0,1.0,0.9999938,1.0,1.0,1.0,1.0,1.0,1.0,1.0,1.0,0.9711519,1.0,1.0,1.0
ZNF622_K562,0.97114116,0.9711377,0.97114146,0.97113824,0.9711392,0.97113425,0.97114164,0.9711396,0.9711485,0.97113794,0.9711355,0.97113276,0.971139,0.9711366,0.9711395,0.9711513,0.9711386,0.97113365,0.9711349,0.9711466,0.9711355,0.9711464,0.97113645,0.9711373,0.96815914,0.97113353,0.97113824,0.9711306,0.9710756,0.9711431,0.9711356,0.9711435,0.97114,0.971135,0.97113276,0.9711206,0.97113615,0.97113824,0.97003126,0.97113943,0.97113526,0.9711355,0.97113967,0.97114223,0.9711323,0.97114104,0.971141,0.97114307,0.9711194,0.9711471,0.9711404,0.9711432,0.9711361,0.9711342,0.9711515,0.9711265,0.9711312,0.97115374,0.9711459,0.97114295,0.97113764,0.9711364,0.97113746,0.97114587,0.97113895,0.9711411,0.9711419,0.97113854,0.971139,0.9711342,0.97114164,0.9711574,0.9711461,0.97114575,0.9711361,0.9711384,0.9711524,0.54537517,0.9711452,0.97114384,0.97112477,0.9711413,0.97114486,0.97122556,0.9711357,0.97112787,0.97115356,0.97113323,0.97113305,0.9711369,0.9711316,0.97113705,0.97114056,0.9711532,0.97112966,0.9711454,0.9711407,0.97114474,0.97113526,0.9711343,0.97088116,0.956735,0.9978041,0.9711361,0.97113335,0.97114325,0.97114724,0.9711311,0.9711372,0.9711356,0.9711413,0.9711642,0.9711076,0.97113484,0.9711368,0.97114193,0.97066855,0.97086906,0.9711438,0.97114664,0.9711472,0.97115016,0.94156784,0.9711398,0.97113186,0.9711486,0.9711322,0.97114027,0.97113717,0.9711351,0.9711354,0.97114253,0.9711479,0.9711312,0.9711304,0.971138,0.9711339,0.9711319,0.971143,0.9711418,0.97118205,0.97114426,0.9711377,0.9711554,0.9711091,0.97114795,0.97114223,0.97114074,0.9711398,0.97114307,0.9711347,0.9711341,0.97113603,0.97112846,0.97114223,0.9711467,0.9710501,0.9711591,0.97113186,0.9711453,0.97091776,0.97113246,0.9711506,0.97114694,0.97113734,0.971136,0.9711354,0.9711387,0.9711336,0.9711381,0.9711374,0.9711396,0.97113156,0.9711503,0.97114015,0.9711393,0.9407712,0.9707773,0.9709673,0.97113985,0.97099453,0.97114176,0.9711319,0.9711306,0.97113526,0.97112936,0.9711581,0.97113323,0.97114694,0.97115076,0.97114563,0.9711311,0.9711333,0.9711369,0.9711429,0.9711414,0.9702128,0.97113657,0.9711408,0.7634632,0.9711472,0.97113556,0.97113496,0.9711346,0.97113335,0.97113556,0.971136,0.9711244,0.97118807,0.9711435,0.9719837,0.9711819,0.97114223,0.9711353,0.9711387,0.97113967,0.9711419,0.9711338,0.9711519,1.0,0.97113776,0.9711341,0.97115093
ZNF800_HepG2,1.0,1.0,1.0,1.0,1.0,1.0,1.0,1.0,1.0,1.0,1.0,1.0,1.0,1.0,1.0,1.0,1.0,1.0,1.0,1.0,1.0,1.0,1.0,1.0,0.88050604,1.0,1.0,1.0,0.99999994,1.0,1.0,1.0,1.0,1.0,1.0,1.0,1.0,1.0,0.99998945,1.0,1.0,1.0,1.0,1.0,1.0,1.0,1.0,1.0,1.0,1.0,1.0,1.0,1.0,1.0,1.0,1.0,1.0,1.0,1.0,1.0,1.0,1.0,1.0,1.0,1.0,1.0,1.0,1.0,1.0,1.0,1.0,1.0,1.0,1.0,1.0,1.0,1.0,0.7295595,1.0,1.0,1.0,1.0,1.0,0.99999994,1.0,1.0,1.0,1.0,1.0,1.0,1.0,1.0,1.0,1.0,1.0,1.0,1.0,1.0,1.0,1.0,0.9999994,0.9985212,0.98480326,1.0,1.0,1.0,1.0,1.0,1.0,1.0,1.0,1.0,1.0,1.0,1.0,1.0,0.9999981,0.99999934,1.0,1.0,1.0,1.0,0.83405316,1.0,1.0,1.0,1.0,1.0,1.0,1.0,1.0,1.0,1.0,1.0,1.0,1.0,1.0,1.0,1.0,1.0,1.0,1.0,1.0,1.0,1.0,1.0,1.0,1.0,1.0,1.0,1.0,1.0,1.0,1.0,1.0,1.0,0.99999994,1.0,1.0,1.0,0.9999996,1.0,1.0,1.0,1.0,1.0,1.0,1.0,1.0,1.0,1.0,1.0,1.0,1.0,1.0,1.0,0.9944865,0.99999887,0.99999976,1.0,0.9999998,1.0,1.0,1.0,1.0,1.0,1.0,1.0,1.0,1.0,1.0,1.0,1.0,1.0,1.0,1.0,0.9999926,1.0,1.0,0.895476,1.0,1.0,1.0,1.0,1.0,1.0,1.0,1.0,1.0,1.0,0.9999936,1.0,1.0,1.0,1.0,1.0,1.0,1.0,1.0,0.97113776,1.0,1.0,1.0
ZNF800_K562,1.0,1.0,1.0,1.0,1.0,1.0,1.0,1.0,1.0,1.0,1.0,1.0,1.0,1.0,1.0,1.0,1.0,1.0,1.0,1.0,1.0,1.0,1.0,1.0,0.88049895,1.0,1.0,1.0,0.99999994,1.0,1.0,1.0,1.0,1.0,1.0,1.0,1.0,1.0,0.9999895,1.0,1.0,1.0,1.0,1.0,1.0,1.0,1.0,1.0,1.0,1.0,1.0,1.0,1.0,1.0,1.0,1.0,1.0,1.0,1.0,1.0,1.0,1.0,1.0,1.0,1.0,1.0,1.0,1.0,1.0,1.0,1.0,1.0,1.0,1.0,1.0,1.0,1.0,0.72956973,1.0,1.0,1.0,1.0,1.0,0.99999994,1.0,1.0,1.0,1.0,1.0,1.0,1.0,1.0,1.0,1.0,1.0,1.0,1.0,1.0,1.0,1.0,0.99999946,0.99852204,0.9848007,1.0,1.0,1.0,1.0,1.0,1.0,1.0,1.0,1.0,1.0,1.0,1.0,1.0,0.9999981,0.9999994,1.0,1.0,1.0,1.0,0.8340449,1.0,1.0,1.0,1.0,1.0,1.0,1.0,1.0,1.0,1.0,1.0,1.0,1.0,1.0,1.0,1.0,1.0,1.0,1.0,1.0,1.0,1.0,1.0,1.0,1.0,1.0,1.0,1.0,1.0,1.0,1.0,1.0,1.0,0.99999994,1.0,1.0,1.0,0.9999996,1.0,1.0,1.0,1.0,1.0,1.0,1.0,1.0,1.0,1.0,1.0,1.0,1.0,1.0,1.0,0.9944881,0.99999887,0.99999976,1.0,0.9999998,1.0,1.0,1.0,1.0,1.0,1.0,1.0,1.0,1.0,1.0,1.0,1.0,1.0,1.0,1.0,0.99999267,1.0,1.0,0.89548266,1.0,1.0,1.0,1.0,1.0,1.0,1.0,1.0,1.0,1.0,0.99999356,1.0,1.0,1.0,1.0,1.0,1.0,1.0,1.0,0.9711341,1.0,1.0,1.0
ZRANB2_K562,1.0,1.0,1.0,1.0,1.0,1.0,1.0,1.0,1.0,1.0,1.0,1.0,1.0,1.0,1.0,1.0,1.0,1.0,1.0,1.0,1.0,1.0,1.0,1.0,0.8805323,1.0,1.0,1.0,0.99999994,1.0,1.0,1.0,1.0,1.0,1.0,1.0,1.0,1.0,0.9999892,1.0,1.0,1.0,1.0,1.0,1.0,1.0,1.0,1.0,1.0,1.0,1.0,1.0,1.0,1.0,1.0,1.0,1.0,1.0,1.0,1.0,1.0,1.0,1.0,1.0,1.0,1.0,1.0,1.0,1.0,1.0,1.0,1.0,1.0,1.0,1.0,1.0,1.0,0.7295216,1.0,1.0,1.0,1.0,1.0,0.99999994,1.0,1.0,1.0,1.0,1.0,1.0,1.0,1.0,1.0,1.0,1.0,1.0,1.0,1.0,1.0,1.0,0.99999934,0.9985182,0.9848129,1.0,1.0,1.0,1.0,1.0,1.0,1.0,1.0,1.0,1.0,1.0,1.0,1.0,0.999998,0.9999993,1.0,1.0,1.0,1.0,0.83408374,1.0,1.0,1.0,1.0,1.0,1.0,1.0,1.0,1.0,1.0,1.0,1.0,1.0,1.0,1.0,1.0,1.0,1.0,1.0,1.0,1.0,1.0,1.0,1.0,1.0,1.0,1.0,1.0,1.0,1.0,1.0,1.0,1.0,0.99999994,1.0,1.0,1.0,0.9999995,1.0,1.0,1.0,1.0,1.0,1.0,1.0,1.0,1.0,1.0,1.0,1.0,1.0,1.0,1.0,0.9944807,0.9999988,0.9999997,1.0,0.99999976,1.0,1.0,1.0,1.0,1.0,1.0,1.0,1.0,1.0,1.0,1.0,1.0,1.0,1.0,1.0,0.9999924,1.0,1.0,0.8954513,1.0,1.0,1.0,1.0,1.0,1.0,1.0,1.0,1.0,1.0,0.9999938,1.0,1.0,1.0,1.0,1.0,1.0,1.0,1.0,0.97115093,1.0,1.0,1.0
