sequence_index,pearson_r
0,0.4008619487285614
1,0.3476659059524536
2,0.6194746494293213
3,0.5986344218254089
4,0.19834379851818085
5,0.18783357739448547
6,0.6635829210281372
7,0.5778857469558716
8,0.5089600682258606
9,0.4069763422012329
10,0.24702395498752594
11,0.22758132219314575
12,0.6256260275840759
13,0.14017805457115173
14,0.3249477744102478
15,0.4812905192375183
16,0.7051666378974915
17,0.38882336020469666
18,0.5771520137786865
19,0.4711592495441437
20,0.516915500164032
21,0.45856013894081116
22,0.3121529817581177
23,0.5589612126350403
24,0.08765584230422974
25,0.23423504829406738
26,0.5352643132209778
27,0.745934247970581
28,0.4888741970062256
29,0.5809404253959656
30,0.2294892519712448
31,0.03443622589111328
32,0.2928677201271057
33,0.5884519219398499
34,0.36822938919067383
35,0.27873197197914124
36,0.5372037887573242
37,0.16235704720020294
38,0.25502869486808777
39,0.6765621900558472
40,0.5273765325546265
41,0.5968911647796631
42,0.3802185654640198
43,0.6074838638305664
44,0.5778691172599792
45,0.4846208691596985
46,0.17229215800762177
47,0.18426363170146942
48,0.5019093155860901
49,0.16659356653690338
50,0.5370876789093018
51,0.42946454882621765
52,0.6134340167045593
53,0.27584171295166016
54,0.6186923980712891
55,0.7163079380989075
56,0.2723788917064667
57,0.35722872614860535
58,0.4101044833660126
59,0.5656659007072449
60,0.6756331324577332
61,0.463957816362381
62,0.15213017165660858
63,0.31097134947776794
64,0.3409958481788635
65,0.5042932629585266
66,0.5955263376235962
67,0.4544968008995056
68,0.3588140904903412
69,0.47493797540664673
70,0.4323035180568695
71,0.4090942144393921
72,0.34407782554626465
73,0.3841469883918762
74,0.37848803400993347
75,0.47296759486198425
76,0.056123726069927216
77,0.754554033279419
78,0.6054114103317261
79,0.6122451424598694
80,0.8614091873168945
81,0.5260910391807556
82,0.6312898397445679
83,0.5247125625610352
84,0.8834019303321838
85,0.6366764307022095
86,0.09222178906202316
87,0.7237841486930847
88,0.2754637897014618
89,0.8915979862213135
90,0.3419358432292938
91,0.53901606798172
92,0.5546606779098511
93,0.5148893594741821
94,0.4436992406845093
95,0.31984588503837585
96,0.4941292107105255
97,0.3991144895553589
98,0.5600919723510742
99,0.6202724575996399
100,0.4282022714614868
101,0.4658977687358856
102,0.43394485116004944
103,0.2254069298505783
104,0.4676320254802704
105,0.596554160118103
106,0.22443421185016632
107,0.24731485545635223
108,0.4242008626461029
109,0.629791259765625
110,0.24740993976593018
111,0.48964613676071167
112,0.3880295157432556
113,0.3386246860027313
114,0.28138700127601624
115,0.014908194541931152
116,0.43183887004852295
117,0.2984742224216461
118,0.4540843963623047
119,0.4085048735141754
120,0.06972993165254593
121,0.462525874376297
122,0.4967457056045532
123,0.6327040195465088
124,0.6864179372787476
125,0.38132721185684204
126,0.45097094774246216
127,0.4335044324398041
128,0.22864289581775665
129,0.44181713461875916
130,0.33967268466949463
131,0.6480370163917542
132,0.24696731567382812
133,0.4942135214805603
134,0.6181920766830444
135,0.4769572615623474
136,0.4039391577243805
137,0.3574357032775879
138,0.6713407039642334
139,0.5810562968254089
140,0.33201563358306885
141,0.22238139808177948
142,0.2990700602531433
143,0.6858961582183838
144,0.3861093819141388
145,0.42200085520744324
146,0.3679341673851013
147,0.6246206760406494
148,0.19941924512386322
149,0.4671887755393982
150,0.2281234860420227
151,0.49537280201911926
152,0.6100143194198608
153,0.6029601693153381
154,0.6543784737586975
155,0.5221244096755981
156,0.3226848542690277
157,0.005076540634036064
158,0.3805195689201355
159,0.4678642451763153
160,0.5315218567848206
161,0.3070400655269623
162,0.6804478168487549
163,0.2079213708639145
164,0.6562639474868774
165,0.6400807499885559
166,0.4958494007587433
167,0.7010554671287537
168,0.37057629227638245
169,0.35517916083335876
170,0.18757279217243195
171,0.3992774486541748
172,0.14558826386928558
173,0.7191739082336426
174,0.5583114624023438
175,0.5351496338844299
176,0.5687195062637329
177,0.40050405263900757
178,0.37869560718536377
179,0.42596209049224854
180,0.5701872706413269
181,0.5372446179389954
182,0.45357561111450195
183,0.27826711535453796
184,0.4372326135635376
185,0.6836007237434387
186,0.5065540075302124
187,0.5403943657875061
188,0.41314613819122314
189,0.6197823882102966
190,-0.10008802264928818
191,0.6912393569946289
192,0.2890460789203644
193,0.3997260332107544
194,0.408717542886734
195,0.23573987185955048
196,0.5935683846473694
197,0.6788901686668396
198,0.4807261824607849
199,0.5757586359977722
200,0.39299267530441284
201,0.44874563813209534
202,0.3282676041126251
203,0.6431076526641846
204,0.4712558388710022
205,0.5364542007446289
206,0.3546448051929474
207,0.7799409031867981
208,0.49371498823165894
209,0.21232087910175323
210,0.37603944540023804
211,0.43525421619415283
212,0.5142228603363037
213,0.4925483763217926
214,0.5278946161270142
215,0.5644879341125488
216,0.6717290282249451
217,0.3059810698032379
218,0.42991629242897034
219,0.2927919626235962
220,0.2815292179584503
221,0.20128756761550903
222,0.3084823191165924
223,0.06258217245340347
224,0.5694663524627686
225,0.6356377005577087
226,0.5502061247825623
227,0.6481950283050537
228,0.3458032011985779
229,0.7218430638313293
230,0.15126889944076538
231,0.3006765842437744
232,0.4440683126449585
233,0.38326478004455566
234,0.3654114902019501
235,0.461552232503891
236,0.5929867625236511
237,0.2820866107940674
238,0.28202369809150696
239,0.14916390180587769
240,0.1834394484758377
241,0.5117075443267822
242,0.46207642555236816
243,0.4452211856842041
244,0.5149313807487488
245,0.6222547888755798
246,0.42280587553977966
247,0.3086700141429901
248,0.6825166940689087
249,0.3941148817539215
250,0.5837246775627136
251,0.5022384524345398
252,0.4826969504356384
253,0.4348084330558777
254,0.6147992014884949
255,0.5081992149353027
256,0.39861389994621277
257,0.6292768120765686
258,0.6764492988586426
259,0.4219570755958557
260,0.8398138284683228
261,0.5691511631011963
262,0.14112047851085663
263,0.4121324419975281
264,0.38301143050193787
265,0.6949643492698669
266,0.6442008018493652
267,0.41012367606163025
268,0.6775913834571838
269,0.397556334733963
270,0.5491123199462891
271,0.6156246662139893
272,0.2765621840953827
273,0.3410394787788391
274,0.3261963725090027
275,0.2550337016582489
276,0.5630677342414856
277,0.49671685695648193
278,0.24376296997070312
279,0.5473832488059998
280,0.23264004290103912
281,0.4045458137989044
282,0.42961588501930237
283,0.5203073620796204
284,0.5098569393157959
285,0.5189850926399231
286,0.5384429693222046
287,0.38248252868652344
288,0.3117034435272217
289,0.7867316603660583
290,0.5906054973602295
291,0.8468244671821594
292,0.4185197949409485
293,0.49030864238739014
294,0.44579729437828064
295,0.8118177056312561
296,0.2560665011405945
297,0.3026374280452728
298,0.3638478219509125
299,0.7003995180130005
300,0.4001867473125458
301,0.6573243737220764
302,0.6595923900604248
303,0.5818966031074524
304,0.1904420405626297
305,0.6568609476089478
306,0.5180513858795166
307,0.3573916256427765
308,0.4814407229423523
309,0.3843337297439575
310,0.45530909299850464
311,0.47520652413368225
312,0.7001693248748779
313,0.14896024763584137
314,0.5421696305274963
315,0.6558715105056763
316,0.5108413100242615
317,0.36566153168678284
318,0.7068598866462708
319,0.18860197067260742
320,0.3841671347618103
321,0.35839784145355225
322,0.22503791749477386
323,0.8872198462486267
324,0.732025146484375
325,0.4685979187488556
326,0.4429272413253784
327,0.7445718050003052
328,0.43743324279785156
329,0.40455517172813416
330,0.6332343220710754
331,0.25751879811286926
332,0.2949821949005127
333,0.3848118484020233
334,0.5029031038284302
335,0.3596327602863312
336,0.621330738067627
337,0.6710587739944458
338,0.3902112543582916
339,0.7279313802719116
340,0.6583836674690247
341,0.10549380630254745
342,0.4204026460647583
343,0.31365829706192017
344,0.3184554874897003
345,0.50779128074646
346,0.5991770029067993
347,0.47773104906082153
348,0.1475827395915985
349,0.37988007068634033
350,0.7617591619491577
351,0.6182118058204651
352,0.6980830430984497
353,0.3434944152832031
354,0.5460742115974426
355,0.40454766154289246
356,0.6082709431648254
357,0.33932074904441833
358,0.6625118255615234
359,0.30316054821014404
360,0.4182010889053345
361,0.4909232556819916
362,0.45967361330986023
363,0.43665391206741333
364,0.5589336156845093
365,0.1997687965631485
366,0.3835268020629883
367,0.7837204933166504
368,0.4213257431983948
369,0.3038487434387207
370,0.47683075070381165
371,0.35287946462631226
372,0.35405799746513367
373,0.2927285134792328
374,0.7421717643737793
375,0.4926198422908783
376,0.13740436732769012
377,0.6735758185386658
378,0.4445051848888397
379,0.10970380902290344
380,0.6504737734794617
381,0.5920761227607727
382,0.4168225824832916
383,0.3052426874637604
384,0.41307157278060913
385,0.40416136384010315
386,0.42136266827583313
387,0.49417728185653687
388,0.6608160734176636
389,0.2133234590291977
390,0.5368687510490417
391,0.12738201022148132
392,0.3161317706108093
393,0.324284166097641
394,0.5156873464584351
395,0.7024105787277222
396,0.2632818818092346
397,0.3884155750274658
398,0.602884829044342
399,0.46536368131637573
400,0.4220893085002899
401,0.16158467531204224
402,0.527962327003479
403,0.7110730409622192
404,0.05905073136091232
405,0.6777784824371338
406,0.5639646649360657
407,0.23737961053848267
408,0.4339897930622101
409,0.6238043904304504
410,0.41019028425216675
411,0.6534496545791626
412,0.3186131417751312
413,0.5044519305229187
414,0.6749132871627808
415,0.5676528811454773
416,0.23462191224098206
417,0.3205983340740204
418,0.2127773016691208
419,0.4245752692222595
420,0.6078137159347534
421,0.11869914829730988
422,0.3307685852050781
423,0.603549599647522
424,0.5626632571220398
425,0.6145576238632202
426,0.05080978572368622
427,0.7651452422142029
428,0.5605323910713196
429,0.25017228722572327
430,0.7002717852592468
431,0.30417418479919434
432,0.5825324654579163
433,0.6723642945289612
434,0.37101873755455017
435,0.32822543382644653
436,0.5804663896560669
437,0.4838681221008301
438,0.06525510549545288
439,0.40357786417007446
440,0.5588245391845703
441,0.4154573678970337
442,0.272215873003006
443,0.560488224029541
444,0.38027364015579224
445,0.527418851852417
446,0.23327289521694183
447,0.6876728534698486
448,0.39414966106414795
449,0.3369464874267578
450,0.3033748269081116
451,0.6268442273139954
452,0.606886088848114
453,0.4412926137447357
454,0.529137372970581
455,0.2927688658237457
456,0.31989601254463196
457,0.49704042077064514
458,0.5070466995239258
459,0.5481249690055847
460,0.7392378449440002
461,0.7127622365951538
462,0.40450912714004517
463,0.2682289183139801
464,0.4833942651748657
465,0.7920618653297424
466,0.4831070303916931
467,0.5264957547187805
468,0.3780535161495209
469,0.34099382162094116
470,0.32488715648651123
471,0.4982035160064697
472,0.4244578778743744
473,0.5592359304428101
474,0.707417368888855
475,0.408871591091156
476,0.36858636140823364
477,0.562413215637207
478,0.22055520117282867
479,0.6114298105239868
480,0.6167874932289124
481,0.4194222688674927
482,0.24888691306114197
483,0.7043469548225403
484,0.41713231801986694
485,0.22701460123062134
486,0.3891271948814392
487,0.36822882294654846
488,0.6534406542778015
489,0.6795326471328735
490,0.4516580402851105
491,0.3227747976779938
492,0.5559924244880676
493,0.32242992520332336
494,0.30352431535720825
495,0.44276517629623413
496,0.3892439007759094
497,0.34527823328971863
498,0.5097612142562866
499,0.5875474810600281
500,0.6442570090293884
501,0.5143191814422607
502,0.5800073742866516
503,0.5556837320327759
504,0.11357448995113373
505,0.4683741629123688
506,0.23349718749523163
507,0.621452808380127
508,0.4338987171649933
509,0.5739281177520752
510,0.3583768606185913
511,0.7410537600517273
512,0.7019332051277161
513,0.5984802842140198
514,0.6658867597579956
515,0.3393847942352295
516,0.4255349040031433
517,0.46163758635520935
518,0.15656672418117523
519,0.2907147705554962
520,0.2456284612417221
521,0.5269731879234314
522,0.15876688063144684
523,0.5520504713058472
524,0.6688418388366699
525,0.29143205285072327
526,0.17562198638916016
527,0.496669739484787
528,0.3543868064880371
529,0.44638022780418396
530,0.4226562976837158
531,0.5151422023773193
532,0.4741438627243042
533,0.4471622109413147
534,0.16786116361618042
535,0.28824853897094727
536,0.2885843813419342
537,0.1979917287826538
538,0.41744256019592285
539,0.36015287041664124
540,0.4061770737171173
541,0.40309518575668335
542,0.3314179480075836
543,0.5733749866485596
544,0.6059276461601257
545,0.437691330909729
546,0.5880808234214783
547,0.5008390545845032
548,0.6203978061676025
549,0.6080594062805176
550,0.6535689234733582
551,0.4308379888534546
552,0.34326642751693726
553,0.36906951665878296
554,0.3609435260295868
555,0.32412639260292053
556,0.4554416537284851
557,0.21119780838489532
558,0.4828352630138397
559,0.45362982153892517
560,0.3436715602874756
561,0.5127986073493958
562,0.31522515416145325
563,0.20028063654899597
564,0.5667929649353027
565,0.343689888715744
566,0.44648048281669617
567,0.665593147277832
568,0.5537020564079285
569,0.2500705122947693
570,0.24927935004234314
571,0.565969705581665
572,0.22071212530136108
573,0.4735322892665863
574,0.38491740822792053
575,0.6435285210609436
576,0.3742528259754181
577,0.41282668709754944
578,0.37149709463119507
579,0.3805595338344574
580,0.4865730106830597
581,0.6964215040206909
582,0.6122366189956665
583,0.566310703754425
584,0.4463631808757782
585,0.2701892554759979
586,0.057353321462869644
587,0.1659429669380188
588,0.5525803565979004
589,0.524678647518158
590,0.2610877752304077
591,0.5624866485595703
592,0.6608834862709045
593,0.3902502655982971
594,0.5280172824859619
595,0.5679692625999451
596,0.6061636805534363
597,0.14059577882289886
598,0.3957984447479248
599,0.631234884262085
600,0.37175047397613525
601,0.4571308195590973
602,0.47238174080848694
603,0.48719775676727295
604,0.8106042742729187
605,0.5671077370643616
606,0.35579952597618103
607,0.702381432056427
608,0.4325026571750641
609,0.23071348667144775
610,0.4364001154899597
611,-0.04841618239879608
612,0.46553102135658264
613,0.7960807085037231
614,0.5602229833602905
615,0.5793836116790771
616,0.44780105352401733
617,0.6331905126571655
618,0.44242894649505615
619,0.46405506134033203
620,0.30913615226745605
621,0.4881453514099121
622,0.4782995581626892
623,0.5487077832221985
624,0.6924683451652527
625,0.3006690740585327
626,0.44621527194976807
627,0.18008553981781006
628,0.48619866371154785
629,0.11627253144979477
630,0.3624959886074066
631,0.4757794141769409
632,0.5824087262153625
633,0.5630671381950378
634,0.4438886046409607
635,0.3423369824886322
636,0.5688453912734985
637,0.40919026732444763
638,0.43521007895469666
639,0.8072957992553711
640,0.3796180784702301
641,0.44297391176223755
642,0.5722576975822449
643,0.6768214106559753
644,0.4764782786369324
645,0.4928928017616272
646,0.5307289361953735
647,0.5821837782859802
648,0.24042001366615295
649,0.32176074385643005
650,0.2665415406227112
651,0.8853908181190491
652,0.6275168061256409
653,0.6556835174560547
654,0.5208727717399597
655,0.4207463562488556
656,0.36549675464630127
657,0.3178423345088959
658,0.00406427588313818
659,0.29753267765045166
660,0.5159210562705994
661,0.37781229615211487
662,0.5031663179397583
663,0.3635020852088928
664,0.6464467644691467
665,0.46526771783828735
666,0.5558863282203674
667,0.6488999724388123
668,0.4282723665237427
669,0.5483717322349548
670,0.5302117466926575
671,0.46218541264533997
672,0.3923112452030182
673,0.6398380994796753
674,0.37791141867637634
675,0.5624411702156067
676,0.5311536192893982
677,0.4920119643211365
678,0.548995316028595
679,0.2917933166027069
680,0.46118977665901184
681,0.601322591304779
682,0.5470507144927979
683,0.5788285732269287
684,0.2252730280160904
685,0.2965978980064392
686,0.6224395632743835
687,0.4812717139720917
688,0.41034284234046936
689,0.5054821968078613
690,0.26361119747161865
691,0.45920059084892273
692,0.4480590224266052
693,0.707008421421051
694,0.18111416697502136
695,0.4978058636188507
696,0.5515604019165039
697,0.4364780783653259
698,0.8242849707603455
699,0.5972052216529846
700,0.5805948376655579
701,0.4127524495124817
702,0.7218286991119385
703,0.2645317316055298
704,0.42833125591278076
705,0.1781393587589264
706,0.25556236505508423
707,0.3886111080646515
708,0.5749123096466064
709,0.31768718361854553
710,0.44230788946151733
711,0.2909896671772003
712,0.6226897835731506
713,0.002503695199266076
714,0.3132166862487793
715,0.4256207346916199
716,0.37901589274406433
717,0.3288542330265045
718,0.2349243313074112
719,0.6938732266426086
720,0.45519688725471497
721,0.6636675000190735
722,0.5614511966705322
723,0.5733181834220886
724,0.4624329209327698
725,0.3005221486091614
726,0.34011855721473694
727,0.5213820934295654
728,0.5992522239685059
729,0.5627776384353638
730,0.4960066080093384
731,0.5858724117279053
732,0.40195873379707336
733,0.4943266212940216
734,0.03773112595081329
735,0.3330894410610199
736,0.4842064380645752
737,0.43485143780708313
738,0.6311358213424683
739,0.01846514269709587
740,0.6051265001296997
741,0.4828091561794281
742,0.45105624198913574
743,0.5750471949577332
744,0.5816476345062256
745,0.34398797154426575
746,0.40844106674194336
747,0.7000828385353088
748,0.4025611877441406
749,0.3632475733757019
750,0.32998204231262207
751,0.44958141446113586
752,0.5221554636955261
753,0.4676267206668854
754,0.7814949154853821
755,0.6873695850372314
756,0.36759403347969055
757,0.5667245388031006
758,0.48529624938964844
759,0.5739741325378418
760,0.3556566834449768
761,0.4173063039779663
762,0.6948614120483398
763,0.28444772958755493
764,0.3277072012424469
765,0.3930058777332306
766,0.6108858585357666
767,0.5596674680709839
768,0.4818076491355896
769,0.649689793586731
770,0.7895988821983337
771,0.0854213684797287
772,0.4741446077823639
773,0.5342769622802734
774,0.5722047686576843
775,0.33767417073249817
776,0.5321791768074036
777,0.4757061302661896
778,0.53910231590271
779,0.47091230750083923
780,0.5785307288169861
781,0.5410580039024353
782,0.6407092213630676
783,0.2242039144039154
784,0.27779650688171387
785,0.22705496847629547
786,0.5442861318588257
787,0.5167007446289062
788,0.5883446931838989
789,0.43293941020965576
790,0.31557878851890564
791,0.7575231790542603
792,0.5216743350028992
793,0.5582600831985474
794,0.5798597931861877
795,0.6420050859451294
796,0.41031065583229065
797,0.3198416531085968
798,0.5059717893600464
799,0.7743092179298401
800,0.18694819509983063
801,0.2748775780200958
802,0.49883508682250977
803,0.5978435277938843
804,0.47129157185554504
805,0.5032123327255249
806,0.4539479911327362
807,0.06575529277324677
808,0.4928550124168396
809,0.34725499153137207
810,0.43971824645996094
811,0.5584999918937683
812,0.526593029499054
813,0.8214827179908752
814,0.44468602538108826
815,0.3822914958000183
816,0.8041133284568787
817,0.5888749361038208
818,0.38837626576423645
819,0.4102453589439392
820,0.4150267243385315
821,0.5574572086334229
822,0.49478471279144287
823,0.5348016619682312
824,0.5395979285240173
825,0.37483444809913635
826,0.34127670526504517
827,0.47278252243995667
828,0.511604905128479
829,0.47676339745521545
830,0.4384664297103882
831,0.5682063102722168
832,0.407511830329895
833,0.4242205023765564
834,0.4919699430465698
835,0.562143087387085
836,0.34357529878616333
837,0.6385976672172546
838,0.40828049182891846
839,0.31791171431541443
840,0.3424724042415619
841,0.49969035387039185
842,0.6175057888031006
843,0.3669028878211975
844,0.173972025513649
845,0.4902820587158203
846,0.575919508934021
847,0.7139074802398682
848,0.47168296575546265
849,0.25702619552612305
850,0.8879374861717224
851,0.5780120491981506
852,0.4266193211078644
853,0.7396536469459534
854,0.5383164882659912
855,0.5560900568962097
856,0.5566909313201904
857,0.5595110058784485
858,0.30209264159202576
859,0.35472938418388367
860,0.5539617538452148
861,0.7161334156990051
862,0.6742604374885559
863,0.6628367900848389
864,0.42825770378112793
865,0.544522762298584
866,0.40759533643722534
867,0.23251506686210632
868,0.5064614415168762
869,0.5815853476524353
870,0.2420220822095871
871,0.45338883996009827
872,0.44849181175231934
873,0.4292348325252533
874,0.5197756290435791
875,0.27959513664245605
876,0.2715359926223755
877,0.5348083972930908
878,0.729661226272583
879,0.3047214150428772
880,0.41484755277633667
881,0.6554754376411438
882,0.4428698420524597
883,0.5727276802062988
884,0.5592252612113953
885,0.4733259975910187
886,0.2168498933315277
887,0.5093655586242676
888,0.38518026471138
889,0.5839305520057678
890,0.46286699175834656
891,0.5044469237327576
892,0.31022629141807556
893,0.49572446942329407
894,0.5442588925361633
895,0.6714985370635986
896,0.05491625890135765
897,0.40171146392822266
898,0.38122689723968506
899,0.5711135864257812
900,0.5468382239341736
901,0.49244314432144165
902,0.5155587196350098
903,0.5877705216407776
904,0.2504819333553314
905,0.6218973398208618
906,0.3100283741950989
907,0.31559038162231445
908,0.18018952012062073
909,0.5526916980743408
910,0.4300370514392853
911,0.24389277398586273
912,0.23510552942752838
913,0.015147912316024303
914,0.7038536667823792
915,0.6087037324905396
916,0.16550613939762115
917,0.47491705417633057
918,0.6468197107315063
919,0.5461865663528442
920,0.5023276805877686
921,0.6393399834632874
922,0.2425370067358017
923,0.551219642162323
924,0.3933858871459961
925,0.3782864212989807
926,0.5298912525177002
927,0.17038382589817047
928,0.5670576691627502
929,0.155844584107399
930,0.25394394993782043
931,0.26644137501716614
932,0.10374309122562408
933,0.33878979086875916
934,0.43026003241539
935,0.739480197429657
936,0.5024622678756714
937,0.6825000047683716
938,0.1300671100616455
939,0.31657636165618896
940,0.4542261064052582
941,0.16655153036117554
942,0.599297285079956
943,0.5383948683738708
944,0.3945405185222626
945,0.3070008456707001
946,0.3080187737941742
947,0.5234475135803223
948,0.6194498538970947
949,0.6604858040809631
950,0.4123324155807495
951,0.5167364478111267
952,0.11944580078125
953,0.361080139875412
954,0.544670045375824
955,0.5608080625534058
956,0.5007607340812683
957,0.4373285472393036
958,0.5031577348709106
959,0.17616254091262817
960,0.43237292766571045
961,0.17151421308517456
962,0.5106008648872375
963,0.5261127352714539
964,0.23879379034042358
965,0.7628924250602722
966,0.7327617406845093
967,0.04973640292882919
968,0.6141843795776367
969,0.49020013213157654
970,0.5867775678634644
971,0.3351033627986908
972,0.40042564272880554
973,0.17111344635486603
974,0.22280055284500122
975,0.8968610167503357
976,0.6513123512268066
977,0.4195546507835388
978,0.32660001516342163
979,0.5584617257118225
980,0.6086719036102295
981,0.6899179220199585
982,0.2886338233947754
983,0.16111181676387787
984,0.3926912248134613
985,0.3795982897281647
986,0.3785426914691925
987,0.336184561252594
988,0.4647582769393921
989,0.4387003481388092
990,0.5507097244262695
991,0.31591805815696716
992,0.2769397795200348
993,0.34792575240135193
994,0.3878569006919861
995,0.3870839476585388
996,0.2568483054637909
997,0.5380138754844666
998,0.22204352915287018
999,0.443363755941391
1000,0.28820815682411194
1001,0.2853923738002777
1002,0.6882750988006592
1003,0.4970160722732544
1004,0.254811555147171
1005,0.41296353936195374
1006,0.47555723786354065
1007,0.5565111041069031
1008,0.5163980722427368
1009,0.4881393611431122
1010,0.5417746901512146
1011,0.6304135322570801
1012,0.6312805414199829
1013,0.6889966130256653
1014,0.4378361999988556
1015,0.5387656688690186
1016,0.1974351555109024
1017,0.4353903830051422
1018,0.3236924707889557
1019,0.26506587862968445
1020,0.38085421919822693
1021,0.41745513677597046
1022,0.5125256180763245
1023,0.5339486002922058
1024,0.592868447303772
1025,0.7392658591270447
1026,0.23884396255016327
1027,0.6057338714599609
1028,0.50893634557724
1029,0.4376162588596344
1030,0.3110313415527344
1031,0.6130627989768982
1032,0.3914829194545746
1033,0.34351465106010437
1034,0.23936279118061066
1035,0.44821619987487793
1036,0.362234890460968
1037,0.510237991809845
1038,0.2765471637248993
1039,0.49965623021125793
1040,0.669108510017395
1041,0.25690722465515137
1042,0.44580093026161194
1043,0.39264923334121704
1044,0.39972585439682007
1045,0.4310648739337921
1046,0.36792948842048645
1047,0.5788291096687317
1048,0.438560426235199
1049,0.1026548370718956
1050,0.5632769465446472
1051,0.6347470283508301
1052,0.6163570880889893
1053,0.43876221776008606
1054,0.2809425890445709
1055,0.18644186854362488
1056,0.43466928601264954
1057,0.29682737588882446
1058,0.5297926664352417
1059,0.5157710313796997
1060,0.2904874086380005
1061,0.059859421104192734
1062,0.6185024976730347
1063,0.5675448179244995
1064,0.16799797117710114
1065,0.6239032745361328
1066,0.4551630914211273
1067,0.14213937520980835
1068,0.6574183106422424
1069,0.503970742225647
1070,0.2944592535495758
1071,0.6937171816825867
1072,0.1475149244070053
1073,0.42337173223495483
1074,0.22435665130615234
1075,0.46069639921188354
1076,0.5794767141342163
1077,0.41931959986686707
1078,0.20682592689990997
1079,0.5626682043075562
1080,0.51886385679245
1081,0.2818235456943512
1082,0.45026805996894836
1083,0.4590197205543518
1084,0.5015657544136047
1085,0.2431856393814087
1086,0.25186634063720703
1087,0.33688172698020935
1088,0.15987086296081543
1089,0.68301922082901
1090,0.5002312064170837
1091,0.3462258577346802
1092,0.3568499982357025
1093,0.6111894249916077
1094,0.7202070951461792
1095,0.7220296859741211
1096,0.12644830346107483
1097,0.4863624572753906
1098,0.3586767315864563
1099,0.5915402173995972
1100,0.4311057925224304
1101,0.247963085770607
1102,0.422248512506485
1103,0.39622315764427185
1104,0.5180062651634216
1105,0.35373568534851074
1106,0.468082994222641
1107,0.32648271322250366
1108,0.482745885848999
1109,0.476812481880188
1110,0.4749315679073334
1111,0.4555463194847107
1112,0.5377582907676697
1113,0.5419707298278809
1114,0.40985187888145447
1115,0.5900934338569641
1116,0.2530536353588104
1117,0.46007436513900757
1118,0.4784829020500183
1119,0.4593576490879059
1120,0.44735509157180786
1121,0.46155405044555664
1122,0.5929418206214905
1123,0.8864783048629761
1124,0.11333572119474411
1125,0.5201932787895203
1126,0.40542474389076233
1127,0.7321392297744751
1128,0.5026068091392517
1129,0.1976826786994934
1130,0.38587135076522827
1131,0.5289862155914307
1132,0.4974493980407715
1133,0.1905926913022995
1134,0.33478015661239624
1135,0.5573015213012695
1136,0.5527929067611694
1137,0.4789138734340668
1138,0.6042042970657349
1139,0.21955740451812744
1140,0.16743814945220947
1141,0.3947117328643799
1142,0.5740743279457092
1143,0.5270050168037415
1144,0.46732252836227417
1145,0.2956554889678955
1146,0.3895408511161804
1147,0.44463035464286804
1148,0.6127837300300598
1149,0.5604263544082642
1150,0.5462647676467896
1151,0.42206570506095886
1152,0.295037180185318
1153,0.5632388591766357
1154,0.7007846236228943
1155,0.4017655551433563
1156,0.47219952940940857
1157,0.4438173472881317
1158,0.21949350833892822
1159,0.21723075211048126
1160,0.30197224020957947
1161,0.6704233288764954
1162,0.5846210718154907
1163,0.4446694850921631
1164,0.4196518063545227
1165,0.5368948578834534
1166,0.49362948536872864
1167,0.7181370258331299
1168,0.5459067225456238
1169,0.35681989789009094
1170,0.5353299379348755
1171,0.600501537322998
1172,0.3469814658164978
1173,0.61418616771698
1174,0.30099567770957947
1175,0.1782245635986328
1176,0.1922810971736908
1177,0.4651632308959961
1178,0.7240481972694397
1179,0.48978474736213684
1180,0.2994328737258911
1181,0.1357923299074173
1182,0.35924458503723145
1183,0.843252956867218
1184,0.4051838517189026
1185,0.33528950810432434
1186,0.22785335779190063
1187,0.6633118391036987
1188,0.46382343769073486
1189,0.40465685725212097
1190,0.533237636089325
1191,0.4399275779724121
1192,0.6406819224357605
1193,0.17251038551330566
1194,0.5005916357040405
1195,0.5847775340080261
1196,0.6086872220039368
1197,0.41858842968940735
1198,0.3833039700984955
1199,0.8025715351104736
1200,0.2109760046005249
1201,0.2066296935081482
1202,0.5552317500114441
1203,0.3388611972332001
1204,0.275584876537323
1205,0.37272411584854126
1206,0.49893680214881897
1207,0.7945902943611145
1208,0.4935707151889801
1209,0.4455063045024872
1210,0.3924557566642761
1211,0.19120530784130096
1212,-0.01644803024828434
1213,0.39693811535835266
1214,0.6074948906898499
1215,0.4594341814517975
1216,0.33029088377952576
1217,0.6518580913543701
1218,0.1700076013803482
1219,0.4216257333755493
1220,0.48747512698173523
1221,0.339169979095459
1222,0.5416998863220215
1223,0.4319206178188324
1224,0.6534650325775146
1225,0.3189082145690918
1226,0.19967681169509888
1227,0.29187652468681335
1228,0.4758248031139374
1229,0.4048892855644226
1230,0.38273516297340393
1231,0.5798731446266174
1232,0.6301110982894897
1233,0.6564716100692749
1234,0.3626464605331421
1235,0.22853241860866547
1236,0.40587955713272095
1237,0.5243337750434875
1238,0.38342806696891785
1239,0.6650590300559998
1240,0.2448291778564453
1241,0.43153372406959534
1242,0.7029045820236206
1243,0.6713795065879822
1244,0.31572091579437256
1245,0.5209442973136902
1246,0.4262442886829376
1247,0.27527955174446106
1248,0.5087934732437134
1249,0.20435580611228943
1250,0.20959073305130005
1251,0.4656975269317627
1252,0.4893137514591217
1253,0.4314037561416626
1254,0.5086507797241211
1255,0.3836166560649872
1256,0.5806871056556702
1257,0.3402518332004547
1258,0.5911769866943359
1259,0.45515164732933044
1260,0.2288479059934616
1261,0.4618603587150574
1262,0.4479966163635254
1263,0.5047916173934937
1264,0.022728553041815758
1265,0.5046473145484924
1266,0.4804207384586334
1267,0.5356737375259399
1268,0.30509305000305176
1269,0.30346906185150146
1270,0.48238658905029297
1271,0.5365968942642212
1272,0.47223636507987976
1273,0.4193822145462036
1274,0.4171518385410309
1275,0.6416685581207275
1276,0.6357680559158325
1277,0.5380237102508545
1278,0.4263852536678314
1279,0.6780305504798889
1280,0.7091121077537537
1281,0.5285618901252747
1282,0.668693482875824
1283,0.2898506224155426
1284,0.33248618245124817
1285,0.3254605531692505
1286,0.514624834060669
1287,-0.1058933287858963
1288,0.26097986102104187
1289,0.6224269270896912
1290,0.33863383531570435
1291,0.49507007002830505
1292,0.3867730498313904
1293,0.12202610075473785
1294,0.45183128118515015
1295,0.07053393870592117
1296,0.6092078685760498
1297,0.23468784987926483
1298,0.38983964920043945
1299,0.58332759141922
1300,0.7258215546607971
1301,0.3758777379989624
1302,0.6140066385269165
1303,0.615928053855896
1304,0.4877842664718628
1305,0.5486047267913818
1306,0.13680191338062286
1307,0.5140506625175476
1308,0.4095895290374756
1309,0.42808037996292114
1310,0.3210775852203369
1311,0.6662290096282959
1312,0.5318636298179626
1313,0.6902814507484436
1314,0.548433244228363
1315,0.24850820004940033
1316,0.5663153529167175
1317,0.3342900574207306
1318,0.5278661251068115
1319,0.38700178265571594
1320,0.510471761226654
1321,0.21059079468250275
1322,0.6013534069061279
1323,0.13333919644355774
1324,0.24380327761173248
1325,0.22865872085094452
1326,0.33980584144592285
1327,0.49671489000320435
1328,0.42124074697494507
1329,0.23767513036727905
1330,0.3857758641242981
1331,0.45417654514312744
1332,0.2889510989189148
1333,0.4362589418888092
1334,0.4528299570083618
1335,0.3498121201992035
1336,0.4216616749763489
1337,0.41976356506347656
1338,0.28395846486091614
1339,0.41493651270866394
1340,0.31359055638313293
1341,0.3551894426345825
1342,0.42213675379753113
1343,0.7829180955886841
1344,0.2556939423084259
1345,0.6233624815940857
1346,0.5252608060836792
1347,0.4983242154121399
1348,0.4315052330493927
1349,0.5829938054084778
1350,0.3183135390281677
1351,0.37686440348625183
1352,0.4162401258945465
1353,0.5364146828651428
1354,0.36234310269355774
1355,0.4933561682701111
1356,0.5462213754653931
1357,0.29249170422554016
1358,0.26553893089294434
1359,0.3601242005825043
1360,0.4475618600845337
1361,0.7244687080383301
1362,0.37318068742752075
1363,0.305067241191864
1364,0.5823151469230652
1365,0.5712636113166809
1366,0.59773850440979
1367,0.291581928730011
1368,0.19617269933223724
1369,0.2805708646774292
1370,0.3966217637062073
1371,0.45029976963996887
1372,0.4389052987098694
1373,0.3606157600879669
1374,0.29583635926246643
1375,0.34468957781791687
1376,0.5680915713310242
1377,0.3762377202510834
1378,0.19269782304763794
1379,0.5086959600448608
1380,0.1044108122587204
1381,0.5011357665061951
1382,0.6962943077087402
1383,0.16230054199695587
1384,0.38957130908966064
1385,0.31857120990753174
1386,0.2969681918621063
1387,0.5450296401977539
1388,0.4726368188858032
1389,0.1958090215921402
1390,0.190022274851799
1391,0.24725253880023956
1392,0.298056423664093
1393,0.624335527420044
1394,0.3993636667728424
1395,0.3943844437599182
1396,0.6727757453918457
1397,0.48882898688316345
1398,0.7598341703414917
1399,0.31961482763290405
1400,0.5403500199317932
1401,0.48295021057128906
1402,0.2167115956544876
1403,0.5340819358825684
1404,0.3100064694881439
1405,0.18053987622261047
1406,0.6336569786071777
1407,0.5929592847824097
1408,0.2313254028558731
1409,0.42044052481651306
1410,0.5215868353843689
1411,0.5273542404174805
1412,0.6225131750106812
1413,0.1514407843351364
1414,0.3247203230857849
1415,0.632651150226593
1416,0.5914600491523743
1417,0.23385630548000336
1418,0.8467156887054443
1419,0.5110028982162476
1420,0.7367990612983704
1421,0.32505300641059875
1422,0.6830689907073975
1423,0.41852396726608276
1424,0.16946646571159363
1425,0.584352433681488
1426,0.4557858109474182
1427,0.48521849513053894
1428,0.3212640881538391
1429,0.6571106314659119
1430,0.32248714566230774
1431,0.43472176790237427
1432,0.27063092589378357
1433,0.39252135157585144
1434,0.3761707842350006
1435,0.38827237486839294
1436,0.43745920062065125
1437,0.33690163493156433
1438,0.09487626701593399
1439,0.15204231441020966
1440,0.53579181432724
1441,0.35488569736480713
1442,0.2957276999950409
1443,0.3247225880622864
1444,0.557027280330658
1445,0.12913788855075836
1446,0.5006456971168518
1447,0.7675755023956299
1448,0.4362693428993225
1449,0.5645096898078918
1450,0.33598360419273376
1451,0.21766874194145203
1452,0.14648917317390442
1453,0.17462590336799622
1454,0.5008150339126587
1455,0.26820993423461914
1456,0.6408020853996277
1457,0.6687742471694946
1458,0.27345824241638184
1459,0.3469526469707489
1460,0.7049047946929932
1461,0.49430525302886963
1462,0.27160871028900146
1463,0.5807359218597412
1464,0.5195745229721069
1465,0.43692925572395325
1466,0.36474743485450745
1467,0.4822811484336853
1468,0.23606234788894653
1469,0.41433268785476685
1470,0.48755550384521484
1471,0.3476390540599823
1472,0.09982487559318542
1473,0.4416254162788391
1474,0.3618881404399872
1475,0.5002562403678894
1476,0.36917680501937866
1477,0.5484519004821777
1478,0.39247503876686096
1479,0.5887704491615295
1480,0.5161975026130676
1481,0.5957947969436646
1482,0.47982707619667053
1483,0.3139756917953491
1484,0.7979524731636047
1485,0.5101245641708374
1486,0.3138467073440552
1487,0.24909542500972748
1488,0.38070806860923767
1489,0.3624758720397949
1490,0.7638320922851562
1491,0.518354594707489
1492,0.20687727630138397
1493,0.4287603795528412
1494,0.5720012187957764
1495,0.49686652421951294
1496,0.5427162647247314
1497,0.3848039507865906
1498,0.18714801967144012
1499,0.44616690278053284
1500,0.28404444456100464
1501,0.3539063036441803
1502,0.6130756139755249
1503,0.541872501373291
1504,0.176303431391716
1505,0.4112793803215027
1506,0.237171933054924
1507,0.47462499141693115
1508,0.4030487537384033
1509,0.3842441141605377
1510,0.3664492070674896
1511,0.40317025780677795
1512,0.5770074725151062
1513,0.33425432443618774
1514,0.49408382177352905
1515,0.4518093168735504
1516,0.5356928110122681
1517,0.039476796984672546
1518,0.24428889155387878
1519,0.45982855558395386
1520,0.6196358799934387
1521,0.4709850549697876
1522,0.7431294322013855
1523,0.05862012878060341
1524,0.38006529211997986
1525,0.5286180377006531
1526,0.1814538836479187
1527,0.5269543528556824
1528,0.37105387449264526
1529,0.28979751467704773
1530,0.5500321984291077
1531,0.48110315203666687
1532,0.4427388608455658
1533,0.24602943658828735
1534,0.1787310093641281
1535,0.3905177712440491
1536,0.47590309381484985
1537,0.28050607442855835
1538,0.4733560085296631
1539,0.22849397361278534
1540,0.6323732733726501
1541,0.37465527653694153
1542,0.2764195501804352
1543,0.519774317741394
1544,0.33702823519706726
1545,0.4579222500324249
1546,0.4572146534919739
1547,0.3282865881919861
1548,0.2497631013393402
1549,0.23974205553531647
1550,0.4926762580871582
1551,0.4581177532672882
1552,0.47605982422828674
1553,0.5506595969200134
1554,0.38780489563941956
1555,0.3688819706439972
1556,0.4842550456523895
1557,0.4719645082950592
1558,0.527193546295166
1559,0.23443184792995453
1560,0.6892849206924438
1561,0.2230713963508606
1562,0.6525585651397705
1563,0.322268545627594
1564,0.4284333288669586
1565,0.28071725368499756
1566,0.2934645414352417
1567,0.3969958424568176
1568,0.5287570953369141
1569,0.35073524713516235
1570,0.6354861259460449
1571,0.5022369027137756
1572,0.3244783282279968
1573,0.26425737142562866
1574,0.45352837443351746
1575,0.2736891806125641
1576,0.39373382925987244
1577,0.5469532608985901
1578,0.45204958319664
1579,0.1887187957763672
1580,0.3114110231399536
1581,0.4615762233734131
1582,0.3591648042201996
1583,0.4030710458755493
1584,0.6481852531433105
1585,0.8516737222671509
1586,0.46308639645576477
1587,0.6655619144439697
1588,0.7636774182319641
1589,0.4199307858943939
1590,0.4884195029735565
1591,0.2728027105331421
1592,0.43195295333862305
1593,0.3414732813835144
1594,0.2277708351612091
1595,0.39312297105789185
1596,0.4663603901863098
1597,0.44344860315322876
1598,0.4765130877494812
1599,0.4746592938899994
1600,0.44512906670570374
1601,0.4239181876182556
1602,0.5052053928375244
1603,0.23511454463005066
1604,0.2219424694776535
1605,0.478254109621048
1606,0.4397852420806885
1607,0.5134326815605164
1608,0.21648360788822174
1609,0.46998336911201477
1610,0.74995356798172
1611,0.5092207193374634
1612,0.4519434869289398
1613,0.22569432854652405
1614,0.5974367260932922
1615,0.5961613655090332
1616,0.561770498752594
1617,0.38025927543640137
1618,0.4120458960533142
1619,0.3201027512550354
1620,0.3612217307090759
1621,0.5139052271842957
1622,0.4130553603172302
1623,0.5183523297309875
1624,0.5496304631233215
1625,0.43462812900543213
1626,0.6245309114456177
1627,0.880986750125885
1628,0.5163966417312622
1629,0.7115172147750854
1630,0.621068000793457
1631,0.28327804803848267
1632,0.40492886304855347
1633,0.6163490414619446
1634,0.7728335857391357
1635,0.526092529296875
1636,0.32363006472587585
1637,0.3932850658893585
1638,0.3760453760623932
1639,0.7442944049835205
1640,0.2364359349012375
1641,0.4283921420574188
1642,0.426439106464386
1643,0.5338382720947266
1644,0.4418589472770691
1645,0.3601331114768982
1646,0.06772605329751968
1647,0.6756934523582458
1648,0.2805207073688507
1649,0.5214152932167053
1650,0.12564802169799805
1651,0.23075518012046814
1652,0.41826045513153076
1653,0.5686700940132141
1654,0.5421343445777893
1655,0.47634750604629517
1656,0.5389807820320129
1657,0.562145471572876
1658,0.6157501935958862
1659,0.43184295296669006
1660,0.5808472037315369
1661,0.3080389201641083
1662,0.5163742303848267
1663,0.24442031979560852
1664,0.40594616532325745
1665,0.2132846564054489
1666,0.6620760560035706
1667,0.35650771856307983
1668,0.43108996748924255
1669,0.5423772931098938
1670,0.7295848727226257
1671,0.4987404942512512
1672,0.5118504762649536
1673,0.16414597630500793
1674,0.5763217806816101
1675,0.4878409802913666
1676,0.30117785930633545
1677,0.6755402684211731
1678,0.24478653073310852
1679,0.582589328289032
1680,0.49531289935112
1681,0.41480016708374023
1682,0.4492334723472595
1683,0.3772946298122406
1684,0.7390751242637634
1685,0.3181716203689575
1686,0.612631618976593
1687,0.26576757431030273
1688,0.2517220079898834
1689,0.15491174161434174
1690,0.6093572974205017
1691,0.6628482937812805
1692,0.3540972173213959
1693,0.7217039465904236
1694,0.6770806312561035
1695,0.3209874629974365
1696,0.6198406219482422
1697,0.44548299908638
1698,0.18110589683055878
1699,0.5133915543556213
1700,0.5687331557273865
1701,0.38994020223617554
1702,0.6654541492462158
1703,0.4504486620426178
1704,0.5362980961799622
1705,0.509301483631134
1706,0.49960124492645264
1707,0.4737844467163086
1708,0.7008772492408752
1709,0.5480452179908752
1710,0.12400750070810318
1711,0.7163583636283875
1712,0.534812867641449
1713,0.3100239932537079
1714,0.3805058002471924
1715,0.09130240976810455
1716,0.6556323170661926
1717,0.5125243663787842
1718,0.2818054258823395
1719,0.2381589412689209
1720,0.20977629721164703
1721,0.3087606132030487
1722,0.4785598814487457
1723,0.564724326133728
1724,0.31319427490234375
1725,0.24813343584537506
1726,-0.025951890274882317
1727,0.15274518728256226
1728,0.32589638233184814
1729,0.46632516384124756
1730,0.36791765689849854
1731,0.3833571970462799
1732,0.4251170754432678
1733,0.39414334297180176
1734,0.7151927947998047
1735,0.2882842719554901
1736,0.13567852973937988
1737,0.2380877435207367
1738,0.4271313548088074
1739,0.10952701419591904
1740,0.32834044098854065
1741,0.19828835129737854
1742,0.25763562321662903
1743,0.23059651255607605
1744,0.049216464161872864
1745,0.5692377686500549
1746,0.2879989743232727
1747,0.4522375762462616
1748,0.27379944920539856
1749,0.34011390805244446
1750,0.4461129903793335
1751,0.4189368188381195
1752,0.7637081146240234
1753,0.37720388174057007
1754,0.6504267454147339
1755,0.07127558439970016
1756,0.5474143028259277
1757,0.2689243257045746
1758,0.6481692790985107
1759,0.3711432218551636
1760,0.5910500288009644
1761,0.41571006178855896
1762,0.39135587215423584
1763,0.5997291207313538
1764,0.3631838858127594
1765,0.5204640626907349
1766,0.3795545995235443
1767,0.5193092823028564
1768,0.6241430640220642
1769,0.3597673177719116
1770,0.6543313264846802
1771,0.46781250834465027
1772,0.5195625424385071
1773,0.4642375707626343
1774,0.5408387780189514
1775,0.32286936044692993
1776,0.3799304962158203
1777,0.33210673928260803
1778,0.5184211730957031
1779,0.754980742931366
1780,0.42105504870414734
1781,0.39390572905540466
1782,0.4096572697162628
1783,0.2763803005218506
1784,0.4623914957046509
1785,0.5504761934280396
1786,0.7664639949798584
1787,0.37382078170776367
1788,0.39600011706352234
1789,0.6004273295402527
1790,0.6205491423606873
1791,0.5671197175979614
1792,0.44924691319465637
1793,0.46503037214279175
1794,0.4581667184829712
1795,0.3467123210430145
1796,0.3678588271141052
1797,0.2017832249403
1798,0.5457710027694702
1799,0.5014830827713013
1800,0.3684777319431305
1801,0.5952281951904297
1802,0.5868645906448364
1803,0.5109399557113647
1804,0.4379594326019287
1805,0.5987714529037476
1806,0.4663660526275635
1807,0.1680804044008255
1808,0.44513848423957825
1809,0.4758262038230896
1810,0.3180158734321594
1811,0.42189306020736694
1812,0.4964641034603119
1813,0.3308345675468445
1814,0.591460645198822
1815,0.43107110261917114
1816,0.34456172585487366
1817,0.5302477478981018
1818,0.5275402069091797
1819,0.5122430324554443
1820,0.6003621220588684
1821,0.3479832112789154
1822,0.4999501407146454
1823,0.3006787896156311
1824,0.5534673929214478
1825,0.5414917469024658
1826,0.5938272476196289
1827,0.4985322952270508
1828,0.7217011451721191
1829,0.4804674983024597
1830,0.2740105092525482
1831,0.3334645926952362
1832,0.14674362540245056
1833,0.3006906509399414
1834,0.38084733486175537
1835,0.32252633571624756
1836,0.48254942893981934
1837,0.405388742685318
1838,0.6119862794876099
1839,0.5713918805122375
1840,0.15596622228622437
1841,0.2781670391559601
1842,0.5533772110939026
1843,0.46976837515830994
1844,0.7000793218612671
1845,0.29728594422340393
1846,-0.050446949899196625
1847,0.534305989742279
1848,0.430727481842041
1849,0.5742502808570862
1850,0.4360557198524475
1851,0.48035722970962524
1852,0.5449337363243103
1853,0.33639198541641235
1854,0.2730231285095215
1855,0.19288302958011627
1856,0.36614274978637695
1857,0.8500293493270874
1858,0.2928905189037323
1859,0.4344395101070404
1860,0.5512082576751709
1861,0.03333139792084694
1862,0.36664244532585144
1863,0.262105256319046
1864,0.48925015330314636
1865,0.7022916078567505
1866,0.6873454451560974
1867,0.5842767953872681
1868,0.2722623944282532
1869,0.5125251412391663
1870,0.5094651579856873
1871,0.4727877378463745
1872,0.5357134342193604
1873,0.5591511130332947
1874,0.20740465819835663
1875,0.42591142654418945
1876,0.5632575750350952
1877,0.6058413982391357
1878,0.7472938299179077
1879,0.6120699048042297
1880,0.4386259913444519
1881,0.6469300389289856
1882,0.47491663694381714
1883,0.6389828324317932
1884,0.3683364689350128
1885,0.365095853805542
1886,0.421162486076355
1887,0.42617371678352356
1888,0.3087092936038971
1889,0.5489886999130249
1890,0.1451783925294876
1891,0.644339382648468
1892,0.4688756465911865
1893,0.4363042116165161
1894,0.7248021364212036
1895,0.530904233455658
1896,0.275562584400177
1897,0.37468358874320984
1898,0.8196885585784912
1899,0.36744967103004456
1900,0.23888836801052094
1901,0.6914895176887512
1902,0.29614824056625366
1903,0.43337762355804443
1904,0.23831547796726227
1905,0.04372192174196243
1906,0.5661056041717529
1907,0.3205672800540924
1908,0.38805368542671204
1909,0.44874927401542664
1910,0.4643011689186096
1911,0.4631809890270233
1912,0.4444127082824707
1913,0.4194066822528839
1914,0.206438347697258
1915,0.8001347780227661
1916,0.31975144147872925
1917,0.14878502488136292
1918,0.2819008529186249
1919,0.25041961669921875
1920,0.5350744128227234
1921,0.53022700548172
1922,0.5913649797439575
1923,0.2152423858642578
1924,0.4092649221420288
1925,0.4696417450904846
1926,0.33040979504585266
1927,0.5023501515388489
1928,0.43055492639541626
1929,0.501542329788208
1930,0.46408727765083313
1931,0.10641854256391525
1932,0.5074281692504883
1933,0.5047457218170166
1934,0.49780794978141785
1935,0.33968105912208557
1936,0.7147987484931946
1937,0.49422338604927063
1938,0.5129857063293457
1939,0.6747491955757141
1940,0.6053759455680847
1941,0.46982231736183167
1942,0.42671093344688416
1943,0.2138018161058426
1944,0.43460166454315186
1945,0.446860671043396
1946,0.19783706963062286
1947,0.475480318069458
1948,0.32256177067756653
1949,0.5883822441101074
1950,0.44980835914611816
1951,0.5860306620597839
1952,0.30290767550468445
1953,0.3915627598762512
1954,0.506155788898468
1955,0.45069679617881775
1956,0.10658469051122665
1957,0.3973401188850403
1958,0.24869154393672943
1959,0.636337399482727
1960,0.5505636930465698
1961,0.4772317409515381
1962,0.02227858453989029
1963,0.28689128160476685
1964,0.2601455748081207
1965,0.6526273488998413
1966,0.4660668671131134
1967,0.2644852101802826
1968,0.6031767725944519
1969,0.3149043023586273
1970,0.8044492602348328
1971,0.3650921881198883
1972,0.6782102584838867
1973,0.438233345746994
1974,0.2015417218208313
1975,0.5621585845947266
1976,0.4118240177631378
1977,0.6325535774230957
1978,0.5534730553627014
1979,0.3520400822162628
1980,0.7282472252845764
1981,0.218205064535141
1982,0.4569707214832306
1983,0.6486942768096924
1984,0.5019146800041199
1985,0.3187156617641449
1986,0.14142993092536926
1987,0.49002358317375183
1988,0.45383909344673157
1989,0.450263112783432
1990,0.15881597995758057
1991,0.4411650002002716
1992,0.6701514720916748
1993,0.6579245924949646
1994,0.5062211751937866
1995,0.43915191292762756
1996,0.46723902225494385
1997,0.4061037003993988
1998,0.23293974995613098
1999,0.5943106412887573
2000,0.4547358453273773
2001,0.6078419089317322
2002,0.2887656092643738
2003,0.6026255488395691
2004,0.27428531646728516
2005,0.4422330856323242
2006,0.6333139538764954
2007,0.4694821238517761
2008,0.6184301972389221
2009,0.339517205953598
2010,0.64581698179245
2011,0.6337639093399048
2012,0.4320774972438812
2013,0.531010627746582
2014,0.5400541424751282
2015,0.4942238926887512
2016,0.6586130261421204
2017,0.6251577138900757
2018,0.3854561150074005
2019,0.34933382272720337
2020,0.17256814241409302
2021,0.37984979152679443
2022,0.3438166081905365
2023,0.40975049138069153
2024,0.31390437483787537
2025,0.4184388816356659
2026,0.5063297748565674
2027,0.6669937968254089
2028,0.3150613605976105
2029,0.6333522796630859
2030,0.4326021373271942
2031,0.5100077390670776
2032,0.5378711819648743
2033,0.4741320312023163
2034,0.2811550498008728
2035,0.5988883376121521
2036,0.26844000816345215
2037,0.35820502042770386
2038,0.6283373236656189
2039,0.36835816502571106
2040,0.29351145029067993
2041,0.5190256237983704
2042,0.35620492696762085
2043,0.05411705747246742
2044,0.4853426218032837
2045,0.32904061675071716
2046,0.3767341375350952
2047,0.4866448938846588
2048,0.587095320224762
2049,0.19498318433761597
2050,0.4188627302646637
2051,0.525472104549408
2052,0.6163627505302429
2053,0.5107399821281433
2054,0.37215837836265564
2055,0.5288997292518616
2056,0.42891407012939453
2057,0.4358443319797516
2058,0.605057954788208
2059,0.7242830991744995
2060,0.32641831040382385
2061,0.8461381793022156
2062,0.6863131523132324
2063,0.5800044536590576
2064,0.3225626051425934
2065,0.4060448110103607
2066,0.5336930751800537
2067,0.3512844443321228
2068,0.2350294589996338
2069,0.5528599619865417
2070,0.2841561436653137
2071,0.4746827483177185
2072,0.23742827773094177
2073,0.5235388278961182
2074,0.7159098982810974
2075,0.651161253452301
2076,0.07322242856025696
2077,0.5493026971817017
2078,0.7391305565834045
2079,0.5174317359924316
2080,0.4894144833087921
2081,0.3616149425506592
2082,0.7168809771537781
2083,0.38653725385665894
2084,0.5011882781982422
2085,0.5166959166526794
2086,0.6135657429695129
2087,0.47687792778015137
2088,0.6653351783752441
2089,0.3953109383583069
2090,0.47500529885292053
2091,0.3461550772190094
2092,0.48165956139564514
2093,0.7994063496589661
2094,0.27727413177490234
2095,0.2687351405620575
2096,0.4392973482608795
2097,0.760341465473175
2098,0.4725867211818695
2099,0.6212117075920105
2100,0.32585400342941284
2101,0.5313560962677002
2102,0.5454002022743225
2103,0.758915901184082
2104,0.39418846368789673
2105,0.23566821217536926
2106,0.3963182866573334
2107,0.45363178849220276
2108,0.5460543632507324
2109,0.4951334595680237
2110,0.5299121737480164
2111,0.27279239892959595
2112,0.45695459842681885
2113,0.526904284954071
2114,0.218043252825737
2115,0.29111212491989136
2116,0.3500284254550934
2117,0.6451194286346436
2118,0.5766838788986206
2119,0.2173880636692047
2120,0.6016229391098022
2121,0.382615864276886
2122,0.39264243841171265
2123,0.17466968297958374
2124,0.33126938343048096
2125,0.28968632221221924
2126,0.2625410854816437
2127,0.27463626861572266
2128,0.38932889699935913
2129,0.5028368830680847
2130,0.4441688358783722
2131,0.5065979957580566
2132,0.4564990997314453
2133,0.38880690932273865
2134,0.604078471660614
2135,0.4380488693714142
2136,0.42273443937301636
2137,0.37863850593566895
2138,0.5635201930999756
2139,0.2835848927497864
2140,0.07963559776544571
2141,0.4911124110221863
2142,0.4582184851169586
2143,0.2491617202758789
2144,0.43427813053131104
2145,0.5787946581840515
2146,0.635945737361908
2147,0.377951055765152
2148,0.53871750831604
2149,0.4842884838581085
2150,0.22607390582561493
2151,0.23698271811008453
2152,0.4737316071987152
2153,0.3844943940639496
2154,0.524288535118103
2155,0.5452253818511963
2156,0.4152863919734955
2157,0.5605058670043945
2158,0.386786550283432
2159,0.3543834984302521
2160,0.44254469871520996
2161,0.6439273357391357
2162,0.2477376013994217
2163,0.6425683498382568
2164,0.46023011207580566
2165,0.1131698489189148
2166,0.022857623174786568
2167,0.3208153545856476
2168,0.4133341908454895
2169,0.4691368639469147
2170,0.32849735021591187
2171,0.3876539468765259
2172,0.023990750312805176
2173,0.4316980540752411
2174,0.6412893533706665
2175,0.3607405126094818
2176,0.4206382930278778
2177,0.11622895300388336
2178,0.5327407717704773
2179,0.6602998971939087
2180,0.5969794988632202
2181,0.7118995785713196
2182,0.4228072464466095
2183,0.7045921683311462
2184,0.2724003493785858
2185,0.5756129622459412
2186,0.37772926688194275
2187,-0.012794754467904568
2188,0.6954088807106018
2189,0.12280716747045517
2190,0.5072197914123535
2191,0.6251668334007263
2192,0.20573142170906067
2193,0.5063861012458801
2194,0.23768475651741028
2195,0.5952280759811401
2196,0.44609931111335754
2197,0.5684559941291809
2198,0.06130841001868248
2199,0.46875467896461487
2200,0.5159499049186707
2201,0.4056432843208313
2202,0.34127238392829895
2203,0.2800693213939667
2204,0.21293407678604126
2205,0.41510865092277527
2206,0.4415222108364105
2207,0.21707463264465332
2208,0.2640663683414459
2209,0.13423053920269012
2210,0.3567407429218292
2211,0.49474969506263733
2212,0.15459318459033966
2213,0.3400958478450775
2214,0.25989511609077454
2215,0.4202529489994049
2216,0.5824728012084961
2217,0.4714926481246948
2218,0.4023125171661377
2219,0.5593072175979614
2220,0.48758596181869507
2221,0.446373850107193
2222,0.4312140643596649
2223,0.40577420592308044
2224,0.29432910680770874
2225,0.275390088558197
2226,0.5644105672836304
2227,0.508991539478302
2228,0.6185526847839355
2229,0.04777592048048973
2230,0.6315093636512756
2231,0.6327876448631287
2232,0.40287643671035767
2233,0.340313196182251
2234,0.31808963418006897
2235,0.3714088201522827
2236,0.21359798312187195
2237,0.6180496215820312
2238,0.24942028522491455
2239,0.3804207444190979
2240,0.4827520549297333
2241,0.43410125374794006
2242,0.35310062766075134
2243,0.7737234234809875
2244,0.4999121427536011
2245,0.40293312072753906
2246,0.2819565236568451
2247,0.642976701259613
2248,0.685252845287323
2249,0.6778386831283569
2250,0.2547578513622284
2251,0.5055323839187622
2252,0.16414129734039307
2253,0.514367938041687
2254,0.33820974826812744
2255,0.3429180085659027
2256,0.647381067276001
2257,0.6345435380935669
2258,0.24354365468025208
2259,0.22237606346607208
2260,0.7231749296188354
2261,0.5746683478355408
2262,0.24337723851203918
2263,0.640166163444519
2264,0.29072362184524536
2265,-0.050154514610767365
2266,0.3289489150047302
2267,0.4100554883480072
2268,0.6187967658042908
2269,0.683356761932373
2270,0.5573536157608032
2271,0.4146368205547333
2272,0.45233413577079773
2273,0.2898275852203369
2274,0.3506699502468109
2275,0.5048283338546753
2276,0.6569427847862244
2277,0.6108496785163879
2278,0.4570508599281311
2279,0.34633275866508484
2280,0.5034818649291992
2281,0.4191552996635437
2282,0.37241852283477783
2283,0.026902230456471443
2284,0.5605350136756897
2285,0.2805958688259125
2286,0.20546789467334747
2287,0.4520737826824188
2288,0.8250585198402405
2289,0.5443804860115051
2290,0.7290142178535461
2291,0.440870076417923
2292,0.5348224639892578
2293,0.5218696594238281
2294,0.3204365670681
2295,0.27520254254341125
2296,0.5024241209030151
2297,0.2814822196960449
2298,0.6271721720695496
2299,0.4809815585613251
2300,0.4487549960613251
2301,0.6423586010932922
2302,0.34535640478134155
2303,0.4845993220806122
2304,0.41164055466651917
2305,0.8926839232444763
2306,0.4903084635734558
2307,0.5673651099205017
2308,0.06626512855291367
2309,0.09920205920934677
2310,0.24891139566898346
2311,0.7916930317878723
2312,0.43743225932121277
2313,0.454892635345459
2314,0.3093126118183136
2315,0.6645495295524597
2316,0.4099651575088501
2317,0.09818971902132034
2318,0.4523817002773285
2319,0.4977513253688812
2320,0.5396778583526611
2321,0.3304837644100189
2322,0.3527839481830597
2323,0.5034324526786804
2324,0.4199640154838562
2325,0.21211200952529907
2326,0.39223262667655945
2327,0.6999963521957397
2328,0.18502222001552582
2329,0.2813153862953186
2330,0.30460795760154724
2331,0.20310992002487183
2332,0.3636007308959961
2333,0.734011173248291
2334,0.20951798558235168
2335,0.44964122772216797
2336,0.6342492699623108
2337,0.34452900290489197
2338,0.6686021089553833
2339,0.24364416301250458
2340,0.4149320423603058
2341,0.5658848285675049
2342,0.5181528329849243
2343,0.5559238195419312
2344,0.2427719384431839
2345,0.4756646156311035
2346,0.4396883249282837
2347,0.34070491790771484
2348,0.4610154628753662
2349,0.5958396792411804
2350,0.1392621099948883
2351,0.38688093423843384
2352,0.5896128416061401
2353,0.48533445596694946
2354,0.37771227955818176
2355,0.42593416571617126
2356,0.23585350811481476
2357,0.4952643811702728
2358,0.5536066889762878
2359,0.6195038557052612
2360,0.36153310537338257
2361,0.39946869015693665
2362,0.378405898809433
2363,0.26233524084091187
2364,0.4901689291000366
2365,0.44303661584854126
2366,0.45579585433006287
2367,0.4359956383705139
2368,0.6707431674003601
2369,0.37727850675582886
2370,0.35392239689826965
2371,0.47920456528663635
2372,0.3337898254394531
2373,0.34109655022621155
2374,0.36740121245384216
2375,0.3484881520271301
2376,0.41414183378219604
2377,0.3744257688522339
2378,0.3350399136543274
2379,0.48271143436431885
2380,0.38106343150138855
2381,0.3539588749408722
2382,0.2828904688358307
2383,0.7229463458061218
2384,0.3726555109024048
2385,0.3027525842189789
2386,0.6629680395126343
2387,0.28052040934562683
2388,0.30834054946899414
2389,0.2780376076698303
2390,0.5609086155891418
2391,0.348484605550766
2392,0.5529780983924866
2393,0.4668254852294922
2394,0.4220161736011505
2395,0.44851842522621155
2396,0.5675506591796875
2397,0.4972624182701111
2398,0.3951391875743866
2399,0.40394070744514465
2400,0.4040190577507019
2401,0.6122353076934814
2402,0.36616355180740356
2403,0.2617727518081665
2404,0.388674795627594
2405,0.6379833221435547
2406,0.668016791343689
2407,0.3765316307544708
2408,0.6527372598648071
2409,0.488587349653244
2410,0.45823416113853455
2411,0.13441383838653564
2412,0.414168119430542
2413,0.10149647295475006
2414,0.08982668817043304
2415,0.07157380133867264
2416,0.3891022801399231
2417,0.5050845742225647
2418,0.33089837431907654
2419,0.5012929439544678
2420,0.5223679542541504
2421,0.35598453879356384
2422,0.5826325416564941
2423,0.33408352732658386
2424,0.15915267169475555
2425,0.5669695734977722
2426,0.13264860212802887
2427,0.5890340805053711
2428,0.5181447863578796
2429,0.3999596834182739
2430,0.5415037870407104
2431,0.6825653314590454
2432,0.3574223816394806
2433,0.3078365921974182
2434,0.4180416762828827
2435,0.566967785358429
2436,0.43911752104759216
2437,0.178099125623703
2438,0.6479758024215698
2439,0.6853269338607788
2440,0.22864659130573273
2441,0.5420671105384827
2442,0.4842580258846283
2443,0.6039724349975586
2444,0.5293640494346619
2445,0.3893454372882843
2446,0.24696220457553864
2447,0.5440332889556885
2448,0.3653309941291809
2449,0.2765803635120392
2450,0.14595414698123932
2451,0.421525239944458
2452,0.2708117663860321
2453,0.24033327400684357
2454,0.4816264510154724
2455,0.46121126413345337
2456,0.46208879351615906
2457,0.595442533493042
2458,0.4431341588497162
2459,0.6206977963447571
2460,0.42798930406570435
2461,0.5059272050857544
2462,0.5037060976028442
2463,0.4665418565273285
2464,0.4409683644771576
2465,0.6008604764938354
2466,0.334924578666687
2467,0.21752013266086578
2468,0.3759843707084656
2469,0.5754302740097046
2470,0.5296522378921509
2471,0.23845846951007843
2472,0.690456748008728
2473,0.46560755372047424
2474,0.39959725737571716
2475,0.24063552916049957
2476,0.20199888944625854
2477,0.3642701208591461
2478,0.48209941387176514
2479,0.36727893352508545
2480,0.462509423494339
2481,0.6929325461387634
2482,0.4309474229812622
2483,0.10933941602706909
2484,0.3573824167251587
2485,0.4318697154521942
2486,0.3231722116470337
2487,0.3929961621761322
2488,0.31674569845199585
2489,0.8094359636306763
2490,0.5683454275131226
2491,0.6513926386833191
2492,0.2674519419670105
2493,0.3815976679325104
2494,0.5748100280761719
2495,0.6498596668243408
2496,0.4017769396305084
2497,0.3061925768852234
2498,0.3953994810581207
2499,0.3259463906288147
2500,0.5274830460548401
2501,0.44771087169647217
2502,0.43752482533454895
2503,0.22790445387363434
2504,0.5249042510986328
2505,0.5229322910308838
2506,0.2797180414199829
2507,0.4654953181743622
2508,0.5736255645751953
2509,0.41623324155807495
2510,0.6250333189964294
2511,0.271927148103714
2512,0.8150132298469543
2513,0.6636973023414612
2514,0.4335424602031708
2515,0.3387894332408905
2516,0.587134063243866
2517,0.25470787286758423
2518,0.4097457528114319
2519,0.6626268029212952
2520,0.4159400761127472
2521,0.6111781597137451
2522,0.41175222396850586
2523,0.35357603430747986
2524,0.3642798364162445
2525,0.5520915389060974
2526,0.8166601657867432
2527,0.7258781790733337
2528,0.29525065422058105
2529,0.5231236815452576
2530,0.5296444296836853
2531,0.07312921434640884
2532,0.47420233488082886
2533,0.4928775131702423
2534,0.5045099854469299
2535,0.4940512180328369
2536,0.45958906412124634
2537,0.3705846071243286
2538,0.6314506530761719
2539,0.730244517326355
2540,0.2350277453660965
2541,0.6404708623886108
2542,0.263806015253067
2543,0.7415908575057983
2544,0.7215652465820312
2545,0.2725280523300171
2546,0.39634567499160767
2547,0.42681849002838135
2548,0.701112687587738
2549,0.4406053423881531
2550,0.20746637880802155
2551,0.43232962489128113
2552,0.3310123085975647
2553,0.3924420475959778
2554,0.5303285717964172
2555,0.4598337709903717
2556,0.2810360789299011
2557,0.31232109665870667
2558,0.6163004636764526
2559,0.38052287697792053
2560,0.5150511860847473
2561,0.3712352216243744
2562,0.8348031640052795
2563,0.26348018646240234
2564,0.5801945924758911
2565,0.6319255232810974
2566,0.5216779112815857
2567,0.251303106546402
2568,0.4253620505332947
2569,0.5234984159469604
2570,0.6066110134124756
2571,0.7795984148979187
2572,0.364535391330719
2573,0.3874067962169647
2574,0.2700108289718628
2575,0.30969563126564026
2576,0.3807668685913086
2577,0.35817068815231323
2578,0.39606356620788574
2579,0.34945252537727356
2580,0.11487201601266861
2581,0.4453657567501068
2582,0.6625865697860718
2583,0.17116163671016693
2584,0.2630992829799652
2585,0.39738842844963074
2586,0.6328707933425903
2587,0.48820939660072327
2588,0.5369235873222351
2589,0.7479933500289917
2590,0.23095978796482086
2591,0.29666516184806824
2592,0.23531833291053772
2593,0.5569931864738464
2594,0.11637718975543976
2595,0.4479968845844269
2596,0.43464604020118713
2597,0.6018228530883789
2598,0.4668615758419037
2599,0.2764858901500702
2600,0.483148992061615
2601,0.4409200847148895
2602,0.3967684209346771
2603,0.331144243478775
2604,0.4029478430747986
2605,0.5349929332733154
2606,0.22880104184150696
2607,0.5004420876502991
2608,0.4883824288845062
2609,0.41247668862342834
2610,0.6219306588172913
2611,0.5134539008140564
2612,0.5770319700241089
2613,0.035152681171894073
2614,0.5033736824989319
2615,0.7861215472221375
2616,0.7048047184944153
2617,0.3555949330329895
2618,0.2355487197637558
2619,0.19485290348529816
2620,0.3327552378177643
2621,0.06584406644105911
2622,0.4026528596878052
2623,0.7978424429893494
2624,0.26991984248161316
2625,0.04712555184960365
2626,0.09341364353895187
2627,0.24757348001003265
2628,0.2468060702085495
2629,0.7024301886558533
2630,0.46633514761924744
2631,0.5421698093414307
2632,0.18562346696853638
2633,0.7175108194351196
2634,0.37534046173095703
2635,0.5632420778274536
2636,0.28938910365104675
2637,0.5381966233253479
2638,0.573978841304779
2639,0.3416641652584076
2640,0.22360818088054657
2641,0.3994056284427643
2642,0.40979403257369995
2643,0.4388998746871948
2644,0.4451735019683838
2645,0.3811787962913513
2646,0.3682478368282318
2647,0.36206573247909546
2648,0.6377868056297302
2649,0.25616928935050964
2650,0.3976901173591614
2651,0.13665348291397095
2652,-0.09161857515573502
2653,0.6190263032913208
2654,0.6284764409065247
2655,0.5344195365905762
2656,0.4658423960208893
2657,0.644146203994751
2658,0.28841251134872437
2659,0.3556458353996277
2660,0.22901113331317902
2661,0.641394853591919
2662,0.4219561815261841
2663,0.3158715069293976
2664,0.19809995591640472
2665,0.3589283525943756
2666,0.44276198744773865
2667,0.7695732116699219
2668,0.3569929301738739
2669,0.570678174495697
2670,0.5775046944618225
2671,0.2915252149105072
2672,0.7146322131156921
2673,0.3024582862854004
2674,0.7141658067703247
2675,0.6389424204826355
2676,0.34665536880493164
2677,0.4016200006008148
2678,0.5817519426345825
2679,0.5019493103027344
2680,0.4430616796016693
2681,0.4609892964363098
2682,0.705680251121521
2683,0.5605432391166687
2684,0.2757475972175598
2685,0.3638869524002075
2686,0.3594096601009369
2687,0.5955305099487305
2688,0.5385028123855591
2689,0.5299776196479797
2690,0.36166590452194214
2691,0.3248790502548218
2692,0.509235143661499
2693,0.7020961046218872
2694,0.7142095565795898
2695,0.7572513222694397
2696,0.3846643269062042
2697,0.27078771591186523
2698,0.6102321147918701
2699,0.3359893560409546
2700,0.20464614033699036
2701,0.5093747973442078
2702,0.44394809007644653
2703,0.3957218527793884
2704,0.4021376073360443
2705,0.7029678821563721
2706,0.47155195474624634
2707,0.2235579639673233
2708,0.6422829031944275
2709,0.3016074001789093
2710,0.264710396528244
2711,0.5503792762756348
2712,0.34996622800827026
2713,0.7454771399497986
2714,0.5079832673072815
2715,0.3678118884563446
2716,0.7296095490455627
2717,0.35763972997665405
2718,0.4011631906032562
2719,0.5782662034034729
2720,0.13734307885169983
2721,0.3448154330253601
2722,0.46490931510925293
2723,0.36864030361175537
2724,0.4296971261501312
2725,0.7486258745193481
2726,0.5932847261428833
2727,0.4495510756969452
2728,0.6207194924354553
2729,0.16374216973781586
2730,0.25367194414138794
2731,0.6042455434799194
2732,0.6599178314208984
2733,0.492978036403656
2734,0.37002089619636536
2735,0.6284206509590149
2736,0.613876223564148
2737,0.42062461376190186
2738,0.17562946677207947
2739,0.6354734301567078
2740,0.5678557753562927
2741,0.3077452480792999
2742,0.32650262117385864
2743,0.3138831555843353
2744,0.5340908169746399
2745,0.12470667064189911
2746,0.35003629326820374
2747,0.6314095854759216
2748,0.47866103053092957
2749,0.32323309779167175
2750,0.6762354969978333
2751,0.6501225829124451
2752,0.2959913909435272
2753,0.48675066232681274
2754,0.6104026436805725
2755,0.47431692481040955
2756,0.43456366658210754
2757,0.371817946434021
2758,0.2969231605529785
2759,0.8285456299781799
2760,0.3860616981983185
2761,0.25569120049476624
2762,0.3996400535106659
2763,0.6035270690917969
2764,0.5523335337638855
2765,0.5433542728424072
2766,0.4409935474395752
2767,0.24551574885845184
2768,0.6174027919769287
2769,0.3024235963821411
2770,0.33087146282196045
2771,0.413474977016449
2772,0.24088576436042786
2773,0.2398785501718521
2774,0.46184104681015015
2775,0.11416314542293549
2776,0.5835221409797668
2777,0.5986311435699463
2778,0.6573821306228638
2779,0.36107006669044495
2780,0.4003894031047821
2781,0.31276682019233704
2782,0.21485115587711334
2783,0.4430762231349945
2784,0.25383585691452026
2785,0.78560870885849
2786,0.6451970338821411
2787,0.1504272073507309
2788,0.5045332312583923
2789,0.3770424723625183
2790,0.6063681244850159
2791,0.31988248229026794
2792,0.7620267271995544
2793,0.4047313928604126
2794,0.715140700340271
2795,0.22196264564990997
2796,0.3521287739276886
2797,0.43037161231040955
2798,0.32780614495277405
2799,0.3798202574253082
2800,0.3496905267238617
2801,0.3503595292568207
2802,0.45034417510032654
2803,0.29492148756980896
2804,0.6898861527442932
2805,0.39681899547576904
2806,0.4196144640445709
2807,0.34156548976898193
2808,0.5760737061500549
2809,0.7516167759895325
2810,0.5571158528327942
2811,0.4080556035041809
2812,0.27255547046661377
2813,0.6287505626678467
2814,0.13197079300880432
2815,0.4140327572822571
2816,0.5862380266189575
2817,0.7706060409545898
2818,0.5260573625564575
2819,0.31897327303886414
2820,0.43687111139297485
2821,0.2737133800983429
2822,0.39334920048713684
2823,0.5738669633865356
2824,0.28096815943717957
2825,0.4374909996986389
2826,0.5906595587730408
2827,0.4167729318141937
2828,0.37578630447387695
2829,0.4615405201911926
2830,0.39813050627708435
2831,0.488296777009964
2832,0.7059359550476074
2833,0.539577066898346
2834,0.38638070225715637
2835,0.5319275856018066
2836,0.5505420565605164
2837,0.38966330885887146
2838,0.5729362964630127
2839,0.48159170150756836
2840,0.29013773798942566
2841,0.3600975573062897
2842,0.4213721454143524
2843,0.3663972020149231
2844,0.1668216437101364
2845,0.3568494915962219
2846,0.7047412395477295
2847,0.2464321404695511
2848,0.6187037825584412
2849,0.47076523303985596
2850,0.44588541984558105
2851,0.4369654357433319
2852,0.8266246318817139
2853,0.5332626700401306
2854,0.32594403624534607
2855,0.5782661437988281
2856,0.5457529425621033
2857,0.42641204595565796
2858,0.44575035572052
2859,0.09718537330627441
2860,0.5121747851371765
2861,0.5600051283836365
2862,0.4313491880893707
2863,0.6207883954048157
2864,0.4794337749481201
2865,0.522591769695282
2866,0.5762091875076294
2867,0.4264414310455322
2868,0.3227764368057251
2869,0.5675534009933472
2870,0.4675314724445343
2871,0.3418765664100647
2872,0.5892819762229919
2873,0.7492202520370483
2874,0.528698742389679
2875,0.6255391836166382
2876,0.34336796402931213
2877,0.5776983499526978
2878,0.28900018334388733
2879,0.08777187764644623
2880,0.4605042636394501
2881,0.4342486262321472
2882,0.06662560254335403
2883,0.5150299668312073
2884,0.36499571800231934
2885,0.31133899092674255
2886,0.42343416810035706
2887,0.2218640297651291
2888,0.9330626130104065
2889,0.8295738101005554
2890,0.5781563520431519
2891,0.4875476360321045
2892,0.5872908234596252
2893,0.6676914691925049
2894,0.438113272190094
2895,0.3199261724948883
2896,0.5704308152198792
2897,0.6679859757423401
2898,0.3836595118045807
2899,0.3870014250278473
2900,0.5367206931114197
2901,0.8413476943969727
2902,0.39745286107063293
2903,0.4977598488330841
2904,0.6376021504402161
2905,0.6829420924186707
2906,0.6728700995445251
2907,0.16824129223823547
2908,0.3439163863658905
2909,0.8819062113761902
2910,0.6111330389976501
2911,0.3920069634914398
2912,0.40566542744636536
2913,0.36144211888313293
2914,0.2866992652416229
2915,0.5397685170173645
2916,0.4017292261123657
2917,0.2322363406419754
2918,0.4493664801120758
2919,0.3612250089645386
2920,0.30056291818618774
2921,0.2822648882865906
2922,0.5735104084014893
2923,0.2965938150882721
2924,0.5323864221572876
2925,0.6099392175674438
2926,0.26893699169158936
2927,0.56468266248703
2928,0.3802446722984314
2929,0.5709419846534729
2930,0.5396214127540588
2931,0.20517435669898987
2932,0.45309796929359436
2933,0.3313026428222656
2934,0.39617934823036194
2935,0.1864246279001236
2936,0.3646288812160492
2937,0.612259566783905
2938,0.29711368680000305
2939,0.35075730085372925
2940,0.6151675581932068
2941,0.2875820994377136
2942,0.5115112066268921
2943,0.6010133624076843
2944,0.46568620204925537
2945,0.4564839005470276
2946,0.34882158041000366
2947,0.4637112617492676
2948,0.3136940002441406
2949,0.29153740406036377
2950,0.5139868855476379
2951,0.1939278244972229
2952,0.42275407910346985
2953,0.3822539150714874
2954,0.3800402581691742
2955,0.5689601302146912
2956,0.2845609486103058
2957,0.4800041615962982
2958,0.5580918788909912
2959,0.12805582582950592
2960,0.35754355788230896
2961,0.5773271918296814
2962,0.4940131902694702
2963,0.41534528136253357
2964,0.1974053680896759
2965,0.2510909140110016
2966,0.5379810333251953
2967,0.5257827639579773
2968,0.2629337012767792
2969,0.6246045827865601
2970,0.28308817744255066
2971,0.721842885017395
2972,0.4765627980232239
2973,0.5901007056236267
2974,0.6400055289268494
2975,0.643520712852478
2976,0.5487937331199646
2977,0.26242363452911377
2978,0.38456302881240845
2979,0.5113446116447449
2980,0.48390185832977295
2981,0.3601766526699066
2982,0.5342847108840942
2983,0.2759132981300354
2984,0.43847134709358215
2985,0.2894301414489746
2986,0.615645706653595
2987,0.41801032423973083
2988,0.4134432375431061
2989,0.5372086763381958
2990,0.43324708938598633
2991,0.3752797842025757
2992,0.39252471923828125
2993,0.47655293345451355
2994,0.5388858914375305
2995,0.48635369539260864
2996,0.4791632294654846
2997,0.24107976257801056
2998,0.8591053485870361
2999,0.3353758454322815
3000,0.3251805305480957
3001,0.5883419513702393
3002,0.43332165479660034
3003,0.3424878716468811
3004,0.16869480907917023
3005,0.6169697642326355
3006,0.1742713749408722
3007,0.43957653641700745
3008,0.2575313448905945
3009,0.6388707756996155
3010,0.37526243925094604
3011,0.5416425466537476
3012,0.5677978992462158
3013,0.3111674189567566
3014,0.5006904602050781
3015,0.5840892791748047
3016,0.4667741060256958
3017,0.5270615220069885
3018,0.25163841247558594
3019,0.4218173325061798
3020,0.5809897780418396
3021,0.5022017359733582
3022,0.3143775761127472
3023,0.6668418049812317
3024,0.6057905554771423
3025,0.3659370243549347
3026,0.5523017048835754
3027,0.36662212014198303
3028,0.5202234983444214
3029,0.44202879071235657
3030,0.498604953289032
3031,0.7185361385345459
3032,0.510539710521698
3033,0.496992290019989
3034,0.30273136496543884
3035,0.3624572455883026
3036,0.5042386651039124
3037,0.5989882349967957
3038,0.36138227581977844
3039,0.5314914584159851
3040,0.5330027341842651
3041,0.04246509447693825
3042,0.8968436121940613
3043,0.42508867383003235
3044,0.49223437905311584
3045,0.37035447359085083
3046,0.3887035846710205
3047,0.3304765224456787
3048,0.4182177782058716
3049,0.4692668914794922
3050,0.3445754051208496
3051,0.21218810975551605
3052,0.5377458930015564
3053,0.5926707983016968
3054,0.3992079794406891
3055,0.34097233414649963
3056,0.40391892194747925
3057,0.2851906716823578
3058,0.43853533267974854
3059,0.5247277021408081
3060,0.5944746136665344
3061,0.3125184178352356
3062,0.24002008140087128
3063,0.6060551404953003
3064,0.5457642078399658
3065,0.2438129335641861
3066,0.31886622309684753
3067,0.6187169551849365
3068,0.6397876739501953
3069,0.5926433205604553
3070,0.4329451322555542
3071,0.4123515486717224
3072,0.44715434312820435
3073,0.2674401104450226
3074,0.5637717843055725
3075,0.4642372131347656
3076,0.4958098232746124
3077,0.5162395238876343
3078,0.5846603512763977
3079,0.3629888594150543
3080,0.28915706276893616
3081,0.7535678744316101
3082,0.6840064525604248
3083,0.5578377842903137
3084,0.6385086178779602
3085,0.5786009430885315
3086,0.4973708391189575
3087,0.40815967321395874
3088,0.39665210247039795
3089,0.5902267098426819
3090,0.5148658752441406
3091,0.3900052607059479
3092,0.5982235074043274
3093,0.4689773917198181
3094,0.2815903425216675
3095,0.32943788170814514
3096,0.8595932722091675
3097,0.43803930282592773
3098,0.3107248842716217
3099,0.38128161430358887
3100,0.5540461540222168
3101,0.3922249674797058
3102,0.5120147466659546
3103,0.3144998550415039
3104,0.43191948533058167
3105,0.48804447054862976
3106,0.29804331064224243
3107,0.4788782298564911
3108,0.4182298183441162
3109,0.3117406666278839
3110,0.4362516701221466
3111,0.5791807174682617
3112,0.6312252283096313
3113,0.4427263140678406
3114,0.3524007797241211
3115,0.3901515603065491
3116,0.8447737693786621
3117,0.45799803733825684
3118,0.6342273354530334
3119,0.5540280342102051
3120,0.405669629573822
3121,0.7322341799736023
3122,0.15346764028072357
3123,0.5372146368026733
3124,0.40085238218307495
3125,0.24981337785720825
3126,0.5289779305458069
3127,0.4117555618286133
3128,0.5013694167137146
3129,0.2694266438484192
3130,0.0557120107114315
3131,0.7396745085716248
3132,0.23778700828552246
3133,0.3714163899421692
3134,0.1337549239397049
3135,0.4177820384502411
3136,0.33591288328170776
3137,0.4452126622200012
3138,0.393271803855896
3139,0.26075610518455505
3140,0.6921653747558594
3141,0.26915785670280457
3142,0.4051588773727417
3143,0.4076813757419586
3144,0.12132222950458527
3145,0.6129322052001953
3146,0.13399069011211395
3147,0.6861494183540344
3148,0.27519088983535767
3149,0.5634959936141968
3150,0.680537760257721
3151,0.9169866442680359
3152,0.2535752058029175
3153,0.2875036299228668
3154,0.49975237250328064
3155,0.23970316350460052
3156,0.5769358277320862
3157,0.5108933448791504
3158,0.49276724457740784
3159,0.5500251650810242
3160,0.4119845926761627
3161,0.45665064454078674
3162,0.3208136558532715
3163,0.5616058707237244
3164,0.24954339861869812
3165,0.9390326738357544
3166,0.35898399353027344
3167,0.5026844143867493
3168,0.4736080765724182
3169,0.22855810821056366
3170,0.4249941408634186
3171,0.6712396740913391
3172,0.6306003928184509
3173,0.5462969541549683
3174,0.5500615835189819
3175,0.3876531720161438
3176,0.08243019878864288
3177,0.24867947399616241
3178,0.6683201789855957
3179,0.2887395918369293
3180,0.3821690082550049
3181,0.5970233678817749
3182,0.6383178234100342
3183,0.3493662178516388
3184,0.5003406405448914
3185,0.33458369970321655
3186,0.6079738140106201
3187,0.3952414095401764
3188,0.566774845123291
3189,0.50142902135849
3190,0.6067025065422058
3191,0.38307517766952515
3192,0.5949541330337524
3193,0.4299182593822479
3194,0.5462049841880798
3195,0.4559590518474579
3196,0.5592114329338074
3197,0.8805030584335327
3198,0.37128084897994995
3199,0.5746825933456421
3200,0.5900159478187561
3201,0.07720969617366791
3202,0.46705740690231323
3203,0.28195053339004517
3204,0.4465925693511963
3205,0.43873003125190735
3206,0.759118378162384
3207,0.622992753982544
3208,0.5372692942619324
3209,0.22775647044181824
3210,0.3695353865623474
3211,0.2815000116825104
3212,0.4388226866722107
3213,0.5664975047111511
3214,0.3572898805141449
3215,0.6725155115127563
3216,0.2744826674461365
3217,0.8730393052101135
3218,0.5479901432991028
3219,0.5087599754333496
3220,0.18714697659015656
3221,0.3476496934890747
3222,0.198299378156662
3223,0.8176180124282837
3224,0.37304970622062683
3225,0.21628640592098236
3226,0.48313838243484497
3227,0.6018916964530945
3228,0.6802558302879333
3229,0.7491413354873657
3230,0.5695200562477112
3231,0.4539077579975128
3232,0.6819824576377869
3233,0.2452414482831955
3234,0.4671679735183716
3235,0.37810587882995605
3236,0.2671672999858856
3237,0.5178853869438171
3238,0.3802199065685272
3239,0.4997144639492035
3240,0.18950717151165009
3241,0.298211932182312
3242,0.40245768427848816
3243,0.550971508026123
3244,0.6068752408027649
3245,0.20759718120098114
3246,0.5363038182258606
3247,0.1946272850036621
3248,0.5803835988044739
3249,0.5893670916557312
3250,0.3870074450969696
3251,0.5469609498977661
3252,0.3174096345901489
3253,0.26159393787384033
3254,0.2851881980895996
3255,0.641413688659668
3256,0.4208770990371704
3257,0.48148638010025024
3258,0.6327189207077026
3259,0.3871108889579773
3260,0.6728793978691101
3261,0.637839138507843
3262,0.5860921144485474
3263,0.30285772681236267
3264,0.6574643850326538
3265,0.3853343427181244
3266,0.5924012064933777
3267,0.44125381112098694
3268,0.22045814990997314
3269,0.4214901328086853
3270,0.5328868627548218
3271,0.33138859272003174
3272,0.527472972869873
3273,0.3173033595085144
3274,0.542560338973999
3275,0.2974328398704529
3276,0.6193663477897644
3277,0.47869551181793213
3278,0.4534452557563782
3279,0.3611355721950531
3280,0.4979630410671234
3281,0.4551418423652649
3282,0.3338622450828552
3283,0.333387166261673
3284,0.08954135328531265
3285,0.4951975345611572
3286,0.31306132674217224
3287,0.6676432490348816
3288,0.27229955792427063
3289,0.5496195554733276
3290,0.38789087533950806
3291,0.4091893136501312
3292,0.298117458820343
3293,0.5557634234428406
3294,0.2530416250228882
3295,0.41797900199890137
3296,0.7029977440834045
3297,0.27477091550827026
3298,0.2854563295841217
3299,0.10341467708349228
3300,0.522242546081543
3301,0.6995684504508972
3302,0.3185108006000519
3303,0.3928084969520569
3304,0.4127134382724762
3305,0.41598081588745117
3306,0.43133851885795593
3307,0.18106532096862793
3308,0.5331202745437622
3309,0.7265260815620422
3310,0.24587035179138184
3311,0.39493733644485474
3312,0.38695016503334045
3313,0.41577672958374023
3314,0.2838817238807678
3315,0.3072235882282257
3316,0.5835298895835876
3317,0.28719648718833923
3318,0.38964036107063293
3319,0.742533266544342
3320,0.3565654456615448
3321,0.5671099424362183
3322,0.34254056215286255
3323,0.4894624948501587
3324,0.26058217883110046
3325,0.4120210111141205
3326,0.23361831903457642
3327,0.2810649275779724
3328,0.23581965267658234
3329,0.36185505986213684
3330,0.27166786789894104
3331,0.2668278217315674
3332,0.38434627652168274
3333,0.4527990520000458
3334,0.5910489559173584
3335,0.49472612142562866
3336,0.6617762446403503
3337,0.2221490740776062
3338,0.5983944535255432
3339,0.500989556312561
3340,0.3632717728614807
3341,0.4323243200778961
3342,0.5101110935211182
3343,0.6532559394836426
3344,0.6860486268997192
3345,0.38927680253982544
3346,0.6238363981246948
3347,0.5278551578521729
3348,0.39266344904899597
3349,0.2274225503206253
3350,0.4441332519054413
3351,0.5401400327682495
3352,0.31805187463760376
3353,0.566895067691803
3354,0.5156490206718445
3355,0.6146706938743591
3356,0.38602346181869507
3357,0.5631429553031921
3358,0.3203178942203522
3359,0.3637288510799408
3360,-0.013868380337953568
3361,0.39253678917884827
3362,0.5018974542617798
3363,0.3399731516838074
3364,0.5006579160690308
3365,0.5785623788833618
3366,0.5754625797271729
3367,0.37295740842819214
3368,0.5617223978042603
3369,0.4040583372116089
3370,0.5359466075897217
3371,0.45311009883880615
3372,0.2773008644580841
3373,0.5510688424110413
3374,0.41279715299606323
3375,0.2541792094707489
3376,0.6479293704032898
3377,0.07842866331338882
3378,0.2596960961818695
3379,0.6811091899871826
3380,0.3581530749797821
3381,0.4664502739906311
3382,0.5804877877235413
3383,0.5175001621246338
3384,0.34717029333114624
3385,0.5817713141441345
3386,0.41853660345077515
3387,0.37811779975891113
3388,0.22925958037376404
3389,0.20042870938777924
3390,0.5524122714996338
3391,0.29634130001068115
3392,0.3977402150630951
3393,0.5240617990493774
3394,0.17364729940891266
3395,0.6388081312179565
3396,0.5185171961784363
3397,0.7266812920570374
3398,0.5783790349960327
3399,0.4814243018627167
3400,0.7422349452972412
3401,0.43131375312805176
3402,0.7020612955093384
3403,0.402200311422348
3404,0.2838684022426605
3405,0.5548466444015503
3406,0.11435505002737045
3407,0.40873661637306213
3408,0.3776749074459076
3409,0.5291029214859009
3410,0.7247709035873413
3411,0.4138544499874115
3412,0.516332745552063
3413,0.3515763580799103
3414,0.06571534276008606
3415,0.3179282248020172
3416,0.4373367428779602
3417,0.5519015192985535
3418,0.5231258273124695
3419,0.2504380941390991
3420,0.5234436988830566
3421,0.6322895884513855
3422,0.5026708841323853
3423,0.7026968598365784
3424,0.36754968762397766
3425,0.5091002583503723
3426,0.6356115341186523
3427,0.4481963515281677
3428,0.4420444965362549
3429,0.7483662962913513
3430,0.3798428177833557
3431,0.2943210303783417
3432,0.16734454035758972
3433,0.39533278346061707
3434,0.4421696960926056
3435,0.1957392692565918
3436,0.44703030586242676
3437,0.25948378443717957
3438,0.06747259944677353
3439,0.37261953949928284
3440,0.5154997706413269
3441,0.5927995443344116
3442,0.35704827308654785
3443,0.25098201632499695
3444,0.2948257327079773
3445,0.5447820425033569
3446,0.6972241997718811
3447,0.6083750128746033
3448,0.3766990900039673
3449,0.47780710458755493
3450,0.5534180998802185
3451,0.5075189471244812
3452,0.5726830959320068
3453,0.4926355481147766
3454,0.2760285437107086
3455,0.6641251444816589
3456,0.5865301489830017
3457,0.3119773268699646
3458,0.46777719259262085
3459,0.6613902449607849
3460,0.43760770559310913
3461,0.5141960978507996
3462,0.36316782236099243
3463,0.40986037254333496
3464,0.3957214653491974
3465,0.6133373975753784
3466,0.6603890657424927
3467,0.28200170397758484
3468,0.14562708139419556
3469,0.23581868410110474
3470,0.7866896986961365
3471,0.7515327334403992
3472,0.6778560876846313
3473,0.46462705731391907
3474,0.46345049142837524
3475,0.38053983449935913
3476,0.5781185626983643
3477,0.6823747754096985
3478,0.20127955079078674
3479,0.49038198590278625
3480,0.35712212324142456
3481,0.4120014011859894
3482,0.3750655949115753
3483,0.6759918928146362
3484,0.5459457039833069
3485,0.41797691583633423
3486,0.7955783009529114
3487,0.4623439311981201
3488,0.6429404020309448
3489,0.35235169529914856
3490,0.46559759974479675
3491,0.600010335445404
3492,0.3065934181213379
3493,0.4742673933506012
3494,0.6104470491409302
3495,0.5428516268730164
3496,0.34990453720092773
3497,0.423532098531723
3498,0.22316186130046844
3499,0.8857489228248596
3500,0.35438185930252075
3501,0.21886204183101654
3502,0.5771125555038452
3503,0.4853960871696472
3504,0.10959190875291824
3505,0.572980523109436
3506,0.37447094917297363
3507,0.5348712205886841
3508,0.48573416471481323
3509,0.28320586681365967
3510,0.49928462505340576
3511,0.6451635956764221
3512,0.5448173880577087
3513,0.3794330954551697
3514,0.4928624629974365
3515,0.415126770734787
3516,0.31046655774116516
3517,0.24056105315685272
3518,0.5167372226715088
3519,0.1893911361694336
3520,0.635363757610321
3521,0.49762818217277527
3522,0.3020767867565155
3523,0.3163745105266571
3524,0.3452664315700531
3525,0.29337775707244873
3526,0.118434838950634
3527,0.5342586636543274
3528,0.47914135456085205
3529,0.3425558805465698
3530,0.3397686779499054
3531,0.441137433052063
3532,0.43144986033439636
3533,0.36181411147117615
3534,0.2891964614391327
3535,0.36838313937187195
3536,0.38547852635383606
3537,0.537546694278717
3538,0.4473511874675751
3539,0.4821319282054901
3540,0.44381341338157654
3541,0.3171314299106598
3542,0.8373376131057739
3543,0.5300491452217102
3544,0.6573410034179688
3545,0.4686625301837921
3546,0.18909013271331787
3547,0.32562097907066345
3548,0.5745554566383362
3549,0.38672512769699097
3550,0.3618341088294983
3551,0.41617900133132935
3552,0.10976070910692215
3553,0.6548951864242554
3554,0.3074897229671478
3555,0.74311763048172
3556,0.48202207684516907
3557,0.392589807510376
3558,0.513893187046051
3559,0.613071858882904
3560,0.33288148045539856
3561,0.454961359500885
3562,0.44720157980918884
3563,0.19777441024780273
3564,0.35199323296546936
3565,0.5773744583129883
3566,0.15909306704998016
3567,0.3016836643218994
3568,0.2020094394683838
3569,0.41917669773101807
3570,0.8838648200035095
3571,0.42213237285614014
3572,0.6236334443092346
3573,0.372102826833725
3574,0.614637553691864
3575,0.4465084373950958
3576,0.40967032313346863
3577,0.6743688583374023
3578,0.694622814655304
3579,0.46969953179359436
3580,0.43794623017311096
3581,0.3727043867111206
3582,0.3527613878250122
3583,0.5117512941360474
3584,0.37558838725090027
3585,0.30669012665748596
3586,0.30441978573799133
3587,0.3884108364582062
3588,0.4361450970172882
3589,0.4383377134799957
3590,0.5854669213294983
3591,0.4403253197669983
3592,0.5802591443061829
3593,0.4214353859424591
3594,0.3453889489173889
3595,0.8010062575340271
3596,0.29876092076301575
3597,0.26105111837387085
3598,0.858916163444519
3599,0.038670025765895844
3600,0.6432862281799316
3601,0.2823791205883026
3602,0.26300838589668274
3603,0.34286418557167053
3604,0.48018142580986023
3605,0.22530004382133484
3606,0.36648157238960266
3607,0.3264899253845215
3608,0.17132659256458282
3609,0.4788363575935364
3610,0.6092864871025085
3611,0.5399712324142456
3612,0.4009811580181122
3613,0.29799434542655945
3614,0.4197915196418762
3615,0.6919469237327576
3616,0.5149716734886169
3617,0.33547163009643555
3618,0.5938657522201538
3619,0.5532438158988953
3620,0.6473270654678345
3621,0.5069293975830078
3622,0.5985904932022095
3623,0.18225044012069702
3624,0.3231087625026703
3625,0.664838969707489
3626,0.37670639157295227
3627,0.5393011569976807
3628,0.4292798340320587
3629,0.4005538523197174
3630,0.35698598623275757
3631,0.4242171347141266
3632,0.7039006352424622
3633,0.32671302556991577
3634,0.45024994015693665
3635,0.6633079648017883
3636,0.44213294982910156
3637,0.3481140434741974
3638,0.27329355478286743
3639,0.17321425676345825
3640,0.7301009893417358
3641,0.2715080678462982
3642,0.4578402638435364
3643,0.46951019763946533
3644,0.39355209469795227
3645,0.42249226570129395
3646,0.3997603952884674
3647,0.4659031927585602
3648,0.3308585584163666
3649,0.5160262584686279
3650,0.21758218109607697
3651,0.23122286796569824
3652,0.33590561151504517
3653,0.24955053627490997
3654,0.27838850021362305
3655,0.31496649980545044
3656,0.4039154648780823
3657,0.5983537435531616
3658,0.19409829378128052
3659,0.5500811338424683
3660,0.27908453345298767
3661,0.5085453391075134
3662,0.37557509541511536
3663,0.22491005063056946
3664,0.3777681887149811
3665,0.21982243657112122
3666,0.5286742448806763
3667,0.34410884976387024
3668,0.43429380655288696
3669,0.4480186104774475
3670,0.5090054869651794
3671,0.40819135308265686
3672,0.4501202404499054
3673,0.24469812214374542
3674,0.42910975217819214
3675,0.35786551237106323
3676,0.26296377182006836
3677,0.3424697816371918
3678,0.6951817870140076
3679,0.508002758026123
3680,0.4925342798233032
3681,0.3876839876174927
3682,0.6978273391723633
3683,0.5514028668403625
3684,0.3733210265636444
3685,0.3097003698348999
3686,0.36118292808532715
3687,0.400236040353775
3688,0.3068917691707611
3689,0.7844014167785645
3690,0.6905214190483093
3691,0.0793706402182579
3692,0.3638484477996826
3693,0.4248022139072418
3694,0.5114193558692932
3695,0.4245135486125946
3696,0.11332446336746216
3697,0.42624378204345703
3698,0.5982021689414978
3699,0.369973361492157
3700,0.662997841835022
3701,0.6246623396873474
3702,0.5146991610527039
3703,0.45107609033584595
3704,0.14652113616466522
3705,0.43588751554489136
3706,0.24530158936977386
3707,0.6142249703407288
3708,0.1385500580072403
3709,0.3723084628582001
3710,0.5403872132301331
3711,0.7838301658630371
3712,0.5433858036994934
3713,0.60929274559021
3714,0.42430299520492554
3715,0.5003710389137268
3716,0.2756979763507843
3717,0.20056523382663727
3718,0.4033906161785126
3719,0.24061788618564606
3720,0.5557494759559631
3721,0.6710664629936218
3722,0.48382431268692017
3723,0.5849258899688721
3724,0.469931423664093
3725,0.7375825643539429
3726,0.46623069047927856
3727,0.3642033636569977
3728,0.1809261590242386
3729,0.34858107566833496
3730,0.1837191879749298
3731,0.46701544523239136
3732,0.3701498210430145
3733,0.49771255254745483
3734,0.7727675437927246
3735,0.4377851188182831
3736,0.1603226512670517
3737,0.5445792078971863
3738,0.4958537817001343
3739,0.8477919101715088
3740,0.41828230023384094
3741,0.27939435839653015
3742,0.3836628794670105
3743,0.2878667414188385
3744,0.3473276197910309
3745,0.7130002975463867
3746,0.34434494376182556
3747,0.31708425283432007
3748,0.3496139645576477
3749,0.5899673104286194
3750,0.7024294137954712
3751,0.36725035309791565
3752,0.4492676854133606
3753,0.6353973150253296
3754,0.26996609568595886
3755,0.3341211676597595
3756,0.78187096118927
3757,0.5373970866203308
3758,0.4748043417930603
3759,0.7235545516014099
3760,0.4566539227962494
3761,-0.0247083380818367
3762,0.45194247364997864
3763,0.3243781328201294
3764,0.4690261781215668
3765,0.590630292892456
3766,0.321469783782959
3767,0.3891550302505493
3768,0.4796534776687622
3769,0.6979840993881226
3770,0.2582770586013794
3771,0.4775497615337372
3772,0.6704015135765076
3773,0.5443012118339539
3774,0.35247600078582764
3775,0.2919006645679474
3776,0.29532042145729065
3777,0.5245670080184937
3778,0.6416381597518921
3779,0.5666577219963074
3780,0.5749626159667969
3781,0.5894302725791931
3782,0.3598335385322571
3783,0.5529077649116516
3784,0.46916329860687256
3785,0.060239024460315704
3786,0.4632939100265503
3787,0.3518214225769043
3788,0.6689780950546265
3789,0.4263460636138916
3790,0.6442469358444214
3791,0.4905110001564026
3792,0.27830469608306885
3793,0.34510233998298645
3794,0.6933485865592957
3795,0.49988552927970886
3796,0.28161007165908813
3797,0.6745799779891968
3798,0.41442498564720154
3799,0.2691194415092468
3800,0.611966609954834
3801,0.11864469945430756
3802,0.6662536859512329
3803,0.19739718735218048
3804,0.4297882616519928
3805,0.6545352339744568
3806,0.38240325450897217
3807,0.20519453287124634
3808,0.409934937953949
3809,0.43075031042099
3810,0.536131739616394
3811,0.6563212275505066
3812,0.2633056342601776
3813,0.5825566649436951
3814,0.16036328673362732
3815,0.34056732058525085
3816,0.2679254114627838
3817,0.3285171091556549
3818,0.23828038573265076
3819,0.41837847232818604
3820,0.4454179108142853
3821,0.6371486783027649
3822,0.5790695548057556
3823,0.5044658184051514
3824,0.5392821431159973
3825,0.08652510493993759
3826,0.4239778220653534
3827,0.5767831802368164
3828,0.18693546950817108
3829,0.7402628660202026
3830,0.6289396286010742
3831,0.5308646559715271
3832,0.4744320213794708
3833,0.49649640917778015
3834,0.4921165704727173
3835,0.2936110198497772
3836,0.381283700466156
3837,0.3091757297515869
3838,0.8513638377189636
3839,0.5235607624053955
3840,0.4419218897819519
3841,0.43000125885009766
3842,0.4465760290622711
3843,0.6943401098251343
3844,0.44344383478164673
3845,0.7015441060066223
3846,0.6633185744285583
3847,0.4161064624786377
3848,0.4018791615962982
3849,0.4192962646484375
3850,0.90044105052948
3851,0.3720870614051819
3852,0.5422016978263855
3853,0.3098127245903015
3854,0.19085684418678284
3855,0.28433239459991455
3856,0.648505687713623
3857,0.6700325608253479
3858,0.2620067000389099
3859,0.5316274762153625
3860,0.46710848808288574
3861,0.47047188878059387
3862,0.4783707559108734
3863,0.5389900207519531
3864,0.4838728606700897
3865,0.1853511780500412
3866,0.6580821871757507
3867,0.6046595573425293
3868,0.415750116109848
3869,0.4924050271511078
3870,0.5571169853210449
3871,0.4924374520778656
3872,0.4715978801250458
3873,0.575507402420044
3874,0.3754849135875702
3875,0.3259706497192383
3876,0.4000173509120941
3877,0.1837892234325409
3878,0.17896215617656708
3879,0.4702865481376648
3880,0.44736289978027344
3881,0.49735575914382935
3882,0.5399736762046814
3883,0.595354437828064
3884,0.3393433392047882
3885,0.39314156770706177
3886,0.18136772513389587
3887,0.26177921891212463
3888,0.6404337882995605
3889,0.2533644735813141
3890,0.4872257113456726
3891,0.4399864971637726
3892,0.4205684959888458
3893,0.7340826392173767
3894,0.5672752261161804
3895,0.2658107578754425
3896,0.40578195452690125
3897,0.19730427861213684
3898,0.2879323661327362
3899,0.4626106917858124
3900,0.3314315974712372
3901,0.5017248392105103
3902,0.5119047164916992
3903,0.44145894050598145
3904,0.7111362814903259
3905,0.4103751480579376
3906,0.3713775873184204
3907,0.3598298728466034
3908,0.6544789671897888
3909,0.9115781784057617
3910,0.5202897787094116
3911,0.18718978762626648
3912,0.3256782591342926
3913,0.6195937991142273
3914,0.5027400255203247
3915,0.5578259825706482
3916,0.009007132612168789
3917,0.635044276714325
3918,0.3343997001647949
3919,0.455989807844162
3920,0.4071832597255707
3921,0.43132901191711426
3922,0.49812233448028564
3923,0.42496681213378906
3924,0.37287381291389465
3925,0.40356022119522095
3926,0.6270992755889893
3927,0.4389159083366394
3928,0.5005438327789307
3929,0.5174112915992737
3930,0.5986229181289673
3931,0.6047661304473877
3932,0.5302058458328247
3933,0.3215508759021759
3934,0.4610169529914856
3935,0.6165845990180969
3936,0.4016784429550171
3937,0.5251330733299255
3938,0.5731043219566345
3939,0.5037826895713806
3940,0.36297476291656494
3941,0.6551942825317383
3942,0.15109987556934357
3943,0.4345676004886627
3944,0.4755505919456482
3945,0.5775717496871948
3946,0.6688450574874878
3947,0.5172028541564941
3948,0.28511297702789307
3949,0.16488198935985565
3950,0.18198414146900177
3951,0.35141459107398987
3952,0.2575239837169647
3953,0.7192541360855103
3954,0.6646059155464172
3955,0.18705816566944122
3956,0.35108983516693115
3957,0.16681969165802002
3958,0.32224181294441223
3959,0.2336224615573883
3960,0.22418782114982605
3961,0.6419106125831604
3962,0.460405558347702
3963,0.6818110942840576
3964,0.28194764256477356
3965,0.32566899061203003
3966,0.08912039548158646
3967,0.14230234920978546
3968,0.5985276103019714
3969,0.3195452094078064
3970,0.37967151403427124
3971,0.612747073173523
3972,0.7597266435623169
3973,0.4288250803947449
3974,0.4740780293941498
3975,0.6211548447608948
3976,0.241110697388649
3977,0.425543874502182
3978,0.3252978026866913
3979,0.3353866934776306
3980,0.5692792534828186
3981,0.5203900337219238
3982,0.7336970567703247
3983,0.4716673791408539
3984,0.33266493678092957
3985,0.6880940198898315
3986,0.5355082154273987
3987,0.3134360611438751
3988,0.3215663731098175
3989,0.368516743183136
3990,0.26125162839889526
3991,0.6316556930541992
3992,0.4091103672981262
3993,0.3715076446533203
3994,0.5735132098197937
3995,0.27779245376586914
3996,0.5225073099136353
3997,0.29836365580558777
3998,0.13820233941078186
3999,0.6070066690444946
4000,0.3657776415348053
4001,0.24452552199363708
4002,0.48617467284202576
4003,0.2849520742893219
4004,0.3494347929954529
4005,0.5759387612342834
4006,0.4980352520942688
4007,0.32667380571365356
4008,0.4508323669433594
4009,0.602626621723175
4010,0.6350898742675781
4011,0.411051481962204
4012,0.6199989914894104
4013,0.35989296436309814
4014,0.5353541970252991
4015,0.3855142593383789
4016,0.6341620683670044
4017,0.38616710901260376
4018,0.7119598984718323
4019,0.385010689496994
4020,0.40937358140945435
4021,0.32899072766304016
4022,0.5596068501472473
4023,0.7770431041717529
4024,0.3683167099952698
4025,0.34572547674179077
4026,-0.0720929428935051
4027,0.49866804480552673
4028,0.4769570827484131
4029,0.3400983512401581
4030,0.46299800276756287
4031,0.5369189381599426
4032,0.6500755548477173
4033,0.5294163227081299
4034,0.5361302495002747
4035,0.40127530694007874
4036,0.45616114139556885
4037,0.5637979507446289
4038,0.4706733822822571
4039,0.45562660694122314
4040,0.3713066279888153
4041,0.6810685992240906
4042,0.47517648339271545
4043,0.8352913856506348
4044,0.5284784436225891
4045,0.4946307837963104
4046,0.3013966977596283
4047,0.5488592982292175
4048,0.4927568733692169
4049,0.20680974423885345
4050,0.714958906173706
4051,0.2854400873184204
4052,0.4150668978691101
4053,0.6786840558052063
4054,0.555162250995636
4055,0.5336058735847473
4056,0.3792930543422699
4057,0.38865530490875244
4058,0.657737672328949
4059,0.42336586117744446
4060,0.6747725605964661
4061,0.4641275703907013
4062,0.384615957736969
4063,0.33828043937683105
4064,0.508525013923645
4065,0.5835719108581543
4066,0.4339323341846466
4067,0.4904603958129883
4068,0.4612266421318054
4069,0.23210781812667847
4070,0.5301938652992249
4071,0.184663325548172
4072,0.2168801873922348
4073,0.49273914098739624
4074,0.35810184478759766
4075,0.302175372838974
4076,0.48853084444999695
4077,0.5190503001213074
4078,0.3533824384212494
4079,0.39097538590431213
4080,0.49753260612487793
4081,0.357755571603775
4082,0.8099384903907776
4083,0.5698556900024414
4084,0.316428005695343
4085,0.24487152695655823
4086,0.537238597869873
4087,0.11786283552646637
4088,0.40383490920066833
4089,0.27974259853363037
4090,0.4831996262073517
4091,0.2712576985359192
4092,0.41168418526649475
4093,0.21035616099834442
4094,0.28071731328964233
4095,0.5670508146286011
4096,0.45511406660079956
4097,0.524822473526001
4098,0.41959232091903687
4099,0.21927203238010406
4100,0.4773171544075012
4101,0.2605014145374298
4102,0.4819950759410858
4103,0.48665866255760193
4104,0.4181840121746063
4105,0.46622800827026367
4106,0.1771818995475769
4107,0.46155300736427307
4108,0.5755980014801025
4109,0.5808993577957153
4110,0.5434491038322449
4111,0.3789813816547394
4112,0.358410507440567
4113,0.49996981024742126
4114,0.4903973937034607
4115,0.5287555456161499
4116,0.48606500029563904
4117,0.013305215165019035
4118,0.16331049799919128
4119,0.501933217048645
4120,0.5058807730674744
4121,0.3170902132987976
4122,0.452775239944458
4123,0.3431587815284729
4124,0.2685847580432892
4125,0.5345796942710876
4126,0.447096586227417
4127,0.29355788230895996
4128,0.2792253792285919
4129,0.39175164699554443
4130,0.47762665152549744
4131,0.6875895857810974
4132,0.108815997838974
4133,0.4273013770580292
4134,0.19024091958999634
4135,0.5475590825080872
4136,0.6928591132164001
4137,0.4665311276912689
4138,0.4448970854282379
4139,0.5232608318328857
4140,0.44971561431884766
4141,0.44461703300476074
4142,0.3415708541870117
4143,0.342021644115448
4144,0.40213319659233093
4145,0.5478476285934448
4146,0.6512300968170166
4147,0.7057707905769348
4148,0.5547976493835449
4149,0.28185245394706726
4150,0.3921094536781311
4151,0.25993767380714417
4152,0.37423843145370483
4153,0.16360719501972198
4154,0.46646392345428467
4155,0.661434531211853
4156,0.4987928867340088
4157,0.576819658279419
4158,0.44439685344696045
4159,0.7058229446411133
4160,0.3805558979511261
4161,0.30708885192871094
4162,0.6092163324356079
4163,0.5779072046279907
4164,0.43768373131752014
4165,0.5555756688117981
4166,0.43635526299476624
4167,0.743226945400238
4168,0.19536319375038147
4169,0.4759717583656311
4170,0.7920054197311401
4171,0.38141369819641113
4172,0.5265495777130127
4173,0.4885123074054718
4174,0.8637398481369019
4175,0.6415866017341614
4176,0.749226987361908
4177,0.309008926153183
4178,0.2694064676761627
4179,0.5088774561882019
4180,0.49232202768325806
4181,0.3648952841758728
4182,0.30310726165771484
4183,0.48915210366249084
4184,0.4067341983318329
4185,0.725905179977417
4186,0.5413490533828735
4187,0.5197285413742065
4188,0.528120756149292
4189,0.31154850125312805
4190,0.48792392015457153
4191,0.12778837978839874
4192,0.549574077129364
4193,0.5409048795700073
4194,0.3191027343273163
4195,0.7764571905136108
4196,0.6019335985183716
4197,0.23571787774562836
4198,0.5752074122428894
4199,0.31616732478141785
4200,0.21421325206756592
4201,0.323501318693161
4202,0.27115631103515625
4203,0.33376526832580566
4204,0.4757997989654541
4205,0.37222743034362793
4206,0.3530903160572052
4207,0.5374491214752197
4208,0.6960822343826294
4209,0.20080505311489105
4210,0.5511958003044128
4211,0.30788716673851013
4212,0.4224192500114441
4213,0.27963268756866455
4214,0.37037864327430725
4215,0.40570515394210815
4216,0.5221948027610779
4217,0.38254284858703613
4218,0.26309022307395935
4219,0.2452062964439392
4220,0.41641542315483093
4221,0.5328749418258667
4222,0.4765556752681732
4223,0.5206516981124878
4224,0.35659632086753845
4225,0.6070137619972229
4226,0.3725593090057373
4227,0.34850215911865234
4228,0.4208385646343231
4229,0.39493483304977417
4230,0.6558504700660706
4231,0.3440321087837219
4232,0.4747444987297058
4233,0.28530386090278625
4234,0.3604666292667389
4235,0.21154989302158356
4236,0.5665597319602966
4237,0.26795047521591187
4238,0.4675411581993103
4239,0.5612988471984863
4240,0.4485735595226288
4241,0.16987492144107819
4242,0.5388579368591309
4243,0.5742107629776001
4244,0.6568613648414612
4245,0.28308701515197754
4246,0.44265592098236084
4247,0.44880303740501404
4248,0.43038973212242126
4249,0.3956339955329895
4250,0.3761194944381714
4251,0.4446268677711487
4252,0.30241239070892334
4253,0.3503202199935913
4254,0.11106225848197937
4255,0.4101378917694092
4256,0.42913246154785156
4257,0.5355374217033386
4258,0.46492764353752136
4259,0.529975414276123
4260,0.3804668188095093
4261,0.08942367136478424
4262,0.1662009060382843
4263,0.39919769763946533
4264,0.7930218577384949
4265,0.2982901930809021
4266,0.2545054852962494
4267,0.8717119693756104
4268,0.40707385540008545
4269,0.7659441828727722
4270,0.7000677585601807
4271,0.11625752598047256
4272,0.4411928355693817
4273,0.3821538984775543
4274,0.2925056219100952
4275,0.5371057987213135
4276,0.42836815118789673
4277,0.329579621553421
4278,0.6693059206008911
4279,0.20269475877285004
4280,0.5465043187141418
4281,0.3649934232234955
4282,0.5133560299873352
4283,0.36187389492988586
4284,0.4216468632221222
4285,0.5676583051681519
4286,0.5008159279823303
4287,0.4538450539112091
4288,0.4831925332546234
4289,0.7512813210487366
4290,0.16926351189613342
4291,0.4234791398048401
4292,0.4490201473236084
4293,0.6682348847389221
4294,0.4276513159275055
4295,0.4506036937236786
4296,0.43718647956848145
4297,0.17836323380470276
4298,0.30012068152427673
4299,0.17932526767253876
4300,0.3173913061618805
4301,0.3041684329509735
4302,0.14544427394866943
4303,0.7004433274269104
4304,0.6014056205749512
4305,0.479000061750412
4306,0.4690832793712616
4307,0.5718021988868713
4308,0.4457379877567291
4309,0.2883816659450531
4310,0.479887455701828
4311,0.3882661759853363
4312,0.26187941431999207
4313,0.1916418820619583
4314,0.3376527726650238
4315,0.5141741633415222
4316,0.4664095938205719
4317,0.19602198898792267
4318,0.16113682091236115
4319,0.42306631803512573
4320,0.6957116723060608
4321,0.4572497010231018
4322,0.6474326848983765
4323,0.5616081357002258
4324,0.15816143155097961
4325,0.09135307371616364
4326,0.6144779920578003
4327,0.3681235909461975
4328,0.33915579319000244
4329,0.532044529914856
4330,0.37157437205314636
4331,0.7295190095901489
4332,0.42142510414123535
4333,0.6180552244186401
4334,0.2672087848186493
4335,0.22503963112831116
4336,0.43653297424316406
4337,0.5779701471328735
4338,0.4353382885456085
4339,0.3987624943256378
4340,0.4440622329711914
4341,0.7916053533554077
4342,0.10671386122703552
4343,0.2271701842546463
4344,0.48315757513046265
4345,0.5757928490638733
4346,0.5693555474281311
4347,0.6015783548355103
4348,0.47231152653694153
4349,0.4823671281337738
4350,0.21349409222602844
4351,0.4423925578594208
4352,0.5250210165977478
4353,0.5565841197967529
4354,0.6820493936538696
4355,0.455941766500473
4356,0.40707507729530334
4357,0.385420024394989
4358,0.17749932408332825
4359,0.32290834188461304
4360,0.4065202474594116
4361,0.4370151460170746
4362,0.5009527206420898
4363,0.36220523715019226
4364,0.35224372148513794
4365,0.38144999742507935
4366,0.5752348899841309
4367,0.6401098966598511
4368,0.37685996294021606
4369,0.40824922919273376
4370,0.5063433647155762
4371,0.6573079824447632
4372,0.47415852546691895
4373,0.2908686399459839
4374,0.532577395439148
4375,0.5767697691917419
4376,0.5244200825691223
4377,0.47818323969841003
4378,0.4753512740135193
4379,0.7603986859321594
4380,0.2683120369911194
4381,0.5014674663543701
4382,0.26340511441230774
4383,0.5145737528800964
4384,0.338799387216568
4385,0.6595936417579651
4386,0.33198082447052
4387,0.37848132848739624
4388,0.36490413546562195
4389,0.2701750695705414
4390,0.19875505566596985
4391,0.2816206216812134
4392,0.7195637226104736
4393,0.40500250458717346
4394,0.6203374266624451
4395,0.653694212436676
4396,0.6915906667709351
4397,0.42888402938842773
4398,0.7492855787277222
4399,0.6514724493026733
4400,0.325798898935318
4401,0.4108220040798187
4402,0.23352868854999542
4403,0.3929264545440674
4404,0.5944769978523254
4405,0.17539937794208527
4406,0.5865775346755981
4407,0.5372991561889648
4408,0.1908372938632965
4409,0.27104365825653076
4410,0.475172221660614
4411,0.48422977328300476
4412,0.3698103427886963
4413,0.29637038707733154
4414,0.8777281045913696
4415,0.23865380883216858
4416,0.5431424379348755
4417,0.5759567022323608
4418,0.2968042492866516
4419,0.6522234678268433
4420,0.35152578353881836
4421,0.4761401414871216
4422,0.26669931411743164
4423,0.810832679271698
4424,0.3023783564567566
4425,0.3352504074573517
4426,0.601563572883606
4427,0.5482052564620972
4428,0.40635406970977783
4429,0.4585494101047516
4430,0.5551784634590149
4431,0.6470246911048889
4432,0.17428997159004211
4433,0.33764663338661194
4434,0.17111121118068695
4435,0.5501935482025146
4436,0.5882431268692017
4437,0.44114652276039124
4438,0.3765992224216461
4439,0.5849486589431763
4440,0.7965701818466187
4441,0.19373181462287903
4442,0.6404216885566711
4443,0.5266070365905762
4444,0.6463034152984619
4445,0.3592213988304138
4446,0.49911263585090637
4447,0.378492534160614
4448,0.34216853976249695
4449,0.3307179808616638
4450,0.617316484451294
4451,0.4572959840297699
4452,0.5199436545372009
4453,0.3948298692703247
4454,0.4694550633430481
4455,0.4007187783718109
4456,0.5520247220993042
4457,0.6160436272621155
4458,0.47904449701309204
4459,0.11710108816623688
4460,0.3800354301929474
4461,0.4204745292663574
4462,0.29194483160972595
4463,0.32061147689819336
4464,0.31245681643486023
4465,0.22421813011169434
4466,0.4444465935230255
4467,0.3950992226600647
4468,0.2913357615470886
4469,0.42104753851890564
4470,0.23020495474338531
4471,0.4355463981628418
4472,0.5065450072288513
4473,0.520499587059021
4474,0.8651490807533264
4475,0.4497371315956116
4476,0.6396243572235107
4477,0.3894236385822296
4478,0.450369656085968
4479,0.6039151549339294
4480,0.7479873895645142
4481,0.28325575590133667
4482,0.25208669900894165
4483,0.3393525779247284
4484,0.3706008791923523
4485,0.10361556708812714
4486,0.5233492255210876
4487,0.2350558340549469
4488,0.520079493522644
4489,0.6051415205001831
4490,0.39873695373535156
4491,0.55843585729599
4492,0.2684604823589325
4493,0.5583623647689819
4494,0.5276338458061218
4495,0.48927780985832214
4496,0.5109288096427917
4497,0.5949952602386475
4498,0.5690816640853882
4499,0.47926974296569824
4500,0.5540013909339905
4501,0.46489980816841125
4502,0.34520047903060913
4503,0.49090898036956787
4504,0.6638332605361938
4505,0.4046347737312317
4506,0.545641303062439
4507,0.22642624378204346
4508,0.583644688129425
4509,0.4344214200973511
4510,0.4520507752895355
4511,0.2754553258419037
4512,0.366237998008728
4513,0.47952476143836975
4514,0.6630069613456726
4515,0.48863402009010315
4516,0.5361952185630798
4517,0.47109848260879517
4518,0.6319941282272339
4519,0.5310382843017578
4520,0.4056090712547302
4521,0.48145508766174316
4522,0.4957296848297119
4523,0.6557782888412476
4524,0.33796393871307373
4525,0.6895797848701477
4526,0.3873625099658966
4527,0.2274993658065796
4528,0.49811258912086487
4529,0.8163485527038574
4530,0.22447021305561066
4531,0.4127570390701294
4532,0.14286629855632782
4533,0.5817259550094604
4534,0.36419785022735596
4535,0.32353177666664124
4536,0.33251744508743286
4537,0.5726498961448669
4538,0.5395207405090332
4539,0.23545658588409424
4540,0.3672748804092407
4541,0.2610877752304077
4542,0.502618134021759
4543,0.5346110463142395
4544,0.4059542119503021
4545,0.3831188380718231
4546,0.49885740876197815
4547,0.20467358827590942
4548,0.28223493695259094
4549,0.1623976081609726
4550,0.3266690671443939
4551,0.2890850007534027
4552,0.21469762921333313
4553,0.6005749702453613
4554,0.29190394282341003
4555,0.799304723739624
4556,0.5087708234786987
4557,0.13382430374622345
4558,0.2942320704460144
4559,0.5478382110595703
4560,0.4030262529850006
4561,0.2759898900985718
4562,0.6618313789367676
4563,0.5246378779411316
4564,0.5285105109214783
4565,0.315382719039917
4566,0.6497493982315063
4567,0.5242526531219482
4568,0.7158259749412537
4569,0.31413763761520386
4570,0.4325532019138336
4571,0.4772486984729767
4572,0.7662882804870605
4573,0.10867363214492798
4574,0.3853607475757599
4575,0.40524762868881226
4576,0.5382373929023743
4577,0.44210994243621826
4578,0.7854240536689758
4579,0.15618032217025757
4580,0.3497273027896881
4581,0.30044519901275635
4582,0.2725997567176819
4583,0.197575181722641
4584,0.2587165832519531
4585,0.5747952461242676
4586,0.5310973525047302
4587,0.601576566696167
4588,0.4072631895542145
4589,0.16793863475322723
4590,0.5831058025360107
4591,0.18343700468540192
4592,0.25620055198669434
4593,0.5122115612030029
4594,0.5102186799049377
4595,0.23518480360507965
4596,0.47367551922798157
4597,0.5128886103630066
4598,0.2616763412952423
4599,0.6244566440582275
4600,0.5912710428237915
4601,0.2858380675315857
4602,0.3090320825576782
4603,0.3592546582221985
4604,0.5347015857696533
4605,0.18232232332229614
4606,0.526605486869812
4607,0.5701242089271545
4608,0.3135952651500702
4609,0.562660276889801
4610,0.44236937165260315
4611,0.8146974444389343
4612,0.6593589782714844
4613,0.3239345848560333
4614,0.6293758153915405
4615,0.5152090787887573
4616,0.48395979404449463
4617,0.32487010955810547
4618,0.20202167332172394
4619,0.45497268438339233
4620,0.40951842069625854
4621,0.5022417306900024
4622,0.34725162386894226
4623,0.7128661274909973
4624,0.3525124788284302
4625,0.6218664050102234
4626,0.4873945415019989
4627,0.658211350440979
4628,0.6415613889694214
4629,0.496122270822525
4630,0.34815070033073425
4631,0.3101206421852112
4632,0.603661298751831
4633,0.6373500823974609
4634,0.5517764687538147
4635,0.48093295097351074
4636,0.36161309480667114
4637,0.4342009127140045
4638,0.5286684036254883
4639,0.39503735303878784
4640,0.4082801640033722
4641,0.4759986400604248
4642,0.3845789134502411
4643,0.622439980506897
4644,0.20210853219032288
4645,0.3783399760723114
4646,0.4521169364452362
4647,0.34311750531196594
4648,0.7585904002189636
4649,0.44711020588874817
4650,0.196999654173851
4651,0.0706159844994545
4652,0.8712104558944702
4653,0.37862974405288696
4654,0.528305172920227
4655,0.43974295258522034
4656,0.24985836446285248
4657,0.10807905346155167
4658,0.20145122706890106
4659,0.47890570759773254
4660,0.3883020281791687
4661,0.3497878909111023
4662,0.8725607991218567
4663,0.5332848429679871
4664,0.4737392067909241
4665,0.37230077385902405
4666,0.36605507135391235
4667,0.5060495138168335
4668,0.44868525862693787
4669,0.3514164388179779
4670,0.5395450592041016
4671,0.3255181908607483
4672,0.26919615268707275
4673,0.6849051117897034
4674,0.29182547330856323
4675,0.5842193961143494
4676,0.4020913541316986
4677,0.45966100692749023
4678,0.44562557339668274
4679,0.48385563492774963
4680,0.3926183581352234
4681,0.7502355575561523
4682,0.5531283020973206
4683,0.21407777070999146
4684,0.5198630094528198
4685,0.5534144639968872
4686,0.19675570726394653
4687,0.2541716396808624
4688,0.3387165665626526
4689,0.3652227222919464
4690,0.6389742493629456
4691,0.8371298909187317
4692,0.31467384099960327
4693,0.24477654695510864
4694,0.534206211566925
4695,0.36288952827453613
4696,0.3895583152770996
4697,0.6747879385948181
4698,0.37142717838287354
4699,0.4935702979564667
4700,0.4620808959007263
4701,0.6202003955841064
4702,0.6578686237335205
4703,0.4475981891155243
4704,0.5686902403831482
4705,0.4632565975189209
4706,0.4370492994785309
4707,0.40455833077430725
4708,0.7656728029251099
4709,0.0038043265230953693
4710,0.7525312304496765
4711,0.41030555963516235
4712,0.6039509177207947
4713,0.4644436836242676
4714,0.6659492254257202
4715,0.39288726449012756
4716,0.27324554324150085
4717,0.5470955967903137
4718,0.5407297611236572
4719,0.8455854058265686
4720,0.6467083096504211
4721,0.3549949526786804
4722,0.5844807028770447
4723,0.4968547821044922
4724,0.5468630790710449
4725,0.2376726120710373
4726,0.18749453127384186
4727,0.5146812200546265
4728,0.32199719548225403
4729,0.6152174472808838
4730,0.5110592842102051
4731,0.7413363456726074
4732,0.33673375844955444
4733,0.1560334414243698
4734,0.274281769990921
4735,0.4269028902053833
4736,0.438243567943573
4737,0.2560923993587494
4738,0.25200146436691284
4739,0.1669788956642151
4740,0.35695549845695496
4741,0.5551156401634216
4742,0.24939553439617157
4743,0.5370160341262817
4744,0.6055268049240112
4745,0.5134741067886353
4746,0.4948403239250183
4747,0.4040611982345581
4748,0.6638368368148804
4749,0.32377758622169495
4750,0.5190621018409729
4751,0.36911699175834656
4752,0.5202459692955017
4753,0.8723516464233398
4754,0.5740251541137695
4755,0.4404332637786865
4756,0.43955516815185547
4757,0.4323899447917938
4758,0.38817039132118225
4759,0.4172841012477875
4760,0.5189274549484253
4761,0.37285956740379333
4762,0.6890555024147034
4763,0.2564328908920288
4764,0.5279363393783569
4765,0.2737526595592499
4766,0.26862189173698425
4767,0.34910646080970764
4768,0.554811954498291
4769,0.5295024514198303
4770,0.43884846568107605
4771,0.48508378863334656
4772,0.4799966812133789
4773,0.43359148502349854
4774,0.2944296896457672
4775,0.42438140511512756
4776,0.2648981809616089
4777,0.3467193841934204
4778,0.6745110154151917
4779,0.6109914779663086
4780,0.32288551330566406
4781,0.31127727031707764
4782,0.2733522951602936
4783,0.3401155471801758
4784,0.7613278031349182
4785,0.3602253496646881
4786,0.5486710071563721
4787,0.2583533227443695
4788,0.43765705823898315
4789,0.40268662571907043
4790,0.45175713300704956
4791,0.2666292190551758
4792,0.0402061752974987
4793,0.5270967483520508
4794,0.3244650959968567
4795,0.25765377283096313
4796,0.4539719223976135
4797,0.7256249189376831
4798,0.6638843417167664
4799,0.6007347702980042
4800,0.8132256865501404
4801,0.7786451578140259
4802,0.36324331164360046
4803,0.8436429500579834
4804,0.5348567366600037
4805,0.15106870234012604
4806,0.41352999210357666
4807,0.4162725508213043
4808,0.27609580755233765
4809,0.47107717394828796
4810,0.5692958235740662
4811,0.3653740882873535
4812,0.4361135959625244
4813,0.3499530553817749
4814,0.16324101388454437
4815,0.5340473055839539
4816,0.22250144183635712
4817,0.1926843523979187
4818,0.2504660189151764
4819,0.12639380991458893
4820,0.5517184138298035
4821,0.3827269673347473
4822,0.48006394505500793
4823,0.3371337950229645
4824,0.3021291494369507
4825,0.368654727935791
4826,0.42987939715385437
4827,0.6715449094772339
4828,0.4346787929534912
4829,0.3575707972049713
4830,0.5809542536735535
4831,0.4192095398902893
4832,0.49080631136894226
4833,0.3659582734107971
4834,0.5306384563446045
4835,0.6041781306266785
4836,0.12138238549232483
4837,0.5327346324920654
4838,0.3500429391860962
4839,0.477447509765625
4840,0.21581009030342102
4841,0.8018888831138611
4842,0.6002680659294128
4843,0.4402320384979248
4844,0.43907397985458374
4845,0.5896210074424744
4846,0.35841259360313416
4847,0.31524375081062317
4848,0.26342490315437317
4849,0.4682769477367401
4850,0.5987780690193176
4851,0.3353689908981323
4852,0.31039825081825256
4853,0.43682003021240234
4854,0.513752818107605
4855,0.2785414755344391
4856,0.5195732712745667
4857,0.5902608036994934
4858,0.5076566338539124
4859,0.80222088098526
4860,0.27010834217071533
4861,0.57093346118927
4862,0.455873042345047
4863,0.6139548420906067
4864,0.3731010854244232
4865,0.3946547210216522
4866,0.5580276250839233
4867,0.40709441900253296
4868,0.471140056848526
4869,0.3292334973812103
4870,0.5841370820999146
4871,0.26290571689605713
4872,0.3556753396987915
4873,0.22041000425815582
4874,0.4585501253604889
4875,0.6834608912467957
4876,0.4236522614955902
4877,0.8951597213745117
4878,0.2705122232437134
4879,0.24375119805335999
4880,0.38659271597862244
4881,0.4979821741580963
4882,0.7682382464408875
4883,0.4174805283546448
4884,0.36667025089263916
4885,0.6174451112747192
4886,0.5999000072479248
4887,0.5817691683769226
4888,0.22053614258766174
4889,0.555437445640564
4890,0.5895187854766846
4891,0.5696064233779907
4892,0.3597269356250763
4893,0.212431862950325
4894,0.48081275820732117
4895,0.49463310837745667
4896,0.10041104257106781
4897,0.584170937538147
4898,0.32343199849128723
4899,0.5782769322395325
4900,0.6334800720214844
4901,0.39516228437423706
4902,0.3074938952922821
4903,0.5817392468452454
4904,0.5641871094703674
4905,0.46169838309288025
4906,0.6958269476890564
4907,0.45926418900489807
4908,0.5776824951171875
4909,0.3280382752418518
4910,0.3165067136287689
4911,0.37883833050727844
4912,0.44709163904190063
4913,0.4478570222854614
4914,0.6260490417480469
4915,0.42717525362968445
4916,0.5450201034545898
4917,0.32074472308158875
4918,0.32839956879615784
4919,0.25666648149490356
4920,0.524530291557312
4921,0.726121723651886
4922,0.631590723991394
4923,0.4885568618774414
4924,0.5794483423233032
4925,0.38109660148620605
4926,0.48121127486228943
4927,0.2918615937232971
4928,0.5388461351394653
4929,0.7045681476593018
4930,0.3996806740760803
4931,0.4950592815876007
4932,0.23901312053203583
4933,0.49978333711624146
4934,0.5297068953514099
4935,0.437518835067749
4936,0.3487480878829956
4937,0.23458613455295563
4938,0.5063610672950745
4939,0.2762548327445984
4940,0.7004249095916748
4941,0.3770459294319153
4942,0.3842372000217438
4943,0.7031573057174683
4944,0.5624339580535889
4945,0.5580297708511353
