protein,AARS_K562,AATF_K562,ABCF1_K562,AGGF1_HepG2,AGGF1_K562,AKAP1_HepG2,AKAP1_K562,AKAP8L_K562,APOBEC3C_K562,AQR_HepG2,AQR_K562,BCCIP_HepG2,BCLAF1_HepG2,BUD13_HepG2,BUD13_K562,CDC40_HepG2,CPEB4_K562,CPSF6_K562,CSTF2_HepG2,CSTF2T_HepG2,CSTF2T_K562,DDX21_K562,DDX24_K562,DDX3X_HepG2,DDX3X_K562,DDX42_K562,DDX51_K562,DDX52_HepG2,DDX52_K562,DDX55_HepG2,DDX55_K562,DDX59_HepG2,DDX6_HepG2,DDX6_K562,DGCR8_HepG2,DGCR8_K562,DHX30_HepG2,DHX30_K562,DKC1_HepG2,DROSHA_HepG2,DROSHA_K562,EFTUD2_HepG2,EFTUD2_K562,EIF3D_HepG2,EIF3G_K562,EIF3H_HepG2,EIF4G2_K562,EWSR1_K562,EXOSC5_HepG2,EXOSC5_K562,FAM120A_HepG2,FAM120A_K562,FASTKD2_HepG2,FASTKD2_K562,FKBP4_HepG2,FMR1_K562,FTO_HepG2,FTO_K562,FUBP3_HepG2,FUS_HepG2,FUS_K562,FXR1_K562,FXR2_HepG2,FXR2_K562,G3BP1_HepG2,GEMIN5_K562,GNL3_K562,GPKOW_K562,GRSF1_HepG2,GRWD1_HepG2,GRWD1_K562,GTF2F1_HepG2,GTF2F1_K562,HLTF_HepG2,HLTF_K562,HNRNPA1_HepG2,HNRNPA1_K562,HNRNPC_HepG2,HNRNPC_K562,HNRNPK_HepG2,HNRNPK_K562,HNRNPL_HepG2,HNRNPL_K562,HNRNPM_HepG2,HNRNPM_K562,HNRNPU_HepG2,HNRNPU_K562,HNRNPUL1_HepG2,HNRNPUL1_K562,IGF2BP1_HepG2,IGF2BP1_K562,IGF2BP2_K562,IGF2BP3_HepG2,ILF3_HepG2,ILF3_K562,KHDRBS1_K562,KHSRP_HepG2,KHSRP_K562,LARP4_HepG2,LARP4_K562,LARP7_HepG2,LARP7_K562,LIN28B_HepG2,LIN28B_K562,LSM11_HepG2,LSM11_K562,MATR3_HepG2,MATR3_K562,METAP2_K562,MTPAP_K562,NCBP2_HepG2,NCBP2_K562,NIP7_HepG2,NIPBL_K562,NKRF_HepG2,NOL12_HepG2,NOLC1_HepG2,NOLC1_K562,NONO_K562,NPM1_K562,NSUN2_K562,PABPC4_K562,PABPN1_HepG2,PCBP1_HepG2,PCBP1_K562,PCBP2_HepG2,PHF6_K562,POLR2G_HepG2,PPIG_HepG2,PPIL4_K562,PRPF4_HepG2,PRPF8_HepG2,PRPF8_K562,PTBP1_HepG2,PTBP1_K562,PUM1_K562,PUM2_K562,PUS1_K562,QKI_HepG2,QKI_K562,RBFOX2_HepG2,RBFOX2_K562,RBM15_HepG2,RBM15_K562,RBM22_HepG2,RBM22_K562,RBM5_HepG2,RPS11_K562,RPS3_HepG2,RPS3_K562,SAFB_HepG2,SAFB_K562,SAFB2_K562,SBDS_K562,SDAD1_HepG2,SDAD1_K562,SERBP1_K562,SF3A3_HepG2,SF3B1_K562,SF3B4_HepG2,SF3B4_K562,SFPQ_HepG2,SLBP_K562,SLTM_HepG2,SLTM_K562,SMNDC1_HepG2,SMNDC1_K562,SND1_HepG2,SND1_K562,SRSF1_HepG2,SRSF1_K562,SRSF7_HepG2,SRSF7_K562,SRSF9_HepG2,SSB_HepG2,SSB_K562,STAU2_HepG2,SUB1_HepG2,SUGP2_HepG2,SUPV3L1_HepG2,SUPV3L1_K562,TAF15_HepG2,TAF15_K562,TARDBP_K562,TBRG4_HepG2,TBRG4_K562,TIA1_HepG2,TIA1_K562,TIAL1_HepG2,TRA2A_HepG2,TRA2A_K562,TROVE2_HepG2,TROVE2_K562,U2AF1_HepG2,U2AF1_K562,U2AF2_HepG2,U2AF2_K562,UCHL5_HepG2,UCHL5_K562,UPF1_HepG2,UPF1_K562,UTP18_HepG2,UTP18_K562,UTP3_K562,WDR3_K562,WDR43_HepG2,WDR43_K562,WRN_K562,XPO5_HepG2,XRCC6_HepG2,XRCC6_K562,XRN2_HepG2,XRN2_K562,YBX3_HepG2,YBX3_K562,YWHAG_K562,ZC3H11A_HepG2,ZC3H11A_K562,ZC3H8_K562,ZNF622_K562,ZNF800_HepG2,ZNF800_K562,ZRANB2_K562
AARS_K562,1.0,1.0,1.0,1.0,1.0,1.0,0.9999508,1.0,1.0,1.0,1.0,1.0,0.99999964,1.0,1.0,1.0,1.0,1.0,1.0,1.0,1.0,1.0,1.0,1.0,1.0,1.0,1.0,1.0,1.0,0.99999946,1.0,1.0,1.0,1.0,1.0,0.9999981,1.0,1.0,1.0,1.0,1.0,1.0,1.0,1.0,1.0,1.0,1.0,1.0,1.0,1.0,1.0,1.0,1.0,1.0,1.0,1.0,1.0,1.0,1.0,1.0,1.0,1.0,1.0,1.0,1.0,1.0,1.0,1.0,1.0,0.99999374,1.0,1.0,1.0,1.0,1.0,1.0,1.0,1.0,1.0,1.0,1.0,1.0,1.0,1.0,1.0,0.99999905,1.0,1.0,1.0,1.0,1.0,1.0,1.0,0.999998,1.0,1.0,1.0,1.0,1.0,1.0,1.0,1.0,1.0,0.99999803,1.0,0.9999916,1.0,1.0,1.0,1.0,1.0,1.0,1.0,1.0,1.0,1.0,1.0,1.0,0.9999991,1.0,1.0,1.0,1.0,1.0,1.0,1.0,1.0,1.0,1.0,1.0,1.0,1.0,1.0,1.0,1.0,1.0,1.0,1.0,1.0,1.0,1.0,1.0,1.0,1.0,1.0,1.0,1.0,1.0,1.0,1.0,1.0,1.0,1.0,1.0,1.0,1.0,1.0,1.0,1.0,1.0,1.0,1.0,1.0,1.0,1.0,1.0,1.0,1.0,1.0,1.0,1.0,0.99999976,1.0,1.0,1.0,1.0,1.0,1.0,1.0,1.0,1.0,1.0,1.0,0.99999875,1.0,1.0,1.0,1.0,1.0,1.0,1.0,1.0,1.0,1.0,1.0,1.0,1.0,1.0,1.0,0.9999912,1.0,1.0,1.0,1.0,1.0,1.0,1.0,1.0,1.0,1.0,1.0,1.0,1.0,1.0,0.9999998,1.0,1.0,1.0,1.0,1.0,1.0,1.0,1.0
AATF_K562,1.0,1.0,1.0,1.0,1.0,1.0,0.9999508,1.0,1.0,1.0,1.0,1.0,0.99999964,1.0,1.0,1.0,1.0,1.0,1.0,1.0,1.0,1.0,1.0,1.0,1.0,1.0,1.0,1.0,1.0,0.99999946,1.0,1.0,1.0,1.0,1.0,0.9999981,1.0,1.0,1.0,1.0,1.0,1.0,1.0,1.0,1.0,1.0,1.0,1.0,1.0,1.0,1.0,1.0,1.0,1.0,1.0,1.0,1.0,1.0,1.0,1.0,1.0,1.0,1.0,1.0,1.0,1.0,1.0,1.0,1.0,0.99999374,1.0,1.0,1.0,1.0,1.0,1.0,1.0,1.0,1.0,1.0,1.0,1.0,1.0,1.0,1.0,0.99999905,1.0,1.0,1.0,1.0,1.0,1.0,1.0,0.999998,1.0,1.0,1.0,1.0,1.0,1.0,1.0,1.0,1.0,0.99999803,1.0,0.9999916,1.0,1.0,1.0,1.0,1.0,1.0,1.0,1.0,1.0,1.0,1.0,1.0,0.9999991,1.0,1.0,1.0,1.0,1.0,1.0,1.0,1.0,1.0,1.0,1.0,1.0,1.0,1.0,1.0,1.0,1.0,1.0,1.0,1.0,1.0,1.0,1.0,1.0,1.0,1.0,1.0,1.0,1.0,1.0,1.0,1.0,1.0,1.0,1.0,1.0,1.0,1.0,1.0,1.0,1.0,1.0,1.0,1.0,1.0,1.0,1.0,1.0,1.0,1.0,1.0,1.0,0.99999976,1.0,1.0,1.0,1.0,1.0,1.0,1.0,1.0,1.0,1.0,1.0,0.99999875,1.0,1.0,1.0,1.0,1.0,1.0,1.0,1.0,1.0,1.0,1.0,1.0,1.0,1.0,1.0,0.9999912,1.0,1.0,1.0,1.0,1.0,1.0,1.0,1.0,1.0,1.0,1.0,1.0,1.0,1.0,0.9999998,1.0,1.0,1.0,1.0,1.0,1.0,1.0,1.0
ABCF1_K562,1.0,1.0,1.0,1.0,1.0,1.0,0.9999508,1.0,1.0,1.0,1.0,1.0,0.99999964,1.0,1.0,1.0,1.0,1.0,1.0,1.0,1.0,1.0,1.0,1.0,1.0,1.0,1.0,1.0,1.0,0.99999946,1.0,1.0,1.0,1.0,1.0,0.9999981,1.0,1.0,1.0,1.0,1.0,1.0,1.0,1.0,1.0,1.0,1.0,1.0,1.0,1.0,1.0,1.0,1.0,1.0,1.0,1.0,1.0,1.0,1.0,1.0,1.0,1.0,1.0,1.0,1.0,1.0,1.0,1.0,1.0,0.99999374,1.0,1.0,1.0,1.0,1.0,1.0,1.0,1.0,1.0,1.0,1.0,1.0,1.0,1.0,1.0,0.99999905,1.0,1.0,1.0,1.0,1.0,1.0,1.0,0.999998,1.0,1.0,1.0,1.0,1.0,1.0,1.0,1.0,1.0,0.99999803,1.0,0.9999916,1.0,1.0,1.0,1.0,1.0,1.0,1.0,1.0,1.0,1.0,1.0,1.0,0.9999991,1.0,1.0,1.0,1.0,1.0,1.0,1.0,1.0,1.0,1.0,1.0,1.0,1.0,1.0,1.0,1.0,1.0,1.0,1.0,1.0,1.0,1.0,1.0,1.0,1.0,1.0,1.0,1.0,1.0,1.0,1.0,1.0,1.0,1.0,1.0,1.0,1.0,1.0,1.0,1.0,1.0,1.0,1.0,1.0,1.0,1.0,1.0,1.0,1.0,1.0,1.0,1.0,0.99999976,1.0,1.0,1.0,1.0,1.0,1.0,1.0,1.0,1.0,1.0,1.0,0.99999875,1.0,1.0,1.0,1.0,1.0,1.0,1.0,1.0,1.0,1.0,1.0,1.0,1.0,1.0,1.0,0.9999912,1.0,1.0,1.0,1.0,1.0,1.0,1.0,1.0,1.0,1.0,1.0,1.0,1.0,1.0,0.9999998,1.0,1.0,1.0,1.0,1.0,1.0,1.0,1.0
AGGF1_HepG2,1.0,1.0,1.0,1.0,1.0,1.0,0.9999508,1.0,1.0,1.0,1.0,1.0,0.99999964,1.0,1.0,1.0,1.0,1.0,1.0,1.0,1.0,1.0,1.0,1.0,1.0,1.0,1.0,1.0,1.0,0.99999946,1.0,1.0,1.0,1.0,1.0,0.9999981,1.0,1.0,1.0,1.0,1.0,1.0,1.0,1.0,1.0,1.0,1.0,1.0,1.0,1.0,1.0,1.0,1.0,1.0,1.0,1.0,1.0,1.0,1.0,1.0,1.0,1.0,1.0,1.0,1.0,1.0,1.0,1.0,1.0,0.99999374,1.0,1.0,1.0,1.0,1.0,1.0,1.0,1.0,1.0,1.0,1.0,1.0,1.0,1.0,1.0,0.99999905,1.0,1.0,1.0,1.0,1.0,1.0,1.0,0.999998,1.0,1.0,1.0,1.0,1.0,1.0,1.0,1.0,1.0,0.99999803,1.0,0.9999916,1.0,1.0,1.0,1.0,1.0,1.0,1.0,1.0,1.0,1.0,1.0,1.0,0.9999991,1.0,1.0,1.0,1.0,1.0,1.0,1.0,1.0,1.0,1.0,1.0,1.0,1.0,1.0,1.0,1.0,1.0,1.0,1.0,1.0,1.0,1.0,1.0,1.0,1.0,1.0,1.0,1.0,1.0,1.0,1.0,1.0,1.0,1.0,1.0,1.0,1.0,1.0,1.0,1.0,1.0,1.0,1.0,1.0,1.0,1.0,1.0,1.0,1.0,1.0,1.0,1.0,0.99999976,1.0,1.0,1.0,1.0,1.0,1.0,1.0,1.0,1.0,1.0,1.0,0.99999875,1.0,1.0,1.0,1.0,1.0,1.0,1.0,1.0,1.0,1.0,1.0,1.0,1.0,1.0,1.0,0.9999912,1.0,1.0,1.0,1.0,1.0,1.0,1.0,1.0,1.0,1.0,1.0,1.0,1.0,1.0,0.9999998,1.0,1.0,1.0,1.0,1.0,1.0,1.0,1.0
AGGF1_K562,1.0,1.0,1.0,1.0,1.0,1.0,0.9999508,1.0,1.0,1.0,1.0,1.0,0.99999964,1.0,1.0,1.0,1.0,1.0,1.0,1.0,1.0,1.0,1.0,1.0,1.0,1.0,1.0,1.0,1.0,0.99999946,1.0,1.0,1.0,1.0,1.0,0.9999981,1.0,1.0,1.0,1.0,1.0,1.0,1.0,1.0,1.0,1.0,1.0,1.0,1.0,1.0,1.0,1.0,1.0,1.0,1.0,1.0,1.0,1.0,1.0,1.0,1.0,1.0,1.0,1.0,1.0,1.0,1.0,1.0,1.0,0.99999374,1.0,1.0,1.0,1.0,1.0,1.0,1.0,1.0,1.0,1.0,1.0,1.0,1.0,1.0,1.0,0.99999905,1.0,1.0,1.0,1.0,1.0,1.0,1.0,0.999998,1.0,1.0,1.0,1.0,1.0,1.0,1.0,1.0,1.0,0.99999803,1.0,0.9999916,1.0,1.0,1.0,1.0,1.0,1.0,1.0,1.0,1.0,1.0,1.0,1.0,0.9999991,1.0,1.0,1.0,1.0,1.0,1.0,1.0,1.0,1.0,1.0,1.0,1.0,1.0,1.0,1.0,1.0,1.0,1.0,1.0,1.0,1.0,1.0,1.0,1.0,1.0,1.0,1.0,1.0,1.0,1.0,1.0,1.0,1.0,1.0,1.0,1.0,1.0,1.0,1.0,1.0,1.0,1.0,1.0,1.0,1.0,1.0,1.0,1.0,1.0,1.0,1.0,1.0,0.99999976,1.0,1.0,1.0,1.0,1.0,1.0,1.0,1.0,1.0,1.0,1.0,0.99999875,1.0,1.0,1.0,1.0,1.0,1.0,1.0,1.0,1.0,1.0,1.0,1.0,1.0,1.0,1.0,0.9999912,1.0,1.0,1.0,1.0,1.0,1.0,1.0,1.0,1.0,1.0,1.0,1.0,1.0,1.0,0.9999998,1.0,1.0,1.0,1.0,1.0,1.0,1.0,1.0
AKAP1_HepG2,1.0,1.0,1.0,1.0,1.0,1.0,0.9999508,1.0,1.0,1.0,1.0,1.0,0.99999964,1.0,1.0,1.0,1.0,1.0,1.0,1.0,1.0,1.0,1.0,1.0,1.0,1.0,1.0,1.0,1.0,0.99999946,1.0,1.0,1.0,1.0,1.0,0.9999981,1.0,1.0,1.0,1.0,1.0,1.0,1.0,1.0,1.0,1.0,1.0,1.0,1.0,1.0,1.0,1.0,1.0,1.0,1.0,1.0,1.0,1.0,1.0,1.0,1.0,1.0,1.0,1.0,1.0,1.0,1.0,1.0,1.0,0.99999374,1.0,1.0,1.0,1.0,1.0,1.0,1.0,1.0,1.0,1.0,1.0,1.0,1.0,1.0,1.0,0.99999905,1.0,1.0,1.0,1.0,1.0,1.0,1.0,0.999998,1.0,1.0,1.0,1.0,1.0,1.0,1.0,1.0,1.0,0.99999803,1.0,0.9999916,1.0,1.0,1.0,1.0,1.0,1.0,1.0,1.0,1.0,1.0,1.0,1.0,0.9999991,1.0,1.0,1.0,1.0,1.0,1.0,1.0,1.0,1.0,1.0,1.0,1.0,1.0,1.0,1.0,1.0,1.0,1.0,1.0,1.0,1.0,1.0,1.0,1.0,1.0,1.0,1.0,1.0,1.0,1.0,1.0,1.0,1.0,1.0,1.0,1.0,1.0,1.0,1.0,1.0,1.0,1.0,1.0,1.0,1.0,1.0,1.0,1.0,1.0,1.0,1.0,1.0,0.99999976,1.0,1.0,1.0,1.0,1.0,1.0,1.0,1.0,1.0,1.0,1.0,0.99999875,1.0,1.0,1.0,1.0,1.0,1.0,1.0,1.0,1.0,1.0,1.0,1.0,1.0,1.0,1.0,0.9999912,1.0,1.0,1.0,1.0,1.0,1.0,1.0,1.0,1.0,1.0,1.0,1.0,1.0,1.0,0.9999998,1.0,1.0,1.0,1.0,1.0,1.0,1.0,1.0
AKAP1_K562,0.9999508,0.9999508,0.9999508,0.9999508,0.9999508,0.9999508,1.0,0.9999508,0.9999508,0.9999508,0.9999508,0.9999508,0.9999589,0.9999508,0.9999508,0.9999508,0.9999508,0.9999508,0.9999508,0.9999508,0.9999508,0.9999508,0.9999508,0.9999508,0.9999508,0.9999508,0.9999508,0.9999508,0.9999508,0.9999606,0.9999508,0.9999508,0.9999508,0.9999508,0.9999508,0.9999683,0.9999508,0.9999508,0.9999508,0.9999508,0.9999508,0.9999508,0.9999508,0.9999508,0.9999508,0.9999508,0.9999508,0.9999508,0.9999508,0.9999508,0.9999508,0.9999508,0.9999508,0.9999508,0.9999508,0.9999508,0.9999508,0.9999508,0.9999508,0.9999508,0.9999508,0.9999508,0.9999508,0.9999508,0.9999508,0.9999508,0.9999508,0.9999508,0.9999508,0.9999796,0.9999508,0.9999508,0.9999508,0.9999508,0.9999508,0.9999508,0.9999508,0.9999508,0.9999508,0.9999508,0.9999508,0.9999508,0.9999508,0.9999508,0.9999508,0.99996364,0.9999508,0.9999508,0.9999508,0.9999508,0.9999508,0.9999508,0.9999508,0.9999687,0.9999508,0.9999508,0.9999508,0.9999508,0.9999508,0.9999508,0.9999508,0.9999508,0.9999508,0.9999686,0.9999508,0.9999831,0.9999508,0.9999508,0.9999508,0.9999508,0.9999508,0.9999508,0.9999508,0.9999508,0.9999508,0.9999508,0.9999508,0.9999508,0.99996334,0.9999508,0.9999508,0.9999508,0.9999508,0.9999508,0.9999508,0.9999508,0.9999508,0.9999508,0.9999508,0.9999508,0.9999508,0.9999508,0.9999508,0.9999508,0.9999508,0.9999508,0.9999508,0.9999508,0.9999508,0.9999508,0.9999508,0.9999508,0.9999508,0.9999508,0.9999508,0.9999508,0.9999508,0.9999508,0.9999508,0.9999508,0.9999508,0.9999508,0.9999508,0.9999508,0.9999508,0.9999508,0.9999508,0.9999508,0.9999508,0.9999508,0.9999508,0.9999508,0.9999508,0.9999508,0.9999508,0.9999508,0.9999508,0.9999508,0.9999508,0.9999508,0.9999508,0.9999439,0.9999508,0.9999508,0.9999508,0.9999508,0.9999508,0.9999508,0.9999508,0.9999508,0.9999508,0.9999508,0.9999508,0.9999654,0.9999508,0.9999508,0.9999508,0.9999508,0.9999508,0.9999508,0.9999508,0.9999508,0.9999508,0.9999508,0.9999508,0.9999508,0.9999508,0.9999508,0.9999508,0.9999837,0.9999508,0.9999508,0.9999508,0.9999508,0.9999508,0.9999508,0.9999508,0.9999508,0.9999508,0.9999508,0.9999508,0.9999508,0.9999508,0.9999508,0.9999566,0.9999508,0.9999508,0.9999508,0.9999508,0.9999508,0.9999508,0.9999508,0.9999508
AKAP8L_K562,1.0,1.0,1.0,1.0,1.0,1.0,0.9999508,1.0,1.0,1.0,1.0,1.0,0.99999964,1.0,1.0,1.0,1.0,1.0,1.0,1.0,1.0,1.0,1.0,1.0,1.0,1.0,1.0,1.0,1.0,0.99999946,1.0,1.0,1.0,1.0,1.0,0.9999981,1.0,1.0,1.0,1.0,1.0,1.0,1.0,1.0,1.0,1.0,1.0,1.0,1.0,1.0,1.0,1.0,1.0,1.0,1.0,1.0,1.0,1.0,1.0,1.0,1.0,1.0,1.0,1.0,1.0,1.0,1.0,1.0,1.0,0.99999374,1.0,1.0,1.0,1.0,1.0,1.0,1.0,1.0,1.0,1.0,1.0,1.0,1.0,1.0,1.0,0.99999905,1.0,1.0,1.0,1.0,1.0,1.0,1.0,0.999998,1.0,1.0,1.0,1.0,1.0,1.0,1.0,1.0,1.0,0.99999803,1.0,0.9999916,1.0,1.0,1.0,1.0,1.0,1.0,1.0,1.0,1.0,1.0,1.0,1.0,0.9999991,1.0,1.0,1.0,1.0,1.0,1.0,1.0,1.0,1.0,1.0,1.0,1.0,1.0,1.0,1.0,1.0,1.0,1.0,1.0,1.0,1.0,1.0,1.0,1.0,1.0,1.0,1.0,1.0,1.0,1.0,1.0,1.0,1.0,1.0,1.0,1.0,1.0,1.0,1.0,1.0,1.0,1.0,1.0,1.0,1.0,1.0,1.0,1.0,1.0,1.0,1.0,1.0,0.99999976,1.0,1.0,1.0,1.0,1.0,1.0,1.0,1.0,1.0,1.0,1.0,0.99999875,1.0,1.0,1.0,1.0,1.0,1.0,1.0,1.0,1.0,1.0,1.0,1.0,1.0,1.0,1.0,0.9999912,1.0,1.0,1.0,1.0,1.0,1.0,1.0,1.0,1.0,1.0,1.0,1.0,1.0,1.0,0.9999998,1.0,1.0,1.0,1.0,1.0,1.0,1.0,1.0
APOBEC3C_K562,1.0,1.0,1.0,1.0,1.0,1.0,0.9999508,1.0,1.0,1.0,1.0,1.0,0.99999964,1.0,1.0,1.0,1.0,1.0,1.0,1.0,1.0,1.0,1.0,1.0,1.0,1.0,1.0,1.0,1.0,0.99999946,1.0,1.0,1.0,1.0,1.0,0.9999981,1.0,1.0,1.0,1.0,1.0,1.0,1.0,1.0,1.0,1.0,1.0,1.0,1.0,1.0,1.0,1.0,1.0,1.0,1.0,1.0,1.0,1.0,1.0,1.0,1.0,1.0,1.0,1.0,1.0,1.0,1.0,1.0,1.0,0.99999374,1.0,1.0,1.0,1.0,1.0,1.0,1.0,1.0,1.0,1.0,1.0,1.0,1.0,1.0,1.0,0.99999905,1.0,1.0,1.0,1.0,1.0,1.0,1.0,0.999998,1.0,1.0,1.0,1.0,1.0,1.0,1.0,1.0,1.0,0.99999803,1.0,0.9999916,1.0,1.0,1.0,1.0,1.0,1.0,1.0,1.0,1.0,1.0,1.0,1.0,0.9999991,1.0,1.0,1.0,1.0,1.0,1.0,1.0,1.0,1.0,1.0,1.0,1.0,1.0,1.0,1.0,1.0,1.0,1.0,1.0,1.0,1.0,1.0,1.0,1.0,1.0,1.0,1.0,1.0,1.0,1.0,1.0,1.0,1.0,1.0,1.0,1.0,1.0,1.0,1.0,1.0,1.0,1.0,1.0,1.0,1.0,1.0,1.0,1.0,1.0,1.0,1.0,1.0,0.99999976,1.0,1.0,1.0,1.0,1.0,1.0,1.0,1.0,1.0,1.0,1.0,0.99999875,1.0,1.0,1.0,1.0,1.0,1.0,1.0,1.0,1.0,1.0,1.0,1.0,1.0,1.0,1.0,0.9999912,1.0,1.0,1.0,1.0,1.0,1.0,1.0,1.0,1.0,1.0,1.0,1.0,1.0,1.0,0.9999998,1.0,1.0,1.0,1.0,1.0,1.0,1.0,1.0
AQR_HepG2,1.0,1.0,1.0,1.0,1.0,1.0,0.9999508,1.0,1.0,1.0,1.0,1.0,0.99999964,1.0,1.0,1.0,1.0,1.0,1.0,1.0,1.0,1.0,1.0,1.0,1.0,1.0,1.0,1.0,1.0,0.99999946,1.0,1.0,1.0,1.0,1.0,0.9999981,1.0,1.0,1.0,1.0,1.0,1.0,1.0,1.0,1.0,1.0,1.0,1.0,1.0,1.0,1.0,1.0,1.0,1.0,1.0,1.0,1.0,1.0,1.0,1.0,1.0,1.0,1.0,1.0,1.0,1.0,1.0,1.0,1.0,0.99999374,1.0,1.0,1.0,1.0,1.0,1.0,1.0,1.0,1.0,1.0,1.0,1.0,1.0,1.0,1.0,0.99999905,1.0,1.0,1.0,1.0,1.0,1.0,1.0,0.999998,1.0,1.0,1.0,1.0,1.0,1.0,1.0,1.0,1.0,0.99999803,1.0,0.9999916,1.0,1.0,1.0,1.0,1.0,1.0,1.0,1.0,1.0,1.0,1.0,1.0,0.9999991,1.0,1.0,1.0,1.0,1.0,1.0,1.0,1.0,1.0,1.0,1.0,1.0,1.0,1.0,1.0,1.0,1.0,1.0,1.0,1.0,1.0,1.0,1.0,1.0,1.0,1.0,1.0,1.0,1.0,1.0,1.0,1.0,1.0,1.0,1.0,1.0,1.0,1.0,1.0,1.0,1.0,1.0,1.0,1.0,1.0,1.0,1.0,1.0,1.0,1.0,1.0,1.0,0.99999976,1.0,1.0,1.0,1.0,1.0,1.0,1.0,1.0,1.0,1.0,1.0,0.99999875,1.0,1.0,1.0,1.0,1.0,1.0,1.0,1.0,1.0,1.0,1.0,1.0,1.0,1.0,1.0,0.9999912,1.0,1.0,1.0,1.0,1.0,1.0,1.0,1.0,1.0,1.0,1.0,1.0,1.0,1.0,0.9999998,1.0,1.0,1.0,1.0,1.0,1.0,1.0,1.0
AQR_K562,1.0,1.0,1.0,1.0,1.0,1.0,0.9999508,1.0,1.0,1.0,1.0,1.0,0.99999964,1.0,1.0,1.0,1.0,1.0,1.0,1.0,1.0,1.0,1.0,1.0,1.0,1.0,1.0,1.0,1.0,0.99999946,1.0,1.0,1.0,1.0,1.0,0.9999981,1.0,1.0,1.0,1.0,1.0,1.0,1.0,1.0,1.0,1.0,1.0,1.0,1.0,1.0,1.0,1.0,1.0,1.0,1.0,1.0,1.0,1.0,1.0,1.0,1.0,1.0,1.0,1.0,1.0,1.0,1.0,1.0,1.0,0.99999374,1.0,1.0,1.0,1.0,1.0,1.0,1.0,1.0,1.0,1.0,1.0,1.0,1.0,1.0,1.0,0.99999905,1.0,1.0,1.0,1.0,1.0,1.0,1.0,0.999998,1.0,1.0,1.0,1.0,1.0,1.0,1.0,1.0,1.0,0.99999803,1.0,0.9999916,1.0,1.0,1.0,1.0,1.0,1.0,1.0,1.0,1.0,1.0,1.0,1.0,0.9999991,1.0,1.0,1.0,1.0,1.0,1.0,1.0,1.0,1.0,1.0,1.0,1.0,1.0,1.0,1.0,1.0,1.0,1.0,1.0,1.0,1.0,1.0,1.0,1.0,1.0,1.0,1.0,1.0,1.0,1.0,1.0,1.0,1.0,1.0,1.0,1.0,1.0,1.0,1.0,1.0,1.0,1.0,1.0,1.0,1.0,1.0,1.0,1.0,1.0,1.0,1.0,1.0,0.99999976,1.0,1.0,1.0,1.0,1.0,1.0,1.0,1.0,1.0,1.0,1.0,0.99999875,1.0,1.0,1.0,1.0,1.0,1.0,1.0,1.0,1.0,1.0,1.0,1.0,1.0,1.0,1.0,0.9999912,1.0,1.0,1.0,1.0,1.0,1.0,1.0,1.0,1.0,1.0,1.0,1.0,1.0,1.0,0.9999998,1.0,1.0,1.0,1.0,1.0,1.0,1.0,1.0
BCCIP_HepG2,1.0,1.0,1.0,1.0,1.0,1.0,0.9999508,1.0,1.0,1.0,1.0,1.0,0.99999964,1.0,1.0,1.0,1.0,1.0,1.0,1.0,1.0,1.0,1.0,1.0,1.0,1.0,1.0,1.0,1.0,0.99999946,1.0,1.0,1.0,1.0,1.0,0.9999981,1.0,1.0,1.0,1.0,1.0,1.0,1.0,1.0,1.0,1.0,1.0,1.0,1.0,1.0,1.0,1.0,1.0,1.0,1.0,1.0,1.0,1.0,1.0,1.0,1.0,1.0,1.0,1.0,1.0,1.0,1.0,1.0,1.0,0.99999374,1.0,1.0,1.0,1.0,1.0,1.0,1.0,1.0,1.0,1.0,1.0,1.0,1.0,1.0,1.0,0.99999905,1.0,1.0,1.0,1.0,1.0,1.0,1.0,0.999998,1.0,1.0,1.0,1.0,1.0,1.0,1.0,1.0,1.0,0.99999803,1.0,0.9999916,1.0,1.0,1.0,1.0,1.0,1.0,1.0,1.0,1.0,1.0,1.0,1.0,0.9999991,1.0,1.0,1.0,1.0,1.0,1.0,1.0,1.0,1.0,1.0,1.0,1.0,1.0,1.0,1.0,1.0,1.0,1.0,1.0,1.0,1.0,1.0,1.0,1.0,1.0,1.0,1.0,1.0,1.0,1.0,1.0,1.0,1.0,1.0,1.0,1.0,1.0,1.0,1.0,1.0,1.0,1.0,1.0,1.0,1.0,1.0,1.0,1.0,1.0,1.0,1.0,1.0,0.99999976,1.0,1.0,1.0,1.0,1.0,1.0,1.0,1.0,1.0,1.0,1.0,0.99999875,1.0,1.0,1.0,1.0,1.0,1.0,1.0,1.0,1.0,1.0,1.0,1.0,1.0,1.0,1.0,0.9999912,1.0,1.0,1.0,1.0,1.0,1.0,1.0,1.0,1.0,1.0,1.0,1.0,1.0,1.0,0.9999998,1.0,1.0,1.0,1.0,1.0,1.0,1.0,1.0
BCLAF1_HepG2,0.99999964,0.99999964,0.99999964,0.99999964,0.99999964,0.99999964,0.9999589,0.99999964,0.99999964,0.99999964,0.99999964,0.99999964,1.0,0.99999964,0.99999964,0.99999964,0.99999964,0.99999964,0.99999964,0.99999964,0.99999964,0.99999964,0.99999964,0.99999964,0.99999964,0.99999964,0.99999964,0.99999964,0.99999964,1.0,0.99999964,0.99999964,0.99999964,0.99999964,0.99999964,0.9999994,0.99999964,0.99999964,0.99999964,0.99999964,0.99999964,0.99999964,0.99999964,0.99999964,0.99999964,0.99999964,0.99999964,0.99999964,0.99999964,0.99999964,0.99999964,0.99999964,0.99999964,0.99999964,0.99999964,0.99999964,0.99999964,0.99999964,0.99999964,0.99999964,0.99999964,0.99999964,0.99999964,0.99999964,0.99999964,0.99999964,0.99999964,0.99999964,0.99999964,0.99999636,0.99999964,0.99999964,0.99999964,0.99999964,0.99999964,0.99999964,0.99999964,0.99999964,0.99999964,0.99999964,0.99999964,0.99999964,0.99999964,0.99999964,0.99999964,0.9999999,0.99999964,0.99999964,0.99999964,0.99999964,0.99999964,0.99999964,0.99999964,0.99999934,0.99999964,0.99999964,0.99999964,0.99999964,0.99999964,0.99999964,0.99999964,0.99999964,0.99999964,0.99999934,0.99999964,0.9999947,0.99999964,0.99999964,0.99999964,0.99999964,0.99999964,0.99999964,0.99999964,0.99999964,0.99999964,0.99999964,0.99999964,0.99999964,0.9999999,0.99999964,0.99999964,0.99999964,0.99999964,0.99999964,0.99999964,0.99999964,0.99999964,0.99999964,0.99999964,0.99999964,0.99999964,0.99999964,0.99999964,0.99999964,0.99999964,0.99999964,0.99999964,0.99999964,0.99999964,0.99999964,0.99999964,0.99999964,0.99999964,0.99999964,0.99999964,0.99999964,0.99999964,0.99999964,0.99999964,0.99999964,0.99999964,0.99999964,0.99999964,0.99999964,0.99999964,0.99999964,0.99999964,0.99999964,0.99999964,0.99999964,0.99999964,0.99999964,0.99999964,0.99999964,0.99999964,0.99999964,0.99999964,0.99999964,0.99999964,0.99999964,0.99999964,0.99999887,0.99999964,0.99999964,0.99999964,0.99999964,0.99999964,0.99999964,0.99999964,0.99999964,0.99999964,0.99999964,0.99999964,0.9999997,0.99999964,0.99999964,0.99999964,0.99999964,0.99999964,0.99999964,0.99999964,0.99999964,0.99999964,0.99999964,0.99999964,0.99999964,0.99999964,0.99999964,0.99999964,0.99999434,0.99999964,0.99999964,0.99999964,0.99999964,0.99999964,0.99999964,0.99999964,0.99999964,0.99999964,0.99999964,0.99999964,0.99999964,0.99999964,0.99999964,0.99999994,0.99999964,0.99999964,0.99999964,0.99999964,0.99999964,0.99999964,0.99999964,0.99999964
BUD13_HepG2,1.0,1.0,1.0,1.0,1.0,1.0,0.9999508,1.0,1.0,1.0,1.0,1.0,0.99999964,1.0,1.0,1.0,1.0,1.0,1.0,1.0,1.0,1.0,1.0,1.0,1.0,1.0,1.0,1.0,1.0,0.99999946,1.0,1.0,1.0,1.0,1.0,0.9999981,1.0,1.0,1.0,1.0,1.0,1.0,1.0,1.0,1.0,1.0,1.0,1.0,1.0,1.0,1.0,1.0,1.0,1.0,1.0,1.0,1.0,1.0,1.0,1.0,1.0,1.0,1.0,1.0,1.0,1.0,1.0,1.0,1.0,0.99999374,1.0,1.0,1.0,1.0,1.0,1.0,1.0,1.0,1.0,1.0,1.0,1.0,1.0,1.0,1.0,0.99999905,1.0,1.0,1.0,1.0,1.0,1.0,1.0,0.999998,1.0,1.0,1.0,1.0,1.0,1.0,1.0,1.0,1.0,0.99999803,1.0,0.9999916,1.0,1.0,1.0,1.0,1.0,1.0,1.0,1.0,1.0,1.0,1.0,1.0,0.9999991,1.0,1.0,1.0,1.0,1.0,1.0,1.0,1.0,1.0,1.0,1.0,1.0,1.0,1.0,1.0,1.0,1.0,1.0,1.0,1.0,1.0,1.0,1.0,1.0,1.0,1.0,1.0,1.0,1.0,1.0,1.0,1.0,1.0,1.0,1.0,1.0,1.0,1.0,1.0,1.0,1.0,1.0,1.0,1.0,1.0,1.0,1.0,1.0,1.0,1.0,1.0,1.0,0.99999976,1.0,1.0,1.0,1.0,1.0,1.0,1.0,1.0,1.0,1.0,1.0,0.99999875,1.0,1.0,1.0,1.0,1.0,1.0,1.0,1.0,1.0,1.0,1.0,1.0,1.0,1.0,1.0,0.9999912,1.0,1.0,1.0,1.0,1.0,1.0,1.0,1.0,1.0,1.0,1.0,1.0,1.0,1.0,0.9999998,1.0,1.0,1.0,1.0,1.0,1.0,1.0,1.0
BUD13_K562,1.0,1.0,1.0,1.0,1.0,1.0,0.9999508,1.0,1.0,1.0,1.0,1.0,0.99999964,1.0,1.0,1.0,1.0,1.0,1.0,1.0,1.0,1.0,1.0,1.0,1.0,1.0,1.0,1.0,1.0,0.99999946,1.0,1.0,1.0,1.0,1.0,0.9999981,1.0,1.0,1.0,1.0,1.0,1.0,1.0,1.0,1.0,1.0,1.0,1.0,1.0,1.0,1.0,1.0,1.0,1.0,1.0,1.0,1.0,1.0,1.0,1.0,1.0,1.0,1.0,1.0,1.0,1.0,1.0,1.0,1.0,0.99999374,1.0,1.0,1.0,1.0,1.0,1.0,1.0,1.0,1.0,1.0,1.0,1.0,1.0,1.0,1.0,0.99999905,1.0,1.0,1.0,1.0,1.0,1.0,1.0,0.999998,1.0,1.0,1.0,1.0,1.0,1.0,1.0,1.0,1.0,0.99999803,1.0,0.9999916,1.0,1.0,1.0,1.0,1.0,1.0,1.0,1.0,1.0,1.0,1.0,1.0,0.9999991,1.0,1.0,1.0,1.0,1.0,1.0,1.0,1.0,1.0,1.0,1.0,1.0,1.0,1.0,1.0,1.0,1.0,1.0,1.0,1.0,1.0,1.0,1.0,1.0,1.0,1.0,1.0,1.0,1.0,1.0,1.0,1.0,1.0,1.0,1.0,1.0,1.0,1.0,1.0,1.0,1.0,1.0,1.0,1.0,1.0,1.0,1.0,1.0,1.0,1.0,1.0,1.0,0.99999976,1.0,1.0,1.0,1.0,1.0,1.0,1.0,1.0,1.0,1.0,1.0,0.99999875,1.0,1.0,1.0,1.0,1.0,1.0,1.0,1.0,1.0,1.0,1.0,1.0,1.0,1.0,1.0,0.9999912,1.0,1.0,1.0,1.0,1.0,1.0,1.0,1.0,1.0,1.0,1.0,1.0,1.0,1.0,0.9999998,1.0,1.0,1.0,1.0,1.0,1.0,1.0,1.0
CDC40_HepG2,1.0,1.0,1.0,1.0,1.0,1.0,0.9999508,1.0,1.0,1.0,1.0,1.0,0.99999964,1.0,1.0,1.0,1.0,1.0,1.0,1.0,1.0,1.0,1.0,1.0,1.0,1.0,1.0,1.0,1.0,0.99999946,1.0,1.0,1.0,1.0,1.0,0.9999981,1.0,1.0,1.0,1.0,1.0,1.0,1.0,1.0,1.0,1.0,1.0,1.0,1.0,1.0,1.0,1.0,1.0,1.0,1.0,1.0,1.0,1.0,1.0,1.0,1.0,1.0,1.0,1.0,1.0,1.0,1.0,1.0,1.0,0.99999374,1.0,1.0,1.0,1.0,1.0,1.0,1.0,1.0,1.0,1.0,1.0,1.0,1.0,1.0,1.0,0.99999905,1.0,1.0,1.0,1.0,1.0,1.0,1.0,0.999998,1.0,1.0,1.0,1.0,1.0,1.0,1.0,1.0,1.0,0.99999803,1.0,0.9999916,1.0,1.0,1.0,1.0,1.0,1.0,1.0,1.0,1.0,1.0,1.0,1.0,0.9999991,1.0,1.0,1.0,1.0,1.0,1.0,1.0,1.0,1.0,1.0,1.0,1.0,1.0,1.0,1.0,1.0,1.0,1.0,1.0,1.0,1.0,1.0,1.0,1.0,1.0,1.0,1.0,1.0,1.0,1.0,1.0,1.0,1.0,1.0,1.0,1.0,1.0,1.0,1.0,1.0,1.0,1.0,1.0,1.0,1.0,1.0,1.0,1.0,1.0,1.0,1.0,1.0,0.99999976,1.0,1.0,1.0,1.0,1.0,1.0,1.0,1.0,1.0,1.0,1.0,0.99999875,1.0,1.0,1.0,1.0,1.0,1.0,1.0,1.0,1.0,1.0,1.0,1.0,1.0,1.0,1.0,0.9999912,1.0,1.0,1.0,1.0,1.0,1.0,1.0,1.0,1.0,1.0,1.0,1.0,1.0,1.0,0.9999998,1.0,1.0,1.0,1.0,1.0,1.0,1.0,1.0
CPEB4_K562,1.0,1.0,1.0,1.0,1.0,1.0,0.9999508,1.0,1.0,1.0,1.0,1.0,0.99999964,1.0,1.0,1.0,1.0,1.0,1.0,1.0,1.0,1.0,1.0,1.0,1.0,1.0,1.0,1.0,1.0,0.99999946,1.0,1.0,1.0,1.0,1.0,0.9999981,1.0,1.0,1.0,1.0,1.0,1.0,1.0,1.0,1.0,1.0,1.0,1.0,1.0,1.0,1.0,1.0,1.0,1.0,1.0,1.0,1.0,1.0,1.0,1.0,1.0,1.0,1.0,1.0,1.0,1.0,1.0,1.0,1.0,0.99999374,1.0,1.0,1.0,1.0,1.0,1.0,1.0,1.0,1.0,1.0,1.0,1.0,1.0,1.0,1.0,0.99999905,1.0,1.0,1.0,1.0,1.0,1.0,1.0,0.999998,1.0,1.0,1.0,1.0,1.0,1.0,1.0,1.0,1.0,0.99999803,1.0,0.9999916,1.0,1.0,1.0,1.0,1.0,1.0,1.0,1.0,1.0,1.0,1.0,1.0,0.9999991,1.0,1.0,1.0,1.0,1.0,1.0,1.0,1.0,1.0,1.0,1.0,1.0,1.0,1.0,1.0,1.0,1.0,1.0,1.0,1.0,1.0,1.0,1.0,1.0,1.0,1.0,1.0,1.0,1.0,1.0,1.0,1.0,1.0,1.0,1.0,1.0,1.0,1.0,1.0,1.0,1.0,1.0,1.0,1.0,1.0,1.0,1.0,1.0,1.0,1.0,1.0,1.0,0.99999976,1.0,1.0,1.0,1.0,1.0,1.0,1.0,1.0,1.0,1.0,1.0,0.99999875,1.0,1.0,1.0,1.0,1.0,1.0,1.0,1.0,1.0,1.0,1.0,1.0,1.0,1.0,1.0,0.9999912,1.0,1.0,1.0,1.0,1.0,1.0,1.0,1.0,1.0,1.0,1.0,1.0,1.0,1.0,0.9999998,1.0,1.0,1.0,1.0,1.0,1.0,1.0,1.0
CPSF6_K562,1.0,1.0,1.0,1.0,1.0,1.0,0.9999508,1.0,1.0,1.0,1.0,1.0,0.99999964,1.0,1.0,1.0,1.0,1.0,1.0,1.0,1.0,1.0,1.0,1.0,1.0,1.0,1.0,1.0,1.0,0.99999946,1.0,1.0,1.0,1.0,1.0,0.9999981,1.0,1.0,1.0,1.0,1.0,1.0,1.0,1.0,1.0,1.0,1.0,1.0,1.0,1.0,1.0,1.0,1.0,1.0,1.0,1.0,1.0,1.0,1.0,1.0,1.0,1.0,1.0,1.0,1.0,1.0,1.0,1.0,1.0,0.99999374,1.0,1.0,1.0,1.0,1.0,1.0,1.0,1.0,1.0,1.0,1.0,1.0,1.0,1.0,1.0,0.99999905,1.0,1.0,1.0,1.0,1.0,1.0,1.0,0.999998,1.0,1.0,1.0,1.0,1.0,1.0,1.0,1.0,1.0,0.99999803,1.0,0.9999916,1.0,1.0,1.0,1.0,1.0,1.0,1.0,1.0,1.0,1.0,1.0,1.0,0.9999991,1.0,1.0,1.0,1.0,1.0,1.0,1.0,1.0,1.0,1.0,1.0,1.0,1.0,1.0,1.0,1.0,1.0,1.0,1.0,1.0,1.0,1.0,1.0,1.0,1.0,1.0,1.0,1.0,1.0,1.0,1.0,1.0,1.0,1.0,1.0,1.0,1.0,1.0,1.0,1.0,1.0,1.0,1.0,1.0,1.0,1.0,1.0,1.0,1.0,1.0,1.0,1.0,0.99999976,1.0,1.0,1.0,1.0,1.0,1.0,1.0,1.0,1.0,1.0,1.0,0.99999875,1.0,1.0,1.0,1.0,1.0,1.0,1.0,1.0,1.0,1.0,1.0,1.0,1.0,1.0,1.0,0.9999912,1.0,1.0,1.0,1.0,1.0,1.0,1.0,1.0,1.0,1.0,1.0,1.0,1.0,1.0,0.9999998,1.0,1.0,1.0,1.0,1.0,1.0,1.0,1.0
CSTF2_HepG2,1.0,1.0,1.0,1.0,1.0,1.0,0.9999508,1.0,1.0,1.0,1.0,1.0,0.99999964,1.0,1.0,1.0,1.0,1.0,1.0,1.0,1.0,1.0,1.0,1.0,1.0,1.0,1.0,1.0,1.0,0.99999946,1.0,1.0,1.0,1.0,1.0,0.9999981,1.0,1.0,1.0,1.0,1.0,1.0,1.0,1.0,1.0,1.0,1.0,1.0,1.0,1.0,1.0,1.0,1.0,1.0,1.0,1.0,1.0,1.0,1.0,1.0,1.0,1.0,1.0,1.0,1.0,1.0,1.0,1.0,1.0,0.99999374,1.0,1.0,1.0,1.0,1.0,1.0,1.0,1.0,1.0,1.0,1.0,1.0,1.0,1.0,1.0,0.99999905,1.0,1.0,1.0,1.0,1.0,1.0,1.0,0.999998,1.0,1.0,1.0,1.0,1.0,1.0,1.0,1.0,1.0,0.99999803,1.0,0.9999916,1.0,1.0,1.0,1.0,1.0,1.0,1.0,1.0,1.0,1.0,1.0,1.0,0.9999991,1.0,1.0,1.0,1.0,1.0,1.0,1.0,1.0,1.0,1.0,1.0,1.0,1.0,1.0,1.0,1.0,1.0,1.0,1.0,1.0,1.0,1.0,1.0,1.0,1.0,1.0,1.0,1.0,1.0,1.0,1.0,1.0,1.0,1.0,1.0,1.0,1.0,1.0,1.0,1.0,1.0,1.0,1.0,1.0,1.0,1.0,1.0,1.0,1.0,1.0,1.0,1.0,0.99999976,1.0,1.0,1.0,1.0,1.0,1.0,1.0,1.0,1.0,1.0,1.0,0.99999875,1.0,1.0,1.0,1.0,1.0,1.0,1.0,1.0,1.0,1.0,1.0,1.0,1.0,1.0,1.0,0.9999912,1.0,1.0,1.0,1.0,1.0,1.0,1.0,1.0,1.0,1.0,1.0,1.0,1.0,1.0,0.9999998,1.0,1.0,1.0,1.0,1.0,1.0,1.0,1.0
CSTF2T_HepG2,1.0,1.0,1.0,1.0,1.0,1.0,0.9999508,1.0,1.0,1.0,1.0,1.0,0.99999964,1.0,1.0,1.0,1.0,1.0,1.0,1.0,1.0,1.0,1.0,1.0,1.0,1.0,1.0,1.0,1.0,0.99999946,1.0,1.0,1.0,1.0,1.0,0.9999981,1.0,1.0,1.0,1.0,1.0,1.0,1.0,1.0,1.0,1.0,1.0,1.0,1.0,1.0,1.0,1.0,1.0,1.0,1.0,1.0,1.0,1.0,1.0,1.0,1.0,1.0,1.0,1.0,1.0,1.0,1.0,1.0,1.0,0.99999374,1.0,1.0,1.0,1.0,1.0,1.0,1.0,1.0,1.0,1.0,1.0,1.0,1.0,1.0,1.0,0.99999905,1.0,1.0,1.0,1.0,1.0,1.0,1.0,0.999998,1.0,1.0,1.0,1.0,1.0,1.0,1.0,1.0,1.0,0.99999803,1.0,0.9999916,1.0,1.0,1.0,1.0,1.0,1.0,1.0,1.0,1.0,1.0,1.0,1.0,0.9999991,1.0,1.0,1.0,1.0,1.0,1.0,1.0,1.0,1.0,1.0,1.0,1.0,1.0,1.0,1.0,1.0,1.0,1.0,1.0,1.0,1.0,1.0,1.0,1.0,1.0,1.0,1.0,1.0,1.0,1.0,1.0,1.0,1.0,1.0,1.0,1.0,1.0,1.0,1.0,1.0,1.0,1.0,1.0,1.0,1.0,1.0,1.0,1.0,1.0,1.0,1.0,1.0,0.99999976,1.0,1.0,1.0,1.0,1.0,1.0,1.0,1.0,1.0,1.0,1.0,0.99999875,1.0,1.0,1.0,1.0,1.0,1.0,1.0,1.0,1.0,1.0,1.0,1.0,1.0,1.0,1.0,0.9999912,1.0,1.0,1.0,1.0,1.0,1.0,1.0,1.0,1.0,1.0,1.0,1.0,1.0,1.0,0.9999998,1.0,1.0,1.0,1.0,1.0,1.0,1.0,1.0
CSTF2T_K562,1.0,1.0,1.0,1.0,1.0,1.0,0.9999508,1.0,1.0,1.0,1.0,1.0,0.99999964,1.0,1.0,1.0,1.0,1.0,1.0,1.0,1.0,1.0,1.0,1.0,1.0,1.0,1.0,1.0,1.0,0.99999946,1.0,1.0,1.0,1.0,1.0,0.9999981,1.0,1.0,1.0,1.0,1.0,1.0,1.0,1.0,1.0,1.0,1.0,1.0,1.0,1.0,1.0,1.0,1.0,1.0,1.0,1.0,1.0,1.0,1.0,1.0,1.0,1.0,1.0,1.0,1.0,1.0,1.0,1.0,1.0,0.99999374,1.0,1.0,1.0,1.0,1.0,1.0,1.0,1.0,1.0,1.0,1.0,1.0,1.0,1.0,1.0,0.99999905,1.0,1.0,1.0,1.0,1.0,1.0,1.0,0.999998,1.0,1.0,1.0,1.0,1.0,1.0,1.0,1.0,1.0,0.99999803,1.0,0.9999916,1.0,1.0,1.0,1.0,1.0,1.0,1.0,1.0,1.0,1.0,1.0,1.0,0.9999991,1.0,1.0,1.0,1.0,1.0,1.0,1.0,1.0,1.0,1.0,1.0,1.0,1.0,1.0,1.0,1.0,1.0,1.0,1.0,1.0,1.0,1.0,1.0,1.0,1.0,1.0,1.0,1.0,1.0,1.0,1.0,1.0,1.0,1.0,1.0,1.0,1.0,1.0,1.0,1.0,1.0,1.0,1.0,1.0,1.0,1.0,1.0,1.0,1.0,1.0,1.0,1.0,0.99999976,1.0,1.0,1.0,1.0,1.0,1.0,1.0,1.0,1.0,1.0,1.0,0.99999875,1.0,1.0,1.0,1.0,1.0,1.0,1.0,1.0,1.0,1.0,1.0,1.0,1.0,1.0,1.0,0.9999912,1.0,1.0,1.0,1.0,1.0,1.0,1.0,1.0,1.0,1.0,1.0,1.0,1.0,1.0,0.9999998,1.0,1.0,1.0,1.0,1.0,1.0,1.0,1.0
DDX21_K562,1.0,1.0,1.0,1.0,1.0,1.0,0.9999508,1.0,1.0,1.0,1.0,1.0,0.99999964,1.0,1.0,1.0,1.0,1.0,1.0,1.0,1.0,1.0,1.0,1.0,1.0,1.0,1.0,1.0,1.0,0.99999946,1.0,1.0,1.0,1.0,1.0,0.9999981,1.0,1.0,1.0,1.0,1.0,1.0,1.0,1.0,1.0,1.0,1.0,1.0,1.0,1.0,1.0,1.0,1.0,1.0,1.0,1.0,1.0,1.0,1.0,1.0,1.0,1.0,1.0,1.0,1.0,1.0,1.0,1.0,1.0,0.99999374,1.0,1.0,1.0,1.0,1.0,1.0,1.0,1.0,1.0,1.0,1.0,1.0,1.0,1.0,1.0,0.99999905,1.0,1.0,1.0,1.0,1.0,1.0,1.0,0.999998,1.0,1.0,1.0,1.0,1.0,1.0,1.0,1.0,1.0,0.99999803,1.0,0.9999916,1.0,1.0,1.0,1.0,1.0,1.0,1.0,1.0,1.0,1.0,1.0,1.0,0.9999991,1.0,1.0,1.0,1.0,1.0,1.0,1.0,1.0,1.0,1.0,1.0,1.0,1.0,1.0,1.0,1.0,1.0,1.0,1.0,1.0,1.0,1.0,1.0,1.0,1.0,1.0,1.0,1.0,1.0,1.0,1.0,1.0,1.0,1.0,1.0,1.0,1.0,1.0,1.0,1.0,1.0,1.0,1.0,1.0,1.0,1.0,1.0,1.0,1.0,1.0,1.0,1.0,0.99999976,1.0,1.0,1.0,1.0,1.0,1.0,1.0,1.0,1.0,1.0,1.0,0.99999875,1.0,1.0,1.0,1.0,1.0,1.0,1.0,1.0,1.0,1.0,1.0,1.0,1.0,1.0,1.0,0.9999912,1.0,1.0,1.0,1.0,1.0,1.0,1.0,1.0,1.0,1.0,1.0,1.0,1.0,1.0,0.9999998,1.0,1.0,1.0,1.0,1.0,1.0,1.0,1.0
DDX24_K562,1.0,1.0,1.0,1.0,1.0,1.0,0.9999508,1.0,1.0,1.0,1.0,1.0,0.99999964,1.0,1.0,1.0,1.0,1.0,1.0,1.0,1.0,1.0,1.0,1.0,1.0,1.0,1.0,1.0,1.0,0.99999946,1.0,1.0,1.0,1.0,1.0,0.9999981,1.0,1.0,1.0,1.0,1.0,1.0,1.0,1.0,1.0,1.0,1.0,1.0,1.0,1.0,1.0,1.0,1.0,1.0,1.0,1.0,1.0,1.0,1.0,1.0,1.0,1.0,1.0,1.0,1.0,1.0,1.0,1.0,1.0,0.99999374,1.0,1.0,1.0,1.0,1.0,1.0,1.0,1.0,1.0,1.0,1.0,1.0,1.0,1.0,1.0,0.99999905,1.0,1.0,1.0,1.0,1.0,1.0,1.0,0.999998,1.0,1.0,1.0,1.0,1.0,1.0,1.0,1.0,1.0,0.99999803,1.0,0.9999916,1.0,1.0,1.0,1.0,1.0,1.0,1.0,1.0,1.0,1.0,1.0,1.0,0.9999991,1.0,1.0,1.0,1.0,1.0,1.0,1.0,1.0,1.0,1.0,1.0,1.0,1.0,1.0,1.0,1.0,1.0,1.0,1.0,1.0,1.0,1.0,1.0,1.0,1.0,1.0,1.0,1.0,1.0,1.0,1.0,1.0,1.0,1.0,1.0,1.0,1.0,1.0,1.0,1.0,1.0,1.0,1.0,1.0,1.0,1.0,1.0,1.0,1.0,1.0,1.0,1.0,0.99999976,1.0,1.0,1.0,1.0,1.0,1.0,1.0,1.0,1.0,1.0,1.0,0.99999875,1.0,1.0,1.0,1.0,1.0,1.0,1.0,1.0,1.0,1.0,1.0,1.0,1.0,1.0,1.0,0.9999912,1.0,1.0,1.0,1.0,1.0,1.0,1.0,1.0,1.0,1.0,1.0,1.0,1.0,1.0,0.9999998,1.0,1.0,1.0,1.0,1.0,1.0,1.0,1.0
DDX3X_HepG2,1.0,1.0,1.0,1.0,1.0,1.0,0.9999508,1.0,1.0,1.0,1.0,1.0,0.99999964,1.0,1.0,1.0,1.0,1.0,1.0,1.0,1.0,1.0,1.0,1.0,1.0,1.0,1.0,1.0,1.0,0.99999946,1.0,1.0,1.0,1.0,1.0,0.9999981,1.0,1.0,1.0,1.0,1.0,1.0,1.0,1.0,1.0,1.0,1.0,1.0,1.0,1.0,1.0,1.0,1.0,1.0,1.0,1.0,1.0,1.0,1.0,1.0,1.0,1.0,1.0,1.0,1.0,1.0,1.0,1.0,1.0,0.99999374,1.0,1.0,1.0,1.0,1.0,1.0,1.0,1.0,1.0,1.0,1.0,1.0,1.0,1.0,1.0,0.99999905,1.0,1.0,1.0,1.0,1.0,1.0,1.0,0.999998,1.0,1.0,1.0,1.0,1.0,1.0,1.0,1.0,1.0,0.99999803,1.0,0.9999916,1.0,1.0,1.0,1.0,1.0,1.0,1.0,1.0,1.0,1.0,1.0,1.0,0.9999991,1.0,1.0,1.0,1.0,1.0,1.0,1.0,1.0,1.0,1.0,1.0,1.0,1.0,1.0,1.0,1.0,1.0,1.0,1.0,1.0,1.0,1.0,1.0,1.0,1.0,1.0,1.0,1.0,1.0,1.0,1.0,1.0,1.0,1.0,1.0,1.0,1.0,1.0,1.0,1.0,1.0,1.0,1.0,1.0,1.0,1.0,1.0,1.0,1.0,1.0,1.0,1.0,0.99999976,1.0,1.0,1.0,1.0,1.0,1.0,1.0,1.0,1.0,1.0,1.0,0.99999875,1.0,1.0,1.0,1.0,1.0,1.0,1.0,1.0,1.0,1.0,1.0,1.0,1.0,1.0,1.0,0.9999912,1.0,1.0,1.0,1.0,1.0,1.0,1.0,1.0,1.0,1.0,1.0,1.0,1.0,1.0,0.9999998,1.0,1.0,1.0,1.0,1.0,1.0,1.0,1.0
DDX3X_K562,1.0,1.0,1.0,1.0,1.0,1.0,0.9999508,1.0,1.0,1.0,1.0,1.0,0.99999964,1.0,1.0,1.0,1.0,1.0,1.0,1.0,1.0,1.0,1.0,1.0,1.0,1.0,1.0,1.0,1.0,0.99999946,1.0,1.0,1.0,1.0,1.0,0.9999981,1.0,1.0,1.0,1.0,1.0,1.0,1.0,1.0,1.0,1.0,1.0,1.0,1.0,1.0,1.0,1.0,1.0,1.0,1.0,1.0,1.0,1.0,1.0,1.0,1.0,1.0,1.0,1.0,1.0,1.0,1.0,1.0,1.0,0.99999374,1.0,1.0,1.0,1.0,1.0,1.0,1.0,1.0,1.0,1.0,1.0,1.0,1.0,1.0,1.0,0.99999905,1.0,1.0,1.0,1.0,1.0,1.0,1.0,0.999998,1.0,1.0,1.0,1.0,1.0,1.0,1.0,1.0,1.0,0.99999803,1.0,0.9999916,1.0,1.0,1.0,1.0,1.0,1.0,1.0,1.0,1.0,1.0,1.0,1.0,0.9999991,1.0,1.0,1.0,1.0,1.0,1.0,1.0,1.0,1.0,1.0,1.0,1.0,1.0,1.0,1.0,1.0,1.0,1.0,1.0,1.0,1.0,1.0,1.0,1.0,1.0,1.0,1.0,1.0,1.0,1.0,1.0,1.0,1.0,1.0,1.0,1.0,1.0,1.0,1.0,1.0,1.0,1.0,1.0,1.0,1.0,1.0,1.0,1.0,1.0,1.0,1.0,1.0,0.99999976,1.0,1.0,1.0,1.0,1.0,1.0,1.0,1.0,1.0,1.0,1.0,0.99999875,1.0,1.0,1.0,1.0,1.0,1.0,1.0,1.0,1.0,1.0,1.0,1.0,1.0,1.0,1.0,0.9999912,1.0,1.0,1.0,1.0,1.0,1.0,1.0,1.0,1.0,1.0,1.0,1.0,1.0,1.0,0.9999998,1.0,1.0,1.0,1.0,1.0,1.0,1.0,1.0
DDX42_K562,1.0,1.0,1.0,1.0,1.0,1.0,0.9999508,1.0,1.0,1.0,1.0,1.0,0.99999964,1.0,1.0,1.0,1.0,1.0,1.0,1.0,1.0,1.0,1.0,1.0,1.0,1.0,1.0,1.0,1.0,0.99999946,1.0,1.0,1.0,1.0,1.0,0.9999981,1.0,1.0,1.0,1.0,1.0,1.0,1.0,1.0,1.0,1.0,1.0,1.0,1.0,1.0,1.0,1.0,1.0,1.0,1.0,1.0,1.0,1.0,1.0,1.0,1.0,1.0,1.0,1.0,1.0,1.0,1.0,1.0,1.0,0.99999374,1.0,1.0,1.0,1.0,1.0,1.0,1.0,1.0,1.0,1.0,1.0,1.0,1.0,1.0,1.0,0.99999905,1.0,1.0,1.0,1.0,1.0,1.0,1.0,0.999998,1.0,1.0,1.0,1.0,1.0,1.0,1.0,1.0,1.0,0.99999803,1.0,0.9999916,1.0,1.0,1.0,1.0,1.0,1.0,1.0,1.0,1.0,1.0,1.0,1.0,0.9999991,1.0,1.0,1.0,1.0,1.0,1.0,1.0,1.0,1.0,1.0,1.0,1.0,1.0,1.0,1.0,1.0,1.0,1.0,1.0,1.0,1.0,1.0,1.0,1.0,1.0,1.0,1.0,1.0,1.0,1.0,1.0,1.0,1.0,1.0,1.0,1.0,1.0,1.0,1.0,1.0,1.0,1.0,1.0,1.0,1.0,1.0,1.0,1.0,1.0,1.0,1.0,1.0,0.99999976,1.0,1.0,1.0,1.0,1.0,1.0,1.0,1.0,1.0,1.0,1.0,0.99999875,1.0,1.0,1.0,1.0,1.0,1.0,1.0,1.0,1.0,1.0,1.0,1.0,1.0,1.0,1.0,0.9999912,1.0,1.0,1.0,1.0,1.0,1.0,1.0,1.0,1.0,1.0,1.0,1.0,1.0,1.0,0.9999998,1.0,1.0,1.0,1.0,1.0,1.0,1.0,1.0
DDX51_K562,1.0,1.0,1.0,1.0,1.0,1.0,0.9999508,1.0,1.0,1.0,1.0,1.0,0.99999964,1.0,1.0,1.0,1.0,1.0,1.0,1.0,1.0,1.0,1.0,1.0,1.0,1.0,1.0,1.0,1.0,0.99999946,1.0,1.0,1.0,1.0,1.0,0.9999981,1.0,1.0,1.0,1.0,1.0,1.0,1.0,1.0,1.0,1.0,1.0,1.0,1.0,1.0,1.0,1.0,1.0,1.0,1.0,1.0,1.0,1.0,1.0,1.0,1.0,1.0,1.0,1.0,1.0,1.0,1.0,1.0,1.0,0.99999374,1.0,1.0,1.0,1.0,1.0,1.0,1.0,1.0,1.0,1.0,1.0,1.0,1.0,1.0,1.0,0.99999905,1.0,1.0,1.0,1.0,1.0,1.0,1.0,0.999998,1.0,1.0,1.0,1.0,1.0,1.0,1.0,1.0,1.0,0.99999803,1.0,0.9999916,1.0,1.0,1.0,1.0,1.0,1.0,1.0,1.0,1.0,1.0,1.0,1.0,0.9999991,1.0,1.0,1.0,1.0,1.0,1.0,1.0,1.0,1.0,1.0,1.0,1.0,1.0,1.0,1.0,1.0,1.0,1.0,1.0,1.0,1.0,1.0,1.0,1.0,1.0,1.0,1.0,1.0,1.0,1.0,1.0,1.0,1.0,1.0,1.0,1.0,1.0,1.0,1.0,1.0,1.0,1.0,1.0,1.0,1.0,1.0,1.0,1.0,1.0,1.0,1.0,1.0,0.99999976,1.0,1.0,1.0,1.0,1.0,1.0,1.0,1.0,1.0,1.0,1.0,0.99999875,1.0,1.0,1.0,1.0,1.0,1.0,1.0,1.0,1.0,1.0,1.0,1.0,1.0,1.0,1.0,0.9999912,1.0,1.0,1.0,1.0,1.0,1.0,1.0,1.0,1.0,1.0,1.0,1.0,1.0,1.0,0.9999998,1.0,1.0,1.0,1.0,1.0,1.0,1.0,1.0
DDX52_HepG2,1.0,1.0,1.0,1.0,1.0,1.0,0.9999508,1.0,1.0,1.0,1.0,1.0,0.99999964,1.0,1.0,1.0,1.0,1.0,1.0,1.0,1.0,1.0,1.0,1.0,1.0,1.0,1.0,1.0,1.0,0.99999946,1.0,1.0,1.0,1.0,1.0,0.9999981,1.0,1.0,1.0,1.0,1.0,1.0,1.0,1.0,1.0,1.0,1.0,1.0,1.0,1.0,1.0,1.0,1.0,1.0,1.0,1.0,1.0,1.0,1.0,1.0,1.0,1.0,1.0,1.0,1.0,1.0,1.0,1.0,1.0,0.99999374,1.0,1.0,1.0,1.0,1.0,1.0,1.0,1.0,1.0,1.0,1.0,1.0,1.0,1.0,1.0,0.99999905,1.0,1.0,1.0,1.0,1.0,1.0,1.0,0.999998,1.0,1.0,1.0,1.0,1.0,1.0,1.0,1.0,1.0,0.99999803,1.0,0.9999916,1.0,1.0,1.0,1.0,1.0,1.0,1.0,1.0,1.0,1.0,1.0,1.0,0.9999991,1.0,1.0,1.0,1.0,1.0,1.0,1.0,1.0,1.0,1.0,1.0,1.0,1.0,1.0,1.0,1.0,1.0,1.0,1.0,1.0,1.0,1.0,1.0,1.0,1.0,1.0,1.0,1.0,1.0,1.0,1.0,1.0,1.0,1.0,1.0,1.0,1.0,1.0,1.0,1.0,1.0,1.0,1.0,1.0,1.0,1.0,1.0,1.0,1.0,1.0,1.0,1.0,0.99999976,1.0,1.0,1.0,1.0,1.0,1.0,1.0,1.0,1.0,1.0,1.0,0.99999875,1.0,1.0,1.0,1.0,1.0,1.0,1.0,1.0,1.0,1.0,1.0,1.0,1.0,1.0,1.0,0.9999912,1.0,1.0,1.0,1.0,1.0,1.0,1.0,1.0,1.0,1.0,1.0,1.0,1.0,1.0,0.9999998,1.0,1.0,1.0,1.0,1.0,1.0,1.0,1.0
DDX52_K562,1.0,1.0,1.0,1.0,1.0,1.0,0.9999508,1.0,1.0,1.0,1.0,1.0,0.99999964,1.0,1.0,1.0,1.0,1.0,1.0,1.0,1.0,1.0,1.0,1.0,1.0,1.0,1.0,1.0,1.0,0.99999946,1.0,1.0,1.0,1.0,1.0,0.9999981,1.0,1.0,1.0,1.0,1.0,1.0,1.0,1.0,1.0,1.0,1.0,1.0,1.0,1.0,1.0,1.0,1.0,1.0,1.0,1.0,1.0,1.0,1.0,1.0,1.0,1.0,1.0,1.0,1.0,1.0,1.0,1.0,1.0,0.99999374,1.0,1.0,1.0,1.0,1.0,1.0,1.0,1.0,1.0,1.0,1.0,1.0,1.0,1.0,1.0,0.99999905,1.0,1.0,1.0,1.0,1.0,1.0,1.0,0.999998,1.0,1.0,1.0,1.0,1.0,1.0,1.0,1.0,1.0,0.99999803,1.0,0.9999916,1.0,1.0,1.0,1.0,1.0,1.0,1.0,1.0,1.0,1.0,1.0,1.0,0.9999991,1.0,1.0,1.0,1.0,1.0,1.0,1.0,1.0,1.0,1.0,1.0,1.0,1.0,1.0,1.0,1.0,1.0,1.0,1.0,1.0,1.0,1.0,1.0,1.0,1.0,1.0,1.0,1.0,1.0,1.0,1.0,1.0,1.0,1.0,1.0,1.0,1.0,1.0,1.0,1.0,1.0,1.0,1.0,1.0,1.0,1.0,1.0,1.0,1.0,1.0,1.0,1.0,0.99999976,1.0,1.0,1.0,1.0,1.0,1.0,1.0,1.0,1.0,1.0,1.0,0.99999875,1.0,1.0,1.0,1.0,1.0,1.0,1.0,1.0,1.0,1.0,1.0,1.0,1.0,1.0,1.0,0.9999912,1.0,1.0,1.0,1.0,1.0,1.0,1.0,1.0,1.0,1.0,1.0,1.0,1.0,1.0,0.9999998,1.0,1.0,1.0,1.0,1.0,1.0,1.0,1.0
DDX55_HepG2,0.99999946,0.99999946,0.99999946,0.99999946,0.99999946,0.99999946,0.9999606,0.99999946,0.99999946,0.99999946,0.99999946,0.99999946,1.0,0.99999946,0.99999946,0.99999946,0.99999946,0.99999946,0.99999946,0.99999946,0.99999946,0.99999946,0.99999946,0.99999946,0.99999946,0.99999946,0.99999946,0.99999946,0.99999946,1.0,0.99999946,0.99999946,0.99999946,0.99999946,0.99999946,0.9999996,0.99999946,0.99999946,0.99999946,0.99999946,0.99999946,0.99999946,0.99999946,0.99999946,0.99999946,0.99999946,0.99999946,0.99999946,0.99999946,0.99999946,0.99999946,0.99999946,0.99999946,0.99999946,0.99999946,0.99999946,0.99999946,0.99999946,0.99999946,0.99999946,0.99999946,0.99999946,0.99999946,0.99999946,0.99999946,0.99999946,0.99999946,0.99999946,0.99999946,0.9999969,0.99999946,0.99999946,0.99999946,0.99999946,0.99999946,0.99999946,0.99999946,0.99999946,0.99999946,0.99999946,0.99999946,0.99999946,0.99999946,0.99999946,0.99999946,0.99999994,0.99999946,0.99999946,0.99999946,0.99999946,0.99999946,0.99999946,0.99999946,0.9999995,0.99999946,0.99999946,0.99999946,0.99999946,0.99999946,0.99999946,0.99999946,0.99999946,0.99999946,0.9999995,0.99999946,0.9999953,0.99999946,0.99999946,0.99999946,0.99999946,0.99999946,0.99999946,0.99999946,0.99999946,0.99999946,0.99999946,0.99999946,0.99999946,0.99999994,0.99999946,0.99999946,0.99999946,0.99999946,0.99999946,0.99999946,0.99999946,0.99999946,0.99999946,0.99999946,0.99999946,0.99999946,0.99999946,0.99999946,0.99999946,0.99999946,0.99999946,0.99999946,0.99999946,0.99999946,0.99999946,0.99999946,0.99999946,0.99999946,0.99999946,0.99999946,0.99999946,0.99999946,0.99999946,0.99999946,0.99999946,0.99999946,0.99999946,0.99999946,0.99999946,0.99999946,0.99999946,0.99999946,0.99999946,0.99999946,0.99999946,0.99999946,0.99999946,0.99999946,0.99999946,0.99999946,0.99999946,0.99999946,0.99999946,0.99999946,0.99999946,0.99999946,0.9999985,0.99999946,0.99999946,0.99999946,0.99999946,0.99999946,0.99999946,0.99999946,0.99999946,0.99999946,0.99999946,0.99999946,0.9999998,0.99999946,0.99999946,0.99999946,0.99999946,0.99999946,0.99999946,0.99999946,0.99999946,0.99999946,0.99999946,0.99999946,0.99999946,0.99999946,0.99999946,0.99999946,0.999995,0.99999946,0.99999946,0.99999946,0.99999946,0.99999946,0.99999946,0.99999946,0.99999946,0.99999946,0.99999946,0.99999946,0.99999946,0.99999946,0.99999946,0.9999999,0.99999946,0.99999946,0.99999946,0.99999946,0.99999946,0.99999946,0.99999946,0.99999946
DDX55_K562,1.0,1.0,1.0,1.0,1.0,1.0,0.9999508,1.0,1.0,1.0,1.0,1.0,0.99999964,1.0,1.0,1.0,1.0,1.0,1.0,1.0,1.0,1.0,1.0,1.0,1.0,1.0,1.0,1.0,1.0,0.99999946,1.0,1.0,1.0,1.0,1.0,0.9999981,1.0,1.0,1.0,1.0,1.0,1.0,1.0,1.0,1.0,1.0,1.0,1.0,1.0,1.0,1.0,1.0,1.0,1.0,1.0,1.0,1.0,1.0,1.0,1.0,1.0,1.0,1.0,1.0,1.0,1.0,1.0,1.0,1.0,0.99999374,1.0,1.0,1.0,1.0,1.0,1.0,1.0,1.0,1.0,1.0,1.0,1.0,1.0,1.0,1.0,0.99999905,1.0,1.0,1.0,1.0,1.0,1.0,1.0,0.999998,1.0,1.0,1.0,1.0,1.0,1.0,1.0,1.0,1.0,0.99999803,1.0,0.9999916,1.0,1.0,1.0,1.0,1.0,1.0,1.0,1.0,1.0,1.0,1.0,1.0,0.9999991,1.0,1.0,1.0,1.0,1.0,1.0,1.0,1.0,1.0,1.0,1.0,1.0,1.0,1.0,1.0,1.0,1.0,1.0,1.0,1.0,1.0,1.0,1.0,1.0,1.0,1.0,1.0,1.0,1.0,1.0,1.0,1.0,1.0,1.0,1.0,1.0,1.0,1.0,1.0,1.0,1.0,1.0,1.0,1.0,1.0,1.0,1.0,1.0,1.0,1.0,1.0,1.0,0.99999976,1.0,1.0,1.0,1.0,1.0,1.0,1.0,1.0,1.0,1.0,1.0,0.99999875,1.0,1.0,1.0,1.0,1.0,1.0,1.0,1.0,1.0,1.0,1.0,1.0,1.0,1.0,1.0,0.9999912,1.0,1.0,1.0,1.0,1.0,1.0,1.0,1.0,1.0,1.0,1.0,1.0,1.0,1.0,0.9999998,1.0,1.0,1.0,1.0,1.0,1.0,1.0,1.0
DDX59_HepG2,1.0,1.0,1.0,1.0,1.0,1.0,0.9999508,1.0,1.0,1.0,1.0,1.0,0.99999964,1.0,1.0,1.0,1.0,1.0,1.0,1.0,1.0,1.0,1.0,1.0,1.0,1.0,1.0,1.0,1.0,0.99999946,1.0,1.0,1.0,1.0,1.0,0.9999981,1.0,1.0,1.0,1.0,1.0,1.0,1.0,1.0,1.0,1.0,1.0,1.0,1.0,1.0,1.0,1.0,1.0,1.0,1.0,1.0,1.0,1.0,1.0,1.0,1.0,1.0,1.0,1.0,1.0,1.0,1.0,1.0,1.0,0.99999374,1.0,1.0,1.0,1.0,1.0,1.0,1.0,1.0,1.0,1.0,1.0,1.0,1.0,1.0,1.0,0.99999905,1.0,1.0,1.0,1.0,1.0,1.0,1.0,0.999998,1.0,1.0,1.0,1.0,1.0,1.0,1.0,1.0,1.0,0.99999803,1.0,0.9999916,1.0,1.0,1.0,1.0,1.0,1.0,1.0,1.0,1.0,1.0,1.0,1.0,0.9999991,1.0,1.0,1.0,1.0,1.0,1.0,1.0,1.0,1.0,1.0,1.0,1.0,1.0,1.0,1.0,1.0,1.0,1.0,1.0,1.0,1.0,1.0,1.0,1.0,1.0,1.0,1.0,1.0,1.0,1.0,1.0,1.0,1.0,1.0,1.0,1.0,1.0,1.0,1.0,1.0,1.0,1.0,1.0,1.0,1.0,1.0,1.0,1.0,1.0,1.0,1.0,1.0,0.99999976,1.0,1.0,1.0,1.0,1.0,1.0,1.0,1.0,1.0,1.0,1.0,0.99999875,1.0,1.0,1.0,1.0,1.0,1.0,1.0,1.0,1.0,1.0,1.0,1.0,1.0,1.0,1.0,0.9999912,1.0,1.0,1.0,1.0,1.0,1.0,1.0,1.0,1.0,1.0,1.0,1.0,1.0,1.0,0.9999998,1.0,1.0,1.0,1.0,1.0,1.0,1.0,1.0
DDX6_HepG2,1.0,1.0,1.0,1.0,1.0,1.0,0.9999508,1.0,1.0,1.0,1.0,1.0,0.99999964,1.0,1.0,1.0,1.0,1.0,1.0,1.0,1.0,1.0,1.0,1.0,1.0,1.0,1.0,1.0,1.0,0.99999946,1.0,1.0,1.0,1.0,1.0,0.9999981,1.0,1.0,1.0,1.0,1.0,1.0,1.0,1.0,1.0,1.0,1.0,1.0,1.0,1.0,1.0,1.0,1.0,1.0,1.0,1.0,1.0,1.0,1.0,1.0,1.0,1.0,1.0,1.0,1.0,1.0,1.0,1.0,1.0,0.99999374,1.0,1.0,1.0,1.0,1.0,1.0,1.0,1.0,1.0,1.0,1.0,1.0,1.0,1.0,1.0,0.99999905,1.0,1.0,1.0,1.0,1.0,1.0,1.0,0.999998,1.0,1.0,1.0,1.0,1.0,1.0,1.0,1.0,1.0,0.99999803,1.0,0.9999916,1.0,1.0,1.0,1.0,1.0,1.0,1.0,1.0,1.0,1.0,1.0,1.0,0.9999991,1.0,1.0,1.0,1.0,1.0,1.0,1.0,1.0,1.0,1.0,1.0,1.0,1.0,1.0,1.0,1.0,1.0,1.0,1.0,1.0,1.0,1.0,1.0,1.0,1.0,1.0,1.0,1.0,1.0,1.0,1.0,1.0,1.0,1.0,1.0,1.0,1.0,1.0,1.0,1.0,1.0,1.0,1.0,1.0,1.0,1.0,1.0,1.0,1.0,1.0,1.0,1.0,0.99999976,1.0,1.0,1.0,1.0,1.0,1.0,1.0,1.0,1.0,1.0,1.0,0.99999875,1.0,1.0,1.0,1.0,1.0,1.0,1.0,1.0,1.0,1.0,1.0,1.0,1.0,1.0,1.0,0.9999912,1.0,1.0,1.0,1.0,1.0,1.0,1.0,1.0,1.0,1.0,1.0,1.0,1.0,1.0,0.9999998,1.0,1.0,1.0,1.0,1.0,1.0,1.0,1.0
DDX6_K562,1.0,1.0,1.0,1.0,1.0,1.0,0.9999508,1.0,1.0,1.0,1.0,1.0,0.99999964,1.0,1.0,1.0,1.0,1.0,1.0,1.0,1.0,1.0,1.0,1.0,1.0,1.0,1.0,1.0,1.0,0.99999946,1.0,1.0,1.0,1.0,1.0,0.9999981,1.0,1.0,1.0,1.0,1.0,1.0,1.0,1.0,1.0,1.0,1.0,1.0,1.0,1.0,1.0,1.0,1.0,1.0,1.0,1.0,1.0,1.0,1.0,1.0,1.0,1.0,1.0,1.0,1.0,1.0,1.0,1.0,1.0,0.99999374,1.0,1.0,1.0,1.0,1.0,1.0,1.0,1.0,1.0,1.0,1.0,1.0,1.0,1.0,1.0,0.99999905,1.0,1.0,1.0,1.0,1.0,1.0,1.0,0.999998,1.0,1.0,1.0,1.0,1.0,1.0,1.0,1.0,1.0,0.99999803,1.0,0.9999916,1.0,1.0,1.0,1.0,1.0,1.0,1.0,1.0,1.0,1.0,1.0,1.0,0.9999991,1.0,1.0,1.0,1.0,1.0,1.0,1.0,1.0,1.0,1.0,1.0,1.0,1.0,1.0,1.0,1.0,1.0,1.0,1.0,1.0,1.0,1.0,1.0,1.0,1.0,1.0,1.0,1.0,1.0,1.0,1.0,1.0,1.0,1.0,1.0,1.0,1.0,1.0,1.0,1.0,1.0,1.0,1.0,1.0,1.0,1.0,1.0,1.0,1.0,1.0,1.0,1.0,0.99999976,1.0,1.0,1.0,1.0,1.0,1.0,1.0,1.0,1.0,1.0,1.0,0.99999875,1.0,1.0,1.0,1.0,1.0,1.0,1.0,1.0,1.0,1.0,1.0,1.0,1.0,1.0,1.0,0.9999912,1.0,1.0,1.0,1.0,1.0,1.0,1.0,1.0,1.0,1.0,1.0,1.0,1.0,1.0,0.9999998,1.0,1.0,1.0,1.0,1.0,1.0,1.0,1.0
DGCR8_HepG2,1.0,1.0,1.0,1.0,1.0,1.0,0.9999508,1.0,1.0,1.0,1.0,1.0,0.99999964,1.0,1.0,1.0,1.0,1.0,1.0,1.0,1.0,1.0,1.0,1.0,1.0,1.0,1.0,1.0,1.0,0.99999946,1.0,1.0,1.0,1.0,1.0,0.9999981,1.0,1.0,1.0,1.0,1.0,1.0,1.0,1.0,1.0,1.0,1.0,1.0,1.0,1.0,1.0,1.0,1.0,1.0,1.0,1.0,1.0,1.0,1.0,1.0,1.0,1.0,1.0,1.0,1.0,1.0,1.0,1.0,1.0,0.99999374,1.0,1.0,1.0,1.0,1.0,1.0,1.0,1.0,1.0,1.0,1.0,1.0,1.0,1.0,1.0,0.99999905,1.0,1.0,1.0,1.0,1.0,1.0,1.0,0.999998,1.0,1.0,1.0,1.0,1.0,1.0,1.0,1.0,1.0,0.99999803,1.0,0.9999916,1.0,1.0,1.0,1.0,1.0,1.0,1.0,1.0,1.0,1.0,1.0,1.0,0.9999991,1.0,1.0,1.0,1.0,1.0,1.0,1.0,1.0,1.0,1.0,1.0,1.0,1.0,1.0,1.0,1.0,1.0,1.0,1.0,1.0,1.0,1.0,1.0,1.0,1.0,1.0,1.0,1.0,1.0,1.0,1.0,1.0,1.0,1.0,1.0,1.0,1.0,1.0,1.0,1.0,1.0,1.0,1.0,1.0,1.0,1.0,1.0,1.0,1.0,1.0,1.0,1.0,0.99999976,1.0,1.0,1.0,1.0,1.0,1.0,1.0,1.0,1.0,1.0,1.0,0.99999875,1.0,1.0,1.0,1.0,1.0,1.0,1.0,1.0,1.0,1.0,1.0,1.0,1.0,1.0,1.0,0.9999912,1.0,1.0,1.0,1.0,1.0,1.0,1.0,1.0,1.0,1.0,1.0,1.0,1.0,1.0,0.9999998,1.0,1.0,1.0,1.0,1.0,1.0,1.0,1.0
DGCR8_K562,0.9999981,0.9999981,0.9999981,0.9999981,0.9999981,0.9999981,0.9999683,0.9999981,0.9999981,0.9999981,0.9999981,0.9999981,0.9999994,0.9999981,0.9999981,0.9999981,0.9999981,0.9999981,0.9999981,0.9999981,0.9999981,0.9999981,0.9999981,0.9999981,0.9999981,0.9999981,0.9999981,0.9999981,0.9999981,0.9999996,0.9999981,0.9999981,0.9999981,0.9999981,0.9999981,1.0,0.9999981,0.9999981,0.9999981,0.9999981,0.9999981,0.9999981,0.9999981,0.9999981,0.9999981,0.9999981,0.9999981,0.9999981,0.9999981,0.9999981,0.9999981,0.9999981,0.9999981,0.9999981,0.9999981,0.9999981,0.9999981,0.9999981,0.9999981,0.9999981,0.9999981,0.9999981,0.9999981,0.9999981,0.9999981,0.9999981,0.9999981,0.9999981,0.9999981,0.99999875,0.9999981,0.9999981,0.9999981,0.9999981,0.9999981,0.9999981,0.9999981,0.9999981,0.9999981,0.9999981,0.9999981,0.9999981,0.9999981,0.9999981,0.9999981,0.9999998,0.9999981,0.9999981,0.9999981,0.9999981,0.9999981,0.9999981,0.9999981,1.0,0.9999981,0.9999981,0.9999981,0.9999981,0.9999981,0.9999981,0.9999981,0.9999981,0.9999981,1.0,0.9999981,0.9999977,0.9999981,0.9999981,0.9999981,0.9999981,0.9999981,0.9999981,0.9999981,0.9999981,0.9999981,0.9999981,0.9999981,0.9999981,0.9999998,0.9999981,0.9999981,0.9999981,0.9999981,0.9999981,0.9999981,0.9999981,0.9999981,0.9999981,0.9999981,0.9999981,0.9999981,0.9999981,0.9999981,0.9999981,0.9999981,0.9999981,0.9999981,0.9999981,0.9999981,0.9999981,0.9999981,0.9999981,0.9999981,0.9999981,0.9999981,0.9999981,0.9999981,0.9999981,0.9999981,0.9999981,0.9999981,0.9999981,0.9999981,0.9999981,0.9999981,0.9999981,0.9999981,0.9999981,0.9999981,0.9999981,0.9999981,0.9999981,0.9999981,0.9999981,0.9999981,0.9999981,0.9999981,0.9999981,0.9999981,0.9999981,0.9999981,0.99999654,0.9999981,0.9999981,0.9999981,0.9999981,0.9999981,0.9999981,0.9999981,0.9999981,0.9999981,0.9999981,0.9999981,0.99999994,0.9999981,0.9999981,0.9999981,0.9999981,0.9999981,0.9999981,0.9999981,0.9999981,0.9999981,0.9999981,0.9999981,0.9999981,0.9999981,0.9999981,0.9999981,0.99999744,0.9999981,0.9999981,0.9999981,0.9999981,0.9999981,0.9999981,0.9999981,0.9999981,0.9999981,0.9999981,0.9999981,0.9999981,0.9999981,0.9999981,0.9999991,0.9999981,0.9999981,0.9999981,0.9999981,0.9999981,0.9999981,0.9999981,0.9999981
DHX30_HepG2,1.0,1.0,1.0,1.0,1.0,1.0,0.9999508,1.0,1.0,1.0,1.0,1.0,0.99999964,1.0,1.0,1.0,1.0,1.0,1.0,1.0,1.0,1.0,1.0,1.0,1.0,1.0,1.0,1.0,1.0,0.99999946,1.0,1.0,1.0,1.0,1.0,0.9999981,1.0,1.0,1.0,1.0,1.0,1.0,1.0,1.0,1.0,1.0,1.0,1.0,1.0,1.0,1.0,1.0,1.0,1.0,1.0,1.0,1.0,1.0,1.0,1.0,1.0,1.0,1.0,1.0,1.0,1.0,1.0,1.0,1.0,0.99999374,1.0,1.0,1.0,1.0,1.0,1.0,1.0,1.0,1.0,1.0,1.0,1.0,1.0,1.0,1.0,0.99999905,1.0,1.0,1.0,1.0,1.0,1.0,1.0,0.999998,1.0,1.0,1.0,1.0,1.0,1.0,1.0,1.0,1.0,0.99999803,1.0,0.9999916,1.0,1.0,1.0,1.0,1.0,1.0,1.0,1.0,1.0,1.0,1.0,1.0,0.9999991,1.0,1.0,1.0,1.0,1.0,1.0,1.0,1.0,1.0,1.0,1.0,1.0,1.0,1.0,1.0,1.0,1.0,1.0,1.0,1.0,1.0,1.0,1.0,1.0,1.0,1.0,1.0,1.0,1.0,1.0,1.0,1.0,1.0,1.0,1.0,1.0,1.0,1.0,1.0,1.0,1.0,1.0,1.0,1.0,1.0,1.0,1.0,1.0,1.0,1.0,1.0,1.0,0.99999976,1.0,1.0,1.0,1.0,1.0,1.0,1.0,1.0,1.0,1.0,1.0,0.99999875,1.0,1.0,1.0,1.0,1.0,1.0,1.0,1.0,1.0,1.0,1.0,1.0,1.0,1.0,1.0,0.9999912,1.0,1.0,1.0,1.0,1.0,1.0,1.0,1.0,1.0,1.0,1.0,1.0,1.0,1.0,0.9999998,1.0,1.0,1.0,1.0,1.0,1.0,1.0,1.0
DHX30_K562,1.0,1.0,1.0,1.0,1.0,1.0,0.9999508,1.0,1.0,1.0,1.0,1.0,0.99999964,1.0,1.0,1.0,1.0,1.0,1.0,1.0,1.0,1.0,1.0,1.0,1.0,1.0,1.0,1.0,1.0,0.99999946,1.0,1.0,1.0,1.0,1.0,0.9999981,1.0,1.0,1.0,1.0,1.0,1.0,1.0,1.0,1.0,1.0,1.0,1.0,1.0,1.0,1.0,1.0,1.0,1.0,1.0,1.0,1.0,1.0,1.0,1.0,1.0,1.0,1.0,1.0,1.0,1.0,1.0,1.0,1.0,0.99999374,1.0,1.0,1.0,1.0,1.0,1.0,1.0,1.0,1.0,1.0,1.0,1.0,1.0,1.0,1.0,0.99999905,1.0,1.0,1.0,1.0,1.0,1.0,1.0,0.999998,1.0,1.0,1.0,1.0,1.0,1.0,1.0,1.0,1.0,0.99999803,1.0,0.9999916,1.0,1.0,1.0,1.0,1.0,1.0,1.0,1.0,1.0,1.0,1.0,1.0,0.9999991,1.0,1.0,1.0,1.0,1.0,1.0,1.0,1.0,1.0,1.0,1.0,1.0,1.0,1.0,1.0,1.0,1.0,1.0,1.0,1.0,1.0,1.0,1.0,1.0,1.0,1.0,1.0,1.0,1.0,1.0,1.0,1.0,1.0,1.0,1.0,1.0,1.0,1.0,1.0,1.0,1.0,1.0,1.0,1.0,1.0,1.0,1.0,1.0,1.0,1.0,1.0,1.0,0.99999976,1.0,1.0,1.0,1.0,1.0,1.0,1.0,1.0,1.0,1.0,1.0,0.99999875,1.0,1.0,1.0,1.0,1.0,1.0,1.0,1.0,1.0,1.0,1.0,1.0,1.0,1.0,1.0,0.9999912,1.0,1.0,1.0,1.0,1.0,1.0,1.0,1.0,1.0,1.0,1.0,1.0,1.0,1.0,0.9999998,1.0,1.0,1.0,1.0,1.0,1.0,1.0,1.0
DKC1_HepG2,1.0,1.0,1.0,1.0,1.0,1.0,0.9999508,1.0,1.0,1.0,1.0,1.0,0.99999964,1.0,1.0,1.0,1.0,1.0,1.0,1.0,1.0,1.0,1.0,1.0,1.0,1.0,1.0,1.0,1.0,0.99999946,1.0,1.0,1.0,1.0,1.0,0.9999981,1.0,1.0,1.0,1.0,1.0,1.0,1.0,1.0,1.0,1.0,1.0,1.0,1.0,1.0,1.0,1.0,1.0,1.0,1.0,1.0,1.0,1.0,1.0,1.0,1.0,1.0,1.0,1.0,1.0,1.0,1.0,1.0,1.0,0.99999374,1.0,1.0,1.0,1.0,1.0,1.0,1.0,1.0,1.0,1.0,1.0,1.0,1.0,1.0,1.0,0.99999905,1.0,1.0,1.0,1.0,1.0,1.0,1.0,0.999998,1.0,1.0,1.0,1.0,1.0,1.0,1.0,1.0,1.0,0.99999803,1.0,0.9999916,1.0,1.0,1.0,1.0,1.0,1.0,1.0,1.0,1.0,1.0,1.0,1.0,0.9999991,1.0,1.0,1.0,1.0,1.0,1.0,1.0,1.0,1.0,1.0,1.0,1.0,1.0,1.0,1.0,1.0,1.0,1.0,1.0,1.0,1.0,1.0,1.0,1.0,1.0,1.0,1.0,1.0,1.0,1.0,1.0,1.0,1.0,1.0,1.0,1.0,1.0,1.0,1.0,1.0,1.0,1.0,1.0,1.0,1.0,1.0,1.0,1.0,1.0,1.0,1.0,1.0,0.99999976,1.0,1.0,1.0,1.0,1.0,1.0,1.0,1.0,1.0,1.0,1.0,0.99999875,1.0,1.0,1.0,1.0,1.0,1.0,1.0,1.0,1.0,1.0,1.0,1.0,1.0,1.0,1.0,0.9999912,1.0,1.0,1.0,1.0,1.0,1.0,1.0,1.0,1.0,1.0,1.0,1.0,1.0,1.0,0.9999998,1.0,1.0,1.0,1.0,1.0,1.0,1.0,1.0
DROSHA_HepG2,1.0,1.0,1.0,1.0,1.0,1.0,0.9999508,1.0,1.0,1.0,1.0,1.0,0.99999964,1.0,1.0,1.0,1.0,1.0,1.0,1.0,1.0,1.0,1.0,1.0,1.0,1.0,1.0,1.0,1.0,0.99999946,1.0,1.0,1.0,1.0,1.0,0.9999981,1.0,1.0,1.0,1.0,1.0,1.0,1.0,1.0,1.0,1.0,1.0,1.0,1.0,1.0,1.0,1.0,1.0,1.0,1.0,1.0,1.0,1.0,1.0,1.0,1.0,1.0,1.0,1.0,1.0,1.0,1.0,1.0,1.0,0.99999374,1.0,1.0,1.0,1.0,1.0,1.0,1.0,1.0,1.0,1.0,1.0,1.0,1.0,1.0,1.0,0.99999905,1.0,1.0,1.0,1.0,1.0,1.0,1.0,0.999998,1.0,1.0,1.0,1.0,1.0,1.0,1.0,1.0,1.0,0.99999803,1.0,0.9999916,1.0,1.0,1.0,1.0,1.0,1.0,1.0,1.0,1.0,1.0,1.0,1.0,0.9999991,1.0,1.0,1.0,1.0,1.0,1.0,1.0,1.0,1.0,1.0,1.0,1.0,1.0,1.0,1.0,1.0,1.0,1.0,1.0,1.0,1.0,1.0,1.0,1.0,1.0,1.0,1.0,1.0,1.0,1.0,1.0,1.0,1.0,1.0,1.0,1.0,1.0,1.0,1.0,1.0,1.0,1.0,1.0,1.0,1.0,1.0,1.0,1.0,1.0,1.0,1.0,1.0,0.99999976,1.0,1.0,1.0,1.0,1.0,1.0,1.0,1.0,1.0,1.0,1.0,0.99999875,1.0,1.0,1.0,1.0,1.0,1.0,1.0,1.0,1.0,1.0,1.0,1.0,1.0,1.0,1.0,0.9999912,1.0,1.0,1.0,1.0,1.0,1.0,1.0,1.0,1.0,1.0,1.0,1.0,1.0,1.0,0.9999998,1.0,1.0,1.0,1.0,1.0,1.0,1.0,1.0
DROSHA_K562,1.0,1.0,1.0,1.0,1.0,1.0,0.9999508,1.0,1.0,1.0,1.0,1.0,0.99999964,1.0,1.0,1.0,1.0,1.0,1.0,1.0,1.0,1.0,1.0,1.0,1.0,1.0,1.0,1.0,1.0,0.99999946,1.0,1.0,1.0,1.0,1.0,0.9999981,1.0,1.0,1.0,1.0,1.0,1.0,1.0,1.0,1.0,1.0,1.0,1.0,1.0,1.0,1.0,1.0,1.0,1.0,1.0,1.0,1.0,1.0,1.0,1.0,1.0,1.0,1.0,1.0,1.0,1.0,1.0,1.0,1.0,0.99999374,1.0,1.0,1.0,1.0,1.0,1.0,1.0,1.0,1.0,1.0,1.0,1.0,1.0,1.0,1.0,0.99999905,1.0,1.0,1.0,1.0,1.0,1.0,1.0,0.999998,1.0,1.0,1.0,1.0,1.0,1.0,1.0,1.0,1.0,0.99999803,1.0,0.9999916,1.0,1.0,1.0,1.0,1.0,1.0,1.0,1.0,1.0,1.0,1.0,1.0,0.9999991,1.0,1.0,1.0,1.0,1.0,1.0,1.0,1.0,1.0,1.0,1.0,1.0,1.0,1.0,1.0,1.0,1.0,1.0,1.0,1.0,1.0,1.0,1.0,1.0,1.0,1.0,1.0,1.0,1.0,1.0,1.0,1.0,1.0,1.0,1.0,1.0,1.0,1.0,1.0,1.0,1.0,1.0,1.0,1.0,1.0,1.0,1.0,1.0,1.0,1.0,1.0,1.0,0.99999976,1.0,1.0,1.0,1.0,1.0,1.0,1.0,1.0,1.0,1.0,1.0,0.99999875,1.0,1.0,1.0,1.0,1.0,1.0,1.0,1.0,1.0,1.0,1.0,1.0,1.0,1.0,1.0,0.9999912,1.0,1.0,1.0,1.0,1.0,1.0,1.0,1.0,1.0,1.0,1.0,1.0,1.0,1.0,0.9999998,1.0,1.0,1.0,1.0,1.0,1.0,1.0,1.0
EFTUD2_HepG2,1.0,1.0,1.0,1.0,1.0,1.0,0.9999508,1.0,1.0,1.0,1.0,1.0,0.99999964,1.0,1.0,1.0,1.0,1.0,1.0,1.0,1.0,1.0,1.0,1.0,1.0,1.0,1.0,1.0,1.0,0.99999946,1.0,1.0,1.0,1.0,1.0,0.9999981,1.0,1.0,1.0,1.0,1.0,1.0,1.0,1.0,1.0,1.0,1.0,1.0,1.0,1.0,1.0,1.0,1.0,1.0,1.0,1.0,1.0,1.0,1.0,1.0,1.0,1.0,1.0,1.0,1.0,1.0,1.0,1.0,1.0,0.99999374,1.0,1.0,1.0,1.0,1.0,1.0,1.0,1.0,1.0,1.0,1.0,1.0,1.0,1.0,1.0,0.99999905,1.0,1.0,1.0,1.0,1.0,1.0,1.0,0.999998,1.0,1.0,1.0,1.0,1.0,1.0,1.0,1.0,1.0,0.99999803,1.0,0.9999916,1.0,1.0,1.0,1.0,1.0,1.0,1.0,1.0,1.0,1.0,1.0,1.0,0.9999991,1.0,1.0,1.0,1.0,1.0,1.0,1.0,1.0,1.0,1.0,1.0,1.0,1.0,1.0,1.0,1.0,1.0,1.0,1.0,1.0,1.0,1.0,1.0,1.0,1.0,1.0,1.0,1.0,1.0,1.0,1.0,1.0,1.0,1.0,1.0,1.0,1.0,1.0,1.0,1.0,1.0,1.0,1.0,1.0,1.0,1.0,1.0,1.0,1.0,1.0,1.0,1.0,0.99999976,1.0,1.0,1.0,1.0,1.0,1.0,1.0,1.0,1.0,1.0,1.0,0.99999875,1.0,1.0,1.0,1.0,1.0,1.0,1.0,1.0,1.0,1.0,1.0,1.0,1.0,1.0,1.0,0.9999912,1.0,1.0,1.0,1.0,1.0,1.0,1.0,1.0,1.0,1.0,1.0,1.0,1.0,1.0,0.9999998,1.0,1.0,1.0,1.0,1.0,1.0,1.0,1.0
EFTUD2_K562,1.0,1.0,1.0,1.0,1.0,1.0,0.9999508,1.0,1.0,1.0,1.0,1.0,0.99999964,1.0,1.0,1.0,1.0,1.0,1.0,1.0,1.0,1.0,1.0,1.0,1.0,1.0,1.0,1.0,1.0,0.99999946,1.0,1.0,1.0,1.0,1.0,0.9999981,1.0,1.0,1.0,1.0,1.0,1.0,1.0,1.0,1.0,1.0,1.0,1.0,1.0,1.0,1.0,1.0,1.0,1.0,1.0,1.0,1.0,1.0,1.0,1.0,1.0,1.0,1.0,1.0,1.0,1.0,1.0,1.0,1.0,0.99999374,1.0,1.0,1.0,1.0,1.0,1.0,1.0,1.0,1.0,1.0,1.0,1.0,1.0,1.0,1.0,0.99999905,1.0,1.0,1.0,1.0,1.0,1.0,1.0,0.999998,1.0,1.0,1.0,1.0,1.0,1.0,1.0,1.0,1.0,0.99999803,1.0,0.9999916,1.0,1.0,1.0,1.0,1.0,1.0,1.0,1.0,1.0,1.0,1.0,1.0,0.9999991,1.0,1.0,1.0,1.0,1.0,1.0,1.0,1.0,1.0,1.0,1.0,1.0,1.0,1.0,1.0,1.0,1.0,1.0,1.0,1.0,1.0,1.0,1.0,1.0,1.0,1.0,1.0,1.0,1.0,1.0,1.0,1.0,1.0,1.0,1.0,1.0,1.0,1.0,1.0,1.0,1.0,1.0,1.0,1.0,1.0,1.0,1.0,1.0,1.0,1.0,1.0,1.0,0.99999976,1.0,1.0,1.0,1.0,1.0,1.0,1.0,1.0,1.0,1.0,1.0,0.99999875,1.0,1.0,1.0,1.0,1.0,1.0,1.0,1.0,1.0,1.0,1.0,1.0,1.0,1.0,1.0,0.9999912,1.0,1.0,1.0,1.0,1.0,1.0,1.0,1.0,1.0,1.0,1.0,1.0,1.0,1.0,0.9999998,1.0,1.0,1.0,1.0,1.0,1.0,1.0,1.0
EIF3D_HepG2,1.0,1.0,1.0,1.0,1.0,1.0,0.9999508,1.0,1.0,1.0,1.0,1.0,0.99999964,1.0,1.0,1.0,1.0,1.0,1.0,1.0,1.0,1.0,1.0,1.0,1.0,1.0,1.0,1.0,1.0,0.99999946,1.0,1.0,1.0,1.0,1.0,0.9999981,1.0,1.0,1.0,1.0,1.0,1.0,1.0,1.0,1.0,1.0,1.0,1.0,1.0,1.0,1.0,1.0,1.0,1.0,1.0,1.0,1.0,1.0,1.0,1.0,1.0,1.0,1.0,1.0,1.0,1.0,1.0,1.0,1.0,0.99999374,1.0,1.0,1.0,1.0,1.0,1.0,1.0,1.0,1.0,1.0,1.0,1.0,1.0,1.0,1.0,0.99999905,1.0,1.0,1.0,1.0,1.0,1.0,1.0,0.999998,1.0,1.0,1.0,1.0,1.0,1.0,1.0,1.0,1.0,0.99999803,1.0,0.9999916,1.0,1.0,1.0,1.0,1.0,1.0,1.0,1.0,1.0,1.0,1.0,1.0,0.9999991,1.0,1.0,1.0,1.0,1.0,1.0,1.0,1.0,1.0,1.0,1.0,1.0,1.0,1.0,1.0,1.0,1.0,1.0,1.0,1.0,1.0,1.0,1.0,1.0,1.0,1.0,1.0,1.0,1.0,1.0,1.0,1.0,1.0,1.0,1.0,1.0,1.0,1.0,1.0,1.0,1.0,1.0,1.0,1.0,1.0,1.0,1.0,1.0,1.0,1.0,1.0,1.0,0.99999976,1.0,1.0,1.0,1.0,1.0,1.0,1.0,1.0,1.0,1.0,1.0,0.99999875,1.0,1.0,1.0,1.0,1.0,1.0,1.0,1.0,1.0,1.0,1.0,1.0,1.0,1.0,1.0,0.9999912,1.0,1.0,1.0,1.0,1.0,1.0,1.0,1.0,1.0,1.0,1.0,1.0,1.0,1.0,0.9999998,1.0,1.0,1.0,1.0,1.0,1.0,1.0,1.0
EIF3G_K562,1.0,1.0,1.0,1.0,1.0,1.0,0.9999508,1.0,1.0,1.0,1.0,1.0,0.99999964,1.0,1.0,1.0,1.0,1.0,1.0,1.0,1.0,1.0,1.0,1.0,1.0,1.0,1.0,1.0,1.0,0.99999946,1.0,1.0,1.0,1.0,1.0,0.9999981,1.0,1.0,1.0,1.0,1.0,1.0,1.0,1.0,1.0,1.0,1.0,1.0,1.0,1.0,1.0,1.0,1.0,1.0,1.0,1.0,1.0,1.0,1.0,1.0,1.0,1.0,1.0,1.0,1.0,1.0,1.0,1.0,1.0,0.99999374,1.0,1.0,1.0,1.0,1.0,1.0,1.0,1.0,1.0,1.0,1.0,1.0,1.0,1.0,1.0,0.99999905,1.0,1.0,1.0,1.0,1.0,1.0,1.0,0.999998,1.0,1.0,1.0,1.0,1.0,1.0,1.0,1.0,1.0,0.99999803,1.0,0.9999916,1.0,1.0,1.0,1.0,1.0,1.0,1.0,1.0,1.0,1.0,1.0,1.0,0.9999991,1.0,1.0,1.0,1.0,1.0,1.0,1.0,1.0,1.0,1.0,1.0,1.0,1.0,1.0,1.0,1.0,1.0,1.0,1.0,1.0,1.0,1.0,1.0,1.0,1.0,1.0,1.0,1.0,1.0,1.0,1.0,1.0,1.0,1.0,1.0,1.0,1.0,1.0,1.0,1.0,1.0,1.0,1.0,1.0,1.0,1.0,1.0,1.0,1.0,1.0,1.0,1.0,0.99999976,1.0,1.0,1.0,1.0,1.0,1.0,1.0,1.0,1.0,1.0,1.0,0.99999875,1.0,1.0,1.0,1.0,1.0,1.0,1.0,1.0,1.0,1.0,1.0,1.0,1.0,1.0,1.0,0.9999912,1.0,1.0,1.0,1.0,1.0,1.0,1.0,1.0,1.0,1.0,1.0,1.0,1.0,1.0,0.9999998,1.0,1.0,1.0,1.0,1.0,1.0,1.0,1.0
EIF3H_HepG2,1.0,1.0,1.0,1.0,1.0,1.0,0.9999508,1.0,1.0,1.0,1.0,1.0,0.99999964,1.0,1.0,1.0,1.0,1.0,1.0,1.0,1.0,1.0,1.0,1.0,1.0,1.0,1.0,1.0,1.0,0.99999946,1.0,1.0,1.0,1.0,1.0,0.9999981,1.0,1.0,1.0,1.0,1.0,1.0,1.0,1.0,1.0,1.0,1.0,1.0,1.0,1.0,1.0,1.0,1.0,1.0,1.0,1.0,1.0,1.0,1.0,1.0,1.0,1.0,1.0,1.0,1.0,1.0,1.0,1.0,1.0,0.99999374,1.0,1.0,1.0,1.0,1.0,1.0,1.0,1.0,1.0,1.0,1.0,1.0,1.0,1.0,1.0,0.99999905,1.0,1.0,1.0,1.0,1.0,1.0,1.0,0.999998,1.0,1.0,1.0,1.0,1.0,1.0,1.0,1.0,1.0,0.99999803,1.0,0.9999916,1.0,1.0,1.0,1.0,1.0,1.0,1.0,1.0,1.0,1.0,1.0,1.0,0.9999991,1.0,1.0,1.0,1.0,1.0,1.0,1.0,1.0,1.0,1.0,1.0,1.0,1.0,1.0,1.0,1.0,1.0,1.0,1.0,1.0,1.0,1.0,1.0,1.0,1.0,1.0,1.0,1.0,1.0,1.0,1.0,1.0,1.0,1.0,1.0,1.0,1.0,1.0,1.0,1.0,1.0,1.0,1.0,1.0,1.0,1.0,1.0,1.0,1.0,1.0,1.0,1.0,0.99999976,1.0,1.0,1.0,1.0,1.0,1.0,1.0,1.0,1.0,1.0,1.0,0.99999875,1.0,1.0,1.0,1.0,1.0,1.0,1.0,1.0,1.0,1.0,1.0,1.0,1.0,1.0,1.0,0.9999912,1.0,1.0,1.0,1.0,1.0,1.0,1.0,1.0,1.0,1.0,1.0,1.0,1.0,1.0,0.9999998,1.0,1.0,1.0,1.0,1.0,1.0,1.0,1.0
EIF4G2_K562,1.0,1.0,1.0,1.0,1.0,1.0,0.9999508,1.0,1.0,1.0,1.0,1.0,0.99999964,1.0,1.0,1.0,1.0,1.0,1.0,1.0,1.0,1.0,1.0,1.0,1.0,1.0,1.0,1.0,1.0,0.99999946,1.0,1.0,1.0,1.0,1.0,0.9999981,1.0,1.0,1.0,1.0,1.0,1.0,1.0,1.0,1.0,1.0,1.0,1.0,1.0,1.0,1.0,1.0,1.0,1.0,1.0,1.0,1.0,1.0,1.0,1.0,1.0,1.0,1.0,1.0,1.0,1.0,1.0,1.0,1.0,0.99999374,1.0,1.0,1.0,1.0,1.0,1.0,1.0,1.0,1.0,1.0,1.0,1.0,1.0,1.0,1.0,0.99999905,1.0,1.0,1.0,1.0,1.0,1.0,1.0,0.999998,1.0,1.0,1.0,1.0,1.0,1.0,1.0,1.0,1.0,0.99999803,1.0,0.9999916,1.0,1.0,1.0,1.0,1.0,1.0,1.0,1.0,1.0,1.0,1.0,1.0,0.9999991,1.0,1.0,1.0,1.0,1.0,1.0,1.0,1.0,1.0,1.0,1.0,1.0,1.0,1.0,1.0,1.0,1.0,1.0,1.0,1.0,1.0,1.0,1.0,1.0,1.0,1.0,1.0,1.0,1.0,1.0,1.0,1.0,1.0,1.0,1.0,1.0,1.0,1.0,1.0,1.0,1.0,1.0,1.0,1.0,1.0,1.0,1.0,1.0,1.0,1.0,1.0,1.0,0.99999976,1.0,1.0,1.0,1.0,1.0,1.0,1.0,1.0,1.0,1.0,1.0,0.99999875,1.0,1.0,1.0,1.0,1.0,1.0,1.0,1.0,1.0,1.0,1.0,1.0,1.0,1.0,1.0,0.9999912,1.0,1.0,1.0,1.0,1.0,1.0,1.0,1.0,1.0,1.0,1.0,1.0,1.0,1.0,0.9999998,1.0,1.0,1.0,1.0,1.0,1.0,1.0,1.0
EWSR1_K562,1.0,1.0,1.0,1.0,1.0,1.0,0.9999508,1.0,1.0,1.0,1.0,1.0,0.99999964,1.0,1.0,1.0,1.0,1.0,1.0,1.0,1.0,1.0,1.0,1.0,1.0,1.0,1.0,1.0,1.0,0.99999946,1.0,1.0,1.0,1.0,1.0,0.9999981,1.0,1.0,1.0,1.0,1.0,1.0,1.0,1.0,1.0,1.0,1.0,1.0,1.0,1.0,1.0,1.0,1.0,1.0,1.0,1.0,1.0,1.0,1.0,1.0,1.0,1.0,1.0,1.0,1.0,1.0,1.0,1.0,1.0,0.99999374,1.0,1.0,1.0,1.0,1.0,1.0,1.0,1.0,1.0,1.0,1.0,1.0,1.0,1.0,1.0,0.99999905,1.0,1.0,1.0,1.0,1.0,1.0,1.0,0.999998,1.0,1.0,1.0,1.0,1.0,1.0,1.0,1.0,1.0,0.99999803,1.0,0.9999916,1.0,1.0,1.0,1.0,1.0,1.0,1.0,1.0,1.0,1.0,1.0,1.0,0.9999991,1.0,1.0,1.0,1.0,1.0,1.0,1.0,1.0,1.0,1.0,1.0,1.0,1.0,1.0,1.0,1.0,1.0,1.0,1.0,1.0,1.0,1.0,1.0,1.0,1.0,1.0,1.0,1.0,1.0,1.0,1.0,1.0,1.0,1.0,1.0,1.0,1.0,1.0,1.0,1.0,1.0,1.0,1.0,1.0,1.0,1.0,1.0,1.0,1.0,1.0,1.0,1.0,0.99999976,1.0,1.0,1.0,1.0,1.0,1.0,1.0,1.0,1.0,1.0,1.0,0.99999875,1.0,1.0,1.0,1.0,1.0,1.0,1.0,1.0,1.0,1.0,1.0,1.0,1.0,1.0,1.0,0.9999912,1.0,1.0,1.0,1.0,1.0,1.0,1.0,1.0,1.0,1.0,1.0,1.0,1.0,1.0,0.9999998,1.0,1.0,1.0,1.0,1.0,1.0,1.0,1.0
EXOSC5_HepG2,1.0,1.0,1.0,1.0,1.0,1.0,0.9999508,1.0,1.0,1.0,1.0,1.0,0.99999964,1.0,1.0,1.0,1.0,1.0,1.0,1.0,1.0,1.0,1.0,1.0,1.0,1.0,1.0,1.0,1.0,0.99999946,1.0,1.0,1.0,1.0,1.0,0.9999981,1.0,1.0,1.0,1.0,1.0,1.0,1.0,1.0,1.0,1.0,1.0,1.0,1.0,1.0,1.0,1.0,1.0,1.0,1.0,1.0,1.0,1.0,1.0,1.0,1.0,1.0,1.0,1.0,1.0,1.0,1.0,1.0,1.0,0.99999374,1.0,1.0,1.0,1.0,1.0,1.0,1.0,1.0,1.0,1.0,1.0,1.0,1.0,1.0,1.0,0.99999905,1.0,1.0,1.0,1.0,1.0,1.0,1.0,0.999998,1.0,1.0,1.0,1.0,1.0,1.0,1.0,1.0,1.0,0.99999803,1.0,0.9999916,1.0,1.0,1.0,1.0,1.0,1.0,1.0,1.0,1.0,1.0,1.0,1.0,0.9999991,1.0,1.0,1.0,1.0,1.0,1.0,1.0,1.0,1.0,1.0,1.0,1.0,1.0,1.0,1.0,1.0,1.0,1.0,1.0,1.0,1.0,1.0,1.0,1.0,1.0,1.0,1.0,1.0,1.0,1.0,1.0,1.0,1.0,1.0,1.0,1.0,1.0,1.0,1.0,1.0,1.0,1.0,1.0,1.0,1.0,1.0,1.0,1.0,1.0,1.0,1.0,1.0,0.99999976,1.0,1.0,1.0,1.0,1.0,1.0,1.0,1.0,1.0,1.0,1.0,0.99999875,1.0,1.0,1.0,1.0,1.0,1.0,1.0,1.0,1.0,1.0,1.0,1.0,1.0,1.0,1.0,0.9999912,1.0,1.0,1.0,1.0,1.0,1.0,1.0,1.0,1.0,1.0,1.0,1.0,1.0,1.0,0.9999998,1.0,1.0,1.0,1.0,1.0,1.0,1.0,1.0
EXOSC5_K562,1.0,1.0,1.0,1.0,1.0,1.0,0.9999508,1.0,1.0,1.0,1.0,1.0,0.99999964,1.0,1.0,1.0,1.0,1.0,1.0,1.0,1.0,1.0,1.0,1.0,1.0,1.0,1.0,1.0,1.0,0.99999946,1.0,1.0,1.0,1.0,1.0,0.9999981,1.0,1.0,1.0,1.0,1.0,1.0,1.0,1.0,1.0,1.0,1.0,1.0,1.0,1.0,1.0,1.0,1.0,1.0,1.0,1.0,1.0,1.0,1.0,1.0,1.0,1.0,1.0,1.0,1.0,1.0,1.0,1.0,1.0,0.99999374,1.0,1.0,1.0,1.0,1.0,1.0,1.0,1.0,1.0,1.0,1.0,1.0,1.0,1.0,1.0,0.99999905,1.0,1.0,1.0,1.0,1.0,1.0,1.0,0.999998,1.0,1.0,1.0,1.0,1.0,1.0,1.0,1.0,1.0,0.99999803,1.0,0.9999916,1.0,1.0,1.0,1.0,1.0,1.0,1.0,1.0,1.0,1.0,1.0,1.0,0.9999991,1.0,1.0,1.0,1.0,1.0,1.0,1.0,1.0,1.0,1.0,1.0,1.0,1.0,1.0,1.0,1.0,1.0,1.0,1.0,1.0,1.0,1.0,1.0,1.0,1.0,1.0,1.0,1.0,1.0,1.0,1.0,1.0,1.0,1.0,1.0,1.0,1.0,1.0,1.0,1.0,1.0,1.0,1.0,1.0,1.0,1.0,1.0,1.0,1.0,1.0,1.0,1.0,0.99999976,1.0,1.0,1.0,1.0,1.0,1.0,1.0,1.0,1.0,1.0,1.0,0.99999875,1.0,1.0,1.0,1.0,1.0,1.0,1.0,1.0,1.0,1.0,1.0,1.0,1.0,1.0,1.0,0.9999912,1.0,1.0,1.0,1.0,1.0,1.0,1.0,1.0,1.0,1.0,1.0,1.0,1.0,1.0,0.9999998,1.0,1.0,1.0,1.0,1.0,1.0,1.0,1.0
FAM120A_HepG2,1.0,1.0,1.0,1.0,1.0,1.0,0.9999508,1.0,1.0,1.0,1.0,1.0,0.99999964,1.0,1.0,1.0,1.0,1.0,1.0,1.0,1.0,1.0,1.0,1.0,1.0,1.0,1.0,1.0,1.0,0.99999946,1.0,1.0,1.0,1.0,1.0,0.9999981,1.0,1.0,1.0,1.0,1.0,1.0,1.0,1.0,1.0,1.0,1.0,1.0,1.0,1.0,1.0,1.0,1.0,1.0,1.0,1.0,1.0,1.0,1.0,1.0,1.0,1.0,1.0,1.0,1.0,1.0,1.0,1.0,1.0,0.99999374,1.0,1.0,1.0,1.0,1.0,1.0,1.0,1.0,1.0,1.0,1.0,1.0,1.0,1.0,1.0,0.99999905,1.0,1.0,1.0,1.0,1.0,1.0,1.0,0.999998,1.0,1.0,1.0,1.0,1.0,1.0,1.0,1.0,1.0,0.99999803,1.0,0.9999916,1.0,1.0,1.0,1.0,1.0,1.0,1.0,1.0,1.0,1.0,1.0,1.0,0.9999991,1.0,1.0,1.0,1.0,1.0,1.0,1.0,1.0,1.0,1.0,1.0,1.0,1.0,1.0,1.0,1.0,1.0,1.0,1.0,1.0,1.0,1.0,1.0,1.0,1.0,1.0,1.0,1.0,1.0,1.0,1.0,1.0,1.0,1.0,1.0,1.0,1.0,1.0,1.0,1.0,1.0,1.0,1.0,1.0,1.0,1.0,1.0,1.0,1.0,1.0,1.0,1.0,0.99999976,1.0,1.0,1.0,1.0,1.0,1.0,1.0,1.0,1.0,1.0,1.0,0.99999875,1.0,1.0,1.0,1.0,1.0,1.0,1.0,1.0,1.0,1.0,1.0,1.0,1.0,1.0,1.0,0.9999912,1.0,1.0,1.0,1.0,1.0,1.0,1.0,1.0,1.0,1.0,1.0,1.0,1.0,1.0,0.9999998,1.0,1.0,1.0,1.0,1.0,1.0,1.0,1.0
FAM120A_K562,1.0,1.0,1.0,1.0,1.0,1.0,0.9999508,1.0,1.0,1.0,1.0,1.0,0.99999964,1.0,1.0,1.0,1.0,1.0,1.0,1.0,1.0,1.0,1.0,1.0,1.0,1.0,1.0,1.0,1.0,0.99999946,1.0,1.0,1.0,1.0,1.0,0.9999981,1.0,1.0,1.0,1.0,1.0,1.0,1.0,1.0,1.0,1.0,1.0,1.0,1.0,1.0,1.0,1.0,1.0,1.0,1.0,1.0,1.0,1.0,1.0,1.0,1.0,1.0,1.0,1.0,1.0,1.0,1.0,1.0,1.0,0.99999374,1.0,1.0,1.0,1.0,1.0,1.0,1.0,1.0,1.0,1.0,1.0,1.0,1.0,1.0,1.0,0.99999905,1.0,1.0,1.0,1.0,1.0,1.0,1.0,0.999998,1.0,1.0,1.0,1.0,1.0,1.0,1.0,1.0,1.0,0.99999803,1.0,0.9999916,1.0,1.0,1.0,1.0,1.0,1.0,1.0,1.0,1.0,1.0,1.0,1.0,0.9999991,1.0,1.0,1.0,1.0,1.0,1.0,1.0,1.0,1.0,1.0,1.0,1.0,1.0,1.0,1.0,1.0,1.0,1.0,1.0,1.0,1.0,1.0,1.0,1.0,1.0,1.0,1.0,1.0,1.0,1.0,1.0,1.0,1.0,1.0,1.0,1.0,1.0,1.0,1.0,1.0,1.0,1.0,1.0,1.0,1.0,1.0,1.0,1.0,1.0,1.0,1.0,1.0,0.99999976,1.0,1.0,1.0,1.0,1.0,1.0,1.0,1.0,1.0,1.0,1.0,0.99999875,1.0,1.0,1.0,1.0,1.0,1.0,1.0,1.0,1.0,1.0,1.0,1.0,1.0,1.0,1.0,0.9999912,1.0,1.0,1.0,1.0,1.0,1.0,1.0,1.0,1.0,1.0,1.0,1.0,1.0,1.0,0.9999998,1.0,1.0,1.0,1.0,1.0,1.0,1.0,1.0
FASTKD2_HepG2,1.0,1.0,1.0,1.0,1.0,1.0,0.9999508,1.0,1.0,1.0,1.0,1.0,0.99999964,1.0,1.0,1.0,1.0,1.0,1.0,1.0,1.0,1.0,1.0,1.0,1.0,1.0,1.0,1.0,1.0,0.99999946,1.0,1.0,1.0,1.0,1.0,0.9999981,1.0,1.0,1.0,1.0,1.0,1.0,1.0,1.0,1.0,1.0,1.0,1.0,1.0,1.0,1.0,1.0,1.0,1.0,1.0,1.0,1.0,1.0,1.0,1.0,1.0,1.0,1.0,1.0,1.0,1.0,1.0,1.0,1.0,0.99999374,1.0,1.0,1.0,1.0,1.0,1.0,1.0,1.0,1.0,1.0,1.0,1.0,1.0,1.0,1.0,0.99999905,1.0,1.0,1.0,1.0,1.0,1.0,1.0,0.999998,1.0,1.0,1.0,1.0,1.0,1.0,1.0,1.0,1.0,0.99999803,1.0,0.9999916,1.0,1.0,1.0,1.0,1.0,1.0,1.0,1.0,1.0,1.0,1.0,1.0,0.9999991,1.0,1.0,1.0,1.0,1.0,1.0,1.0,1.0,1.0,1.0,1.0,1.0,1.0,1.0,1.0,1.0,1.0,1.0,1.0,1.0,1.0,1.0,1.0,1.0,1.0,1.0,1.0,1.0,1.0,1.0,1.0,1.0,1.0,1.0,1.0,1.0,1.0,1.0,1.0,1.0,1.0,1.0,1.0,1.0,1.0,1.0,1.0,1.0,1.0,1.0,1.0,1.0,0.99999976,1.0,1.0,1.0,1.0,1.0,1.0,1.0,1.0,1.0,1.0,1.0,0.99999875,1.0,1.0,1.0,1.0,1.0,1.0,1.0,1.0,1.0,1.0,1.0,1.0,1.0,1.0,1.0,0.9999912,1.0,1.0,1.0,1.0,1.0,1.0,1.0,1.0,1.0,1.0,1.0,1.0,1.0,1.0,0.9999998,1.0,1.0,1.0,1.0,1.0,1.0,1.0,1.0
FASTKD2_K562,1.0,1.0,1.0,1.0,1.0,1.0,0.9999508,1.0,1.0,1.0,1.0,1.0,0.99999964,1.0,1.0,1.0,1.0,1.0,1.0,1.0,1.0,1.0,1.0,1.0,1.0,1.0,1.0,1.0,1.0,0.99999946,1.0,1.0,1.0,1.0,1.0,0.9999981,1.0,1.0,1.0,1.0,1.0,1.0,1.0,1.0,1.0,1.0,1.0,1.0,1.0,1.0,1.0,1.0,1.0,1.0,1.0,1.0,1.0,1.0,1.0,1.0,1.0,1.0,1.0,1.0,1.0,1.0,1.0,1.0,1.0,0.99999374,1.0,1.0,1.0,1.0,1.0,1.0,1.0,1.0,1.0,1.0,1.0,1.0,1.0,1.0,1.0,0.99999905,1.0,1.0,1.0,1.0,1.0,1.0,1.0,0.999998,1.0,1.0,1.0,1.0,1.0,1.0,1.0,1.0,1.0,0.99999803,1.0,0.9999916,1.0,1.0,1.0,1.0,1.0,1.0,1.0,1.0,1.0,1.0,1.0,1.0,0.9999991,1.0,1.0,1.0,1.0,1.0,1.0,1.0,1.0,1.0,1.0,1.0,1.0,1.0,1.0,1.0,1.0,1.0,1.0,1.0,1.0,1.0,1.0,1.0,1.0,1.0,1.0,1.0,1.0,1.0,1.0,1.0,1.0,1.0,1.0,1.0,1.0,1.0,1.0,1.0,1.0,1.0,1.0,1.0,1.0,1.0,1.0,1.0,1.0,1.0,1.0,1.0,1.0,0.99999976,1.0,1.0,1.0,1.0,1.0,1.0,1.0,1.0,1.0,1.0,1.0,0.99999875,1.0,1.0,1.0,1.0,1.0,1.0,1.0,1.0,1.0,1.0,1.0,1.0,1.0,1.0,1.0,0.9999912,1.0,1.0,1.0,1.0,1.0,1.0,1.0,1.0,1.0,1.0,1.0,1.0,1.0,1.0,0.9999998,1.0,1.0,1.0,1.0,1.0,1.0,1.0,1.0
FKBP4_HepG2,1.0,1.0,1.0,1.0,1.0,1.0,0.9999508,1.0,1.0,1.0,1.0,1.0,0.99999964,1.0,1.0,1.0,1.0,1.0,1.0,1.0,1.0,1.0,1.0,1.0,1.0,1.0,1.0,1.0,1.0,0.99999946,1.0,1.0,1.0,1.0,1.0,0.9999981,1.0,1.0,1.0,1.0,1.0,1.0,1.0,1.0,1.0,1.0,1.0,1.0,1.0,1.0,1.0,1.0,1.0,1.0,1.0,1.0,1.0,1.0,1.0,1.0,1.0,1.0,1.0,1.0,1.0,1.0,1.0,1.0,1.0,0.99999374,1.0,1.0,1.0,1.0,1.0,1.0,1.0,1.0,1.0,1.0,1.0,1.0,1.0,1.0,1.0,0.99999905,1.0,1.0,1.0,1.0,1.0,1.0,1.0,0.999998,1.0,1.0,1.0,1.0,1.0,1.0,1.0,1.0,1.0,0.99999803,1.0,0.9999916,1.0,1.0,1.0,1.0,1.0,1.0,1.0,1.0,1.0,1.0,1.0,1.0,0.9999991,1.0,1.0,1.0,1.0,1.0,1.0,1.0,1.0,1.0,1.0,1.0,1.0,1.0,1.0,1.0,1.0,1.0,1.0,1.0,1.0,1.0,1.0,1.0,1.0,1.0,1.0,1.0,1.0,1.0,1.0,1.0,1.0,1.0,1.0,1.0,1.0,1.0,1.0,1.0,1.0,1.0,1.0,1.0,1.0,1.0,1.0,1.0,1.0,1.0,1.0,1.0,1.0,0.99999976,1.0,1.0,1.0,1.0,1.0,1.0,1.0,1.0,1.0,1.0,1.0,0.99999875,1.0,1.0,1.0,1.0,1.0,1.0,1.0,1.0,1.0,1.0,1.0,1.0,1.0,1.0,1.0,0.9999912,1.0,1.0,1.0,1.0,1.0,1.0,1.0,1.0,1.0,1.0,1.0,1.0,1.0,1.0,0.9999998,1.0,1.0,1.0,1.0,1.0,1.0,1.0,1.0
FMR1_K562,1.0,1.0,1.0,1.0,1.0,1.0,0.9999508,1.0,1.0,1.0,1.0,1.0,0.99999964,1.0,1.0,1.0,1.0,1.0,1.0,1.0,1.0,1.0,1.0,1.0,1.0,1.0,1.0,1.0,1.0,0.99999946,1.0,1.0,1.0,1.0,1.0,0.9999981,1.0,1.0,1.0,1.0,1.0,1.0,1.0,1.0,1.0,1.0,1.0,1.0,1.0,1.0,1.0,1.0,1.0,1.0,1.0,1.0,1.0,1.0,1.0,1.0,1.0,1.0,1.0,1.0,1.0,1.0,1.0,1.0,1.0,0.99999374,1.0,1.0,1.0,1.0,1.0,1.0,1.0,1.0,1.0,1.0,1.0,1.0,1.0,1.0,1.0,0.99999905,1.0,1.0,1.0,1.0,1.0,1.0,1.0,0.999998,1.0,1.0,1.0,1.0,1.0,1.0,1.0,1.0,1.0,0.99999803,1.0,0.9999916,1.0,1.0,1.0,1.0,1.0,1.0,1.0,1.0,1.0,1.0,1.0,1.0,0.9999991,1.0,1.0,1.0,1.0,1.0,1.0,1.0,1.0,1.0,1.0,1.0,1.0,1.0,1.0,1.0,1.0,1.0,1.0,1.0,1.0,1.0,1.0,1.0,1.0,1.0,1.0,1.0,1.0,1.0,1.0,1.0,1.0,1.0,1.0,1.0,1.0,1.0,1.0,1.0,1.0,1.0,1.0,1.0,1.0,1.0,1.0,1.0,1.0,1.0,1.0,1.0,1.0,0.99999976,1.0,1.0,1.0,1.0,1.0,1.0,1.0,1.0,1.0,1.0,1.0,0.99999875,1.0,1.0,1.0,1.0,1.0,1.0,1.0,1.0,1.0,1.0,1.0,1.0,1.0,1.0,1.0,0.9999912,1.0,1.0,1.0,1.0,1.0,1.0,1.0,1.0,1.0,1.0,1.0,1.0,1.0,1.0,0.9999998,1.0,1.0,1.0,1.0,1.0,1.0,1.0,1.0
FTO_HepG2,1.0,1.0,1.0,1.0,1.0,1.0,0.9999508,1.0,1.0,1.0,1.0,1.0,0.99999964,1.0,1.0,1.0,1.0,1.0,1.0,1.0,1.0,1.0,1.0,1.0,1.0,1.0,1.0,1.0,1.0,0.99999946,1.0,1.0,1.0,1.0,1.0,0.9999981,1.0,1.0,1.0,1.0,1.0,1.0,1.0,1.0,1.0,1.0,1.0,1.0,1.0,1.0,1.0,1.0,1.0,1.0,1.0,1.0,1.0,1.0,1.0,1.0,1.0,1.0,1.0,1.0,1.0,1.0,1.0,1.0,1.0,0.99999374,1.0,1.0,1.0,1.0,1.0,1.0,1.0,1.0,1.0,1.0,1.0,1.0,1.0,1.0,1.0,0.99999905,1.0,1.0,1.0,1.0,1.0,1.0,1.0,0.999998,1.0,1.0,1.0,1.0,1.0,1.0,1.0,1.0,1.0,0.99999803,1.0,0.9999916,1.0,1.0,1.0,1.0,1.0,1.0,1.0,1.0,1.0,1.0,1.0,1.0,0.9999991,1.0,1.0,1.0,1.0,1.0,1.0,1.0,1.0,1.0,1.0,1.0,1.0,1.0,1.0,1.0,1.0,1.0,1.0,1.0,1.0,1.0,1.0,1.0,1.0,1.0,1.0,1.0,1.0,1.0,1.0,1.0,1.0,1.0,1.0,1.0,1.0,1.0,1.0,1.0,1.0,1.0,1.0,1.0,1.0,1.0,1.0,1.0,1.0,1.0,1.0,1.0,1.0,0.99999976,1.0,1.0,1.0,1.0,1.0,1.0,1.0,1.0,1.0,1.0,1.0,0.99999875,1.0,1.0,1.0,1.0,1.0,1.0,1.0,1.0,1.0,1.0,1.0,1.0,1.0,1.0,1.0,0.9999912,1.0,1.0,1.0,1.0,1.0,1.0,1.0,1.0,1.0,1.0,1.0,1.0,1.0,1.0,0.9999998,1.0,1.0,1.0,1.0,1.0,1.0,1.0,1.0
FTO_K562,1.0,1.0,1.0,1.0,1.0,1.0,0.9999508,1.0,1.0,1.0,1.0,1.0,0.99999964,1.0,1.0,1.0,1.0,1.0,1.0,1.0,1.0,1.0,1.0,1.0,1.0,1.0,1.0,1.0,1.0,0.99999946,1.0,1.0,1.0,1.0,1.0,0.9999981,1.0,1.0,1.0,1.0,1.0,1.0,1.0,1.0,1.0,1.0,1.0,1.0,1.0,1.0,1.0,1.0,1.0,1.0,1.0,1.0,1.0,1.0,1.0,1.0,1.0,1.0,1.0,1.0,1.0,1.0,1.0,1.0,1.0,0.99999374,1.0,1.0,1.0,1.0,1.0,1.0,1.0,1.0,1.0,1.0,1.0,1.0,1.0,1.0,1.0,0.99999905,1.0,1.0,1.0,1.0,1.0,1.0,1.0,0.999998,1.0,1.0,1.0,1.0,1.0,1.0,1.0,1.0,1.0,0.99999803,1.0,0.9999916,1.0,1.0,1.0,1.0,1.0,1.0,1.0,1.0,1.0,1.0,1.0,1.0,0.9999991,1.0,1.0,1.0,1.0,1.0,1.0,1.0,1.0,1.0,1.0,1.0,1.0,1.0,1.0,1.0,1.0,1.0,1.0,1.0,1.0,1.0,1.0,1.0,1.0,1.0,1.0,1.0,1.0,1.0,1.0,1.0,1.0,1.0,1.0,1.0,1.0,1.0,1.0,1.0,1.0,1.0,1.0,1.0,1.0,1.0,1.0,1.0,1.0,1.0,1.0,1.0,1.0,0.99999976,1.0,1.0,1.0,1.0,1.0,1.0,1.0,1.0,1.0,1.0,1.0,0.99999875,1.0,1.0,1.0,1.0,1.0,1.0,1.0,1.0,1.0,1.0,1.0,1.0,1.0,1.0,1.0,0.9999912,1.0,1.0,1.0,1.0,1.0,1.0,1.0,1.0,1.0,1.0,1.0,1.0,1.0,1.0,0.9999998,1.0,1.0,1.0,1.0,1.0,1.0,1.0,1.0
FUBP3_HepG2,1.0,1.0,1.0,1.0,1.0,1.0,0.9999508,1.0,1.0,1.0,1.0,1.0,0.99999964,1.0,1.0,1.0,1.0,1.0,1.0,1.0,1.0,1.0,1.0,1.0,1.0,1.0,1.0,1.0,1.0,0.99999946,1.0,1.0,1.0,1.0,1.0,0.9999981,1.0,1.0,1.0,1.0,1.0,1.0,1.0,1.0,1.0,1.0,1.0,1.0,1.0,1.0,1.0,1.0,1.0,1.0,1.0,1.0,1.0,1.0,1.0,1.0,1.0,1.0,1.0,1.0,1.0,1.0,1.0,1.0,1.0,0.99999374,1.0,1.0,1.0,1.0,1.0,1.0,1.0,1.0,1.0,1.0,1.0,1.0,1.0,1.0,1.0,0.99999905,1.0,1.0,1.0,1.0,1.0,1.0,1.0,0.999998,1.0,1.0,1.0,1.0,1.0,1.0,1.0,1.0,1.0,0.99999803,1.0,0.9999916,1.0,1.0,1.0,1.0,1.0,1.0,1.0,1.0,1.0,1.0,1.0,1.0,0.9999991,1.0,1.0,1.0,1.0,1.0,1.0,1.0,1.0,1.0,1.0,1.0,1.0,1.0,1.0,1.0,1.0,1.0,1.0,1.0,1.0,1.0,1.0,1.0,1.0,1.0,1.0,1.0,1.0,1.0,1.0,1.0,1.0,1.0,1.0,1.0,1.0,1.0,1.0,1.0,1.0,1.0,1.0,1.0,1.0,1.0,1.0,1.0,1.0,1.0,1.0,1.0,1.0,0.99999976,1.0,1.0,1.0,1.0,1.0,1.0,1.0,1.0,1.0,1.0,1.0,0.99999875,1.0,1.0,1.0,1.0,1.0,1.0,1.0,1.0,1.0,1.0,1.0,1.0,1.0,1.0,1.0,0.9999912,1.0,1.0,1.0,1.0,1.0,1.0,1.0,1.0,1.0,1.0,1.0,1.0,1.0,1.0,0.9999998,1.0,1.0,1.0,1.0,1.0,1.0,1.0,1.0
FUS_HepG2,1.0,1.0,1.0,1.0,1.0,1.0,0.9999508,1.0,1.0,1.0,1.0,1.0,0.99999964,1.0,1.0,1.0,1.0,1.0,1.0,1.0,1.0,1.0,1.0,1.0,1.0,1.0,1.0,1.0,1.0,0.99999946,1.0,1.0,1.0,1.0,1.0,0.9999981,1.0,1.0,1.0,1.0,1.0,1.0,1.0,1.0,1.0,1.0,1.0,1.0,1.0,1.0,1.0,1.0,1.0,1.0,1.0,1.0,1.0,1.0,1.0,1.0,1.0,1.0,1.0,1.0,1.0,1.0,1.0,1.0,1.0,0.99999374,1.0,1.0,1.0,1.0,1.0,1.0,1.0,1.0,1.0,1.0,1.0,1.0,1.0,1.0,1.0,0.99999905,1.0,1.0,1.0,1.0,1.0,1.0,1.0,0.999998,1.0,1.0,1.0,1.0,1.0,1.0,1.0,1.0,1.0,0.99999803,1.0,0.9999916,1.0,1.0,1.0,1.0,1.0,1.0,1.0,1.0,1.0,1.0,1.0,1.0,0.9999991,1.0,1.0,1.0,1.0,1.0,1.0,1.0,1.0,1.0,1.0,1.0,1.0,1.0,1.0,1.0,1.0,1.0,1.0,1.0,1.0,1.0,1.0,1.0,1.0,1.0,1.0,1.0,1.0,1.0,1.0,1.0,1.0,1.0,1.0,1.0,1.0,1.0,1.0,1.0,1.0,1.0,1.0,1.0,1.0,1.0,1.0,1.0,1.0,1.0,1.0,1.0,1.0,0.99999976,1.0,1.0,1.0,1.0,1.0,1.0,1.0,1.0,1.0,1.0,1.0,0.99999875,1.0,1.0,1.0,1.0,1.0,1.0,1.0,1.0,1.0,1.0,1.0,1.0,1.0,1.0,1.0,0.9999912,1.0,1.0,1.0,1.0,1.0,1.0,1.0,1.0,1.0,1.0,1.0,1.0,1.0,1.0,0.9999998,1.0,1.0,1.0,1.0,1.0,1.0,1.0,1.0
FUS_K562,1.0,1.0,1.0,1.0,1.0,1.0,0.9999508,1.0,1.0,1.0,1.0,1.0,0.99999964,1.0,1.0,1.0,1.0,1.0,1.0,1.0,1.0,1.0,1.0,1.0,1.0,1.0,1.0,1.0,1.0,0.99999946,1.0,1.0,1.0,1.0,1.0,0.9999981,1.0,1.0,1.0,1.0,1.0,1.0,1.0,1.0,1.0,1.0,1.0,1.0,1.0,1.0,1.0,1.0,1.0,1.0,1.0,1.0,1.0,1.0,1.0,1.0,1.0,1.0,1.0,1.0,1.0,1.0,1.0,1.0,1.0,0.99999374,1.0,1.0,1.0,1.0,1.0,1.0,1.0,1.0,1.0,1.0,1.0,1.0,1.0,1.0,1.0,0.99999905,1.0,1.0,1.0,1.0,1.0,1.0,1.0,0.999998,1.0,1.0,1.0,1.0,1.0,1.0,1.0,1.0,1.0,0.99999803,1.0,0.9999916,1.0,1.0,1.0,1.0,1.0,1.0,1.0,1.0,1.0,1.0,1.0,1.0,0.9999991,1.0,1.0,1.0,1.0,1.0,1.0,1.0,1.0,1.0,1.0,1.0,1.0,1.0,1.0,1.0,1.0,1.0,1.0,1.0,1.0,1.0,1.0,1.0,1.0,1.0,1.0,1.0,1.0,1.0,1.0,1.0,1.0,1.0,1.0,1.0,1.0,1.0,1.0,1.0,1.0,1.0,1.0,1.0,1.0,1.0,1.0,1.0,1.0,1.0,1.0,1.0,1.0,0.99999976,1.0,1.0,1.0,1.0,1.0,1.0,1.0,1.0,1.0,1.0,1.0,0.99999875,1.0,1.0,1.0,1.0,1.0,1.0,1.0,1.0,1.0,1.0,1.0,1.0,1.0,1.0,1.0,0.9999912,1.0,1.0,1.0,1.0,1.0,1.0,1.0,1.0,1.0,1.0,1.0,1.0,1.0,1.0,0.9999998,1.0,1.0,1.0,1.0,1.0,1.0,1.0,1.0
FXR1_K562,1.0,1.0,1.0,1.0,1.0,1.0,0.9999508,1.0,1.0,1.0,1.0,1.0,0.99999964,1.0,1.0,1.0,1.0,1.0,1.0,1.0,1.0,1.0,1.0,1.0,1.0,1.0,1.0,1.0,1.0,0.99999946,1.0,1.0,1.0,1.0,1.0,0.9999981,1.0,1.0,1.0,1.0,1.0,1.0,1.0,1.0,1.0,1.0,1.0,1.0,1.0,1.0,1.0,1.0,1.0,1.0,1.0,1.0,1.0,1.0,1.0,1.0,1.0,1.0,1.0,1.0,1.0,1.0,1.0,1.0,1.0,0.99999374,1.0,1.0,1.0,1.0,1.0,1.0,1.0,1.0,1.0,1.0,1.0,1.0,1.0,1.0,1.0,0.99999905,1.0,1.0,1.0,1.0,1.0,1.0,1.0,0.999998,1.0,1.0,1.0,1.0,1.0,1.0,1.0,1.0,1.0,0.99999803,1.0,0.9999916,1.0,1.0,1.0,1.0,1.0,1.0,1.0,1.0,1.0,1.0,1.0,1.0,0.9999991,1.0,1.0,1.0,1.0,1.0,1.0,1.0,1.0,1.0,1.0,1.0,1.0,1.0,1.0,1.0,1.0,1.0,1.0,1.0,1.0,1.0,1.0,1.0,1.0,1.0,1.0,1.0,1.0,1.0,1.0,1.0,1.0,1.0,1.0,1.0,1.0,1.0,1.0,1.0,1.0,1.0,1.0,1.0,1.0,1.0,1.0,1.0,1.0,1.0,1.0,1.0,1.0,0.99999976,1.0,1.0,1.0,1.0,1.0,1.0,1.0,1.0,1.0,1.0,1.0,0.99999875,1.0,1.0,1.0,1.0,1.0,1.0,1.0,1.0,1.0,1.0,1.0,1.0,1.0,1.0,1.0,0.9999912,1.0,1.0,1.0,1.0,1.0,1.0,1.0,1.0,1.0,1.0,1.0,1.0,1.0,1.0,0.9999998,1.0,1.0,1.0,1.0,1.0,1.0,1.0,1.0
FXR2_HepG2,1.0,1.0,1.0,1.0,1.0,1.0,0.9999508,1.0,1.0,1.0,1.0,1.0,0.99999964,1.0,1.0,1.0,1.0,1.0,1.0,1.0,1.0,1.0,1.0,1.0,1.0,1.0,1.0,1.0,1.0,0.99999946,1.0,1.0,1.0,1.0,1.0,0.9999981,1.0,1.0,1.0,1.0,1.0,1.0,1.0,1.0,1.0,1.0,1.0,1.0,1.0,1.0,1.0,1.0,1.0,1.0,1.0,1.0,1.0,1.0,1.0,1.0,1.0,1.0,1.0,1.0,1.0,1.0,1.0,1.0,1.0,0.99999374,1.0,1.0,1.0,1.0,1.0,1.0,1.0,1.0,1.0,1.0,1.0,1.0,1.0,1.0,1.0,0.99999905,1.0,1.0,1.0,1.0,1.0,1.0,1.0,0.999998,1.0,1.0,1.0,1.0,1.0,1.0,1.0,1.0,1.0,0.99999803,1.0,0.9999916,1.0,1.0,1.0,1.0,1.0,1.0,1.0,1.0,1.0,1.0,1.0,1.0,0.9999991,1.0,1.0,1.0,1.0,1.0,1.0,1.0,1.0,1.0,1.0,1.0,1.0,1.0,1.0,1.0,1.0,1.0,1.0,1.0,1.0,1.0,1.0,1.0,1.0,1.0,1.0,1.0,1.0,1.0,1.0,1.0,1.0,1.0,1.0,1.0,1.0,1.0,1.0,1.0,1.0,1.0,1.0,1.0,1.0,1.0,1.0,1.0,1.0,1.0,1.0,1.0,1.0,0.99999976,1.0,1.0,1.0,1.0,1.0,1.0,1.0,1.0,1.0,1.0,1.0,0.99999875,1.0,1.0,1.0,1.0,1.0,1.0,1.0,1.0,1.0,1.0,1.0,1.0,1.0,1.0,1.0,0.9999912,1.0,1.0,1.0,1.0,1.0,1.0,1.0,1.0,1.0,1.0,1.0,1.0,1.0,1.0,0.9999998,1.0,1.0,1.0,1.0,1.0,1.0,1.0,1.0
FXR2_K562,1.0,1.0,1.0,1.0,1.0,1.0,0.9999508,1.0,1.0,1.0,1.0,1.0,0.99999964,1.0,1.0,1.0,1.0,1.0,1.0,1.0,1.0,1.0,1.0,1.0,1.0,1.0,1.0,1.0,1.0,0.99999946,1.0,1.0,1.0,1.0,1.0,0.9999981,1.0,1.0,1.0,1.0,1.0,1.0,1.0,1.0,1.0,1.0,1.0,1.0,1.0,1.0,1.0,1.0,1.0,1.0,1.0,1.0,1.0,1.0,1.0,1.0,1.0,1.0,1.0,1.0,1.0,1.0,1.0,1.0,1.0,0.99999374,1.0,1.0,1.0,1.0,1.0,1.0,1.0,1.0,1.0,1.0,1.0,1.0,1.0,1.0,1.0,0.99999905,1.0,1.0,1.0,1.0,1.0,1.0,1.0,0.999998,1.0,1.0,1.0,1.0,1.0,1.0,1.0,1.0,1.0,0.99999803,1.0,0.9999916,1.0,1.0,1.0,1.0,1.0,1.0,1.0,1.0,1.0,1.0,1.0,1.0,0.9999991,1.0,1.0,1.0,1.0,1.0,1.0,1.0,1.0,1.0,1.0,1.0,1.0,1.0,1.0,1.0,1.0,1.0,1.0,1.0,1.0,1.0,1.0,1.0,1.0,1.0,1.0,1.0,1.0,1.0,1.0,1.0,1.0,1.0,1.0,1.0,1.0,1.0,1.0,1.0,1.0,1.0,1.0,1.0,1.0,1.0,1.0,1.0,1.0,1.0,1.0,1.0,1.0,0.99999976,1.0,1.0,1.0,1.0,1.0,1.0,1.0,1.0,1.0,1.0,1.0,0.99999875,1.0,1.0,1.0,1.0,1.0,1.0,1.0,1.0,1.0,1.0,1.0,1.0,1.0,1.0,1.0,0.9999912,1.0,1.0,1.0,1.0,1.0,1.0,1.0,1.0,1.0,1.0,1.0,1.0,1.0,1.0,0.9999998,1.0,1.0,1.0,1.0,1.0,1.0,1.0,1.0
G3BP1_HepG2,1.0,1.0,1.0,1.0,1.0,1.0,0.9999508,1.0,1.0,1.0,1.0,1.0,0.99999964,1.0,1.0,1.0,1.0,1.0,1.0,1.0,1.0,1.0,1.0,1.0,1.0,1.0,1.0,1.0,1.0,0.99999946,1.0,1.0,1.0,1.0,1.0,0.9999981,1.0,1.0,1.0,1.0,1.0,1.0,1.0,1.0,1.0,1.0,1.0,1.0,1.0,1.0,1.0,1.0,1.0,1.0,1.0,1.0,1.0,1.0,1.0,1.0,1.0,1.0,1.0,1.0,1.0,1.0,1.0,1.0,1.0,0.99999374,1.0,1.0,1.0,1.0,1.0,1.0,1.0,1.0,1.0,1.0,1.0,1.0,1.0,1.0,1.0,0.99999905,1.0,1.0,1.0,1.0,1.0,1.0,1.0,0.999998,1.0,1.0,1.0,1.0,1.0,1.0,1.0,1.0,1.0,0.99999803,1.0,0.9999916,1.0,1.0,1.0,1.0,1.0,1.0,1.0,1.0,1.0,1.0,1.0,1.0,0.9999991,1.0,1.0,1.0,1.0,1.0,1.0,1.0,1.0,1.0,1.0,1.0,1.0,1.0,1.0,1.0,1.0,1.0,1.0,1.0,1.0,1.0,1.0,1.0,1.0,1.0,1.0,1.0,1.0,1.0,1.0,1.0,1.0,1.0,1.0,1.0,1.0,1.0,1.0,1.0,1.0,1.0,1.0,1.0,1.0,1.0,1.0,1.0,1.0,1.0,1.0,1.0,1.0,0.99999976,1.0,1.0,1.0,1.0,1.0,1.0,1.0,1.0,1.0,1.0,1.0,0.99999875,1.0,1.0,1.0,1.0,1.0,1.0,1.0,1.0,1.0,1.0,1.0,1.0,1.0,1.0,1.0,0.9999912,1.0,1.0,1.0,1.0,1.0,1.0,1.0,1.0,1.0,1.0,1.0,1.0,1.0,1.0,0.9999998,1.0,1.0,1.0,1.0,1.0,1.0,1.0,1.0
GEMIN5_K562,1.0,1.0,1.0,1.0,1.0,1.0,0.9999508,1.0,1.0,1.0,1.0,1.0,0.99999964,1.0,1.0,1.0,1.0,1.0,1.0,1.0,1.0,1.0,1.0,1.0,1.0,1.0,1.0,1.0,1.0,0.99999946,1.0,1.0,1.0,1.0,1.0,0.9999981,1.0,1.0,1.0,1.0,1.0,1.0,1.0,1.0,1.0,1.0,1.0,1.0,1.0,1.0,1.0,1.0,1.0,1.0,1.0,1.0,1.0,1.0,1.0,1.0,1.0,1.0,1.0,1.0,1.0,1.0,1.0,1.0,1.0,0.99999374,1.0,1.0,1.0,1.0,1.0,1.0,1.0,1.0,1.0,1.0,1.0,1.0,1.0,1.0,1.0,0.99999905,1.0,1.0,1.0,1.0,1.0,1.0,1.0,0.999998,1.0,1.0,1.0,1.0,1.0,1.0,1.0,1.0,1.0,0.99999803,1.0,0.9999916,1.0,1.0,1.0,1.0,1.0,1.0,1.0,1.0,1.0,1.0,1.0,1.0,0.9999991,1.0,1.0,1.0,1.0,1.0,1.0,1.0,1.0,1.0,1.0,1.0,1.0,1.0,1.0,1.0,1.0,1.0,1.0,1.0,1.0,1.0,1.0,1.0,1.0,1.0,1.0,1.0,1.0,1.0,1.0,1.0,1.0,1.0,1.0,1.0,1.0,1.0,1.0,1.0,1.0,1.0,1.0,1.0,1.0,1.0,1.0,1.0,1.0,1.0,1.0,1.0,1.0,0.99999976,1.0,1.0,1.0,1.0,1.0,1.0,1.0,1.0,1.0,1.0,1.0,0.99999875,1.0,1.0,1.0,1.0,1.0,1.0,1.0,1.0,1.0,1.0,1.0,1.0,1.0,1.0,1.0,0.9999912,1.0,1.0,1.0,1.0,1.0,1.0,1.0,1.0,1.0,1.0,1.0,1.0,1.0,1.0,0.9999998,1.0,1.0,1.0,1.0,1.0,1.0,1.0,1.0
GNL3_K562,1.0,1.0,1.0,1.0,1.0,1.0,0.9999508,1.0,1.0,1.0,1.0,1.0,0.99999964,1.0,1.0,1.0,1.0,1.0,1.0,1.0,1.0,1.0,1.0,1.0,1.0,1.0,1.0,1.0,1.0,0.99999946,1.0,1.0,1.0,1.0,1.0,0.9999981,1.0,1.0,1.0,1.0,1.0,1.0,1.0,1.0,1.0,1.0,1.0,1.0,1.0,1.0,1.0,1.0,1.0,1.0,1.0,1.0,1.0,1.0,1.0,1.0,1.0,1.0,1.0,1.0,1.0,1.0,1.0,1.0,1.0,0.99999374,1.0,1.0,1.0,1.0,1.0,1.0,1.0,1.0,1.0,1.0,1.0,1.0,1.0,1.0,1.0,0.99999905,1.0,1.0,1.0,1.0,1.0,1.0,1.0,0.999998,1.0,1.0,1.0,1.0,1.0,1.0,1.0,1.0,1.0,0.99999803,1.0,0.9999916,1.0,1.0,1.0,1.0,1.0,1.0,1.0,1.0,1.0,1.0,1.0,1.0,0.9999991,1.0,1.0,1.0,1.0,1.0,1.0,1.0,1.0,1.0,1.0,1.0,1.0,1.0,1.0,1.0,1.0,1.0,1.0,1.0,1.0,1.0,1.0,1.0,1.0,1.0,1.0,1.0,1.0,1.0,1.0,1.0,1.0,1.0,1.0,1.0,1.0,1.0,1.0,1.0,1.0,1.0,1.0,1.0,1.0,1.0,1.0,1.0,1.0,1.0,1.0,1.0,1.0,0.99999976,1.0,1.0,1.0,1.0,1.0,1.0,1.0,1.0,1.0,1.0,1.0,0.99999875,1.0,1.0,1.0,1.0,1.0,1.0,1.0,1.0,1.0,1.0,1.0,1.0,1.0,1.0,1.0,0.9999912,1.0,1.0,1.0,1.0,1.0,1.0,1.0,1.0,1.0,1.0,1.0,1.0,1.0,1.0,0.9999998,1.0,1.0,1.0,1.0,1.0,1.0,1.0,1.0
GPKOW_K562,1.0,1.0,1.0,1.0,1.0,1.0,0.9999508,1.0,1.0,1.0,1.0,1.0,0.99999964,1.0,1.0,1.0,1.0,1.0,1.0,1.0,1.0,1.0,1.0,1.0,1.0,1.0,1.0,1.0,1.0,0.99999946,1.0,1.0,1.0,1.0,1.0,0.9999981,1.0,1.0,1.0,1.0,1.0,1.0,1.0,1.0,1.0,1.0,1.0,1.0,1.0,1.0,1.0,1.0,1.0,1.0,1.0,1.0,1.0,1.0,1.0,1.0,1.0,1.0,1.0,1.0,1.0,1.0,1.0,1.0,1.0,0.99999374,1.0,1.0,1.0,1.0,1.0,1.0,1.0,1.0,1.0,1.0,1.0,1.0,1.0,1.0,1.0,0.99999905,1.0,1.0,1.0,1.0,1.0,1.0,1.0,0.999998,1.0,1.0,1.0,1.0,1.0,1.0,1.0,1.0,1.0,0.99999803,1.0,0.9999916,1.0,1.0,1.0,1.0,1.0,1.0,1.0,1.0,1.0,1.0,1.0,1.0,0.9999991,1.0,1.0,1.0,1.0,1.0,1.0,1.0,1.0,1.0,1.0,1.0,1.0,1.0,1.0,1.0,1.0,1.0,1.0,1.0,1.0,1.0,1.0,1.0,1.0,1.0,1.0,1.0,1.0,1.0,1.0,1.0,1.0,1.0,1.0,1.0,1.0,1.0,1.0,1.0,1.0,1.0,1.0,1.0,1.0,1.0,1.0,1.0,1.0,1.0,1.0,1.0,1.0,0.99999976,1.0,1.0,1.0,1.0,1.0,1.0,1.0,1.0,1.0,1.0,1.0,0.99999875,1.0,1.0,1.0,1.0,1.0,1.0,1.0,1.0,1.0,1.0,1.0,1.0,1.0,1.0,1.0,0.9999912,1.0,1.0,1.0,1.0,1.0,1.0,1.0,1.0,1.0,1.0,1.0,1.0,1.0,1.0,0.9999998,1.0,1.0,1.0,1.0,1.0,1.0,1.0,1.0
GRSF1_HepG2,1.0,1.0,1.0,1.0,1.0,1.0,0.9999508,1.0,1.0,1.0,1.0,1.0,0.99999964,1.0,1.0,1.0,1.0,1.0,1.0,1.0,1.0,1.0,1.0,1.0,1.0,1.0,1.0,1.0,1.0,0.99999946,1.0,1.0,1.0,1.0,1.0,0.9999981,1.0,1.0,1.0,1.0,1.0,1.0,1.0,1.0,1.0,1.0,1.0,1.0,1.0,1.0,1.0,1.0,1.0,1.0,1.0,1.0,1.0,1.0,1.0,1.0,1.0,1.0,1.0,1.0,1.0,1.0,1.0,1.0,1.0,0.99999374,1.0,1.0,1.0,1.0,1.0,1.0,1.0,1.0,1.0,1.0,1.0,1.0,1.0,1.0,1.0,0.99999905,1.0,1.0,1.0,1.0,1.0,1.0,1.0,0.999998,1.0,1.0,1.0,1.0,1.0,1.0,1.0,1.0,1.0,0.99999803,1.0,0.9999916,1.0,1.0,1.0,1.0,1.0,1.0,1.0,1.0,1.0,1.0,1.0,1.0,0.9999991,1.0,1.0,1.0,1.0,1.0,1.0,1.0,1.0,1.0,1.0,1.0,1.0,1.0,1.0,1.0,1.0,1.0,1.0,1.0,1.0,1.0,1.0,1.0,1.0,1.0,1.0,1.0,1.0,1.0,1.0,1.0,1.0,1.0,1.0,1.0,1.0,1.0,1.0,1.0,1.0,1.0,1.0,1.0,1.0,1.0,1.0,1.0,1.0,1.0,1.0,1.0,1.0,0.99999976,1.0,1.0,1.0,1.0,1.0,1.0,1.0,1.0,1.0,1.0,1.0,0.99999875,1.0,1.0,1.0,1.0,1.0,1.0,1.0,1.0,1.0,1.0,1.0,1.0,1.0,1.0,1.0,0.9999912,1.0,1.0,1.0,1.0,1.0,1.0,1.0,1.0,1.0,1.0,1.0,1.0,1.0,1.0,0.9999998,1.0,1.0,1.0,1.0,1.0,1.0,1.0,1.0
GRWD1_HepG2,0.99999374,0.99999374,0.99999374,0.99999374,0.99999374,0.99999374,0.9999796,0.99999374,0.99999374,0.99999374,0.99999374,0.99999374,0.99999636,0.99999374,0.99999374,0.99999374,0.99999374,0.99999374,0.99999374,0.99999374,0.99999374,0.99999374,0.99999374,0.99999374,0.99999374,0.99999374,0.99999374,0.99999374,0.99999374,0.9999969,0.99999374,0.99999374,0.99999374,0.99999374,0.99999374,0.99999875,0.99999374,0.99999374,0.99999374,0.99999374,0.99999374,0.99999374,0.99999374,0.99999374,0.99999374,0.99999374,0.99999374,0.99999374,0.99999374,0.99999374,0.99999374,0.99999374,0.99999374,0.99999374,0.99999374,0.99999374,0.99999374,0.99999374,0.99999374,0.99999374,0.99999374,0.99999374,0.99999374,0.99999374,0.99999374,0.99999374,0.99999374,0.99999374,0.99999374,1.0,0.99999374,0.99999374,0.99999374,0.99999374,0.99999374,0.99999374,0.99999374,0.99999374,0.99999374,0.99999374,0.99999374,0.99999374,0.99999374,0.99999374,0.99999374,0.9999977,0.99999374,0.99999374,0.99999374,0.99999374,0.99999374,0.99999374,0.99999374,0.9999988,0.99999374,0.99999374,0.99999374,0.99999374,0.99999374,0.99999374,0.99999374,0.99999374,0.99999374,0.9999988,0.99999374,0.9999998,0.99999374,0.99999374,0.99999374,0.99999374,0.99999374,0.99999374,0.99999374,0.99999374,0.99999374,0.99999374,0.99999374,0.99999374,0.9999976,0.99999374,0.99999374,0.99999374,0.99999374,0.99999374,0.99999374,0.99999374,0.99999374,0.99999374,0.99999374,0.99999374,0.99999374,0.99999374,0.99999374,0.99999374,0.99999374,0.99999374,0.99999374,0.99999374,0.99999374,0.99999374,0.99999374,0.99999374,0.99999374,0.99999374,0.99999374,0.99999374,0.99999374,0.99999374,0.99999374,0.99999374,0.99999374,0.99999374,0.99999374,0.99999374,0.99999374,0.99999374,0.99999374,0.99999374,0.99999374,0.99999374,0.99999374,0.99999374,0.99999374,0.99999374,0.99999374,0.99999374,0.99999374,0.99999374,0.99999374,0.99999374,0.99999374,0.9999912,0.99999374,0.99999374,0.99999374,0.99999374,0.99999374,0.99999374,0.99999374,0.99999374,0.99999374,0.99999374,0.99999374,0.99999815,0.99999374,0.99999374,0.99999374,0.99999374,0.99999374,0.99999374,0.99999374,0.99999374,0.99999374,0.99999374,0.99999374,0.99999374,0.99999374,0.99999374,0.99999374,0.99999976,0.99999374,0.99999374,0.99999374,0.99999374,0.99999374,0.99999374,0.99999374,0.99999374,0.99999374,0.99999374,0.99999374,0.99999374,0.99999374,0.99999374,0.9999957,0.99999374,0.99999374,0.99999374,0.99999374,0.99999374,0.99999374,0.99999374,0.99999374
GRWD1_K562,1.0,1.0,1.0,1.0,1.0,1.0,0.9999508,1.0,1.0,1.0,1.0,1.0,0.99999964,1.0,1.0,1.0,1.0,1.0,1.0,1.0,1.0,1.0,1.0,1.0,1.0,1.0,1.0,1.0,1.0,0.99999946,1.0,1.0,1.0,1.0,1.0,0.9999981,1.0,1.0,1.0,1.0,1.0,1.0,1.0,1.0,1.0,1.0,1.0,1.0,1.0,1.0,1.0,1.0,1.0,1.0,1.0,1.0,1.0,1.0,1.0,1.0,1.0,1.0,1.0,1.0,1.0,1.0,1.0,1.0,1.0,0.99999374,1.0,1.0,1.0,1.0,1.0,1.0,1.0,1.0,1.0,1.0,1.0,1.0,1.0,1.0,1.0,0.99999905,1.0,1.0,1.0,1.0,1.0,1.0,1.0,0.999998,1.0,1.0,1.0,1.0,1.0,1.0,1.0,1.0,1.0,0.99999803,1.0,0.9999916,1.0,1.0,1.0,1.0,1.0,1.0,1.0,1.0,1.0,1.0,1.0,1.0,0.9999991,1.0,1.0,1.0,1.0,1.0,1.0,1.0,1.0,1.0,1.0,1.0,1.0,1.0,1.0,1.0,1.0,1.0,1.0,1.0,1.0,1.0,1.0,1.0,1.0,1.0,1.0,1.0,1.0,1.0,1.0,1.0,1.0,1.0,1.0,1.0,1.0,1.0,1.0,1.0,1.0,1.0,1.0,1.0,1.0,1.0,1.0,1.0,1.0,1.0,1.0,1.0,1.0,0.99999976,1.0,1.0,1.0,1.0,1.0,1.0,1.0,1.0,1.0,1.0,1.0,0.99999875,1.0,1.0,1.0,1.0,1.0,1.0,1.0,1.0,1.0,1.0,1.0,1.0,1.0,1.0,1.0,0.9999912,1.0,1.0,1.0,1.0,1.0,1.0,1.0,1.0,1.0,1.0,1.0,1.0,1.0,1.0,0.9999998,1.0,1.0,1.0,1.0,1.0,1.0,1.0,1.0
GTF2F1_HepG2,1.0,1.0,1.0,1.0,1.0,1.0,0.9999508,1.0,1.0,1.0,1.0,1.0,0.99999964,1.0,1.0,1.0,1.0,1.0,1.0,1.0,1.0,1.0,1.0,1.0,1.0,1.0,1.0,1.0,1.0,0.99999946,1.0,1.0,1.0,1.0,1.0,0.9999981,1.0,1.0,1.0,1.0,1.0,1.0,1.0,1.0,1.0,1.0,1.0,1.0,1.0,1.0,1.0,1.0,1.0,1.0,1.0,1.0,1.0,1.0,1.0,1.0,1.0,1.0,1.0,1.0,1.0,1.0,1.0,1.0,1.0,0.99999374,1.0,1.0,1.0,1.0,1.0,1.0,1.0,1.0,1.0,1.0,1.0,1.0,1.0,1.0,1.0,0.99999905,1.0,1.0,1.0,1.0,1.0,1.0,1.0,0.999998,1.0,1.0,1.0,1.0,1.0,1.0,1.0,1.0,1.0,0.99999803,1.0,0.9999916,1.0,1.0,1.0,1.0,1.0,1.0,1.0,1.0,1.0,1.0,1.0,1.0,0.9999991,1.0,1.0,1.0,1.0,1.0,1.0,1.0,1.0,1.0,1.0,1.0,1.0,1.0,1.0,1.0,1.0,1.0,1.0,1.0,1.0,1.0,1.0,1.0,1.0,1.0,1.0,1.0,1.0,1.0,1.0,1.0,1.0,1.0,1.0,1.0,1.0,1.0,1.0,1.0,1.0,1.0,1.0,1.0,1.0,1.0,1.0,1.0,1.0,1.0,1.0,1.0,1.0,0.99999976,1.0,1.0,1.0,1.0,1.0,1.0,1.0,1.0,1.0,1.0,1.0,0.99999875,1.0,1.0,1.0,1.0,1.0,1.0,1.0,1.0,1.0,1.0,1.0,1.0,1.0,1.0,1.0,0.9999912,1.0,1.0,1.0,1.0,1.0,1.0,1.0,1.0,1.0,1.0,1.0,1.0,1.0,1.0,0.9999998,1.0,1.0,1.0,1.0,1.0,1.0,1.0,1.0
GTF2F1_K562,1.0,1.0,1.0,1.0,1.0,1.0,0.9999508,1.0,1.0,1.0,1.0,1.0,0.99999964,1.0,1.0,1.0,1.0,1.0,1.0,1.0,1.0,1.0,1.0,1.0,1.0,1.0,1.0,1.0,1.0,0.99999946,1.0,1.0,1.0,1.0,1.0,0.9999981,1.0,1.0,1.0,1.0,1.0,1.0,1.0,1.0,1.0,1.0,1.0,1.0,1.0,1.0,1.0,1.0,1.0,1.0,1.0,1.0,1.0,1.0,1.0,1.0,1.0,1.0,1.0,1.0,1.0,1.0,1.0,1.0,1.0,0.99999374,1.0,1.0,1.0,1.0,1.0,1.0,1.0,1.0,1.0,1.0,1.0,1.0,1.0,1.0,1.0,0.99999905,1.0,1.0,1.0,1.0,1.0,1.0,1.0,0.999998,1.0,1.0,1.0,1.0,1.0,1.0,1.0,1.0,1.0,0.99999803,1.0,0.9999916,1.0,1.0,1.0,1.0,1.0,1.0,1.0,1.0,1.0,1.0,1.0,1.0,0.9999991,1.0,1.0,1.0,1.0,1.0,1.0,1.0,1.0,1.0,1.0,1.0,1.0,1.0,1.0,1.0,1.0,1.0,1.0,1.0,1.0,1.0,1.0,1.0,1.0,1.0,1.0,1.0,1.0,1.0,1.0,1.0,1.0,1.0,1.0,1.0,1.0,1.0,1.0,1.0,1.0,1.0,1.0,1.0,1.0,1.0,1.0,1.0,1.0,1.0,1.0,1.0,1.0,0.99999976,1.0,1.0,1.0,1.0,1.0,1.0,1.0,1.0,1.0,1.0,1.0,0.99999875,1.0,1.0,1.0,1.0,1.0,1.0,1.0,1.0,1.0,1.0,1.0,1.0,1.0,1.0,1.0,0.9999912,1.0,1.0,1.0,1.0,1.0,1.0,1.0,1.0,1.0,1.0,1.0,1.0,1.0,1.0,0.9999998,1.0,1.0,1.0,1.0,1.0,1.0,1.0,1.0
HLTF_HepG2,1.0,1.0,1.0,1.0,1.0,1.0,0.9999508,1.0,1.0,1.0,1.0,1.0,0.99999964,1.0,1.0,1.0,1.0,1.0,1.0,1.0,1.0,1.0,1.0,1.0,1.0,1.0,1.0,1.0,1.0,0.99999946,1.0,1.0,1.0,1.0,1.0,0.9999981,1.0,1.0,1.0,1.0,1.0,1.0,1.0,1.0,1.0,1.0,1.0,1.0,1.0,1.0,1.0,1.0,1.0,1.0,1.0,1.0,1.0,1.0,1.0,1.0,1.0,1.0,1.0,1.0,1.0,1.0,1.0,1.0,1.0,0.99999374,1.0,1.0,1.0,1.0,1.0,1.0,1.0,1.0,1.0,1.0,1.0,1.0,1.0,1.0,1.0,0.99999905,1.0,1.0,1.0,1.0,1.0,1.0,1.0,0.999998,1.0,1.0,1.0,1.0,1.0,1.0,1.0,1.0,1.0,0.99999803,1.0,0.9999916,1.0,1.0,1.0,1.0,1.0,1.0,1.0,1.0,1.0,1.0,1.0,1.0,0.9999991,1.0,1.0,1.0,1.0,1.0,1.0,1.0,1.0,1.0,1.0,1.0,1.0,1.0,1.0,1.0,1.0,1.0,1.0,1.0,1.0,1.0,1.0,1.0,1.0,1.0,1.0,1.0,1.0,1.0,1.0,1.0,1.0,1.0,1.0,1.0,1.0,1.0,1.0,1.0,1.0,1.0,1.0,1.0,1.0,1.0,1.0,1.0,1.0,1.0,1.0,1.0,1.0,0.99999976,1.0,1.0,1.0,1.0,1.0,1.0,1.0,1.0,1.0,1.0,1.0,0.99999875,1.0,1.0,1.0,1.0,1.0,1.0,1.0,1.0,1.0,1.0,1.0,1.0,1.0,1.0,1.0,0.9999912,1.0,1.0,1.0,1.0,1.0,1.0,1.0,1.0,1.0,1.0,1.0,1.0,1.0,1.0,0.9999998,1.0,1.0,1.0,1.0,1.0,1.0,1.0,1.0
HLTF_K562,1.0,1.0,1.0,1.0,1.0,1.0,0.9999508,1.0,1.0,1.0,1.0,1.0,0.99999964,1.0,1.0,1.0,1.0,1.0,1.0,1.0,1.0,1.0,1.0,1.0,1.0,1.0,1.0,1.0,1.0,0.99999946,1.0,1.0,1.0,1.0,1.0,0.9999981,1.0,1.0,1.0,1.0,1.0,1.0,1.0,1.0,1.0,1.0,1.0,1.0,1.0,1.0,1.0,1.0,1.0,1.0,1.0,1.0,1.0,1.0,1.0,1.0,1.0,1.0,1.0,1.0,1.0,1.0,1.0,1.0,1.0,0.99999374,1.0,1.0,1.0,1.0,1.0,1.0,1.0,1.0,1.0,1.0,1.0,1.0,1.0,1.0,1.0,0.99999905,1.0,1.0,1.0,1.0,1.0,1.0,1.0,0.999998,1.0,1.0,1.0,1.0,1.0,1.0,1.0,1.0,1.0,0.99999803,1.0,0.9999916,1.0,1.0,1.0,1.0,1.0,1.0,1.0,1.0,1.0,1.0,1.0,1.0,0.9999991,1.0,1.0,1.0,1.0,1.0,1.0,1.0,1.0,1.0,1.0,1.0,1.0,1.0,1.0,1.0,1.0,1.0,1.0,1.0,1.0,1.0,1.0,1.0,1.0,1.0,1.0,1.0,1.0,1.0,1.0,1.0,1.0,1.0,1.0,1.0,1.0,1.0,1.0,1.0,1.0,1.0,1.0,1.0,1.0,1.0,1.0,1.0,1.0,1.0,1.0,1.0,1.0,0.99999976,1.0,1.0,1.0,1.0,1.0,1.0,1.0,1.0,1.0,1.0,1.0,0.99999875,1.0,1.0,1.0,1.0,1.0,1.0,1.0,1.0,1.0,1.0,1.0,1.0,1.0,1.0,1.0,0.9999912,1.0,1.0,1.0,1.0,1.0,1.0,1.0,1.0,1.0,1.0,1.0,1.0,1.0,1.0,0.9999998,1.0,1.0,1.0,1.0,1.0,1.0,1.0,1.0
HNRNPA1_HepG2,1.0,1.0,1.0,1.0,1.0,1.0,0.9999508,1.0,1.0,1.0,1.0,1.0,0.99999964,1.0,1.0,1.0,1.0,1.0,1.0,1.0,1.0,1.0,1.0,1.0,1.0,1.0,1.0,1.0,1.0,0.99999946,1.0,1.0,1.0,1.0,1.0,0.9999981,1.0,1.0,1.0,1.0,1.0,1.0,1.0,1.0,1.0,1.0,1.0,1.0,1.0,1.0,1.0,1.0,1.0,1.0,1.0,1.0,1.0,1.0,1.0,1.0,1.0,1.0,1.0,1.0,1.0,1.0,1.0,1.0,1.0,0.99999374,1.0,1.0,1.0,1.0,1.0,1.0,1.0,1.0,1.0,1.0,1.0,1.0,1.0,1.0,1.0,0.99999905,1.0,1.0,1.0,1.0,1.0,1.0,1.0,0.999998,1.0,1.0,1.0,1.0,1.0,1.0,1.0,1.0,1.0,0.99999803,1.0,0.9999916,1.0,1.0,1.0,1.0,1.0,1.0,1.0,1.0,1.0,1.0,1.0,1.0,0.9999991,1.0,1.0,1.0,1.0,1.0,1.0,1.0,1.0,1.0,1.0,1.0,1.0,1.0,1.0,1.0,1.0,1.0,1.0,1.0,1.0,1.0,1.0,1.0,1.0,1.0,1.0,1.0,1.0,1.0,1.0,1.0,1.0,1.0,1.0,1.0,1.0,1.0,1.0,1.0,1.0,1.0,1.0,1.0,1.0,1.0,1.0,1.0,1.0,1.0,1.0,1.0,1.0,0.99999976,1.0,1.0,1.0,1.0,1.0,1.0,1.0,1.0,1.0,1.0,1.0,0.99999875,1.0,1.0,1.0,1.0,1.0,1.0,1.0,1.0,1.0,1.0,1.0,1.0,1.0,1.0,1.0,0.9999912,1.0,1.0,1.0,1.0,1.0,1.0,1.0,1.0,1.0,1.0,1.0,1.0,1.0,1.0,0.9999998,1.0,1.0,1.0,1.0,1.0,1.0,1.0,1.0
HNRNPA1_K562,1.0,1.0,1.0,1.0,1.0,1.0,0.9999508,1.0,1.0,1.0,1.0,1.0,0.99999964,1.0,1.0,1.0,1.0,1.0,1.0,1.0,1.0,1.0,1.0,1.0,1.0,1.0,1.0,1.0,1.0,0.99999946,1.0,1.0,1.0,1.0,1.0,0.9999981,1.0,1.0,1.0,1.0,1.0,1.0,1.0,1.0,1.0,1.0,1.0,1.0,1.0,1.0,1.0,1.0,1.0,1.0,1.0,1.0,1.0,1.0,1.0,1.0,1.0,1.0,1.0,1.0,1.0,1.0,1.0,1.0,1.0,0.99999374,1.0,1.0,1.0,1.0,1.0,1.0,1.0,1.0,1.0,1.0,1.0,1.0,1.0,1.0,1.0,0.99999905,1.0,1.0,1.0,1.0,1.0,1.0,1.0,0.999998,1.0,1.0,1.0,1.0,1.0,1.0,1.0,1.0,1.0,0.99999803,1.0,0.9999916,1.0,1.0,1.0,1.0,1.0,1.0,1.0,1.0,1.0,1.0,1.0,1.0,0.9999991,1.0,1.0,1.0,1.0,1.0,1.0,1.0,1.0,1.0,1.0,1.0,1.0,1.0,1.0,1.0,1.0,1.0,1.0,1.0,1.0,1.0,1.0,1.0,1.0,1.0,1.0,1.0,1.0,1.0,1.0,1.0,1.0,1.0,1.0,1.0,1.0,1.0,1.0,1.0,1.0,1.0,1.0,1.0,1.0,1.0,1.0,1.0,1.0,1.0,1.0,1.0,1.0,0.99999976,1.0,1.0,1.0,1.0,1.0,1.0,1.0,1.0,1.0,1.0,1.0,0.99999875,1.0,1.0,1.0,1.0,1.0,1.0,1.0,1.0,1.0,1.0,1.0,1.0,1.0,1.0,1.0,0.9999912,1.0,1.0,1.0,1.0,1.0,1.0,1.0,1.0,1.0,1.0,1.0,1.0,1.0,1.0,0.9999998,1.0,1.0,1.0,1.0,1.0,1.0,1.0,1.0
HNRNPC_HepG2,1.0,1.0,1.0,1.0,1.0,1.0,0.9999508,1.0,1.0,1.0,1.0,1.0,0.99999964,1.0,1.0,1.0,1.0,1.0,1.0,1.0,1.0,1.0,1.0,1.0,1.0,1.0,1.0,1.0,1.0,0.99999946,1.0,1.0,1.0,1.0,1.0,0.9999981,1.0,1.0,1.0,1.0,1.0,1.0,1.0,1.0,1.0,1.0,1.0,1.0,1.0,1.0,1.0,1.0,1.0,1.0,1.0,1.0,1.0,1.0,1.0,1.0,1.0,1.0,1.0,1.0,1.0,1.0,1.0,1.0,1.0,0.99999374,1.0,1.0,1.0,1.0,1.0,1.0,1.0,1.0,1.0,1.0,1.0,1.0,1.0,1.0,1.0,0.99999905,1.0,1.0,1.0,1.0,1.0,1.0,1.0,0.999998,1.0,1.0,1.0,1.0,1.0,1.0,1.0,1.0,1.0,0.99999803,1.0,0.9999916,1.0,1.0,1.0,1.0,1.0,1.0,1.0,1.0,1.0,1.0,1.0,1.0,0.9999991,1.0,1.0,1.0,1.0,1.0,1.0,1.0,1.0,1.0,1.0,1.0,1.0,1.0,1.0,1.0,1.0,1.0,1.0,1.0,1.0,1.0,1.0,1.0,1.0,1.0,1.0,1.0,1.0,1.0,1.0,1.0,1.0,1.0,1.0,1.0,1.0,1.0,1.0,1.0,1.0,1.0,1.0,1.0,1.0,1.0,1.0,1.0,1.0,1.0,1.0,1.0,1.0,0.99999976,1.0,1.0,1.0,1.0,1.0,1.0,1.0,1.0,1.0,1.0,1.0,0.99999875,1.0,1.0,1.0,1.0,1.0,1.0,1.0,1.0,1.0,1.0,1.0,1.0,1.0,1.0,1.0,0.9999912,1.0,1.0,1.0,1.0,1.0,1.0,1.0,1.0,1.0,1.0,1.0,1.0,1.0,1.0,0.9999998,1.0,1.0,1.0,1.0,1.0,1.0,1.0,1.0
HNRNPC_K562,1.0,1.0,1.0,1.0,1.0,1.0,0.9999508,1.0,1.0,1.0,1.0,1.0,0.99999964,1.0,1.0,1.0,1.0,1.0,1.0,1.0,1.0,1.0,1.0,1.0,1.0,1.0,1.0,1.0,1.0,0.99999946,1.0,1.0,1.0,1.0,1.0,0.9999981,1.0,1.0,1.0,1.0,1.0,1.0,1.0,1.0,1.0,1.0,1.0,1.0,1.0,1.0,1.0,1.0,1.0,1.0,1.0,1.0,1.0,1.0,1.0,1.0,1.0,1.0,1.0,1.0,1.0,1.0,1.0,1.0,1.0,0.99999374,1.0,1.0,1.0,1.0,1.0,1.0,1.0,1.0,1.0,1.0,1.0,1.0,1.0,1.0,1.0,0.99999905,1.0,1.0,1.0,1.0,1.0,1.0,1.0,0.999998,1.0,1.0,1.0,1.0,1.0,1.0,1.0,1.0,1.0,0.99999803,1.0,0.9999916,1.0,1.0,1.0,1.0,1.0,1.0,1.0,1.0,1.0,1.0,1.0,1.0,0.9999991,1.0,1.0,1.0,1.0,1.0,1.0,1.0,1.0,1.0,1.0,1.0,1.0,1.0,1.0,1.0,1.0,1.0,1.0,1.0,1.0,1.0,1.0,1.0,1.0,1.0,1.0,1.0,1.0,1.0,1.0,1.0,1.0,1.0,1.0,1.0,1.0,1.0,1.0,1.0,1.0,1.0,1.0,1.0,1.0,1.0,1.0,1.0,1.0,1.0,1.0,1.0,1.0,0.99999976,1.0,1.0,1.0,1.0,1.0,1.0,1.0,1.0,1.0,1.0,1.0,0.99999875,1.0,1.0,1.0,1.0,1.0,1.0,1.0,1.0,1.0,1.0,1.0,1.0,1.0,1.0,1.0,0.9999912,1.0,1.0,1.0,1.0,1.0,1.0,1.0,1.0,1.0,1.0,1.0,1.0,1.0,1.0,0.9999998,1.0,1.0,1.0,1.0,1.0,1.0,1.0,1.0
HNRNPK_HepG2,1.0,1.0,1.0,1.0,1.0,1.0,0.9999508,1.0,1.0,1.0,1.0,1.0,0.99999964,1.0,1.0,1.0,1.0,1.0,1.0,1.0,1.0,1.0,1.0,1.0,1.0,1.0,1.0,1.0,1.0,0.99999946,1.0,1.0,1.0,1.0,1.0,0.9999981,1.0,1.0,1.0,1.0,1.0,1.0,1.0,1.0,1.0,1.0,1.0,1.0,1.0,1.0,1.0,1.0,1.0,1.0,1.0,1.0,1.0,1.0,1.0,1.0,1.0,1.0,1.0,1.0,1.0,1.0,1.0,1.0,1.0,0.99999374,1.0,1.0,1.0,1.0,1.0,1.0,1.0,1.0,1.0,1.0,1.0,1.0,1.0,1.0,1.0,0.99999905,1.0,1.0,1.0,1.0,1.0,1.0,1.0,0.999998,1.0,1.0,1.0,1.0,1.0,1.0,1.0,1.0,1.0,0.99999803,1.0,0.9999916,1.0,1.0,1.0,1.0,1.0,1.0,1.0,1.0,1.0,1.0,1.0,1.0,0.9999991,1.0,1.0,1.0,1.0,1.0,1.0,1.0,1.0,1.0,1.0,1.0,1.0,1.0,1.0,1.0,1.0,1.0,1.0,1.0,1.0,1.0,1.0,1.0,1.0,1.0,1.0,1.0,1.0,1.0,1.0,1.0,1.0,1.0,1.0,1.0,1.0,1.0,1.0,1.0,1.0,1.0,1.0,1.0,1.0,1.0,1.0,1.0,1.0,1.0,1.0,1.0,1.0,0.99999976,1.0,1.0,1.0,1.0,1.0,1.0,1.0,1.0,1.0,1.0,1.0,0.99999875,1.0,1.0,1.0,1.0,1.0,1.0,1.0,1.0,1.0,1.0,1.0,1.0,1.0,1.0,1.0,0.9999912,1.0,1.0,1.0,1.0,1.0,1.0,1.0,1.0,1.0,1.0,1.0,1.0,1.0,1.0,0.9999998,1.0,1.0,1.0,1.0,1.0,1.0,1.0,1.0
HNRNPK_K562,1.0,1.0,1.0,1.0,1.0,1.0,0.9999508,1.0,1.0,1.0,1.0,1.0,0.99999964,1.0,1.0,1.0,1.0,1.0,1.0,1.0,1.0,1.0,1.0,1.0,1.0,1.0,1.0,1.0,1.0,0.99999946,1.0,1.0,1.0,1.0,1.0,0.9999981,1.0,1.0,1.0,1.0,1.0,1.0,1.0,1.0,1.0,1.0,1.0,1.0,1.0,1.0,1.0,1.0,1.0,1.0,1.0,1.0,1.0,1.0,1.0,1.0,1.0,1.0,1.0,1.0,1.0,1.0,1.0,1.0,1.0,0.99999374,1.0,1.0,1.0,1.0,1.0,1.0,1.0,1.0,1.0,1.0,1.0,1.0,1.0,1.0,1.0,0.99999905,1.0,1.0,1.0,1.0,1.0,1.0,1.0,0.999998,1.0,1.0,1.0,1.0,1.0,1.0,1.0,1.0,1.0,0.99999803,1.0,0.9999916,1.0,1.0,1.0,1.0,1.0,1.0,1.0,1.0,1.0,1.0,1.0,1.0,0.9999991,1.0,1.0,1.0,1.0,1.0,1.0,1.0,1.0,1.0,1.0,1.0,1.0,1.0,1.0,1.0,1.0,1.0,1.0,1.0,1.0,1.0,1.0,1.0,1.0,1.0,1.0,1.0,1.0,1.0,1.0,1.0,1.0,1.0,1.0,1.0,1.0,1.0,1.0,1.0,1.0,1.0,1.0,1.0,1.0,1.0,1.0,1.0,1.0,1.0,1.0,1.0,1.0,0.99999976,1.0,1.0,1.0,1.0,1.0,1.0,1.0,1.0,1.0,1.0,1.0,0.99999875,1.0,1.0,1.0,1.0,1.0,1.0,1.0,1.0,1.0,1.0,1.0,1.0,1.0,1.0,1.0,0.9999912,1.0,1.0,1.0,1.0,1.0,1.0,1.0,1.0,1.0,1.0,1.0,1.0,1.0,1.0,0.9999998,1.0,1.0,1.0,1.0,1.0,1.0,1.0,1.0
HNRNPL_HepG2,1.0,1.0,1.0,1.0,1.0,1.0,0.9999508,1.0,1.0,1.0,1.0,1.0,0.99999964,1.0,1.0,1.0,1.0,1.0,1.0,1.0,1.0,1.0,1.0,1.0,1.0,1.0,1.0,1.0,1.0,0.99999946,1.0,1.0,1.0,1.0,1.0,0.9999981,1.0,1.0,1.0,1.0,1.0,1.0,1.0,1.0,1.0,1.0,1.0,1.0,1.0,1.0,1.0,1.0,1.0,1.0,1.0,1.0,1.0,1.0,1.0,1.0,1.0,1.0,1.0,1.0,1.0,1.0,1.0,1.0,1.0,0.99999374,1.0,1.0,1.0,1.0,1.0,1.0,1.0,1.0,1.0,1.0,1.0,1.0,1.0,1.0,1.0,0.99999905,1.0,1.0,1.0,1.0,1.0,1.0,1.0,0.999998,1.0,1.0,1.0,1.0,1.0,1.0,1.0,1.0,1.0,0.99999803,1.0,0.9999916,1.0,1.0,1.0,1.0,1.0,1.0,1.0,1.0,1.0,1.0,1.0,1.0,0.9999991,1.0,1.0,1.0,1.0,1.0,1.0,1.0,1.0,1.0,1.0,1.0,1.0,1.0,1.0,1.0,1.0,1.0,1.0,1.0,1.0,1.0,1.0,1.0,1.0,1.0,1.0,1.0,1.0,1.0,1.0,1.0,1.0,1.0,1.0,1.0,1.0,1.0,1.0,1.0,1.0,1.0,1.0,1.0,1.0,1.0,1.0,1.0,1.0,1.0,1.0,1.0,1.0,0.99999976,1.0,1.0,1.0,1.0,1.0,1.0,1.0,1.0,1.0,1.0,1.0,0.99999875,1.0,1.0,1.0,1.0,1.0,1.0,1.0,1.0,1.0,1.0,1.0,1.0,1.0,1.0,1.0,0.9999912,1.0,1.0,1.0,1.0,1.0,1.0,1.0,1.0,1.0,1.0,1.0,1.0,1.0,1.0,0.9999998,1.0,1.0,1.0,1.0,1.0,1.0,1.0,1.0
HNRNPL_K562,1.0,1.0,1.0,1.0,1.0,1.0,0.9999508,1.0,1.0,1.0,1.0,1.0,0.99999964,1.0,1.0,1.0,1.0,1.0,1.0,1.0,1.0,1.0,1.0,1.0,1.0,1.0,1.0,1.0,1.0,0.99999946,1.0,1.0,1.0,1.0,1.0,0.9999981,1.0,1.0,1.0,1.0,1.0,1.0,1.0,1.0,1.0,1.0,1.0,1.0,1.0,1.0,1.0,1.0,1.0,1.0,1.0,1.0,1.0,1.0,1.0,1.0,1.0,1.0,1.0,1.0,1.0,1.0,1.0,1.0,1.0,0.99999374,1.0,1.0,1.0,1.0,1.0,1.0,1.0,1.0,1.0,1.0,1.0,1.0,1.0,1.0,1.0,0.99999905,1.0,1.0,1.0,1.0,1.0,1.0,1.0,0.999998,1.0,1.0,1.0,1.0,1.0,1.0,1.0,1.0,1.0,0.99999803,1.0,0.9999916,1.0,1.0,1.0,1.0,1.0,1.0,1.0,1.0,1.0,1.0,1.0,1.0,0.9999991,1.0,1.0,1.0,1.0,1.0,1.0,1.0,1.0,1.0,1.0,1.0,1.0,1.0,1.0,1.0,1.0,1.0,1.0,1.0,1.0,1.0,1.0,1.0,1.0,1.0,1.0,1.0,1.0,1.0,1.0,1.0,1.0,1.0,1.0,1.0,1.0,1.0,1.0,1.0,1.0,1.0,1.0,1.0,1.0,1.0,1.0,1.0,1.0,1.0,1.0,1.0,1.0,0.99999976,1.0,1.0,1.0,1.0,1.0,1.0,1.0,1.0,1.0,1.0,1.0,0.99999875,1.0,1.0,1.0,1.0,1.0,1.0,1.0,1.0,1.0,1.0,1.0,1.0,1.0,1.0,1.0,0.9999912,1.0,1.0,1.0,1.0,1.0,1.0,1.0,1.0,1.0,1.0,1.0,1.0,1.0,1.0,0.9999998,1.0,1.0,1.0,1.0,1.0,1.0,1.0,1.0
HNRNPM_HepG2,1.0,1.0,1.0,1.0,1.0,1.0,0.9999508,1.0,1.0,1.0,1.0,1.0,0.99999964,1.0,1.0,1.0,1.0,1.0,1.0,1.0,1.0,1.0,1.0,1.0,1.0,1.0,1.0,1.0,1.0,0.99999946,1.0,1.0,1.0,1.0,1.0,0.9999981,1.0,1.0,1.0,1.0,1.0,1.0,1.0,1.0,1.0,1.0,1.0,1.0,1.0,1.0,1.0,1.0,1.0,1.0,1.0,1.0,1.0,1.0,1.0,1.0,1.0,1.0,1.0,1.0,1.0,1.0,1.0,1.0,1.0,0.99999374,1.0,1.0,1.0,1.0,1.0,1.0,1.0,1.0,1.0,1.0,1.0,1.0,1.0,1.0,1.0,0.99999905,1.0,1.0,1.0,1.0,1.0,1.0,1.0,0.999998,1.0,1.0,1.0,1.0,1.0,1.0,1.0,1.0,1.0,0.99999803,1.0,0.9999916,1.0,1.0,1.0,1.0,1.0,1.0,1.0,1.0,1.0,1.0,1.0,1.0,0.9999991,1.0,1.0,1.0,1.0,1.0,1.0,1.0,1.0,1.0,1.0,1.0,1.0,1.0,1.0,1.0,1.0,1.0,1.0,1.0,1.0,1.0,1.0,1.0,1.0,1.0,1.0,1.0,1.0,1.0,1.0,1.0,1.0,1.0,1.0,1.0,1.0,1.0,1.0,1.0,1.0,1.0,1.0,1.0,1.0,1.0,1.0,1.0,1.0,1.0,1.0,1.0,1.0,0.99999976,1.0,1.0,1.0,1.0,1.0,1.0,1.0,1.0,1.0,1.0,1.0,0.99999875,1.0,1.0,1.0,1.0,1.0,1.0,1.0,1.0,1.0,1.0,1.0,1.0,1.0,1.0,1.0,0.9999912,1.0,1.0,1.0,1.0,1.0,1.0,1.0,1.0,1.0,1.0,1.0,1.0,1.0,1.0,0.9999998,1.0,1.0,1.0,1.0,1.0,1.0,1.0,1.0
HNRNPM_K562,1.0,1.0,1.0,1.0,1.0,1.0,0.9999508,1.0,1.0,1.0,1.0,1.0,0.99999964,1.0,1.0,1.0,1.0,1.0,1.0,1.0,1.0,1.0,1.0,1.0,1.0,1.0,1.0,1.0,1.0,0.99999946,1.0,1.0,1.0,1.0,1.0,0.9999981,1.0,1.0,1.0,1.0,1.0,1.0,1.0,1.0,1.0,1.0,1.0,1.0,1.0,1.0,1.0,1.0,1.0,1.0,1.0,1.0,1.0,1.0,1.0,1.0,1.0,1.0,1.0,1.0,1.0,1.0,1.0,1.0,1.0,0.99999374,1.0,1.0,1.0,1.0,1.0,1.0,1.0,1.0,1.0,1.0,1.0,1.0,1.0,1.0,1.0,0.99999905,1.0,1.0,1.0,1.0,1.0,1.0,1.0,0.999998,1.0,1.0,1.0,1.0,1.0,1.0,1.0,1.0,1.0,0.99999803,1.0,0.9999916,1.0,1.0,1.0,1.0,1.0,1.0,1.0,1.0,1.0,1.0,1.0,1.0,0.9999991,1.0,1.0,1.0,1.0,1.0,1.0,1.0,1.0,1.0,1.0,1.0,1.0,1.0,1.0,1.0,1.0,1.0,1.0,1.0,1.0,1.0,1.0,1.0,1.0,1.0,1.0,1.0,1.0,1.0,1.0,1.0,1.0,1.0,1.0,1.0,1.0,1.0,1.0,1.0,1.0,1.0,1.0,1.0,1.0,1.0,1.0,1.0,1.0,1.0,1.0,1.0,1.0,0.99999976,1.0,1.0,1.0,1.0,1.0,1.0,1.0,1.0,1.0,1.0,1.0,0.99999875,1.0,1.0,1.0,1.0,1.0,1.0,1.0,1.0,1.0,1.0,1.0,1.0,1.0,1.0,1.0,0.9999912,1.0,1.0,1.0,1.0,1.0,1.0,1.0,1.0,1.0,1.0,1.0,1.0,1.0,1.0,0.9999998,1.0,1.0,1.0,1.0,1.0,1.0,1.0,1.0
HNRNPU_HepG2,0.99999905,0.99999905,0.99999905,0.99999905,0.99999905,0.99999905,0.99996364,0.99999905,0.99999905,0.99999905,0.99999905,0.99999905,0.9999999,0.99999905,0.99999905,0.99999905,0.99999905,0.99999905,0.99999905,0.99999905,0.99999905,0.99999905,0.99999905,0.99999905,0.99999905,0.99999905,0.99999905,0.99999905,0.99999905,0.99999994,0.99999905,0.99999905,0.99999905,0.99999905,0.99999905,0.9999998,0.99999905,0.99999905,0.99999905,0.99999905,0.99999905,0.99999905,0.99999905,0.99999905,0.99999905,0.99999905,0.99999905,0.99999905,0.99999905,0.99999905,0.99999905,0.99999905,0.99999905,0.99999905,0.99999905,0.99999905,0.99999905,0.99999905,0.99999905,0.99999905,0.99999905,0.99999905,0.99999905,0.99999905,0.99999905,0.99999905,0.99999905,0.99999905,0.99999905,0.9999977,0.99999905,0.99999905,0.99999905,0.99999905,0.99999905,0.99999905,0.99999905,0.99999905,0.99999905,0.99999905,0.99999905,0.99999905,0.99999905,0.99999905,0.99999905,1.0,0.99999905,0.99999905,0.99999905,0.99999905,0.99999905,0.99999905,0.99999905,0.9999998,0.99999905,0.99999905,0.99999905,0.99999905,0.99999905,0.99999905,0.99999905,0.99999905,0.99999905,0.9999998,0.99999905,0.9999963,0.99999905,0.99999905,0.99999905,0.99999905,0.99999905,0.99999905,0.99999905,0.99999905,0.99999905,0.99999905,0.99999905,0.99999905,1.0,0.99999905,0.99999905,0.99999905,0.99999905,0.99999905,0.99999905,0.99999905,0.99999905,0.99999905,0.99999905,0.99999905,0.99999905,0.99999905,0.99999905,0.99999905,0.99999905,0.99999905,0.99999905,0.99999905,0.99999905,0.99999905,0.99999905,0.99999905,0.99999905,0.99999905,0.99999905,0.99999905,0.99999905,0.99999905,0.99999905,0.99999905,0.99999905,0.99999905,0.99999905,0.99999905,0.99999905,0.99999905,0.99999905,0.99999905,0.99999905,0.99999905,0.99999905,0.99999905,0.99999905,0.99999905,0.99999905,0.99999905,0.99999905,0.99999905,0.99999905,0.99999905,0.99999905,0.99999785,0.99999905,0.99999905,0.99999905,0.99999905,0.99999905,0.99999905,0.99999905,0.99999905,0.99999905,0.99999905,0.99999905,1.0,0.99999905,0.99999905,0.99999905,0.99999905,0.99999905,0.99999905,0.99999905,0.99999905,0.99999905,0.99999905,0.99999905,0.99999905,0.99999905,0.99999905,0.99999905,0.999996,0.99999905,0.99999905,0.99999905,0.99999905,0.99999905,0.99999905,0.99999905,0.99999905,0.99999905,0.99999905,0.99999905,0.99999905,0.99999905,0.99999905,0.9999997,0.99999905,0.99999905,0.99999905,0.99999905,0.99999905,0.99999905,0.99999905,0.99999905
HNRNPU_K562,1.0,1.0,1.0,1.0,1.0,1.0,0.9999508,1.0,1.0,1.0,1.0,1.0,0.99999964,1.0,1.0,1.0,1.0,1.0,1.0,1.0,1.0,1.0,1.0,1.0,1.0,1.0,1.0,1.0,1.0,0.99999946,1.0,1.0,1.0,1.0,1.0,0.9999981,1.0,1.0,1.0,1.0,1.0,1.0,1.0,1.0,1.0,1.0,1.0,1.0,1.0,1.0,1.0,1.0,1.0,1.0,1.0,1.0,1.0,1.0,1.0,1.0,1.0,1.0,1.0,1.0,1.0,1.0,1.0,1.0,1.0,0.99999374,1.0,1.0,1.0,1.0,1.0,1.0,1.0,1.0,1.0,1.0,1.0,1.0,1.0,1.0,1.0,0.99999905,1.0,1.0,1.0,1.0,1.0,1.0,1.0,0.999998,1.0,1.0,1.0,1.0,1.0,1.0,1.0,1.0,1.0,0.99999803,1.0,0.9999916,1.0,1.0,1.0,1.0,1.0,1.0,1.0,1.0,1.0,1.0,1.0,1.0,0.9999991,1.0,1.0,1.0,1.0,1.0,1.0,1.0,1.0,1.0,1.0,1.0,1.0,1.0,1.0,1.0,1.0,1.0,1.0,1.0,1.0,1.0,1.0,1.0,1.0,1.0,1.0,1.0,1.0,1.0,1.0,1.0,1.0,1.0,1.0,1.0,1.0,1.0,1.0,1.0,1.0,1.0,1.0,1.0,1.0,1.0,1.0,1.0,1.0,1.0,1.0,1.0,1.0,0.99999976,1.0,1.0,1.0,1.0,1.0,1.0,1.0,1.0,1.0,1.0,1.0,0.99999875,1.0,1.0,1.0,1.0,1.0,1.0,1.0,1.0,1.0,1.0,1.0,1.0,1.0,1.0,1.0,0.9999912,1.0,1.0,1.0,1.0,1.0,1.0,1.0,1.0,1.0,1.0,1.0,1.0,1.0,1.0,0.9999998,1.0,1.0,1.0,1.0,1.0,1.0,1.0,1.0
HNRNPUL1_HepG2,1.0,1.0,1.0,1.0,1.0,1.0,0.9999508,1.0,1.0,1.0,1.0,1.0,0.99999964,1.0,1.0,1.0,1.0,1.0,1.0,1.0,1.0,1.0,1.0,1.0,1.0,1.0,1.0,1.0,1.0,0.99999946,1.0,1.0,1.0,1.0,1.0,0.9999981,1.0,1.0,1.0,1.0,1.0,1.0,1.0,1.0,1.0,1.0,1.0,1.0,1.0,1.0,1.0,1.0,1.0,1.0,1.0,1.0,1.0,1.0,1.0,1.0,1.0,1.0,1.0,1.0,1.0,1.0,1.0,1.0,1.0,0.99999374,1.0,1.0,1.0,1.0,1.0,1.0,1.0,1.0,1.0,1.0,1.0,1.0,1.0,1.0,1.0,0.99999905,1.0,1.0,1.0,1.0,1.0,1.0,1.0,0.999998,1.0,1.0,1.0,1.0,1.0,1.0,1.0,1.0,1.0,0.99999803,1.0,0.9999916,1.0,1.0,1.0,1.0,1.0,1.0,1.0,1.0,1.0,1.0,1.0,1.0,0.9999991,1.0,1.0,1.0,1.0,1.0,1.0,1.0,1.0,1.0,1.0,1.0,1.0,1.0,1.0,1.0,1.0,1.0,1.0,1.0,1.0,1.0,1.0,1.0,1.0,1.0,1.0,1.0,1.0,1.0,1.0,1.0,1.0,1.0,1.0,1.0,1.0,1.0,1.0,1.0,1.0,1.0,1.0,1.0,1.0,1.0,1.0,1.0,1.0,1.0,1.0,1.0,1.0,0.99999976,1.0,1.0,1.0,1.0,1.0,1.0,1.0,1.0,1.0,1.0,1.0,0.99999875,1.0,1.0,1.0,1.0,1.0,1.0,1.0,1.0,1.0,1.0,1.0,1.0,1.0,1.0,1.0,0.9999912,1.0,1.0,1.0,1.0,1.0,1.0,1.0,1.0,1.0,1.0,1.0,1.0,1.0,1.0,0.9999998,1.0,1.0,1.0,1.0,1.0,1.0,1.0,1.0
HNRNPUL1_K562,1.0,1.0,1.0,1.0,1.0,1.0,0.9999508,1.0,1.0,1.0,1.0,1.0,0.99999964,1.0,1.0,1.0,1.0,1.0,1.0,1.0,1.0,1.0,1.0,1.0,1.0,1.0,1.0,1.0,1.0,0.99999946,1.0,1.0,1.0,1.0,1.0,0.9999981,1.0,1.0,1.0,1.0,1.0,1.0,1.0,1.0,1.0,1.0,1.0,1.0,1.0,1.0,1.0,1.0,1.0,1.0,1.0,1.0,1.0,1.0,1.0,1.0,1.0,1.0,1.0,1.0,1.0,1.0,1.0,1.0,1.0,0.99999374,1.0,1.0,1.0,1.0,1.0,1.0,1.0,1.0,1.0,1.0,1.0,1.0,1.0,1.0,1.0,0.99999905,1.0,1.0,1.0,1.0,1.0,1.0,1.0,0.999998,1.0,1.0,1.0,1.0,1.0,1.0,1.0,1.0,1.0,0.99999803,1.0,0.9999916,1.0,1.0,1.0,1.0,1.0,1.0,1.0,1.0,1.0,1.0,1.0,1.0,0.9999991,1.0,1.0,1.0,1.0,1.0,1.0,1.0,1.0,1.0,1.0,1.0,1.0,1.0,1.0,1.0,1.0,1.0,1.0,1.0,1.0,1.0,1.0,1.0,1.0,1.0,1.0,1.0,1.0,1.0,1.0,1.0,1.0,1.0,1.0,1.0,1.0,1.0,1.0,1.0,1.0,1.0,1.0,1.0,1.0,1.0,1.0,1.0,1.0,1.0,1.0,1.0,1.0,0.99999976,1.0,1.0,1.0,1.0,1.0,1.0,1.0,1.0,1.0,1.0,1.0,0.99999875,1.0,1.0,1.0,1.0,1.0,1.0,1.0,1.0,1.0,1.0,1.0,1.0,1.0,1.0,1.0,0.9999912,1.0,1.0,1.0,1.0,1.0,1.0,1.0,1.0,1.0,1.0,1.0,1.0,1.0,1.0,0.9999998,1.0,1.0,1.0,1.0,1.0,1.0,1.0,1.0
IGF2BP1_HepG2,1.0,1.0,1.0,1.0,1.0,1.0,0.9999508,1.0,1.0,1.0,1.0,1.0,0.99999964,1.0,1.0,1.0,1.0,1.0,1.0,1.0,1.0,1.0,1.0,1.0,1.0,1.0,1.0,1.0,1.0,0.99999946,1.0,1.0,1.0,1.0,1.0,0.9999981,1.0,1.0,1.0,1.0,1.0,1.0,1.0,1.0,1.0,1.0,1.0,1.0,1.0,1.0,1.0,1.0,1.0,1.0,1.0,1.0,1.0,1.0,1.0,1.0,1.0,1.0,1.0,1.0,1.0,1.0,1.0,1.0,1.0,0.99999374,1.0,1.0,1.0,1.0,1.0,1.0,1.0,1.0,1.0,1.0,1.0,1.0,1.0,1.0,1.0,0.99999905,1.0,1.0,1.0,1.0,1.0,1.0,1.0,0.999998,1.0,1.0,1.0,1.0,1.0,1.0,1.0,1.0,1.0,0.99999803,1.0,0.9999916,1.0,1.0,1.0,1.0,1.0,1.0,1.0,1.0,1.0,1.0,1.0,1.0,0.9999991,1.0,1.0,1.0,1.0,1.0,1.0,1.0,1.0,1.0,1.0,1.0,1.0,1.0,1.0,1.0,1.0,1.0,1.0,1.0,1.0,1.0,1.0,1.0,1.0,1.0,1.0,1.0,1.0,1.0,1.0,1.0,1.0,1.0,1.0,1.0,1.0,1.0,1.0,1.0,1.0,1.0,1.0,1.0,1.0,1.0,1.0,1.0,1.0,1.0,1.0,1.0,1.0,0.99999976,1.0,1.0,1.0,1.0,1.0,1.0,1.0,1.0,1.0,1.0,1.0,0.99999875,1.0,1.0,1.0,1.0,1.0,1.0,1.0,1.0,1.0,1.0,1.0,1.0,1.0,1.0,1.0,0.9999912,1.0,1.0,1.0,1.0,1.0,1.0,1.0,1.0,1.0,1.0,1.0,1.0,1.0,1.0,0.9999998,1.0,1.0,1.0,1.0,1.0,1.0,1.0,1.0
IGF2BP1_K562,1.0,1.0,1.0,1.0,1.0,1.0,0.9999508,1.0,1.0,1.0,1.0,1.0,0.99999964,1.0,1.0,1.0,1.0,1.0,1.0,1.0,1.0,1.0,1.0,1.0,1.0,1.0,1.0,1.0,1.0,0.99999946,1.0,1.0,1.0,1.0,1.0,0.9999981,1.0,1.0,1.0,1.0,1.0,1.0,1.0,1.0,1.0,1.0,1.0,1.0,1.0,1.0,1.0,1.0,1.0,1.0,1.0,1.0,1.0,1.0,1.0,1.0,1.0,1.0,1.0,1.0,1.0,1.0,1.0,1.0,1.0,0.99999374,1.0,1.0,1.0,1.0,1.0,1.0,1.0,1.0,1.0,1.0,1.0,1.0,1.0,1.0,1.0,0.99999905,1.0,1.0,1.0,1.0,1.0,1.0,1.0,0.999998,1.0,1.0,1.0,1.0,1.0,1.0,1.0,1.0,1.0,0.99999803,1.0,0.9999916,1.0,1.0,1.0,1.0,1.0,1.0,1.0,1.0,1.0,1.0,1.0,1.0,0.9999991,1.0,1.0,1.0,1.0,1.0,1.0,1.0,1.0,1.0,1.0,1.0,1.0,1.0,1.0,1.0,1.0,1.0,1.0,1.0,1.0,1.0,1.0,1.0,1.0,1.0,1.0,1.0,1.0,1.0,1.0,1.0,1.0,1.0,1.0,1.0,1.0,1.0,1.0,1.0,1.0,1.0,1.0,1.0,1.0,1.0,1.0,1.0,1.0,1.0,1.0,1.0,1.0,0.99999976,1.0,1.0,1.0,1.0,1.0,1.0,1.0,1.0,1.0,1.0,1.0,0.99999875,1.0,1.0,1.0,1.0,1.0,1.0,1.0,1.0,1.0,1.0,1.0,1.0,1.0,1.0,1.0,0.9999912,1.0,1.0,1.0,1.0,1.0,1.0,1.0,1.0,1.0,1.0,1.0,1.0,1.0,1.0,0.9999998,1.0,1.0,1.0,1.0,1.0,1.0,1.0,1.0
IGF2BP2_K562,1.0,1.0,1.0,1.0,1.0,1.0,0.9999508,1.0,1.0,1.0,1.0,1.0,0.99999964,1.0,1.0,1.0,1.0,1.0,1.0,1.0,1.0,1.0,1.0,1.0,1.0,1.0,1.0,1.0,1.0,0.99999946,1.0,1.0,1.0,1.0,1.0,0.9999981,1.0,1.0,1.0,1.0,1.0,1.0,1.0,1.0,1.0,1.0,1.0,1.0,1.0,1.0,1.0,1.0,1.0,1.0,1.0,1.0,1.0,1.0,1.0,1.0,1.0,1.0,1.0,1.0,1.0,1.0,1.0,1.0,1.0,0.99999374,1.0,1.0,1.0,1.0,1.0,1.0,1.0,1.0,1.0,1.0,1.0,1.0,1.0,1.0,1.0,0.99999905,1.0,1.0,1.0,1.0,1.0,1.0,1.0,0.999998,1.0,1.0,1.0,1.0,1.0,1.0,1.0,1.0,1.0,0.99999803,1.0,0.9999916,1.0,1.0,1.0,1.0,1.0,1.0,1.0,1.0,1.0,1.0,1.0,1.0,0.9999991,1.0,1.0,1.0,1.0,1.0,1.0,1.0,1.0,1.0,1.0,1.0,1.0,1.0,1.0,1.0,1.0,1.0,1.0,1.0,1.0,1.0,1.0,1.0,1.0,1.0,1.0,1.0,1.0,1.0,1.0,1.0,1.0,1.0,1.0,1.0,1.0,1.0,1.0,1.0,1.0,1.0,1.0,1.0,1.0,1.0,1.0,1.0,1.0,1.0,1.0,1.0,1.0,0.99999976,1.0,1.0,1.0,1.0,1.0,1.0,1.0,1.0,1.0,1.0,1.0,0.99999875,1.0,1.0,1.0,1.0,1.0,1.0,1.0,1.0,1.0,1.0,1.0,1.0,1.0,1.0,1.0,0.9999912,1.0,1.0,1.0,1.0,1.0,1.0,1.0,1.0,1.0,1.0,1.0,1.0,1.0,1.0,0.9999998,1.0,1.0,1.0,1.0,1.0,1.0,1.0,1.0
IGF2BP3_HepG2,1.0,1.0,1.0,1.0,1.0,1.0,0.9999508,1.0,1.0,1.0,1.0,1.0,0.99999964,1.0,1.0,1.0,1.0,1.0,1.0,1.0,1.0,1.0,1.0,1.0,1.0,1.0,1.0,1.0,1.0,0.99999946,1.0,1.0,1.0,1.0,1.0,0.9999981,1.0,1.0,1.0,1.0,1.0,1.0,1.0,1.0,1.0,1.0,1.0,1.0,1.0,1.0,1.0,1.0,1.0,1.0,1.0,1.0,1.0,1.0,1.0,1.0,1.0,1.0,1.0,1.0,1.0,1.0,1.0,1.0,1.0,0.99999374,1.0,1.0,1.0,1.0,1.0,1.0,1.0,1.0,1.0,1.0,1.0,1.0,1.0,1.0,1.0,0.99999905,1.0,1.0,1.0,1.0,1.0,1.0,1.0,0.999998,1.0,1.0,1.0,1.0,1.0,1.0,1.0,1.0,1.0,0.99999803,1.0,0.9999916,1.0,1.0,1.0,1.0,1.0,1.0,1.0,1.0,1.0,1.0,1.0,1.0,0.9999991,1.0,1.0,1.0,1.0,1.0,1.0,1.0,1.0,1.0,1.0,1.0,1.0,1.0,1.0,1.0,1.0,1.0,1.0,1.0,1.0,1.0,1.0,1.0,1.0,1.0,1.0,1.0,1.0,1.0,1.0,1.0,1.0,1.0,1.0,1.0,1.0,1.0,1.0,1.0,1.0,1.0,1.0,1.0,1.0,1.0,1.0,1.0,1.0,1.0,1.0,1.0,1.0,0.99999976,1.0,1.0,1.0,1.0,1.0,1.0,1.0,1.0,1.0,1.0,1.0,0.99999875,1.0,1.0,1.0,1.0,1.0,1.0,1.0,1.0,1.0,1.0,1.0,1.0,1.0,1.0,1.0,0.9999912,1.0,1.0,1.0,1.0,1.0,1.0,1.0,1.0,1.0,1.0,1.0,1.0,1.0,1.0,0.9999998,1.0,1.0,1.0,1.0,1.0,1.0,1.0,1.0
ILF3_HepG2,0.999998,0.999998,0.999998,0.999998,0.999998,0.999998,0.9999687,0.999998,0.999998,0.999998,0.999998,0.999998,0.99999934,0.999998,0.999998,0.999998,0.999998,0.999998,0.999998,0.999998,0.999998,0.999998,0.999998,0.999998,0.999998,0.999998,0.999998,0.999998,0.999998,0.9999995,0.999998,0.999998,0.999998,0.999998,0.999998,1.0,0.999998,0.999998,0.999998,0.999998,0.999998,0.999998,0.999998,0.999998,0.999998,0.999998,0.999998,0.999998,0.999998,0.999998,0.999998,0.999998,0.999998,0.999998,0.999998,0.999998,0.999998,0.999998,0.999998,0.999998,0.999998,0.999998,0.999998,0.999998,0.999998,0.999998,0.999998,0.999998,0.999998,0.9999988,0.999998,0.999998,0.999998,0.999998,0.999998,0.999998,0.999998,0.999998,0.999998,0.999998,0.999998,0.999998,0.999998,0.999998,0.999998,0.9999998,0.999998,0.999998,0.999998,0.999998,0.999998,0.999998,0.999998,1.0,0.999998,0.999998,0.999998,0.999998,0.999998,0.999998,0.999998,0.999998,0.999998,1.0,0.999998,0.9999978,0.999998,0.999998,0.999998,0.999998,0.999998,0.999998,0.999998,0.999998,0.999998,0.999998,0.999998,0.999998,0.99999976,0.999998,0.999998,0.999998,0.999998,0.999998,0.999998,0.999998,0.999998,0.999998,0.999998,0.999998,0.999998,0.999998,0.999998,0.999998,0.999998,0.999998,0.999998,0.999998,0.999998,0.999998,0.999998,0.999998,0.999998,0.999998,0.999998,0.999998,0.999998,0.999998,0.999998,0.999998,0.999998,0.999998,0.999998,0.999998,0.999998,0.999998,0.999998,0.999998,0.999998,0.999998,0.999998,0.999998,0.999998,0.999998,0.999998,0.999998,0.999998,0.999998,0.999998,0.999998,0.999998,0.9999964,0.999998,0.999998,0.999998,0.999998,0.999998,0.999998,0.999998,0.999998,0.999998,0.999998,0.999998,0.99999994,0.999998,0.999998,0.999998,0.999998,0.999998,0.999998,0.999998,0.999998,0.999998,0.999998,0.999998,0.999998,0.999998,0.999998,0.999998,0.99999756,0.999998,0.999998,0.999998,0.999998,0.999998,0.999998,0.999998,0.999998,0.999998,0.999998,0.999998,0.999998,0.999998,0.999998,0.999999,0.999998,0.999998,0.999998,0.999998,0.999998,0.999998,0.999998,0.999998
ILF3_K562,1.0,1.0,1.0,1.0,1.0,1.0,0.9999508,1.0,1.0,1.0,1.0,1.0,0.99999964,1.0,1.0,1.0,1.0,1.0,1.0,1.0,1.0,1.0,1.0,1.0,1.0,1.0,1.0,1.0,1.0,0.99999946,1.0,1.0,1.0,1.0,1.0,0.9999981,1.0,1.0,1.0,1.0,1.0,1.0,1.0,1.0,1.0,1.0,1.0,1.0,1.0,1.0,1.0,1.0,1.0,1.0,1.0,1.0,1.0,1.0,1.0,1.0,1.0,1.0,1.0,1.0,1.0,1.0,1.0,1.0,1.0,0.99999374,1.0,1.0,1.0,1.0,1.0,1.0,1.0,1.0,1.0,1.0,1.0,1.0,1.0,1.0,1.0,0.99999905,1.0,1.0,1.0,1.0,1.0,1.0,1.0,0.999998,1.0,1.0,1.0,1.0,1.0,1.0,1.0,1.0,1.0,0.99999803,1.0,0.9999916,1.0,1.0,1.0,1.0,1.0,1.0,1.0,1.0,1.0,1.0,1.0,1.0,0.9999991,1.0,1.0,1.0,1.0,1.0,1.0,1.0,1.0,1.0,1.0,1.0,1.0,1.0,1.0,1.0,1.0,1.0,1.0,1.0,1.0,1.0,1.0,1.0,1.0,1.0,1.0,1.0,1.0,1.0,1.0,1.0,1.0,1.0,1.0,1.0,1.0,1.0,1.0,1.0,1.0,1.0,1.0,1.0,1.0,1.0,1.0,1.0,1.0,1.0,1.0,1.0,1.0,0.99999976,1.0,1.0,1.0,1.0,1.0,1.0,1.0,1.0,1.0,1.0,1.0,0.99999875,1.0,1.0,1.0,1.0,1.0,1.0,1.0,1.0,1.0,1.0,1.0,1.0,1.0,1.0,1.0,0.9999912,1.0,1.0,1.0,1.0,1.0,1.0,1.0,1.0,1.0,1.0,1.0,1.0,1.0,1.0,0.9999998,1.0,1.0,1.0,1.0,1.0,1.0,1.0,1.0
KHDRBS1_K562,1.0,1.0,1.0,1.0,1.0,1.0,0.9999508,1.0,1.0,1.0,1.0,1.0,0.99999964,1.0,1.0,1.0,1.0,1.0,1.0,1.0,1.0,1.0,1.0,1.0,1.0,1.0,1.0,1.0,1.0,0.99999946,1.0,1.0,1.0,1.0,1.0,0.9999981,1.0,1.0,1.0,1.0,1.0,1.0,1.0,1.0,1.0,1.0,1.0,1.0,1.0,1.0,1.0,1.0,1.0,1.0,1.0,1.0,1.0,1.0,1.0,1.0,1.0,1.0,1.0,1.0,1.0,1.0,1.0,1.0,1.0,0.99999374,1.0,1.0,1.0,1.0,1.0,1.0,1.0,1.0,1.0,1.0,1.0,1.0,1.0,1.0,1.0,0.99999905,1.0,1.0,1.0,1.0,1.0,1.0,1.0,0.999998,1.0,1.0,1.0,1.0,1.0,1.0,1.0,1.0,1.0,0.99999803,1.0,0.9999916,1.0,1.0,1.0,1.0,1.0,1.0,1.0,1.0,1.0,1.0,1.0,1.0,0.9999991,1.0,1.0,1.0,1.0,1.0,1.0,1.0,1.0,1.0,1.0,1.0,1.0,1.0,1.0,1.0,1.0,1.0,1.0,1.0,1.0,1.0,1.0,1.0,1.0,1.0,1.0,1.0,1.0,1.0,1.0,1.0,1.0,1.0,1.0,1.0,1.0,1.0,1.0,1.0,1.0,1.0,1.0,1.0,1.0,1.0,1.0,1.0,1.0,1.0,1.0,1.0,1.0,0.99999976,1.0,1.0,1.0,1.0,1.0,1.0,1.0,1.0,1.0,1.0,1.0,0.99999875,1.0,1.0,1.0,1.0,1.0,1.0,1.0,1.0,1.0,1.0,1.0,1.0,1.0,1.0,1.0,0.9999912,1.0,1.0,1.0,1.0,1.0,1.0,1.0,1.0,1.0,1.0,1.0,1.0,1.0,1.0,0.9999998,1.0,1.0,1.0,1.0,1.0,1.0,1.0,1.0
KHSRP_HepG2,1.0,1.0,1.0,1.0,1.0,1.0,0.9999508,1.0,1.0,1.0,1.0,1.0,0.99999964,1.0,1.0,1.0,1.0,1.0,1.0,1.0,1.0,1.0,1.0,1.0,1.0,1.0,1.0,1.0,1.0,0.99999946,1.0,1.0,1.0,1.0,1.0,0.9999981,1.0,1.0,1.0,1.0,1.0,1.0,1.0,1.0,1.0,1.0,1.0,1.0,1.0,1.0,1.0,1.0,1.0,1.0,1.0,1.0,1.0,1.0,1.0,1.0,1.0,1.0,1.0,1.0,1.0,1.0,1.0,1.0,1.0,0.99999374,1.0,1.0,1.0,1.0,1.0,1.0,1.0,1.0,1.0,1.0,1.0,1.0,1.0,1.0,1.0,0.99999905,1.0,1.0,1.0,1.0,1.0,1.0,1.0,0.999998,1.0,1.0,1.0,1.0,1.0,1.0,1.0,1.0,1.0,0.99999803,1.0,0.9999916,1.0,1.0,1.0,1.0,1.0,1.0,1.0,1.0,1.0,1.0,1.0,1.0,0.9999991,1.0,1.0,1.0,1.0,1.0,1.0,1.0,1.0,1.0,1.0,1.0,1.0,1.0,1.0,1.0,1.0,1.0,1.0,1.0,1.0,1.0,1.0,1.0,1.0,1.0,1.0,1.0,1.0,1.0,1.0,1.0,1.0,1.0,1.0,1.0,1.0,1.0,1.0,1.0,1.0,1.0,1.0,1.0,1.0,1.0,1.0,1.0,1.0,1.0,1.0,1.0,1.0,0.99999976,1.0,1.0,1.0,1.0,1.0,1.0,1.0,1.0,1.0,1.0,1.0,0.99999875,1.0,1.0,1.0,1.0,1.0,1.0,1.0,1.0,1.0,1.0,1.0,1.0,1.0,1.0,1.0,0.9999912,1.0,1.0,1.0,1.0,1.0,1.0,1.0,1.0,1.0,1.0,1.0,1.0,1.0,1.0,0.9999998,1.0,1.0,1.0,1.0,1.0,1.0,1.0,1.0
KHSRP_K562,1.0,1.0,1.0,1.0,1.0,1.0,0.9999508,1.0,1.0,1.0,1.0,1.0,0.99999964,1.0,1.0,1.0,1.0,1.0,1.0,1.0,1.0,1.0,1.0,1.0,1.0,1.0,1.0,1.0,1.0,0.99999946,1.0,1.0,1.0,1.0,1.0,0.9999981,1.0,1.0,1.0,1.0,1.0,1.0,1.0,1.0,1.0,1.0,1.0,1.0,1.0,1.0,1.0,1.0,1.0,1.0,1.0,1.0,1.0,1.0,1.0,1.0,1.0,1.0,1.0,1.0,1.0,1.0,1.0,1.0,1.0,0.99999374,1.0,1.0,1.0,1.0,1.0,1.0,1.0,1.0,1.0,1.0,1.0,1.0,1.0,1.0,1.0,0.99999905,1.0,1.0,1.0,1.0,1.0,1.0,1.0,0.999998,1.0,1.0,1.0,1.0,1.0,1.0,1.0,1.0,1.0,0.99999803,1.0,0.9999916,1.0,1.0,1.0,1.0,1.0,1.0,1.0,1.0,1.0,1.0,1.0,1.0,0.9999991,1.0,1.0,1.0,1.0,1.0,1.0,1.0,1.0,1.0,1.0,1.0,1.0,1.0,1.0,1.0,1.0,1.0,1.0,1.0,1.0,1.0,1.0,1.0,1.0,1.0,1.0,1.0,1.0,1.0,1.0,1.0,1.0,1.0,1.0,1.0,1.0,1.0,1.0,1.0,1.0,1.0,1.0,1.0,1.0,1.0,1.0,1.0,1.0,1.0,1.0,1.0,1.0,0.99999976,1.0,1.0,1.0,1.0,1.0,1.0,1.0,1.0,1.0,1.0,1.0,0.99999875,1.0,1.0,1.0,1.0,1.0,1.0,1.0,1.0,1.0,1.0,1.0,1.0,1.0,1.0,1.0,0.9999912,1.0,1.0,1.0,1.0,1.0,1.0,1.0,1.0,1.0,1.0,1.0,1.0,1.0,1.0,0.9999998,1.0,1.0,1.0,1.0,1.0,1.0,1.0,1.0
LARP4_HepG2,1.0,1.0,1.0,1.0,1.0,1.0,0.9999508,1.0,1.0,1.0,1.0,1.0,0.99999964,1.0,1.0,1.0,1.0,1.0,1.0,1.0,1.0,1.0,1.0,1.0,1.0,1.0,1.0,1.0,1.0,0.99999946,1.0,1.0,1.0,1.0,1.0,0.9999981,1.0,1.0,1.0,1.0,1.0,1.0,1.0,1.0,1.0,1.0,1.0,1.0,1.0,1.0,1.0,1.0,1.0,1.0,1.0,1.0,1.0,1.0,1.0,1.0,1.0,1.0,1.0,1.0,1.0,1.0,1.0,1.0,1.0,0.99999374,1.0,1.0,1.0,1.0,1.0,1.0,1.0,1.0,1.0,1.0,1.0,1.0,1.0,1.0,1.0,0.99999905,1.0,1.0,1.0,1.0,1.0,1.0,1.0,0.999998,1.0,1.0,1.0,1.0,1.0,1.0,1.0,1.0,1.0,0.99999803,1.0,0.9999916,1.0,1.0,1.0,1.0,1.0,1.0,1.0,1.0,1.0,1.0,1.0,1.0,0.9999991,1.0,1.0,1.0,1.0,1.0,1.0,1.0,1.0,1.0,1.0,1.0,1.0,1.0,1.0,1.0,1.0,1.0,1.0,1.0,1.0,1.0,1.0,1.0,1.0,1.0,1.0,1.0,1.0,1.0,1.0,1.0,1.0,1.0,1.0,1.0,1.0,1.0,1.0,1.0,1.0,1.0,1.0,1.0,1.0,1.0,1.0,1.0,1.0,1.0,1.0,1.0,1.0,0.99999976,1.0,1.0,1.0,1.0,1.0,1.0,1.0,1.0,1.0,1.0,1.0,0.99999875,1.0,1.0,1.0,1.0,1.0,1.0,1.0,1.0,1.0,1.0,1.0,1.0,1.0,1.0,1.0,0.9999912,1.0,1.0,1.0,1.0,1.0,1.0,1.0,1.0,1.0,1.0,1.0,1.0,1.0,1.0,0.9999998,1.0,1.0,1.0,1.0,1.0,1.0,1.0,1.0
LARP4_K562,1.0,1.0,1.0,1.0,1.0,1.0,0.9999508,1.0,1.0,1.0,1.0,1.0,0.99999964,1.0,1.0,1.0,1.0,1.0,1.0,1.0,1.0,1.0,1.0,1.0,1.0,1.0,1.0,1.0,1.0,0.99999946,1.0,1.0,1.0,1.0,1.0,0.9999981,1.0,1.0,1.0,1.0,1.0,1.0,1.0,1.0,1.0,1.0,1.0,1.0,1.0,1.0,1.0,1.0,1.0,1.0,1.0,1.0,1.0,1.0,1.0,1.0,1.0,1.0,1.0,1.0,1.0,1.0,1.0,1.0,1.0,0.99999374,1.0,1.0,1.0,1.0,1.0,1.0,1.0,1.0,1.0,1.0,1.0,1.0,1.0,1.0,1.0,0.99999905,1.0,1.0,1.0,1.0,1.0,1.0,1.0,0.999998,1.0,1.0,1.0,1.0,1.0,1.0,1.0,1.0,1.0,0.99999803,1.0,0.9999916,1.0,1.0,1.0,1.0,1.0,1.0,1.0,1.0,1.0,1.0,1.0,1.0,0.9999991,1.0,1.0,1.0,1.0,1.0,1.0,1.0,1.0,1.0,1.0,1.0,1.0,1.0,1.0,1.0,1.0,1.0,1.0,1.0,1.0,1.0,1.0,1.0,1.0,1.0,1.0,1.0,1.0,1.0,1.0,1.0,1.0,1.0,1.0,1.0,1.0,1.0,1.0,1.0,1.0,1.0,1.0,1.0,1.0,1.0,1.0,1.0,1.0,1.0,1.0,1.0,1.0,0.99999976,1.0,1.0,1.0,1.0,1.0,1.0,1.0,1.0,1.0,1.0,1.0,0.99999875,1.0,1.0,1.0,1.0,1.0,1.0,1.0,1.0,1.0,1.0,1.0,1.0,1.0,1.0,1.0,0.9999912,1.0,1.0,1.0,1.0,1.0,1.0,1.0,1.0,1.0,1.0,1.0,1.0,1.0,1.0,0.9999998,1.0,1.0,1.0,1.0,1.0,1.0,1.0,1.0
LARP7_HepG2,1.0,1.0,1.0,1.0,1.0,1.0,0.9999508,1.0,1.0,1.0,1.0,1.0,0.99999964,1.0,1.0,1.0,1.0,1.0,1.0,1.0,1.0,1.0,1.0,1.0,1.0,1.0,1.0,1.0,1.0,0.99999946,1.0,1.0,1.0,1.0,1.0,0.9999981,1.0,1.0,1.0,1.0,1.0,1.0,1.0,1.0,1.0,1.0,1.0,1.0,1.0,1.0,1.0,1.0,1.0,1.0,1.0,1.0,1.0,1.0,1.0,1.0,1.0,1.0,1.0,1.0,1.0,1.0,1.0,1.0,1.0,0.99999374,1.0,1.0,1.0,1.0,1.0,1.0,1.0,1.0,1.0,1.0,1.0,1.0,1.0,1.0,1.0,0.99999905,1.0,1.0,1.0,1.0,1.0,1.0,1.0,0.999998,1.0,1.0,1.0,1.0,1.0,1.0,1.0,1.0,1.0,0.99999803,1.0,0.9999916,1.0,1.0,1.0,1.0,1.0,1.0,1.0,1.0,1.0,1.0,1.0,1.0,0.9999991,1.0,1.0,1.0,1.0,1.0,1.0,1.0,1.0,1.0,1.0,1.0,1.0,1.0,1.0,1.0,1.0,1.0,1.0,1.0,1.0,1.0,1.0,1.0,1.0,1.0,1.0,1.0,1.0,1.0,1.0,1.0,1.0,1.0,1.0,1.0,1.0,1.0,1.0,1.0,1.0,1.0,1.0,1.0,1.0,1.0,1.0,1.0,1.0,1.0,1.0,1.0,1.0,0.99999976,1.0,1.0,1.0,1.0,1.0,1.0,1.0,1.0,1.0,1.0,1.0,0.99999875,1.0,1.0,1.0,1.0,1.0,1.0,1.0,1.0,1.0,1.0,1.0,1.0,1.0,1.0,1.0,0.9999912,1.0,1.0,1.0,1.0,1.0,1.0,1.0,1.0,1.0,1.0,1.0,1.0,1.0,1.0,0.9999998,1.0,1.0,1.0,1.0,1.0,1.0,1.0,1.0
LARP7_K562,1.0,1.0,1.0,1.0,1.0,1.0,0.9999508,1.0,1.0,1.0,1.0,1.0,0.99999964,1.0,1.0,1.0,1.0,1.0,1.0,1.0,1.0,1.0,1.0,1.0,1.0,1.0,1.0,1.0,1.0,0.99999946,1.0,1.0,1.0,1.0,1.0,0.9999981,1.0,1.0,1.0,1.0,1.0,1.0,1.0,1.0,1.0,1.0,1.0,1.0,1.0,1.0,1.0,1.0,1.0,1.0,1.0,1.0,1.0,1.0,1.0,1.0,1.0,1.0,1.0,1.0,1.0,1.0,1.0,1.0,1.0,0.99999374,1.0,1.0,1.0,1.0,1.0,1.0,1.0,1.0,1.0,1.0,1.0,1.0,1.0,1.0,1.0,0.99999905,1.0,1.0,1.0,1.0,1.0,1.0,1.0,0.999998,1.0,1.0,1.0,1.0,1.0,1.0,1.0,1.0,1.0,0.99999803,1.0,0.9999916,1.0,1.0,1.0,1.0,1.0,1.0,1.0,1.0,1.0,1.0,1.0,1.0,0.9999991,1.0,1.0,1.0,1.0,1.0,1.0,1.0,1.0,1.0,1.0,1.0,1.0,1.0,1.0,1.0,1.0,1.0,1.0,1.0,1.0,1.0,1.0,1.0,1.0,1.0,1.0,1.0,1.0,1.0,1.0,1.0,1.0,1.0,1.0,1.0,1.0,1.0,1.0,1.0,1.0,1.0,1.0,1.0,1.0,1.0,1.0,1.0,1.0,1.0,1.0,1.0,1.0,0.99999976,1.0,1.0,1.0,1.0,1.0,1.0,1.0,1.0,1.0,1.0,1.0,0.99999875,1.0,1.0,1.0,1.0,1.0,1.0,1.0,1.0,1.0,1.0,1.0,1.0,1.0,1.0,1.0,0.9999912,1.0,1.0,1.0,1.0,1.0,1.0,1.0,1.0,1.0,1.0,1.0,1.0,1.0,1.0,0.9999998,1.0,1.0,1.0,1.0,1.0,1.0,1.0,1.0
LIN28B_HepG2,1.0,1.0,1.0,1.0,1.0,1.0,0.9999508,1.0,1.0,1.0,1.0,1.0,0.99999964,1.0,1.0,1.0,1.0,1.0,1.0,1.0,1.0,1.0,1.0,1.0,1.0,1.0,1.0,1.0,1.0,0.99999946,1.0,1.0,1.0,1.0,1.0,0.9999981,1.0,1.0,1.0,1.0,1.0,1.0,1.0,1.0,1.0,1.0,1.0,1.0,1.0,1.0,1.0,1.0,1.0,1.0,1.0,1.0,1.0,1.0,1.0,1.0,1.0,1.0,1.0,1.0,1.0,1.0,1.0,1.0,1.0,0.99999374,1.0,1.0,1.0,1.0,1.0,1.0,1.0,1.0,1.0,1.0,1.0,1.0,1.0,1.0,1.0,0.99999905,1.0,1.0,1.0,1.0,1.0,1.0,1.0,0.999998,1.0,1.0,1.0,1.0,1.0,1.0,1.0,1.0,1.0,0.99999803,1.0,0.9999916,1.0,1.0,1.0,1.0,1.0,1.0,1.0,1.0,1.0,1.0,1.0,1.0,0.9999991,1.0,1.0,1.0,1.0,1.0,1.0,1.0,1.0,1.0,1.0,1.0,1.0,1.0,1.0,1.0,1.0,1.0,1.0,1.0,1.0,1.0,1.0,1.0,1.0,1.0,1.0,1.0,1.0,1.0,1.0,1.0,1.0,1.0,1.0,1.0,1.0,1.0,1.0,1.0,1.0,1.0,1.0,1.0,1.0,1.0,1.0,1.0,1.0,1.0,1.0,1.0,1.0,0.99999976,1.0,1.0,1.0,1.0,1.0,1.0,1.0,1.0,1.0,1.0,1.0,0.99999875,1.0,1.0,1.0,1.0,1.0,1.0,1.0,1.0,1.0,1.0,1.0,1.0,1.0,1.0,1.0,0.9999912,1.0,1.0,1.0,1.0,1.0,1.0,1.0,1.0,1.0,1.0,1.0,1.0,1.0,1.0,0.9999998,1.0,1.0,1.0,1.0,1.0,1.0,1.0,1.0
LIN28B_K562,0.99999803,0.99999803,0.99999803,0.99999803,0.99999803,0.99999803,0.9999686,0.99999803,0.99999803,0.99999803,0.99999803,0.99999803,0.99999934,0.99999803,0.99999803,0.99999803,0.99999803,0.99999803,0.99999803,0.99999803,0.99999803,0.99999803,0.99999803,0.99999803,0.99999803,0.99999803,0.99999803,0.99999803,0.99999803,0.9999995,0.99999803,0.99999803,0.99999803,0.99999803,0.99999803,1.0,0.99999803,0.99999803,0.99999803,0.99999803,0.99999803,0.99999803,0.99999803,0.99999803,0.99999803,0.99999803,0.99999803,0.99999803,0.99999803,0.99999803,0.99999803,0.99999803,0.99999803,0.99999803,0.99999803,0.99999803,0.99999803,0.99999803,0.99999803,0.99999803,0.99999803,0.99999803,0.99999803,0.99999803,0.99999803,0.99999803,0.99999803,0.99999803,0.99999803,0.9999988,0.99999803,0.99999803,0.99999803,0.99999803,0.99999803,0.99999803,0.99999803,0.99999803,0.99999803,0.99999803,0.99999803,0.99999803,0.99999803,0.99999803,0.99999803,0.9999998,0.99999803,0.99999803,0.99999803,0.99999803,0.99999803,0.99999803,0.99999803,1.0,0.99999803,0.99999803,0.99999803,0.99999803,0.99999803,0.99999803,0.99999803,0.99999803,0.99999803,1.0,0.99999803,0.9999978,0.99999803,0.99999803,0.99999803,0.99999803,0.99999803,0.99999803,0.99999803,0.99999803,0.99999803,0.99999803,0.99999803,0.99999803,0.9999998,0.99999803,0.99999803,0.99999803,0.99999803,0.99999803,0.99999803,0.99999803,0.99999803,0.99999803,0.99999803,0.99999803,0.99999803,0.99999803,0.99999803,0.99999803,0.99999803,0.99999803,0.99999803,0.99999803,0.99999803,0.99999803,0.99999803,0.99999803,0.99999803,0.99999803,0.99999803,0.99999803,0.99999803,0.99999803,0.99999803,0.99999803,0.99999803,0.99999803,0.99999803,0.99999803,0.99999803,0.99999803,0.99999803,0.99999803,0.99999803,0.99999803,0.99999803,0.99999803,0.99999803,0.99999803,0.99999803,0.99999803,0.99999803,0.99999803,0.99999803,0.99999803,0.99999803,0.9999964,0.99999803,0.99999803,0.99999803,0.99999803,0.99999803,0.99999803,0.99999803,0.99999803,0.99999803,0.99999803,0.99999803,0.99999994,0.99999803,0.99999803,0.99999803,0.99999803,0.99999803,0.99999803,0.99999803,0.99999803,0.99999803,0.99999803,0.99999803,0.99999803,0.99999803,0.99999803,0.99999803,0.99999756,0.99999803,0.99999803,0.99999803,0.99999803,0.99999803,0.99999803,0.99999803,0.99999803,0.99999803,0.99999803,0.99999803,0.99999803,0.99999803,0.99999803,0.99999905,0.99999803,0.99999803,0.99999803,0.99999803,0.99999803,0.99999803,0.99999803,0.99999803
LSM11_HepG2,1.0,1.0,1.0,1.0,1.0,1.0,0.9999508,1.0,1.0,1.0,1.0,1.0,0.99999964,1.0,1.0,1.0,1.0,1.0,1.0,1.0,1.0,1.0,1.0,1.0,1.0,1.0,1.0,1.0,1.0,0.99999946,1.0,1.0,1.0,1.0,1.0,0.9999981,1.0,1.0,1.0,1.0,1.0,1.0,1.0,1.0,1.0,1.0,1.0,1.0,1.0,1.0,1.0,1.0,1.0,1.0,1.0,1.0,1.0,1.0,1.0,1.0,1.0,1.0,1.0,1.0,1.0,1.0,1.0,1.0,1.0,0.99999374,1.0,1.0,1.0,1.0,1.0,1.0,1.0,1.0,1.0,1.0,1.0,1.0,1.0,1.0,1.0,0.99999905,1.0,1.0,1.0,1.0,1.0,1.0,1.0,0.999998,1.0,1.0,1.0,1.0,1.0,1.0,1.0,1.0,1.0,0.99999803,1.0,0.9999916,1.0,1.0,1.0,1.0,1.0,1.0,1.0,1.0,1.0,1.0,1.0,1.0,0.9999991,1.0,1.0,1.0,1.0,1.0,1.0,1.0,1.0,1.0,1.0,1.0,1.0,1.0,1.0,1.0,1.0,1.0,1.0,1.0,1.0,1.0,1.0,1.0,1.0,1.0,1.0,1.0,1.0,1.0,1.0,1.0,1.0,1.0,1.0,1.0,1.0,1.0,1.0,1.0,1.0,1.0,1.0,1.0,1.0,1.0,1.0,1.0,1.0,1.0,1.0,1.0,1.0,0.99999976,1.0,1.0,1.0,1.0,1.0,1.0,1.0,1.0,1.0,1.0,1.0,0.99999875,1.0,1.0,1.0,1.0,1.0,1.0,1.0,1.0,1.0,1.0,1.0,1.0,1.0,1.0,1.0,0.9999912,1.0,1.0,1.0,1.0,1.0,1.0,1.0,1.0,1.0,1.0,1.0,1.0,1.0,1.0,0.9999998,1.0,1.0,1.0,1.0,1.0,1.0,1.0,1.0
LSM11_K562,0.9999916,0.9999916,0.9999916,0.9999916,0.9999916,0.9999916,0.9999831,0.9999916,0.9999916,0.9999916,0.9999916,0.9999916,0.9999947,0.9999916,0.9999916,0.9999916,0.9999916,0.9999916,0.9999916,0.9999916,0.9999916,0.9999916,0.9999916,0.9999916,0.9999916,0.9999916,0.9999916,0.9999916,0.9999916,0.9999953,0.9999916,0.9999916,0.9999916,0.9999916,0.9999916,0.9999977,0.9999916,0.9999916,0.9999916,0.9999916,0.9999916,0.9999916,0.9999916,0.9999916,0.9999916,0.9999916,0.9999916,0.9999916,0.9999916,0.9999916,0.9999916,0.9999916,0.9999916,0.9999916,0.9999916,0.9999916,0.9999916,0.9999916,0.9999916,0.9999916,0.9999916,0.9999916,0.9999916,0.9999916,0.9999916,0.9999916,0.9999916,0.9999916,0.9999916,0.9999998,0.9999916,0.9999916,0.9999916,0.9999916,0.9999916,0.9999916,0.9999916,0.9999916,0.9999916,0.9999916,0.9999916,0.9999916,0.9999916,0.9999916,0.9999916,0.9999963,0.9999916,0.9999916,0.9999916,0.9999916,0.9999916,0.9999916,0.9999916,0.9999978,0.9999916,0.9999916,0.9999916,0.9999916,0.9999916,0.9999916,0.9999916,0.9999916,0.9999916,0.9999978,0.9999916,1.0,0.9999916,0.9999916,0.9999916,0.9999916,0.9999916,0.9999916,0.9999916,0.9999916,0.9999916,0.9999916,0.9999916,0.9999916,0.99999624,0.9999916,0.9999916,0.9999916,0.9999916,0.9999916,0.9999916,0.9999916,0.9999916,0.9999916,0.9999916,0.9999916,0.9999916,0.9999916,0.9999916,0.9999916,0.9999916,0.9999916,0.9999916,0.9999916,0.9999916,0.9999916,0.9999916,0.9999916,0.9999916,0.9999916,0.9999916,0.9999916,0.9999916,0.9999916,0.9999916,0.9999916,0.9999916,0.9999916,0.9999916,0.9999916,0.9999916,0.9999916,0.9999916,0.9999916,0.9999916,0.9999916,0.9999916,0.9999916,0.9999916,0.9999916,0.9999916,0.9999916,0.9999916,0.9999916,0.9999916,0.9999916,0.9999916,0.9999886,0.9999916,0.9999916,0.9999916,0.9999916,0.9999916,0.9999916,0.9999916,0.9999916,0.9999916,0.9999916,0.9999916,0.9999969,0.9999916,0.9999916,0.9999916,0.9999916,0.9999916,0.9999916,0.9999916,0.9999916,0.9999916,0.9999916,0.9999916,0.9999916,0.9999916,0.9999916,0.9999916,1.0,0.9999916,0.9999916,0.9999916,0.9999916,0.9999916,0.9999916,0.9999916,0.9999916,0.9999916,0.9999916,0.9999916,0.9999916,0.9999916,0.9999916,0.99999386,0.9999916,0.9999916,0.9999916,0.9999916,0.9999916,0.9999916,0.9999916,0.9999916
MATR3_HepG2,1.0,1.0,1.0,1.0,1.0,1.0,0.9999508,1.0,1.0,1.0,1.0,1.0,0.99999964,1.0,1.0,1.0,1.0,1.0,1.0,1.0,1.0,1.0,1.0,1.0,1.0,1.0,1.0,1.0,1.0,0.99999946,1.0,1.0,1.0,1.0,1.0,0.9999981,1.0,1.0,1.0,1.0,1.0,1.0,1.0,1.0,1.0,1.0,1.0,1.0,1.0,1.0,1.0,1.0,1.0,1.0,1.0,1.0,1.0,1.0,1.0,1.0,1.0,1.0,1.0,1.0,1.0,1.0,1.0,1.0,1.0,0.99999374,1.0,1.0,1.0,1.0,1.0,1.0,1.0,1.0,1.0,1.0,1.0,1.0,1.0,1.0,1.0,0.99999905,1.0,1.0,1.0,1.0,1.0,1.0,1.0,0.999998,1.0,1.0,1.0,1.0,1.0,1.0,1.0,1.0,1.0,0.99999803,1.0,0.9999916,1.0,1.0,1.0,1.0,1.0,1.0,1.0,1.0,1.0,1.0,1.0,1.0,0.9999991,1.0,1.0,1.0,1.0,1.0,1.0,1.0,1.0,1.0,1.0,1.0,1.0,1.0,1.0,1.0,1.0,1.0,1.0,1.0,1.0,1.0,1.0,1.0,1.0,1.0,1.0,1.0,1.0,1.0,1.0,1.0,1.0,1.0,1.0,1.0,1.0,1.0,1.0,1.0,1.0,1.0,1.0,1.0,1.0,1.0,1.0,1.0,1.0,1.0,1.0,1.0,1.0,0.99999976,1.0,1.0,1.0,1.0,1.0,1.0,1.0,1.0,1.0,1.0,1.0,0.99999875,1.0,1.0,1.0,1.0,1.0,1.0,1.0,1.0,1.0,1.0,1.0,1.0,1.0,1.0,1.0,0.9999912,1.0,1.0,1.0,1.0,1.0,1.0,1.0,1.0,1.0,1.0,1.0,1.0,1.0,1.0,0.9999998,1.0,1.0,1.0,1.0,1.0,1.0,1.0,1.0
MATR3_K562,1.0,1.0,1.0,1.0,1.0,1.0,0.9999508,1.0,1.0,1.0,1.0,1.0,0.99999964,1.0,1.0,1.0,1.0,1.0,1.0,1.0,1.0,1.0,1.0,1.0,1.0,1.0,1.0,1.0,1.0,0.99999946,1.0,1.0,1.0,1.0,1.0,0.9999981,1.0,1.0,1.0,1.0,1.0,1.0,1.0,1.0,1.0,1.0,1.0,1.0,1.0,1.0,1.0,1.0,1.0,1.0,1.0,1.0,1.0,1.0,1.0,1.0,1.0,1.0,1.0,1.0,1.0,1.0,1.0,1.0,1.0,0.99999374,1.0,1.0,1.0,1.0,1.0,1.0,1.0,1.0,1.0,1.0,1.0,1.0,1.0,1.0,1.0,0.99999905,1.0,1.0,1.0,1.0,1.0,1.0,1.0,0.999998,1.0,1.0,1.0,1.0,1.0,1.0,1.0,1.0,1.0,0.99999803,1.0,0.9999916,1.0,1.0,1.0,1.0,1.0,1.0,1.0,1.0,1.0,1.0,1.0,1.0,0.9999991,1.0,1.0,1.0,1.0,1.0,1.0,1.0,1.0,1.0,1.0,1.0,1.0,1.0,1.0,1.0,1.0,1.0,1.0,1.0,1.0,1.0,1.0,1.0,1.0,1.0,1.0,1.0,1.0,1.0,1.0,1.0,1.0,1.0,1.0,1.0,1.0,1.0,1.0,1.0,1.0,1.0,1.0,1.0,1.0,1.0,1.0,1.0,1.0,1.0,1.0,1.0,1.0,0.99999976,1.0,1.0,1.0,1.0,1.0,1.0,1.0,1.0,1.0,1.0,1.0,0.99999875,1.0,1.0,1.0,1.0,1.0,1.0,1.0,1.0,1.0,1.0,1.0,1.0,1.0,1.0,1.0,0.9999912,1.0,1.0,1.0,1.0,1.0,1.0,1.0,1.0,1.0,1.0,1.0,1.0,1.0,1.0,0.9999998,1.0,1.0,1.0,1.0,1.0,1.0,1.0,1.0
METAP2_K562,1.0,1.0,1.0,1.0,1.0,1.0,0.9999508,1.0,1.0,1.0,1.0,1.0,0.99999964,1.0,1.0,1.0,1.0,1.0,1.0,1.0,1.0,1.0,1.0,1.0,1.0,1.0,1.0,1.0,1.0,0.99999946,1.0,1.0,1.0,1.0,1.0,0.9999981,1.0,1.0,1.0,1.0,1.0,1.0,1.0,1.0,1.0,1.0,1.0,1.0,1.0,1.0,1.0,1.0,1.0,1.0,1.0,1.0,1.0,1.0,1.0,1.0,1.0,1.0,1.0,1.0,1.0,1.0,1.0,1.0,1.0,0.99999374,1.0,1.0,1.0,1.0,1.0,1.0,1.0,1.0,1.0,1.0,1.0,1.0,1.0,1.0,1.0,0.99999905,1.0,1.0,1.0,1.0,1.0,1.0,1.0,0.999998,1.0,1.0,1.0,1.0,1.0,1.0,1.0,1.0,1.0,0.99999803,1.0,0.9999916,1.0,1.0,1.0,1.0,1.0,1.0,1.0,1.0,1.0,1.0,1.0,1.0,0.9999991,1.0,1.0,1.0,1.0,1.0,1.0,1.0,1.0,1.0,1.0,1.0,1.0,1.0,1.0,1.0,1.0,1.0,1.0,1.0,1.0,1.0,1.0,1.0,1.0,1.0,1.0,1.0,1.0,1.0,1.0,1.0,1.0,1.0,1.0,1.0,1.0,1.0,1.0,1.0,1.0,1.0,1.0,1.0,1.0,1.0,1.0,1.0,1.0,1.0,1.0,1.0,1.0,0.99999976,1.0,1.0,1.0,1.0,1.0,1.0,1.0,1.0,1.0,1.0,1.0,0.99999875,1.0,1.0,1.0,1.0,1.0,1.0,1.0,1.0,1.0,1.0,1.0,1.0,1.0,1.0,1.0,0.9999912,1.0,1.0,1.0,1.0,1.0,1.0,1.0,1.0,1.0,1.0,1.0,1.0,1.0,1.0,0.9999998,1.0,1.0,1.0,1.0,1.0,1.0,1.0,1.0
MTPAP_K562,1.0,1.0,1.0,1.0,1.0,1.0,0.9999508,1.0,1.0,1.0,1.0,1.0,0.99999964,1.0,1.0,1.0,1.0,1.0,1.0,1.0,1.0,1.0,1.0,1.0,1.0,1.0,1.0,1.0,1.0,0.99999946,1.0,1.0,1.0,1.0,1.0,0.9999981,1.0,1.0,1.0,1.0,1.0,1.0,1.0,1.0,1.0,1.0,1.0,1.0,1.0,1.0,1.0,1.0,1.0,1.0,1.0,1.0,1.0,1.0,1.0,1.0,1.0,1.0,1.0,1.0,1.0,1.0,1.0,1.0,1.0,0.99999374,1.0,1.0,1.0,1.0,1.0,1.0,1.0,1.0,1.0,1.0,1.0,1.0,1.0,1.0,1.0,0.99999905,1.0,1.0,1.0,1.0,1.0,1.0,1.0,0.999998,1.0,1.0,1.0,1.0,1.0,1.0,1.0,1.0,1.0,0.99999803,1.0,0.9999916,1.0,1.0,1.0,1.0,1.0,1.0,1.0,1.0,1.0,1.0,1.0,1.0,0.9999991,1.0,1.0,1.0,1.0,1.0,1.0,1.0,1.0,1.0,1.0,1.0,1.0,1.0,1.0,1.0,1.0,1.0,1.0,1.0,1.0,1.0,1.0,1.0,1.0,1.0,1.0,1.0,1.0,1.0,1.0,1.0,1.0,1.0,1.0,1.0,1.0,1.0,1.0,1.0,1.0,1.0,1.0,1.0,1.0,1.0,1.0,1.0,1.0,1.0,1.0,1.0,1.0,0.99999976,1.0,1.0,1.0,1.0,1.0,1.0,1.0,1.0,1.0,1.0,1.0,0.99999875,1.0,1.0,1.0,1.0,1.0,1.0,1.0,1.0,1.0,1.0,1.0,1.0,1.0,1.0,1.0,0.9999912,1.0,1.0,1.0,1.0,1.0,1.0,1.0,1.0,1.0,1.0,1.0,1.0,1.0,1.0,0.9999998,1.0,1.0,1.0,1.0,1.0,1.0,1.0,1.0
NCBP2_HepG2,1.0,1.0,1.0,1.0,1.0,1.0,0.9999508,1.0,1.0,1.0,1.0,1.0,0.99999964,1.0,1.0,1.0,1.0,1.0,1.0,1.0,1.0,1.0,1.0,1.0,1.0,1.0,1.0,1.0,1.0,0.99999946,1.0,1.0,1.0,1.0,1.0,0.9999981,1.0,1.0,1.0,1.0,1.0,1.0,1.0,1.0,1.0,1.0,1.0,1.0,1.0,1.0,1.0,1.0,1.0,1.0,1.0,1.0,1.0,1.0,1.0,1.0,1.0,1.0,1.0,1.0,1.0,1.0,1.0,1.0,1.0,0.99999374,1.0,1.0,1.0,1.0,1.0,1.0,1.0,1.0,1.0,1.0,1.0,1.0,1.0,1.0,1.0,0.99999905,1.0,1.0,1.0,1.0,1.0,1.0,1.0,0.999998,1.0,1.0,1.0,1.0,1.0,1.0,1.0,1.0,1.0,0.99999803,1.0,0.9999916,1.0,1.0,1.0,1.0,1.0,1.0,1.0,1.0,1.0,1.0,1.0,1.0,0.9999991,1.0,1.0,1.0,1.0,1.0,1.0,1.0,1.0,1.0,1.0,1.0,1.0,1.0,1.0,1.0,1.0,1.0,1.0,1.0,1.0,1.0,1.0,1.0,1.0,1.0,1.0,1.0,1.0,1.0,1.0,1.0,1.0,1.0,1.0,1.0,1.0,1.0,1.0,1.0,1.0,1.0,1.0,1.0,1.0,1.0,1.0,1.0,1.0,1.0,1.0,1.0,1.0,0.99999976,1.0,1.0,1.0,1.0,1.0,1.0,1.0,1.0,1.0,1.0,1.0,0.99999875,1.0,1.0,1.0,1.0,1.0,1.0,1.0,1.0,1.0,1.0,1.0,1.0,1.0,1.0,1.0,0.9999912,1.0,1.0,1.0,1.0,1.0,1.0,1.0,1.0,1.0,1.0,1.0,1.0,1.0,1.0,0.9999998,1.0,1.0,1.0,1.0,1.0,1.0,1.0,1.0
NCBP2_K562,1.0,1.0,1.0,1.0,1.0,1.0,0.9999508,1.0,1.0,1.0,1.0,1.0,0.99999964,1.0,1.0,1.0,1.0,1.0,1.0,1.0,1.0,1.0,1.0,1.0,1.0,1.0,1.0,1.0,1.0,0.99999946,1.0,1.0,1.0,1.0,1.0,0.9999981,1.0,1.0,1.0,1.0,1.0,1.0,1.0,1.0,1.0,1.0,1.0,1.0,1.0,1.0,1.0,1.0,1.0,1.0,1.0,1.0,1.0,1.0,1.0,1.0,1.0,1.0,1.0,1.0,1.0,1.0,1.0,1.0,1.0,0.99999374,1.0,1.0,1.0,1.0,1.0,1.0,1.0,1.0,1.0,1.0,1.0,1.0,1.0,1.0,1.0,0.99999905,1.0,1.0,1.0,1.0,1.0,1.0,1.0,0.999998,1.0,1.0,1.0,1.0,1.0,1.0,1.0,1.0,1.0,0.99999803,1.0,0.9999916,1.0,1.0,1.0,1.0,1.0,1.0,1.0,1.0,1.0,1.0,1.0,1.0,0.9999991,1.0,1.0,1.0,1.0,1.0,1.0,1.0,1.0,1.0,1.0,1.0,1.0,1.0,1.0,1.0,1.0,1.0,1.0,1.0,1.0,1.0,1.0,1.0,1.0,1.0,1.0,1.0,1.0,1.0,1.0,1.0,1.0,1.0,1.0,1.0,1.0,1.0,1.0,1.0,1.0,1.0,1.0,1.0,1.0,1.0,1.0,1.0,1.0,1.0,1.0,1.0,1.0,0.99999976,1.0,1.0,1.0,1.0,1.0,1.0,1.0,1.0,1.0,1.0,1.0,0.99999875,1.0,1.0,1.0,1.0,1.0,1.0,1.0,1.0,1.0,1.0,1.0,1.0,1.0,1.0,1.0,0.9999912,1.0,1.0,1.0,1.0,1.0,1.0,1.0,1.0,1.0,1.0,1.0,1.0,1.0,1.0,0.9999998,1.0,1.0,1.0,1.0,1.0,1.0,1.0,1.0
NIP7_HepG2,1.0,1.0,1.0,1.0,1.0,1.0,0.9999508,1.0,1.0,1.0,1.0,1.0,0.99999964,1.0,1.0,1.0,1.0,1.0,1.0,1.0,1.0,1.0,1.0,1.0,1.0,1.0,1.0,1.0,1.0,0.99999946,1.0,1.0,1.0,1.0,1.0,0.9999981,1.0,1.0,1.0,1.0,1.0,1.0,1.0,1.0,1.0,1.0,1.0,1.0,1.0,1.0,1.0,1.0,1.0,1.0,1.0,1.0,1.0,1.0,1.0,1.0,1.0,1.0,1.0,1.0,1.0,1.0,1.0,1.0,1.0,0.99999374,1.0,1.0,1.0,1.0,1.0,1.0,1.0,1.0,1.0,1.0,1.0,1.0,1.0,1.0,1.0,0.99999905,1.0,1.0,1.0,1.0,1.0,1.0,1.0,0.999998,1.0,1.0,1.0,1.0,1.0,1.0,1.0,1.0,1.0,0.99999803,1.0,0.9999916,1.0,1.0,1.0,1.0,1.0,1.0,1.0,1.0,1.0,1.0,1.0,1.0,0.9999991,1.0,1.0,1.0,1.0,1.0,1.0,1.0,1.0,1.0,1.0,1.0,1.0,1.0,1.0,1.0,1.0,1.0,1.0,1.0,1.0,1.0,1.0,1.0,1.0,1.0,1.0,1.0,1.0,1.0,1.0,1.0,1.0,1.0,1.0,1.0,1.0,1.0,1.0,1.0,1.0,1.0,1.0,1.0,1.0,1.0,1.0,1.0,1.0,1.0,1.0,1.0,1.0,0.99999976,1.0,1.0,1.0,1.0,1.0,1.0,1.0,1.0,1.0,1.0,1.0,0.99999875,1.0,1.0,1.0,1.0,1.0,1.0,1.0,1.0,1.0,1.0,1.0,1.0,1.0,1.0,1.0,0.9999912,1.0,1.0,1.0,1.0,1.0,1.0,1.0,1.0,1.0,1.0,1.0,1.0,1.0,1.0,0.9999998,1.0,1.0,1.0,1.0,1.0,1.0,1.0,1.0
NIPBL_K562,1.0,1.0,1.0,1.0,1.0,1.0,0.9999508,1.0,1.0,1.0,1.0,1.0,0.99999964,1.0,1.0,1.0,1.0,1.0,1.0,1.0,1.0,1.0,1.0,1.0,1.0,1.0,1.0,1.0,1.0,0.99999946,1.0,1.0,1.0,1.0,1.0,0.9999981,1.0,1.0,1.0,1.0,1.0,1.0,1.0,1.0,1.0,1.0,1.0,1.0,1.0,1.0,1.0,1.0,1.0,1.0,1.0,1.0,1.0,1.0,1.0,1.0,1.0,1.0,1.0,1.0,1.0,1.0,1.0,1.0,1.0,0.99999374,1.0,1.0,1.0,1.0,1.0,1.0,1.0,1.0,1.0,1.0,1.0,1.0,1.0,1.0,1.0,0.99999905,1.0,1.0,1.0,1.0,1.0,1.0,1.0,0.999998,1.0,1.0,1.0,1.0,1.0,1.0,1.0,1.0,1.0,0.99999803,1.0,0.9999916,1.0,1.0,1.0,1.0,1.0,1.0,1.0,1.0,1.0,1.0,1.0,1.0,0.9999991,1.0,1.0,1.0,1.0,1.0,1.0,1.0,1.0,1.0,1.0,1.0,1.0,1.0,1.0,1.0,1.0,1.0,1.0,1.0,1.0,1.0,1.0,1.0,1.0,1.0,1.0,1.0,1.0,1.0,1.0,1.0,1.0,1.0,1.0,1.0,1.0,1.0,1.0,1.0,1.0,1.0,1.0,1.0,1.0,1.0,1.0,1.0,1.0,1.0,1.0,1.0,1.0,0.99999976,1.0,1.0,1.0,1.0,1.0,1.0,1.0,1.0,1.0,1.0,1.0,0.99999875,1.0,1.0,1.0,1.0,1.0,1.0,1.0,1.0,1.0,1.0,1.0,1.0,1.0,1.0,1.0,0.9999912,1.0,1.0,1.0,1.0,1.0,1.0,1.0,1.0,1.0,1.0,1.0,1.0,1.0,1.0,0.9999998,1.0,1.0,1.0,1.0,1.0,1.0,1.0,1.0
NKRF_HepG2,1.0,1.0,1.0,1.0,1.0,1.0,0.9999508,1.0,1.0,1.0,1.0,1.0,0.99999964,1.0,1.0,1.0,1.0,1.0,1.0,1.0,1.0,1.0,1.0,1.0,1.0,1.0,1.0,1.0,1.0,0.99999946,1.0,1.0,1.0,1.0,1.0,0.9999981,1.0,1.0,1.0,1.0,1.0,1.0,1.0,1.0,1.0,1.0,1.0,1.0,1.0,1.0,1.0,1.0,1.0,1.0,1.0,1.0,1.0,1.0,1.0,1.0,1.0,1.0,1.0,1.0,1.0,1.0,1.0,1.0,1.0,0.99999374,1.0,1.0,1.0,1.0,1.0,1.0,1.0,1.0,1.0,1.0,1.0,1.0,1.0,1.0,1.0,0.99999905,1.0,1.0,1.0,1.0,1.0,1.0,1.0,0.999998,1.0,1.0,1.0,1.0,1.0,1.0,1.0,1.0,1.0,0.99999803,1.0,0.9999916,1.0,1.0,1.0,1.0,1.0,1.0,1.0,1.0,1.0,1.0,1.0,1.0,0.9999991,1.0,1.0,1.0,1.0,1.0,1.0,1.0,1.0,1.0,1.0,1.0,1.0,1.0,1.0,1.0,1.0,1.0,1.0,1.0,1.0,1.0,1.0,1.0,1.0,1.0,1.0,1.0,1.0,1.0,1.0,1.0,1.0,1.0,1.0,1.0,1.0,1.0,1.0,1.0,1.0,1.0,1.0,1.0,1.0,1.0,1.0,1.0,1.0,1.0,1.0,1.0,1.0,0.99999976,1.0,1.0,1.0,1.0,1.0,1.0,1.0,1.0,1.0,1.0,1.0,0.99999875,1.0,1.0,1.0,1.0,1.0,1.0,1.0,1.0,1.0,1.0,1.0,1.0,1.0,1.0,1.0,0.9999912,1.0,1.0,1.0,1.0,1.0,1.0,1.0,1.0,1.0,1.0,1.0,1.0,1.0,1.0,0.9999998,1.0,1.0,1.0,1.0,1.0,1.0,1.0,1.0
NOL12_HepG2,1.0,1.0,1.0,1.0,1.0,1.0,0.9999508,1.0,1.0,1.0,1.0,1.0,0.99999964,1.0,1.0,1.0,1.0,1.0,1.0,1.0,1.0,1.0,1.0,1.0,1.0,1.0,1.0,1.0,1.0,0.99999946,1.0,1.0,1.0,1.0,1.0,0.9999981,1.0,1.0,1.0,1.0,1.0,1.0,1.0,1.0,1.0,1.0,1.0,1.0,1.0,1.0,1.0,1.0,1.0,1.0,1.0,1.0,1.0,1.0,1.0,1.0,1.0,1.0,1.0,1.0,1.0,1.0,1.0,1.0,1.0,0.99999374,1.0,1.0,1.0,1.0,1.0,1.0,1.0,1.0,1.0,1.0,1.0,1.0,1.0,1.0,1.0,0.99999905,1.0,1.0,1.0,1.0,1.0,1.0,1.0,0.999998,1.0,1.0,1.0,1.0,1.0,1.0,1.0,1.0,1.0,0.99999803,1.0,0.9999916,1.0,1.0,1.0,1.0,1.0,1.0,1.0,1.0,1.0,1.0,1.0,1.0,0.9999991,1.0,1.0,1.0,1.0,1.0,1.0,1.0,1.0,1.0,1.0,1.0,1.0,1.0,1.0,1.0,1.0,1.0,1.0,1.0,1.0,1.0,1.0,1.0,1.0,1.0,1.0,1.0,1.0,1.0,1.0,1.0,1.0,1.0,1.0,1.0,1.0,1.0,1.0,1.0,1.0,1.0,1.0,1.0,1.0,1.0,1.0,1.0,1.0,1.0,1.0,1.0,1.0,0.99999976,1.0,1.0,1.0,1.0,1.0,1.0,1.0,1.0,1.0,1.0,1.0,0.99999875,1.0,1.0,1.0,1.0,1.0,1.0,1.0,1.0,1.0,1.0,1.0,1.0,1.0,1.0,1.0,0.9999912,1.0,1.0,1.0,1.0,1.0,1.0,1.0,1.0,1.0,1.0,1.0,1.0,1.0,1.0,0.9999998,1.0,1.0,1.0,1.0,1.0,1.0,1.0,1.0
NOLC1_HepG2,1.0,1.0,1.0,1.0,1.0,1.0,0.9999508,1.0,1.0,1.0,1.0,1.0,0.99999964,1.0,1.0,1.0,1.0,1.0,1.0,1.0,1.0,1.0,1.0,1.0,1.0,1.0,1.0,1.0,1.0,0.99999946,1.0,1.0,1.0,1.0,1.0,0.9999981,1.0,1.0,1.0,1.0,1.0,1.0,1.0,1.0,1.0,1.0,1.0,1.0,1.0,1.0,1.0,1.0,1.0,1.0,1.0,1.0,1.0,1.0,1.0,1.0,1.0,1.0,1.0,1.0,1.0,1.0,1.0,1.0,1.0,0.99999374,1.0,1.0,1.0,1.0,1.0,1.0,1.0,1.0,1.0,1.0,1.0,1.0,1.0,1.0,1.0,0.99999905,1.0,1.0,1.0,1.0,1.0,1.0,1.0,0.999998,1.0,1.0,1.0,1.0,1.0,1.0,1.0,1.0,1.0,0.99999803,1.0,0.9999916,1.0,1.0,1.0,1.0,1.0,1.0,1.0,1.0,1.0,1.0,1.0,1.0,0.9999991,1.0,1.0,1.0,1.0,1.0,1.0,1.0,1.0,1.0,1.0,1.0,1.0,1.0,1.0,1.0,1.0,1.0,1.0,1.0,1.0,1.0,1.0,1.0,1.0,1.0,1.0,1.0,1.0,1.0,1.0,1.0,1.0,1.0,1.0,1.0,1.0,1.0,1.0,1.0,1.0,1.0,1.0,1.0,1.0,1.0,1.0,1.0,1.0,1.0,1.0,1.0,1.0,0.99999976,1.0,1.0,1.0,1.0,1.0,1.0,1.0,1.0,1.0,1.0,1.0,0.99999875,1.0,1.0,1.0,1.0,1.0,1.0,1.0,1.0,1.0,1.0,1.0,1.0,1.0,1.0,1.0,0.9999912,1.0,1.0,1.0,1.0,1.0,1.0,1.0,1.0,1.0,1.0,1.0,1.0,1.0,1.0,0.9999998,1.0,1.0,1.0,1.0,1.0,1.0,1.0,1.0
NOLC1_K562,1.0,1.0,1.0,1.0,1.0,1.0,0.9999508,1.0,1.0,1.0,1.0,1.0,0.99999964,1.0,1.0,1.0,1.0,1.0,1.0,1.0,1.0,1.0,1.0,1.0,1.0,1.0,1.0,1.0,1.0,0.99999946,1.0,1.0,1.0,1.0,1.0,0.9999981,1.0,1.0,1.0,1.0,1.0,1.0,1.0,1.0,1.0,1.0,1.0,1.0,1.0,1.0,1.0,1.0,1.0,1.0,1.0,1.0,1.0,1.0,1.0,1.0,1.0,1.0,1.0,1.0,1.0,1.0,1.0,1.0,1.0,0.99999374,1.0,1.0,1.0,1.0,1.0,1.0,1.0,1.0,1.0,1.0,1.0,1.0,1.0,1.0,1.0,0.99999905,1.0,1.0,1.0,1.0,1.0,1.0,1.0,0.999998,1.0,1.0,1.0,1.0,1.0,1.0,1.0,1.0,1.0,0.99999803,1.0,0.9999916,1.0,1.0,1.0,1.0,1.0,1.0,1.0,1.0,1.0,1.0,1.0,1.0,0.9999991,1.0,1.0,1.0,1.0,1.0,1.0,1.0,1.0,1.0,1.0,1.0,1.0,1.0,1.0,1.0,1.0,1.0,1.0,1.0,1.0,1.0,1.0,1.0,1.0,1.0,1.0,1.0,1.0,1.0,1.0,1.0,1.0,1.0,1.0,1.0,1.0,1.0,1.0,1.0,1.0,1.0,1.0,1.0,1.0,1.0,1.0,1.0,1.0,1.0,1.0,1.0,1.0,0.99999976,1.0,1.0,1.0,1.0,1.0,1.0,1.0,1.0,1.0,1.0,1.0,0.99999875,1.0,1.0,1.0,1.0,1.0,1.0,1.0,1.0,1.0,1.0,1.0,1.0,1.0,1.0,1.0,0.9999912,1.0,1.0,1.0,1.0,1.0,1.0,1.0,1.0,1.0,1.0,1.0,1.0,1.0,1.0,0.9999998,1.0,1.0,1.0,1.0,1.0,1.0,1.0,1.0
NONO_K562,0.9999991,0.9999991,0.9999991,0.9999991,0.9999991,0.9999991,0.99996334,0.9999991,0.9999991,0.9999991,0.9999991,0.9999991,0.9999999,0.9999991,0.9999991,0.9999991,0.9999991,0.9999991,0.9999991,0.9999991,0.9999991,0.9999991,0.9999991,0.9999991,0.9999991,0.9999991,0.9999991,0.9999991,0.9999991,0.99999994,0.9999991,0.9999991,0.9999991,0.9999991,0.9999991,0.9999998,0.9999991,0.9999991,0.9999991,0.9999991,0.9999991,0.9999991,0.9999991,0.9999991,0.9999991,0.9999991,0.9999991,0.9999991,0.9999991,0.9999991,0.9999991,0.9999991,0.9999991,0.9999991,0.9999991,0.9999991,0.9999991,0.9999991,0.9999991,0.9999991,0.9999991,0.9999991,0.9999991,0.9999991,0.9999991,0.9999991,0.9999991,0.9999991,0.9999991,0.9999976,0.9999991,0.9999991,0.9999991,0.9999991,0.9999991,0.9999991,0.9999991,0.9999991,0.9999991,0.9999991,0.9999991,0.9999991,0.9999991,0.9999991,0.9999991,1.0,0.9999991,0.9999991,0.9999991,0.9999991,0.9999991,0.9999991,0.9999991,0.99999976,0.9999991,0.9999991,0.9999991,0.9999991,0.9999991,0.9999991,0.9999991,0.9999991,0.9999991,0.9999998,0.9999991,0.99999624,0.9999991,0.9999991,0.9999991,0.9999991,0.9999991,0.9999991,0.9999991,0.9999991,0.9999991,0.9999991,0.9999991,0.9999991,1.0,0.9999991,0.9999991,0.9999991,0.9999991,0.9999991,0.9999991,0.9999991,0.9999991,0.9999991,0.9999991,0.9999991,0.9999991,0.9999991,0.9999991,0.9999991,0.9999991,0.9999991,0.9999991,0.9999991,0.9999991,0.9999991,0.9999991,0.9999991,0.9999991,0.9999991,0.9999991,0.9999991,0.9999991,0.9999991,0.9999991,0.9999991,0.9999991,0.9999991,0.9999991,0.9999991,0.9999991,0.9999991,0.9999991,0.9999991,0.9999991,0.9999991,0.9999991,0.9999991,0.9999991,0.9999991,0.9999991,0.9999991,0.9999991,0.9999991,0.9999991,0.9999991,0.9999991,0.999998,0.9999991,0.9999991,0.9999991,0.9999991,0.9999991,0.9999991,0.9999991,0.9999991,0.9999991,0.9999991,0.9999991,0.99999994,0.9999991,0.9999991,0.9999991,0.9999991,0.9999991,0.9999991,0.9999991,0.9999991,0.9999991,0.9999991,0.9999991,0.9999991,0.9999991,0.9999991,0.9999991,0.99999595,0.9999991,0.9999991,0.9999991,0.9999991,0.9999991,0.9999991,0.9999991,0.9999991,0.9999991,0.9999991,0.9999991,0.9999991,0.9999991,0.9999991,0.9999997,0.9999991,0.9999991,0.9999991,0.9999991,0.9999991,0.9999991,0.9999991,0.9999991
NPM1_K562,1.0,1.0,1.0,1.0,1.0,1.0,0.9999508,1.0,1.0,1.0,1.0,1.0,0.99999964,1.0,1.0,1.0,1.0,1.0,1.0,1.0,1.0,1.0,1.0,1.0,1.0,1.0,1.0,1.0,1.0,0.99999946,1.0,1.0,1.0,1.0,1.0,0.9999981,1.0,1.0,1.0,1.0,1.0,1.0,1.0,1.0,1.0,1.0,1.0,1.0,1.0,1.0,1.0,1.0,1.0,1.0,1.0,1.0,1.0,1.0,1.0,1.0,1.0,1.0,1.0,1.0,1.0,1.0,1.0,1.0,1.0,0.99999374,1.0,1.0,1.0,1.0,1.0,1.0,1.0,1.0,1.0,1.0,1.0,1.0,1.0,1.0,1.0,0.99999905,1.0,1.0,1.0,1.0,1.0,1.0,1.0,0.999998,1.0,1.0,1.0,1.0,1.0,1.0,1.0,1.0,1.0,0.99999803,1.0,0.9999916,1.0,1.0,1.0,1.0,1.0,1.0,1.0,1.0,1.0,1.0,1.0,1.0,0.9999991,1.0,1.0,1.0,1.0,1.0,1.0,1.0,1.0,1.0,1.0,1.0,1.0,1.0,1.0,1.0,1.0,1.0,1.0,1.0,1.0,1.0,1.0,1.0,1.0,1.0,1.0,1.0,1.0,1.0,1.0,1.0,1.0,1.0,1.0,1.0,1.0,1.0,1.0,1.0,1.0,1.0,1.0,1.0,1.0,1.0,1.0,1.0,1.0,1.0,1.0,1.0,1.0,0.99999976,1.0,1.0,1.0,1.0,1.0,1.0,1.0,1.0,1.0,1.0,1.0,0.99999875,1.0,1.0,1.0,1.0,1.0,1.0,1.0,1.0,1.0,1.0,1.0,1.0,1.0,1.0,1.0,0.9999912,1.0,1.0,1.0,1.0,1.0,1.0,1.0,1.0,1.0,1.0,1.0,1.0,1.0,1.0,0.9999998,1.0,1.0,1.0,1.0,1.0,1.0,1.0,1.0
NSUN2_K562,1.0,1.0,1.0,1.0,1.0,1.0,0.9999508,1.0,1.0,1.0,1.0,1.0,0.99999964,1.0,1.0,1.0,1.0,1.0,1.0,1.0,1.0,1.0,1.0,1.0,1.0,1.0,1.0,1.0,1.0,0.99999946,1.0,1.0,1.0,1.0,1.0,0.9999981,1.0,1.0,1.0,1.0,1.0,1.0,1.0,1.0,1.0,1.0,1.0,1.0,1.0,1.0,1.0,1.0,1.0,1.0,1.0,1.0,1.0,1.0,1.0,1.0,1.0,1.0,1.0,1.0,1.0,1.0,1.0,1.0,1.0,0.99999374,1.0,1.0,1.0,1.0,1.0,1.0,1.0,1.0,1.0,1.0,1.0,1.0,1.0,1.0,1.0,0.99999905,1.0,1.0,1.0,1.0,1.0,1.0,1.0,0.999998,1.0,1.0,1.0,1.0,1.0,1.0,1.0,1.0,1.0,0.99999803,1.0,0.9999916,1.0,1.0,1.0,1.0,1.0,1.0,1.0,1.0,1.0,1.0,1.0,1.0,0.9999991,1.0,1.0,1.0,1.0,1.0,1.0,1.0,1.0,1.0,1.0,1.0,1.0,1.0,1.0,1.0,1.0,1.0,1.0,1.0,1.0,1.0,1.0,1.0,1.0,1.0,1.0,1.0,1.0,1.0,1.0,1.0,1.0,1.0,1.0,1.0,1.0,1.0,1.0,1.0,1.0,1.0,1.0,1.0,1.0,1.0,1.0,1.0,1.0,1.0,1.0,1.0,1.0,0.99999976,1.0,1.0,1.0,1.0,1.0,1.0,1.0,1.0,1.0,1.0,1.0,0.99999875,1.0,1.0,1.0,1.0,1.0,1.0,1.0,1.0,1.0,1.0,1.0,1.0,1.0,1.0,1.0,0.9999912,1.0,1.0,1.0,1.0,1.0,1.0,1.0,1.0,1.0,1.0,1.0,1.0,1.0,1.0,0.9999998,1.0,1.0,1.0,1.0,1.0,1.0,1.0,1.0
PABPC4_K562,1.0,1.0,1.0,1.0,1.0,1.0,0.9999508,1.0,1.0,1.0,1.0,1.0,0.99999964,1.0,1.0,1.0,1.0,1.0,1.0,1.0,1.0,1.0,1.0,1.0,1.0,1.0,1.0,1.0,1.0,0.99999946,1.0,1.0,1.0,1.0,1.0,0.9999981,1.0,1.0,1.0,1.0,1.0,1.0,1.0,1.0,1.0,1.0,1.0,1.0,1.0,1.0,1.0,1.0,1.0,1.0,1.0,1.0,1.0,1.0,1.0,1.0,1.0,1.0,1.0,1.0,1.0,1.0,1.0,1.0,1.0,0.99999374,1.0,1.0,1.0,1.0,1.0,1.0,1.0,1.0,1.0,1.0,1.0,1.0,1.0,1.0,1.0,0.99999905,1.0,1.0,1.0,1.0,1.0,1.0,1.0,0.999998,1.0,1.0,1.0,1.0,1.0,1.0,1.0,1.0,1.0,0.99999803,1.0,0.9999916,1.0,1.0,1.0,1.0,1.0,1.0,1.0,1.0,1.0,1.0,1.0,1.0,0.9999991,1.0,1.0,1.0,1.0,1.0,1.0,1.0,1.0,1.0,1.0,1.0,1.0,1.0,1.0,1.0,1.0,1.0,1.0,1.0,1.0,1.0,1.0,1.0,1.0,1.0,1.0,1.0,1.0,1.0,1.0,1.0,1.0,1.0,1.0,1.0,1.0,1.0,1.0,1.0,1.0,1.0,1.0,1.0,1.0,1.0,1.0,1.0,1.0,1.0,1.0,1.0,1.0,0.99999976,1.0,1.0,1.0,1.0,1.0,1.0,1.0,1.0,1.0,1.0,1.0,0.99999875,1.0,1.0,1.0,1.0,1.0,1.0,1.0,1.0,1.0,1.0,1.0,1.0,1.0,1.0,1.0,0.9999912,1.0,1.0,1.0,1.0,1.0,1.0,1.0,1.0,1.0,1.0,1.0,1.0,1.0,1.0,0.9999998,1.0,1.0,1.0,1.0,1.0,1.0,1.0,1.0
PABPN1_HepG2,1.0,1.0,1.0,1.0,1.0,1.0,0.9999508,1.0,1.0,1.0,1.0,1.0,0.99999964,1.0,1.0,1.0,1.0,1.0,1.0,1.0,1.0,1.0,1.0,1.0,1.0,1.0,1.0,1.0,1.0,0.99999946,1.0,1.0,1.0,1.0,1.0,0.9999981,1.0,1.0,1.0,1.0,1.0,1.0,1.0,1.0,1.0,1.0,1.0,1.0,1.0,1.0,1.0,1.0,1.0,1.0,1.0,1.0,1.0,1.0,1.0,1.0,1.0,1.0,1.0,1.0,1.0,1.0,1.0,1.0,1.0,0.99999374,1.0,1.0,1.0,1.0,1.0,1.0,1.0,1.0,1.0,1.0,1.0,1.0,1.0,1.0,1.0,0.99999905,1.0,1.0,1.0,1.0,1.0,1.0,1.0,0.999998,1.0,1.0,1.0,1.0,1.0,1.0,1.0,1.0,1.0,0.99999803,1.0,0.9999916,1.0,1.0,1.0,1.0,1.0,1.0,1.0,1.0,1.0,1.0,1.0,1.0,0.9999991,1.0,1.0,1.0,1.0,1.0,1.0,1.0,1.0,1.0,1.0,1.0,1.0,1.0,1.0,1.0,1.0,1.0,1.0,1.0,1.0,1.0,1.0,1.0,1.0,1.0,1.0,1.0,1.0,1.0,1.0,1.0,1.0,1.0,1.0,1.0,1.0,1.0,1.0,1.0,1.0,1.0,1.0,1.0,1.0,1.0,1.0,1.0,1.0,1.0,1.0,1.0,1.0,0.99999976,1.0,1.0,1.0,1.0,1.0,1.0,1.0,1.0,1.0,1.0,1.0,0.99999875,1.0,1.0,1.0,1.0,1.0,1.0,1.0,1.0,1.0,1.0,1.0,1.0,1.0,1.0,1.0,0.9999912,1.0,1.0,1.0,1.0,1.0,1.0,1.0,1.0,1.0,1.0,1.0,1.0,1.0,1.0,0.9999998,1.0,1.0,1.0,1.0,1.0,1.0,1.0,1.0
PCBP1_HepG2,1.0,1.0,1.0,1.0,1.0,1.0,0.9999508,1.0,1.0,1.0,1.0,1.0,0.99999964,1.0,1.0,1.0,1.0,1.0,1.0,1.0,1.0,1.0,1.0,1.0,1.0,1.0,1.0,1.0,1.0,0.99999946,1.0,1.0,1.0,1.0,1.0,0.9999981,1.0,1.0,1.0,1.0,1.0,1.0,1.0,1.0,1.0,1.0,1.0,1.0,1.0,1.0,1.0,1.0,1.0,1.0,1.0,1.0,1.0,1.0,1.0,1.0,1.0,1.0,1.0,1.0,1.0,1.0,1.0,1.0,1.0,0.99999374,1.0,1.0,1.0,1.0,1.0,1.0,1.0,1.0,1.0,1.0,1.0,1.0,1.0,1.0,1.0,0.99999905,1.0,1.0,1.0,1.0,1.0,1.0,1.0,0.999998,1.0,1.0,1.0,1.0,1.0,1.0,1.0,1.0,1.0,0.99999803,1.0,0.9999916,1.0,1.0,1.0,1.0,1.0,1.0,1.0,1.0,1.0,1.0,1.0,1.0,0.9999991,1.0,1.0,1.0,1.0,1.0,1.0,1.0,1.0,1.0,1.0,1.0,1.0,1.0,1.0,1.0,1.0,1.0,1.0,1.0,1.0,1.0,1.0,1.0,1.0,1.0,1.0,1.0,1.0,1.0,1.0,1.0,1.0,1.0,1.0,1.0,1.0,1.0,1.0,1.0,1.0,1.0,1.0,1.0,1.0,1.0,1.0,1.0,1.0,1.0,1.0,1.0,1.0,0.99999976,1.0,1.0,1.0,1.0,1.0,1.0,1.0,1.0,1.0,1.0,1.0,0.99999875,1.0,1.0,1.0,1.0,1.0,1.0,1.0,1.0,1.0,1.0,1.0,1.0,1.0,1.0,1.0,0.9999912,1.0,1.0,1.0,1.0,1.0,1.0,1.0,1.0,1.0,1.0,1.0,1.0,1.0,1.0,0.9999998,1.0,1.0,1.0,1.0,1.0,1.0,1.0,1.0
PCBP1_K562,1.0,1.0,1.0,1.0,1.0,1.0,0.9999508,1.0,1.0,1.0,1.0,1.0,0.99999964,1.0,1.0,1.0,1.0,1.0,1.0,1.0,1.0,1.0,1.0,1.0,1.0,1.0,1.0,1.0,1.0,0.99999946,1.0,1.0,1.0,1.0,1.0,0.9999981,1.0,1.0,1.0,1.0,1.0,1.0,1.0,1.0,1.0,1.0,1.0,1.0,1.0,1.0,1.0,1.0,1.0,1.0,1.0,1.0,1.0,1.0,1.0,1.0,1.0,1.0,1.0,1.0,1.0,1.0,1.0,1.0,1.0,0.99999374,1.0,1.0,1.0,1.0,1.0,1.0,1.0,1.0,1.0,1.0,1.0,1.0,1.0,1.0,1.0,0.99999905,1.0,1.0,1.0,1.0,1.0,1.0,1.0,0.999998,1.0,1.0,1.0,1.0,1.0,1.0,1.0,1.0,1.0,0.99999803,1.0,0.9999916,1.0,1.0,1.0,1.0,1.0,1.0,1.0,1.0,1.0,1.0,1.0,1.0,0.9999991,1.0,1.0,1.0,1.0,1.0,1.0,1.0,1.0,1.0,1.0,1.0,1.0,1.0,1.0,1.0,1.0,1.0,1.0,1.0,1.0,1.0,1.0,1.0,1.0,1.0,1.0,1.0,1.0,1.0,1.0,1.0,1.0,1.0,1.0,1.0,1.0,1.0,1.0,1.0,1.0,1.0,1.0,1.0,1.0,1.0,1.0,1.0,1.0,1.0,1.0,1.0,1.0,0.99999976,1.0,1.0,1.0,1.0,1.0,1.0,1.0,1.0,1.0,1.0,1.0,0.99999875,1.0,1.0,1.0,1.0,1.0,1.0,1.0,1.0,1.0,1.0,1.0,1.0,1.0,1.0,1.0,0.9999912,1.0,1.0,1.0,1.0,1.0,1.0,1.0,1.0,1.0,1.0,1.0,1.0,1.0,1.0,0.9999998,1.0,1.0,1.0,1.0,1.0,1.0,1.0,1.0
PCBP2_HepG2,1.0,1.0,1.0,1.0,1.0,1.0,0.9999508,1.0,1.0,1.0,1.0,1.0,0.99999964,1.0,1.0,1.0,1.0,1.0,1.0,1.0,1.0,1.0,1.0,1.0,1.0,1.0,1.0,1.0,1.0,0.99999946,1.0,1.0,1.0,1.0,1.0,0.9999981,1.0,1.0,1.0,1.0,1.0,1.0,1.0,1.0,1.0,1.0,1.0,1.0,1.0,1.0,1.0,1.0,1.0,1.0,1.0,1.0,1.0,1.0,1.0,1.0,1.0,1.0,1.0,1.0,1.0,1.0,1.0,1.0,1.0,0.99999374,1.0,1.0,1.0,1.0,1.0,1.0,1.0,1.0,1.0,1.0,1.0,1.0,1.0,1.0,1.0,0.99999905,1.0,1.0,1.0,1.0,1.0,1.0,1.0,0.999998,1.0,1.0,1.0,1.0,1.0,1.0,1.0,1.0,1.0,0.99999803,1.0,0.9999916,1.0,1.0,1.0,1.0,1.0,1.0,1.0,1.0,1.0,1.0,1.0,1.0,0.9999991,1.0,1.0,1.0,1.0,1.0,1.0,1.0,1.0,1.0,1.0,1.0,1.0,1.0,1.0,1.0,1.0,1.0,1.0,1.0,1.0,1.0,1.0,1.0,1.0,1.0,1.0,1.0,1.0,1.0,1.0,1.0,1.0,1.0,1.0,1.0,1.0,1.0,1.0,1.0,1.0,1.0,1.0,1.0,1.0,1.0,1.0,1.0,1.0,1.0,1.0,1.0,1.0,0.99999976,1.0,1.0,1.0,1.0,1.0,1.0,1.0,1.0,1.0,1.0,1.0,0.99999875,1.0,1.0,1.0,1.0,1.0,1.0,1.0,1.0,1.0,1.0,1.0,1.0,1.0,1.0,1.0,0.9999912,1.0,1.0,1.0,1.0,1.0,1.0,1.0,1.0,1.0,1.0,1.0,1.0,1.0,1.0,0.9999998,1.0,1.0,1.0,1.0,1.0,1.0,1.0,1.0
PHF6_K562,1.0,1.0,1.0,1.0,1.0,1.0,0.9999508,1.0,1.0,1.0,1.0,1.0,0.99999964,1.0,1.0,1.0,1.0,1.0,1.0,1.0,1.0,1.0,1.0,1.0,1.0,1.0,1.0,1.0,1.0,0.99999946,1.0,1.0,1.0,1.0,1.0,0.9999981,1.0,1.0,1.0,1.0,1.0,1.0,1.0,1.0,1.0,1.0,1.0,1.0,1.0,1.0,1.0,1.0,1.0,1.0,1.0,1.0,1.0,1.0,1.0,1.0,1.0,1.0,1.0,1.0,1.0,1.0,1.0,1.0,1.0,0.99999374,1.0,1.0,1.0,1.0,1.0,1.0,1.0,1.0,1.0,1.0,1.0,1.0,1.0,1.0,1.0,0.99999905,1.0,1.0,1.0,1.0,1.0,1.0,1.0,0.999998,1.0,1.0,1.0,1.0,1.0,1.0,1.0,1.0,1.0,0.99999803,1.0,0.9999916,1.0,1.0,1.0,1.0,1.0,1.0,1.0,1.0,1.0,1.0,1.0,1.0,0.9999991,1.0,1.0,1.0,1.0,1.0,1.0,1.0,1.0,1.0,1.0,1.0,1.0,1.0,1.0,1.0,1.0,1.0,1.0,1.0,1.0,1.0,1.0,1.0,1.0,1.0,1.0,1.0,1.0,1.0,1.0,1.0,1.0,1.0,1.0,1.0,1.0,1.0,1.0,1.0,1.0,1.0,1.0,1.0,1.0,1.0,1.0,1.0,1.0,1.0,1.0,1.0,1.0,0.99999976,1.0,1.0,1.0,1.0,1.0,1.0,1.0,1.0,1.0,1.0,1.0,0.99999875,1.0,1.0,1.0,1.0,1.0,1.0,1.0,1.0,1.0,1.0,1.0,1.0,1.0,1.0,1.0,0.9999912,1.0,1.0,1.0,1.0,1.0,1.0,1.0,1.0,1.0,1.0,1.0,1.0,1.0,1.0,0.9999998,1.0,1.0,1.0,1.0,1.0,1.0,1.0,1.0
POLR2G_HepG2,1.0,1.0,1.0,1.0,1.0,1.0,0.9999508,1.0,1.0,1.0,1.0,1.0,0.99999964,1.0,1.0,1.0,1.0,1.0,1.0,1.0,1.0,1.0,1.0,1.0,1.0,1.0,1.0,1.0,1.0,0.99999946,1.0,1.0,1.0,1.0,1.0,0.9999981,1.0,1.0,1.0,1.0,1.0,1.0,1.0,1.0,1.0,1.0,1.0,1.0,1.0,1.0,1.0,1.0,1.0,1.0,1.0,1.0,1.0,1.0,1.0,1.0,1.0,1.0,1.0,1.0,1.0,1.0,1.0,1.0,1.0,0.99999374,1.0,1.0,1.0,1.0,1.0,1.0,1.0,1.0,1.0,1.0,1.0,1.0,1.0,1.0,1.0,0.99999905,1.0,1.0,1.0,1.0,1.0,1.0,1.0,0.999998,1.0,1.0,1.0,1.0,1.0,1.0,1.0,1.0,1.0,0.99999803,1.0,0.9999916,1.0,1.0,1.0,1.0,1.0,1.0,1.0,1.0,1.0,1.0,1.0,1.0,0.9999991,1.0,1.0,1.0,1.0,1.0,1.0,1.0,1.0,1.0,1.0,1.0,1.0,1.0,1.0,1.0,1.0,1.0,1.0,1.0,1.0,1.0,1.0,1.0,1.0,1.0,1.0,1.0,1.0,1.0,1.0,1.0,1.0,1.0,1.0,1.0,1.0,1.0,1.0,1.0,1.0,1.0,1.0,1.0,1.0,1.0,1.0,1.0,1.0,1.0,1.0,1.0,1.0,0.99999976,1.0,1.0,1.0,1.0,1.0,1.0,1.0,1.0,1.0,1.0,1.0,0.99999875,1.0,1.0,1.0,1.0,1.0,1.0,1.0,1.0,1.0,1.0,1.0,1.0,1.0,1.0,1.0,0.9999912,1.0,1.0,1.0,1.0,1.0,1.0,1.0,1.0,1.0,1.0,1.0,1.0,1.0,1.0,0.9999998,1.0,1.0,1.0,1.0,1.0,1.0,1.0,1.0
PPIG_HepG2,1.0,1.0,1.0,1.0,1.0,1.0,0.9999508,1.0,1.0,1.0,1.0,1.0,0.99999964,1.0,1.0,1.0,1.0,1.0,1.0,1.0,1.0,1.0,1.0,1.0,1.0,1.0,1.0,1.0,1.0,0.99999946,1.0,1.0,1.0,1.0,1.0,0.9999981,1.0,1.0,1.0,1.0,1.0,1.0,1.0,1.0,1.0,1.0,1.0,1.0,1.0,1.0,1.0,1.0,1.0,1.0,1.0,1.0,1.0,1.0,1.0,1.0,1.0,1.0,1.0,1.0,1.0,1.0,1.0,1.0,1.0,0.99999374,1.0,1.0,1.0,1.0,1.0,1.0,1.0,1.0,1.0,1.0,1.0,1.0,1.0,1.0,1.0,0.99999905,1.0,1.0,1.0,1.0,1.0,1.0,1.0,0.999998,1.0,1.0,1.0,1.0,1.0,1.0,1.0,1.0,1.0,0.99999803,1.0,0.9999916,1.0,1.0,1.0,1.0,1.0,1.0,1.0,1.0,1.0,1.0,1.0,1.0,0.9999991,1.0,1.0,1.0,1.0,1.0,1.0,1.0,1.0,1.0,1.0,1.0,1.0,1.0,1.0,1.0,1.0,1.0,1.0,1.0,1.0,1.0,1.0,1.0,1.0,1.0,1.0,1.0,1.0,1.0,1.0,1.0,1.0,1.0,1.0,1.0,1.0,1.0,1.0,1.0,1.0,1.0,1.0,1.0,1.0,1.0,1.0,1.0,1.0,1.0,1.0,1.0,1.0,0.99999976,1.0,1.0,1.0,1.0,1.0,1.0,1.0,1.0,1.0,1.0,1.0,0.99999875,1.0,1.0,1.0,1.0,1.0,1.0,1.0,1.0,1.0,1.0,1.0,1.0,1.0,1.0,1.0,0.9999912,1.0,1.0,1.0,1.0,1.0,1.0,1.0,1.0,1.0,1.0,1.0,1.0,1.0,1.0,0.9999998,1.0,1.0,1.0,1.0,1.0,1.0,1.0,1.0
PPIL4_K562,1.0,1.0,1.0,1.0,1.0,1.0,0.9999508,1.0,1.0,1.0,1.0,1.0,0.99999964,1.0,1.0,1.0,1.0,1.0,1.0,1.0,1.0,1.0,1.0,1.0,1.0,1.0,1.0,1.0,1.0,0.99999946,1.0,1.0,1.0,1.0,1.0,0.9999981,1.0,1.0,1.0,1.0,1.0,1.0,1.0,1.0,1.0,1.0,1.0,1.0,1.0,1.0,1.0,1.0,1.0,1.0,1.0,1.0,1.0,1.0,1.0,1.0,1.0,1.0,1.0,1.0,1.0,1.0,1.0,1.0,1.0,0.99999374,1.0,1.0,1.0,1.0,1.0,1.0,1.0,1.0,1.0,1.0,1.0,1.0,1.0,1.0,1.0,0.99999905,1.0,1.0,1.0,1.0,1.0,1.0,1.0,0.999998,1.0,1.0,1.0,1.0,1.0,1.0,1.0,1.0,1.0,0.99999803,1.0,0.9999916,1.0,1.0,1.0,1.0,1.0,1.0,1.0,1.0,1.0,1.0,1.0,1.0,0.9999991,1.0,1.0,1.0,1.0,1.0,1.0,1.0,1.0,1.0,1.0,1.0,1.0,1.0,1.0,1.0,1.0,1.0,1.0,1.0,1.0,1.0,1.0,1.0,1.0,1.0,1.0,1.0,1.0,1.0,1.0,1.0,1.0,1.0,1.0,1.0,1.0,1.0,1.0,1.0,1.0,1.0,1.0,1.0,1.0,1.0,1.0,1.0,1.0,1.0,1.0,1.0,1.0,0.99999976,1.0,1.0,1.0,1.0,1.0,1.0,1.0,1.0,1.0,1.0,1.0,0.99999875,1.0,1.0,1.0,1.0,1.0,1.0,1.0,1.0,1.0,1.0,1.0,1.0,1.0,1.0,1.0,0.9999912,1.0,1.0,1.0,1.0,1.0,1.0,1.0,1.0,1.0,1.0,1.0,1.0,1.0,1.0,0.9999998,1.0,1.0,1.0,1.0,1.0,1.0,1.0,1.0
PRPF4_HepG2,1.0,1.0,1.0,1.0,1.0,1.0,0.9999508,1.0,1.0,1.0,1.0,1.0,0.99999964,1.0,1.0,1.0,1.0,1.0,1.0,1.0,1.0,1.0,1.0,1.0,1.0,1.0,1.0,1.0,1.0,0.99999946,1.0,1.0,1.0,1.0,1.0,0.9999981,1.0,1.0,1.0,1.0,1.0,1.0,1.0,1.0,1.0,1.0,1.0,1.0,1.0,1.0,1.0,1.0,1.0,1.0,1.0,1.0,1.0,1.0,1.0,1.0,1.0,1.0,1.0,1.0,1.0,1.0,1.0,1.0,1.0,0.99999374,1.0,1.0,1.0,1.0,1.0,1.0,1.0,1.0,1.0,1.0,1.0,1.0,1.0,1.0,1.0,0.99999905,1.0,1.0,1.0,1.0,1.0,1.0,1.0,0.999998,1.0,1.0,1.0,1.0,1.0,1.0,1.0,1.0,1.0,0.99999803,1.0,0.9999916,1.0,1.0,1.0,1.0,1.0,1.0,1.0,1.0,1.0,1.0,1.0,1.0,0.9999991,1.0,1.0,1.0,1.0,1.0,1.0,1.0,1.0,1.0,1.0,1.0,1.0,1.0,1.0,1.0,1.0,1.0,1.0,1.0,1.0,1.0,1.0,1.0,1.0,1.0,1.0,1.0,1.0,1.0,1.0,1.0,1.0,1.0,1.0,1.0,1.0,1.0,1.0,1.0,1.0,1.0,1.0,1.0,1.0,1.0,1.0,1.0,1.0,1.0,1.0,1.0,1.0,0.99999976,1.0,1.0,1.0,1.0,1.0,1.0,1.0,1.0,1.0,1.0,1.0,0.99999875,1.0,1.0,1.0,1.0,1.0,1.0,1.0,1.0,1.0,1.0,1.0,1.0,1.0,1.0,1.0,0.9999912,1.0,1.0,1.0,1.0,1.0,1.0,1.0,1.0,1.0,1.0,1.0,1.0,1.0,1.0,0.9999998,1.0,1.0,1.0,1.0,1.0,1.0,1.0,1.0
PRPF8_HepG2,1.0,1.0,1.0,1.0,1.0,1.0,0.9999508,1.0,1.0,1.0,1.0,1.0,0.99999964,1.0,1.0,1.0,1.0,1.0,1.0,1.0,1.0,1.0,1.0,1.0,1.0,1.0,1.0,1.0,1.0,0.99999946,1.0,1.0,1.0,1.0,1.0,0.9999981,1.0,1.0,1.0,1.0,1.0,1.0,1.0,1.0,1.0,1.0,1.0,1.0,1.0,1.0,1.0,1.0,1.0,1.0,1.0,1.0,1.0,1.0,1.0,1.0,1.0,1.0,1.0,1.0,1.0,1.0,1.0,1.0,1.0,0.99999374,1.0,1.0,1.0,1.0,1.0,1.0,1.0,1.0,1.0,1.0,1.0,1.0,1.0,1.0,1.0,0.99999905,1.0,1.0,1.0,1.0,1.0,1.0,1.0,0.999998,1.0,1.0,1.0,1.0,1.0,1.0,1.0,1.0,1.0,0.99999803,1.0,0.9999916,1.0,1.0,1.0,1.0,1.0,1.0,1.0,1.0,1.0,1.0,1.0,1.0,0.9999991,1.0,1.0,1.0,1.0,1.0,1.0,1.0,1.0,1.0,1.0,1.0,1.0,1.0,1.0,1.0,1.0,1.0,1.0,1.0,1.0,1.0,1.0,1.0,1.0,1.0,1.0,1.0,1.0,1.0,1.0,1.0,1.0,1.0,1.0,1.0,1.0,1.0,1.0,1.0,1.0,1.0,1.0,1.0,1.0,1.0,1.0,1.0,1.0,1.0,1.0,1.0,1.0,0.99999976,1.0,1.0,1.0,1.0,1.0,1.0,1.0,1.0,1.0,1.0,1.0,0.99999875,1.0,1.0,1.0,1.0,1.0,1.0,1.0,1.0,1.0,1.0,1.0,1.0,1.0,1.0,1.0,0.9999912,1.0,1.0,1.0,1.0,1.0,1.0,1.0,1.0,1.0,1.0,1.0,1.0,1.0,1.0,0.9999998,1.0,1.0,1.0,1.0,1.0,1.0,1.0,1.0
PRPF8_K562,1.0,1.0,1.0,1.0,1.0,1.0,0.9999508,1.0,1.0,1.0,1.0,1.0,0.99999964,1.0,1.0,1.0,1.0,1.0,1.0,1.0,1.0,1.0,1.0,1.0,1.0,1.0,1.0,1.0,1.0,0.99999946,1.0,1.0,1.0,1.0,1.0,0.9999981,1.0,1.0,1.0,1.0,1.0,1.0,1.0,1.0,1.0,1.0,1.0,1.0,1.0,1.0,1.0,1.0,1.0,1.0,1.0,1.0,1.0,1.0,1.0,1.0,1.0,1.0,1.0,1.0,1.0,1.0,1.0,1.0,1.0,0.99999374,1.0,1.0,1.0,1.0,1.0,1.0,1.0,1.0,1.0,1.0,1.0,1.0,1.0,1.0,1.0,0.99999905,1.0,1.0,1.0,1.0,1.0,1.0,1.0,0.999998,1.0,1.0,1.0,1.0,1.0,1.0,1.0,1.0,1.0,0.99999803,1.0,0.9999916,1.0,1.0,1.0,1.0,1.0,1.0,1.0,1.0,1.0,1.0,1.0,1.0,0.9999991,1.0,1.0,1.0,1.0,1.0,1.0,1.0,1.0,1.0,1.0,1.0,1.0,1.0,1.0,1.0,1.0,1.0,1.0,1.0,1.0,1.0,1.0,1.0,1.0,1.0,1.0,1.0,1.0,1.0,1.0,1.0,1.0,1.0,1.0,1.0,1.0,1.0,1.0,1.0,1.0,1.0,1.0,1.0,1.0,1.0,1.0,1.0,1.0,1.0,1.0,1.0,1.0,0.99999976,1.0,1.0,1.0,1.0,1.0,1.0,1.0,1.0,1.0,1.0,1.0,0.99999875,1.0,1.0,1.0,1.0,1.0,1.0,1.0,1.0,1.0,1.0,1.0,1.0,1.0,1.0,1.0,0.9999912,1.0,1.0,1.0,1.0,1.0,1.0,1.0,1.0,1.0,1.0,1.0,1.0,1.0,1.0,0.9999998,1.0,1.0,1.0,1.0,1.0,1.0,1.0,1.0
PTBP1_HepG2,1.0,1.0,1.0,1.0,1.0,1.0,0.9999508,1.0,1.0,1.0,1.0,1.0,0.99999964,1.0,1.0,1.0,1.0,1.0,1.0,1.0,1.0,1.0,1.0,1.0,1.0,1.0,1.0,1.0,1.0,0.99999946,1.0,1.0,1.0,1.0,1.0,0.9999981,1.0,1.0,1.0,1.0,1.0,1.0,1.0,1.0,1.0,1.0,1.0,1.0,1.0,1.0,1.0,1.0,1.0,1.0,1.0,1.0,1.0,1.0,1.0,1.0,1.0,1.0,1.0,1.0,1.0,1.0,1.0,1.0,1.0,0.99999374,1.0,1.0,1.0,1.0,1.0,1.0,1.0,1.0,1.0,1.0,1.0,1.0,1.0,1.0,1.0,0.99999905,1.0,1.0,1.0,1.0,1.0,1.0,1.0,0.999998,1.0,1.0,1.0,1.0,1.0,1.0,1.0,1.0,1.0,0.99999803,1.0,0.9999916,1.0,1.0,1.0,1.0,1.0,1.0,1.0,1.0,1.0,1.0,1.0,1.0,0.9999991,1.0,1.0,1.0,1.0,1.0,1.0,1.0,1.0,1.0,1.0,1.0,1.0,1.0,1.0,1.0,1.0,1.0,1.0,1.0,1.0,1.0,1.0,1.0,1.0,1.0,1.0,1.0,1.0,1.0,1.0,1.0,1.0,1.0,1.0,1.0,1.0,1.0,1.0,1.0,1.0,1.0,1.0,1.0,1.0,1.0,1.0,1.0,1.0,1.0,1.0,1.0,1.0,0.99999976,1.0,1.0,1.0,1.0,1.0,1.0,1.0,1.0,1.0,1.0,1.0,0.99999875,1.0,1.0,1.0,1.0,1.0,1.0,1.0,1.0,1.0,1.0,1.0,1.0,1.0,1.0,1.0,0.9999912,1.0,1.0,1.0,1.0,1.0,1.0,1.0,1.0,1.0,1.0,1.0,1.0,1.0,1.0,0.9999998,1.0,1.0,1.0,1.0,1.0,1.0,1.0,1.0
PTBP1_K562,1.0,1.0,1.0,1.0,1.0,1.0,0.9999508,1.0,1.0,1.0,1.0,1.0,0.99999964,1.0,1.0,1.0,1.0,1.0,1.0,1.0,1.0,1.0,1.0,1.0,1.0,1.0,1.0,1.0,1.0,0.99999946,1.0,1.0,1.0,1.0,1.0,0.9999981,1.0,1.0,1.0,1.0,1.0,1.0,1.0,1.0,1.0,1.0,1.0,1.0,1.0,1.0,1.0,1.0,1.0,1.0,1.0,1.0,1.0,1.0,1.0,1.0,1.0,1.0,1.0,1.0,1.0,1.0,1.0,1.0,1.0,0.99999374,1.0,1.0,1.0,1.0,1.0,1.0,1.0,1.0,1.0,1.0,1.0,1.0,1.0,1.0,1.0,0.99999905,1.0,1.0,1.0,1.0,1.0,1.0,1.0,0.999998,1.0,1.0,1.0,1.0,1.0,1.0,1.0,1.0,1.0,0.99999803,1.0,0.9999916,1.0,1.0,1.0,1.0,1.0,1.0,1.0,1.0,1.0,1.0,1.0,1.0,0.9999991,1.0,1.0,1.0,1.0,1.0,1.0,1.0,1.0,1.0,1.0,1.0,1.0,1.0,1.0,1.0,1.0,1.0,1.0,1.0,1.0,1.0,1.0,1.0,1.0,1.0,1.0,1.0,1.0,1.0,1.0,1.0,1.0,1.0,1.0,1.0,1.0,1.0,1.0,1.0,1.0,1.0,1.0,1.0,1.0,1.0,1.0,1.0,1.0,1.0,1.0,1.0,1.0,0.99999976,1.0,1.0,1.0,1.0,1.0,1.0,1.0,1.0,1.0,1.0,1.0,0.99999875,1.0,1.0,1.0,1.0,1.0,1.0,1.0,1.0,1.0,1.0,1.0,1.0,1.0,1.0,1.0,0.9999912,1.0,1.0,1.0,1.0,1.0,1.0,1.0,1.0,1.0,1.0,1.0,1.0,1.0,1.0,0.9999998,1.0,1.0,1.0,1.0,1.0,1.0,1.0,1.0
PUM1_K562,1.0,1.0,1.0,1.0,1.0,1.0,0.9999508,1.0,1.0,1.0,1.0,1.0,0.99999964,1.0,1.0,1.0,1.0,1.0,1.0,1.0,1.0,1.0,1.0,1.0,1.0,1.0,1.0,1.0,1.0,0.99999946,1.0,1.0,1.0,1.0,1.0,0.9999981,1.0,1.0,1.0,1.0,1.0,1.0,1.0,1.0,1.0,1.0,1.0,1.0,1.0,1.0,1.0,1.0,1.0,1.0,1.0,1.0,1.0,1.0,1.0,1.0,1.0,1.0,1.0,1.0,1.0,1.0,1.0,1.0,1.0,0.99999374,1.0,1.0,1.0,1.0,1.0,1.0,1.0,1.0,1.0,1.0,1.0,1.0,1.0,1.0,1.0,0.99999905,1.0,1.0,1.0,1.0,1.0,1.0,1.0,0.999998,1.0,1.0,1.0,1.0,1.0,1.0,1.0,1.0,1.0,0.99999803,1.0,0.9999916,1.0,1.0,1.0,1.0,1.0,1.0,1.0,1.0,1.0,1.0,1.0,1.0,0.9999991,1.0,1.0,1.0,1.0,1.0,1.0,1.0,1.0,1.0,1.0,1.0,1.0,1.0,1.0,1.0,1.0,1.0,1.0,1.0,1.0,1.0,1.0,1.0,1.0,1.0,1.0,1.0,1.0,1.0,1.0,1.0,1.0,1.0,1.0,1.0,1.0,1.0,1.0,1.0,1.0,1.0,1.0,1.0,1.0,1.0,1.0,1.0,1.0,1.0,1.0,1.0,1.0,0.99999976,1.0,1.0,1.0,1.0,1.0,1.0,1.0,1.0,1.0,1.0,1.0,0.99999875,1.0,1.0,1.0,1.0,1.0,1.0,1.0,1.0,1.0,1.0,1.0,1.0,1.0,1.0,1.0,0.9999912,1.0,1.0,1.0,1.0,1.0,1.0,1.0,1.0,1.0,1.0,1.0,1.0,1.0,1.0,0.9999998,1.0,1.0,1.0,1.0,1.0,1.0,1.0,1.0
PUM2_K562,1.0,1.0,1.0,1.0,1.0,1.0,0.9999508,1.0,1.0,1.0,1.0,1.0,0.99999964,1.0,1.0,1.0,1.0,1.0,1.0,1.0,1.0,1.0,1.0,1.0,1.0,1.0,1.0,1.0,1.0,0.99999946,1.0,1.0,1.0,1.0,1.0,0.9999981,1.0,1.0,1.0,1.0,1.0,1.0,1.0,1.0,1.0,1.0,1.0,1.0,1.0,1.0,1.0,1.0,1.0,1.0,1.0,1.0,1.0,1.0,1.0,1.0,1.0,1.0,1.0,1.0,1.0,1.0,1.0,1.0,1.0,0.99999374,1.0,1.0,1.0,1.0,1.0,1.0,1.0,1.0,1.0,1.0,1.0,1.0,1.0,1.0,1.0,0.99999905,1.0,1.0,1.0,1.0,1.0,1.0,1.0,0.999998,1.0,1.0,1.0,1.0,1.0,1.0,1.0,1.0,1.0,0.99999803,1.0,0.9999916,1.0,1.0,1.0,1.0,1.0,1.0,1.0,1.0,1.0,1.0,1.0,1.0,0.9999991,1.0,1.0,1.0,1.0,1.0,1.0,1.0,1.0,1.0,1.0,1.0,1.0,1.0,1.0,1.0,1.0,1.0,1.0,1.0,1.0,1.0,1.0,1.0,1.0,1.0,1.0,1.0,1.0,1.0,1.0,1.0,1.0,1.0,1.0,1.0,1.0,1.0,1.0,1.0,1.0,1.0,1.0,1.0,1.0,1.0,1.0,1.0,1.0,1.0,1.0,1.0,1.0,0.99999976,1.0,1.0,1.0,1.0,1.0,1.0,1.0,1.0,1.0,1.0,1.0,0.99999875,1.0,1.0,1.0,1.0,1.0,1.0,1.0,1.0,1.0,1.0,1.0,1.0,1.0,1.0,1.0,0.9999912,1.0,1.0,1.0,1.0,1.0,1.0,1.0,1.0,1.0,1.0,1.0,1.0,1.0,1.0,0.9999998,1.0,1.0,1.0,1.0,1.0,1.0,1.0,1.0
PUS1_K562,1.0,1.0,1.0,1.0,1.0,1.0,0.9999508,1.0,1.0,1.0,1.0,1.0,0.99999964,1.0,1.0,1.0,1.0,1.0,1.0,1.0,1.0,1.0,1.0,1.0,1.0,1.0,1.0,1.0,1.0,0.99999946,1.0,1.0,1.0,1.0,1.0,0.9999981,1.0,1.0,1.0,1.0,1.0,1.0,1.0,1.0,1.0,1.0,1.0,1.0,1.0,1.0,1.0,1.0,1.0,1.0,1.0,1.0,1.0,1.0,1.0,1.0,1.0,1.0,1.0,1.0,1.0,1.0,1.0,1.0,1.0,0.99999374,1.0,1.0,1.0,1.0,1.0,1.0,1.0,1.0,1.0,1.0,1.0,1.0,1.0,1.0,1.0,0.99999905,1.0,1.0,1.0,1.0,1.0,1.0,1.0,0.999998,1.0,1.0,1.0,1.0,1.0,1.0,1.0,1.0,1.0,0.99999803,1.0,0.9999916,1.0,1.0,1.0,1.0,1.0,1.0,1.0,1.0,1.0,1.0,1.0,1.0,0.9999991,1.0,1.0,1.0,1.0,1.0,1.0,1.0,1.0,1.0,1.0,1.0,1.0,1.0,1.0,1.0,1.0,1.0,1.0,1.0,1.0,1.0,1.0,1.0,1.0,1.0,1.0,1.0,1.0,1.0,1.0,1.0,1.0,1.0,1.0,1.0,1.0,1.0,1.0,1.0,1.0,1.0,1.0,1.0,1.0,1.0,1.0,1.0,1.0,1.0,1.0,1.0,1.0,0.99999976,1.0,1.0,1.0,1.0,1.0,1.0,1.0,1.0,1.0,1.0,1.0,0.99999875,1.0,1.0,1.0,1.0,1.0,1.0,1.0,1.0,1.0,1.0,1.0,1.0,1.0,1.0,1.0,0.9999912,1.0,1.0,1.0,1.0,1.0,1.0,1.0,1.0,1.0,1.0,1.0,1.0,1.0,1.0,0.9999998,1.0,1.0,1.0,1.0,1.0,1.0,1.0,1.0
QKI_HepG2,1.0,1.0,1.0,1.0,1.0,1.0,0.9999508,1.0,1.0,1.0,1.0,1.0,0.99999964,1.0,1.0,1.0,1.0,1.0,1.0,1.0,1.0,1.0,1.0,1.0,1.0,1.0,1.0,1.0,1.0,0.99999946,1.0,1.0,1.0,1.0,1.0,0.9999981,1.0,1.0,1.0,1.0,1.0,1.0,1.0,1.0,1.0,1.0,1.0,1.0,1.0,1.0,1.0,1.0,1.0,1.0,1.0,1.0,1.0,1.0,1.0,1.0,1.0,1.0,1.0,1.0,1.0,1.0,1.0,1.0,1.0,0.99999374,1.0,1.0,1.0,1.0,1.0,1.0,1.0,1.0,1.0,1.0,1.0,1.0,1.0,1.0,1.0,0.99999905,1.0,1.0,1.0,1.0,1.0,1.0,1.0,0.999998,1.0,1.0,1.0,1.0,1.0,1.0,1.0,1.0,1.0,0.99999803,1.0,0.9999916,1.0,1.0,1.0,1.0,1.0,1.0,1.0,1.0,1.0,1.0,1.0,1.0,0.9999991,1.0,1.0,1.0,1.0,1.0,1.0,1.0,1.0,1.0,1.0,1.0,1.0,1.0,1.0,1.0,1.0,1.0,1.0,1.0,1.0,1.0,1.0,1.0,1.0,1.0,1.0,1.0,1.0,1.0,1.0,1.0,1.0,1.0,1.0,1.0,1.0,1.0,1.0,1.0,1.0,1.0,1.0,1.0,1.0,1.0,1.0,1.0,1.0,1.0,1.0,1.0,1.0,0.99999976,1.0,1.0,1.0,1.0,1.0,1.0,1.0,1.0,1.0,1.0,1.0,0.99999875,1.0,1.0,1.0,1.0,1.0,1.0,1.0,1.0,1.0,1.0,1.0,1.0,1.0,1.0,1.0,0.9999912,1.0,1.0,1.0,1.0,1.0,1.0,1.0,1.0,1.0,1.0,1.0,1.0,1.0,1.0,0.9999998,1.0,1.0,1.0,1.0,1.0,1.0,1.0,1.0
QKI_K562,1.0,1.0,1.0,1.0,1.0,1.0,0.9999508,1.0,1.0,1.0,1.0,1.0,0.99999964,1.0,1.0,1.0,1.0,1.0,1.0,1.0,1.0,1.0,1.0,1.0,1.0,1.0,1.0,1.0,1.0,0.99999946,1.0,1.0,1.0,1.0,1.0,0.9999981,1.0,1.0,1.0,1.0,1.0,1.0,1.0,1.0,1.0,1.0,1.0,1.0,1.0,1.0,1.0,1.0,1.0,1.0,1.0,1.0,1.0,1.0,1.0,1.0,1.0,1.0,1.0,1.0,1.0,1.0,1.0,1.0,1.0,0.99999374,1.0,1.0,1.0,1.0,1.0,1.0,1.0,1.0,1.0,1.0,1.0,1.0,1.0,1.0,1.0,0.99999905,1.0,1.0,1.0,1.0,1.0,1.0,1.0,0.999998,1.0,1.0,1.0,1.0,1.0,1.0,1.0,1.0,1.0,0.99999803,1.0,0.9999916,1.0,1.0,1.0,1.0,1.0,1.0,1.0,1.0,1.0,1.0,1.0,1.0,0.9999991,1.0,1.0,1.0,1.0,1.0,1.0,1.0,1.0,1.0,1.0,1.0,1.0,1.0,1.0,1.0,1.0,1.0,1.0,1.0,1.0,1.0,1.0,1.0,1.0,1.0,1.0,1.0,1.0,1.0,1.0,1.0,1.0,1.0,1.0,1.0,1.0,1.0,1.0,1.0,1.0,1.0,1.0,1.0,1.0,1.0,1.0,1.0,1.0,1.0,1.0,1.0,1.0,0.99999976,1.0,1.0,1.0,1.0,1.0,1.0,1.0,1.0,1.0,1.0,1.0,0.99999875,1.0,1.0,1.0,1.0,1.0,1.0,1.0,1.0,1.0,1.0,1.0,1.0,1.0,1.0,1.0,0.9999912,1.0,1.0,1.0,1.0,1.0,1.0,1.0,1.0,1.0,1.0,1.0,1.0,1.0,1.0,0.9999998,1.0,1.0,1.0,1.0,1.0,1.0,1.0,1.0
RBFOX2_HepG2,1.0,1.0,1.0,1.0,1.0,1.0,0.9999508,1.0,1.0,1.0,1.0,1.0,0.99999964,1.0,1.0,1.0,1.0,1.0,1.0,1.0,1.0,1.0,1.0,1.0,1.0,1.0,1.0,1.0,1.0,0.99999946,1.0,1.0,1.0,1.0,1.0,0.9999981,1.0,1.0,1.0,1.0,1.0,1.0,1.0,1.0,1.0,1.0,1.0,1.0,1.0,1.0,1.0,1.0,1.0,1.0,1.0,1.0,1.0,1.0,1.0,1.0,1.0,1.0,1.0,1.0,1.0,1.0,1.0,1.0,1.0,0.99999374,1.0,1.0,1.0,1.0,1.0,1.0,1.0,1.0,1.0,1.0,1.0,1.0,1.0,1.0,1.0,0.99999905,1.0,1.0,1.0,1.0,1.0,1.0,1.0,0.999998,1.0,1.0,1.0,1.0,1.0,1.0,1.0,1.0,1.0,0.99999803,1.0,0.9999916,1.0,1.0,1.0,1.0,1.0,1.0,1.0,1.0,1.0,1.0,1.0,1.0,0.9999991,1.0,1.0,1.0,1.0,1.0,1.0,1.0,1.0,1.0,1.0,1.0,1.0,1.0,1.0,1.0,1.0,1.0,1.0,1.0,1.0,1.0,1.0,1.0,1.0,1.0,1.0,1.0,1.0,1.0,1.0,1.0,1.0,1.0,1.0,1.0,1.0,1.0,1.0,1.0,1.0,1.0,1.0,1.0,1.0,1.0,1.0,1.0,1.0,1.0,1.0,1.0,1.0,0.99999976,1.0,1.0,1.0,1.0,1.0,1.0,1.0,1.0,1.0,1.0,1.0,0.99999875,1.0,1.0,1.0,1.0,1.0,1.0,1.0,1.0,1.0,1.0,1.0,1.0,1.0,1.0,1.0,0.9999912,1.0,1.0,1.0,1.0,1.0,1.0,1.0,1.0,1.0,1.0,1.0,1.0,1.0,1.0,0.9999998,1.0,1.0,1.0,1.0,1.0,1.0,1.0,1.0
RBFOX2_K562,1.0,1.0,1.0,1.0,1.0,1.0,0.9999508,1.0,1.0,1.0,1.0,1.0,0.99999964,1.0,1.0,1.0,1.0,1.0,1.0,1.0,1.0,1.0,1.0,1.0,1.0,1.0,1.0,1.0,1.0,0.99999946,1.0,1.0,1.0,1.0,1.0,0.9999981,1.0,1.0,1.0,1.0,1.0,1.0,1.0,1.0,1.0,1.0,1.0,1.0,1.0,1.0,1.0,1.0,1.0,1.0,1.0,1.0,1.0,1.0,1.0,1.0,1.0,1.0,1.0,1.0,1.0,1.0,1.0,1.0,1.0,0.99999374,1.0,1.0,1.0,1.0,1.0,1.0,1.0,1.0,1.0,1.0,1.0,1.0,1.0,1.0,1.0,0.99999905,1.0,1.0,1.0,1.0,1.0,1.0,1.0,0.999998,1.0,1.0,1.0,1.0,1.0,1.0,1.0,1.0,1.0,0.99999803,1.0,0.9999916,1.0,1.0,1.0,1.0,1.0,1.0,1.0,1.0,1.0,1.0,1.0,1.0,0.9999991,1.0,1.0,1.0,1.0,1.0,1.0,1.0,1.0,1.0,1.0,1.0,1.0,1.0,1.0,1.0,1.0,1.0,1.0,1.0,1.0,1.0,1.0,1.0,1.0,1.0,1.0,1.0,1.0,1.0,1.0,1.0,1.0,1.0,1.0,1.0,1.0,1.0,1.0,1.0,1.0,1.0,1.0,1.0,1.0,1.0,1.0,1.0,1.0,1.0,1.0,1.0,1.0,0.99999976,1.0,1.0,1.0,1.0,1.0,1.0,1.0,1.0,1.0,1.0,1.0,0.99999875,1.0,1.0,1.0,1.0,1.0,1.0,1.0,1.0,1.0,1.0,1.0,1.0,1.0,1.0,1.0,0.9999912,1.0,1.0,1.0,1.0,1.0,1.0,1.0,1.0,1.0,1.0,1.0,1.0,1.0,1.0,0.9999998,1.0,1.0,1.0,1.0,1.0,1.0,1.0,1.0
RBM15_HepG2,1.0,1.0,1.0,1.0,1.0,1.0,0.9999508,1.0,1.0,1.0,1.0,1.0,0.99999964,1.0,1.0,1.0,1.0,1.0,1.0,1.0,1.0,1.0,1.0,1.0,1.0,1.0,1.0,1.0,1.0,0.99999946,1.0,1.0,1.0,1.0,1.0,0.9999981,1.0,1.0,1.0,1.0,1.0,1.0,1.0,1.0,1.0,1.0,1.0,1.0,1.0,1.0,1.0,1.0,1.0,1.0,1.0,1.0,1.0,1.0,1.0,1.0,1.0,1.0,1.0,1.0,1.0,1.0,1.0,1.0,1.0,0.99999374,1.0,1.0,1.0,1.0,1.0,1.0,1.0,1.0,1.0,1.0,1.0,1.0,1.0,1.0,1.0,0.99999905,1.0,1.0,1.0,1.0,1.0,1.0,1.0,0.999998,1.0,1.0,1.0,1.0,1.0,1.0,1.0,1.0,1.0,0.99999803,1.0,0.9999916,1.0,1.0,1.0,1.0,1.0,1.0,1.0,1.0,1.0,1.0,1.0,1.0,0.9999991,1.0,1.0,1.0,1.0,1.0,1.0,1.0,1.0,1.0,1.0,1.0,1.0,1.0,1.0,1.0,1.0,1.0,1.0,1.0,1.0,1.0,1.0,1.0,1.0,1.0,1.0,1.0,1.0,1.0,1.0,1.0,1.0,1.0,1.0,1.0,1.0,1.0,1.0,1.0,1.0,1.0,1.0,1.0,1.0,1.0,1.0,1.0,1.0,1.0,1.0,1.0,1.0,0.99999976,1.0,1.0,1.0,1.0,1.0,1.0,1.0,1.0,1.0,1.0,1.0,0.99999875,1.0,1.0,1.0,1.0,1.0,1.0,1.0,1.0,1.0,1.0,1.0,1.0,1.0,1.0,1.0,0.9999912,1.0,1.0,1.0,1.0,1.0,1.0,1.0,1.0,1.0,1.0,1.0,1.0,1.0,1.0,0.9999998,1.0,1.0,1.0,1.0,1.0,1.0,1.0,1.0
RBM15_K562,1.0,1.0,1.0,1.0,1.0,1.0,0.9999508,1.0,1.0,1.0,1.0,1.0,0.99999964,1.0,1.0,1.0,1.0,1.0,1.0,1.0,1.0,1.0,1.0,1.0,1.0,1.0,1.0,1.0,1.0,0.99999946,1.0,1.0,1.0,1.0,1.0,0.9999981,1.0,1.0,1.0,1.0,1.0,1.0,1.0,1.0,1.0,1.0,1.0,1.0,1.0,1.0,1.0,1.0,1.0,1.0,1.0,1.0,1.0,1.0,1.0,1.0,1.0,1.0,1.0,1.0,1.0,1.0,1.0,1.0,1.0,0.99999374,1.0,1.0,1.0,1.0,1.0,1.0,1.0,1.0,1.0,1.0,1.0,1.0,1.0,1.0,1.0,0.99999905,1.0,1.0,1.0,1.0,1.0,1.0,1.0,0.999998,1.0,1.0,1.0,1.0,1.0,1.0,1.0,1.0,1.0,0.99999803,1.0,0.9999916,1.0,1.0,1.0,1.0,1.0,1.0,1.0,1.0,1.0,1.0,1.0,1.0,0.9999991,1.0,1.0,1.0,1.0,1.0,1.0,1.0,1.0,1.0,1.0,1.0,1.0,1.0,1.0,1.0,1.0,1.0,1.0,1.0,1.0,1.0,1.0,1.0,1.0,1.0,1.0,1.0,1.0,1.0,1.0,1.0,1.0,1.0,1.0,1.0,1.0,1.0,1.0,1.0,1.0,1.0,1.0,1.0,1.0,1.0,1.0,1.0,1.0,1.0,1.0,1.0,1.0,0.99999976,1.0,1.0,1.0,1.0,1.0,1.0,1.0,1.0,1.0,1.0,1.0,0.99999875,1.0,1.0,1.0,1.0,1.0,1.0,1.0,1.0,1.0,1.0,1.0,1.0,1.0,1.0,1.0,0.9999912,1.0,1.0,1.0,1.0,1.0,1.0,1.0,1.0,1.0,1.0,1.0,1.0,1.0,1.0,0.9999998,1.0,1.0,1.0,1.0,1.0,1.0,1.0,1.0
RBM22_HepG2,1.0,1.0,1.0,1.0,1.0,1.0,0.9999508,1.0,1.0,1.0,1.0,1.0,0.99999964,1.0,1.0,1.0,1.0,1.0,1.0,1.0,1.0,1.0,1.0,1.0,1.0,1.0,1.0,1.0,1.0,0.99999946,1.0,1.0,1.0,1.0,1.0,0.9999981,1.0,1.0,1.0,1.0,1.0,1.0,1.0,1.0,1.0,1.0,1.0,1.0,1.0,1.0,1.0,1.0,1.0,1.0,1.0,1.0,1.0,1.0,1.0,1.0,1.0,1.0,1.0,1.0,1.0,1.0,1.0,1.0,1.0,0.99999374,1.0,1.0,1.0,1.0,1.0,1.0,1.0,1.0,1.0,1.0,1.0,1.0,1.0,1.0,1.0,0.99999905,1.0,1.0,1.0,1.0,1.0,1.0,1.0,0.999998,1.0,1.0,1.0,1.0,1.0,1.0,1.0,1.0,1.0,0.99999803,1.0,0.9999916,1.0,1.0,1.0,1.0,1.0,1.0,1.0,1.0,1.0,1.0,1.0,1.0,0.9999991,1.0,1.0,1.0,1.0,1.0,1.0,1.0,1.0,1.0,1.0,1.0,1.0,1.0,1.0,1.0,1.0,1.0,1.0,1.0,1.0,1.0,1.0,1.0,1.0,1.0,1.0,1.0,1.0,1.0,1.0,1.0,1.0,1.0,1.0,1.0,1.0,1.0,1.0,1.0,1.0,1.0,1.0,1.0,1.0,1.0,1.0,1.0,1.0,1.0,1.0,1.0,1.0,0.99999976,1.0,1.0,1.0,1.0,1.0,1.0,1.0,1.0,1.0,1.0,1.0,0.99999875,1.0,1.0,1.0,1.0,1.0,1.0,1.0,1.0,1.0,1.0,1.0,1.0,1.0,1.0,1.0,0.9999912,1.0,1.0,1.0,1.0,1.0,1.0,1.0,1.0,1.0,1.0,1.0,1.0,1.0,1.0,0.9999998,1.0,1.0,1.0,1.0,1.0,1.0,1.0,1.0
RBM22_K562,1.0,1.0,1.0,1.0,1.0,1.0,0.9999508,1.0,1.0,1.0,1.0,1.0,0.99999964,1.0,1.0,1.0,1.0,1.0,1.0,1.0,1.0,1.0,1.0,1.0,1.0,1.0,1.0,1.0,1.0,0.99999946,1.0,1.0,1.0,1.0,1.0,0.9999981,1.0,1.0,1.0,1.0,1.0,1.0,1.0,1.0,1.0,1.0,1.0,1.0,1.0,1.0,1.0,1.0,1.0,1.0,1.0,1.0,1.0,1.0,1.0,1.0,1.0,1.0,1.0,1.0,1.0,1.0,1.0,1.0,1.0,0.99999374,1.0,1.0,1.0,1.0,1.0,1.0,1.0,1.0,1.0,1.0,1.0,1.0,1.0,1.0,1.0,0.99999905,1.0,1.0,1.0,1.0,1.0,1.0,1.0,0.999998,1.0,1.0,1.0,1.0,1.0,1.0,1.0,1.0,1.0,0.99999803,1.0,0.9999916,1.0,1.0,1.0,1.0,1.0,1.0,1.0,1.0,1.0,1.0,1.0,1.0,0.9999991,1.0,1.0,1.0,1.0,1.0,1.0,1.0,1.0,1.0,1.0,1.0,1.0,1.0,1.0,1.0,1.0,1.0,1.0,1.0,1.0,1.0,1.0,1.0,1.0,1.0,1.0,1.0,1.0,1.0,1.0,1.0,1.0,1.0,1.0,1.0,1.0,1.0,1.0,1.0,1.0,1.0,1.0,1.0,1.0,1.0,1.0,1.0,1.0,1.0,1.0,1.0,1.0,0.99999976,1.0,1.0,1.0,1.0,1.0,1.0,1.0,1.0,1.0,1.0,1.0,0.99999875,1.0,1.0,1.0,1.0,1.0,1.0,1.0,1.0,1.0,1.0,1.0,1.0,1.0,1.0,1.0,0.9999912,1.0,1.0,1.0,1.0,1.0,1.0,1.0,1.0,1.0,1.0,1.0,1.0,1.0,1.0,0.9999998,1.0,1.0,1.0,1.0,1.0,1.0,1.0,1.0
RBM5_HepG2,1.0,1.0,1.0,1.0,1.0,1.0,0.9999508,1.0,1.0,1.0,1.0,1.0,0.99999964,1.0,1.0,1.0,1.0,1.0,1.0,1.0,1.0,1.0,1.0,1.0,1.0,1.0,1.0,1.0,1.0,0.99999946,1.0,1.0,1.0,1.0,1.0,0.9999981,1.0,1.0,1.0,1.0,1.0,1.0,1.0,1.0,1.0,1.0,1.0,1.0,1.0,1.0,1.0,1.0,1.0,1.0,1.0,1.0,1.0,1.0,1.0,1.0,1.0,1.0,1.0,1.0,1.0,1.0,1.0,1.0,1.0,0.99999374,1.0,1.0,1.0,1.0,1.0,1.0,1.0,1.0,1.0,1.0,1.0,1.0,1.0,1.0,1.0,0.99999905,1.0,1.0,1.0,1.0,1.0,1.0,1.0,0.999998,1.0,1.0,1.0,1.0,1.0,1.0,1.0,1.0,1.0,0.99999803,1.0,0.9999916,1.0,1.0,1.0,1.0,1.0,1.0,1.0,1.0,1.0,1.0,1.0,1.0,0.9999991,1.0,1.0,1.0,1.0,1.0,1.0,1.0,1.0,1.0,1.0,1.0,1.0,1.0,1.0,1.0,1.0,1.0,1.0,1.0,1.0,1.0,1.0,1.0,1.0,1.0,1.0,1.0,1.0,1.0,1.0,1.0,1.0,1.0,1.0,1.0,1.0,1.0,1.0,1.0,1.0,1.0,1.0,1.0,1.0,1.0,1.0,1.0,1.0,1.0,1.0,1.0,1.0,0.99999976,1.0,1.0,1.0,1.0,1.0,1.0,1.0,1.0,1.0,1.0,1.0,0.99999875,1.0,1.0,1.0,1.0,1.0,1.0,1.0,1.0,1.0,1.0,1.0,1.0,1.0,1.0,1.0,0.9999912,1.0,1.0,1.0,1.0,1.0,1.0,1.0,1.0,1.0,1.0,1.0,1.0,1.0,1.0,0.9999998,1.0,1.0,1.0,1.0,1.0,1.0,1.0,1.0
RPS11_K562,1.0,1.0,1.0,1.0,1.0,1.0,0.9999508,1.0,1.0,1.0,1.0,1.0,0.99999964,1.0,1.0,1.0,1.0,1.0,1.0,1.0,1.0,1.0,1.0,1.0,1.0,1.0,1.0,1.0,1.0,0.99999946,1.0,1.0,1.0,1.0,1.0,0.9999981,1.0,1.0,1.0,1.0,1.0,1.0,1.0,1.0,1.0,1.0,1.0,1.0,1.0,1.0,1.0,1.0,1.0,1.0,1.0,1.0,1.0,1.0,1.0,1.0,1.0,1.0,1.0,1.0,1.0,1.0,1.0,1.0,1.0,0.99999374,1.0,1.0,1.0,1.0,1.0,1.0,1.0,1.0,1.0,1.0,1.0,1.0,1.0,1.0,1.0,0.99999905,1.0,1.0,1.0,1.0,1.0,1.0,1.0,0.999998,1.0,1.0,1.0,1.0,1.0,1.0,1.0,1.0,1.0,0.99999803,1.0,0.9999916,1.0,1.0,1.0,1.0,1.0,1.0,1.0,1.0,1.0,1.0,1.0,1.0,0.9999991,1.0,1.0,1.0,1.0,1.0,1.0,1.0,1.0,1.0,1.0,1.0,1.0,1.0,1.0,1.0,1.0,1.0,1.0,1.0,1.0,1.0,1.0,1.0,1.0,1.0,1.0,1.0,1.0,1.0,1.0,1.0,1.0,1.0,1.0,1.0,1.0,1.0,1.0,1.0,1.0,1.0,1.0,1.0,1.0,1.0,1.0,1.0,1.0,1.0,1.0,1.0,1.0,0.99999976,1.0,1.0,1.0,1.0,1.0,1.0,1.0,1.0,1.0,1.0,1.0,0.99999875,1.0,1.0,1.0,1.0,1.0,1.0,1.0,1.0,1.0,1.0,1.0,1.0,1.0,1.0,1.0,0.9999912,1.0,1.0,1.0,1.0,1.0,1.0,1.0,1.0,1.0,1.0,1.0,1.0,1.0,1.0,0.9999998,1.0,1.0,1.0,1.0,1.0,1.0,1.0,1.0
RPS3_HepG2,1.0,1.0,1.0,1.0,1.0,1.0,0.9999508,1.0,1.0,1.0,1.0,1.0,0.99999964,1.0,1.0,1.0,1.0,1.0,1.0,1.0,1.0,1.0,1.0,1.0,1.0,1.0,1.0,1.0,1.0,0.99999946,1.0,1.0,1.0,1.0,1.0,0.9999981,1.0,1.0,1.0,1.0,1.0,1.0,1.0,1.0,1.0,1.0,1.0,1.0,1.0,1.0,1.0,1.0,1.0,1.0,1.0,1.0,1.0,1.0,1.0,1.0,1.0,1.0,1.0,1.0,1.0,1.0,1.0,1.0,1.0,0.99999374,1.0,1.0,1.0,1.0,1.0,1.0,1.0,1.0,1.0,1.0,1.0,1.0,1.0,1.0,1.0,0.99999905,1.0,1.0,1.0,1.0,1.0,1.0,1.0,0.999998,1.0,1.0,1.0,1.0,1.0,1.0,1.0,1.0,1.0,0.99999803,1.0,0.9999916,1.0,1.0,1.0,1.0,1.0,1.0,1.0,1.0,1.0,1.0,1.0,1.0,0.9999991,1.0,1.0,1.0,1.0,1.0,1.0,1.0,1.0,1.0,1.0,1.0,1.0,1.0,1.0,1.0,1.0,1.0,1.0,1.0,1.0,1.0,1.0,1.0,1.0,1.0,1.0,1.0,1.0,1.0,1.0,1.0,1.0,1.0,1.0,1.0,1.0,1.0,1.0,1.0,1.0,1.0,1.0,1.0,1.0,1.0,1.0,1.0,1.0,1.0,1.0,1.0,1.0,0.99999976,1.0,1.0,1.0,1.0,1.0,1.0,1.0,1.0,1.0,1.0,1.0,0.99999875,1.0,1.0,1.0,1.0,1.0,1.0,1.0,1.0,1.0,1.0,1.0,1.0,1.0,1.0,1.0,0.9999912,1.0,1.0,1.0,1.0,1.0,1.0,1.0,1.0,1.0,1.0,1.0,1.0,1.0,1.0,0.9999998,1.0,1.0,1.0,1.0,1.0,1.0,1.0,1.0
RPS3_K562,1.0,1.0,1.0,1.0,1.0,1.0,0.9999508,1.0,1.0,1.0,1.0,1.0,0.99999964,1.0,1.0,1.0,1.0,1.0,1.0,1.0,1.0,1.0,1.0,1.0,1.0,1.0,1.0,1.0,1.0,0.99999946,1.0,1.0,1.0,1.0,1.0,0.9999981,1.0,1.0,1.0,1.0,1.0,1.0,1.0,1.0,1.0,1.0,1.0,1.0,1.0,1.0,1.0,1.0,1.0,1.0,1.0,1.0,1.0,1.0,1.0,1.0,1.0,1.0,1.0,1.0,1.0,1.0,1.0,1.0,1.0,0.99999374,1.0,1.0,1.0,1.0,1.0,1.0,1.0,1.0,1.0,1.0,1.0,1.0,1.0,1.0,1.0,0.99999905,1.0,1.0,1.0,1.0,1.0,1.0,1.0,0.999998,1.0,1.0,1.0,1.0,1.0,1.0,1.0,1.0,1.0,0.99999803,1.0,0.9999916,1.0,1.0,1.0,1.0,1.0,1.0,1.0,1.0,1.0,1.0,1.0,1.0,0.9999991,1.0,1.0,1.0,1.0,1.0,1.0,1.0,1.0,1.0,1.0,1.0,1.0,1.0,1.0,1.0,1.0,1.0,1.0,1.0,1.0,1.0,1.0,1.0,1.0,1.0,1.0,1.0,1.0,1.0,1.0,1.0,1.0,1.0,1.0,1.0,1.0,1.0,1.0,1.0,1.0,1.0,1.0,1.0,1.0,1.0,1.0,1.0,1.0,1.0,1.0,1.0,1.0,0.99999976,1.0,1.0,1.0,1.0,1.0,1.0,1.0,1.0,1.0,1.0,1.0,0.99999875,1.0,1.0,1.0,1.0,1.0,1.0,1.0,1.0,1.0,1.0,1.0,1.0,1.0,1.0,1.0,0.9999912,1.0,1.0,1.0,1.0,1.0,1.0,1.0,1.0,1.0,1.0,1.0,1.0,1.0,1.0,0.9999998,1.0,1.0,1.0,1.0,1.0,1.0,1.0,1.0
SAFB_HepG2,1.0,1.0,1.0,1.0,1.0,1.0,0.9999508,1.0,1.0,1.0,1.0,1.0,0.99999964,1.0,1.0,1.0,1.0,1.0,1.0,1.0,1.0,1.0,1.0,1.0,1.0,1.0,1.0,1.0,1.0,0.99999946,1.0,1.0,1.0,1.0,1.0,0.9999981,1.0,1.0,1.0,1.0,1.0,1.0,1.0,1.0,1.0,1.0,1.0,1.0,1.0,1.0,1.0,1.0,1.0,1.0,1.0,1.0,1.0,1.0,1.0,1.0,1.0,1.0,1.0,1.0,1.0,1.0,1.0,1.0,1.0,0.99999374,1.0,1.0,1.0,1.0,1.0,1.0,1.0,1.0,1.0,1.0,1.0,1.0,1.0,1.0,1.0,0.99999905,1.0,1.0,1.0,1.0,1.0,1.0,1.0,0.999998,1.0,1.0,1.0,1.0,1.0,1.0,1.0,1.0,1.0,0.99999803,1.0,0.9999916,1.0,1.0,1.0,1.0,1.0,1.0,1.0,1.0,1.0,1.0,1.0,1.0,0.9999991,1.0,1.0,1.0,1.0,1.0,1.0,1.0,1.0,1.0,1.0,1.0,1.0,1.0,1.0,1.0,1.0,1.0,1.0,1.0,1.0,1.0,1.0,1.0,1.0,1.0,1.0,1.0,1.0,1.0,1.0,1.0,1.0,1.0,1.0,1.0,1.0,1.0,1.0,1.0,1.0,1.0,1.0,1.0,1.0,1.0,1.0,1.0,1.0,1.0,1.0,1.0,1.0,0.99999976,1.0,1.0,1.0,1.0,1.0,1.0,1.0,1.0,1.0,1.0,1.0,0.99999875,1.0,1.0,1.0,1.0,1.0,1.0,1.0,1.0,1.0,1.0,1.0,1.0,1.0,1.0,1.0,0.9999912,1.0,1.0,1.0,1.0,1.0,1.0,1.0,1.0,1.0,1.0,1.0,1.0,1.0,1.0,0.9999998,1.0,1.0,1.0,1.0,1.0,1.0,1.0,1.0
SAFB_K562,1.0,1.0,1.0,1.0,1.0,1.0,0.9999508,1.0,1.0,1.0,1.0,1.0,0.99999964,1.0,1.0,1.0,1.0,1.0,1.0,1.0,1.0,1.0,1.0,1.0,1.0,1.0,1.0,1.0,1.0,0.99999946,1.0,1.0,1.0,1.0,1.0,0.9999981,1.0,1.0,1.0,1.0,1.0,1.0,1.0,1.0,1.0,1.0,1.0,1.0,1.0,1.0,1.0,1.0,1.0,1.0,1.0,1.0,1.0,1.0,1.0,1.0,1.0,1.0,1.0,1.0,1.0,1.0,1.0,1.0,1.0,0.99999374,1.0,1.0,1.0,1.0,1.0,1.0,1.0,1.0,1.0,1.0,1.0,1.0,1.0,1.0,1.0,0.99999905,1.0,1.0,1.0,1.0,1.0,1.0,1.0,0.999998,1.0,1.0,1.0,1.0,1.0,1.0,1.0,1.0,1.0,0.99999803,1.0,0.9999916,1.0,1.0,1.0,1.0,1.0,1.0,1.0,1.0,1.0,1.0,1.0,1.0,0.9999991,1.0,1.0,1.0,1.0,1.0,1.0,1.0,1.0,1.0,1.0,1.0,1.0,1.0,1.0,1.0,1.0,1.0,1.0,1.0,1.0,1.0,1.0,1.0,1.0,1.0,1.0,1.0,1.0,1.0,1.0,1.0,1.0,1.0,1.0,1.0,1.0,1.0,1.0,1.0,1.0,1.0,1.0,1.0,1.0,1.0,1.0,1.0,1.0,1.0,1.0,1.0,1.0,0.99999976,1.0,1.0,1.0,1.0,1.0,1.0,1.0,1.0,1.0,1.0,1.0,0.99999875,1.0,1.0,1.0,1.0,1.0,1.0,1.0,1.0,1.0,1.0,1.0,1.0,1.0,1.0,1.0,0.9999912,1.0,1.0,1.0,1.0,1.0,1.0,1.0,1.0,1.0,1.0,1.0,1.0,1.0,1.0,0.9999998,1.0,1.0,1.0,1.0,1.0,1.0,1.0,1.0
SAFB2_K562,1.0,1.0,1.0,1.0,1.0,1.0,0.9999508,1.0,1.0,1.0,1.0,1.0,0.99999964,1.0,1.0,1.0,1.0,1.0,1.0,1.0,1.0,1.0,1.0,1.0,1.0,1.0,1.0,1.0,1.0,0.99999946,1.0,1.0,1.0,1.0,1.0,0.9999981,1.0,1.0,1.0,1.0,1.0,1.0,1.0,1.0,1.0,1.0,1.0,1.0,1.0,1.0,1.0,1.0,1.0,1.0,1.0,1.0,1.0,1.0,1.0,1.0,1.0,1.0,1.0,1.0,1.0,1.0,1.0,1.0,1.0,0.99999374,1.0,1.0,1.0,1.0,1.0,1.0,1.0,1.0,1.0,1.0,1.0,1.0,1.0,1.0,1.0,0.99999905,1.0,1.0,1.0,1.0,1.0,1.0,1.0,0.999998,1.0,1.0,1.0,1.0,1.0,1.0,1.0,1.0,1.0,0.99999803,1.0,0.9999916,1.0,1.0,1.0,1.0,1.0,1.0,1.0,1.0,1.0,1.0,1.0,1.0,0.9999991,1.0,1.0,1.0,1.0,1.0,1.0,1.0,1.0,1.0,1.0,1.0,1.0,1.0,1.0,1.0,1.0,1.0,1.0,1.0,1.0,1.0,1.0,1.0,1.0,1.0,1.0,1.0,1.0,1.0,1.0,1.0,1.0,1.0,1.0,1.0,1.0,1.0,1.0,1.0,1.0,1.0,1.0,1.0,1.0,1.0,1.0,1.0,1.0,1.0,1.0,1.0,1.0,0.99999976,1.0,1.0,1.0,1.0,1.0,1.0,1.0,1.0,1.0,1.0,1.0,0.99999875,1.0,1.0,1.0,1.0,1.0,1.0,1.0,1.0,1.0,1.0,1.0,1.0,1.0,1.0,1.0,0.9999912,1.0,1.0,1.0,1.0,1.0,1.0,1.0,1.0,1.0,1.0,1.0,1.0,1.0,1.0,0.9999998,1.0,1.0,1.0,1.0,1.0,1.0,1.0,1.0
SBDS_K562,1.0,1.0,1.0,1.0,1.0,1.0,0.9999508,1.0,1.0,1.0,1.0,1.0,0.99999964,1.0,1.0,1.0,1.0,1.0,1.0,1.0,1.0,1.0,1.0,1.0,1.0,1.0,1.0,1.0,1.0,0.99999946,1.0,1.0,1.0,1.0,1.0,0.9999981,1.0,1.0,1.0,1.0,1.0,1.0,1.0,1.0,1.0,1.0,1.0,1.0,1.0,1.0,1.0,1.0,1.0,1.0,1.0,1.0,1.0,1.0,1.0,1.0,1.0,1.0,1.0,1.0,1.0,1.0,1.0,1.0,1.0,0.99999374,1.0,1.0,1.0,1.0,1.0,1.0,1.0,1.0,1.0,1.0,1.0,1.0,1.0,1.0,1.0,0.99999905,1.0,1.0,1.0,1.0,1.0,1.0,1.0,0.999998,1.0,1.0,1.0,1.0,1.0,1.0,1.0,1.0,1.0,0.99999803,1.0,0.9999916,1.0,1.0,1.0,1.0,1.0,1.0,1.0,1.0,1.0,1.0,1.0,1.0,0.9999991,1.0,1.0,1.0,1.0,1.0,1.0,1.0,1.0,1.0,1.0,1.0,1.0,1.0,1.0,1.0,1.0,1.0,1.0,1.0,1.0,1.0,1.0,1.0,1.0,1.0,1.0,1.0,1.0,1.0,1.0,1.0,1.0,1.0,1.0,1.0,1.0,1.0,1.0,1.0,1.0,1.0,1.0,1.0,1.0,1.0,1.0,1.0,1.0,1.0,1.0,1.0,1.0,0.99999976,1.0,1.0,1.0,1.0,1.0,1.0,1.0,1.0,1.0,1.0,1.0,0.99999875,1.0,1.0,1.0,1.0,1.0,1.0,1.0,1.0,1.0,1.0,1.0,1.0,1.0,1.0,1.0,0.9999912,1.0,1.0,1.0,1.0,1.0,1.0,1.0,1.0,1.0,1.0,1.0,1.0,1.0,1.0,0.9999998,1.0,1.0,1.0,1.0,1.0,1.0,1.0,1.0
SDAD1_HepG2,1.0,1.0,1.0,1.0,1.0,1.0,0.9999508,1.0,1.0,1.0,1.0,1.0,0.99999964,1.0,1.0,1.0,1.0,1.0,1.0,1.0,1.0,1.0,1.0,1.0,1.0,1.0,1.0,1.0,1.0,0.99999946,1.0,1.0,1.0,1.0,1.0,0.9999981,1.0,1.0,1.0,1.0,1.0,1.0,1.0,1.0,1.0,1.0,1.0,1.0,1.0,1.0,1.0,1.0,1.0,1.0,1.0,1.0,1.0,1.0,1.0,1.0,1.0,1.0,1.0,1.0,1.0,1.0,1.0,1.0,1.0,0.99999374,1.0,1.0,1.0,1.0,1.0,1.0,1.0,1.0,1.0,1.0,1.0,1.0,1.0,1.0,1.0,0.99999905,1.0,1.0,1.0,1.0,1.0,1.0,1.0,0.999998,1.0,1.0,1.0,1.0,1.0,1.0,1.0,1.0,1.0,0.99999803,1.0,0.9999916,1.0,1.0,1.0,1.0,1.0,1.0,1.0,1.0,1.0,1.0,1.0,1.0,0.9999991,1.0,1.0,1.0,1.0,1.0,1.0,1.0,1.0,1.0,1.0,1.0,1.0,1.0,1.0,1.0,1.0,1.0,1.0,1.0,1.0,1.0,1.0,1.0,1.0,1.0,1.0,1.0,1.0,1.0,1.0,1.0,1.0,1.0,1.0,1.0,1.0,1.0,1.0,1.0,1.0,1.0,1.0,1.0,1.0,1.0,1.0,1.0,1.0,1.0,1.0,1.0,1.0,0.99999976,1.0,1.0,1.0,1.0,1.0,1.0,1.0,1.0,1.0,1.0,1.0,0.99999875,1.0,1.0,1.0,1.0,1.0,1.0,1.0,1.0,1.0,1.0,1.0,1.0,1.0,1.0,1.0,0.9999912,1.0,1.0,1.0,1.0,1.0,1.0,1.0,1.0,1.0,1.0,1.0,1.0,1.0,1.0,0.9999998,1.0,1.0,1.0,1.0,1.0,1.0,1.0,1.0
SDAD1_K562,1.0,1.0,1.0,1.0,1.0,1.0,0.9999508,1.0,1.0,1.0,1.0,1.0,0.99999964,1.0,1.0,1.0,1.0,1.0,1.0,1.0,1.0,1.0,1.0,1.0,1.0,1.0,1.0,1.0,1.0,0.99999946,1.0,1.0,1.0,1.0,1.0,0.9999981,1.0,1.0,1.0,1.0,1.0,1.0,1.0,1.0,1.0,1.0,1.0,1.0,1.0,1.0,1.0,1.0,1.0,1.0,1.0,1.0,1.0,1.0,1.0,1.0,1.0,1.0,1.0,1.0,1.0,1.0,1.0,1.0,1.0,0.99999374,1.0,1.0,1.0,1.0,1.0,1.0,1.0,1.0,1.0,1.0,1.0,1.0,1.0,1.0,1.0,0.99999905,1.0,1.0,1.0,1.0,1.0,1.0,1.0,0.999998,1.0,1.0,1.0,1.0,1.0,1.0,1.0,1.0,1.0,0.99999803,1.0,0.9999916,1.0,1.0,1.0,1.0,1.0,1.0,1.0,1.0,1.0,1.0,1.0,1.0,0.9999991,1.0,1.0,1.0,1.0,1.0,1.0,1.0,1.0,1.0,1.0,1.0,1.0,1.0,1.0,1.0,1.0,1.0,1.0,1.0,1.0,1.0,1.0,1.0,1.0,1.0,1.0,1.0,1.0,1.0,1.0,1.0,1.0,1.0,1.0,1.0,1.0,1.0,1.0,1.0,1.0,1.0,1.0,1.0,1.0,1.0,1.0,1.0,1.0,1.0,1.0,1.0,1.0,0.99999976,1.0,1.0,1.0,1.0,1.0,1.0,1.0,1.0,1.0,1.0,1.0,0.99999875,1.0,1.0,1.0,1.0,1.0,1.0,1.0,1.0,1.0,1.0,1.0,1.0,1.0,1.0,1.0,0.9999912,1.0,1.0,1.0,1.0,1.0,1.0,1.0,1.0,1.0,1.0,1.0,1.0,1.0,1.0,0.9999998,1.0,1.0,1.0,1.0,1.0,1.0,1.0,1.0
SERBP1_K562,1.0,1.0,1.0,1.0,1.0,1.0,0.9999508,1.0,1.0,1.0,1.0,1.0,0.99999964,1.0,1.0,1.0,1.0,1.0,1.0,1.0,1.0,1.0,1.0,1.0,1.0,1.0,1.0,1.0,1.0,0.99999946,1.0,1.0,1.0,1.0,1.0,0.9999981,1.0,1.0,1.0,1.0,1.0,1.0,1.0,1.0,1.0,1.0,1.0,1.0,1.0,1.0,1.0,1.0,1.0,1.0,1.0,1.0,1.0,1.0,1.0,1.0,1.0,1.0,1.0,1.0,1.0,1.0,1.0,1.0,1.0,0.99999374,1.0,1.0,1.0,1.0,1.0,1.0,1.0,1.0,1.0,1.0,1.0,1.0,1.0,1.0,1.0,0.99999905,1.0,1.0,1.0,1.0,1.0,1.0,1.0,0.999998,1.0,1.0,1.0,1.0,1.0,1.0,1.0,1.0,1.0,0.99999803,1.0,0.9999916,1.0,1.0,1.0,1.0,1.0,1.0,1.0,1.0,1.0,1.0,1.0,1.0,0.9999991,1.0,1.0,1.0,1.0,1.0,1.0,1.0,1.0,1.0,1.0,1.0,1.0,1.0,1.0,1.0,1.0,1.0,1.0,1.0,1.0,1.0,1.0,1.0,1.0,1.0,1.0,1.0,1.0,1.0,1.0,1.0,1.0,1.0,1.0,1.0,1.0,1.0,1.0,1.0,1.0,1.0,1.0,1.0,1.0,1.0,1.0,1.0,1.0,1.0,1.0,1.0,1.0,0.99999976,1.0,1.0,1.0,1.0,1.0,1.0,1.0,1.0,1.0,1.0,1.0,0.99999875,1.0,1.0,1.0,1.0,1.0,1.0,1.0,1.0,1.0,1.0,1.0,1.0,1.0,1.0,1.0,0.9999912,1.0,1.0,1.0,1.0,1.0,1.0,1.0,1.0,1.0,1.0,1.0,1.0,1.0,1.0,0.9999998,1.0,1.0,1.0,1.0,1.0,1.0,1.0,1.0
SF3A3_HepG2,1.0,1.0,1.0,1.0,1.0,1.0,0.9999508,1.0,1.0,1.0,1.0,1.0,0.99999964,1.0,1.0,1.0,1.0,1.0,1.0,1.0,1.0,1.0,1.0,1.0,1.0,1.0,1.0,1.0,1.0,0.99999946,1.0,1.0,1.0,1.0,1.0,0.9999981,1.0,1.0,1.0,1.0,1.0,1.0,1.0,1.0,1.0,1.0,1.0,1.0,1.0,1.0,1.0,1.0,1.0,1.0,1.0,1.0,1.0,1.0,1.0,1.0,1.0,1.0,1.0,1.0,1.0,1.0,1.0,1.0,1.0,0.99999374,1.0,1.0,1.0,1.0,1.0,1.0,1.0,1.0,1.0,1.0,1.0,1.0,1.0,1.0,1.0,0.99999905,1.0,1.0,1.0,1.0,1.0,1.0,1.0,0.999998,1.0,1.0,1.0,1.0,1.0,1.0,1.0,1.0,1.0,0.99999803,1.0,0.9999916,1.0,1.0,1.0,1.0,1.0,1.0,1.0,1.0,1.0,1.0,1.0,1.0,0.9999991,1.0,1.0,1.0,1.0,1.0,1.0,1.0,1.0,1.0,1.0,1.0,1.0,1.0,1.0,1.0,1.0,1.0,1.0,1.0,1.0,1.0,1.0,1.0,1.0,1.0,1.0,1.0,1.0,1.0,1.0,1.0,1.0,1.0,1.0,1.0,1.0,1.0,1.0,1.0,1.0,1.0,1.0,1.0,1.0,1.0,1.0,1.0,1.0,1.0,1.0,1.0,1.0,0.99999976,1.0,1.0,1.0,1.0,1.0,1.0,1.0,1.0,1.0,1.0,1.0,0.99999875,1.0,1.0,1.0,1.0,1.0,1.0,1.0,1.0,1.0,1.0,1.0,1.0,1.0,1.0,1.0,0.9999912,1.0,1.0,1.0,1.0,1.0,1.0,1.0,1.0,1.0,1.0,1.0,1.0,1.0,1.0,0.9999998,1.0,1.0,1.0,1.0,1.0,1.0,1.0,1.0
SF3B1_K562,1.0,1.0,1.0,1.0,1.0,1.0,0.9999508,1.0,1.0,1.0,1.0,1.0,0.99999964,1.0,1.0,1.0,1.0,1.0,1.0,1.0,1.0,1.0,1.0,1.0,1.0,1.0,1.0,1.0,1.0,0.99999946,1.0,1.0,1.0,1.0,1.0,0.9999981,1.0,1.0,1.0,1.0,1.0,1.0,1.0,1.0,1.0,1.0,1.0,1.0,1.0,1.0,1.0,1.0,1.0,1.0,1.0,1.0,1.0,1.0,1.0,1.0,1.0,1.0,1.0,1.0,1.0,1.0,1.0,1.0,1.0,0.99999374,1.0,1.0,1.0,1.0,1.0,1.0,1.0,1.0,1.0,1.0,1.0,1.0,1.0,1.0,1.0,0.99999905,1.0,1.0,1.0,1.0,1.0,1.0,1.0,0.999998,1.0,1.0,1.0,1.0,1.0,1.0,1.0,1.0,1.0,0.99999803,1.0,0.9999916,1.0,1.0,1.0,1.0,1.0,1.0,1.0,1.0,1.0,1.0,1.0,1.0,0.9999991,1.0,1.0,1.0,1.0,1.0,1.0,1.0,1.0,1.0,1.0,1.0,1.0,1.0,1.0,1.0,1.0,1.0,1.0,1.0,1.0,1.0,1.0,1.0,1.0,1.0,1.0,1.0,1.0,1.0,1.0,1.0,1.0,1.0,1.0,1.0,1.0,1.0,1.0,1.0,1.0,1.0,1.0,1.0,1.0,1.0,1.0,1.0,1.0,1.0,1.0,1.0,1.0,0.99999976,1.0,1.0,1.0,1.0,1.0,1.0,1.0,1.0,1.0,1.0,1.0,0.99999875,1.0,1.0,1.0,1.0,1.0,1.0,1.0,1.0,1.0,1.0,1.0,1.0,1.0,1.0,1.0,0.9999912,1.0,1.0,1.0,1.0,1.0,1.0,1.0,1.0,1.0,1.0,1.0,1.0,1.0,1.0,0.9999998,1.0,1.0,1.0,1.0,1.0,1.0,1.0,1.0
SF3B4_HepG2,1.0,1.0,1.0,1.0,1.0,1.0,0.9999508,1.0,1.0,1.0,1.0,1.0,0.99999964,1.0,1.0,1.0,1.0,1.0,1.0,1.0,1.0,1.0,1.0,1.0,1.0,1.0,1.0,1.0,1.0,0.99999946,1.0,1.0,1.0,1.0,1.0,0.9999981,1.0,1.0,1.0,1.0,1.0,1.0,1.0,1.0,1.0,1.0,1.0,1.0,1.0,1.0,1.0,1.0,1.0,1.0,1.0,1.0,1.0,1.0,1.0,1.0,1.0,1.0,1.0,1.0,1.0,1.0,1.0,1.0,1.0,0.99999374,1.0,1.0,1.0,1.0,1.0,1.0,1.0,1.0,1.0,1.0,1.0,1.0,1.0,1.0,1.0,0.99999905,1.0,1.0,1.0,1.0,1.0,1.0,1.0,0.999998,1.0,1.0,1.0,1.0,1.0,1.0,1.0,1.0,1.0,0.99999803,1.0,0.9999916,1.0,1.0,1.0,1.0,1.0,1.0,1.0,1.0,1.0,1.0,1.0,1.0,0.9999991,1.0,1.0,1.0,1.0,1.0,1.0,1.0,1.0,1.0,1.0,1.0,1.0,1.0,1.0,1.0,1.0,1.0,1.0,1.0,1.0,1.0,1.0,1.0,1.0,1.0,1.0,1.0,1.0,1.0,1.0,1.0,1.0,1.0,1.0,1.0,1.0,1.0,1.0,1.0,1.0,1.0,1.0,1.0,1.0,1.0,1.0,1.0,1.0,1.0,1.0,1.0,1.0,0.99999976,1.0,1.0,1.0,1.0,1.0,1.0,1.0,1.0,1.0,1.0,1.0,0.99999875,1.0,1.0,1.0,1.0,1.0,1.0,1.0,1.0,1.0,1.0,1.0,1.0,1.0,1.0,1.0,0.9999912,1.0,1.0,1.0,1.0,1.0,1.0,1.0,1.0,1.0,1.0,1.0,1.0,1.0,1.0,0.9999998,1.0,1.0,1.0,1.0,1.0,1.0,1.0,1.0
SF3B4_K562,1.0,1.0,1.0,1.0,1.0,1.0,0.9999508,1.0,1.0,1.0,1.0,1.0,0.99999964,1.0,1.0,1.0,1.0,1.0,1.0,1.0,1.0,1.0,1.0,1.0,1.0,1.0,1.0,1.0,1.0,0.99999946,1.0,1.0,1.0,1.0,1.0,0.9999981,1.0,1.0,1.0,1.0,1.0,1.0,1.0,1.0,1.0,1.0,1.0,1.0,1.0,1.0,1.0,1.0,1.0,1.0,1.0,1.0,1.0,1.0,1.0,1.0,1.0,1.0,1.0,1.0,1.0,1.0,1.0,1.0,1.0,0.99999374,1.0,1.0,1.0,1.0,1.0,1.0,1.0,1.0,1.0,1.0,1.0,1.0,1.0,1.0,1.0,0.99999905,1.0,1.0,1.0,1.0,1.0,1.0,1.0,0.999998,1.0,1.0,1.0,1.0,1.0,1.0,1.0,1.0,1.0,0.99999803,1.0,0.9999916,1.0,1.0,1.0,1.0,1.0,1.0,1.0,1.0,1.0,1.0,1.0,1.0,0.9999991,1.0,1.0,1.0,1.0,1.0,1.0,1.0,1.0,1.0,1.0,1.0,1.0,1.0,1.0,1.0,1.0,1.0,1.0,1.0,1.0,1.0,1.0,1.0,1.0,1.0,1.0,1.0,1.0,1.0,1.0,1.0,1.0,1.0,1.0,1.0,1.0,1.0,1.0,1.0,1.0,1.0,1.0,1.0,1.0,1.0,1.0,1.0,1.0,1.0,1.0,1.0,1.0,0.99999976,1.0,1.0,1.0,1.0,1.0,1.0,1.0,1.0,1.0,1.0,1.0,0.99999875,1.0,1.0,1.0,1.0,1.0,1.0,1.0,1.0,1.0,1.0,1.0,1.0,1.0,1.0,1.0,0.9999912,1.0,1.0,1.0,1.0,1.0,1.0,1.0,1.0,1.0,1.0,1.0,1.0,1.0,1.0,0.9999998,1.0,1.0,1.0,1.0,1.0,1.0,1.0,1.0
SFPQ_HepG2,1.0,1.0,1.0,1.0,1.0,1.0,0.9999508,1.0,1.0,1.0,1.0,1.0,0.99999964,1.0,1.0,1.0,1.0,1.0,1.0,1.0,1.0,1.0,1.0,1.0,1.0,1.0,1.0,1.0,1.0,0.99999946,1.0,1.0,1.0,1.0,1.0,0.9999981,1.0,1.0,1.0,1.0,1.0,1.0,1.0,1.0,1.0,1.0,1.0,1.0,1.0,1.0,1.0,1.0,1.0,1.0,1.0,1.0,1.0,1.0,1.0,1.0,1.0,1.0,1.0,1.0,1.0,1.0,1.0,1.0,1.0,0.99999374,1.0,1.0,1.0,1.0,1.0,1.0,1.0,1.0,1.0,1.0,1.0,1.0,1.0,1.0,1.0,0.99999905,1.0,1.0,1.0,1.0,1.0,1.0,1.0,0.999998,1.0,1.0,1.0,1.0,1.0,1.0,1.0,1.0,1.0,0.99999803,1.0,0.9999916,1.0,1.0,1.0,1.0,1.0,1.0,1.0,1.0,1.0,1.0,1.0,1.0,0.9999991,1.0,1.0,1.0,1.0,1.0,1.0,1.0,1.0,1.0,1.0,1.0,1.0,1.0,1.0,1.0,1.0,1.0,1.0,1.0,1.0,1.0,1.0,1.0,1.0,1.0,1.0,1.0,1.0,1.0,1.0,1.0,1.0,1.0,1.0,1.0,1.0,1.0,1.0,1.0,1.0,1.0,1.0,1.0,1.0,1.0,1.0,1.0,1.0,1.0,1.0,1.0,1.0,0.99999976,1.0,1.0,1.0,1.0,1.0,1.0,1.0,1.0,1.0,1.0,1.0,0.99999875,1.0,1.0,1.0,1.0,1.0,1.0,1.0,1.0,1.0,1.0,1.0,1.0,1.0,1.0,1.0,0.9999912,1.0,1.0,1.0,1.0,1.0,1.0,1.0,1.0,1.0,1.0,1.0,1.0,1.0,1.0,0.9999998,1.0,1.0,1.0,1.0,1.0,1.0,1.0,1.0
SLBP_K562,1.0,1.0,1.0,1.0,1.0,1.0,0.9999508,1.0,1.0,1.0,1.0,1.0,0.99999964,1.0,1.0,1.0,1.0,1.0,1.0,1.0,1.0,1.0,1.0,1.0,1.0,1.0,1.0,1.0,1.0,0.99999946,1.0,1.0,1.0,1.0,1.0,0.9999981,1.0,1.0,1.0,1.0,1.0,1.0,1.0,1.0,1.0,1.0,1.0,1.0,1.0,1.0,1.0,1.0,1.0,1.0,1.0,1.0,1.0,1.0,1.0,1.0,1.0,1.0,1.0,1.0,1.0,1.0,1.0,1.0,1.0,0.99999374,1.0,1.0,1.0,1.0,1.0,1.0,1.0,1.0,1.0,1.0,1.0,1.0,1.0,1.0,1.0,0.99999905,1.0,1.0,1.0,1.0,1.0,1.0,1.0,0.999998,1.0,1.0,1.0,1.0,1.0,1.0,1.0,1.0,1.0,0.99999803,1.0,0.9999916,1.0,1.0,1.0,1.0,1.0,1.0,1.0,1.0,1.0,1.0,1.0,1.0,0.9999991,1.0,1.0,1.0,1.0,1.0,1.0,1.0,1.0,1.0,1.0,1.0,1.0,1.0,1.0,1.0,1.0,1.0,1.0,1.0,1.0,1.0,1.0,1.0,1.0,1.0,1.0,1.0,1.0,1.0,1.0,1.0,1.0,1.0,1.0,1.0,1.0,1.0,1.0,1.0,1.0,1.0,1.0,1.0,1.0,1.0,1.0,1.0,1.0,1.0,1.0,1.0,1.0,0.99999976,1.0,1.0,1.0,1.0,1.0,1.0,1.0,1.0,1.0,1.0,1.0,0.99999875,1.0,1.0,1.0,1.0,1.0,1.0,1.0,1.0,1.0,1.0,1.0,1.0,1.0,1.0,1.0,0.9999912,1.0,1.0,1.0,1.0,1.0,1.0,1.0,1.0,1.0,1.0,1.0,1.0,1.0,1.0,0.9999998,1.0,1.0,1.0,1.0,1.0,1.0,1.0,1.0
SLTM_HepG2,1.0,1.0,1.0,1.0,1.0,1.0,0.9999508,1.0,1.0,1.0,1.0,1.0,0.99999964,1.0,1.0,1.0,1.0,1.0,1.0,1.0,1.0,1.0,1.0,1.0,1.0,1.0,1.0,1.0,1.0,0.99999946,1.0,1.0,1.0,1.0,1.0,0.9999981,1.0,1.0,1.0,1.0,1.0,1.0,1.0,1.0,1.0,1.0,1.0,1.0,1.0,1.0,1.0,1.0,1.0,1.0,1.0,1.0,1.0,1.0,1.0,1.0,1.0,1.0,1.0,1.0,1.0,1.0,1.0,1.0,1.0,0.99999374,1.0,1.0,1.0,1.0,1.0,1.0,1.0,1.0,1.0,1.0,1.0,1.0,1.0,1.0,1.0,0.99999905,1.0,1.0,1.0,1.0,1.0,1.0,1.0,0.999998,1.0,1.0,1.0,1.0,1.0,1.0,1.0,1.0,1.0,0.99999803,1.0,0.9999916,1.0,1.0,1.0,1.0,1.0,1.0,1.0,1.0,1.0,1.0,1.0,1.0,0.9999991,1.0,1.0,1.0,1.0,1.0,1.0,1.0,1.0,1.0,1.0,1.0,1.0,1.0,1.0,1.0,1.0,1.0,1.0,1.0,1.0,1.0,1.0,1.0,1.0,1.0,1.0,1.0,1.0,1.0,1.0,1.0,1.0,1.0,1.0,1.0,1.0,1.0,1.0,1.0,1.0,1.0,1.0,1.0,1.0,1.0,1.0,1.0,1.0,1.0,1.0,1.0,1.0,0.99999976,1.0,1.0,1.0,1.0,1.0,1.0,1.0,1.0,1.0,1.0,1.0,0.99999875,1.0,1.0,1.0,1.0,1.0,1.0,1.0,1.0,1.0,1.0,1.0,1.0,1.0,1.0,1.0,0.9999912,1.0,1.0,1.0,1.0,1.0,1.0,1.0,1.0,1.0,1.0,1.0,1.0,1.0,1.0,0.9999998,1.0,1.0,1.0,1.0,1.0,1.0,1.0,1.0
SLTM_K562,1.0,1.0,1.0,1.0,1.0,1.0,0.9999508,1.0,1.0,1.0,1.0,1.0,0.99999964,1.0,1.0,1.0,1.0,1.0,1.0,1.0,1.0,1.0,1.0,1.0,1.0,1.0,1.0,1.0,1.0,0.99999946,1.0,1.0,1.0,1.0,1.0,0.9999981,1.0,1.0,1.0,1.0,1.0,1.0,1.0,1.0,1.0,1.0,1.0,1.0,1.0,1.0,1.0,1.0,1.0,1.0,1.0,1.0,1.0,1.0,1.0,1.0,1.0,1.0,1.0,1.0,1.0,1.0,1.0,1.0,1.0,0.99999374,1.0,1.0,1.0,1.0,1.0,1.0,1.0,1.0,1.0,1.0,1.0,1.0,1.0,1.0,1.0,0.99999905,1.0,1.0,1.0,1.0,1.0,1.0,1.0,0.999998,1.0,1.0,1.0,1.0,1.0,1.0,1.0,1.0,1.0,0.99999803,1.0,0.9999916,1.0,1.0,1.0,1.0,1.0,1.0,1.0,1.0,1.0,1.0,1.0,1.0,0.9999991,1.0,1.0,1.0,1.0,1.0,1.0,1.0,1.0,1.0,1.0,1.0,1.0,1.0,1.0,1.0,1.0,1.0,1.0,1.0,1.0,1.0,1.0,1.0,1.0,1.0,1.0,1.0,1.0,1.0,1.0,1.0,1.0,1.0,1.0,1.0,1.0,1.0,1.0,1.0,1.0,1.0,1.0,1.0,1.0,1.0,1.0,1.0,1.0,1.0,1.0,1.0,1.0,0.99999976,1.0,1.0,1.0,1.0,1.0,1.0,1.0,1.0,1.0,1.0,1.0,0.99999875,1.0,1.0,1.0,1.0,1.0,1.0,1.0,1.0,1.0,1.0,1.0,1.0,1.0,1.0,1.0,0.9999912,1.0,1.0,1.0,1.0,1.0,1.0,1.0,1.0,1.0,1.0,1.0,1.0,1.0,1.0,0.9999998,1.0,1.0,1.0,1.0,1.0,1.0,1.0,1.0
SMNDC1_HepG2,1.0,1.0,1.0,1.0,1.0,1.0,0.9999508,1.0,1.0,1.0,1.0,1.0,0.99999964,1.0,1.0,1.0,1.0,1.0,1.0,1.0,1.0,1.0,1.0,1.0,1.0,1.0,1.0,1.0,1.0,0.99999946,1.0,1.0,1.0,1.0,1.0,0.9999981,1.0,1.0,1.0,1.0,1.0,1.0,1.0,1.0,1.0,1.0,1.0,1.0,1.0,1.0,1.0,1.0,1.0,1.0,1.0,1.0,1.0,1.0,1.0,1.0,1.0,1.0,1.0,1.0,1.0,1.0,1.0,1.0,1.0,0.99999374,1.0,1.0,1.0,1.0,1.0,1.0,1.0,1.0,1.0,1.0,1.0,1.0,1.0,1.0,1.0,0.99999905,1.0,1.0,1.0,1.0,1.0,1.0,1.0,0.999998,1.0,1.0,1.0,1.0,1.0,1.0,1.0,1.0,1.0,0.99999803,1.0,0.9999916,1.0,1.0,1.0,1.0,1.0,1.0,1.0,1.0,1.0,1.0,1.0,1.0,0.9999991,1.0,1.0,1.0,1.0,1.0,1.0,1.0,1.0,1.0,1.0,1.0,1.0,1.0,1.0,1.0,1.0,1.0,1.0,1.0,1.0,1.0,1.0,1.0,1.0,1.0,1.0,1.0,1.0,1.0,1.0,1.0,1.0,1.0,1.0,1.0,1.0,1.0,1.0,1.0,1.0,1.0,1.0,1.0,1.0,1.0,1.0,1.0,1.0,1.0,1.0,1.0,1.0,0.99999976,1.0,1.0,1.0,1.0,1.0,1.0,1.0,1.0,1.0,1.0,1.0,0.99999875,1.0,1.0,1.0,1.0,1.0,1.0,1.0,1.0,1.0,1.0,1.0,1.0,1.0,1.0,1.0,0.9999912,1.0,1.0,1.0,1.0,1.0,1.0,1.0,1.0,1.0,1.0,1.0,1.0,1.0,1.0,0.9999998,1.0,1.0,1.0,1.0,1.0,1.0,1.0,1.0
SMNDC1_K562,1.0,1.0,1.0,1.0,1.0,1.0,0.9999508,1.0,1.0,1.0,1.0,1.0,0.99999964,1.0,1.0,1.0,1.0,1.0,1.0,1.0,1.0,1.0,1.0,1.0,1.0,1.0,1.0,1.0,1.0,0.99999946,1.0,1.0,1.0,1.0,1.0,0.9999981,1.0,1.0,1.0,1.0,1.0,1.0,1.0,1.0,1.0,1.0,1.0,1.0,1.0,1.0,1.0,1.0,1.0,1.0,1.0,1.0,1.0,1.0,1.0,1.0,1.0,1.0,1.0,1.0,1.0,1.0,1.0,1.0,1.0,0.99999374,1.0,1.0,1.0,1.0,1.0,1.0,1.0,1.0,1.0,1.0,1.0,1.0,1.0,1.0,1.0,0.99999905,1.0,1.0,1.0,1.0,1.0,1.0,1.0,0.999998,1.0,1.0,1.0,1.0,1.0,1.0,1.0,1.0,1.0,0.99999803,1.0,0.9999916,1.0,1.0,1.0,1.0,1.0,1.0,1.0,1.0,1.0,1.0,1.0,1.0,0.9999991,1.0,1.0,1.0,1.0,1.0,1.0,1.0,1.0,1.0,1.0,1.0,1.0,1.0,1.0,1.0,1.0,1.0,1.0,1.0,1.0,1.0,1.0,1.0,1.0,1.0,1.0,1.0,1.0,1.0,1.0,1.0,1.0,1.0,1.0,1.0,1.0,1.0,1.0,1.0,1.0,1.0,1.0,1.0,1.0,1.0,1.0,1.0,1.0,1.0,1.0,1.0,1.0,0.99999976,1.0,1.0,1.0,1.0,1.0,1.0,1.0,1.0,1.0,1.0,1.0,0.99999875,1.0,1.0,1.0,1.0,1.0,1.0,1.0,1.0,1.0,1.0,1.0,1.0,1.0,1.0,1.0,0.9999912,1.0,1.0,1.0,1.0,1.0,1.0,1.0,1.0,1.0,1.0,1.0,1.0,1.0,1.0,0.9999998,1.0,1.0,1.0,1.0,1.0,1.0,1.0,1.0
SND1_HepG2,1.0,1.0,1.0,1.0,1.0,1.0,0.9999508,1.0,1.0,1.0,1.0,1.0,0.99999964,1.0,1.0,1.0,1.0,1.0,1.0,1.0,1.0,1.0,1.0,1.0,1.0,1.0,1.0,1.0,1.0,0.99999946,1.0,1.0,1.0,1.0,1.0,0.9999981,1.0,1.0,1.0,1.0,1.0,1.0,1.0,1.0,1.0,1.0,1.0,1.0,1.0,1.0,1.0,1.0,1.0,1.0,1.0,1.0,1.0,1.0,1.0,1.0,1.0,1.0,1.0,1.0,1.0,1.0,1.0,1.0,1.0,0.99999374,1.0,1.0,1.0,1.0,1.0,1.0,1.0,1.0,1.0,1.0,1.0,1.0,1.0,1.0,1.0,0.99999905,1.0,1.0,1.0,1.0,1.0,1.0,1.0,0.999998,1.0,1.0,1.0,1.0,1.0,1.0,1.0,1.0,1.0,0.99999803,1.0,0.9999916,1.0,1.0,1.0,1.0,1.0,1.0,1.0,1.0,1.0,1.0,1.0,1.0,0.9999991,1.0,1.0,1.0,1.0,1.0,1.0,1.0,1.0,1.0,1.0,1.0,1.0,1.0,1.0,1.0,1.0,1.0,1.0,1.0,1.0,1.0,1.0,1.0,1.0,1.0,1.0,1.0,1.0,1.0,1.0,1.0,1.0,1.0,1.0,1.0,1.0,1.0,1.0,1.0,1.0,1.0,1.0,1.0,1.0,1.0,1.0,1.0,1.0,1.0,1.0,1.0,1.0,0.99999976,1.0,1.0,1.0,1.0,1.0,1.0,1.0,1.0,1.0,1.0,1.0,0.99999875,1.0,1.0,1.0,1.0,1.0,1.0,1.0,1.0,1.0,1.0,1.0,1.0,1.0,1.0,1.0,0.9999912,1.0,1.0,1.0,1.0,1.0,1.0,1.0,1.0,1.0,1.0,1.0,1.0,1.0,1.0,0.9999998,1.0,1.0,1.0,1.0,1.0,1.0,1.0,1.0
SND1_K562,1.0,1.0,1.0,1.0,1.0,1.0,0.9999508,1.0,1.0,1.0,1.0,1.0,0.99999964,1.0,1.0,1.0,1.0,1.0,1.0,1.0,1.0,1.0,1.0,1.0,1.0,1.0,1.0,1.0,1.0,0.99999946,1.0,1.0,1.0,1.0,1.0,0.9999981,1.0,1.0,1.0,1.0,1.0,1.0,1.0,1.0,1.0,1.0,1.0,1.0,1.0,1.0,1.0,1.0,1.0,1.0,1.0,1.0,1.0,1.0,1.0,1.0,1.0,1.0,1.0,1.0,1.0,1.0,1.0,1.0,1.0,0.99999374,1.0,1.0,1.0,1.0,1.0,1.0,1.0,1.0,1.0,1.0,1.0,1.0,1.0,1.0,1.0,0.99999905,1.0,1.0,1.0,1.0,1.0,1.0,1.0,0.999998,1.0,1.0,1.0,1.0,1.0,1.0,1.0,1.0,1.0,0.99999803,1.0,0.9999916,1.0,1.0,1.0,1.0,1.0,1.0,1.0,1.0,1.0,1.0,1.0,1.0,0.9999991,1.0,1.0,1.0,1.0,1.0,1.0,1.0,1.0,1.0,1.0,1.0,1.0,1.0,1.0,1.0,1.0,1.0,1.0,1.0,1.0,1.0,1.0,1.0,1.0,1.0,1.0,1.0,1.0,1.0,1.0,1.0,1.0,1.0,1.0,1.0,1.0,1.0,1.0,1.0,1.0,1.0,1.0,1.0,1.0,1.0,1.0,1.0,1.0,1.0,1.0,1.0,1.0,0.99999976,1.0,1.0,1.0,1.0,1.0,1.0,1.0,1.0,1.0,1.0,1.0,0.99999875,1.0,1.0,1.0,1.0,1.0,1.0,1.0,1.0,1.0,1.0,1.0,1.0,1.0,1.0,1.0,0.9999912,1.0,1.0,1.0,1.0,1.0,1.0,1.0,1.0,1.0,1.0,1.0,1.0,1.0,1.0,0.9999998,1.0,1.0,1.0,1.0,1.0,1.0,1.0,1.0
SRSF1_HepG2,1.0,1.0,1.0,1.0,1.0,1.0,0.9999508,1.0,1.0,1.0,1.0,1.0,0.99999964,1.0,1.0,1.0,1.0,1.0,1.0,1.0,1.0,1.0,1.0,1.0,1.0,1.0,1.0,1.0,1.0,0.99999946,1.0,1.0,1.0,1.0,1.0,0.9999981,1.0,1.0,1.0,1.0,1.0,1.0,1.0,1.0,1.0,1.0,1.0,1.0,1.0,1.0,1.0,1.0,1.0,1.0,1.0,1.0,1.0,1.0,1.0,1.0,1.0,1.0,1.0,1.0,1.0,1.0,1.0,1.0,1.0,0.99999374,1.0,1.0,1.0,1.0,1.0,1.0,1.0,1.0,1.0,1.0,1.0,1.0,1.0,1.0,1.0,0.99999905,1.0,1.0,1.0,1.0,1.0,1.0,1.0,0.999998,1.0,1.0,1.0,1.0,1.0,1.0,1.0,1.0,1.0,0.99999803,1.0,0.9999916,1.0,1.0,1.0,1.0,1.0,1.0,1.0,1.0,1.0,1.0,1.0,1.0,0.9999991,1.0,1.0,1.0,1.0,1.0,1.0,1.0,1.0,1.0,1.0,1.0,1.0,1.0,1.0,1.0,1.0,1.0,1.0,1.0,1.0,1.0,1.0,1.0,1.0,1.0,1.0,1.0,1.0,1.0,1.0,1.0,1.0,1.0,1.0,1.0,1.0,1.0,1.0,1.0,1.0,1.0,1.0,1.0,1.0,1.0,1.0,1.0,1.0,1.0,1.0,1.0,1.0,0.99999976,1.0,1.0,1.0,1.0,1.0,1.0,1.0,1.0,1.0,1.0,1.0,0.99999875,1.0,1.0,1.0,1.0,1.0,1.0,1.0,1.0,1.0,1.0,1.0,1.0,1.0,1.0,1.0,0.9999912,1.0,1.0,1.0,1.0,1.0,1.0,1.0,1.0,1.0,1.0,1.0,1.0,1.0,1.0,0.9999998,1.0,1.0,1.0,1.0,1.0,1.0,1.0,1.0
SRSF1_K562,1.0,1.0,1.0,1.0,1.0,1.0,0.9999508,1.0,1.0,1.0,1.0,1.0,0.99999964,1.0,1.0,1.0,1.0,1.0,1.0,1.0,1.0,1.0,1.0,1.0,1.0,1.0,1.0,1.0,1.0,0.99999946,1.0,1.0,1.0,1.0,1.0,0.9999981,1.0,1.0,1.0,1.0,1.0,1.0,1.0,1.0,1.0,1.0,1.0,1.0,1.0,1.0,1.0,1.0,1.0,1.0,1.0,1.0,1.0,1.0,1.0,1.0,1.0,1.0,1.0,1.0,1.0,1.0,1.0,1.0,1.0,0.99999374,1.0,1.0,1.0,1.0,1.0,1.0,1.0,1.0,1.0,1.0,1.0,1.0,1.0,1.0,1.0,0.99999905,1.0,1.0,1.0,1.0,1.0,1.0,1.0,0.999998,1.0,1.0,1.0,1.0,1.0,1.0,1.0,1.0,1.0,0.99999803,1.0,0.9999916,1.0,1.0,1.0,1.0,1.0,1.0,1.0,1.0,1.0,1.0,1.0,1.0,0.9999991,1.0,1.0,1.0,1.0,1.0,1.0,1.0,1.0,1.0,1.0,1.0,1.0,1.0,1.0,1.0,1.0,1.0,1.0,1.0,1.0,1.0,1.0,1.0,1.0,1.0,1.0,1.0,1.0,1.0,1.0,1.0,1.0,1.0,1.0,1.0,1.0,1.0,1.0,1.0,1.0,1.0,1.0,1.0,1.0,1.0,1.0,1.0,1.0,1.0,1.0,1.0,1.0,0.99999976,1.0,1.0,1.0,1.0,1.0,1.0,1.0,1.0,1.0,1.0,1.0,0.99999875,1.0,1.0,1.0,1.0,1.0,1.0,1.0,1.0,1.0,1.0,1.0,1.0,1.0,1.0,1.0,0.9999912,1.0,1.0,1.0,1.0,1.0,1.0,1.0,1.0,1.0,1.0,1.0,1.0,1.0,1.0,0.9999998,1.0,1.0,1.0,1.0,1.0,1.0,1.0,1.0
SRSF7_HepG2,0.99999976,0.99999976,0.99999976,0.99999976,0.99999976,0.99999976,0.9999439,0.99999976,0.99999976,0.99999976,0.99999976,0.99999976,0.99999887,0.99999976,0.99999976,0.99999976,0.99999976,0.99999976,0.99999976,0.99999976,0.99999976,0.99999976,0.99999976,0.99999976,0.99999976,0.99999976,0.99999976,0.99999976,0.99999976,0.9999985,0.99999976,0.99999976,0.99999976,0.99999976,0.99999976,0.99999654,0.99999976,0.99999976,0.99999976,0.99999976,0.99999976,0.99999976,0.99999976,0.99999976,0.99999976,0.99999976,0.99999976,0.99999976,0.99999976,0.99999976,0.99999976,0.99999976,0.99999976,0.99999976,0.99999976,0.99999976,0.99999976,0.99999976,0.99999976,0.99999976,0.99999976,0.99999976,0.99999976,0.99999976,0.99999976,0.99999976,0.99999976,0.99999976,0.99999976,0.9999912,0.99999976,0.99999976,0.99999976,0.99999976,0.99999976,0.99999976,0.99999976,0.99999976,0.99999976,0.99999976,0.99999976,0.99999976,0.99999976,0.99999976,0.99999976,0.99999785,0.99999976,0.99999976,0.99999976,0.99999976,0.99999976,0.99999976,0.99999976,0.9999964,0.99999976,0.99999976,0.99999976,0.99999976,0.99999976,0.99999976,0.99999976,0.99999976,0.99999976,0.9999964,0.99999976,0.9999886,0.99999976,0.99999976,0.99999976,0.99999976,0.99999976,0.99999976,0.99999976,0.99999976,0.99999976,0.99999976,0.99999976,0.99999976,0.999998,0.99999976,0.99999976,0.99999976,0.99999976,0.99999976,0.99999976,0.99999976,0.99999976,0.99999976,0.99999976,0.99999976,0.99999976,0.99999976,0.99999976,0.99999976,0.99999976,0.99999976,0.99999976,0.99999976,0.99999976,0.99999976,0.99999976,0.99999976,0.99999976,0.99999976,0.99999976,0.99999976,0.99999976,0.99999976,0.99999976,0.99999976,0.99999976,0.99999976,0.99999976,0.99999976,0.99999976,0.99999976,0.99999976,0.99999976,0.99999976,0.99999976,0.99999976,0.99999976,0.99999976,0.99999976,0.99999976,0.99999976,0.99999976,0.99999976,0.99999976,0.99999976,0.99999976,1.0,0.99999976,0.99999976,0.99999976,0.99999976,0.99999976,0.99999976,0.99999976,0.99999976,0.99999976,0.99999976,0.99999976,0.99999744,0.99999976,0.99999976,0.99999976,0.99999976,0.99999976,0.99999976,0.99999976,0.99999976,0.99999976,0.99999976,0.99999976,0.99999976,0.99999976,0.99999976,0.99999976,0.9999881,0.99999976,0.99999976,0.99999976,0.99999976,0.99999976,0.99999976,0.99999976,0.99999976,0.99999976,0.99999976,0.99999976,0.99999976,0.99999976,0.99999976,0.99999917,0.99999976,0.99999976,0.99999976,0.99999976,0.99999976,0.99999976,0.99999976,0.99999976
SRSF7_K562,1.0,1.0,1.0,1.0,1.0,1.0,0.9999508,1.0,1.0,1.0,1.0,1.0,0.99999964,1.0,1.0,1.0,1.0,1.0,1.0,1.0,1.0,1.0,1.0,1.0,1.0,1.0,1.0,1.0,1.0,0.99999946,1.0,1.0,1.0,1.0,1.0,0.9999981,1.0,1.0,1.0,1.0,1.0,1.0,1.0,1.0,1.0,1.0,1.0,1.0,1.0,1.0,1.0,1.0,1.0,1.0,1.0,1.0,1.0,1.0,1.0,1.0,1.0,1.0,1.0,1.0,1.0,1.0,1.0,1.0,1.0,0.99999374,1.0,1.0,1.0,1.0,1.0,1.0,1.0,1.0,1.0,1.0,1.0,1.0,1.0,1.0,1.0,0.99999905,1.0,1.0,1.0,1.0,1.0,1.0,1.0,0.999998,1.0,1.0,1.0,1.0,1.0,1.0,1.0,1.0,1.0,0.99999803,1.0,0.9999916,1.0,1.0,1.0,1.0,1.0,1.0,1.0,1.0,1.0,1.0,1.0,1.0,0.9999991,1.0,1.0,1.0,1.0,1.0,1.0,1.0,1.0,1.0,1.0,1.0,1.0,1.0,1.0,1.0,1.0,1.0,1.0,1.0,1.0,1.0,1.0,1.0,1.0,1.0,1.0,1.0,1.0,1.0,1.0,1.0,1.0,1.0,1.0,1.0,1.0,1.0,1.0,1.0,1.0,1.0,1.0,1.0,1.0,1.0,1.0,1.0,1.0,1.0,1.0,1.0,1.0,0.99999976,1.0,1.0,1.0,1.0,1.0,1.0,1.0,1.0,1.0,1.0,1.0,0.99999875,1.0,1.0,1.0,1.0,1.0,1.0,1.0,1.0,1.0,1.0,1.0,1.0,1.0,1.0,1.0,0.9999912,1.0,1.0,1.0,1.0,1.0,1.0,1.0,1.0,1.0,1.0,1.0,1.0,1.0,1.0,0.9999998,1.0,1.0,1.0,1.0,1.0,1.0,1.0,1.0
SRSF9_HepG2,1.0,1.0,1.0,1.0,1.0,1.0,0.9999508,1.0,1.0,1.0,1.0,1.0,0.99999964,1.0,1.0,1.0,1.0,1.0,1.0,1.0,1.0,1.0,1.0,1.0,1.0,1.0,1.0,1.0,1.0,0.99999946,1.0,1.0,1.0,1.0,1.0,0.9999981,1.0,1.0,1.0,1.0,1.0,1.0,1.0,1.0,1.0,1.0,1.0,1.0,1.0,1.0,1.0,1.0,1.0,1.0,1.0,1.0,1.0,1.0,1.0,1.0,1.0,1.0,1.0,1.0,1.0,1.0,1.0,1.0,1.0,0.99999374,1.0,1.0,1.0,1.0,1.0,1.0,1.0,1.0,1.0,1.0,1.0,1.0,1.0,1.0,1.0,0.99999905,1.0,1.0,1.0,1.0,1.0,1.0,1.0,0.999998,1.0,1.0,1.0,1.0,1.0,1.0,1.0,1.0,1.0,0.99999803,1.0,0.9999916,1.0,1.0,1.0,1.0,1.0,1.0,1.0,1.0,1.0,1.0,1.0,1.0,0.9999991,1.0,1.0,1.0,1.0,1.0,1.0,1.0,1.0,1.0,1.0,1.0,1.0,1.0,1.0,1.0,1.0,1.0,1.0,1.0,1.0,1.0,1.0,1.0,1.0,1.0,1.0,1.0,1.0,1.0,1.0,1.0,1.0,1.0,1.0,1.0,1.0,1.0,1.0,1.0,1.0,1.0,1.0,1.0,1.0,1.0,1.0,1.0,1.0,1.0,1.0,1.0,1.0,0.99999976,1.0,1.0,1.0,1.0,1.0,1.0,1.0,1.0,1.0,1.0,1.0,0.99999875,1.0,1.0,1.0,1.0,1.0,1.0,1.0,1.0,1.0,1.0,1.0,1.0,1.0,1.0,1.0,0.9999912,1.0,1.0,1.0,1.0,1.0,1.0,1.0,1.0,1.0,1.0,1.0,1.0,1.0,1.0,0.9999998,1.0,1.0,1.0,1.0,1.0,1.0,1.0,1.0
SSB_HepG2,1.0,1.0,1.0,1.0,1.0,1.0,0.9999508,1.0,1.0,1.0,1.0,1.0,0.99999964,1.0,1.0,1.0,1.0,1.0,1.0,1.0,1.0,1.0,1.0,1.0,1.0,1.0,1.0,1.0,1.0,0.99999946,1.0,1.0,1.0,1.0,1.0,0.9999981,1.0,1.0,1.0,1.0,1.0,1.0,1.0,1.0,1.0,1.0,1.0,1.0,1.0,1.0,1.0,1.0,1.0,1.0,1.0,1.0,1.0,1.0,1.0,1.0,1.0,1.0,1.0,1.0,1.0,1.0,1.0,1.0,1.0,0.99999374,1.0,1.0,1.0,1.0,1.0,1.0,1.0,1.0,1.0,1.0,1.0,1.0,1.0,1.0,1.0,0.99999905,1.0,1.0,1.0,1.0,1.0,1.0,1.0,0.999998,1.0,1.0,1.0,1.0,1.0,1.0,1.0,1.0,1.0,0.99999803,1.0,0.9999916,1.0,1.0,1.0,1.0,1.0,1.0,1.0,1.0,1.0,1.0,1.0,1.0,0.9999991,1.0,1.0,1.0,1.0,1.0,1.0,1.0,1.0,1.0,1.0,1.0,1.0,1.0,1.0,1.0,1.0,1.0,1.0,1.0,1.0,1.0,1.0,1.0,1.0,1.0,1.0,1.0,1.0,1.0,1.0,1.0,1.0,1.0,1.0,1.0,1.0,1.0,1.0,1.0,1.0,1.0,1.0,1.0,1.0,1.0,1.0,1.0,1.0,1.0,1.0,1.0,1.0,0.99999976,1.0,1.0,1.0,1.0,1.0,1.0,1.0,1.0,1.0,1.0,1.0,0.99999875,1.0,1.0,1.0,1.0,1.0,1.0,1.0,1.0,1.0,1.0,1.0,1.0,1.0,1.0,1.0,0.9999912,1.0,1.0,1.0,1.0,1.0,1.0,1.0,1.0,1.0,1.0,1.0,1.0,1.0,1.0,0.9999998,1.0,1.0,1.0,1.0,1.0,1.0,1.0,1.0
SSB_K562,1.0,1.0,1.0,1.0,1.0,1.0,0.9999508,1.0,1.0,1.0,1.0,1.0,0.99999964,1.0,1.0,1.0,1.0,1.0,1.0,1.0,1.0,1.0,1.0,1.0,1.0,1.0,1.0,1.0,1.0,0.99999946,1.0,1.0,1.0,1.0,1.0,0.9999981,1.0,1.0,1.0,1.0,1.0,1.0,1.0,1.0,1.0,1.0,1.0,1.0,1.0,1.0,1.0,1.0,1.0,1.0,1.0,1.0,1.0,1.0,1.0,1.0,1.0,1.0,1.0,1.0,1.0,1.0,1.0,1.0,1.0,0.99999374,1.0,1.0,1.0,1.0,1.0,1.0,1.0,1.0,1.0,1.0,1.0,1.0,1.0,1.0,1.0,0.99999905,1.0,1.0,1.0,1.0,1.0,1.0,1.0,0.999998,1.0,1.0,1.0,1.0,1.0,1.0,1.0,1.0,1.0,0.99999803,1.0,0.9999916,1.0,1.0,1.0,1.0,1.0,1.0,1.0,1.0,1.0,1.0,1.0,1.0,0.9999991,1.0,1.0,1.0,1.0,1.0,1.0,1.0,1.0,1.0,1.0,1.0,1.0,1.0,1.0,1.0,1.0,1.0,1.0,1.0,1.0,1.0,1.0,1.0,1.0,1.0,1.0,1.0,1.0,1.0,1.0,1.0,1.0,1.0,1.0,1.0,1.0,1.0,1.0,1.0,1.0,1.0,1.0,1.0,1.0,1.0,1.0,1.0,1.0,1.0,1.0,1.0,1.0,0.99999976,1.0,1.0,1.0,1.0,1.0,1.0,1.0,1.0,1.0,1.0,1.0,0.99999875,1.0,1.0,1.0,1.0,1.0,1.0,1.0,1.0,1.0,1.0,1.0,1.0,1.0,1.0,1.0,0.9999912,1.0,1.0,1.0,1.0,1.0,1.0,1.0,1.0,1.0,1.0,1.0,1.0,1.0,1.0,0.9999998,1.0,1.0,1.0,1.0,1.0,1.0,1.0,1.0
STAU2_HepG2,1.0,1.0,1.0,1.0,1.0,1.0,0.9999508,1.0,1.0,1.0,1.0,1.0,0.99999964,1.0,1.0,1.0,1.0,1.0,1.0,1.0,1.0,1.0,1.0,1.0,1.0,1.0,1.0,1.0,1.0,0.99999946,1.0,1.0,1.0,1.0,1.0,0.9999981,1.0,1.0,1.0,1.0,1.0,1.0,1.0,1.0,1.0,1.0,1.0,1.0,1.0,1.0,1.0,1.0,1.0,1.0,1.0,1.0,1.0,1.0,1.0,1.0,1.0,1.0,1.0,1.0,1.0,1.0,1.0,1.0,1.0,0.99999374,1.0,1.0,1.0,1.0,1.0,1.0,1.0,1.0,1.0,1.0,1.0,1.0,1.0,1.0,1.0,0.99999905,1.0,1.0,1.0,1.0,1.0,1.0,1.0,0.999998,1.0,1.0,1.0,1.0,1.0,1.0,1.0,1.0,1.0,0.99999803,1.0,0.9999916,1.0,1.0,1.0,1.0,1.0,1.0,1.0,1.0,1.0,1.0,1.0,1.0,0.9999991,1.0,1.0,1.0,1.0,1.0,1.0,1.0,1.0,1.0,1.0,1.0,1.0,1.0,1.0,1.0,1.0,1.0,1.0,1.0,1.0,1.0,1.0,1.0,1.0,1.0,1.0,1.0,1.0,1.0,1.0,1.0,1.0,1.0,1.0,1.0,1.0,1.0,1.0,1.0,1.0,1.0,1.0,1.0,1.0,1.0,1.0,1.0,1.0,1.0,1.0,1.0,1.0,0.99999976,1.0,1.0,1.0,1.0,1.0,1.0,1.0,1.0,1.0,1.0,1.0,0.99999875,1.0,1.0,1.0,1.0,1.0,1.0,1.0,1.0,1.0,1.0,1.0,1.0,1.0,1.0,1.0,0.9999912,1.0,1.0,1.0,1.0,1.0,1.0,1.0,1.0,1.0,1.0,1.0,1.0,1.0,1.0,0.9999998,1.0,1.0,1.0,1.0,1.0,1.0,1.0,1.0
SUB1_HepG2,1.0,1.0,1.0,1.0,1.0,1.0,0.9999508,1.0,1.0,1.0,1.0,1.0,0.99999964,1.0,1.0,1.0,1.0,1.0,1.0,1.0,1.0,1.0,1.0,1.0,1.0,1.0,1.0,1.0,1.0,0.99999946,1.0,1.0,1.0,1.0,1.0,0.9999981,1.0,1.0,1.0,1.0,1.0,1.0,1.0,1.0,1.0,1.0,1.0,1.0,1.0,1.0,1.0,1.0,1.0,1.0,1.0,1.0,1.0,1.0,1.0,1.0,1.0,1.0,1.0,1.0,1.0,1.0,1.0,1.0,1.0,0.99999374,1.0,1.0,1.0,1.0,1.0,1.0,1.0,1.0,1.0,1.0,1.0,1.0,1.0,1.0,1.0,0.99999905,1.0,1.0,1.0,1.0,1.0,1.0,1.0,0.999998,1.0,1.0,1.0,1.0,1.0,1.0,1.0,1.0,1.0,0.99999803,1.0,0.9999916,1.0,1.0,1.0,1.0,1.0,1.0,1.0,1.0,1.0,1.0,1.0,1.0,0.9999991,1.0,1.0,1.0,1.0,1.0,1.0,1.0,1.0,1.0,1.0,1.0,1.0,1.0,1.0,1.0,1.0,1.0,1.0,1.0,1.0,1.0,1.0,1.0,1.0,1.0,1.0,1.0,1.0,1.0,1.0,1.0,1.0,1.0,1.0,1.0,1.0,1.0,1.0,1.0,1.0,1.0,1.0,1.0,1.0,1.0,1.0,1.0,1.0,1.0,1.0,1.0,1.0,0.99999976,1.0,1.0,1.0,1.0,1.0,1.0,1.0,1.0,1.0,1.0,1.0,0.99999875,1.0,1.0,1.0,1.0,1.0,1.0,1.0,1.0,1.0,1.0,1.0,1.0,1.0,1.0,1.0,0.9999912,1.0,1.0,1.0,1.0,1.0,1.0,1.0,1.0,1.0,1.0,1.0,1.0,1.0,1.0,0.9999998,1.0,1.0,1.0,1.0,1.0,1.0,1.0,1.0
SUGP2_HepG2,1.0,1.0,1.0,1.0,1.0,1.0,0.9999508,1.0,1.0,1.0,1.0,1.0,0.99999964,1.0,1.0,1.0,1.0,1.0,1.0,1.0,1.0,1.0,1.0,1.0,1.0,1.0,1.0,1.0,1.0,0.99999946,1.0,1.0,1.0,1.0,1.0,0.9999981,1.0,1.0,1.0,1.0,1.0,1.0,1.0,1.0,1.0,1.0,1.0,1.0,1.0,1.0,1.0,1.0,1.0,1.0,1.0,1.0,1.0,1.0,1.0,1.0,1.0,1.0,1.0,1.0,1.0,1.0,1.0,1.0,1.0,0.99999374,1.0,1.0,1.0,1.0,1.0,1.0,1.0,1.0,1.0,1.0,1.0,1.0,1.0,1.0,1.0,0.99999905,1.0,1.0,1.0,1.0,1.0,1.0,1.0,0.999998,1.0,1.0,1.0,1.0,1.0,1.0,1.0,1.0,1.0,0.99999803,1.0,0.9999916,1.0,1.0,1.0,1.0,1.0,1.0,1.0,1.0,1.0,1.0,1.0,1.0,0.9999991,1.0,1.0,1.0,1.0,1.0,1.0,1.0,1.0,1.0,1.0,1.0,1.0,1.0,1.0,1.0,1.0,1.0,1.0,1.0,1.0,1.0,1.0,1.0,1.0,1.0,1.0,1.0,1.0,1.0,1.0,1.0,1.0,1.0,1.0,1.0,1.0,1.0,1.0,1.0,1.0,1.0,1.0,1.0,1.0,1.0,1.0,1.0,1.0,1.0,1.0,1.0,1.0,0.99999976,1.0,1.0,1.0,1.0,1.0,1.0,1.0,1.0,1.0,1.0,1.0,0.99999875,1.0,1.0,1.0,1.0,1.0,1.0,1.0,1.0,1.0,1.0,1.0,1.0,1.0,1.0,1.0,0.9999912,1.0,1.0,1.0,1.0,1.0,1.0,1.0,1.0,1.0,1.0,1.0,1.0,1.0,1.0,0.9999998,1.0,1.0,1.0,1.0,1.0,1.0,1.0,1.0
SUPV3L1_HepG2,1.0,1.0,1.0,1.0,1.0,1.0,0.9999508,1.0,1.0,1.0,1.0,1.0,0.99999964,1.0,1.0,1.0,1.0,1.0,1.0,1.0,1.0,1.0,1.0,1.0,1.0,1.0,1.0,1.0,1.0,0.99999946,1.0,1.0,1.0,1.0,1.0,0.9999981,1.0,1.0,1.0,1.0,1.0,1.0,1.0,1.0,1.0,1.0,1.0,1.0,1.0,1.0,1.0,1.0,1.0,1.0,1.0,1.0,1.0,1.0,1.0,1.0,1.0,1.0,1.0,1.0,1.0,1.0,1.0,1.0,1.0,0.99999374,1.0,1.0,1.0,1.0,1.0,1.0,1.0,1.0,1.0,1.0,1.0,1.0,1.0,1.0,1.0,0.99999905,1.0,1.0,1.0,1.0,1.0,1.0,1.0,0.999998,1.0,1.0,1.0,1.0,1.0,1.0,1.0,1.0,1.0,0.99999803,1.0,0.9999916,1.0,1.0,1.0,1.0,1.0,1.0,1.0,1.0,1.0,1.0,1.0,1.0,0.9999991,1.0,1.0,1.0,1.0,1.0,1.0,1.0,1.0,1.0,1.0,1.0,1.0,1.0,1.0,1.0,1.0,1.0,1.0,1.0,1.0,1.0,1.0,1.0,1.0,1.0,1.0,1.0,1.0,1.0,1.0,1.0,1.0,1.0,1.0,1.0,1.0,1.0,1.0,1.0,1.0,1.0,1.0,1.0,1.0,1.0,1.0,1.0,1.0,1.0,1.0,1.0,1.0,0.99999976,1.0,1.0,1.0,1.0,1.0,1.0,1.0,1.0,1.0,1.0,1.0,0.99999875,1.0,1.0,1.0,1.0,1.0,1.0,1.0,1.0,1.0,1.0,1.0,1.0,1.0,1.0,1.0,0.9999912,1.0,1.0,1.0,1.0,1.0,1.0,1.0,1.0,1.0,1.0,1.0,1.0,1.0,1.0,0.9999998,1.0,1.0,1.0,1.0,1.0,1.0,1.0,1.0
SUPV3L1_K562,1.0,1.0,1.0,1.0,1.0,1.0,0.9999508,1.0,1.0,1.0,1.0,1.0,0.99999964,1.0,1.0,1.0,1.0,1.0,1.0,1.0,1.0,1.0,1.0,1.0,1.0,1.0,1.0,1.0,1.0,0.99999946,1.0,1.0,1.0,1.0,1.0,0.9999981,1.0,1.0,1.0,1.0,1.0,1.0,1.0,1.0,1.0,1.0,1.0,1.0,1.0,1.0,1.0,1.0,1.0,1.0,1.0,1.0,1.0,1.0,1.0,1.0,1.0,1.0,1.0,1.0,1.0,1.0,1.0,1.0,1.0,0.99999374,1.0,1.0,1.0,1.0,1.0,1.0,1.0,1.0,1.0,1.0,1.0,1.0,1.0,1.0,1.0,0.99999905,1.0,1.0,1.0,1.0,1.0,1.0,1.0,0.999998,1.0,1.0,1.0,1.0,1.0,1.0,1.0,1.0,1.0,0.99999803,1.0,0.9999916,1.0,1.0,1.0,1.0,1.0,1.0,1.0,1.0,1.0,1.0,1.0,1.0,0.9999991,1.0,1.0,1.0,1.0,1.0,1.0,1.0,1.0,1.0,1.0,1.0,1.0,1.0,1.0,1.0,1.0,1.0,1.0,1.0,1.0,1.0,1.0,1.0,1.0,1.0,1.0,1.0,1.0,1.0,1.0,1.0,1.0,1.0,1.0,1.0,1.0,1.0,1.0,1.0,1.0,1.0,1.0,1.0,1.0,1.0,1.0,1.0,1.0,1.0,1.0,1.0,1.0,0.99999976,1.0,1.0,1.0,1.0,1.0,1.0,1.0,1.0,1.0,1.0,1.0,0.99999875,1.0,1.0,1.0,1.0,1.0,1.0,1.0,1.0,1.0,1.0,1.0,1.0,1.0,1.0,1.0,0.9999912,1.0,1.0,1.0,1.0,1.0,1.0,1.0,1.0,1.0,1.0,1.0,1.0,1.0,1.0,0.9999998,1.0,1.0,1.0,1.0,1.0,1.0,1.0,1.0
TAF15_HepG2,1.0,1.0,1.0,1.0,1.0,1.0,0.9999508,1.0,1.0,1.0,1.0,1.0,0.99999964,1.0,1.0,1.0,1.0,1.0,1.0,1.0,1.0,1.0,1.0,1.0,1.0,1.0,1.0,1.0,1.0,0.99999946,1.0,1.0,1.0,1.0,1.0,0.9999981,1.0,1.0,1.0,1.0,1.0,1.0,1.0,1.0,1.0,1.0,1.0,1.0,1.0,1.0,1.0,1.0,1.0,1.0,1.0,1.0,1.0,1.0,1.0,1.0,1.0,1.0,1.0,1.0,1.0,1.0,1.0,1.0,1.0,0.99999374,1.0,1.0,1.0,1.0,1.0,1.0,1.0,1.0,1.0,1.0,1.0,1.0,1.0,1.0,1.0,0.99999905,1.0,1.0,1.0,1.0,1.0,1.0,1.0,0.999998,1.0,1.0,1.0,1.0,1.0,1.0,1.0,1.0,1.0,0.99999803,1.0,0.9999916,1.0,1.0,1.0,1.0,1.0,1.0,1.0,1.0,1.0,1.0,1.0,1.0,0.9999991,1.0,1.0,1.0,1.0,1.0,1.0,1.0,1.0,1.0,1.0,1.0,1.0,1.0,1.0,1.0,1.0,1.0,1.0,1.0,1.0,1.0,1.0,1.0,1.0,1.0,1.0,1.0,1.0,1.0,1.0,1.0,1.0,1.0,1.0,1.0,1.0,1.0,1.0,1.0,1.0,1.0,1.0,1.0,1.0,1.0,1.0,1.0,1.0,1.0,1.0,1.0,1.0,0.99999976,1.0,1.0,1.0,1.0,1.0,1.0,1.0,1.0,1.0,1.0,1.0,0.99999875,1.0,1.0,1.0,1.0,1.0,1.0,1.0,1.0,1.0,1.0,1.0,1.0,1.0,1.0,1.0,0.9999912,1.0,1.0,1.0,1.0,1.0,1.0,1.0,1.0,1.0,1.0,1.0,1.0,1.0,1.0,0.9999998,1.0,1.0,1.0,1.0,1.0,1.0,1.0,1.0
TAF15_K562,1.0,1.0,1.0,1.0,1.0,1.0,0.9999508,1.0,1.0,1.0,1.0,1.0,0.99999964,1.0,1.0,1.0,1.0,1.0,1.0,1.0,1.0,1.0,1.0,1.0,1.0,1.0,1.0,1.0,1.0,0.99999946,1.0,1.0,1.0,1.0,1.0,0.9999981,1.0,1.0,1.0,1.0,1.0,1.0,1.0,1.0,1.0,1.0,1.0,1.0,1.0,1.0,1.0,1.0,1.0,1.0,1.0,1.0,1.0,1.0,1.0,1.0,1.0,1.0,1.0,1.0,1.0,1.0,1.0,1.0,1.0,0.99999374,1.0,1.0,1.0,1.0,1.0,1.0,1.0,1.0,1.0,1.0,1.0,1.0,1.0,1.0,1.0,0.99999905,1.0,1.0,1.0,1.0,1.0,1.0,1.0,0.999998,1.0,1.0,1.0,1.0,1.0,1.0,1.0,1.0,1.0,0.99999803,1.0,0.9999916,1.0,1.0,1.0,1.0,1.0,1.0,1.0,1.0,1.0,1.0,1.0,1.0,0.9999991,1.0,1.0,1.0,1.0,1.0,1.0,1.0,1.0,1.0,1.0,1.0,1.0,1.0,1.0,1.0,1.0,1.0,1.0,1.0,1.0,1.0,1.0,1.0,1.0,1.0,1.0,1.0,1.0,1.0,1.0,1.0,1.0,1.0,1.0,1.0,1.0,1.0,1.0,1.0,1.0,1.0,1.0,1.0,1.0,1.0,1.0,1.0,1.0,1.0,1.0,1.0,1.0,0.99999976,1.0,1.0,1.0,1.0,1.0,1.0,1.0,1.0,1.0,1.0,1.0,0.99999875,1.0,1.0,1.0,1.0,1.0,1.0,1.0,1.0,1.0,1.0,1.0,1.0,1.0,1.0,1.0,0.9999912,1.0,1.0,1.0,1.0,1.0,1.0,1.0,1.0,1.0,1.0,1.0,1.0,1.0,1.0,0.9999998,1.0,1.0,1.0,1.0,1.0,1.0,1.0,1.0
TARDBP_K562,0.99999875,0.99999875,0.99999875,0.99999875,0.99999875,0.99999875,0.9999654,0.99999875,0.99999875,0.99999875,0.99999875,0.99999875,0.9999997,0.99999875,0.99999875,0.99999875,0.99999875,0.99999875,0.99999875,0.99999875,0.99999875,0.99999875,0.99999875,0.99999875,0.99999875,0.99999875,0.99999875,0.99999875,0.99999875,0.9999998,0.99999875,0.99999875,0.99999875,0.99999875,0.99999875,0.99999994,0.99999875,0.99999875,0.99999875,0.99999875,0.99999875,0.99999875,0.99999875,0.99999875,0.99999875,0.99999875,0.99999875,0.99999875,0.99999875,0.99999875,0.99999875,0.99999875,0.99999875,0.99999875,0.99999875,0.99999875,0.99999875,0.99999875,0.99999875,0.99999875,0.99999875,0.99999875,0.99999875,0.99999875,0.99999875,0.99999875,0.99999875,0.99999875,0.99999875,0.99999815,0.99999875,0.99999875,0.99999875,0.99999875,0.99999875,0.99999875,0.99999875,0.99999875,0.99999875,0.99999875,0.99999875,0.99999875,0.99999875,0.99999875,0.99999875,1.0,0.99999875,0.99999875,0.99999875,0.99999875,0.99999875,0.99999875,0.99999875,0.99999994,0.99999875,0.99999875,0.99999875,0.99999875,0.99999875,0.99999875,0.99999875,0.99999875,0.99999875,0.99999994,0.99999875,0.9999969,0.99999875,0.99999875,0.99999875,0.99999875,0.99999875,0.99999875,0.99999875,0.99999875,0.99999875,0.99999875,0.99999875,0.99999875,0.99999994,0.99999875,0.99999875,0.99999875,0.99999875,0.99999875,0.99999875,0.99999875,0.99999875,0.99999875,0.99999875,0.99999875,0.99999875,0.99999875,0.99999875,0.99999875,0.99999875,0.99999875,0.99999875,0.99999875,0.99999875,0.99999875,0.99999875,0.99999875,0.99999875,0.99999875,0.99999875,0.99999875,0.99999875,0.99999875,0.99999875,0.99999875,0.99999875,0.99999875,0.99999875,0.99999875,0.99999875,0.99999875,0.99999875,0.99999875,0.99999875,0.99999875,0.99999875,0.99999875,0.99999875,0.99999875,0.99999875,0.99999875,0.99999875,0.99999875,0.99999875,0.99999875,0.99999875,0.99999744,0.99999875,0.99999875,0.99999875,0.99999875,0.99999875,0.99999875,0.99999875,0.99999875,0.99999875,0.99999875,0.99999875,1.0,0.99999875,0.99999875,0.99999875,0.99999875,0.99999875,0.99999875,0.99999875,0.99999875,0.99999875,0.99999875,0.99999875,0.99999875,0.99999875,0.99999875,0.99999875,0.9999966,0.99999875,0.99999875,0.99999875,0.99999875,0.99999875,0.99999875,0.99999875,0.99999875,0.99999875,0.99999875,0.99999875,0.99999875,0.99999875,0.99999875,0.9999995,0.99999875,0.99999875,0.99999875,0.99999875,0.99999875,0.99999875,0.99999875,0.99999875
TBRG4_HepG2,1.0,1.0,1.0,1.0,1.0,1.0,0.9999508,1.0,1.0,1.0,1.0,1.0,0.99999964,1.0,1.0,1.0,1.0,1.0,1.0,1.0,1.0,1.0,1.0,1.0,1.0,1.0,1.0,1.0,1.0,0.99999946,1.0,1.0,1.0,1.0,1.0,0.9999981,1.0,1.0,1.0,1.0,1.0,1.0,1.0,1.0,1.0,1.0,1.0,1.0,1.0,1.0,1.0,1.0,1.0,1.0,1.0,1.0,1.0,1.0,1.0,1.0,1.0,1.0,1.0,1.0,1.0,1.0,1.0,1.0,1.0,0.99999374,1.0,1.0,1.0,1.0,1.0,1.0,1.0,1.0,1.0,1.0,1.0,1.0,1.0,1.0,1.0,0.99999905,1.0,1.0,1.0,1.0,1.0,1.0,1.0,0.999998,1.0,1.0,1.0,1.0,1.0,1.0,1.0,1.0,1.0,0.99999803,1.0,0.9999916,1.0,1.0,1.0,1.0,1.0,1.0,1.0,1.0,1.0,1.0,1.0,1.0,0.9999991,1.0,1.0,1.0,1.0,1.0,1.0,1.0,1.0,1.0,1.0,1.0,1.0,1.0,1.0,1.0,1.0,1.0,1.0,1.0,1.0,1.0,1.0,1.0,1.0,1.0,1.0,1.0,1.0,1.0,1.0,1.0,1.0,1.0,1.0,1.0,1.0,1.0,1.0,1.0,1.0,1.0,1.0,1.0,1.0,1.0,1.0,1.0,1.0,1.0,1.0,1.0,1.0,0.99999976,1.0,1.0,1.0,1.0,1.0,1.0,1.0,1.0,1.0,1.0,1.0,0.99999875,1.0,1.0,1.0,1.0,1.0,1.0,1.0,1.0,1.0,1.0,1.0,1.0,1.0,1.0,1.0,0.9999912,1.0,1.0,1.0,1.0,1.0,1.0,1.0,1.0,1.0,1.0,1.0,1.0,1.0,1.0,0.9999998,1.0,1.0,1.0,1.0,1.0,1.0,1.0,1.0
TBRG4_K562,1.0,1.0,1.0,1.0,1.0,1.0,0.9999508,1.0,1.0,1.0,1.0,1.0,0.99999964,1.0,1.0,1.0,1.0,1.0,1.0,1.0,1.0,1.0,1.0,1.0,1.0,1.0,1.0,1.0,1.0,0.99999946,1.0,1.0,1.0,1.0,1.0,0.9999981,1.0,1.0,1.0,1.0,1.0,1.0,1.0,1.0,1.0,1.0,1.0,1.0,1.0,1.0,1.0,1.0,1.0,1.0,1.0,1.0,1.0,1.0,1.0,1.0,1.0,1.0,1.0,1.0,1.0,1.0,1.0,1.0,1.0,0.99999374,1.0,1.0,1.0,1.0,1.0,1.0,1.0,1.0,1.0,1.0,1.0,1.0,1.0,1.0,1.0,0.99999905,1.0,1.0,1.0,1.0,1.0,1.0,1.0,0.999998,1.0,1.0,1.0,1.0,1.0,1.0,1.0,1.0,1.0,0.99999803,1.0,0.9999916,1.0,1.0,1.0,1.0,1.0,1.0,1.0,1.0,1.0,1.0,1.0,1.0,0.9999991,1.0,1.0,1.0,1.0,1.0,1.0,1.0,1.0,1.0,1.0,1.0,1.0,1.0,1.0,1.0,1.0,1.0,1.0,1.0,1.0,1.0,1.0,1.0,1.0,1.0,1.0,1.0,1.0,1.0,1.0,1.0,1.0,1.0,1.0,1.0,1.0,1.0,1.0,1.0,1.0,1.0,1.0,1.0,1.0,1.0,1.0,1.0,1.0,1.0,1.0,1.0,1.0,0.99999976,1.0,1.0,1.0,1.0,1.0,1.0,1.0,1.0,1.0,1.0,1.0,0.99999875,1.0,1.0,1.0,1.0,1.0,1.0,1.0,1.0,1.0,1.0,1.0,1.0,1.0,1.0,1.0,0.9999912,1.0,1.0,1.0,1.0,1.0,1.0,1.0,1.0,1.0,1.0,1.0,1.0,1.0,1.0,0.9999998,1.0,1.0,1.0,1.0,1.0,1.0,1.0,1.0
TIA1_HepG2,1.0,1.0,1.0,1.0,1.0,1.0,0.9999508,1.0,1.0,1.0,1.0,1.0,0.99999964,1.0,1.0,1.0,1.0,1.0,1.0,1.0,1.0,1.0,1.0,1.0,1.0,1.0,1.0,1.0,1.0,0.99999946,1.0,1.0,1.0,1.0,1.0,0.9999981,1.0,1.0,1.0,1.0,1.0,1.0,1.0,1.0,1.0,1.0,1.0,1.0,1.0,1.0,1.0,1.0,1.0,1.0,1.0,1.0,1.0,1.0,1.0,1.0,1.0,1.0,1.0,1.0,1.0,1.0,1.0,1.0,1.0,0.99999374,1.0,1.0,1.0,1.0,1.0,1.0,1.0,1.0,1.0,1.0,1.0,1.0,1.0,1.0,1.0,0.99999905,1.0,1.0,1.0,1.0,1.0,1.0,1.0,0.999998,1.0,1.0,1.0,1.0,1.0,1.0,1.0,1.0,1.0,0.99999803,1.0,0.9999916,1.0,1.0,1.0,1.0,1.0,1.0,1.0,1.0,1.0,1.0,1.0,1.0,0.9999991,1.0,1.0,1.0,1.0,1.0,1.0,1.0,1.0,1.0,1.0,1.0,1.0,1.0,1.0,1.0,1.0,1.0,1.0,1.0,1.0,1.0,1.0,1.0,1.0,1.0,1.0,1.0,1.0,1.0,1.0,1.0,1.0,1.0,1.0,1.0,1.0,1.0,1.0,1.0,1.0,1.0,1.0,1.0,1.0,1.0,1.0,1.0,1.0,1.0,1.0,1.0,1.0,0.99999976,1.0,1.0,1.0,1.0,1.0,1.0,1.0,1.0,1.0,1.0,1.0,0.99999875,1.0,1.0,1.0,1.0,1.0,1.0,1.0,1.0,1.0,1.0,1.0,1.0,1.0,1.0,1.0,0.9999912,1.0,1.0,1.0,1.0,1.0,1.0,1.0,1.0,1.0,1.0,1.0,1.0,1.0,1.0,0.9999998,1.0,1.0,1.0,1.0,1.0,1.0,1.0,1.0
TIA1_K562,1.0,1.0,1.0,1.0,1.0,1.0,0.9999508,1.0,1.0,1.0,1.0,1.0,0.99999964,1.0,1.0,1.0,1.0,1.0,1.0,1.0,1.0,1.0,1.0,1.0,1.0,1.0,1.0,1.0,1.0,0.99999946,1.0,1.0,1.0,1.0,1.0,0.9999981,1.0,1.0,1.0,1.0,1.0,1.0,1.0,1.0,1.0,1.0,1.0,1.0,1.0,1.0,1.0,1.0,1.0,1.0,1.0,1.0,1.0,1.0,1.0,1.0,1.0,1.0,1.0,1.0,1.0,1.0,1.0,1.0,1.0,0.99999374,1.0,1.0,1.0,1.0,1.0,1.0,1.0,1.0,1.0,1.0,1.0,1.0,1.0,1.0,1.0,0.99999905,1.0,1.0,1.0,1.0,1.0,1.0,1.0,0.999998,1.0,1.0,1.0,1.0,1.0,1.0,1.0,1.0,1.0,0.99999803,1.0,0.9999916,1.0,1.0,1.0,1.0,1.0,1.0,1.0,1.0,1.0,1.0,1.0,1.0,0.9999991,1.0,1.0,1.0,1.0,1.0,1.0,1.0,1.0,1.0,1.0,1.0,1.0,1.0,1.0,1.0,1.0,1.0,1.0,1.0,1.0,1.0,1.0,1.0,1.0,1.0,1.0,1.0,1.0,1.0,1.0,1.0,1.0,1.0,1.0,1.0,1.0,1.0,1.0,1.0,1.0,1.0,1.0,1.0,1.0,1.0,1.0,1.0,1.0,1.0,1.0,1.0,1.0,0.99999976,1.0,1.0,1.0,1.0,1.0,1.0,1.0,1.0,1.0,1.0,1.0,0.99999875,1.0,1.0,1.0,1.0,1.0,1.0,1.0,1.0,1.0,1.0,1.0,1.0,1.0,1.0,1.0,0.9999912,1.0,1.0,1.0,1.0,1.0,1.0,1.0,1.0,1.0,1.0,1.0,1.0,1.0,1.0,0.9999998,1.0,1.0,1.0,1.0,1.0,1.0,1.0,1.0
TIAL1_HepG2,1.0,1.0,1.0,1.0,1.0,1.0,0.9999508,1.0,1.0,1.0,1.0,1.0,0.99999964,1.0,1.0,1.0,1.0,1.0,1.0,1.0,1.0,1.0,1.0,1.0,1.0,1.0,1.0,1.0,1.0,0.99999946,1.0,1.0,1.0,1.0,1.0,0.9999981,1.0,1.0,1.0,1.0,1.0,1.0,1.0,1.0,1.0,1.0,1.0,1.0,1.0,1.0,1.0,1.0,1.0,1.0,1.0,1.0,1.0,1.0,1.0,1.0,1.0,1.0,1.0,1.0,1.0,1.0,1.0,1.0,1.0,0.99999374,1.0,1.0,1.0,1.0,1.0,1.0,1.0,1.0,1.0,1.0,1.0,1.0,1.0,1.0,1.0,0.99999905,1.0,1.0,1.0,1.0,1.0,1.0,1.0,0.999998,1.0,1.0,1.0,1.0,1.0,1.0,1.0,1.0,1.0,0.99999803,1.0,0.9999916,1.0,1.0,1.0,1.0,1.0,1.0,1.0,1.0,1.0,1.0,1.0,1.0,0.9999991,1.0,1.0,1.0,1.0,1.0,1.0,1.0,1.0,1.0,1.0,1.0,1.0,1.0,1.0,1.0,1.0,1.0,1.0,1.0,1.0,1.0,1.0,1.0,1.0,1.0,1.0,1.0,1.0,1.0,1.0,1.0,1.0,1.0,1.0,1.0,1.0,1.0,1.0,1.0,1.0,1.0,1.0,1.0,1.0,1.0,1.0,1.0,1.0,1.0,1.0,1.0,1.0,0.99999976,1.0,1.0,1.0,1.0,1.0,1.0,1.0,1.0,1.0,1.0,1.0,0.99999875,1.0,1.0,1.0,1.0,1.0,1.0,1.0,1.0,1.0,1.0,1.0,1.0,1.0,1.0,1.0,0.9999912,1.0,1.0,1.0,1.0,1.0,1.0,1.0,1.0,1.0,1.0,1.0,1.0,1.0,1.0,0.9999998,1.0,1.0,1.0,1.0,1.0,1.0,1.0,1.0
TRA2A_HepG2,1.0,1.0,1.0,1.0,1.0,1.0,0.9999508,1.0,1.0,1.0,1.0,1.0,0.99999964,1.0,1.0,1.0,1.0,1.0,1.0,1.0,1.0,1.0,1.0,1.0,1.0,1.0,1.0,1.0,1.0,0.99999946,1.0,1.0,1.0,1.0,1.0,0.9999981,1.0,1.0,1.0,1.0,1.0,1.0,1.0,1.0,1.0,1.0,1.0,1.0,1.0,1.0,1.0,1.0,1.0,1.0,1.0,1.0,1.0,1.0,1.0,1.0,1.0,1.0,1.0,1.0,1.0,1.0,1.0,1.0,1.0,0.99999374,1.0,1.0,1.0,1.0,1.0,1.0,1.0,1.0,1.0,1.0,1.0,1.0,1.0,1.0,1.0,0.99999905,1.0,1.0,1.0,1.0,1.0,1.0,1.0,0.999998,1.0,1.0,1.0,1.0,1.0,1.0,1.0,1.0,1.0,0.99999803,1.0,0.9999916,1.0,1.0,1.0,1.0,1.0,1.0,1.0,1.0,1.0,1.0,1.0,1.0,0.9999991,1.0,1.0,1.0,1.0,1.0,1.0,1.0,1.0,1.0,1.0,1.0,1.0,1.0,1.0,1.0,1.0,1.0,1.0,1.0,1.0,1.0,1.0,1.0,1.0,1.0,1.0,1.0,1.0,1.0,1.0,1.0,1.0,1.0,1.0,1.0,1.0,1.0,1.0,1.0,1.0,1.0,1.0,1.0,1.0,1.0,1.0,1.0,1.0,1.0,1.0,1.0,1.0,0.99999976,1.0,1.0,1.0,1.0,1.0,1.0,1.0,1.0,1.0,1.0,1.0,0.99999875,1.0,1.0,1.0,1.0,1.0,1.0,1.0,1.0,1.0,1.0,1.0,1.0,1.0,1.0,1.0,0.9999912,1.0,1.0,1.0,1.0,1.0,1.0,1.0,1.0,1.0,1.0,1.0,1.0,1.0,1.0,0.9999998,1.0,1.0,1.0,1.0,1.0,1.0,1.0,1.0
TRA2A_K562,1.0,1.0,1.0,1.0,1.0,1.0,0.9999508,1.0,1.0,1.0,1.0,1.0,0.99999964,1.0,1.0,1.0,1.0,1.0,1.0,1.0,1.0,1.0,1.0,1.0,1.0,1.0,1.0,1.0,1.0,0.99999946,1.0,1.0,1.0,1.0,1.0,0.9999981,1.0,1.0,1.0,1.0,1.0,1.0,1.0,1.0,1.0,1.0,1.0,1.0,1.0,1.0,1.0,1.0,1.0,1.0,1.0,1.0,1.0,1.0,1.0,1.0,1.0,1.0,1.0,1.0,1.0,1.0,1.0,1.0,1.0,0.99999374,1.0,1.0,1.0,1.0,1.0,1.0,1.0,1.0,1.0,1.0,1.0,1.0,1.0,1.0,1.0,0.99999905,1.0,1.0,1.0,1.0,1.0,1.0,1.0,0.999998,1.0,1.0,1.0,1.0,1.0,1.0,1.0,1.0,1.0,0.99999803,1.0,0.9999916,1.0,1.0,1.0,1.0,1.0,1.0,1.0,1.0,1.0,1.0,1.0,1.0,0.9999991,1.0,1.0,1.0,1.0,1.0,1.0,1.0,1.0,1.0,1.0,1.0,1.0,1.0,1.0,1.0,1.0,1.0,1.0,1.0,1.0,1.0,1.0,1.0,1.0,1.0,1.0,1.0,1.0,1.0,1.0,1.0,1.0,1.0,1.0,1.0,1.0,1.0,1.0,1.0,1.0,1.0,1.0,1.0,1.0,1.0,1.0,1.0,1.0,1.0,1.0,1.0,1.0,0.99999976,1.0,1.0,1.0,1.0,1.0,1.0,1.0,1.0,1.0,1.0,1.0,0.99999875,1.0,1.0,1.0,1.0,1.0,1.0,1.0,1.0,1.0,1.0,1.0,1.0,1.0,1.0,1.0,0.9999912,1.0,1.0,1.0,1.0,1.0,1.0,1.0,1.0,1.0,1.0,1.0,1.0,1.0,1.0,0.9999998,1.0,1.0,1.0,1.0,1.0,1.0,1.0,1.0
TROVE2_HepG2,1.0,1.0,1.0,1.0,1.0,1.0,0.9999508,1.0,1.0,1.0,1.0,1.0,0.99999964,1.0,1.0,1.0,1.0,1.0,1.0,1.0,1.0,1.0,1.0,1.0,1.0,1.0,1.0,1.0,1.0,0.99999946,1.0,1.0,1.0,1.0,1.0,0.9999981,1.0,1.0,1.0,1.0,1.0,1.0,1.0,1.0,1.0,1.0,1.0,1.0,1.0,1.0,1.0,1.0,1.0,1.0,1.0,1.0,1.0,1.0,1.0,1.0,1.0,1.0,1.0,1.0,1.0,1.0,1.0,1.0,1.0,0.99999374,1.0,1.0,1.0,1.0,1.0,1.0,1.0,1.0,1.0,1.0,1.0,1.0,1.0,1.0,1.0,0.99999905,1.0,1.0,1.0,1.0,1.0,1.0,1.0,0.999998,1.0,1.0,1.0,1.0,1.0,1.0,1.0,1.0,1.0,0.99999803,1.0,0.9999916,1.0,1.0,1.0,1.0,1.0,1.0,1.0,1.0,1.0,1.0,1.0,1.0,0.9999991,1.0,1.0,1.0,1.0,1.0,1.0,1.0,1.0,1.0,1.0,1.0,1.0,1.0,1.0,1.0,1.0,1.0,1.0,1.0,1.0,1.0,1.0,1.0,1.0,1.0,1.0,1.0,1.0,1.0,1.0,1.0,1.0,1.0,1.0,1.0,1.0,1.0,1.0,1.0,1.0,1.0,1.0,1.0,1.0,1.0,1.0,1.0,1.0,1.0,1.0,1.0,1.0,0.99999976,1.0,1.0,1.0,1.0,1.0,1.0,1.0,1.0,1.0,1.0,1.0,0.99999875,1.0,1.0,1.0,1.0,1.0,1.0,1.0,1.0,1.0,1.0,1.0,1.0,1.0,1.0,1.0,0.9999912,1.0,1.0,1.0,1.0,1.0,1.0,1.0,1.0,1.0,1.0,1.0,1.0,1.0,1.0,0.9999998,1.0,1.0,1.0,1.0,1.0,1.0,1.0,1.0
TROVE2_K562,1.0,1.0,1.0,1.0,1.0,1.0,0.9999508,1.0,1.0,1.0,1.0,1.0,0.99999964,1.0,1.0,1.0,1.0,1.0,1.0,1.0,1.0,1.0,1.0,1.0,1.0,1.0,1.0,1.0,1.0,0.99999946,1.0,1.0,1.0,1.0,1.0,0.9999981,1.0,1.0,1.0,1.0,1.0,1.0,1.0,1.0,1.0,1.0,1.0,1.0,1.0,1.0,1.0,1.0,1.0,1.0,1.0,1.0,1.0,1.0,1.0,1.0,1.0,1.0,1.0,1.0,1.0,1.0,1.0,1.0,1.0,0.99999374,1.0,1.0,1.0,1.0,1.0,1.0,1.0,1.0,1.0,1.0,1.0,1.0,1.0,1.0,1.0,0.99999905,1.0,1.0,1.0,1.0,1.0,1.0,1.0,0.999998,1.0,1.0,1.0,1.0,1.0,1.0,1.0,1.0,1.0,0.99999803,1.0,0.9999916,1.0,1.0,1.0,1.0,1.0,1.0,1.0,1.0,1.0,1.0,1.0,1.0,0.9999991,1.0,1.0,1.0,1.0,1.0,1.0,1.0,1.0,1.0,1.0,1.0,1.0,1.0,1.0,1.0,1.0,1.0,1.0,1.0,1.0,1.0,1.0,1.0,1.0,1.0,1.0,1.0,1.0,1.0,1.0,1.0,1.0,1.0,1.0,1.0,1.0,1.0,1.0,1.0,1.0,1.0,1.0,1.0,1.0,1.0,1.0,1.0,1.0,1.0,1.0,1.0,1.0,0.99999976,1.0,1.0,1.0,1.0,1.0,1.0,1.0,1.0,1.0,1.0,1.0,0.99999875,1.0,1.0,1.0,1.0,1.0,1.0,1.0,1.0,1.0,1.0,1.0,1.0,1.0,1.0,1.0,0.9999912,1.0,1.0,1.0,1.0,1.0,1.0,1.0,1.0,1.0,1.0,1.0,1.0,1.0,1.0,0.9999998,1.0,1.0,1.0,1.0,1.0,1.0,1.0,1.0
U2AF1_HepG2,1.0,1.0,1.0,1.0,1.0,1.0,0.9999508,1.0,1.0,1.0,1.0,1.0,0.99999964,1.0,1.0,1.0,1.0,1.0,1.0,1.0,1.0,1.0,1.0,1.0,1.0,1.0,1.0,1.0,1.0,0.99999946,1.0,1.0,1.0,1.0,1.0,0.9999981,1.0,1.0,1.0,1.0,1.0,1.0,1.0,1.0,1.0,1.0,1.0,1.0,1.0,1.0,1.0,1.0,1.0,1.0,1.0,1.0,1.0,1.0,1.0,1.0,1.0,1.0,1.0,1.0,1.0,1.0,1.0,1.0,1.0,0.99999374,1.0,1.0,1.0,1.0,1.0,1.0,1.0,1.0,1.0,1.0,1.0,1.0,1.0,1.0,1.0,0.99999905,1.0,1.0,1.0,1.0,1.0,1.0,1.0,0.999998,1.0,1.0,1.0,1.0,1.0,1.0,1.0,1.0,1.0,0.99999803,1.0,0.9999916,1.0,1.0,1.0,1.0,1.0,1.0,1.0,1.0,1.0,1.0,1.0,1.0,0.9999991,1.0,1.0,1.0,1.0,1.0,1.0,1.0,1.0,1.0,1.0,1.0,1.0,1.0,1.0,1.0,1.0,1.0,1.0,1.0,1.0,1.0,1.0,1.0,1.0,1.0,1.0,1.0,1.0,1.0,1.0,1.0,1.0,1.0,1.0,1.0,1.0,1.0,1.0,1.0,1.0,1.0,1.0,1.0,1.0,1.0,1.0,1.0,1.0,1.0,1.0,1.0,1.0,0.99999976,1.0,1.0,1.0,1.0,1.0,1.0,1.0,1.0,1.0,1.0,1.0,0.99999875,1.0,1.0,1.0,1.0,1.0,1.0,1.0,1.0,1.0,1.0,1.0,1.0,1.0,1.0,1.0,0.9999912,1.0,1.0,1.0,1.0,1.0,1.0,1.0,1.0,1.0,1.0,1.0,1.0,1.0,1.0,0.9999998,1.0,1.0,1.0,1.0,1.0,1.0,1.0,1.0
U2AF1_K562,1.0,1.0,1.0,1.0,1.0,1.0,0.9999508,1.0,1.0,1.0,1.0,1.0,0.99999964,1.0,1.0,1.0,1.0,1.0,1.0,1.0,1.0,1.0,1.0,1.0,1.0,1.0,1.0,1.0,1.0,0.99999946,1.0,1.0,1.0,1.0,1.0,0.9999981,1.0,1.0,1.0,1.0,1.0,1.0,1.0,1.0,1.0,1.0,1.0,1.0,1.0,1.0,1.0,1.0,1.0,1.0,1.0,1.0,1.0,1.0,1.0,1.0,1.0,1.0,1.0,1.0,1.0,1.0,1.0,1.0,1.0,0.99999374,1.0,1.0,1.0,1.0,1.0,1.0,1.0,1.0,1.0,1.0,1.0,1.0,1.0,1.0,1.0,0.99999905,1.0,1.0,1.0,1.0,1.0,1.0,1.0,0.999998,1.0,1.0,1.0,1.0,1.0,1.0,1.0,1.0,1.0,0.99999803,1.0,0.9999916,1.0,1.0,1.0,1.0,1.0,1.0,1.0,1.0,1.0,1.0,1.0,1.0,0.9999991,1.0,1.0,1.0,1.0,1.0,1.0,1.0,1.0,1.0,1.0,1.0,1.0,1.0,1.0,1.0,1.0,1.0,1.0,1.0,1.0,1.0,1.0,1.0,1.0,1.0,1.0,1.0,1.0,1.0,1.0,1.0,1.0,1.0,1.0,1.0,1.0,1.0,1.0,1.0,1.0,1.0,1.0,1.0,1.0,1.0,1.0,1.0,1.0,1.0,1.0,1.0,1.0,0.99999976,1.0,1.0,1.0,1.0,1.0,1.0,1.0,1.0,1.0,1.0,1.0,0.99999875,1.0,1.0,1.0,1.0,1.0,1.0,1.0,1.0,1.0,1.0,1.0,1.0,1.0,1.0,1.0,0.9999912,1.0,1.0,1.0,1.0,1.0,1.0,1.0,1.0,1.0,1.0,1.0,1.0,1.0,1.0,0.9999998,1.0,1.0,1.0,1.0,1.0,1.0,1.0,1.0
U2AF2_HepG2,1.0,1.0,1.0,1.0,1.0,1.0,0.9999508,1.0,1.0,1.0,1.0,1.0,0.99999964,1.0,1.0,1.0,1.0,1.0,1.0,1.0,1.0,1.0,1.0,1.0,1.0,1.0,1.0,1.0,1.0,0.99999946,1.0,1.0,1.0,1.0,1.0,0.9999981,1.0,1.0,1.0,1.0,1.0,1.0,1.0,1.0,1.0,1.0,1.0,1.0,1.0,1.0,1.0,1.0,1.0,1.0,1.0,1.0,1.0,1.0,1.0,1.0,1.0,1.0,1.0,1.0,1.0,1.0,1.0,1.0,1.0,0.99999374,1.0,1.0,1.0,1.0,1.0,1.0,1.0,1.0,1.0,1.0,1.0,1.0,1.0,1.0,1.0,0.99999905,1.0,1.0,1.0,1.0,1.0,1.0,1.0,0.999998,1.0,1.0,1.0,1.0,1.0,1.0,1.0,1.0,1.0,0.99999803,1.0,0.9999916,1.0,1.0,1.0,1.0,1.0,1.0,1.0,1.0,1.0,1.0,1.0,1.0,0.9999991,1.0,1.0,1.0,1.0,1.0,1.0,1.0,1.0,1.0,1.0,1.0,1.0,1.0,1.0,1.0,1.0,1.0,1.0,1.0,1.0,1.0,1.0,1.0,1.0,1.0,1.0,1.0,1.0,1.0,1.0,1.0,1.0,1.0,1.0,1.0,1.0,1.0,1.0,1.0,1.0,1.0,1.0,1.0,1.0,1.0,1.0,1.0,1.0,1.0,1.0,1.0,1.0,0.99999976,1.0,1.0,1.0,1.0,1.0,1.0,1.0,1.0,1.0,1.0,1.0,0.99999875,1.0,1.0,1.0,1.0,1.0,1.0,1.0,1.0,1.0,1.0,1.0,1.0,1.0,1.0,1.0,0.9999912,1.0,1.0,1.0,1.0,1.0,1.0,1.0,1.0,1.0,1.0,1.0,1.0,1.0,1.0,0.9999998,1.0,1.0,1.0,1.0,1.0,1.0,1.0,1.0
U2AF2_K562,1.0,1.0,1.0,1.0,1.0,1.0,0.9999508,1.0,1.0,1.0,1.0,1.0,0.99999964,1.0,1.0,1.0,1.0,1.0,1.0,1.0,1.0,1.0,1.0,1.0,1.0,1.0,1.0,1.0,1.0,0.99999946,1.0,1.0,1.0,1.0,1.0,0.9999981,1.0,1.0,1.0,1.0,1.0,1.0,1.0,1.0,1.0,1.0,1.0,1.0,1.0,1.0,1.0,1.0,1.0,1.0,1.0,1.0,1.0,1.0,1.0,1.0,1.0,1.0,1.0,1.0,1.0,1.0,1.0,1.0,1.0,0.99999374,1.0,1.0,1.0,1.0,1.0,1.0,1.0,1.0,1.0,1.0,1.0,1.0,1.0,1.0,1.0,0.99999905,1.0,1.0,1.0,1.0,1.0,1.0,1.0,0.999998,1.0,1.0,1.0,1.0,1.0,1.0,1.0,1.0,1.0,0.99999803,1.0,0.9999916,1.0,1.0,1.0,1.0,1.0,1.0,1.0,1.0,1.0,1.0,1.0,1.0,0.9999991,1.0,1.0,1.0,1.0,1.0,1.0,1.0,1.0,1.0,1.0,1.0,1.0,1.0,1.0,1.0,1.0,1.0,1.0,1.0,1.0,1.0,1.0,1.0,1.0,1.0,1.0,1.0,1.0,1.0,1.0,1.0,1.0,1.0,1.0,1.0,1.0,1.0,1.0,1.0,1.0,1.0,1.0,1.0,1.0,1.0,1.0,1.0,1.0,1.0,1.0,1.0,1.0,0.99999976,1.0,1.0,1.0,1.0,1.0,1.0,1.0,1.0,1.0,1.0,1.0,0.99999875,1.0,1.0,1.0,1.0,1.0,1.0,1.0,1.0,1.0,1.0,1.0,1.0,1.0,1.0,1.0,0.9999912,1.0,1.0,1.0,1.0,1.0,1.0,1.0,1.0,1.0,1.0,1.0,1.0,1.0,1.0,0.9999998,1.0,1.0,1.0,1.0,1.0,1.0,1.0,1.0
UCHL5_HepG2,1.0,1.0,1.0,1.0,1.0,1.0,0.9999508,1.0,1.0,1.0,1.0,1.0,0.99999964,1.0,1.0,1.0,1.0,1.0,1.0,1.0,1.0,1.0,1.0,1.0,1.0,1.0,1.0,1.0,1.0,0.99999946,1.0,1.0,1.0,1.0,1.0,0.9999981,1.0,1.0,1.0,1.0,1.0,1.0,1.0,1.0,1.0,1.0,1.0,1.0,1.0,1.0,1.0,1.0,1.0,1.0,1.0,1.0,1.0,1.0,1.0,1.0,1.0,1.0,1.0,1.0,1.0,1.0,1.0,1.0,1.0,0.99999374,1.0,1.0,1.0,1.0,1.0,1.0,1.0,1.0,1.0,1.0,1.0,1.0,1.0,1.0,1.0,0.99999905,1.0,1.0,1.0,1.0,1.0,1.0,1.0,0.999998,1.0,1.0,1.0,1.0,1.0,1.0,1.0,1.0,1.0,0.99999803,1.0,0.9999916,1.0,1.0,1.0,1.0,1.0,1.0,1.0,1.0,1.0,1.0,1.0,1.0,0.9999991,1.0,1.0,1.0,1.0,1.0,1.0,1.0,1.0,1.0,1.0,1.0,1.0,1.0,1.0,1.0,1.0,1.0,1.0,1.0,1.0,1.0,1.0,1.0,1.0,1.0,1.0,1.0,1.0,1.0,1.0,1.0,1.0,1.0,1.0,1.0,1.0,1.0,1.0,1.0,1.0,1.0,1.0,1.0,1.0,1.0,1.0,1.0,1.0,1.0,1.0,1.0,1.0,0.99999976,1.0,1.0,1.0,1.0,1.0,1.0,1.0,1.0,1.0,1.0,1.0,0.99999875,1.0,1.0,1.0,1.0,1.0,1.0,1.0,1.0,1.0,1.0,1.0,1.0,1.0,1.0,1.0,0.9999912,1.0,1.0,1.0,1.0,1.0,1.0,1.0,1.0,1.0,1.0,1.0,1.0,1.0,1.0,0.9999998,1.0,1.0,1.0,1.0,1.0,1.0,1.0,1.0
UCHL5_K562,1.0,1.0,1.0,1.0,1.0,1.0,0.9999508,1.0,1.0,1.0,1.0,1.0,0.99999964,1.0,1.0,1.0,1.0,1.0,1.0,1.0,1.0,1.0,1.0,1.0,1.0,1.0,1.0,1.0,1.0,0.99999946,1.0,1.0,1.0,1.0,1.0,0.9999981,1.0,1.0,1.0,1.0,1.0,1.0,1.0,1.0,1.0,1.0,1.0,1.0,1.0,1.0,1.0,1.0,1.0,1.0,1.0,1.0,1.0,1.0,1.0,1.0,1.0,1.0,1.0,1.0,1.0,1.0,1.0,1.0,1.0,0.99999374,1.0,1.0,1.0,1.0,1.0,1.0,1.0,1.0,1.0,1.0,1.0,1.0,1.0,1.0,1.0,0.99999905,1.0,1.0,1.0,1.0,1.0,1.0,1.0,0.999998,1.0,1.0,1.0,1.0,1.0,1.0,1.0,1.0,1.0,0.99999803,1.0,0.9999916,1.0,1.0,1.0,1.0,1.0,1.0,1.0,1.0,1.0,1.0,1.0,1.0,0.9999991,1.0,1.0,1.0,1.0,1.0,1.0,1.0,1.0,1.0,1.0,1.0,1.0,1.0,1.0,1.0,1.0,1.0,1.0,1.0,1.0,1.0,1.0,1.0,1.0,1.0,1.0,1.0,1.0,1.0,1.0,1.0,1.0,1.0,1.0,1.0,1.0,1.0,1.0,1.0,1.0,1.0,1.0,1.0,1.0,1.0,1.0,1.0,1.0,1.0,1.0,1.0,1.0,0.99999976,1.0,1.0,1.0,1.0,1.0,1.0,1.0,1.0,1.0,1.0,1.0,0.99999875,1.0,1.0,1.0,1.0,1.0,1.0,1.0,1.0,1.0,1.0,1.0,1.0,1.0,1.0,1.0,0.9999912,1.0,1.0,1.0,1.0,1.0,1.0,1.0,1.0,1.0,1.0,1.0,1.0,1.0,1.0,0.9999998,1.0,1.0,1.0,1.0,1.0,1.0,1.0,1.0
UPF1_HepG2,0.9999912,0.9999912,0.9999912,0.9999912,0.9999912,0.9999912,0.9999837,0.9999912,0.9999912,0.9999912,0.9999912,0.9999912,0.99999434,0.9999912,0.9999912,0.9999912,0.9999912,0.9999912,0.9999912,0.9999912,0.9999912,0.9999912,0.9999912,0.9999912,0.9999912,0.9999912,0.9999912,0.9999912,0.9999912,0.999995,0.9999912,0.9999912,0.9999912,0.9999912,0.9999912,0.99999744,0.9999912,0.9999912,0.9999912,0.9999912,0.9999912,0.9999912,0.9999912,0.9999912,0.9999912,0.9999912,0.9999912,0.9999912,0.9999912,0.9999912,0.9999912,0.9999912,0.9999912,0.9999912,0.9999912,0.9999912,0.9999912,0.9999912,0.9999912,0.9999912,0.9999912,0.9999912,0.9999912,0.9999912,0.9999912,0.9999912,0.9999912,0.9999912,0.9999912,0.99999976,0.9999912,0.9999912,0.9999912,0.9999912,0.9999912,0.9999912,0.9999912,0.9999912,0.9999912,0.9999912,0.9999912,0.9999912,0.9999912,0.9999912,0.9999912,0.999996,0.9999912,0.9999912,0.9999912,0.9999912,0.9999912,0.9999912,0.9999912,0.99999756,0.9999912,0.9999912,0.9999912,0.9999912,0.9999912,0.9999912,0.9999912,0.9999912,0.9999912,0.99999756,0.9999912,1.0,0.9999912,0.9999912,0.9999912,0.9999912,0.9999912,0.9999912,0.9999912,0.9999912,0.9999912,0.9999912,0.9999912,0.9999912,0.99999595,0.9999912,0.9999912,0.9999912,0.9999912,0.9999912,0.9999912,0.9999912,0.9999912,0.9999912,0.9999912,0.9999912,0.9999912,0.9999912,0.9999912,0.9999912,0.9999912,0.9999912,0.9999912,0.9999912,0.9999912,0.9999912,0.9999912,0.9999912,0.9999912,0.9999912,0.9999912,0.9999912,0.9999912,0.9999912,0.9999912,0.9999912,0.9999912,0.9999912,0.9999912,0.9999912,0.9999912,0.9999912,0.9999912,0.9999912,0.9999912,0.9999912,0.9999912,0.9999912,0.9999912,0.9999912,0.9999912,0.9999912,0.9999912,0.9999912,0.9999912,0.9999912,0.9999912,0.9999881,0.9999912,0.9999912,0.9999912,0.9999912,0.9999912,0.9999912,0.9999912,0.9999912,0.9999912,0.9999912,0.9999912,0.9999966,0.9999912,0.9999912,0.9999912,0.9999912,0.9999912,0.9999912,0.9999912,0.9999912,0.9999912,0.9999912,0.9999912,0.9999912,0.9999912,0.9999912,0.9999912,1.0,0.9999912,0.9999912,0.9999912,0.9999912,0.9999912,0.9999912,0.9999912,0.9999912,0.9999912,0.9999912,0.9999912,0.9999912,0.9999912,0.9999912,0.9999935,0.9999912,0.9999912,0.9999912,0.9999912,0.9999912,0.9999912,0.9999912,0.9999912
UPF1_K562,1.0,1.0,1.0,1.0,1.0,1.0,0.9999508,1.0,1.0,1.0,1.0,1.0,0.99999964,1.0,1.0,1.0,1.0,1.0,1.0,1.0,1.0,1.0,1.0,1.0,1.0,1.0,1.0,1.0,1.0,0.99999946,1.0,1.0,1.0,1.0,1.0,0.9999981,1.0,1.0,1.0,1.0,1.0,1.0,1.0,1.0,1.0,1.0,1.0,1.0,1.0,1.0,1.0,1.0,1.0,1.0,1.0,1.0,1.0,1.0,1.0,1.0,1.0,1.0,1.0,1.0,1.0,1.0,1.0,1.0,1.0,0.99999374,1.0,1.0,1.0,1.0,1.0,1.0,1.0,1.0,1.0,1.0,1.0,1.0,1.0,1.0,1.0,0.99999905,1.0,1.0,1.0,1.0,1.0,1.0,1.0,0.999998,1.0,1.0,1.0,1.0,1.0,1.0,1.0,1.0,1.0,0.99999803,1.0,0.9999916,1.0,1.0,1.0,1.0,1.0,1.0,1.0,1.0,1.0,1.0,1.0,1.0,0.9999991,1.0,1.0,1.0,1.0,1.0,1.0,1.0,1.0,1.0,1.0,1.0,1.0,1.0,1.0,1.0,1.0,1.0,1.0,1.0,1.0,1.0,1.0,1.0,1.0,1.0,1.0,1.0,1.0,1.0,1.0,1.0,1.0,1.0,1.0,1.0,1.0,1.0,1.0,1.0,1.0,1.0,1.0,1.0,1.0,1.0,1.0,1.0,1.0,1.0,1.0,1.0,1.0,0.99999976,1.0,1.0,1.0,1.0,1.0,1.0,1.0,1.0,1.0,1.0,1.0,0.99999875,1.0,1.0,1.0,1.0,1.0,1.0,1.0,1.0,1.0,1.0,1.0,1.0,1.0,1.0,1.0,0.9999912,1.0,1.0,1.0,1.0,1.0,1.0,1.0,1.0,1.0,1.0,1.0,1.0,1.0,1.0,0.9999998,1.0,1.0,1.0,1.0,1.0,1.0,1.0,1.0
UTP18_HepG2,1.0,1.0,1.0,1.0,1.0,1.0,0.9999508,1.0,1.0,1.0,1.0,1.0,0.99999964,1.0,1.0,1.0,1.0,1.0,1.0,1.0,1.0,1.0,1.0,1.0,1.0,1.0,1.0,1.0,1.0,0.99999946,1.0,1.0,1.0,1.0,1.0,0.9999981,1.0,1.0,1.0,1.0,1.0,1.0,1.0,1.0,1.0,1.0,1.0,1.0,1.0,1.0,1.0,1.0,1.0,1.0,1.0,1.0,1.0,1.0,1.0,1.0,1.0,1.0,1.0,1.0,1.0,1.0,1.0,1.0,1.0,0.99999374,1.0,1.0,1.0,1.0,1.0,1.0,1.0,1.0,1.0,1.0,1.0,1.0,1.0,1.0,1.0,0.99999905,1.0,1.0,1.0,1.0,1.0,1.0,1.0,0.999998,1.0,1.0,1.0,1.0,1.0,1.0,1.0,1.0,1.0,0.99999803,1.0,0.9999916,1.0,1.0,1.0,1.0,1.0,1.0,1.0,1.0,1.0,1.0,1.0,1.0,0.9999991,1.0,1.0,1.0,1.0,1.0,1.0,1.0,1.0,1.0,1.0,1.0,1.0,1.0,1.0,1.0,1.0,1.0,1.0,1.0,1.0,1.0,1.0,1.0,1.0,1.0,1.0,1.0,1.0,1.0,1.0,1.0,1.0,1.0,1.0,1.0,1.0,1.0,1.0,1.0,1.0,1.0,1.0,1.0,1.0,1.0,1.0,1.0,1.0,1.0,1.0,1.0,1.0,0.99999976,1.0,1.0,1.0,1.0,1.0,1.0,1.0,1.0,1.0,1.0,1.0,0.99999875,1.0,1.0,1.0,1.0,1.0,1.0,1.0,1.0,1.0,1.0,1.0,1.0,1.0,1.0,1.0,0.9999912,1.0,1.0,1.0,1.0,1.0,1.0,1.0,1.0,1.0,1.0,1.0,1.0,1.0,1.0,0.9999998,1.0,1.0,1.0,1.0,1.0,1.0,1.0,1.0
UTP18_K562,1.0,1.0,1.0,1.0,1.0,1.0,0.9999508,1.0,1.0,1.0,1.0,1.0,0.99999964,1.0,1.0,1.0,1.0,1.0,1.0,1.0,1.0,1.0,1.0,1.0,1.0,1.0,1.0,1.0,1.0,0.99999946,1.0,1.0,1.0,1.0,1.0,0.9999981,1.0,1.0,1.0,1.0,1.0,1.0,1.0,1.0,1.0,1.0,1.0,1.0,1.0,1.0,1.0,1.0,1.0,1.0,1.0,1.0,1.0,1.0,1.0,1.0,1.0,1.0,1.0,1.0,1.0,1.0,1.0,1.0,1.0,0.99999374,1.0,1.0,1.0,1.0,1.0,1.0,1.0,1.0,1.0,1.0,1.0,1.0,1.0,1.0,1.0,0.99999905,1.0,1.0,1.0,1.0,1.0,1.0,1.0,0.999998,1.0,1.0,1.0,1.0,1.0,1.0,1.0,1.0,1.0,0.99999803,1.0,0.9999916,1.0,1.0,1.0,1.0,1.0,1.0,1.0,1.0,1.0,1.0,1.0,1.0,0.9999991,1.0,1.0,1.0,1.0,1.0,1.0,1.0,1.0,1.0,1.0,1.0,1.0,1.0,1.0,1.0,1.0,1.0,1.0,1.0,1.0,1.0,1.0,1.0,1.0,1.0,1.0,1.0,1.0,1.0,1.0,1.0,1.0,1.0,1.0,1.0,1.0,1.0,1.0,1.0,1.0,1.0,1.0,1.0,1.0,1.0,1.0,1.0,1.0,1.0,1.0,1.0,1.0,0.99999976,1.0,1.0,1.0,1.0,1.0,1.0,1.0,1.0,1.0,1.0,1.0,0.99999875,1.0,1.0,1.0,1.0,1.0,1.0,1.0,1.0,1.0,1.0,1.0,1.0,1.0,1.0,1.0,0.9999912,1.0,1.0,1.0,1.0,1.0,1.0,1.0,1.0,1.0,1.0,1.0,1.0,1.0,1.0,0.9999998,1.0,1.0,1.0,1.0,1.0,1.0,1.0,1.0
UTP3_K562,1.0,1.0,1.0,1.0,1.0,1.0,0.9999508,1.0,1.0,1.0,1.0,1.0,0.99999964,1.0,1.0,1.0,1.0,1.0,1.0,1.0,1.0,1.0,1.0,1.0,1.0,1.0,1.0,1.0,1.0,0.99999946,1.0,1.0,1.0,1.0,1.0,0.9999981,1.0,1.0,1.0,1.0,1.0,1.0,1.0,1.0,1.0,1.0,1.0,1.0,1.0,1.0,1.0,1.0,1.0,1.0,1.0,1.0,1.0,1.0,1.0,1.0,1.0,1.0,1.0,1.0,1.0,1.0,1.0,1.0,1.0,0.99999374,1.0,1.0,1.0,1.0,1.0,1.0,1.0,1.0,1.0,1.0,1.0,1.0,1.0,1.0,1.0,0.99999905,1.0,1.0,1.0,1.0,1.0,1.0,1.0,0.999998,1.0,1.0,1.0,1.0,1.0,1.0,1.0,1.0,1.0,0.99999803,1.0,0.9999916,1.0,1.0,1.0,1.0,1.0,1.0,1.0,1.0,1.0,1.0,1.0,1.0,0.9999991,1.0,1.0,1.0,1.0,1.0,1.0,1.0,1.0,1.0,1.0,1.0,1.0,1.0,1.0,1.0,1.0,1.0,1.0,1.0,1.0,1.0,1.0,1.0,1.0,1.0,1.0,1.0,1.0,1.0,1.0,1.0,1.0,1.0,1.0,1.0,1.0,1.0,1.0,1.0,1.0,1.0,1.0,1.0,1.0,1.0,1.0,1.0,1.0,1.0,1.0,1.0,1.0,0.99999976,1.0,1.0,1.0,1.0,1.0,1.0,1.0,1.0,1.0,1.0,1.0,0.99999875,1.0,1.0,1.0,1.0,1.0,1.0,1.0,1.0,1.0,1.0,1.0,1.0,1.0,1.0,1.0,0.9999912,1.0,1.0,1.0,1.0,1.0,1.0,1.0,1.0,1.0,1.0,1.0,1.0,1.0,1.0,0.9999998,1.0,1.0,1.0,1.0,1.0,1.0,1.0,1.0
WDR3_K562,1.0,1.0,1.0,1.0,1.0,1.0,0.9999508,1.0,1.0,1.0,1.0,1.0,0.99999964,1.0,1.0,1.0,1.0,1.0,1.0,1.0,1.0,1.0,1.0,1.0,1.0,1.0,1.0,1.0,1.0,0.99999946,1.0,1.0,1.0,1.0,1.0,0.9999981,1.0,1.0,1.0,1.0,1.0,1.0,1.0,1.0,1.0,1.0,1.0,1.0,1.0,1.0,1.0,1.0,1.0,1.0,1.0,1.0,1.0,1.0,1.0,1.0,1.0,1.0,1.0,1.0,1.0,1.0,1.0,1.0,1.0,0.99999374,1.0,1.0,1.0,1.0,1.0,1.0,1.0,1.0,1.0,1.0,1.0,1.0,1.0,1.0,1.0,0.99999905,1.0,1.0,1.0,1.0,1.0,1.0,1.0,0.999998,1.0,1.0,1.0,1.0,1.0,1.0,1.0,1.0,1.0,0.99999803,1.0,0.9999916,1.0,1.0,1.0,1.0,1.0,1.0,1.0,1.0,1.0,1.0,1.0,1.0,0.9999991,1.0,1.0,1.0,1.0,1.0,1.0,1.0,1.0,1.0,1.0,1.0,1.0,1.0,1.0,1.0,1.0,1.0,1.0,1.0,1.0,1.0,1.0,1.0,1.0,1.0,1.0,1.0,1.0,1.0,1.0,1.0,1.0,1.0,1.0,1.0,1.0,1.0,1.0,1.0,1.0,1.0,1.0,1.0,1.0,1.0,1.0,1.0,1.0,1.0,1.0,1.0,1.0,0.99999976,1.0,1.0,1.0,1.0,1.0,1.0,1.0,1.0,1.0,1.0,1.0,0.99999875,1.0,1.0,1.0,1.0,1.0,1.0,1.0,1.0,1.0,1.0,1.0,1.0,1.0,1.0,1.0,0.9999912,1.0,1.0,1.0,1.0,1.0,1.0,1.0,1.0,1.0,1.0,1.0,1.0,1.0,1.0,0.9999998,1.0,1.0,1.0,1.0,1.0,1.0,1.0,1.0
WDR43_HepG2,1.0,1.0,1.0,1.0,1.0,1.0,0.9999508,1.0,1.0,1.0,1.0,1.0,0.99999964,1.0,1.0,1.0,1.0,1.0,1.0,1.0,1.0,1.0,1.0,1.0,1.0,1.0,1.0,1.0,1.0,0.99999946,1.0,1.0,1.0,1.0,1.0,0.9999981,1.0,1.0,1.0,1.0,1.0,1.0,1.0,1.0,1.0,1.0,1.0,1.0,1.0,1.0,1.0,1.0,1.0,1.0,1.0,1.0,1.0,1.0,1.0,1.0,1.0,1.0,1.0,1.0,1.0,1.0,1.0,1.0,1.0,0.99999374,1.0,1.0,1.0,1.0,1.0,1.0,1.0,1.0,1.0,1.0,1.0,1.0,1.0,1.0,1.0,0.99999905,1.0,1.0,1.0,1.0,1.0,1.0,1.0,0.999998,1.0,1.0,1.0,1.0,1.0,1.0,1.0,1.0,1.0,0.99999803,1.0,0.9999916,1.0,1.0,1.0,1.0,1.0,1.0,1.0,1.0,1.0,1.0,1.0,1.0,0.9999991,1.0,1.0,1.0,1.0,1.0,1.0,1.0,1.0,1.0,1.0,1.0,1.0,1.0,1.0,1.0,1.0,1.0,1.0,1.0,1.0,1.0,1.0,1.0,1.0,1.0,1.0,1.0,1.0,1.0,1.0,1.0,1.0,1.0,1.0,1.0,1.0,1.0,1.0,1.0,1.0,1.0,1.0,1.0,1.0,1.0,1.0,1.0,1.0,1.0,1.0,1.0,1.0,0.99999976,1.0,1.0,1.0,1.0,1.0,1.0,1.0,1.0,1.0,1.0,1.0,0.99999875,1.0,1.0,1.0,1.0,1.0,1.0,1.0,1.0,1.0,1.0,1.0,1.0,1.0,1.0,1.0,0.9999912,1.0,1.0,1.0,1.0,1.0,1.0,1.0,1.0,1.0,1.0,1.0,1.0,1.0,1.0,0.9999998,1.0,1.0,1.0,1.0,1.0,1.0,1.0,1.0
WDR43_K562,1.0,1.0,1.0,1.0,1.0,1.0,0.9999508,1.0,1.0,1.0,1.0,1.0,0.99999964,1.0,1.0,1.0,1.0,1.0,1.0,1.0,1.0,1.0,1.0,1.0,1.0,1.0,1.0,1.0,1.0,0.99999946,1.0,1.0,1.0,1.0,1.0,0.9999981,1.0,1.0,1.0,1.0,1.0,1.0,1.0,1.0,1.0,1.0,1.0,1.0,1.0,1.0,1.0,1.0,1.0,1.0,1.0,1.0,1.0,1.0,1.0,1.0,1.0,1.0,1.0,1.0,1.0,1.0,1.0,1.0,1.0,0.99999374,1.0,1.0,1.0,1.0,1.0,1.0,1.0,1.0,1.0,1.0,1.0,1.0,1.0,1.0,1.0,0.99999905,1.0,1.0,1.0,1.0,1.0,1.0,1.0,0.999998,1.0,1.0,1.0,1.0,1.0,1.0,1.0,1.0,1.0,0.99999803,1.0,0.9999916,1.0,1.0,1.0,1.0,1.0,1.0,1.0,1.0,1.0,1.0,1.0,1.0,0.9999991,1.0,1.0,1.0,1.0,1.0,1.0,1.0,1.0,1.0,1.0,1.0,1.0,1.0,1.0,1.0,1.0,1.0,1.0,1.0,1.0,1.0,1.0,1.0,1.0,1.0,1.0,1.0,1.0,1.0,1.0,1.0,1.0,1.0,1.0,1.0,1.0,1.0,1.0,1.0,1.0,1.0,1.0,1.0,1.0,1.0,1.0,1.0,1.0,1.0,1.0,1.0,1.0,0.99999976,1.0,1.0,1.0,1.0,1.0,1.0,1.0,1.0,1.0,1.0,1.0,0.99999875,1.0,1.0,1.0,1.0,1.0,1.0,1.0,1.0,1.0,1.0,1.0,1.0,1.0,1.0,1.0,0.9999912,1.0,1.0,1.0,1.0,1.0,1.0,1.0,1.0,1.0,1.0,1.0,1.0,1.0,1.0,0.9999998,1.0,1.0,1.0,1.0,1.0,1.0,1.0,1.0
WRN_K562,1.0,1.0,1.0,1.0,1.0,1.0,0.9999508,1.0,1.0,1.0,1.0,1.0,0.99999964,1.0,1.0,1.0,1.0,1.0,1.0,1.0,1.0,1.0,1.0,1.0,1.0,1.0,1.0,1.0,1.0,0.99999946,1.0,1.0,1.0,1.0,1.0,0.9999981,1.0,1.0,1.0,1.0,1.0,1.0,1.0,1.0,1.0,1.0,1.0,1.0,1.0,1.0,1.0,1.0,1.0,1.0,1.0,1.0,1.0,1.0,1.0,1.0,1.0,1.0,1.0,1.0,1.0,1.0,1.0,1.0,1.0,0.99999374,1.0,1.0,1.0,1.0,1.0,1.0,1.0,1.0,1.0,1.0,1.0,1.0,1.0,1.0,1.0,0.99999905,1.0,1.0,1.0,1.0,1.0,1.0,1.0,0.999998,1.0,1.0,1.0,1.0,1.0,1.0,1.0,1.0,1.0,0.99999803,1.0,0.9999916,1.0,1.0,1.0,1.0,1.0,1.0,1.0,1.0,1.0,1.0,1.0,1.0,0.9999991,1.0,1.0,1.0,1.0,1.0,1.0,1.0,1.0,1.0,1.0,1.0,1.0,1.0,1.0,1.0,1.0,1.0,1.0,1.0,1.0,1.0,1.0,1.0,1.0,1.0,1.0,1.0,1.0,1.0,1.0,1.0,1.0,1.0,1.0,1.0,1.0,1.0,1.0,1.0,1.0,1.0,1.0,1.0,1.0,1.0,1.0,1.0,1.0,1.0,1.0,1.0,1.0,0.99999976,1.0,1.0,1.0,1.0,1.0,1.0,1.0,1.0,1.0,1.0,1.0,0.99999875,1.0,1.0,1.0,1.0,1.0,1.0,1.0,1.0,1.0,1.0,1.0,1.0,1.0,1.0,1.0,0.9999912,1.0,1.0,1.0,1.0,1.0,1.0,1.0,1.0,1.0,1.0,1.0,1.0,1.0,1.0,0.9999998,1.0,1.0,1.0,1.0,1.0,1.0,1.0,1.0
XPO5_HepG2,1.0,1.0,1.0,1.0,1.0,1.0,0.9999508,1.0,1.0,1.0,1.0,1.0,0.99999964,1.0,1.0,1.0,1.0,1.0,1.0,1.0,1.0,1.0,1.0,1.0,1.0,1.0,1.0,1.0,1.0,0.99999946,1.0,1.0,1.0,1.0,1.0,0.9999981,1.0,1.0,1.0,1.0,1.0,1.0,1.0,1.0,1.0,1.0,1.0,1.0,1.0,1.0,1.0,1.0,1.0,1.0,1.0,1.0,1.0,1.0,1.0,1.0,1.0,1.0,1.0,1.0,1.0,1.0,1.0,1.0,1.0,0.99999374,1.0,1.0,1.0,1.0,1.0,1.0,1.0,1.0,1.0,1.0,1.0,1.0,1.0,1.0,1.0,0.99999905,1.0,1.0,1.0,1.0,1.0,1.0,1.0,0.999998,1.0,1.0,1.0,1.0,1.0,1.0,1.0,1.0,1.0,0.99999803,1.0,0.9999916,1.0,1.0,1.0,1.0,1.0,1.0,1.0,1.0,1.0,1.0,1.0,1.0,0.9999991,1.0,1.0,1.0,1.0,1.0,1.0,1.0,1.0,1.0,1.0,1.0,1.0,1.0,1.0,1.0,1.0,1.0,1.0,1.0,1.0,1.0,1.0,1.0,1.0,1.0,1.0,1.0,1.0,1.0,1.0,1.0,1.0,1.0,1.0,1.0,1.0,1.0,1.0,1.0,1.0,1.0,1.0,1.0,1.0,1.0,1.0,1.0,1.0,1.0,1.0,1.0,1.0,0.99999976,1.0,1.0,1.0,1.0,1.0,1.0,1.0,1.0,1.0,1.0,1.0,0.99999875,1.0,1.0,1.0,1.0,1.0,1.0,1.0,1.0,1.0,1.0,1.0,1.0,1.0,1.0,1.0,0.9999912,1.0,1.0,1.0,1.0,1.0,1.0,1.0,1.0,1.0,1.0,1.0,1.0,1.0,1.0,0.9999998,1.0,1.0,1.0,1.0,1.0,1.0,1.0,1.0
XRCC6_HepG2,1.0,1.0,1.0,1.0,1.0,1.0,0.9999508,1.0,1.0,1.0,1.0,1.0,0.99999964,1.0,1.0,1.0,1.0,1.0,1.0,1.0,1.0,1.0,1.0,1.0,1.0,1.0,1.0,1.0,1.0,0.99999946,1.0,1.0,1.0,1.0,1.0,0.9999981,1.0,1.0,1.0,1.0,1.0,1.0,1.0,1.0,1.0,1.0,1.0,1.0,1.0,1.0,1.0,1.0,1.0,1.0,1.0,1.0,1.0,1.0,1.0,1.0,1.0,1.0,1.0,1.0,1.0,1.0,1.0,1.0,1.0,0.99999374,1.0,1.0,1.0,1.0,1.0,1.0,1.0,1.0,1.0,1.0,1.0,1.0,1.0,1.0,1.0,0.99999905,1.0,1.0,1.0,1.0,1.0,1.0,1.0,0.999998,1.0,1.0,1.0,1.0,1.0,1.0,1.0,1.0,1.0,0.99999803,1.0,0.9999916,1.0,1.0,1.0,1.0,1.0,1.0,1.0,1.0,1.0,1.0,1.0,1.0,0.9999991,1.0,1.0,1.0,1.0,1.0,1.0,1.0,1.0,1.0,1.0,1.0,1.0,1.0,1.0,1.0,1.0,1.0,1.0,1.0,1.0,1.0,1.0,1.0,1.0,1.0,1.0,1.0,1.0,1.0,1.0,1.0,1.0,1.0,1.0,1.0,1.0,1.0,1.0,1.0,1.0,1.0,1.0,1.0,1.0,1.0,1.0,1.0,1.0,1.0,1.0,1.0,1.0,0.99999976,1.0,1.0,1.0,1.0,1.0,1.0,1.0,1.0,1.0,1.0,1.0,0.99999875,1.0,1.0,1.0,1.0,1.0,1.0,1.0,1.0,1.0,1.0,1.0,1.0,1.0,1.0,1.0,0.9999912,1.0,1.0,1.0,1.0,1.0,1.0,1.0,1.0,1.0,1.0,1.0,1.0,1.0,1.0,0.9999998,1.0,1.0,1.0,1.0,1.0,1.0,1.0,1.0
XRCC6_K562,1.0,1.0,1.0,1.0,1.0,1.0,0.9999508,1.0,1.0,1.0,1.0,1.0,0.99999964,1.0,1.0,1.0,1.0,1.0,1.0,1.0,1.0,1.0,1.0,1.0,1.0,1.0,1.0,1.0,1.0,0.99999946,1.0,1.0,1.0,1.0,1.0,0.9999981,1.0,1.0,1.0,1.0,1.0,1.0,1.0,1.0,1.0,1.0,1.0,1.0,1.0,1.0,1.0,1.0,1.0,1.0,1.0,1.0,1.0,1.0,1.0,1.0,1.0,1.0,1.0,1.0,1.0,1.0,1.0,1.0,1.0,0.99999374,1.0,1.0,1.0,1.0,1.0,1.0,1.0,1.0,1.0,1.0,1.0,1.0,1.0,1.0,1.0,0.99999905,1.0,1.0,1.0,1.0,1.0,1.0,1.0,0.999998,1.0,1.0,1.0,1.0,1.0,1.0,1.0,1.0,1.0,0.99999803,1.0,0.9999916,1.0,1.0,1.0,1.0,1.0,1.0,1.0,1.0,1.0,1.0,1.0,1.0,0.9999991,1.0,1.0,1.0,1.0,1.0,1.0,1.0,1.0,1.0,1.0,1.0,1.0,1.0,1.0,1.0,1.0,1.0,1.0,1.0,1.0,1.0,1.0,1.0,1.0,1.0,1.0,1.0,1.0,1.0,1.0,1.0,1.0,1.0,1.0,1.0,1.0,1.0,1.0,1.0,1.0,1.0,1.0,1.0,1.0,1.0,1.0,1.0,1.0,1.0,1.0,1.0,1.0,0.99999976,1.0,1.0,1.0,1.0,1.0,1.0,1.0,1.0,1.0,1.0,1.0,0.99999875,1.0,1.0,1.0,1.0,1.0,1.0,1.0,1.0,1.0,1.0,1.0,1.0,1.0,1.0,1.0,0.9999912,1.0,1.0,1.0,1.0,1.0,1.0,1.0,1.0,1.0,1.0,1.0,1.0,1.0,1.0,0.9999998,1.0,1.0,1.0,1.0,1.0,1.0,1.0,1.0
XRN2_HepG2,1.0,1.0,1.0,1.0,1.0,1.0,0.9999508,1.0,1.0,1.0,1.0,1.0,0.99999964,1.0,1.0,1.0,1.0,1.0,1.0,1.0,1.0,1.0,1.0,1.0,1.0,1.0,1.0,1.0,1.0,0.99999946,1.0,1.0,1.0,1.0,1.0,0.9999981,1.0,1.0,1.0,1.0,1.0,1.0,1.0,1.0,1.0,1.0,1.0,1.0,1.0,1.0,1.0,1.0,1.0,1.0,1.0,1.0,1.0,1.0,1.0,1.0,1.0,1.0,1.0,1.0,1.0,1.0,1.0,1.0,1.0,0.99999374,1.0,1.0,1.0,1.0,1.0,1.0,1.0,1.0,1.0,1.0,1.0,1.0,1.0,1.0,1.0,0.99999905,1.0,1.0,1.0,1.0,1.0,1.0,1.0,0.999998,1.0,1.0,1.0,1.0,1.0,1.0,1.0,1.0,1.0,0.99999803,1.0,0.9999916,1.0,1.0,1.0,1.0,1.0,1.0,1.0,1.0,1.0,1.0,1.0,1.0,0.9999991,1.0,1.0,1.0,1.0,1.0,1.0,1.0,1.0,1.0,1.0,1.0,1.0,1.0,1.0,1.0,1.0,1.0,1.0,1.0,1.0,1.0,1.0,1.0,1.0,1.0,1.0,1.0,1.0,1.0,1.0,1.0,1.0,1.0,1.0,1.0,1.0,1.0,1.0,1.0,1.0,1.0,1.0,1.0,1.0,1.0,1.0,1.0,1.0,1.0,1.0,1.0,1.0,0.99999976,1.0,1.0,1.0,1.0,1.0,1.0,1.0,1.0,1.0,1.0,1.0,0.99999875,1.0,1.0,1.0,1.0,1.0,1.0,1.0,1.0,1.0,1.0,1.0,1.0,1.0,1.0,1.0,0.9999912,1.0,1.0,1.0,1.0,1.0,1.0,1.0,1.0,1.0,1.0,1.0,1.0,1.0,1.0,0.9999998,1.0,1.0,1.0,1.0,1.0,1.0,1.0,1.0
XRN2_K562,1.0,1.0,1.0,1.0,1.0,1.0,0.9999508,1.0,1.0,1.0,1.0,1.0,0.99999964,1.0,1.0,1.0,1.0,1.0,1.0,1.0,1.0,1.0,1.0,1.0,1.0,1.0,1.0,1.0,1.0,0.99999946,1.0,1.0,1.0,1.0,1.0,0.9999981,1.0,1.0,1.0,1.0,1.0,1.0,1.0,1.0,1.0,1.0,1.0,1.0,1.0,1.0,1.0,1.0,1.0,1.0,1.0,1.0,1.0,1.0,1.0,1.0,1.0,1.0,1.0,1.0,1.0,1.0,1.0,1.0,1.0,0.99999374,1.0,1.0,1.0,1.0,1.0,1.0,1.0,1.0,1.0,1.0,1.0,1.0,1.0,1.0,1.0,0.99999905,1.0,1.0,1.0,1.0,1.0,1.0,1.0,0.999998,1.0,1.0,1.0,1.0,1.0,1.0,1.0,1.0,1.0,0.99999803,1.0,0.9999916,1.0,1.0,1.0,1.0,1.0,1.0,1.0,1.0,1.0,1.0,1.0,1.0,0.9999991,1.0,1.0,1.0,1.0,1.0,1.0,1.0,1.0,1.0,1.0,1.0,1.0,1.0,1.0,1.0,1.0,1.0,1.0,1.0,1.0,1.0,1.0,1.0,1.0,1.0,1.0,1.0,1.0,1.0,1.0,1.0,1.0,1.0,1.0,1.0,1.0,1.0,1.0,1.0,1.0,1.0,1.0,1.0,1.0,1.0,1.0,1.0,1.0,1.0,1.0,1.0,1.0,0.99999976,1.0,1.0,1.0,1.0,1.0,1.0,1.0,1.0,1.0,1.0,1.0,0.99999875,1.0,1.0,1.0,1.0,1.0,1.0,1.0,1.0,1.0,1.0,1.0,1.0,1.0,1.0,1.0,0.9999912,1.0,1.0,1.0,1.0,1.0,1.0,1.0,1.0,1.0,1.0,1.0,1.0,1.0,1.0,0.9999998,1.0,1.0,1.0,1.0,1.0,1.0,1.0,1.0
YBX3_HepG2,1.0,1.0,1.0,1.0,1.0,1.0,0.9999508,1.0,1.0,1.0,1.0,1.0,0.99999964,1.0,1.0,1.0,1.0,1.0,1.0,1.0,1.0,1.0,1.0,1.0,1.0,1.0,1.0,1.0,1.0,0.99999946,1.0,1.0,1.0,1.0,1.0,0.9999981,1.0,1.0,1.0,1.0,1.0,1.0,1.0,1.0,1.0,1.0,1.0,1.0,1.0,1.0,1.0,1.0,1.0,1.0,1.0,1.0,1.0,1.0,1.0,1.0,1.0,1.0,1.0,1.0,1.0,1.0,1.0,1.0,1.0,0.99999374,1.0,1.0,1.0,1.0,1.0,1.0,1.0,1.0,1.0,1.0,1.0,1.0,1.0,1.0,1.0,0.99999905,1.0,1.0,1.0,1.0,1.0,1.0,1.0,0.999998,1.0,1.0,1.0,1.0,1.0,1.0,1.0,1.0,1.0,0.99999803,1.0,0.9999916,1.0,1.0,1.0,1.0,1.0,1.0,1.0,1.0,1.0,1.0,1.0,1.0,0.9999991,1.0,1.0,1.0,1.0,1.0,1.0,1.0,1.0,1.0,1.0,1.0,1.0,1.0,1.0,1.0,1.0,1.0,1.0,1.0,1.0,1.0,1.0,1.0,1.0,1.0,1.0,1.0,1.0,1.0,1.0,1.0,1.0,1.0,1.0,1.0,1.0,1.0,1.0,1.0,1.0,1.0,1.0,1.0,1.0,1.0,1.0,1.0,1.0,1.0,1.0,1.0,1.0,0.99999976,1.0,1.0,1.0,1.0,1.0,1.0,1.0,1.0,1.0,1.0,1.0,0.99999875,1.0,1.0,1.0,1.0,1.0,1.0,1.0,1.0,1.0,1.0,1.0,1.0,1.0,1.0,1.0,0.9999912,1.0,1.0,1.0,1.0,1.0,1.0,1.0,1.0,1.0,1.0,1.0,1.0,1.0,1.0,0.9999998,1.0,1.0,1.0,1.0,1.0,1.0,1.0,1.0
YBX3_K562,0.9999998,0.9999998,0.9999998,0.9999998,0.9999998,0.9999998,0.9999566,0.9999998,0.9999998,0.9999998,0.9999998,0.9999998,0.99999994,0.9999998,0.9999998,0.9999998,0.9999998,0.9999998,0.9999998,0.9999998,0.9999998,0.9999998,0.9999998,0.9999998,0.9999998,0.9999998,0.9999998,0.9999998,0.9999998,0.9999999,0.9999998,0.9999998,0.9999998,0.9999998,0.9999998,0.9999991,0.9999998,0.9999998,0.9999998,0.9999998,0.9999998,0.9999998,0.9999998,0.9999998,0.9999998,0.9999998,0.9999998,0.9999998,0.9999998,0.9999998,0.9999998,0.9999998,0.9999998,0.9999998,0.9999998,0.9999998,0.9999998,0.9999998,0.9999998,0.9999998,0.9999998,0.9999998,0.9999998,0.9999998,0.9999998,0.9999998,0.9999998,0.9999998,0.9999998,0.9999957,0.9999998,0.9999998,0.9999998,0.9999998,0.9999998,0.9999998,0.9999998,0.9999998,0.9999998,0.9999998,0.9999998,0.9999998,0.9999998,0.9999998,0.9999998,0.9999997,0.9999998,0.9999998,0.9999998,0.9999998,0.9999998,0.9999998,0.9999998,0.999999,0.9999998,0.9999998,0.9999998,0.9999998,0.9999998,0.9999998,0.9999998,0.9999998,0.9999998,0.99999905,0.9999998,0.99999386,0.9999998,0.9999998,0.9999998,0.9999998,0.9999998,0.9999998,0.9999998,0.9999998,0.9999998,0.9999998,0.9999998,0.9999998,0.9999997,0.9999998,0.9999998,0.9999998,0.9999998,0.9999998,0.9999998,0.9999998,0.9999998,0.9999998,0.9999998,0.9999998,0.9999998,0.9999998,0.9999998,0.9999998,0.9999998,0.9999998,0.9999998,0.9999998,0.9999998,0.9999998,0.9999998,0.9999998,0.9999998,0.9999998,0.9999998,0.9999998,0.9999998,0.9999998,0.9999998,0.9999998,0.9999998,0.9999998,0.9999998,0.9999998,0.9999998,0.9999998,0.9999998,0.9999998,0.9999998,0.9999998,0.9999998,0.9999998,0.9999998,0.9999998,0.9999998,0.9999998,0.9999998,0.9999998,0.9999998,0.9999998,0.9999998,0.99999917,0.9999998,0.9999998,0.9999998,0.9999998,0.9999998,0.9999998,0.9999998,0.9999998,0.9999998,0.9999998,0.9999998,0.9999995,0.9999998,0.9999998,0.9999998,0.9999998,0.9999998,0.9999998,0.9999998,0.9999998,0.9999998,0.9999998,0.9999998,0.9999998,0.9999998,0.9999998,0.9999998,0.9999935,0.9999998,0.9999998,0.9999998,0.9999998,0.9999998,0.9999998,0.9999998,0.9999998,0.9999998,0.9999998,0.9999998,0.9999998,0.9999998,0.9999998,1.0,0.9999998,0.9999998,0.9999998,0.9999998,0.9999998,0.9999998,0.9999998,0.9999998
YWHAG_K562,1.0,1.0,1.0,1.0,1.0,1.0,0.9999508,1.0,1.0,1.0,1.0,1.0,0.99999964,1.0,1.0,1.0,1.0,1.0,1.0,1.0,1.0,1.0,1.0,1.0,1.0,1.0,1.0,1.0,1.0,0.99999946,1.0,1.0,1.0,1.0,1.0,0.9999981,1.0,1.0,1.0,1.0,1.0,1.0,1.0,1.0,1.0,1.0,1.0,1.0,1.0,1.0,1.0,1.0,1.0,1.0,1.0,1.0,1.0,1.0,1.0,1.0,1.0,1.0,1.0,1.0,1.0,1.0,1.0,1.0,1.0,0.99999374,1.0,1.0,1.0,1.0,1.0,1.0,1.0,1.0,1.0,1.0,1.0,1.0,1.0,1.0,1.0,0.99999905,1.0,1.0,1.0,1.0,1.0,1.0,1.0,0.999998,1.0,1.0,1.0,1.0,1.0,1.0,1.0,1.0,1.0,0.99999803,1.0,0.9999916,1.0,1.0,1.0,1.0,1.0,1.0,1.0,1.0,1.0,1.0,1.0,1.0,0.9999991,1.0,1.0,1.0,1.0,1.0,1.0,1.0,1.0,1.0,1.0,1.0,1.0,1.0,1.0,1.0,1.0,1.0,1.0,1.0,1.0,1.0,1.0,1.0,1.0,1.0,1.0,1.0,1.0,1.0,1.0,1.0,1.0,1.0,1.0,1.0,1.0,1.0,1.0,1.0,1.0,1.0,1.0,1.0,1.0,1.0,1.0,1.0,1.0,1.0,1.0,1.0,1.0,0.99999976,1.0,1.0,1.0,1.0,1.0,1.0,1.0,1.0,1.0,1.0,1.0,0.99999875,1.0,1.0,1.0,1.0,1.0,1.0,1.0,1.0,1.0,1.0,1.0,1.0,1.0,1.0,1.0,0.9999912,1.0,1.0,1.0,1.0,1.0,1.0,1.0,1.0,1.0,1.0,1.0,1.0,1.0,1.0,0.9999998,1.0,1.0,1.0,1.0,1.0,1.0,1.0,1.0
ZC3H11A_HepG2,1.0,1.0,1.0,1.0,1.0,1.0,0.9999508,1.0,1.0,1.0,1.0,1.0,0.99999964,1.0,1.0,1.0,1.0,1.0,1.0,1.0,1.0,1.0,1.0,1.0,1.0,1.0,1.0,1.0,1.0,0.99999946,1.0,1.0,1.0,1.0,1.0,0.9999981,1.0,1.0,1.0,1.0,1.0,1.0,1.0,1.0,1.0,1.0,1.0,1.0,1.0,1.0,1.0,1.0,1.0,1.0,1.0,1.0,1.0,1.0,1.0,1.0,1.0,1.0,1.0,1.0,1.0,1.0,1.0,1.0,1.0,0.99999374,1.0,1.0,1.0,1.0,1.0,1.0,1.0,1.0,1.0,1.0,1.0,1.0,1.0,1.0,1.0,0.99999905,1.0,1.0,1.0,1.0,1.0,1.0,1.0,0.999998,1.0,1.0,1.0,1.0,1.0,1.0,1.0,1.0,1.0,0.99999803,1.0,0.9999916,1.0,1.0,1.0,1.0,1.0,1.0,1.0,1.0,1.0,1.0,1.0,1.0,0.9999991,1.0,1.0,1.0,1.0,1.0,1.0,1.0,1.0,1.0,1.0,1.0,1.0,1.0,1.0,1.0,1.0,1.0,1.0,1.0,1.0,1.0,1.0,1.0,1.0,1.0,1.0,1.0,1.0,1.0,1.0,1.0,1.0,1.0,1.0,1.0,1.0,1.0,1.0,1.0,1.0,1.0,1.0,1.0,1.0,1.0,1.0,1.0,1.0,1.0,1.0,1.0,1.0,0.99999976,1.0,1.0,1.0,1.0,1.0,1.0,1.0,1.0,1.0,1.0,1.0,0.99999875,1.0,1.0,1.0,1.0,1.0,1.0,1.0,1.0,1.0,1.0,1.0,1.0,1.0,1.0,1.0,0.9999912,1.0,1.0,1.0,1.0,1.0,1.0,1.0,1.0,1.0,1.0,1.0,1.0,1.0,1.0,0.9999998,1.0,1.0,1.0,1.0,1.0,1.0,1.0,1.0
ZC3H11A_K562,1.0,1.0,1.0,1.0,1.0,1.0,0.9999508,1.0,1.0,1.0,1.0,1.0,0.99999964,1.0,1.0,1.0,1.0,1.0,1.0,1.0,1.0,1.0,1.0,1.0,1.0,1.0,1.0,1.0,1.0,0.99999946,1.0,1.0,1.0,1.0,1.0,0.9999981,1.0,1.0,1.0,1.0,1.0,1.0,1.0,1.0,1.0,1.0,1.0,1.0,1.0,1.0,1.0,1.0,1.0,1.0,1.0,1.0,1.0,1.0,1.0,1.0,1.0,1.0,1.0,1.0,1.0,1.0,1.0,1.0,1.0,0.99999374,1.0,1.0,1.0,1.0,1.0,1.0,1.0,1.0,1.0,1.0,1.0,1.0,1.0,1.0,1.0,0.99999905,1.0,1.0,1.0,1.0,1.0,1.0,1.0,0.999998,1.0,1.0,1.0,1.0,1.0,1.0,1.0,1.0,1.0,0.99999803,1.0,0.9999916,1.0,1.0,1.0,1.0,1.0,1.0,1.0,1.0,1.0,1.0,1.0,1.0,0.9999991,1.0,1.0,1.0,1.0,1.0,1.0,1.0,1.0,1.0,1.0,1.0,1.0,1.0,1.0,1.0,1.0,1.0,1.0,1.0,1.0,1.0,1.0,1.0,1.0,1.0,1.0,1.0,1.0,1.0,1.0,1.0,1.0,1.0,1.0,1.0,1.0,1.0,1.0,1.0,1.0,1.0,1.0,1.0,1.0,1.0,1.0,1.0,1.0,1.0,1.0,1.0,1.0,0.99999976,1.0,1.0,1.0,1.0,1.0,1.0,1.0,1.0,1.0,1.0,1.0,0.99999875,1.0,1.0,1.0,1.0,1.0,1.0,1.0,1.0,1.0,1.0,1.0,1.0,1.0,1.0,1.0,0.9999912,1.0,1.0,1.0,1.0,1.0,1.0,1.0,1.0,1.0,1.0,1.0,1.0,1.0,1.0,0.9999998,1.0,1.0,1.0,1.0,1.0,1.0,1.0,1.0
ZC3H8_K562,1.0,1.0,1.0,1.0,1.0,1.0,0.9999508,1.0,1.0,1.0,1.0,1.0,0.99999964,1.0,1.0,1.0,1.0,1.0,1.0,1.0,1.0,1.0,1.0,1.0,1.0,1.0,1.0,1.0,1.0,0.99999946,1.0,1.0,1.0,1.0,1.0,0.9999981,1.0,1.0,1.0,1.0,1.0,1.0,1.0,1.0,1.0,1.0,1.0,1.0,1.0,1.0,1.0,1.0,1.0,1.0,1.0,1.0,1.0,1.0,1.0,1.0,1.0,1.0,1.0,1.0,1.0,1.0,1.0,1.0,1.0,0.99999374,1.0,1.0,1.0,1.0,1.0,1.0,1.0,1.0,1.0,1.0,1.0,1.0,1.0,1.0,1.0,0.99999905,1.0,1.0,1.0,1.0,1.0,1.0,1.0,0.999998,1.0,1.0,1.0,1.0,1.0,1.0,1.0,1.0,1.0,0.99999803,1.0,0.9999916,1.0,1.0,1.0,1.0,1.0,1.0,1.0,1.0,1.0,1.0,1.0,1.0,0.9999991,1.0,1.0,1.0,1.0,1.0,1.0,1.0,1.0,1.0,1.0,1.0,1.0,1.0,1.0,1.0,1.0,1.0,1.0,1.0,1.0,1.0,1.0,1.0,1.0,1.0,1.0,1.0,1.0,1.0,1.0,1.0,1.0,1.0,1.0,1.0,1.0,1.0,1.0,1.0,1.0,1.0,1.0,1.0,1.0,1.0,1.0,1.0,1.0,1.0,1.0,1.0,1.0,0.99999976,1.0,1.0,1.0,1.0,1.0,1.0,1.0,1.0,1.0,1.0,1.0,0.99999875,1.0,1.0,1.0,1.0,1.0,1.0,1.0,1.0,1.0,1.0,1.0,1.0,1.0,1.0,1.0,0.9999912,1.0,1.0,1.0,1.0,1.0,1.0,1.0,1.0,1.0,1.0,1.0,1.0,1.0,1.0,0.9999998,1.0,1.0,1.0,1.0,1.0,1.0,1.0,1.0
ZNF622_K562,1.0,1.0,1.0,1.0,1.0,1.0,0.9999508,1.0,1.0,1.0,1.0,1.0,0.99999964,1.0,1.0,1.0,1.0,1.0,1.0,1.0,1.0,1.0,1.0,1.0,1.0,1.0,1.0,1.0,1.0,0.99999946,1.0,1.0,1.0,1.0,1.0,0.9999981,1.0,1.0,1.0,1.0,1.0,1.0,1.0,1.0,1.0,1.0,1.0,1.0,1.0,1.0,1.0,1.0,1.0,1.0,1.0,1.0,1.0,1.0,1.0,1.0,1.0,1.0,1.0,1.0,1.0,1.0,1.0,1.0,1.0,0.99999374,1.0,1.0,1.0,1.0,1.0,1.0,1.0,1.0,1.0,1.0,1.0,1.0,1.0,1.0,1.0,0.99999905,1.0,1.0,1.0,1.0,1.0,1.0,1.0,0.999998,1.0,1.0,1.0,1.0,1.0,1.0,1.0,1.0,1.0,0.99999803,1.0,0.9999916,1.0,1.0,1.0,1.0,1.0,1.0,1.0,1.0,1.0,1.0,1.0,1.0,0.9999991,1.0,1.0,1.0,1.0,1.0,1.0,1.0,1.0,1.0,1.0,1.0,1.0,1.0,1.0,1.0,1.0,1.0,1.0,1.0,1.0,1.0,1.0,1.0,1.0,1.0,1.0,1.0,1.0,1.0,1.0,1.0,1.0,1.0,1.0,1.0,1.0,1.0,1.0,1.0,1.0,1.0,1.0,1.0,1.0,1.0,1.0,1.0,1.0,1.0,1.0,1.0,1.0,0.99999976,1.0,1.0,1.0,1.0,1.0,1.0,1.0,1.0,1.0,1.0,1.0,0.99999875,1.0,1.0,1.0,1.0,1.0,1.0,1.0,1.0,1.0,1.0,1.0,1.0,1.0,1.0,1.0,0.9999912,1.0,1.0,1.0,1.0,1.0,1.0,1.0,1.0,1.0,1.0,1.0,1.0,1.0,1.0,0.9999998,1.0,1.0,1.0,1.0,1.0,1.0,1.0,1.0
ZNF800_HepG2,1.0,1.0,1.0,1.0,1.0,1.0,0.9999508,1.0,1.0,1.0,1.0,1.0,0.99999964,1.0,1.0,1.0,1.0,1.0,1.0,1.0,1.0,1.0,1.0,1.0,1.0,1.0,1.0,1.0,1.0,0.99999946,1.0,1.0,1.0,1.0,1.0,0.9999981,1.0,1.0,1.0,1.0,1.0,1.0,1.0,1.0,1.0,1.0,1.0,1.0,1.0,1.0,1.0,1.0,1.0,1.0,1.0,1.0,1.0,1.0,1.0,1.0,1.0,1.0,1.0,1.0,1.0,1.0,1.0,1.0,1.0,0.99999374,1.0,1.0,1.0,1.0,1.0,1.0,1.0,1.0,1.0,1.0,1.0,1.0,1.0,1.0,1.0,0.99999905,1.0,1.0,1.0,1.0,1.0,1.0,1.0,0.999998,1.0,1.0,1.0,1.0,1.0,1.0,1.0,1.0,1.0,0.99999803,1.0,0.9999916,1.0,1.0,1.0,1.0,1.0,1.0,1.0,1.0,1.0,1.0,1.0,1.0,0.9999991,1.0,1.0,1.0,1.0,1.0,1.0,1.0,1.0,1.0,1.0,1.0,1.0,1.0,1.0,1.0,1.0,1.0,1.0,1.0,1.0,1.0,1.0,1.0,1.0,1.0,1.0,1.0,1.0,1.0,1.0,1.0,1.0,1.0,1.0,1.0,1.0,1.0,1.0,1.0,1.0,1.0,1.0,1.0,1.0,1.0,1.0,1.0,1.0,1.0,1.0,1.0,1.0,0.99999976,1.0,1.0,1.0,1.0,1.0,1.0,1.0,1.0,1.0,1.0,1.0,0.99999875,1.0,1.0,1.0,1.0,1.0,1.0,1.0,1.0,1.0,1.0,1.0,1.0,1.0,1.0,1.0,0.9999912,1.0,1.0,1.0,1.0,1.0,1.0,1.0,1.0,1.0,1.0,1.0,1.0,1.0,1.0,0.9999998,1.0,1.0,1.0,1.0,1.0,1.0,1.0,1.0
ZNF800_K562,1.0,1.0,1.0,1.0,1.0,1.0,0.9999508,1.0,1.0,1.0,1.0,1.0,0.99999964,1.0,1.0,1.0,1.0,1.0,1.0,1.0,1.0,1.0,1.0,1.0,1.0,1.0,1.0,1.0,1.0,0.99999946,1.0,1.0,1.0,1.0,1.0,0.9999981,1.0,1.0,1.0,1.0,1.0,1.0,1.0,1.0,1.0,1.0,1.0,1.0,1.0,1.0,1.0,1.0,1.0,1.0,1.0,1.0,1.0,1.0,1.0,1.0,1.0,1.0,1.0,1.0,1.0,1.0,1.0,1.0,1.0,0.99999374,1.0,1.0,1.0,1.0,1.0,1.0,1.0,1.0,1.0,1.0,1.0,1.0,1.0,1.0,1.0,0.99999905,1.0,1.0,1.0,1.0,1.0,1.0,1.0,0.999998,1.0,1.0,1.0,1.0,1.0,1.0,1.0,1.0,1.0,0.99999803,1.0,0.9999916,1.0,1.0,1.0,1.0,1.0,1.0,1.0,1.0,1.0,1.0,1.0,1.0,0.9999991,1.0,1.0,1.0,1.0,1.0,1.0,1.0,1.0,1.0,1.0,1.0,1.0,1.0,1.0,1.0,1.0,1.0,1.0,1.0,1.0,1.0,1.0,1.0,1.0,1.0,1.0,1.0,1.0,1.0,1.0,1.0,1.0,1.0,1.0,1.0,1.0,1.0,1.0,1.0,1.0,1.0,1.0,1.0,1.0,1.0,1.0,1.0,1.0,1.0,1.0,1.0,1.0,0.99999976,1.0,1.0,1.0,1.0,1.0,1.0,1.0,1.0,1.0,1.0,1.0,0.99999875,1.0,1.0,1.0,1.0,1.0,1.0,1.0,1.0,1.0,1.0,1.0,1.0,1.0,1.0,1.0,0.9999912,1.0,1.0,1.0,1.0,1.0,1.0,1.0,1.0,1.0,1.0,1.0,1.0,1.0,1.0,0.9999998,1.0,1.0,1.0,1.0,1.0,1.0,1.0,1.0
ZRANB2_K562,1.0,1.0,1.0,1.0,1.0,1.0,0.9999508,1.0,1.0,1.0,1.0,1.0,0.99999964,1.0,1.0,1.0,1.0,1.0,1.0,1.0,1.0,1.0,1.0,1.0,1.0,1.0,1.0,1.0,1.0,0.99999946,1.0,1.0,1.0,1.0,1.0,0.9999981,1.0,1.0,1.0,1.0,1.0,1.0,1.0,1.0,1.0,1.0,1.0,1.0,1.0,1.0,1.0,1.0,1.0,1.0,1.0,1.0,1.0,1.0,1.0,1.0,1.0,1.0,1.0,1.0,1.0,1.0,1.0,1.0,1.0,0.99999374,1.0,1.0,1.0,1.0,1.0,1.0,1.0,1.0,1.0,1.0,1.0,1.0,1.0,1.0,1.0,0.99999905,1.0,1.0,1.0,1.0,1.0,1.0,1.0,0.999998,1.0,1.0,1.0,1.0,1.0,1.0,1.0,1.0,1.0,0.99999803,1.0,0.9999916,1.0,1.0,1.0,1.0,1.0,1.0,1.0,1.0,1.0,1.0,1.0,1.0,0.9999991,1.0,1.0,1.0,1.0,1.0,1.0,1.0,1.0,1.0,1.0,1.0,1.0,1.0,1.0,1.0,1.0,1.0,1.0,1.0,1.0,1.0,1.0,1.0,1.0,1.0,1.0,1.0,1.0,1.0,1.0,1.0,1.0,1.0,1.0,1.0,1.0,1.0,1.0,1.0,1.0,1.0,1.0,1.0,1.0,1.0,1.0,1.0,1.0,1.0,1.0,1.0,1.0,0.99999976,1.0,1.0,1.0,1.0,1.0,1.0,1.0,1.0,1.0,1.0,1.0,0.99999875,1.0,1.0,1.0,1.0,1.0,1.0,1.0,1.0,1.0,1.0,1.0,1.0,1.0,1.0,1.0,0.9999912,1.0,1.0,1.0,1.0,1.0,1.0,1.0,1.0,1.0,1.0,1.0,1.0,1.0,1.0,0.9999998,1.0,1.0,1.0,1.0,1.0,1.0,1.0,1.0
