sequence_index,pearson_r
0,0.35611873865127563
1,0.36339810490608215
2,0.5980014204978943
3,0.6009854674339294
4,0.19507092237472534
5,0.27282771468162537
6,0.859859824180603
7,0.5705788731575012
8,0.5122042298316956
9,0.34729331731796265
10,0.248580664396286
11,0.2554709315299988
12,0.5885703563690186
13,0.17438256740570068
14,0.3622041344642639
15,0.4956429600715637
16,0.7465595006942749
17,0.3236094117164612
18,0.5918317437171936
19,0.3445433974266052
20,0.5086581110954285
21,0.4814501702785492
22,0.2724016010761261
23,0.5447399020195007
24,0.07220524549484253
25,0.2866699993610382
26,0.4514469504356384
27,0.646328866481781
28,0.5264793038368225
29,0.5834554433822632
30,0.25193896889686584
31,0.07174454629421234
32,0.2873772382736206
33,0.5501024723052979
34,0.401053249835968
35,0.26276326179504395
36,0.5316992998123169
37,0.07220011204481125
38,0.16808980703353882
39,0.6756646037101746
40,0.5245740413665771
41,0.5437369346618652
42,0.4453958570957184
43,0.5943356156349182
44,0.5805162191390991
45,0.5074287056922913
46,0.20151320099830627
47,0.19003042578697205
48,0.46406012773513794
49,0.1718975007534027
50,0.5550400018692017
51,0.3930855095386505
52,0.6219949722290039
53,0.2974000871181488
54,0.5667206645011902
55,0.7659685015678406
56,0.07616904377937317
57,0.3774416744709015
58,0.41793379187583923
59,0.5613381862640381
60,0.6467064619064331
61,0.4590691030025482
62,0.1569812297821045
63,0.27837127447128296
64,0.36129266023635864
65,0.548444390296936
66,0.5463117361068726
67,0.4100702106952667
68,0.36056771874427795
69,0.47810202836990356
70,0.4643007218837738
71,0.4180550277233124
72,0.3314383924007416
73,0.3441702127456665
74,0.33554357290267944
75,0.45997270941734314
76,0.04745446518063545
77,0.6436416506767273
78,0.5791825652122498
79,0.6081841588020325
80,0.8257061839103699
81,0.5453948974609375
82,0.6480167508125305
83,0.5310903787612915
84,0.8316771984100342
85,0.648020327091217
86,0.11081841588020325
87,0.6931172609329224
88,0.2663215398788452
89,0.8637169599533081
90,0.3566160798072815
91,0.5437168478965759
92,0.4812828600406647
93,0.47851353883743286
94,0.4750199615955353
95,0.3032526671886444
96,0.5485087037086487
97,0.37921538949012756
98,0.5644832849502563
99,0.5994564890861511
100,0.3846559524536133
101,0.43634581565856934
102,0.4088782072067261
103,0.21987786889076233
104,0.4750826954841614
105,0.5467157363891602
106,0.3061389923095703
107,0.267665833234787
108,0.4381147027015686
109,0.6565917730331421
110,0.21420617401599884
111,0.4383835196495056
112,0.34522363543510437
113,0.3328894078731537
114,0.2846718430519104
115,0.0015368809690698981
116,0.4477959871292114
117,0.3158028721809387
118,0.4843655228614807
119,0.37429189682006836
120,0.05481680482625961
121,0.4555644989013672
122,0.49096792936325073
123,0.5355991125106812
124,0.7168832421302795
125,0.40333348512649536
126,0.4629341959953308
127,0.3357529938220978
128,0.17573697865009308
129,0.44275057315826416
130,0.22923873364925385
131,0.6124283671379089
132,0.2907584011554718
133,0.48158887028694153
134,0.5320755839347839
135,0.4826245605945587
136,0.3686980605125427
137,0.45565924048423767
138,0.6931031942367554
139,0.5904348492622375
140,0.3393246531486511
141,0.17554916441440582
142,0.31860485672950745
143,0.6806064248085022
144,0.4022012948989868
145,0.3974040448665619
146,0.49215802550315857
147,0.6312993168830872
148,0.16639737784862518
149,0.46358487010002136
150,0.2453700751066208
151,0.4355035126209259
152,0.5737752914428711
153,0.5769774913787842
154,0.6492347121238708
155,0.5240005850791931
156,0.2872179448604584
157,-0.0034162660595029593
158,0.3859887719154358
159,0.5019418001174927
160,0.5229872465133667
161,0.2899266481399536
162,0.6638443470001221
163,0.3490214943885803
164,0.6773867011070251
165,0.6643707752227783
166,0.5075684189796448
167,0.732270359992981
168,0.40874752402305603
169,0.3245820701122284
170,0.1966378539800644
171,0.40633663535118103
172,0.19003808498382568
173,0.7119450569152832
174,0.5820291638374329
175,0.49387770891189575
176,0.5659680366516113
177,0.40799328684806824
178,0.338531494140625
179,0.24540719389915466
180,0.3324785530567169
181,0.4877738952636719
182,0.41769692301750183
183,0.2975785732269287
184,0.4926043450832367
185,0.6535847187042236
186,0.46236181259155273
187,0.5427173376083374
188,0.3457021713256836
189,0.6030492782592773
190,-0.06631933152675629
191,0.5853958129882812
192,0.26530808210372925
193,0.4218177795410156
194,0.42142343521118164
195,0.2409752607345581
196,0.6204231977462769
197,0.7088096141815186
198,0.49795958399772644
199,0.5481618642807007
200,0.45707404613494873
201,0.48650088906288147
202,0.28671592473983765
203,0.6501528024673462
204,0.4791339635848999
205,0.5316669940948486
206,0.34775111079216003
207,0.7928267121315002
208,0.43820518255233765
209,0.16704030334949493
210,0.4958641231060028
211,0.4386155605316162
212,0.5125500559806824
213,0.46402764320373535
214,0.4922007918357849
215,0.5427049994468689
216,0.6874757409095764
217,0.27502918243408203
218,0.384857177734375
219,0.41361796855926514
220,0.29244184494018555
221,0.16381773352622986
222,0.4451431334018707
223,0.030909763649106026
224,0.534109354019165
225,0.6274084448814392
226,0.5881542563438416
227,0.6275557279586792
228,0.3167048692703247
229,0.6618167757987976
230,0.11543900519609451
231,0.4371526837348938
232,0.5186177492141724
233,0.3848685622215271
234,0.34949350357055664
235,0.4867088794708252
236,0.667665958404541
237,0.3620462715625763
238,0.29748961329460144
239,0.20223411917686462
240,0.22470051050186157
241,0.4704418182373047
242,0.48076117038726807
243,0.4010416865348816
244,0.4623013734817505
245,0.6030295491218567
246,0.43715307116508484
247,0.27874040603637695
248,0.6555300951004028
249,0.37793710827827454
250,0.4732750952243805
251,0.48976507782936096
252,0.3714519441127777
253,0.40834200382232666
254,0.6095149517059326
255,0.48222729563713074
256,0.3875669836997986
257,0.6321331262588501
258,0.6697706580162048
259,0.3750147223472595
260,0.8938506841659546
261,0.5224196314811707
262,0.1744755208492279
263,0.4989081025123596
264,0.33269190788269043
265,0.7071113586425781
266,0.592073380947113
267,0.4558311998844147
268,0.687087893486023
269,0.33332905173301697
270,0.5283287763595581
271,0.645688533782959
272,0.29715538024902344
273,0.2549070417881012
274,0.31439870595932007
275,0.2402847409248352
276,0.531400740146637
277,0.47425344586372375
278,0.26446211338043213
279,0.5363724827766418
280,0.3552038073539734
281,0.40321052074432373
282,0.3756242096424103
283,0.468925416469574
284,0.5086844563484192
285,0.5401155352592468
286,0.542102038860321
287,0.41449621319770813
288,0.28333330154418945
289,0.8027153611183167
290,0.5660470128059387
291,0.8261311054229736
292,0.4142051637172699
293,0.5169085264205933
294,0.4950432777404785
295,0.8482491970062256
296,0.29598361253738403
297,0.27746349573135376
298,0.3619946241378784
299,0.7586999535560608
300,0.3077910244464874
301,0.6551485657691956
302,0.6899508833885193
303,0.4195447862148285
304,0.20737674832344055
305,0.6498216390609741
306,0.5182917714118958
307,0.3621218204498291
308,0.459368497133255
309,0.494876503944397
310,0.3383234143257141
311,0.5167030096054077
312,0.6117042303085327
313,0.10159296542406082
314,0.5158864259719849
315,0.5853373408317566
316,0.40175768733024597
317,0.34741637110710144
318,0.6886996030807495
319,0.17946124076843262
320,0.43289244174957275
321,0.15005888044834137
322,0.21230702102184296
323,0.8675494194030762
324,0.6347472667694092
325,0.40181484818458557
326,0.3985922038555145
327,0.7500691413879395
328,0.39576709270477295
329,0.4559120535850525
330,0.5966906547546387
331,0.21068185567855835
332,0.29743507504463196
333,0.3710256814956665
334,0.5193184018135071
335,0.3517717123031616
336,0.5855112671852112
337,0.6410337686538696
338,0.33648303151130676
339,0.68700110912323
340,0.7078368067741394
341,0.14429432153701782
342,0.3127993941307068
343,0.43227633833885193
344,0.3467208743095398
345,0.49773287773132324
346,0.5269585847854614
347,0.45331868529319763
348,0.1187114492058754
349,0.39780163764953613
350,0.641814649105072
351,0.5490737557411194
352,0.7017884850502014
353,0.34118106961250305
354,0.5593567490577698
355,0.49127480387687683
356,0.5781601667404175
357,0.42527103424072266
358,0.6528849005699158
359,0.30092936754226685
360,0.3224453330039978
361,0.4403320252895355
362,0.4601435363292694
363,0.42515939474105835
364,0.35414907336235046
365,0.2315322756767273
366,0.4063245952129364
367,0.7679094672203064
368,0.5428836345672607
369,0.32992982864379883
370,0.4534517228603363
371,0.17929334938526154
372,0.3546864986419678
373,0.28099092841148376
374,0.7272340655326843
375,0.47846749424934387
376,0.13590241968631744
377,0.621450662612915
378,0.4332679510116577
379,0.15466608107089996
380,0.6528282761573792
381,0.537941575050354
382,0.4367339611053467
383,0.3915657699108124
384,0.3980244994163513
385,0.4250631332397461
386,0.37518569827079773
387,0.34421083331108093
388,0.6756788492202759
389,0.1742480844259262
390,0.5572375655174255
391,0.11134736239910126
392,0.2915022671222687
393,0.120169997215271
394,0.48206037282943726
395,0.671862006187439
396,0.2656802237033844
397,0.39360949397087097
398,0.5482953786849976
399,0.5210894346237183
400,0.3964391052722931
401,0.23630408942699432
402,0.4651622474193573
403,0.49167048931121826
404,0.006204681470990181
405,0.6419609785079956
406,0.508547842502594
407,0.284034788608551
408,0.41518524289131165
409,0.6099339127540588
410,0.37437260150909424
411,0.6405725479125977
412,0.3265201449394226
413,0.3442833423614502
414,0.6143831610679626
415,0.5615378022193909
416,0.12203504890203476
417,0.3026944100856781
418,0.2951820492744446
419,0.3238280117511749
420,0.6147218942642212
421,0.09646672755479813
422,0.403952032327652
423,0.5803894996643066
424,0.5490083694458008
425,0.6241798400878906
426,0.007914102636277676
427,0.6975899934768677
428,0.48348426818847656
429,0.2501016855239868
430,0.7351984977722168
431,0.2757016718387604
432,0.4877109229564667
433,0.6697233319282532
434,0.33133554458618164
435,0.27615708112716675
436,0.5645499229431152
437,0.4757741689682007
438,0.09353236109018326
439,0.38870730996131897
440,0.5581031441688538
441,0.4175013303756714
442,0.18188294768333435
443,0.5467079281806946
444,0.3441227674484253
445,0.5323095917701721
446,0.24058452248573303
447,0.6916014552116394
448,0.4074219763278961
449,0.30379679799079895
450,0.3505011796951294
451,0.6322973966598511
452,0.5819441676139832
453,0.4538000226020813
454,0.4697924256324768
455,0.3753405511379242
456,0.2695741653442383
457,0.5812199115753174
458,0.5398308038711548
459,0.5783914923667908
460,0.6546662449836731
461,0.7080651521682739
462,0.41794076561927795
463,0.257224977016449
464,0.48909467458724976
465,0.7692935466766357
466,0.5004497170448303
467,0.554653525352478
468,0.3122023344039917
469,0.3518146276473999
470,0.3642917573451996
471,0.4389009177684784
472,0.4172686040401459
473,0.5619470477104187
474,0.5586780905723572
475,0.3305712640285492
476,0.38117435574531555
477,0.5343939661979675
478,0.25903773307800293
479,0.609026312828064
480,0.6377465724945068
481,0.41936132311820984
482,0.25394049286842346
483,0.6990922689437866
484,0.4092962145805359
485,0.24520926177501678
486,0.45141124725341797
487,0.24565863609313965
488,0.624317467212677
489,0.7141572833061218
490,0.4675537049770355
491,0.3404996991157532
492,0.5256612300872803
493,0.3636661469936371
494,0.2974355220794678
495,0.4152238070964813
496,0.3178345859050751
497,0.3755203187465668
498,0.5079090595245361
499,0.547463595867157
500,0.6135938167572021
501,0.49808403849601746
502,0.5327460765838623
503,0.46382570266723633
504,0.1575188934803009
505,0.409777969121933
506,0.31208664178848267
507,0.5238054394721985
508,0.30353641510009766
509,0.5810759663581848
510,0.3319913446903229
511,0.7311120629310608
512,0.659741997718811
513,0.40469059348106384
514,0.6169057488441467
515,0.35236606001853943
516,0.4652727544307709
517,0.37124377489089966
518,0.11808910965919495
519,0.2335628718137741
520,0.2523888945579529
521,0.5403709411621094
522,0.13177214562892914
523,0.4440953731536865
524,0.6810318231582642
525,0.4110058844089508
526,0.20073379576206207
527,0.49653664231300354
528,0.3625468313694
529,0.44317445158958435
530,0.3978365361690521
531,0.48598748445510864
532,0.522212028503418
533,0.40528008341789246
534,0.08253856003284454
535,0.2679388225078583
536,0.3961566090583801
537,0.16987989842891693
538,0.380706250667572
539,0.35912203788757324
540,0.4005676209926605
541,0.4104941487312317
542,0.3114869296550751
543,0.5270398259162903
544,0.5932451486587524
545,0.46562451124191284
546,0.582054615020752
547,0.43463021516799927
548,0.6227744221687317
549,0.5829064846038818
550,0.5366080403327942
551,0.2600046992301941
552,0.38733765482902527
553,0.37174323201179504
554,0.24606329202651978
555,0.26601552963256836
556,0.4561060667037964
557,0.1780555099248886
558,0.48347610235214233
559,0.4253927171230316
560,0.40343236923217773
561,0.4938960075378418
562,0.3107607960700989
563,0.15802258253097534
564,0.44431576132774353
565,0.2885059416294098
566,0.4916982352733612
567,0.6605212092399597
568,0.5832176208496094
569,0.2606855630874634
570,0.2072187066078186
571,0.6108523011207581
572,0.1829768866300583
573,0.45164552330970764
574,0.4168274700641632
575,0.6464981436729431
576,0.275168776512146
577,0.41050395369529724
578,0.3356393873691559
579,0.37817153334617615
580,0.44178152084350586
581,0.6616497039794922
582,0.38610321283340454
583,0.6185578107833862
584,0.4083588719367981
585,0.23726974427700043
586,0.02943979948759079
587,0.10575751215219498
588,0.4644245207309723
589,0.525468111038208
590,0.25295937061309814
591,0.5453236103057861
592,0.6701089143753052
593,0.3683951199054718
594,0.6266391277313232
595,0.5890793204307556
596,0.6623815894126892
597,0.1028292179107666
598,0.3619692027568817
599,0.4714811146259308
600,0.3311477303504944
601,0.46985045075416565
602,0.4497825503349304
603,0.4696539044380188
604,0.7741941809654236
605,0.5794410705566406
606,0.333854079246521
607,0.7240555882453918
608,0.4131300449371338
609,0.22556175291538239
610,0.4607156217098236
611,-0.022331148386001587
612,0.4759685695171356
613,0.7021803259849548
614,0.5528138279914856
615,0.5715073347091675
616,0.3615369498729706
617,0.6649458408355713
618,0.4275786876678467
619,0.22595158219337463
620,0.3060287833213806
621,0.4471421539783478
622,0.4855937957763672
623,0.4466262757778168
624,0.6391713619232178
625,0.3200208842754364
626,0.45755207538604736
627,0.11256754398345947
628,0.46893033385276794
629,0.07378595322370529
630,0.3670984208583832
631,0.4558923542499542
632,0.5878089070320129
633,0.5725542306900024
634,0.2853381037712097
635,0.271655410528183
636,0.6078646779060364
637,0.43940722942352295
638,0.3955921530723572
639,0.7698860764503479
640,0.40355736017227173
641,0.4572734832763672
642,0.6187955141067505
643,0.536315381526947
644,0.45580583810806274
645,0.5277734398841858
646,0.49379292130470276
647,0.559378981590271
648,0.2193661779165268
649,0.38795900344848633
650,0.2540614902973175
651,0.8528417348861694
652,0.6418078541755676
653,0.6266735792160034
654,0.5089669823646545
655,0.41638556122779846
656,0.407307893037796
657,0.34549620747566223
658,0.014848255552351475
659,0.37125447392463684
660,0.5343428254127502
661,0.36129429936408997
662,0.5100716352462769
663,0.30663999915122986
664,0.6489159464836121
665,0.41739964485168457
666,0.5003161430358887
667,0.6321618556976318
668,0.4240633547306061
669,0.46997007727622986
670,0.5269505977630615
671,0.4525032639503479
672,0.3759670853614807
673,0.6054012775421143
674,0.3710136115550995
675,0.5171199440956116
676,0.5917706489562988
677,0.42433297634124756
678,0.43103861808776855
679,0.2885233461856842
680,0.4845287501811981
681,0.6006603837013245
682,0.5601913928985596
683,0.5860724449157715
684,0.18203496932983398
685,0.31019747257232666
686,0.6575474143028259
687,0.41669419407844543
688,0.41666853427886963
689,0.5168195366859436
690,0.28069281578063965
691,0.52692711353302
692,0.502598226070404
693,0.7283452153205872
694,0.13694867491722107
695,0.3837423622608185
696,0.5471863746643066
697,0.3977178633213043
698,0.8379527926445007
699,0.5309069752693176
700,0.5995143055915833
701,0.39624279737472534
702,0.7249356508255005
703,0.2287856489419937
704,0.40390583872795105
705,0.28196194767951965
706,0.3068554401397705
707,0.41099587082862854
708,0.574039101600647
709,0.2568953335285187
710,0.4264482259750366
711,0.22040148079395294
712,0.6180291771888733
713,0.03116285428404808
714,0.3898814618587494
715,0.3860778510570526
716,0.358979195356369
717,0.3522045910358429
718,0.28015950322151184
719,0.7146101593971252
720,0.43355444073677063
721,0.6863910555839539
722,0.5164152979850769
723,0.561170756816864
724,0.4614315330982208
725,0.31011155247688293
726,0.3822205662727356
727,0.5106737017631531
728,0.6030112504959106
729,0.5925929546356201
730,0.4379580616950989
731,0.5653972625732422
732,0.40545061230659485
733,0.4969621002674103
734,0.022951815277338028
735,0.3447014391422272
736,0.4782169759273529
737,0.497710257768631
738,0.5791047811508179
739,0.008896446786820889
740,0.6055189967155457
741,0.4535546898841858
742,0.41090646386146545
743,0.6192184686660767
744,0.6316701769828796
745,0.33515968918800354
746,0.3925342559814453
747,0.5592613816261292
748,0.39550524950027466
749,0.34713834524154663
750,0.25493887066841125
751,0.44843602180480957
752,0.5832526087760925
753,0.4410303831100464
754,0.7368285059928894
755,0.6691910624504089
756,0.2680007219314575
757,0.5338904857635498
758,0.4633418917655945
759,0.5327417254447937
760,0.3331953287124634
761,0.41192349791526794
762,0.6000075340270996
763,0.3054129183292389
764,0.5322586297988892
765,0.370783269405365
766,0.5946728587150574
767,0.5428322553634644
768,0.4495546221733093
769,0.6636623740196228
770,0.7521506547927856
771,0.0486859455704689
772,0.4633212685585022
773,0.5216554403305054
774,0.4859972894191742
775,0.23100508749485016
776,0.33585497736930847
777,0.4661409258842468
778,0.5481189489364624
779,0.4674347937107086
780,0.5672615170478821
781,0.5515756011009216
782,0.5504410862922668
783,0.1757579743862152
784,0.2880097031593323
785,0.12846599519252777
786,0.4962310492992401
787,0.5150133371353149
788,0.6296387910842896
789,0.3629514276981354
790,0.2954220771789551
791,0.7369366884231567
792,0.49988237023353577
793,0.5336769223213196
794,0.5856979489326477
795,0.6551594138145447
796,0.42936012148857117
797,0.30812937021255493
798,0.4873334765434265
799,0.7516586184501648
800,0.24504441022872925
801,0.2588934600353241
802,0.5335132479667664
803,0.5289258360862732
804,0.47645601630210876
805,0.4897308349609375
806,0.35084277391433716
807,0.1087135449051857
808,0.49336323142051697
809,0.3601366877555847
810,0.43684878945350647
811,0.5512598752975464
812,0.5046570301055908
813,0.7600194811820984
814,0.45485395193099976
815,0.3760208785533905
816,0.7817822694778442
817,0.6391900777816772
818,0.3854292631149292
819,0.35133853554725647
820,0.289651095867157
821,0.5269367098808289
822,0.5362496376037598
823,0.48593589663505554
824,0.47820472717285156
825,0.4050760567188263
826,0.2833081781864166
827,0.5022819638252258
828,0.4853718876838684
829,0.4730876088142395
830,0.3583970069885254
831,0.5666279792785645
832,0.362065851688385
833,0.465119332075119
834,0.45757371187210083
835,0.5296283960342407
836,0.2805192172527313
837,0.6170496940612793
838,0.39445748925209045
839,0.26542460918426514
840,0.28252777457237244
841,0.5201711654663086
842,0.6747215390205383
843,0.35929328203201294
844,0.18440470099449158
845,0.4231036305427551
846,0.46264147758483887
847,0.7203333377838135
848,0.42037612199783325
849,0.25608140230178833
850,0.8730000257492065
851,0.5677470564842224
852,0.34000515937805176
853,0.1582854986190796
854,0.5801302790641785
855,0.5115267634391785
856,0.5355699062347412
857,0.5561544299125671
858,0.22638165950775146
859,0.36670222878456116
860,0.5442662835121155
861,0.6982819437980652
862,0.6625316739082336
863,0.6765628457069397
864,0.36818045377731323
865,0.5254656672477722
866,0.419474333524704
867,0.2727202773094177
868,0.4549363851547241
869,0.5968225598335266
870,0.11948556452989578
871,0.44110408425331116
872,0.4049319624900818
873,0.36319369077682495
874,0.4642256498336792
875,0.23739074170589447
876,0.25516006350517273
877,0.5505698323249817
878,0.6920164823532104
879,0.29798680543899536
880,0.3858114182949066
881,0.6162480711936951
882,0.4394402503967285
883,0.5971494317054749
884,0.6099608540534973
885,0.4313816428184509
886,0.2215171456336975
887,0.48977625370025635
888,0.42238175868988037
889,0.5773030519485474
890,0.45968785881996155
891,0.4850063920021057
892,0.30653050541877747
893,0.5376508831977844
894,0.4831474721431732
895,0.6731628775596619
896,0.032452892512083054
897,0.4153919816017151
898,0.38229018449783325
899,0.6035791039466858
900,0.5273288488388062
901,0.5061966776847839
902,0.4618663489818573
903,0.5653548836708069
904,0.2869633138179779
905,0.6447036266326904
906,0.21552522480487823
907,0.25438132882118225
908,0.06739923357963562
909,0.5187456607818604
910,0.45896026492118835
911,0.21821267902851105
912,0.17759881913661957
913,0.011953353881835938
914,0.6629989147186279
915,0.45888423919677734
916,0.2470678687095642
917,0.44600042700767517
918,0.6579424738883972
919,0.5142545104026794
920,0.36345648765563965
921,0.5399256348609924
922,0.2637026906013489
923,0.5444607138633728
924,0.41324982047080994
925,0.3696073591709137
926,0.5367311239242554
927,0.2050149142742157
928,0.5440292358398438
929,0.20382200181484222
930,0.15955370664596558
931,0.2294759303331375
932,0.08744876831769943
933,0.3478460907936096
934,0.39031732082366943
935,0.706147313117981
936,0.4927864968776703
937,0.6679080128669739
938,0.08592215180397034
939,0.3260226249694824
940,0.4784386157989502
941,0.22189658880233765
942,0.5921611189842224
943,0.5408291816711426
944,0.4049782454967499
945,0.340361624956131
946,0.22480475902557373
947,0.514933705329895
948,0.6177778244018555
949,0.5996080040931702
950,0.43639370799064636
951,0.42308494448661804
952,0.0913941040635109
953,0.3684382438659668
954,0.47526347637176514
955,0.5991338491439819
956,0.4942375719547272
957,0.47918277978897095
958,0.4920077621936798
959,0.1930762678384781
960,0.4165653586387634
961,0.18025362491607666
962,0.4708051383495331
963,0.41328203678131104
964,0.30602598190307617
965,0.7484111785888672
966,0.7188736796379089
967,0.06703007966279984
968,0.5820456147193909
969,0.3877594470977783
970,0.5876176357269287
971,0.34232527017593384
972,0.33498838543891907
973,0.1267520785331726
974,0.21114519238471985
975,0.8763681650161743
976,0.6298332214355469
977,0.4042305052280426
978,0.27508288621902466
979,0.5324997305870056
980,0.5814787745475769
981,0.6950660347938538
982,0.30329251289367676
983,0.2162041813135147
984,0.4131415784358978
985,0.4315333962440491
986,0.38412174582481384
987,0.27737319469451904
988,0.468178927898407
989,0.48424506187438965
990,0.5386626720428467
991,0.34886500239372253
992,0.3100142478942871
993,0.3101435601711273
994,0.3820616602897644
995,0.3823394477367401
996,0.2130255401134491
997,0.4223509728908539
998,0.17161162197589874
999,0.42724350094795227
1000,0.30075040459632874
1001,0.24876412749290466
1002,0.5926072001457214
1003,0.4513312578201294
1004,0.26675260066986084
1005,0.3870282769203186
1006,0.4828122854232788
1007,0.5510560274124146
1008,0.5431768298149109
1009,0.46037665009498596
1010,0.5808176398277283
1011,0.5998817086219788
1012,0.5856738090515137
1013,0.6772021055221558
1014,0.42943817377090454
1015,0.5075903534889221
1016,0.18386025726795197
1017,0.42671167850494385
1018,0.2879219055175781
1019,0.2514430284500122
1020,0.3852379620075226
1021,0.35488376021385193
1022,0.477922260761261
1023,0.5517938733100891
1024,0.5744584798812866
1025,0.7008026838302612
1026,0.25666773319244385
1027,0.6182980537414551
1028,0.5216792225837708
1029,0.40053027868270874
1030,0.2789932191371918
1031,0.5789555907249451
1032,0.3882775902748108
1033,0.37786924839019775
1034,0.21886372566223145
1035,0.4754752516746521
1036,0.3449053466320038
1037,0.5104143619537354
1038,0.2701478898525238
1039,0.4159519076347351
1040,0.6702882051467896
1041,0.26954761147499084
1042,0.41304704546928406
1043,0.4475219249725342
1044,0.27350252866744995
1045,0.45548999309539795
1046,0.3879771828651428
1047,0.5471071600914001
1048,0.42450204491615295
1049,0.10838032513856888
1050,0.5388036966323853
1051,0.6719571352005005
1052,0.5000706911087036
1053,0.4343794882297516
1054,0.24978899955749512
1055,0.10430633276700974
1056,0.43217605352401733
1057,0.3161235749721527
1058,0.4660518765449524
1059,0.4738548994064331
1060,0.2973428964614868
1061,0.07876421511173248
1062,0.4959698021411896
1063,0.5310723781585693
1064,0.09385369718074799
1065,0.5431755185127258
1066,0.42668721079826355
1067,0.2258249819278717
1068,0.4914596676826477
1069,0.5782138109207153
1070,0.2761252522468567
1071,0.698939859867096
1072,0.1667083501815796
1073,0.3610963821411133
1074,0.23090717196464539
1075,0.18763627111911774
1076,0.5836989879608154
1077,0.462948739528656
1078,0.14911696314811707
1079,0.5233745574951172
1080,0.4380210340023041
1081,0.27874821424484253
1082,0.4578932225704193
1083,0.4694392681121826
1084,0.43414220213890076
1085,0.2305222749710083
1086,0.18613427877426147
1087,0.34937214851379395
1088,0.1399461030960083
1089,0.6577618718147278
1090,0.5081589818000793
1091,0.3463418483734131
1092,0.32448455691337585
1093,0.6279231309890747
1094,0.6856763958930969
1095,0.4552671015262604
1096,0.11959116160869598
1097,0.42379236221313477
1098,0.44116753339767456
1099,0.5875104069709778
1100,0.3287666141986847
1101,0.11425076425075531
1102,0.39117372035980225
1103,0.4387448728084564
1104,0.5161396861076355
1105,0.3452169895172119
1106,0.40270349383354187
1107,0.2975057363510132
1108,0.45136722922325134
1109,0.4675721228122711
1110,0.4526560306549072
1111,0.5481122732162476
1112,0.5206562280654907
1113,0.565628707408905
1114,0.34721240401268005
1115,0.5738078951835632
1116,0.26645851135253906
1117,0.4207170009613037
1118,0.526252269744873
1119,0.4822574257850647
1120,0.45410966873168945
1121,0.4581594467163086
1122,0.5771342515945435
1123,0.899194598197937
1124,0.13790780305862427
1125,0.5294084548950195
1126,0.36942258477211
1127,0.7866829633712769
1128,0.5232917666435242
1129,0.22510239481925964
1130,0.4047951400279999
1131,0.4975421726703644
1132,0.4764881432056427
1133,0.23482950031757355
1134,0.39972564578056335
1135,0.5337382555007935
1136,0.5409389734268188
1137,0.520905613899231
1138,0.5890434980392456
1139,0.24884940683841705
1140,0.20294585824012756
1141,0.2935514748096466
1142,0.5353615283966064
1143,0.47169622778892517
1144,0.4213133454322815
1145,0.27836406230926514
1146,0.3667066693305969
1147,0.48357707262039185
1148,0.5425006747245789
1149,0.5572556853294373
1150,0.5555188059806824
1151,0.36353757977485657
1152,0.3203715682029724
1153,0.5319146513938904
1154,0.6564278602600098
1155,0.4329991340637207
1156,0.47876977920532227
1157,0.3595859706401825
1158,0.15127331018447876
1159,0.24238890409469604
1160,0.23028568923473358
1161,0.5796951055526733
1162,0.6171941161155701
1163,0.41449174284935
1164,0.4089627265930176
1165,0.48266443610191345
1166,0.5423864722251892
1167,0.7005003094673157
1168,0.5292688012123108
1169,0.37206268310546875
1170,0.47736403346061707
1171,0.5566847920417786
1172,0.36279913783073425
1173,0.5372480750083923
1174,0.33928680419921875
1175,0.17639954388141632
1176,0.17996639013290405
1177,0.4820849895477295
1178,0.7835423350334167
1179,0.4045816957950592
1180,0.3503704071044922
1181,0.17466017603874207
1182,0.3706521987915039
1183,0.8017305135726929
1184,0.36977246403694153
1185,0.32940730452537537
1186,0.23617738485336304
1187,0.6562246680259705
1188,0.5303319692611694
1189,0.4033694267272949
1190,0.5433573126792908
1191,0.4633702337741852
1192,0.6532955765724182
1193,0.15244163572788239
1194,0.5199097394943237
1195,0.5436433553695679
1196,0.6302081942558289
1197,0.46536871790885925
1198,0.3643524944782257
1199,0.7828532457351685
1200,0.249712273478508
1201,0.3239801228046417
1202,0.5648817420005798
1203,0.3238907754421234
1204,0.14389066398143768
1205,0.3407626748085022
1206,0.5247119665145874
1207,0.7494017481803894
1208,0.4848635792732239
1209,0.39144816994667053
1210,0.4200206995010376
1211,0.22003698348999023
1212,0.029131727293133736
1213,0.3175111711025238
1214,0.5424002408981323
1215,0.3994762897491455
1216,0.34997373819351196
1217,0.6323394775390625
1218,0.22839459776878357
1219,0.4639388620853424
1220,0.45376521348953247
1221,0.23442570865154266
1222,0.5185126662254333
1223,0.4093768000602722
1224,0.6733301281929016
1225,0.2676633596420288
1226,0.3330998718738556
1227,0.2186986207962036
1228,0.43586862087249756
1229,0.39673563838005066
1230,0.39074400067329407
1231,0.4515378773212433
1232,0.6482502222061157
1233,0.6070031523704529
1234,0.36334356665611267
1235,0.24444107711315155
1236,0.38140392303466797
1237,0.5791236758232117
1238,0.416047602891922
1239,0.6584188342094421
1240,0.22694586217403412
1241,0.3925541341304779
1242,0.6906360983848572
1243,0.7087968587875366
1244,0.34750550985336304
1245,0.47553566098213196
1246,0.3727183938026428
1247,0.22274146974086761
1248,0.3688654601573944
1249,0.19160501658916473
1250,0.16148045659065247
1251,0.46817290782928467
1252,0.5171705484390259
1253,0.40594884753227234
1254,0.5088059306144714
1255,0.3718927204608917
1256,0.5844193696975708
1257,0.4466809332370758
1258,0.6173485517501831
1259,0.3930465281009674
1260,0.21647058427333832
1261,0.46756377816200256
1262,0.39130550622940063
1263,0.5258932113647461
1264,0.06022460013628006
1265,0.5382382273674011
1266,0.47184470295906067
1267,0.5681452751159668
1268,0.34540632367134094
1269,0.2919210195541382
1270,0.5247304439544678
1271,0.5110315084457397
1272,0.44430023431777954
1273,0.41099798679351807
1274,0.40665411949157715
1275,0.605231523513794
1276,0.6401653289794922
1277,0.5199230909347534
1278,0.3614708185195923
1279,0.7083763480186462
1280,0.6425885558128357
1281,0.499213844537735
1282,0.6297451853752136
1283,0.20526699721813202
1284,0.3459882438182831
1285,0.3020806908607483
1286,0.506691038608551
1287,-0.1103922501206398
1288,0.23238340020179749
1289,0.6471256613731384
1290,0.48457303643226624
1291,0.5062118172645569
1292,0.3958989679813385
1293,0.298100084066391
1294,0.4832288920879364
1295,0.08650071173906326
1296,0.6525602340698242
1297,0.3064764738082886
1298,0.3662349283695221
1299,0.36442723870277405
1300,0.6869000792503357
1301,0.32459813356399536
1302,0.615882396697998
1303,0.5854352116584778
1304,0.4329039454460144
1305,0.2911587953567505
1306,0.168766051530838
1307,0.469638854265213
1308,0.42708730697631836
1309,0.42290642857551575
1310,0.3266652226448059
1311,0.6708629727363586
1312,0.5426199436187744
1313,0.6585068106651306
1314,0.5796018242835999
1315,0.2502289414405823
1316,0.3230631947517395
1317,0.4065753221511841
1318,0.5601953864097595
1319,0.42051053047180176
1320,0.45602741837501526
1321,0.2139280140399933
1322,0.5654951333999634
1323,0.14636322855949402
1324,0.2437705099582672
1325,0.22073817253112793
1326,0.3428986072540283
1327,0.476665198802948
1328,0.45337480306625366
1329,0.1881026178598404
1330,0.37924355268478394
1331,0.4139903783798218
1332,0.3197713792324066
1333,0.39553213119506836
1334,0.5191986560821533
1335,0.3258814215660095
1336,0.4074166715145111
1337,0.4357719421386719
1338,0.27742236852645874
1339,0.4135052263736725
1340,0.35689449310302734
1341,0.3431416451931
1342,0.36005279421806335
1343,0.7673176527023315
1344,0.18205516040325165
1345,0.604199230670929
1346,0.4943216145038605
1347,0.47214993834495544
1348,0.49638059735298157
1349,0.565998911857605
1350,0.37735986709594727
1351,0.42139607667922974
1352,0.3907583951950073
1353,0.5095050930976868
1354,0.40430524945259094
1355,0.47697728872299194
1356,0.41986721754074097
1357,0.2644284963607788
1358,0.15622131526470184
1359,0.369153767824173
1360,0.4194890558719635
1361,0.7242653965950012
1362,0.34999948740005493
1363,0.3441753387451172
1364,0.49066630005836487
1365,0.6021620631217957
1366,0.6430513858795166
1367,0.31358450651168823
1368,0.224442258477211
1369,0.32742443680763245
1370,0.45315825939178467
1371,0.43674978613853455
1372,0.42835384607315063
1373,0.31582698225975037
1374,0.24675972759723663
1375,0.31893956661224365
1376,0.5762676000595093
1377,0.23256142437458038
1378,0.1823418289422989
1379,0.471021831035614
1380,0.041666947305202484
1381,0.5635848641395569
1382,0.6681418418884277
1383,0.24888217449188232
1384,0.4092717468738556
1385,0.36023589968681335
1386,0.3169236183166504
1387,0.5675985217094421
1388,0.41016116738319397
1389,0.21080324053764343
1390,0.16972388327121735
1391,0.20923922955989838
1392,0.28639617562294006
1393,0.5798456072807312
1394,0.4305272400379181
1395,0.412676066160202
1396,0.6626179218292236
1397,0.49024203419685364
1398,0.7049024105072021
1399,0.3337196111679077
1400,0.632036030292511
1401,0.4093568027019501
1402,0.20309008657932281
1403,0.519468367099762
1404,0.27368369698524475
1405,0.24597594141960144
1406,0.6490651369094849
1407,0.5796403288841248
1408,0.2806941568851471
1409,0.3945889174938202
1410,0.5272184014320374
1411,0.3200814723968506
1412,0.6186617612838745
1413,0.2243676334619522
1414,0.3300270438194275
1415,0.6373266577720642
1416,0.5930166840553284
1417,0.2976573407649994
1418,0.843096911907196
1419,0.5709683895111084
1420,0.711589515209198
1421,0.30472370982170105
1422,0.6703487038612366
1423,0.3893096148967743
1424,0.17880946397781372
1425,0.5722543597221375
1426,0.41334840655326843
1427,0.4749569594860077
1428,0.1909877359867096
1429,0.6526280045509338
1430,0.2691667377948761
1431,0.39617159962654114
1432,0.30842071771621704
1433,0.3967456519603729
1434,0.3281697630882263
1435,0.36491847038269043
1436,0.36230769753456116
1437,0.3328828513622284
1438,0.07901430875062943
1439,0.16688939929008484
1440,0.5059553980827332
1441,0.4003010392189026
1442,0.3047236204147339
1443,0.35321658849716187
1444,0.5613139271736145
1445,0.12807531654834747
1446,0.3586251437664032
1447,0.6776809096336365
1448,0.4583714008331299
1449,0.5576059818267822
1450,0.3047785758972168
1451,0.23778624832630157
1452,0.11283288896083832
1453,0.22513039410114288
1454,0.5021693110466003
1455,0.2902529239654541
1456,0.6560008525848389
1457,0.6985951066017151
1458,0.3525584638118744
1459,0.41953107714653015
1460,0.6447240114212036
1461,0.428039014339447
1462,0.26977118849754333
1463,0.535405695438385
1464,0.47990068793296814
1465,0.43948256969451904
1466,0.37779176235198975
1467,0.460563987493515
1468,0.18347838521003723
1469,0.4760046601295471
1470,0.4828290343284607
1471,0.4272804260253906
1472,0.054033633321523666
1473,0.4537721574306488
1474,0.36214569211006165
1475,0.5134451985359192
1476,0.24667640030384064
1477,0.5345381498336792
1478,0.3491266369819641
1479,0.5829098224639893
1480,0.5092964768409729
1481,0.6272096037864685
1482,0.4674696624279022
1483,0.27878841757774353
1484,0.7237566709518433
1485,0.5151055455207825
1486,0.28361430764198303
1487,0.24160191416740417
1488,0.4306092858314514
1489,0.3770204484462738
1490,0.7521607875823975
1491,0.4464033842086792
1492,0.2173357456922531
1493,0.42117488384246826
1494,0.602637529373169
1495,0.4809543490409851
1496,0.545753538608551
1497,0.3919908404350281
1498,0.15405306220054626
1499,0.3923608362674713
1500,0.3123558461666107
1501,0.3161005973815918
1502,0.601784884929657
1503,0.5191224813461304
1504,0.18339280784130096
1505,0.4432910680770874
1506,0.2029658854007721
1507,0.44716060161590576
1508,0.4037248492240906
1509,0.41465917229652405
1510,0.4403332471847534
1511,0.3720210790634155
1512,0.5295227766036987
1513,0.29728153347969055
1514,0.4573061764240265
1515,0.3883209228515625
1516,0.5384755730628967
1517,0.0018396662781015038
1518,0.26321399211883545
1519,0.46371978521347046
1520,0.6390892267227173
1521,0.4525681436061859
1522,0.7413815259933472
1523,0.03181059658527374
1524,0.43611863255500793
1525,0.5191932916641235
1526,0.21909022331237793
1527,0.5418278574943542
1528,0.38987934589385986
1529,0.28188356757164
1530,0.49057552218437195
1531,0.3076089024543762
1532,0.5366416573524475
1533,0.19673973321914673
1534,0.12384756654500961
1535,0.42016729712486267
1536,0.3964955806732178
1537,0.2843654453754425
1538,0.498961865901947
1539,0.13455645740032196
1540,0.6656312346458435
1541,0.3453555405139923
1542,0.2428257018327713
1543,0.51236492395401
1544,0.3888583481311798
1545,0.37302035093307495
1546,0.3012443780899048
1547,0.3448484241962433
1548,0.2780797481536865
1549,0.25514134764671326
1550,0.49937278032302856
1551,0.45699626207351685
1552,0.4378528296947479
1553,0.5244230628013611
1554,0.41417309641838074
1555,0.3607426583766937
1556,0.5135660171508789
1557,0.49821144342422485
1558,0.5307543277740479
1559,0.26495441794395447
1560,0.6440580487251282
1561,0.17705076932907104
1562,0.6258420944213867
1563,0.3055528700351715
1564,0.466346800327301
1565,0.28204265236854553
1566,0.24351666867733002
1567,0.4107414484024048
1568,0.5057888627052307
1569,0.36188700795173645
1570,0.6410718560218811
1571,0.4709041714668274
1572,0.5091054439544678
1573,0.22375193238258362
1574,0.4122553765773773
1575,0.26503807306289673
1576,0.34332484006881714
1577,0.4273482859134674
1578,0.46846309304237366
1579,0.23803135752677917
1580,0.35581332445144653
1581,0.41630518436431885
1582,0.3670361638069153
1583,0.3912155032157898
1584,0.6797221899032593
1585,0.8350106477737427
1586,0.4495736360549927
1587,0.6734521985054016
1588,0.7728954553604126
1589,0.4242589473724365
1590,0.4330192804336548
1591,0.2904498875141144
1592,0.37581872940063477
1593,0.37439167499542236
1594,0.2018129676580429
1595,0.28463292121887207
1596,0.4768349826335907
1597,0.3657018840312958
1598,0.5056979656219482
1599,0.5012345910072327
1600,0.3568780720233917
1601,0.38661935925483704
1602,0.5027531981468201
1603,0.2959578335285187
1604,0.24442347884178162
1605,0.4607689380645752
1606,0.4886147379875183
1607,0.3324551284313202
1608,0.20688503980636597
1609,0.4463244080543518
1610,0.7328478693962097
1611,0.4653295576572418
1612,0.4669298231601715
1613,0.17606475949287415
1614,0.6161805987358093
1615,0.5343340635299683
1616,0.5862190127372742
1617,0.3700913190841675
1618,0.4142294228076935
1619,0.26191216707229614
1620,0.2801898419857025
1621,0.43271857500076294
1622,0.38912323117256165
1623,0.476035475730896
1624,0.5467349886894226
1625,0.37688788771629333
1626,0.6336286067962646
1627,0.8591638803482056
1628,0.5163087248802185
1629,0.6406236290931702
1630,0.5760298371315002
1631,0.23728631436824799
1632,0.3845575153827667
1633,0.6260920166969299
1634,0.7203757166862488
1635,0.5430408716201782
1636,0.34604600071907043
1637,0.37320709228515625
1638,0.35468488931655884
1639,0.7774885892868042
1640,0.22312408685684204
1641,0.42631852626800537
1642,0.39790207147598267
1643,0.4659543037414551
1644,0.4641728401184082
1645,0.39620548486709595
1646,0.066036157310009
1647,0.6569824814796448
1648,0.2820829749107361
1649,0.5306779146194458
1650,0.0874786376953125
1651,0.14905133843421936
1652,0.36627912521362305
1653,0.41792359948158264
1654,0.5475423336029053
1655,0.5134551525115967
1656,0.5486913323402405
1657,0.5361950397491455
1658,0.55524080991745
1659,0.47162926197052
1660,0.5280826091766357
1661,0.37005114555358887
1662,0.37563568353652954
1663,0.299883097410202
1664,0.42765116691589355
1665,0.22339773178100586
1666,0.6281521916389465
1667,0.3119928240776062
1668,0.41327935457229614
1669,0.5491060614585876
1670,0.6837267279624939
1671,0.5035293102264404
1672,0.4461352229118347
1673,0.16141605377197266
1674,0.6010258197784424
1675,0.5049306154251099
1676,0.2771948575973511
1677,0.6385578513145447
1678,0.23889558017253876
1679,0.5438293218612671
1680,0.32761135697364807
1681,0.37101876735687256
1682,0.38541150093078613
1683,0.4117780029773712
1684,0.6774725317955017
1685,0.3376903533935547
1686,0.5398938655853271
1687,0.27046242356300354
1688,0.2559519112110138
1689,0.21100692451000214
1690,0.578918993473053
1691,0.6823680996894836
1692,0.40162867307662964
1693,0.7376123666763306
1694,0.7184120416641235
1695,0.33641186356544495
1696,0.606009304523468
1697,0.40795350074768066
1698,0.27743953466415405
1699,0.43628695607185364
1700,0.5495253801345825
1701,0.3813914656639099
1702,0.6289364695549011
1703,0.4467557668685913
1704,0.609032928943634
1705,0.44730788469314575
1706,0.48922622203826904
1707,0.40998610854148865
1708,0.7367913722991943
1709,0.7548153400421143
1710,0.225394144654274
1711,0.6214566826820374
1712,0.5163527131080627
1713,0.24836605787277222
1714,0.40480250120162964
1715,0.03144994005560875
1716,0.5651819705963135
1717,0.5251908898353577
1718,0.23597978055477142
1719,0.19697314500808716
1720,0.19580329954624176
1721,0.2757810354232788
1722,0.3889273703098297
1723,0.5181819200515747
1724,0.346497118473053
1725,0.2683306634426117
1726,-0.009334012866020203
1727,0.24737736582756042
1728,0.2829594910144806
1729,0.47529685497283936
1730,0.3696735203266144
1731,0.3673924505710602
1732,0.4188287556171417
1733,0.40748652815818787
1734,0.666820764541626
1735,0.2937696576118469
1736,0.13068921864032745
1737,0.20533573627471924
1738,0.36974984407424927
1739,0.059314172714948654
1740,0.35571449995040894
1741,0.18832601606845856
1742,0.278344064950943
1743,0.2339753359556198
1744,0.039528876543045044
1745,0.568844199180603
1746,0.3134984076023102
1747,0.46213650703430176
1748,0.22738631069660187
1749,0.32572904229164124
1750,0.3709176182746887
1751,0.4250635504722595
1752,0.7050750255584717
1753,0.4096794128417969
1754,0.625998854637146
1755,0.060424916446208954
1756,0.4513913094997406
1757,0.2056553214788437
1758,0.6412563920021057
1759,0.38063424825668335
1760,0.5839529633522034
1761,0.44150233268737793
1762,0.42617419362068176
1763,0.6789039969444275
1764,0.38808387517929077
1765,0.533987283706665
1766,0.38399577140808105
1767,0.5375098586082458
1768,0.6114868521690369
1769,0.2657361328601837
1770,0.612382709980011
1771,0.4764294922351837
1772,0.36973658204078674
1773,0.48022720217704773
1774,0.5374605059623718
1775,0.3481213450431824
1776,0.36387425661087036
1777,0.3011488616466522
1778,0.49473580718040466
1779,0.6943739056587219
1780,0.4505559206008911
1781,0.37076470255851746
1782,0.4139726161956787
1783,0.21826016902923584
1784,0.3518427908420563
1785,0.5816609263420105
1786,0.7768040895462036
1787,0.4475657641887665
1788,0.30785802006721497
1789,0.557960569858551
1790,0.6148343086242676
1791,0.4472923278808594
1792,0.3361227512359619
1793,0.4635947048664093
1794,0.4652820825576782
1795,0.288331001996994
1796,0.5649722218513489
1797,0.17295637726783752
1798,0.4748363196849823
1799,0.4650721549987793
1800,0.3570003807544708
1801,0.6100924015045166
1802,0.5154047012329102
1803,0.5439426302909851
1804,0.4254032373428345
1805,0.3087410032749176
1806,0.41593295335769653
1807,0.20199362933635712
1808,0.2692470848560333
1809,0.4009372591972351
1810,0.34130045771598816
1811,0.41627904772758484
1812,0.454649955034256
1813,0.3346722722053528
1814,0.5802083015441895
1815,0.3922618329524994
1816,0.40622320771217346
1817,0.39011040329933167
1818,0.4862515330314636
1819,0.5243075489997864
1820,0.5778246521949768
1821,0.37607917189598083
1822,0.46705004572868347
1823,0.3080207407474518
1824,0.6341780424118042
1825,0.6134290099143982
1826,0.47005710005760193
1827,0.5089382529258728
1828,0.6585831642150879
1829,0.3555275797843933
1830,0.25047558546066284
1831,0.3271165192127228
1832,0.1944541186094284
1833,0.2768782675266266
1834,0.34169262647628784
1835,0.337766170501709
1836,0.4735913872718811
1837,0.4208117723464966
1838,0.5744518637657166
1839,0.5735047459602356
1840,0.12269823998212814
1841,0.2822261154651642
1842,0.630011260509491
1843,0.2948218584060669
1844,0.6291253566741943
1845,0.3058282136917114
1846,-0.0759299099445343
1847,0.5313675999641418
1848,0.4141364097595215
1849,0.5575299263000488
1850,0.40391993522644043
1851,0.46977129578590393
1852,0.5473295450210571
1853,0.3205229938030243
1854,0.2246450036764145
1855,0.2211492657661438
1856,0.3663856089115143
1857,0.8247940540313721
1858,0.2564356327056885
1859,0.39704346656799316
1860,0.5788872838020325
1861,0.04467501863837242
1862,0.4025978147983551
1863,0.24007567763328552
1864,0.510467529296875
1865,0.6661251783370972
1866,0.7043069005012512
1867,0.5872880220413208
1868,0.3193093240261078
1869,0.5057289004325867
1870,0.3484322726726532
1871,0.4873696267604828
1872,0.4798206388950348
1873,0.6243962049484253
1874,0.2107306271791458
1875,0.4217165410518646
1876,0.539642870426178
1877,0.5927866697311401
1878,0.7656331062316895
1879,0.5967988967895508
1880,0.3648272156715393
1881,0.5953781008720398
1882,0.4130004644393921
1883,0.6436080932617188
1884,0.39286187291145325
1885,0.35838285088539124
1886,0.35758230090141296
1887,0.46303120255470276
1888,0.3260759115219116
1889,0.5011454820632935
1890,0.1763095110654831
1891,0.6403692364692688
1892,0.48438623547554016
1893,0.46171244978904724
1894,0.7362462878227234
1895,0.5539498925209045
1896,0.3744041621685028
1897,0.3753780126571655
1898,0.8071046471595764
1899,0.3854524791240692
1900,0.24550306797027588
1901,0.6943463683128357
1902,0.293245404958725
1903,0.46175551414489746
1904,0.24607400596141815
1905,0.043288931250572205
1906,0.5593057870864868
1907,0.261983186006546
1908,0.35705670714378357
1909,0.43230143189430237
1910,0.44132426381111145
1911,0.41509535908699036
1912,0.41344091296195984
1913,0.4324324131011963
1914,0.2582467794418335
1915,0.7614927291870117
1916,0.3522569239139557
1917,0.14951419830322266
1918,0.29840996861457825
1919,0.2086566537618637
1920,0.5122995972633362
1921,0.5388711094856262
1922,0.637660801410675
1923,0.23300860822200775
1924,0.3811100125312805
1925,0.40526652336120605
1926,0.3001563847064972
1927,0.45411020517349243
1928,0.4130818545818329
1929,0.5014441013336182
1930,0.4626244604587555
1931,0.17326734960079193
1932,0.41295933723449707
1933,0.3882218301296234
1934,0.4755890369415283
1935,0.31646019220352173
1936,0.6490463614463806
1937,0.5430281162261963
1938,0.4307961165904999
1939,0.6805002689361572
1940,0.5833563804626465
1941,0.4384085237979889
1942,0.41972458362579346
1943,0.21315108239650726
1944,0.45935675501823425
1945,0.3978163003921509
1946,0.16070164740085602
1947,0.5024087429046631
1948,0.3420870304107666
1949,0.3912678360939026
1950,0.42683812975883484
1951,0.5970879793167114
1952,0.32020625472068787
1953,0.3813605308532715
1954,0.4594539999961853
1955,0.4155285656452179
1956,0.11331445723772049
1957,0.30269336700439453
1958,0.30348578095436096
1959,0.6106172204017639
1960,0.5317912697792053
1961,0.40170395374298096
1962,0.02307865582406521
1963,0.30054083466529846
1964,0.3410945534706116
1965,0.6082220077514648
1966,0.4962007701396942
1967,0.2712520658969879
1968,0.5877194404602051
1969,0.2770901322364807
1970,0.8049972057342529
1971,0.4294496476650238
1972,0.5509346127510071
1973,0.3989267647266388
1974,0.14356642961502075
1975,0.5381743907928467
1976,0.4315605163574219
1977,0.6152952909469604
1978,0.47011542320251465
1979,0.4526255130767822
1980,0.7404614686965942
1981,0.23986440896987915
1982,0.46800920367240906
1983,0.5387138724327087
1984,0.4227985441684723
1985,0.296190083026886
1986,0.25984159111976624
1987,0.48328500986099243
1988,0.37073400616645813
1989,0.36674442887306213
1990,0.18699459731578827
1991,0.4330686330795288
1992,0.6751854419708252
1993,0.580007016658783
1994,0.4618556499481201
1995,0.31812793016433716
1996,0.4429243803024292
1997,0.38555169105529785
1998,0.17391273379325867
1999,0.5924879908561707
2000,0.4366666078567505
2001,0.6335055828094482
2002,0.3214617967605591
2003,0.6067695021629333
2004,0.25494498014450073
2005,0.416182279586792
2006,0.6326876282691956
2007,0.45481589436531067
2008,0.6125055551528931
2009,0.2290535271167755
2010,0.6723440885543823
2011,0.5767105221748352
2012,0.45020851492881775
2013,0.5023420453071594
2014,0.3514351546764374
2015,0.4717956483364105
2016,0.6143105030059814
2017,0.5934187769889832
2018,0.4282788336277008
2019,0.35131922364234924
2020,0.2068827897310257
2021,0.38978713750839233
2022,0.3468747138977051
2023,0.49120792746543884
2024,0.35310956835746765
2025,0.4057510197162628
2026,0.46070596575737
2027,0.6754752993583679
2028,0.3176402151584625
2029,0.6120046377182007
2030,0.377994179725647
2031,0.49613773822784424
2032,0.5433534383773804
2033,0.4439639151096344
2034,0.2657769024372101
2035,0.5860891938209534
2036,0.2357199490070343
2037,0.32182103395462036
2038,0.6251204013824463
2039,0.40707269310951233
2040,0.22733329236507416
2041,0.531644344329834
2042,0.3867341876029968
2043,0.040832340717315674
2044,0.47754693031311035
2045,0.25810837745666504
2046,0.4059187173843384
2047,0.43564674258232117
2048,0.5648242235183716
2049,0.4688063859939575
2050,0.41893258690834045
2051,0.48852571845054626
2052,0.6416541934013367
2053,0.5109086632728577
2054,0.4234948456287384
2055,0.47987452149391174
2056,0.3687281012535095
2057,0.4723437428474426
2058,0.5793596506118774
2059,0.7529017329216003
2060,0.3397831618785858
2061,0.8579214811325073
2062,0.605354905128479
2063,0.4637756049633026
2064,0.25404995679855347
2065,0.42522117495536804
2066,0.5326352119445801
2067,0.3794352412223816
2068,0.272077739238739
2069,0.48949694633483887
2070,0.2780071794986725
2071,0.451082706451416
2072,0.2555622160434723
2073,0.4875198304653168
2074,0.6985799074172974
2075,0.6319268941879272
2076,0.010333693586289883
2077,0.5686359405517578
2078,0.7485217452049255
2079,0.4613034129142761
2080,0.5265555381774902
2081,0.33739998936653137
2082,0.6714751124382019
2083,0.3421078026294708
2084,0.5585636496543884
2085,0.48672792315483093
2086,0.5641384720802307
2087,0.46402886509895325
2088,0.6183456778526306
2089,0.36232930421829224
2090,0.5039473176002502
2091,0.2914764881134033
2092,0.4864586591720581
2093,0.8129633665084839
2094,0.28294098377227783
2095,0.268075168132782
2096,0.4120372235774994
2097,0.6850209832191467
2098,0.46568217873573303
2099,0.6502782106399536
2100,0.25291338562965393
2101,0.5260612964630127
2102,0.5079057812690735
2103,0.8159339427947998
2104,0.4404591917991638
2105,0.24594518542289734
2106,0.32960841059684753
2107,0.4853893220424652
2108,0.5207971334457397
2109,0.500863790512085
2110,0.3911517262458801
2111,0.26277121901512146
2112,0.42451563477516174
2113,0.5422934889793396
2114,0.2090078890323639
2115,0.28844815492630005
2116,0.35704296827316284
2117,0.6440053582191467
2118,0.4191237986087799
2119,0.21978922188282013
2120,0.5818257331848145
2121,0.37315142154693604
2122,0.3637523353099823
2123,0.17469744384288788
2124,0.23990945518016815
2125,0.33183345198631287
2126,0.2762957513332367
2127,0.2632129490375519
2128,0.37660762667655945
2129,0.5297724008560181
2130,0.38872721791267395
2131,0.5298840403556824
2132,0.4231541156768799
2133,0.3209517002105713
2134,0.5229430198669434
2135,0.4439147412776947
2136,0.2511553168296814
2137,0.3814256489276886
2138,0.5267197489738464
2139,0.27219387888908386
2140,0.05465807393193245
2141,0.5168972015380859
2142,0.4802780747413635
2143,0.2685806453227997
2144,0.3955889940261841
2145,0.4451386034488678
2146,0.6101453900337219
2147,0.23649176955223083
2148,0.4631347358226776
2149,0.5174770355224609
2150,0.1863354593515396
2151,0.47521594166755676
2152,0.4742943346500397
2153,0.4034479260444641
2154,0.5246044397354126
2155,0.5672546029090881
2156,0.33828234672546387
2157,0.46495863795280457
2158,0.33798667788505554
2159,0.3268779516220093
2160,0.4212919771671295
2161,0.6554446220397949
2162,0.26809003949165344
2163,0.6368803381919861
2164,0.43489736318588257
2165,0.12855872511863708
2166,0.049985371530056
2167,0.16761836409568787
2168,0.39987367391586304
2169,0.4676850438117981
2170,0.4089673161506653
2171,0.4158254861831665
2172,0.027367986738681793
2173,0.2647343873977661
2174,0.615608274936676
2175,0.22224530577659607
2176,0.3908531069755554
2177,0.09043683111667633
2178,0.4441659152507782
2179,0.6155775189399719
2180,0.5916536450386047
2181,0.6542081236839294
2182,0.43644803762435913
2183,0.7010533213615417
2184,0.25346341729164124
2185,0.5357097387313843
2186,0.4113994836807251
2187,0.00797428097575903
2188,0.6515327095985413
2189,0.15002669394016266
2190,0.4933319687843323
2191,0.6265169382095337
2192,0.24118153750896454
2193,0.5150997042655945
2194,0.12045532464981079
2195,0.6142845153808594
2196,0.4058745503425598
2197,0.5208439230918884
2198,0.037031661719083786
2199,0.48305249214172363
2200,0.5117834210395813
2201,0.34780359268188477
2202,0.3660987317562103
2203,0.30227911472320557
2204,0.2604701817035675
2205,0.37943294644355774
2206,0.480217307806015
2207,0.19980059564113617
2208,0.3158101439476013
2209,0.20808684825897217
2210,0.32462626695632935
2211,0.47310981154441833
2212,0.15681059658527374
2213,0.3741656243801117
2214,0.26393818855285645
2215,0.40113481879234314
2216,0.5704083442687988
2217,0.4573894441127777
2218,0.4179351329803467
2219,0.4564678966999054
2220,0.497527152299881
2221,0.44738274812698364
2222,0.36682796478271484
2223,0.41845905780792236
2224,0.31677302718162537
2225,0.2826857566833496
2226,0.5428463816642761
2227,0.3773808777332306
2228,0.6278670430183411
2229,0.055195197463035583
2230,0.6563721895217896
2231,0.4535469710826874
2232,0.34625473618507385
2233,0.3466949760913849
2234,0.3359764516353607
2235,0.23840029537677765
2236,0.23311622440814972
2237,0.6429240703582764
2238,0.35229116678237915
2239,0.34504246711730957
2240,0.5139972567558289
2241,0.41915613412857056
2242,0.34648314118385315
2243,0.7306855320930481
2244,0.604356050491333
2245,0.4165184795856476
2246,0.3291623592376709
2247,0.6232976317405701
2248,0.6298674941062927
2249,0.658484935760498
2250,0.260097473859787
2251,0.4345031976699829
2252,0.2052156627178192
2253,0.49929243326187134
2254,0.17495468258857727
2255,0.3711968958377838
2256,0.597351610660553
2257,0.6792250871658325
2258,0.2577344477176666
2259,0.26057618856430054
2260,0.6595029830932617
2261,0.5882332921028137
2262,0.2874464988708496
2263,0.6445446014404297
2264,0.2464979887008667
2265,-0.0911637395620346
2266,0.3208405077457428
2267,0.3693244755268097
2268,0.6193574666976929
2269,0.6527374386787415
2270,0.5712392330169678
2271,0.3492262065410614
2272,0.3659125566482544
2273,0.3192557692527771
2274,0.32086437940597534
2275,0.5349364280700684
2276,0.6955934762954712
2277,0.5696554183959961
2278,0.4225651025772095
2279,0.30308598279953003
2280,0.47526782751083374
2281,0.406637966632843
2282,0.3616008460521698
2283,0.030868029221892357
2284,0.4789241552352905
2285,0.28611281514167786
2286,0.17103110253810883
2287,0.32578110694885254
2288,0.7914433479309082
2289,0.49509668350219727
2290,0.7283896207809448
2291,0.45232605934143066
2292,0.5131433010101318
2293,0.5187021493911743
2294,0.3080558180809021
2295,0.23902884125709534
2296,0.46838369965553284
2297,0.31526488065719604
2298,0.6033439636230469
2299,0.4860263466835022
2300,0.47409045696258545
2301,0.6240739822387695
2302,0.3528904914855957
2303,0.5134151577949524
2304,0.256107896566391
2305,0.8665333390235901
2306,0.4838443696498871
2307,0.5248709917068481
2308,0.1334911286830902
2309,0.09446772187948227
2310,0.2726852297782898
2311,0.7233081459999084
2312,0.4326295852661133
2313,0.3865242898464203
2314,0.3244064450263977
2315,0.6561241149902344
2316,0.33991047739982605
2317,0.20472881197929382
2318,0.4117037057876587
2319,0.4452477991580963
2320,0.47102096676826477
2321,0.3433450758457184
2322,0.25276243686676025
2323,0.4948418140411377
2324,0.39163675904273987
2325,0.15641726553440094
2326,0.36264559626579285
2327,0.7153685688972473
2328,0.14462901651859283
2329,0.23209498822689056
2330,0.3225241005420685
2331,0.16912107169628143
2332,0.3603173494338989
2333,0.7150319218635559
2334,0.20929475128650665
2335,0.43171361088752747
2336,0.5661566853523254
2337,0.36203837394714355
2338,0.6138663291931152
2339,0.2528904676437378
2340,0.35889148712158203
2341,0.5734304189682007
2342,0.5383832454681396
2343,0.5620744824409485
2344,0.17872923612594604
2345,0.48032277822494507
2346,0.3587731122970581
2347,0.3318985104560852
2348,0.4309198558330536
2349,0.6041589975357056
2350,0.13288725912570953
2351,0.38546544313430786
2352,0.6207621693611145
2353,0.48170769214630127
2354,0.4066237807273865
2355,0.4929662048816681
2356,0.2052273452281952
2357,0.4730948507785797
2358,0.5165303349494934
2359,0.5903246402740479
2360,0.36192095279693604
2361,0.41222894191741943
2362,0.35056760907173157
2363,0.17980444431304932
2364,0.46998491883277893
2365,0.4337908625602722
2366,0.4305964708328247
2367,0.40006229281425476
2368,0.6770377159118652
2369,0.38236913084983826
2370,0.3131830096244812
2371,0.3760920464992523
2372,0.36061033606529236
2373,0.3003019690513611
2374,0.34779030084609985
2375,0.3329269289970398
2376,0.474442720413208
2377,0.3865628242492676
2378,0.20727768540382385
2379,0.5089713931083679
2380,0.31179505586624146
2381,0.3665153980255127
2382,0.30679211020469666
2383,0.6727583408355713
2384,0.2896312475204468
2385,0.28017860651016235
2386,0.6154171228408813
2387,0.2642146944999695
2388,0.26400333642959595
2389,0.42477598786354065
2390,0.5707194209098816
2391,0.35535332560539246
2392,0.5334049463272095
2393,0.45107004046440125
2394,0.48853799700737
2395,0.4307405650615692
2396,0.5437586307525635
2397,0.4461174011230469
2398,0.3540606200695038
2399,0.34282389283180237
2400,0.35034847259521484
2401,0.38952726125717163
2402,0.3542340397834778
2403,0.3460506200790405
2404,0.42593324184417725
2405,0.6445931196212769
2406,0.6358928084373474
2407,0.36234450340270996
2408,0.5999756455421448
2409,0.45937541127204895
2410,0.4468957483768463
2411,0.15004590153694153
2412,0.4441748857498169
2413,0.17919732630252838
2414,0.04061724990606308
2415,0.1278490424156189
2416,0.3969282805919647
2417,0.5513809323310852
2418,0.38323450088500977
2419,0.5001428723335266
2420,0.5228972434997559
2421,0.37086784839630127
2422,0.6249035000801086
2423,0.3062579929828644
2424,0.13255086541175842
2425,0.6636532545089722
2426,0.1828174591064453
2427,0.5816344022750854
2428,0.5639048218727112
2429,0.3973351716995239
2430,0.571732223033905
2431,0.6092729568481445
2432,0.3566422760486603
2433,0.23288758099079132
2434,0.3978751301765442
2435,0.5105082988739014
2436,0.46029162406921387
2437,0.24676302075386047
2438,0.6431407332420349
2439,0.6786699891090393
2440,0.17538253962993622
2441,0.5085842609405518
2442,0.46272528171539307
2443,0.6286816596984863
2444,0.5243074893951416
2445,0.35444366931915283
2446,0.20185574889183044
2447,0.5156452059745789
2448,0.2009437084197998
2449,0.27989405393600464
2450,0.12450765818357468
2451,0.40863943099975586
2452,0.30015769600868225
2453,0.1924988329410553
2454,0.4986817538738251
2455,0.3378143608570099
2456,0.48447996377944946
2457,0.5457084774971008
2458,0.4305243194103241
2459,0.6424978971481323
2460,0.4363151788711548
2461,0.5227028727531433
2462,0.5488957762718201
2463,0.3982659876346588
2464,0.20770412683486938
2465,0.5924243330955505
2466,0.2968077063560486
2467,0.1722394824028015
2468,0.33222630620002747
2469,0.5915886759757996
2470,0.5803185105323792
2471,0.23052111268043518
2472,0.7261197566986084
2473,0.4840750992298126
2474,0.41720879077911377
2475,0.23433414101600647
2476,0.25735872983932495
2477,0.4556291997432709
2478,0.42480331659317017
2479,0.35760173201560974
2480,0.4390169084072113
2481,0.6408671140670776
2482,0.4019378125667572
2483,0.08230570703744888
2484,0.320366233587265
2485,0.41271814703941345
2486,0.31577274203300476
2487,0.4127878248691559
2488,0.29808974266052246
2489,0.7785992622375488
2490,0.5581710338592529
2491,0.6494224071502686
2492,0.3222287595272064
2493,0.42535677552223206
2494,0.5845566987991333
2495,0.6636419892311096
2496,0.40466833114624023
2497,0.31628432869911194
2498,0.30857357382774353
2499,0.35192346572875977
2500,0.452961802482605
2501,0.44537195563316345
2502,0.42350059747695923
2503,0.24016326665878296
2504,0.4403741955757141
2505,0.536851704120636
2506,0.30223244428634644
2507,0.4585234820842743
2508,0.5264318585395813
2509,0.38434651494026184
2510,0.6010575294494629
2511,0.29522743821144104
2512,0.8072326183319092
2513,0.704840898513794
2514,0.42083683609962463
2515,0.3799227476119995
2516,0.5027427077293396
2517,0.19161465764045715
2518,0.3225126266479492
2519,0.6602286696434021
2520,0.3816797733306885
2521,0.6015027165412903
2522,0.3606540262699127
2523,0.3602081537246704
2524,0.39162367582321167
2525,0.5203776359558105
2526,0.7897244095802307
2527,0.5988814234733582
2528,0.25193512439727783
2529,0.4841783046722412
2530,0.5560080409049988
2531,0.09085813909769058
2532,0.4206775426864624
2533,0.47805505990982056
2534,0.495021790266037
2535,0.5574765205383301
2536,0.3169706165790558
2537,0.3675687909126282
2538,0.6132738590240479
2539,0.6381016969680786
2540,0.19414383172988892
2541,0.5976651906967163
2542,0.26590070128440857
2543,0.7544697523117065
2544,0.6692497134208679
2545,0.18151997029781342
2546,0.37266606092453003
2547,0.4599034786224365
2548,0.6515746712684631
2549,0.38577792048454285
2550,0.15738683938980103
2551,0.4921504855155945
2552,0.26693370938301086
2553,0.40167292952537537
2554,0.5788893699645996
2555,0.4787459969520569
2556,0.2826926112174988
2557,0.292551189661026
2558,0.5713735222816467
2559,0.4389619827270508
2560,0.4893074631690979
2561,0.3393646776676178
2562,0.817099928855896
2563,0.23450429737567902
2564,0.6166238784790039
2565,0.615959644317627
2566,0.5500590205192566
2567,0.2867952883243561
2568,0.4176199436187744
2569,0.49487483501434326
2570,0.5876012444496155
2571,0.7128174901008606
2572,0.2934499680995941
2573,0.35463547706604004
2574,0.2528383731842041
2575,0.2622939944267273
2576,0.3848325312137604
2577,0.3700660765171051
2578,0.4055730104446411
2579,0.27353203296661377
2580,0.1329188197851181
2581,0.48849403858184814
2582,0.5424732565879822
2583,0.19242353737354279
2584,0.21999341249465942
2585,0.46214550733566284
2586,0.7017236351966858
2587,0.47248053550720215
2588,0.5728994011878967
2589,0.7496442198753357
2590,0.19521643221378326
2591,0.2786255180835724
2592,0.23983177542686462
2593,0.5817484855651855
2594,0.09662691503763199
2595,0.4775506556034088
2596,0.38080018758773804
2597,0.5742962956428528
2598,0.439825177192688
2599,0.1534813791513443
2600,0.49926188588142395
2601,0.41690629720687866
2602,0.39366552233695984
2603,0.33904990553855896
2604,0.4716333746910095
2605,0.5305564999580383
2606,0.16167740523815155
2607,0.5005256533622742
2608,0.48206719756126404
2609,0.41988128423690796
2610,0.5176827907562256
2611,0.5311486721038818
2612,0.599976658821106
2613,0.013515659607946873
2614,0.4645417332649231
2615,0.784335196018219
2616,0.7221079468727112
2617,0.3553333878517151
2618,0.21442560851573944
2619,0.19351565837860107
2620,0.32582926750183105
2621,0.1304824948310852
2622,0.3808915615081787
2623,0.820639967918396
2624,0.25565436482429504
2625,0.135615736246109
2626,0.10117632895708084
2627,0.25422823429107666
2628,0.22883884608745575
2629,0.6692953705787659
2630,0.40217798948287964
2631,0.5578280687332153
2632,0.12503737211227417
2633,0.5683576464653015
2634,0.38199084997177124
2635,0.5483877658843994
2636,0.3137512803077698
2637,0.5700924396514893
2638,0.5799630880355835
2639,0.27049657702445984
2640,0.20170839130878448
2641,0.3961174190044403
2642,0.42730048298835754
2643,0.4220401346683502
2644,0.49734941124916077
2645,0.3860366642475128
2646,0.3607185184955597
2647,0.3839169144630432
2648,0.6378892064094543
2649,0.19704344868659973
2650,0.43181130290031433
2651,0.14668390154838562
2652,-0.08060059696435928
2653,0.611824631690979
2654,0.6814624071121216
2655,0.5236708521842957
2656,0.5518594980239868
2657,0.6302768588066101
2658,0.2768419086933136
2659,0.3141840696334839
2660,0.2517473101615906
2661,0.587759792804718
2662,0.39199453592300415
2663,0.24896210432052612
2664,0.23077520728111267
2665,0.3704499900341034
2666,0.44909948110580444
2667,0.7458387017250061
2668,0.37543565034866333
2669,0.581415057182312
2670,0.3886890709400177
2671,0.28914564847946167
2672,0.6990445852279663
2673,0.36900439858436584
2674,0.6680956482887268
2675,0.5941833257675171
2676,0.41705286502838135
2677,0.3971860706806183
2678,0.5637819170951843
2679,0.5100740790367126
2680,0.2176961600780487
2681,0.46940937638282776
2682,0.7086582779884338
2683,0.592972993850708
2684,-0.009532300755381584
2685,0.27070745825767517
2686,0.40689197182655334
2687,0.6074966788291931
2688,0.48551109433174133
2689,0.5340983867645264
2690,0.360748291015625
2691,0.345045804977417
2692,0.5295395255088806
2693,0.6674370765686035
2694,0.705760657787323
2695,0.6972686052322388
2696,0.33364924788475037
2697,0.23092377185821533
2698,0.6280769109725952
2699,0.2886234521865845
2700,0.18632952868938446
2701,0.4847985506057739
2702,0.4611593782901764
2703,0.37876975536346436
2704,0.46492287516593933
2705,0.6004830002784729
2706,0.5005667209625244
2707,0.09886207431554794
2708,0.6307329535484314
2709,0.3245152235031128
2710,0.26294249296188354
2711,0.5452415347099304
2712,0.3393791913986206
2713,0.5811176896095276
2714,0.5079199075698853
2715,0.41287803649902344
2716,0.7232415676116943
2717,0.44481605291366577
2718,0.4433155655860901
2719,0.5406029224395752
2720,0.12023025006055832
2721,0.3656403422355652
2722,0.38668736815452576
2723,0.36890000104904175
2724,0.3591105341911316
2725,0.7264553308486938
2726,0.5930598974227905
2727,0.42434337735176086
2728,0.5605214238166809
2729,0.12914451956748962
2730,0.2214713841676712
2731,0.632376492023468
2732,0.5635762214660645
2733,0.5069935917854309
2734,0.40936189889907837
2735,0.678876519203186
2736,0.6313896775245667
2737,0.4157271087169647
2738,0.18180692195892334
2739,0.6569143533706665
2740,0.5179706811904907
2741,0.3314392566680908
2742,0.3151243329048157
2743,0.30289798974990845
2744,0.5239787101745605
2745,0.10268295556306839
2746,0.34958797693252563
2747,0.6197235584259033
2748,0.4713183343410492
2749,0.31360679864883423
2750,0.643410325050354
2751,0.6177869439125061
2752,0.25903260707855225
2753,0.5040249824523926
2754,0.6250815987586975
2755,0.37171489000320435
2756,0.27606379985809326
2757,0.3800230622291565
2758,0.23204785585403442
2759,0.7873797416687012
2760,0.33895835280418396
2761,0.27100253105163574
2762,0.31194838881492615
2763,0.625120997428894
2764,0.5353613495826721
2765,0.43124836683273315
2766,0.38522982597351074
2767,0.18546651303768158
2768,0.5459343194961548
2769,0.2855558693408966
2770,0.4080412983894348
2771,0.4313581883907318
2772,0.27514246106147766
2773,0.20224249362945557
2774,0.4152471125125885
2775,0.10249577462673187
2776,0.5538929104804993
2777,0.5386226773262024
2778,0.6508474946022034
2779,0.35753530263900757
2780,0.36459407210350037
2781,0.2819032073020935
2782,0.2516024708747864
2783,0.41768375039100647
2784,0.2902856469154358
2785,0.7620704770088196
2786,0.66545569896698
2787,0.10972996801137924
2788,0.45144006609916687
2789,0.3611203134059906
2790,0.6019313931465149
2791,0.33811235427856445
2792,0.6988106369972229
2793,0.39080604910850525
2794,0.7376179695129395
2795,0.23651324212551117
2796,0.3537003993988037
2797,0.3873386085033417
2798,0.4284786283969879
2799,0.2919725775718689
2800,0.34482067823410034
2801,0.32868438959121704
2802,0.3926723897457123
2803,0.3572622537612915
2804,0.6867409944534302
2805,0.39530253410339355
2806,0.3668387830257416
2807,0.32163894176483154
2808,0.515927255153656
2809,0.7070181369781494
2810,0.4865318834781647
2811,0.34114232659339905
2812,0.3685052990913391
2813,0.598206639289856
2814,0.10283973813056946
2815,0.43440961837768555
2816,0.5930901765823364
2817,0.8034356236457825
2818,0.570941150188446
2819,0.3063507378101349
2820,0.2809693217277527
2821,0.2715684771537781
2822,0.35396823287010193
2823,0.567969799041748
2824,0.33452314138412476
2825,0.38804498314857483
2826,0.5554689764976501
2827,0.4149619936943054
2828,0.4162859618663788
2829,0.4802187979221344
2830,0.32300102710723877
2831,0.5185888409614563
2832,0.4723726809024811
2833,0.5710939168930054
2834,0.40760037302970886
2835,0.513687014579773
2836,0.5533745288848877
2837,0.3801184594631195
2838,0.5685001611709595
2839,0.4944118559360504
2840,0.2850140929222107
2841,0.3717353343963623
2842,0.44678211212158203
2843,0.3757832944393158
2844,0.09954042732715607
2845,0.31939294934272766
2846,0.7020365595817566
2847,0.2425372153520584
2848,0.522348165512085
2849,0.486131489276886
2850,0.4077589511871338
2851,0.40652307868003845
2852,0.8417553901672363
2853,0.5376797914505005
2854,0.33736467361450195
2855,0.5579537749290466
2856,0.4970822036266327
2857,0.4223008453845978
2858,0.472652792930603
2859,0.08856768906116486
2860,0.6100762486457825
2861,0.5285197496414185
2862,0.4467324912548065
2863,0.5391637086868286
2864,0.42867302894592285
2865,0.4872146248817444
2866,0.5719586610794067
2867,0.3984479010105133
2868,0.2702077329158783
2869,0.5579031705856323
2870,0.4920920729637146
2871,0.25217029452323914
2872,0.5714426636695862
2873,0.700507402420044
2874,0.48037293553352356
2875,0.5675652027130127
2876,0.3557124137878418
2877,0.5633446574211121
2878,0.2995801270008087
2879,0.06719734519720078
2880,0.45187363028526306
2881,0.31771934032440186
2882,0.07177925109863281
2883,0.4427753984928131
2884,0.33131080865859985
2885,0.3418351113796234
2886,0.422561377286911
2887,0.2809162735939026
2888,0.9230576753616333
2889,0.8559139370918274
2890,0.562397301197052
2891,0.48771628737449646
2892,0.5953149199485779
2893,0.6909781694412231
2894,0.4065766930580139
2895,0.44586285948753357
2896,0.5127756595611572
2897,0.593163013458252
2898,0.33544909954071045
2899,0.20796068012714386
2900,0.5596909523010254
2901,0.812310516834259
2902,0.41272157430648804
2903,0.4609062969684601
2904,0.4584251642227173
2905,0.6836484670639038
2906,0.6979696154594421
2907,0.18074043095111847
2908,0.32830560207366943
2909,0.8883948922157288
2910,0.5519631505012512
2911,0.42354607582092285
2912,0.43573689460754395
2913,0.2899104058742523
2914,0.2807442545890808
2915,0.5047588348388672
2916,0.37740129232406616
2917,0.18476715683937073
2918,0.41375935077667236
2919,0.3833436667919159
2920,0.35945001244544983
2921,0.2304759919643402
2922,0.5300565958023071
2923,0.3408404290676117
2924,0.5023887157440186
2925,0.53327476978302
2926,0.27716875076293945
2927,0.5792562961578369
2928,0.35742291808128357
2929,0.5653665065765381
2930,0.21410799026489258
2931,0.18339648842811584
2932,0.42094650864601135
2933,0.3316102623939514
2934,0.3835591971874237
2935,0.2214735746383667
2936,0.3904944956302643
2937,0.6238488554954529
2938,0.30555370450019836
2939,0.2906569838523865
2940,0.6312924027442932
2941,0.30534136295318604
2942,0.4847913086414337
2943,0.5330069065093994
2944,0.44649648666381836
2945,0.44517776370048523
2946,0.42260831594467163
2947,0.4657793343067169
2948,0.3317578434944153
2949,0.3087407946586609
2950,0.2969280779361725
2951,0.0817643478512764
2952,0.43023839592933655
2953,0.3963034749031067
2954,0.36241602897644043
2955,0.5969228744506836
2956,0.31991854310035706
2957,0.39932969212532043
2958,0.5437031388282776
2959,0.13896295428276062
2960,0.3491266071796417
2961,0.5481186509132385
2962,0.541287899017334
2963,0.4219706058502197
2964,0.12911318242549896
2965,0.26246413588523865
2966,0.5019294023513794
2967,0.5676043033599854
2968,0.16642746329307556
2969,0.5499995350837708
2970,0.2618502676486969
2971,0.7171435356140137
2972,0.3893063962459564
2973,0.6314066052436829
2974,0.6341835260391235
2975,0.6258331537246704
2976,0.5408608913421631
2977,0.14441244304180145
2978,0.3632012605667114
2979,0.5114606618881226
2980,0.5305262207984924
2981,0.39951664209365845
2982,0.5289972424507141
2983,0.15193775296211243
2984,0.39892634749412537
2985,0.2702236771583557
2986,0.6359006762504578
2987,0.4298335909843445
2988,0.38182538747787476
2989,0.552393913269043
2990,0.4567180275917053
2991,0.36895641684532166
2992,0.3747479021549225
2993,0.45382124185562134
2994,0.39787015318870544
2995,0.36189112067222595
2996,0.4928748607635498
2997,0.15916764736175537
2998,0.8495826721191406
2999,0.3297049105167389
3000,0.3286014795303345
3001,0.5978341102600098
3002,0.46370378136634827
3003,0.39134886860847473
3004,0.15678749978542328
3005,0.5994881987571716
3006,0.19420835375785828
3007,0.45298153162002563
3008,0.25622668862342834
3009,0.6335058808326721
3010,0.326353520154953
3011,0.41239720582962036
3012,0.38060933351516724
3013,0.3827941119670868
3014,0.44944241642951965
3015,0.5488648414611816
3016,0.4459123909473419
3017,0.5358521938323975
3018,0.2701535224914551
3019,0.47057265043258667
3020,0.6099780797958374
3021,0.4758901000022888
3022,0.36236223578453064
3023,0.6330024600028992
3024,0.5700867772102356
3025,0.38693538308143616
3026,0.48106956481933594
3027,0.37927067279815674
3028,0.5596902370452881
3029,0.44124317169189453
3030,0.4248884320259094
3031,0.7105753421783447
3032,0.500910222530365
3033,0.4545884430408478
3034,0.25557810068130493
3035,0.38914433121681213
3036,0.46304523944854736
3037,0.5683009028434753
3038,0.3021993339061737
3039,0.4736536145210266
3040,0.5224901437759399
3041,0.051996711641550064
3042,0.9006876945495605
3043,0.35411277413368225
3044,0.4937284588813782
3045,0.3863885700702667
3046,0.33484476804733276
3047,0.3008492887020111
3048,0.44706058502197266
3049,0.46451666951179504
3050,0.37010571360588074
3051,0.29750266671180725
3052,0.52601557970047
3053,0.4797123074531555
3054,0.3977116346359253
3055,0.3417181670665741
3056,0.5765193104743958
3057,0.2447023242712021
3058,0.3676393926143646
3059,0.5694119930267334
3060,0.5786336064338684
3061,0.2767416536808014
3062,0.22730065882205963
3063,0.5637974739074707
3064,0.5382477641105652
3065,0.24332618713378906
3066,0.3666272759437561
3067,0.6180123090744019
3068,0.6432778835296631
3069,0.504362165927887
3070,0.3104475736618042
3071,0.5728554129600525
3072,0.4561896324157715
3073,0.23903478682041168
3074,0.5533467531204224
3075,0.4079945981502533
3076,0.47558388113975525
3077,0.4793051779270172
3078,0.5685996413230896
3079,0.3490380644798279
3080,0.21316789090633392
3081,0.766989529132843
3082,0.6612104773521423
3083,0.5517700910568237
3084,0.6589821577072144
3085,0.5511281490325928
3086,0.4772048592567444
3087,0.3539876341819763
3088,0.40386274456977844
3089,0.584479033946991
3090,0.6395361423492432
3091,0.42136186361312866
3092,0.570389986038208
3093,0.46677568554878235
3094,0.23975124955177307
3095,0.30787724256515503
3096,0.8091380596160889
3097,0.5232629776000977
3098,0.28597313165664673
3099,0.3732217848300934
3100,0.5517049431800842
3101,0.48400434851646423
3102,0.5207148790359497
3103,0.11771022528409958
3104,0.3925520181655884
3105,0.49613603949546814
3106,0.28845784068107605
3107,0.49137213826179504
3108,0.39667412638664246
3109,0.3379022181034088
3110,0.41419464349746704
3111,0.5673856735229492
3112,0.5960921049118042
3113,0.3409493565559387
3114,0.3315691351890564
3115,0.3669150173664093
3116,0.7689088582992554
3117,0.4073869585990906
3118,0.5682072043418884
3119,0.6104065775871277
3120,0.4148901402950287
3121,0.7488560676574707
3122,0.18520689010620117
3123,0.530867874622345
3124,0.3664453327655792
3125,0.275544673204422
3126,0.5226044058799744
3127,0.4100220203399658
3128,0.47371718287467957
3129,0.3482130765914917
3130,0.07086831331253052
3131,0.6704196333885193
3132,0.20673823356628418
3133,0.37044012546539307
3134,0.07396824657917023
3135,0.4299405515193939
3136,0.37023231387138367
3137,0.4535290598869324
3138,0.4411262571811676
3139,0.2781480848789215
3140,0.6589438319206238
3141,0.26994866132736206
3142,0.4369732439517975
3143,0.392555832862854
3144,0.16393417119979858
3145,0.6054617166519165
3146,0.1330617368221283
3147,0.5176916122436523
3148,0.28459835052490234
3149,0.552412748336792
3150,0.6410759687423706
3151,0.901546061038971
3152,0.20719604194164276
3153,0.28598931431770325
3154,0.5492615699768066
3155,0.17540431022644043
3156,0.5824028253555298
3157,0.441344678401947
3158,0.4883591830730438
3159,0.5521286129951477
3160,0.36175423860549927
3161,0.48023292422294617
3162,0.29722148180007935
3163,0.5271321535110474
3164,0.24704651534557343
3165,0.9296308159828186
3166,0.3541732132434845
3167,0.40614521503448486
3168,0.47848838567733765
3169,0.2297574132680893
3170,0.3448379933834076
3171,0.6877583861351013
3172,0.6468595266342163
3173,0.5765812993049622
3174,0.5269593596458435
3175,0.34897828102111816
3176,0.10395985841751099
3177,0.2797536849975586
3178,0.6199301481246948
3179,0.274435818195343
3180,0.4015497863292694
3181,0.5117624402046204
3182,0.6440677642822266
3183,0.3426518142223358
3184,0.4641258418560028
3185,0.2991560697555542
3186,0.5540362596511841
3187,0.4934867024421692
3188,0.4931979775428772
3189,0.4763433337211609
3190,0.6351983547210693
3191,0.39229586720466614
3192,0.5688854455947876
3193,0.4778423011302948
3194,0.44848397374153137
3195,0.467026025056839
3196,0.5425990223884583
3197,0.8462108373641968
3198,0.3680190443992615
3199,0.5912883877754211
3200,0.6011863946914673
3201,0.09258977323770523
3202,0.48643651604652405
3203,0.2001885175704956
3204,0.44621947407722473
3205,0.37463220953941345
3206,0.7269245386123657
3207,0.5407897233963013
3208,0.5297447443008423
3209,0.1524471491575241
3210,0.4146818220615387
3211,0.25603047013282776
3212,0.41157740354537964
3213,0.5341996550559998
3214,0.3618335425853729
3215,0.6124811768531799
3216,0.33635643124580383
3217,0.8291873335838318
3218,0.54081130027771
3219,0.4540092945098877
3220,0.10613693296909332
3221,0.37116605043411255
3222,0.22933422029018402
3223,0.781136155128479
3224,0.3459058403968811
3225,0.20262116193771362
3226,0.4673675000667572
3227,0.6088613271713257
3228,0.6618521809577942
3229,0.7848137617111206
3230,0.5411876440048218
3231,0.37877342104911804
3232,0.6691499352455139
3233,0.2540789246559143
3234,0.40328916907310486
3235,0.3627238869667053
3236,0.37824955582618713
3237,0.5022110939025879
3238,0.422976553440094
3239,0.526607871055603
3240,0.15728463232517242
3241,0.34143948554992676
3242,0.3726889491081238
3243,0.4289933741092682
3244,0.5565522909164429
3245,0.1413177251815796
3246,0.48360803723335266
3247,0.20867013931274414
3248,0.6509617567062378
3249,0.598461925983429
3250,0.2668883800506592
3251,0.5239953994750977
3252,0.34440410137176514
3253,0.30037057399749756
3254,0.1458369344472885
3255,0.6813585162162781
3256,0.4300055503845215
3257,0.4519767165184021
3258,0.573079526424408
3259,0.3372131586074829
3260,0.6766951680183411
3261,0.6779263615608215
3262,0.5382831692695618
3263,0.26181650161743164
3264,0.6352481842041016
3265,0.3194153606891632
3266,0.6086295247077942
3267,0.4467832148075104
3268,0.20225977897644043
3269,0.3120153546333313
3270,0.5078564286231995
3271,0.299419641494751
3272,0.5305942893028259
3273,0.32404083013534546
3274,0.5224172472953796
3275,0.1532137393951416
3276,0.6389843821525574
3277,0.4636867642402649
3278,0.46123412251472473
3279,0.3543385863304138
3280,0.5058037638664246
3281,0.44406527280807495
3282,0.2957436442375183
3283,0.33385562896728516
3284,0.13723048567771912
3285,0.5329241156578064
3286,0.377791166305542
3287,0.649224042892456
3288,0.2596874535083771
3289,0.5978858470916748
3290,0.4208815395832062
3291,0.3294795751571655
3292,0.319296658039093
3293,0.3790467381477356
3294,0.26254045963287354
3295,0.3423943519592285
3296,0.7130006551742554
3297,0.28466856479644775
3298,0.2922254800796509
3299,0.05801777169108391
3300,0.5270370244979858
3301,0.6702960729598999
3302,0.3125607371330261
3303,0.45898035168647766
3304,0.27224570512771606
3305,0.34604066610336304
3306,0.2981868386268616
3307,0.13895942270755768
3308,0.5027934312820435
3309,0.7091026306152344
3310,0.22823888063430786
3311,0.3928096890449524
3312,0.38656410574913025
3313,0.4672553539276123
3314,0.4060521721839905
3315,0.2802566885948181
3316,0.618038535118103
3317,0.28008323907852173
3318,0.3912888467311859
3319,0.7759097814559937
3320,0.37267547845840454
3321,0.5675861835479736
3322,0.3203795850276947
3323,0.46398788690567017
3324,0.27155107259750366
3325,0.3751809000968933
3326,0.25570783019065857
3327,0.2123345136642456
3328,0.19960033893585205
3329,0.35443663597106934
3330,0.2622651159763336
3331,0.3204652965068817
3332,0.42443177103996277
3333,0.4316501021385193
3334,0.4417906701564789
3335,0.50732421875
3336,0.6629782915115356
3337,0.19302648305892944
3338,0.5408635139465332
3339,0.35784631967544556
3340,0.36359918117523193
3341,0.4228062331676483
3342,0.4916822016239166
3343,0.7344897985458374
3344,0.6884898543357849
3345,0.3715526759624481
3346,0.590208113193512
3347,0.4728214740753174
3348,0.3594276010990143
3349,0.2851146161556244
3350,0.3851237893104553
3351,0.49830493330955505
3352,0.30464687943458557
3353,0.5341818332672119
3354,0.5655571818351746
3355,0.5319159626960754
3356,0.3303056061267853
3357,0.6032083630561829
3358,0.33337587118148804
3359,0.318787544965744
3360,-0.09385570138692856
3361,0.4780349135398865
3362,0.4801870882511139
3363,0.39067164063453674
3364,0.505403995513916
3365,0.5655272603034973
3366,0.6124779582023621
3367,0.33630895614624023
3368,0.5271312594413757
3369,0.4908351004123688
3370,0.4573654234409332
3371,0.42306989431381226
3372,0.36639001965522766
3373,0.5260834693908691
3374,0.48110347986221313
3375,0.19037075340747833
3376,0.6273760199546814
3377,0.1925269216299057
3378,0.2259359061717987
3379,0.6668739318847656
3380,0.3723672032356262
3381,0.4908466339111328
3382,0.5074384808540344
3383,0.4665847420692444
3384,0.3262472450733185
3385,0.5001527667045593
3386,0.4753429591655731
3387,0.3525448739528656
3388,0.2376250922679901
3389,0.13557882606983185
3390,0.5494661927223206
3391,0.28054744005203247
3392,0.44076693058013916
3393,0.4981699585914612
3394,0.20044101774692535
3395,0.5605640411376953
3396,0.49263110756874084
3397,0.7348880767822266
3398,0.6452368497848511
3399,0.402534157037735
3400,0.7663394212722778
3401,0.37416401505470276
3402,0.7094987034797668
3403,0.4396899342536926
3404,0.2922481894493103
3405,0.5770630836486816
3406,0.10842137783765793
3407,0.32449546456336975
3408,0.34497830271720886
3409,0.4891132414340973
3410,0.7299135327339172
3411,0.3941294848918915
3412,0.41591519117355347
3413,0.34830623865127563
3414,0.0843835100531578
3415,0.2810676097869873
3416,0.43283578753471375
3417,0.5335566401481628
3418,0.5151529908180237
3419,0.25999727845191956
3420,0.5040087103843689
3421,0.6086196303367615
3422,0.41787028312683105
3423,0.696172833442688
3424,0.32972732186317444
3425,0.49300214648246765
3426,0.5936390161514282
3427,0.3490957021713257
3428,0.46832290291786194
3429,0.7625519037246704
3430,0.40584614872932434
3431,0.35666829347610474
3432,0.28978338837623596
3433,0.4429543614387512
3434,0.4889279305934906
3435,0.20789486169815063
3436,0.4343453645706177
3437,0.2558380663394928
3438,0.06901969015598297
3439,0.3719416558742523
3440,0.540269672870636
3441,0.4452342391014099
3442,0.3413013815879822
3443,0.27086520195007324
3444,0.27179500460624695
3445,0.5378643274307251
3446,0.7329650521278381
3447,0.5808462500572205
3448,0.37686336040496826
3449,0.4305398762226105
3450,0.5072606205940247
3451,0.46629390120506287
3452,0.536538302898407
3453,0.47596555948257446
3454,0.32108572125434875
3455,0.6528626084327698
3456,0.5339665412902832
3457,0.3342856168746948
3458,0.48200634121894836
3459,0.692179799079895
3460,0.3949333131313324
3461,0.4994986057281494
3462,0.30575981736183167
3463,0.34263932704925537
3464,0.1773209273815155
3465,0.5490881204605103
3466,0.6722481846809387
3467,0.2627495229244232
3468,0.07115834951400757
3469,0.23882028460502625
3470,0.8000258803367615
3471,0.6958397030830383
3472,0.6624360084533691
3473,0.48056432604789734
3474,0.4568815529346466
3475,0.33148393034935
3476,0.5523648262023926
3477,0.56987065076828
3478,0.2122783213853836
3479,0.32660651206970215
3480,0.28140968084335327
3481,0.3850380480289459
3482,0.3571828007698059
3483,0.6361615061759949
3484,0.46270254254341125
3485,0.39264601469039917
3486,0.7854500412940979
3487,0.4642886519432068
3488,0.5790910720825195
3489,0.37618088722229004
3490,0.4955485165119171
3491,0.6170296669006348
3492,0.27718842029571533
3493,0.4243302345275879
3494,0.628739058971405
3495,0.5442402958869934
3496,0.26125290989875793
3497,0.4490037262439728
3498,0.07444621622562408
3499,0.8481242656707764
3500,0.3872121274471283
3501,0.2327175885438919
3502,0.5283727645874023
3503,0.4892899692058563
3504,0.17464838922023773
3505,0.6325087547302246
3506,0.34238967299461365
3507,0.5343327522277832
3508,0.4037650227546692
3509,0.2768295705318451
3510,0.542007327079773
3511,0.6606730818748474
3512,0.517845869064331
3513,0.33663684129714966
3514,0.40577200055122375
3515,0.37689390778541565
3516,0.2996383309364319
3517,0.21782618761062622
3518,0.5153070092201233
3519,0.3198522925376892
3520,0.6569249033927917
3521,0.5163641571998596
3522,0.23342695832252502
3523,0.19434437155723572
3524,0.3379681408405304
3525,0.30614912509918213
3526,0.09488202631473541
3527,0.4361981451511383
3528,0.45942386984825134
3529,0.405070036649704
3530,0.3415050208568573
3531,0.44430509209632874
3532,0.4478311836719513
3533,0.4003632664680481
3534,0.2738440930843353
3535,0.3588041067123413
3536,0.368096262216568
3537,0.6087756156921387
3538,0.4173206090927124
3539,0.5341632962226868
3540,0.4672431945800781
3541,0.33114007115364075
3542,0.8123480081558228
3543,0.5007300972938538
3544,0.6563208103179932
3545,0.2693355679512024
3546,0.21919018030166626
3547,0.28158366680145264
3548,0.5961797833442688
3549,0.3305520713329315
3550,0.28333142399787903
3551,0.3879778981208801
3552,0.1265380084514618
3553,0.6242423057556152
3554,0.29814863204956055
3555,0.708686113357544
3556,0.38351136445999146
3557,0.4369586408138275
3558,0.49122580885887146
3559,0.5826635956764221
3560,0.27882009744644165
3561,0.4966467320919037
3562,0.4667130410671234
3563,0.21738871932029724
3564,0.2662077844142914
3565,0.5709618330001831
3566,0.14713768661022186
3567,0.2313559651374817
3568,0.2609412670135498
3569,0.4151517450809479
3570,0.8517459034919739
3571,0.40760093927383423
3572,0.6347753405570984
3573,0.3500746786594391
3574,0.5698190331459045
3575,0.3726690709590912
3576,0.3782936930656433
3577,0.6125942468643188
3578,0.6212020516395569
3579,0.4949360489845276
3580,0.46896886825561523
3581,0.3803786635398865
3582,0.32837292551994324
3583,0.4836600720882416
3584,0.39380717277526855
3585,0.34130236506462097
3586,0.24988435208797455
3587,0.3366856873035431
3588,0.3984981179237366
3589,0.4062400758266449
3590,0.507914125919342
3591,0.4973759651184082
3592,0.6034185886383057
3593,0.42929694056510925
3594,0.35475262999534607
3595,0.7281649112701416
3596,0.3046485185623169
3597,0.23334749042987823
3598,0.8118687272071838
3599,-0.0021495476830750704
3600,0.6694163084030151
3601,0.24549631774425507
3602,0.27385690808296204
3603,0.34238705039024353
3604,0.5607926249504089
3605,0.20002217590808868
3606,0.4021250009536743
3607,0.32490822672843933
3608,0.16897687315940857
3609,0.49550187587738037
3610,0.5788132548332214
3611,0.6099327802658081
3612,0.4412945806980133
3613,0.24654287099838257
3614,0.42873531579971313
3615,0.6580085158348083
3616,0.47731077671051025
3617,0.332241028547287
3618,0.6035179495811462
3619,0.47910651564598083
3620,0.6527164578437805
3621,0.5261101722717285
3622,0.6585259437561035
3623,0.21626786887645721
3624,0.29805654287338257
3625,0.6630406975746155
3626,0.3935573101043701
3627,0.5502241849899292
3628,0.43110066652297974
3629,0.4018203616142273
3630,0.3994578421115875
3631,0.3856738805770874
3632,0.6579987406730652
3633,0.281062513589859
3634,0.4600912630558014
3635,0.6479912400245667
3636,0.3570120334625244
3637,0.31643974781036377
3638,0.2947990894317627
3639,0.13364993035793304
3640,0.6658991575241089
3641,0.3025318384170532
3642,0.45215052366256714
3643,0.4420923590660095
3644,0.4084922671318054
3645,0.4675144851207733
3646,0.3705676198005676
3647,0.42163529992103577
3648,0.3023029565811157
3649,0.4460700452327728
3650,0.21381482481956482
3651,0.2502616345882416
3652,0.360492467880249
3653,0.2588261663913727
3654,0.23421669006347656
3655,0.31724342703819275
3656,0.3494884967803955
3657,0.5322787165641785
3658,0.2386663854122162
3659,0.4622461199760437
3660,0.17282523214817047
3661,0.4832090437412262
3662,0.350707471370697
3663,0.2283790111541748
3664,0.3290811777114868
3665,0.2687946856021881
3666,0.5985803008079529
3667,0.37115710973739624
3668,0.46102073788642883
3669,0.456714928150177
3670,0.49898862838745117
3671,0.3162083625793457
3672,0.4209860861301422
3673,0.21156148612499237
3674,0.398423433303833
3675,0.49153760075569153
3676,0.2769171893596649
3677,0.37316372990608215
3678,0.7197255492210388
3679,0.4911811947822571
3680,0.4864475727081299
3681,0.36387401819229126
3682,0.6201465725898743
3683,0.49097883701324463
3684,0.39161860942840576
3685,0.3143695890903473
3686,0.24303720891475677
3687,0.389756977558136
3688,0.2572900354862213
3689,0.7930570244789124
3690,0.6935306787490845
3691,0.08699120581150055
3692,0.40448978543281555
3693,0.45146751403808594
3694,0.4501478374004364
3695,0.3980146050453186
3696,0.16799192130565643
3697,0.40693414211273193
3698,0.5904601216316223
3699,0.40835532546043396
3700,0.6290709376335144
3701,0.5525647401809692
3702,0.5380188226699829
3703,0.4228038489818573
3704,0.025704870000481606
3705,0.2783435583114624
3706,0.21645300090312958
3707,0.6717410683631897
3708,0.059438325464725494
3709,0.46460193395614624
3710,0.5603345632553101
3711,0.7477163672447205
3712,0.4667143225669861
3713,0.5896245837211609
3714,0.3716931641101837
3715,0.4694552421569824
3716,0.2916688621044159
3717,0.07248017936944962
3718,0.4456041157245636
3719,0.2162545919418335
3720,0.5664198994636536
3721,0.6425271034240723
3722,0.44149014353752136
3723,0.5940099358558655
3724,0.4462112486362457
3725,0.721271812915802
3726,0.31749793887138367
3727,0.3339800238609314
3728,0.16152222454547882
3729,0.33846884965896606
3730,0.14614227414131165
3731,0.390158087015152
3732,0.3704277276992798
3733,0.4341334104537964
3734,0.7519080638885498
3735,0.46005651354789734
3736,0.15165667235851288
3737,0.5640687942504883
3738,0.4272388517856598
3739,0.8821192383766174
3740,0.4452979564666748
3741,0.2585478723049164
3742,0.3384060859680176
3743,0.332623690366745
3744,0.36684706807136536
3745,0.6883388161659241
3746,0.2750220000743866
3747,0.3341352343559265
3748,0.35371652245521545
3749,0.6056139469146729
3750,0.6705342531204224
3751,0.3769654333591461
3752,0.5111837387084961
3753,0.6483343839645386
3754,0.27971556782722473
3755,0.30006375908851624
3756,0.7851830720901489
3757,0.5776949524879456
3758,0.4808850586414337
3759,0.6956267356872559
3760,0.39984747767448425
3761,-0.0301076527684927
3762,0.47702842950820923
3763,0.3363202214241028
3764,0.3519151210784912
3765,0.5615962147712708
3766,0.13186267018318176
3767,0.41379284858703613
3768,0.49352720379829407
3769,0.6941409111022949
3770,0.2220836579799652
3771,0.5895957350730896
3772,0.6573451161384583
3773,0.5211065411567688
3774,0.3313197195529938
3775,0.2560160756111145
3776,0.32874807715415955
3777,0.556119978427887
3778,0.6149182915687561
3779,0.5974808931350708
3780,0.5240617394447327
3781,0.5636115670204163
3782,0.32151857018470764
3783,0.5949275493621826
3784,0.4776274859905243
3785,0.2377692610025406
3786,0.4652668535709381
3787,0.3434358239173889
3788,0.6825762391090393
3789,0.28958746790885925
3790,0.5771554708480835
3791,0.5283631682395935
3792,0.30110475420951843
3793,0.33802199363708496
3794,0.7047162652015686
3795,0.5720465183258057
3796,0.3002679944038391
3797,0.6199836134910583
3798,0.4308108687400818
3799,0.2775481939315796
3800,0.6282585859298706
3801,0.14272695779800415
3802,0.5702183842658997
3803,0.2675406336784363
3804,0.3809800148010254
3805,0.6134093403816223
3806,0.35579702258110046
3807,0.12567071616649628
3808,0.4172338843345642
3809,0.40326833724975586
3810,0.5004183650016785
3811,0.6520041227340698
3812,0.2754350006580353
3813,0.5349773168563843
3814,0.18916752934455872
3815,0.2909694015979767
3816,0.29952868819236755
3817,0.3380807936191559
3818,0.24078430235385895
3819,0.36157917976379395
3820,0.3991128206253052
3821,0.6254106163978577
3822,0.5282477140426636
3823,0.47361597418785095
3824,0.5244691371917725
3825,0.10271251946687698
3826,0.4364759922027588
3827,0.5222048163414001
3828,0.21130697429180145
3829,0.7266389727592468
3830,0.6158088445663452
3831,0.49372008442878723
3832,0.4064045250415802
3833,0.5177819132804871
3834,0.4826451241970062
3835,0.31110188364982605
3836,0.4220249056816101
3837,0.23581314086914062
3838,0.8152262568473816
3839,0.5488361716270447
3840,0.49240806698799133
3841,0.4340546429157257
3842,0.4641445577144623
3843,0.6889427304267883
3844,0.4460817575454712
3845,0.7187302112579346
3846,0.6668322682380676
3847,0.444781094789505
3848,0.3783402144908905
3849,0.42418524622917175
3850,0.873081624507904
3851,0.3436014950275421
3852,0.5585065484046936
3853,0.22934091091156006
3854,0.2989196479320526
3855,0.2526511251926422
3856,0.571159303188324
3857,0.6058951616287231
3858,0.18777771294116974
3859,0.5394417643547058
3860,0.4415563941001892
3861,0.38387855887413025
3862,0.4819977879524231
3863,0.4797779619693756
3864,0.32524845004081726
3865,0.16469626128673553
3866,0.6722468733787537
3867,0.4959103465080261
3868,0.4072180390357971
3869,0.4649188816547394
3870,0.49313977360725403
3871,0.5532233119010925
3872,0.462734580039978
3873,0.5619041919708252
3874,0.41057318449020386
3875,0.35095179080963135
3876,0.5363230109214783
3877,0.2088100165128708
3878,0.1355443000793457
3879,0.45550644397735596
3880,0.38561028242111206
3881,0.5684944987297058
3882,0.46026960015296936
3883,0.6189653277397156
3884,0.3907516300678253
3885,0.3657700717449188
3886,0.18759196996688843
3887,0.32175570726394653
3888,0.6908640265464783
3889,0.25355446338653564
3890,0.4612288177013397
3891,0.41288039088249207
3892,0.5226179361343384
3893,0.7197759747505188
3894,0.5645092725753784
3895,0.3101474940776825
3896,0.31990891695022583
3897,0.20517821609973907
3898,0.31855326890945435
3899,0.4719821512699127
3900,0.3407520353794098
3901,0.532457709312439
3902,0.4934685230255127
3903,0.3939477205276489
3904,0.6992822289466858
3905,0.42198407649993896
3906,0.2663693130016327
3907,0.3649308979511261
3908,0.6488069295883179
3909,0.8995513319969177
3910,0.48115459084510803
3911,0.24553415179252625
3912,0.41611430048942566
3913,0.5820987224578857
3914,0.5410467386245728
3915,0.5016489028930664
3916,-0.019564634189009666
3917,0.5940361618995667
3918,0.3540157675743103
3919,0.42177289724349976
3920,0.39856043457984924
3921,0.4052230715751648
3922,0.507318913936615
3923,0.4518534541130066
3924,0.3018503487110138
3925,0.43074753880500793
3926,0.5482368469238281
3927,0.42156240344047546
3928,0.4447374641895294
3929,0.5458800792694092
3930,0.5989145636558533
3931,0.6098601818084717
3932,0.5311005711555481
3933,0.3012836277484894
3934,0.45928874611854553
3935,0.5564622282981873
3936,0.386737585067749
3937,0.509168803691864
3938,0.5366480946540833
3939,0.30017778277397156
3940,0.3618621528148651
3941,0.6572781801223755
3942,0.2405725121498108
3943,0.260574072599411
3944,0.35588616132736206
3945,0.5773506164550781
3946,0.64785236120224
3947,0.5534079074859619
3948,0.2671782970428467
3949,0.14857888221740723
3950,0.23915846645832062
3951,0.3916308283805847
3952,0.2959606945514679
3953,0.697989821434021
3954,0.6253685355186462
3955,0.1644252985715866
3956,0.38519129157066345
3957,0.15466290712356567
3958,0.3258877992630005
3959,0.2698844075202942
3960,0.24743781983852386
3961,0.6486972570419312
3962,0.45221224427223206
3963,0.5592024922370911
3964,0.2814459502696991
3965,0.30859628319740295
3966,0.10690039396286011
3967,0.1995653361082077
3968,0.5905910134315491
3969,0.3787620961666107
3970,0.42781636118888855
3971,0.5578355193138123
3972,0.7442846298217773
3973,0.3709915280342102
3974,0.4800072908401489
3975,0.4574001133441925
3976,0.2621006667613983
3977,0.39123186469078064
3978,0.37001779675483704
3979,0.3204771876335144
3980,0.6396947503089905
3981,0.4663994610309601
3982,0.6846337914466858
3983,0.45330071449279785
3984,0.18724510073661804
3985,0.6664332747459412
3986,0.5382460951805115
3987,0.3736709952354431
3988,0.40684765577316284
3989,0.31592708826065063
3990,0.25109463930130005
3991,0.5493654012680054
3992,0.4823165237903595
3993,0.37615370750427246
3994,0.503420889377594
3995,0.42943674325942993
3996,0.5283335447311401
3997,0.28509655594825745
3998,0.06914263218641281
3999,0.5140933990478516
4000,0.38958898186683655
4001,0.20738543570041656
4002,0.3480883836746216
4003,0.2608984410762787
4004,0.4503319561481476
4005,0.5773072242736816
4006,0.5301387906074524
4007,0.34429219365119934
4008,0.5025894641876221
4009,0.5784373879432678
4010,0.5620562434196472
4011,0.36533764004707336
4012,0.6138156652450562
4013,0.24483159184455872
4014,0.46473073959350586
4015,0.41673287749290466
4016,0.4809275269508362
4017,0.4132119417190552
4018,0.7551091313362122
4019,0.35232657194137573
4020,0.3950234651565552
4021,0.3498997390270233
4022,0.4622250497341156
4023,0.7749296426773071
4024,0.4143069088459015
4025,0.5013485550880432
4026,-0.03558855503797531
4027,0.4934918284416199
4028,0.38819876313209534
4029,0.3794171214103699
4030,0.4209739863872528
4031,0.5696432590484619
4032,0.6534283757209778
4033,0.5052614808082581
4034,0.5578941702842712
4035,0.45510977506637573
4036,0.4150775671005249
4037,0.44394606351852417
4038,0.39132529497146606
4039,0.47918397188186646
4040,0.28214988112449646
4041,0.5754477977752686
4042,0.5236495733261108
4043,0.8194772005081177
4044,0.488523006439209
4045,0.4805830717086792
4046,0.324444055557251
4047,0.47586408257484436
4048,0.4999849498271942
4049,0.28165575861930847
4050,0.6429886817932129
4051,0.28557151556015015
4052,0.37647542357444763
4053,0.6359652280807495
4054,0.3609609007835388
4055,0.5509121417999268
4056,0.384032279253006
4057,0.34895771741867065
4058,0.6351732611656189
4059,0.46469852328300476
4060,0.6171746850013733
4061,0.44587528705596924
4062,0.16858312487602234
4063,0.29277849197387695
4064,0.5050154328346252
4065,0.45062994956970215
4066,0.4009828567504883
4067,0.46711793541908264
4068,0.4385782480239868
4069,0.1854156255722046
4070,0.5259638428688049
4071,0.19328573346138
4072,0.25555220246315
4073,0.5035240650177002
4074,0.3648204505443573
4075,0.321449339389801
4076,0.47893911600112915
4077,0.4589344263076782
4078,0.32822638750076294
4079,0.38561880588531494
4080,0.4060826897621155
4081,0.28552812337875366
4082,0.8129866123199463
4083,0.569276750087738
4084,0.3282277584075928
4085,0.390260249376297
4086,0.5533509850502014
4087,0.1352355182170868
4088,0.3184751868247986
4089,0.22002054750919342
4090,0.4688398838043213
4091,0.2687622308731079
4092,0.4288511574268341
4093,0.21035580337047577
4094,0.24499495327472687
4095,0.5196592807769775
4096,0.3913011848926544
4097,0.498036652803421
4098,0.4197409152984619
4099,0.21309061348438263
4100,0.4035833179950714
4101,0.2646559476852417
4102,0.5233022570610046
4103,0.48602494597435
4104,0.4351979196071625
4105,0.4970673620700836
4106,0.2271859049797058
4107,0.47078609466552734
4108,0.5630189776420593
4109,0.5113618969917297
4110,0.550014317035675
4111,0.3792908191680908
4112,0.3067428171634674
4113,0.41924887895584106
4114,0.5017645359039307
4115,0.5873844027519226
4116,0.4790653884410858
4117,-0.013889143243432045
4118,0.1764557659626007
4119,0.3576405942440033
4120,0.5011226534843445
4121,0.25166216492652893
4122,0.39513590931892395
4123,0.34179413318634033
4124,0.2582401931285858
4125,0.504844069480896
4126,0.48073452711105347
4127,0.33265283703804016
4128,0.2420492172241211
4129,0.35897690057754517
4130,0.5203343033790588
4131,0.6450933814048767
4132,0.10632350295782089
4133,0.3939579129219055
4134,0.23035672307014465
4135,0.31783977150917053
4136,0.709806501865387
4137,0.4915618598461151
4138,0.5054439306259155
4139,0.44371452927589417
4140,0.44664525985717773
4141,0.39858970046043396
4142,0.3818378448486328
4143,0.2956641614437103
4144,0.43154376745224
4145,0.5273159146308899
4146,0.6631935834884644
4147,0.6904417872428894
4148,0.6120254397392273
4149,0.3148593008518219
4150,0.37045204639434814
4151,0.24383330345153809
4152,0.3185683786869049
4153,0.17239628732204437
4154,0.4695707857608795
4155,0.5744286775588989
4156,0.47221654653549194
4157,0.5750296711921692
4158,0.44473645091056824
4159,0.6890372037887573
4160,0.3177719712257385
4161,0.24110102653503418
4162,0.6071913242340088
4163,0.5832851529121399
4164,0.4132763743400574
4165,0.5693713426589966
4166,0.5031472444534302
4167,0.7523516416549683
4168,0.14445872604846954
4169,0.4746187925338745
4170,0.7191522121429443
4171,0.4042559862136841
4172,0.45953500270843506
4173,0.5063035488128662
4174,0.8416320085525513
4175,0.6290822625160217
4176,0.5844957232475281
4177,0.14522291719913483
4178,0.1450994610786438
4179,0.48062726855278015
4180,0.45808953046798706
4181,0.31280946731567383
4182,0.281203955411911
4183,0.5330615639686584
4184,0.4066721498966217
4185,0.7121742367744446
4186,0.5298536419868469
4187,0.4982242286205292
4188,0.5733140707015991
4189,0.33037593960762024
4190,0.42979782819747925
4191,0.16215093433856964
4192,0.5718360543251038
4193,0.5313935875892639
4194,0.25992774963378906
4195,0.7554067373275757
4196,0.6061776280403137
4197,0.2731373906135559
4198,0.4967222213745117
4199,0.3397829532623291
4200,0.2159040868282318
4201,0.3458515405654907
4202,0.3753723204135895
4203,0.25571176409721375
4204,0.47108545899391174
4205,0.31558898091316223
4206,0.3124101459980011
4207,0.3704965114593506
4208,0.6449926495552063
4209,0.17661519348621368
4210,0.43622082471847534
4211,0.32199305295944214
4212,0.4718741178512573
4213,0.28461048007011414
4214,0.3930148184299469
4215,0.39649587869644165
4216,0.5011166334152222
4217,0.4166520833969116
4218,0.22200272977352142
4219,0.3115915358066559
4220,0.386139452457428
4221,0.5396356582641602
4222,0.46612924337387085
4223,0.46730855107307434
4224,0.3191356956958771
4225,0.6076290011405945
4226,0.4150739908218384
4227,0.2861747443675995
4228,0.32647818326950073
4229,0.3253067433834076
4230,0.6892209053039551
4231,0.3824160397052765
4232,0.47742724418640137
4233,0.3378898501396179
4234,0.3868045508861542
4235,0.28152748942375183
4236,0.4998510181903839
4237,0.31516289710998535
4238,0.5043385624885559
4239,0.6082931756973267
4240,0.41837364435195923
4241,0.1493576467037201
4242,0.47110021114349365
4243,0.6415308117866516
4244,0.6138265132904053
4245,0.25820037722587585
4246,0.38631609082221985
4247,0.47158631682395935
4248,0.6077713966369629
4249,0.32009264826774597
4250,0.3446478545665741
4251,0.3464556932449341
4252,0.31826314330101013
4253,0.3312349319458008
4254,0.015221907757222652
4255,0.4148696959018707
4256,0.3559303283691406
4257,0.5009012222290039
4258,0.533819317817688
4259,0.5686249732971191
4260,0.3448643982410431
4261,0.10941451787948608
4262,0.26823288202285767
4263,0.3773426413536072
4264,0.7809074521064758
4265,0.2420939952135086
4266,0.14899413287639618
4267,0.8458373546600342
4268,0.4305369257926941
4269,0.7627385854721069
4270,0.6965839862823486
4271,0.03168666362762451
4272,0.34060409665107727
4273,0.2902962863445282
4274,0.24642176926136017
4275,0.5620594620704651
4276,0.4190337061882019
4277,0.2805759608745575
4278,0.6527049541473389
4279,0.196822851896286
4280,0.5339105129241943
4281,0.39964187145233154
4282,0.5193804502487183
4283,0.4084499776363373
4284,0.4030151069164276
4285,0.44661620259284973
4286,0.42124471068382263
4287,0.49293360114097595
4288,0.45700645446777344
4289,0.7142497897148132
4290,0.16702726483345032
4291,0.4454494118690491
4292,0.43921321630477905
4293,0.6297962665557861
4294,0.3666655421257019
4295,0.3882639408111572
4296,0.3778332769870758
4297,0.17967790365219116
4298,0.3054369390010834
4299,0.23517753183841705
4300,0.30765286087989807
4301,0.25722047686576843
4302,0.1881575584411621
4303,0.638907790184021
4304,0.589707612991333
4305,0.5106983780860901
4306,0.475506991147995
4307,0.5961083769798279
4308,0.44913041591644287
4309,0.2939867079257965
4310,0.5108036994934082
4311,0.305473655462265
4312,0.28944647312164307
4313,0.24024485051631927
4314,0.34311506152153015
4315,0.5017005205154419
4316,0.47700265049934387
4317,0.17260242998600006
4318,0.1320517212152481
4319,0.44491255283355713
4320,0.7141469717025757
4321,0.42091429233551025
4322,0.6158925890922546
4323,0.4871380925178528
4324,0.33028659224510193
4325,0.06671474874019623
4326,0.638512134552002
4327,0.2979605793952942
4328,0.36005258560180664
4329,0.5587723851203918
4330,0.29092922806739807
4331,0.703832745552063
4332,0.3943334221839905
4333,0.6209977865219116
4334,0.2375384271144867
4335,0.22746197879314423
4336,0.46489500999450684
4337,0.5621866583824158
4338,0.37103673815727234
4339,0.38938021659851074
4340,0.4918079376220703
4341,0.7529778480529785
4342,0.0883617177605629
4343,0.2218380868434906
4344,0.49540436267852783
4345,0.6120652556419373
4346,0.5136107206344604
4347,0.6077302098274231
4348,0.4683939218521118
4349,0.4954769015312195
4350,0.22421912848949432
4351,0.421566367149353
4352,0.6077240109443665
4353,0.5145118236541748
4354,0.5335743427276611
4355,0.4208734631538391
4356,0.4185406267642975
4357,0.3384997546672821
4358,0.1495857834815979
4359,0.3253686726093292
4360,0.37747806310653687
4361,0.4669676125049591
4362,0.4797374904155731
4363,0.3338555693626404
4364,0.23327584564685822
4365,0.38511794805526733
4366,0.5746791958808899
4367,0.6329197287559509
4368,0.3529523015022278
4369,0.4802524745464325
4370,0.502338171005249
4371,0.6553370356559753
4372,0.5246004462242126
4373,0.2573564350605011
4374,0.5066717863082886
4375,0.5572261214256287
4376,0.46185383200645447
4377,0.5287785530090332
4378,0.47118788957595825
4379,0.7325460910797119
4380,0.22721166908740997
4381,0.3494187593460083
4382,0.14124266803264618
4383,0.3292205035686493
4384,0.3976958692073822
4385,0.6352460980415344
4386,0.31635475158691406
4387,0.4240516126155853
4388,0.4060376286506653
4389,0.23670512437820435
4390,0.16936169564723969
4391,0.25600916147232056
4392,0.6885955333709717
4393,0.45220673084259033
4394,0.6341118812561035
4395,0.5933448076248169
4396,0.640274167060852
4397,0.436455637216568
4398,0.729722797870636
4399,0.6342743635177612
4400,0.348695307970047
4401,0.4394770860671997
4402,0.2382618635892868
4403,0.4051165282726288
4404,0.538435161113739
4405,0.17101804912090302
4406,0.5788147449493408
4407,0.5453247427940369
4408,0.21774433553218842
4409,0.2394111305475235
4410,0.5506701469421387
4411,0.5945043563842773
4412,0.32187309861183167
4413,0.32661768794059753
4414,0.8911604285240173
4415,0.19921079277992249
4416,0.5397520661354065
4417,0.5780414938926697
4418,0.26882559061050415
4419,0.7341166734695435
4420,0.3487129509449005
4421,0.4843410849571228
4422,0.25782033801078796
4423,0.771475613117218
4424,0.26790741086006165
4425,0.3936857283115387
4426,0.5061373114585876
4427,0.5249174237251282
4428,0.3935803174972534
4429,0.3605342507362366
4430,0.5211092233657837
4431,0.6092539429664612
4432,0.19761154055595398
4433,0.3310852348804474
4434,0.1899694949388504
4435,0.41813865303993225
4436,0.5695984363555908
4437,0.5012877583503723
4438,0.42736539244651794
4439,0.5807641744613647
4440,0.8055638074874878
4441,0.3535788059234619
4442,0.6752998232841492
4443,0.47936931252479553
4444,0.5028788447380066
4445,0.2961623966693878
4446,0.45695817470550537
4447,0.36066117882728577
4448,0.34222766757011414
4449,0.2793422043323517
4450,0.5269328355789185
4451,0.363040953874588
4452,0.47181519865989685
4453,0.3597981333732605
4454,0.43262574076652527
4455,0.377628892660141
4456,0.5680679678916931
4457,0.6192224025726318
4458,0.4422600269317627
4459,0.2233036607503891
4460,0.43755507469177246
4461,0.5107885599136353
4462,0.2994384169578552
4463,0.2922118604183197
4464,0.34618401527404785
4465,0.23561333119869232
4466,0.4060437083244324
4467,0.38870757818222046
4468,0.30157673358917236
4469,0.4446106255054474
4470,0.25712379813194275
4471,0.4291430115699768
4472,0.5175139307975769
4473,0.519477903842926
4474,0.8185128569602966
4475,0.431215763092041
4476,0.6292779445648193
4477,0.3819844424724579
4478,0.46701475977897644
4479,0.5303041934967041
4480,0.7296164035797119
4481,0.2776031196117401
4482,0.21848547458648682
4483,0.3238665461540222
4484,0.37614545226097107
4485,0.040113527327775955
4486,0.5370481014251709
4487,0.18794851005077362
4488,0.43648579716682434
4489,0.6100232005119324
4490,0.4204442501068115
4491,0.532355785369873
4492,0.2797674238681793
4493,0.5062206983566284
4494,0.5043900012969971
4495,0.505802571773529
4496,0.5070471167564392
4497,0.5968847274780273
4498,0.2130553424358368
4499,0.5428135395050049
4500,0.5586724877357483
4501,0.4343988597393036
4502,0.34141963720321655
4503,0.49833452701568604
4504,0.642559289932251
4505,0.30653467774391174
4506,0.5599556565284729
4507,0.22363628447055817
4508,0.650539219379425
4509,0.4332360625267029
4510,0.2843715250492096
4511,0.2964177429676056
4512,0.4041537344455719
4513,0.4612249433994293
4514,0.6606343984603882
4515,0.49178647994995117
4516,0.5497855544090271
4517,0.4644017815589905
4518,0.6373772621154785
4519,0.5132648348808289
4520,0.4300387501716614
4521,0.4827829599380493
4522,0.4361409544944763
4523,0.6458907127380371
4524,0.3208353817462921
4525,0.6723790168762207
4526,0.37173280119895935
4527,0.20596522092819214
4528,0.5404983758926392
4529,0.7913179993629456
4530,0.2706887125968933
4531,0.46184444427490234
4532,0.17534391582012177
4533,0.5953741669654846
4534,0.3349539339542389
4535,0.30110400915145874
4536,0.28298208117485046
4537,0.5834661722183228
4538,0.611039400100708
4539,0.24263451993465424
4540,0.3680911660194397
4541,0.15228059887886047
4542,0.5185264348983765
4543,0.3746364116668701
4544,0.41264140605926514
4545,0.37044307589530945
4546,0.3949553370475769
4547,0.23047369718551636
4548,0.29887595772743225
4549,0.1162082627415657
4550,0.252041757106781
4551,0.2643800377845764
4552,0.21798667311668396
4553,0.6185494065284729
4554,0.31493958830833435
4555,0.7802680730819702
4556,0.4811062812805176
4557,0.17062917351722717
4558,0.28407663106918335
4559,0.5868815779685974
4560,0.28192880749702454
4561,0.22138434648513794
4562,0.6309648156166077
4563,0.5380597710609436
4564,0.5081827044487
4565,0.2513567805290222
4566,0.6864099502563477
4567,0.5188750624656677
4568,0.6987552046775818
4569,0.3089137673377991
4570,0.45027488470077515
4571,0.5361628532409668
4572,0.8108599781990051
4573,0.2024800181388855
4574,0.4195571839809418
4575,0.35400617122650146
4576,0.5869802236557007
4577,0.43131351470947266
4578,0.7542629837989807
4579,0.11876615136861801
4580,0.32854795455932617
4581,0.3000367283821106
4582,0.2527346611022949
4583,0.23870423436164856
4584,0.10082504153251648
4585,0.5567163825035095
4586,0.5431153178215027
4587,0.5941824913024902
4588,0.35250234603881836
4589,0.1854538768529892
4590,0.5761293172836304
4591,0.19496966898441315
4592,0.25240957736968994
4593,0.4818900227546692
4594,0.4839061200618744
4595,0.18565191328525543
4596,0.46042880415916443
4597,0.5223240256309509
4598,0.2754775583744049
4599,0.6329653859138489
4600,0.5788013935089111
4601,0.25071096420288086
4602,0.3726005554199219
4603,0.3523640036582947
4604,0.4950951933860779
4605,0.31681087613105774
4606,0.5854185819625854
4607,0.5316147208213806
4608,0.2979470491409302
4609,0.5231945514678955
4610,0.45950618386268616
4611,0.7852676510810852
4612,0.7005645632743835
4613,0.3968740403652191
4614,0.5720214247703552
4615,0.40226617455482483
4616,0.5019106268882751
4617,0.29565221071243286
4618,0.16210907697677612
4619,0.4381253719329834
4620,0.4763648509979248
4621,0.5006948709487915
4622,0.4408009350299835
4623,0.6831708550453186
4624,0.2919931411743164
4625,0.5966138243675232
4626,0.45884642004966736
4627,0.5542293787002563
4628,0.6699885725975037
4629,0.5139292478561401
4630,0.2980403006076813
4631,0.2849270701408386
4632,0.6028507351875305
4633,0.6446712613105774
4634,0.5695273876190186
4635,0.442812442779541
4636,0.34209954738616943
4637,0.3002856969833374
4638,0.41542762517929077
4639,0.4039742648601532
4640,0.3433534801006317
4641,0.4942069947719574
4642,0.41381406784057617
4643,0.6722670793533325
4644,0.16805711388587952
4645,0.29681646823883057
4646,0.46704888343811035
4647,0.28515684604644775
4648,0.7480818033218384
4649,0.4801056385040283
4650,0.1980254352092743
4651,0.11668342351913452
4652,0.8722220063209534
4653,0.38467076420783997
4654,0.5101375579833984
4655,0.4213898479938507
4656,0.30663055181503296
4657,0.13495777547359467
4658,0.24352635443210602
4659,0.39840784668922424
4660,0.409980446100235
4661,0.33210107684135437
4662,0.835023045539856
4663,0.32200726866722107
4664,0.5900154709815979
4665,0.40049490332603455
4666,0.42001858353614807
4667,0.5345257520675659
4668,0.41962486505508423
4669,0.30205386877059937
4670,0.5311303734779358
4671,0.32635629177093506
4672,0.15467236936092377
4673,0.639697790145874
4674,0.315306693315506
4675,0.5736564993858337
4676,0.38082942366600037
4677,0.43414250016212463
4678,0.4047871232032776
4679,0.417290598154068
4680,0.41180387139320374
4681,0.7038447260856628
4682,0.39442718029022217
4683,0.21926651895046234
4684,0.5099211931228638
4685,0.5319539308547974
4686,0.1934245526790619
4687,0.25113195180892944
4688,0.29107391834259033
4689,0.33965909481048584
4690,0.639247477054596
4691,0.8560463786125183
4692,0.3340451717376709
4693,0.23918385803699493
4694,0.536007821559906
4695,0.2613285183906555
4696,0.3624156713485718
4697,0.6821995377540588
4698,0.3717135787010193
4699,0.4736770689487457
4700,0.46338605880737305
4701,0.6814663410186768
4702,0.7013614177703857
4703,0.4553062915802002
4704,0.49006399512290955
4705,0.4262508451938629
4706,0.4187172055244446
4707,0.4297091066837311
4708,0.7351074814796448
4709,-0.004636355675756931
4710,0.7158677577972412
4711,0.38120129704475403
4712,0.6078720092773438
4713,0.40914401412010193
4714,0.6965958476066589
4715,0.41641220450401306
4716,0.2914046347141266
4717,0.5435739755630493
4718,0.44017958641052246
4719,0.8227997422218323
4720,0.6945734620094299
4721,0.407804936170578
4722,0.602264404296875
4723,0.445460706949234
4724,0.49070268869400024
4725,0.20042698085308075
4726,0.20063531398773193
4727,0.5266433358192444
4728,0.3129570484161377
4729,0.5854693055152893
4730,0.5388492345809937
4731,0.5871480107307434
4732,0.3418366312980652
4733,0.18710915744304657
4734,0.2996005415916443
4735,0.3463553786277771
4736,0.43839114904403687
4737,0.22978776693344116
4738,0.26560598611831665
4739,0.16790379583835602
4740,0.3258271813392639
4741,0.5148098468780518
4742,0.27523189783096313
4743,0.4972597360610962
4744,0.5553509593009949
4745,0.5421230792999268
4746,0.4655682146549225
4747,0.4264313578605652
4748,0.6739441752433777
4749,0.3196808695793152
4750,0.4087986648082733
4751,0.42092928290367126
4752,0.4701051115989685
4753,0.8474336266517639
4754,0.6152647733688354
4755,0.4345678687095642
4756,0.3754098415374756
4757,0.4409372806549072
4758,0.47351688146591187
4759,0.4552880823612213
4760,0.5532996654510498
4761,0.3234420120716095
4762,0.5962159037590027
4763,0.33569028973579407
4764,0.5583299994468689
4765,0.16717429459095
4766,0.24341244995594025
4767,0.37399038672447205
4768,0.5635125041007996
4769,0.5409203171730042
4770,0.474914014339447
4771,0.47858479619026184
4772,0.4638330340385437
4773,0.3928185999393463
4774,0.27920159697532654
4775,0.4260970950126648
4776,0.2123444676399231
4777,0.335487961769104
4778,0.6677067875862122
4779,0.594835102558136
4780,0.286958783864975
4781,0.29158592224121094
4782,0.18698439002037048
4783,0.36611461639404297
4784,0.7870007753372192
4785,0.3418976962566376
4786,0.5224127173423767
4787,0.2517203092575073
4788,0.4377935826778412
4789,0.4280814230442047
4790,0.40900272130966187
4791,0.25135859847068787
4792,0.0013276970712468028
4793,0.5586403608322144
4794,0.3343181908130646
4795,0.22069139778614044
4796,0.4587857127189636
4797,0.7546460628509521
4798,0.6386356949806213
4799,0.5954292416572571
4800,0.7885950207710266
4801,0.782442033290863
4802,0.3774779438972473
4803,0.7321498990058899
4804,0.4915076196193695
4805,0.07216351479291916
4806,0.35488444566726685
4807,0.41096407175064087
4808,0.2643551230430603
4809,0.40737155079841614
4810,0.5300259590148926
4811,0.4477996528148651
4812,0.3874635100364685
4813,0.4225028455257416
4814,0.1497836410999298
4815,0.5364785194396973
4816,0.21064510941505432
4817,0.1137983575463295
4818,0.30812740325927734
4819,0.12532131373882294
4820,0.5110553503036499
4821,0.43212905526161194
4822,0.4502117931842804
4823,0.3727685213088989
4824,0.2955904006958008
4825,0.426445335149765
4826,0.34132444858551025
4827,0.6602908372879028
4828,0.4503162205219269
4829,0.3659953474998474
4830,0.5537840127944946
4831,0.3781026303768158
4832,0.45204341411590576
4833,0.29348495602607727
4834,0.5257396101951599
4835,0.593309223651886
4836,0.08877334743738174
4837,0.5368505120277405
4838,0.34398984909057617
4839,0.4597732424736023
4840,0.24567578732967377
4841,0.8260655999183655
4842,0.5469385385513306
4843,0.4607197642326355
4844,0.41217270493507385
4845,0.5629857778549194
4846,0.3359512388706207
4847,0.24814407527446747
4848,0.34706324338912964
4849,0.4374440014362335
4850,0.6009762287139893
4851,0.35470113158226013
4852,0.26574602723121643
4853,0.41880568861961365
4854,0.4958048462867737
4855,0.23011761903762817
4856,0.5580623149871826
4857,0.574729859828949
4858,0.5752304196357727
4859,0.7961283922195435
4860,0.22911933064460754
4861,0.6302416324615479
4862,0.4432627856731415
4863,0.6030442118644714
4864,0.37062886357307434
4865,0.3380466103553772
4866,0.5443260073661804
4867,0.44034576416015625
4868,0.4481000602245331
4869,0.5253013372421265
4870,0.5472605228424072
4871,0.20131954550743103
4872,0.337160587310791
4873,0.21891246736049652
4874,0.44182637333869934
4875,0.6894870400428772
4876,0.3399702310562134
4877,0.8881768584251404
4878,0.362050324678421
4879,0.21233563125133514
4880,0.39400991797447205
4881,0.4774019718170166
4882,0.691250741481781
4883,0.43653181195259094
4884,0.3849707245826721
4885,0.6032927632331848
4886,0.6184704303741455
4887,0.5472887754440308
4888,0.2190893590450287
4889,0.5447285175323486
4890,0.4597513675689697
4891,0.5691536068916321
4892,0.4104786217212677
4893,0.1811794489622116
4894,0.4390254616737366
4895,0.4588398337364197
4896,0.1531180441379547
4897,0.5669109225273132
4898,0.30607858300209045
4899,0.5866520404815674
4900,0.59808748960495
4901,0.4222034513950348
4902,0.29392945766448975
4903,0.5754814743995667
4904,0.5187705755233765
4905,0.48549938201904297
4906,0.6473342180252075
4907,0.4049561619758606
4908,0.546250581741333
4909,0.30724868178367615
4910,0.33033111691474915
4911,0.37709689140319824
4912,0.3334755301475525
4913,0.44912731647491455
4914,0.6116287112236023
4915,0.4146905243396759
4916,0.4121569097042084
4917,0.34295719861984253
4918,0.3159593939781189
4919,0.2573392391204834
4920,0.4862537682056427
4921,0.6804348230361938
4922,0.6443839073181152
4923,0.528706967830658
4924,0.6182228326797485
4925,0.2891068756580353
4926,0.45163583755493164
4927,0.2620629072189331
4928,0.601560115814209
4929,0.6797291040420532
4930,0.39857447147369385
4931,0.4578264355659485
4932,0.3459424078464508
4933,0.4804799556732178
4934,0.5981767177581787
4935,0.4374208152294159
4936,0.3527316749095917
4937,0.22582551836967468
4938,0.4990313947200775
4939,0.3196863532066345
4940,0.691792905330658
4941,0.3829445242881775
4942,0.3712102472782135
4943,0.7842828631401062
4944,0.5476129651069641
4945,0.5050249099731445
