protein,AARS_K562,AATF_K562,ABCF1_K562,AGGF1_HepG2,AGGF1_K562,AKAP1_HepG2,AKAP1_K562,AKAP8L_K562,APOBEC3C_K562,AQR_HepG2,AQR_K562,BCCIP_HepG2,BCLAF1_HepG2,BUD13_HepG2,BUD13_K562,CDC40_HepG2,CPEB4_K562,CPSF6_K562,CSTF2_HepG2,CSTF2T_HepG2,CSTF2T_K562,DDX21_K562,DDX24_K562,DDX3X_HepG2,DDX3X_K562,DDX42_K562,DDX51_K562,DDX52_HepG2,DDX52_K562,DDX55_HepG2,DDX55_K562,DDX59_HepG2,DDX6_HepG2,DDX6_K562,DGCR8_HepG2,DGCR8_K562,DHX30_HepG2,DHX30_K562,DKC1_HepG2,DROSHA_HepG2,DROSHA_K562,EFTUD2_HepG2,EFTUD2_K562,EIF3D_HepG2,EIF3G_K562,EIF3H_HepG2,EIF4G2_K562,EWSR1_K562,EXOSC5_HepG2,EXOSC5_K562,FAM120A_HepG2,FAM120A_K562,FASTKD2_HepG2,FASTKD2_K562,FKBP4_HepG2,FMR1_K562,FTO_HepG2,FTO_K562,FUBP3_HepG2,FUS_HepG2,FUS_K562,FXR1_K562,FXR2_HepG2,FXR2_K562,G3BP1_HepG2,GEMIN5_K562,GNL3_K562,GPKOW_K562,GRSF1_HepG2,GRWD1_HepG2,GRWD1_K562,GTF2F1_HepG2,GTF2F1_K562,HLTF_HepG2,HLTF_K562,HNRNPA1_HepG2,HNRNPA1_K562,HNRNPC_HepG2,HNRNPC_K562,HNRNPK_HepG2,HNRNPK_K562,HNRNPL_HepG2,HNRNPL_K562,HNRNPM_HepG2,HNRNPM_K562,HNRNPU_HepG2,HNRNPU_K562,HNRNPUL1_HepG2,HNRNPUL1_K562,IGF2BP1_HepG2,IGF2BP1_K562,IGF2BP2_K562,IGF2BP3_HepG2,ILF3_HepG2,ILF3_K562,KHDRBS1_K562,KHSRP_HepG2,KHSRP_K562,LARP4_HepG2,LARP4_K562,LARP7_HepG2,LARP7_K562,LIN28B_HepG2,LIN28B_K562,LSM11_HepG2,LSM11_K562,MATR3_HepG2,MATR3_K562,METAP2_K562,MTPAP_K562,NCBP2_HepG2,NCBP2_K562,NIP7_HepG2,NIPBL_K562,NKRF_HepG2,NOL12_HepG2,NOLC1_HepG2,NOLC1_K562,NONO_K562,NPM1_K562,NSUN2_K562,PABPC4_K562,PABPN1_HepG2,PCBP1_HepG2,PCBP1_K562,PCBP2_HepG2,PHF6_K562,POLR2G_HepG2,PPIG_HepG2,PPIL4_K562,PRPF4_HepG2,PRPF8_HepG2,PRPF8_K562,PTBP1_HepG2,PTBP1_K562,PUM1_K562,PUM2_K562,PUS1_K562,QKI_HepG2,QKI_K562,RBFOX2_HepG2,RBFOX2_K562,RBM15_HepG2,RBM15_K562,RBM22_HepG2,RBM22_K562,RBM5_HepG2,RPS11_K562,RPS3_HepG2,RPS3_K562,SAFB_HepG2,SAFB_K562,SAFB2_K562,SBDS_K562,SDAD1_HepG2,SDAD1_K562,SERBP1_K562,SF3A3_HepG2,SF3B1_K562,SF3B4_HepG2,SF3B4_K562,SFPQ_HepG2,SLBP_K562,SLTM_HepG2,SLTM_K562,SMNDC1_HepG2,SMNDC1_K562,SND1_HepG2,SND1_K562,SRSF1_HepG2,SRSF1_K562,SRSF7_HepG2,SRSF7_K562,SRSF9_HepG2,SSB_HepG2,SSB_K562,STAU2_HepG2,SUB1_HepG2,SUGP2_HepG2,SUPV3L1_HepG2,SUPV3L1_K562,TAF15_HepG2,TAF15_K562,TARDBP_K562,TBRG4_HepG2,TBRG4_K562,TIA1_HepG2,TIA1_K562,TIAL1_HepG2,TRA2A_HepG2,TRA2A_K562,TROVE2_HepG2,TROVE2_K562,U2AF1_HepG2,U2AF1_K562,U2AF2_HepG2,U2AF2_K562,UCHL5_HepG2,UCHL5_K562,UPF1_HepG2,UPF1_K562,UTP18_HepG2,UTP18_K562,UTP3_K562,WDR3_K562,WDR43_HepG2,WDR43_K562,WRN_K562,XPO5_HepG2,XRCC6_HepG2,XRCC6_K562,XRN2_HepG2,XRN2_K562,YBX3_HepG2,YBX3_K562,YWHAG_K562,ZC3H11A_HepG2,ZC3H11A_K562,ZC3H8_K562,ZNF622_K562,ZNF800_HepG2,ZNF800_K562,ZRANB2_K562
AARS_K562,1.0,-0.7967906,-0.42851952,-0.9942315,0.41505122,-0.88628745,-0.34087768,-0.8214527,-0.94496393,-0.67211425,-0.7463963,-0.9683149,-0.04714962,0.7829308,-0.44167036,0.5732896,-0.94775057,-0.8499179,-0.7921359,-0.006249908,0.09066341,0.83062124,-0.7690543,0.87044644,-0.88223386,-0.13393827,-0.44913754,-0.4430874,-0.40201393,0.40434667,-0.79016966,0.8176665,-0.45398825,-0.057521094,0.31299067,0.4927577,0.49480373,0.9995111,-0.14629614,0.14849567,0.040015455,-0.98089623,-0.8608459,-0.81608593,-0.977884,0.8342905,-0.71563643,0.7273038,-0.9792177,-0.28702033,-0.63927263,-0.77870035,0.12677114,-0.649122,0.29145885,0.8144309,0.1676609,-0.6730203,-0.98053586,-0.75371546,-0.044448975,-0.9422352,-0.15005365,-0.959574,0.99134064,0.978577,0.95182276,0.93538576,0.3305888,0.72018677,0.64501965,-0.74655485,-0.093197726,0.9898004,-0.9927242,-0.07470536,0.7392725,-0.38884467,-0.27398577,-0.35097227,-0.16477548,-0.61826116,-0.99618804,0.99297553,-0.20638339,0.32918456,0.9642771,-0.29831287,-0.49250335,0.05412253,-0.2940865,-0.6831795,-0.62147087,-0.92512536,0.9214237,0.03322563,-0.9847086,0.9220383,0.03896443,-0.9973622,-0.92853236,0.10243579,-0.49658504,0.9166603,-0.6297613,0.9213427,0.95739836,0.8108629,0.47242972,0.6284679,-0.5960609,0.4308402,0.77103037,-0.33505896,-0.8323875,0.033095945,-0.23048325,-0.97760874,0.5831581,0.027701182,-0.6719035,-0.22592938,0.6140237,0.74745136,-1.0,-0.28753132,-0.7403677,-0.91850805,0.7653466,0.9997563,0.09779481,0.2484417,-0.27740046,-0.652075,-0.71123177,-0.7867448,-0.05546647,0.12819472,-0.63236564,-0.5559654,-7.407268e-05,-0.1891891,-0.8219847,0.7161753,-0.97405285,-0.985419,0.44686723,0.53017867,0.54324514,-0.69416565,0.1815779,0.23762953,0.07992467,0.733548,0.46858007,0.62832445,-0.6358597,0.3418771,-0.8840674,-0.44799936,0.07428254,-0.7368853,-0.35248223,-0.26763847,-0.87010425,-0.9966441,-0.784573,0.9458181,0.24590601,-0.9999838,-0.9288314,-0.09959697,0.73224413,0.7338451,-0.94688845,-0.99392843,-0.98687637,-0.37398773,-0.35673016,0.07737621,0.33297163,-0.6687337,0.13351524,0.061212707,-0.20539497,0.9426729,0.7198962,-0.65436727,0.020561688,0.74267435,-0.5287385,0.30680954,0.70656735,-0.31594718,-0.624822,0.69909006,0.28286174,0.9999684,0.83949393,0.714679,-0.8750084,-0.5746814,-0.3874645,0.0048977695,-0.905237,-0.15650617,-0.71494347,-0.42717505,-0.968266,-0.7045953,0.031997,0.5748913,-0.9998914,-0.76426035,-0.92477787,0.86507124,-0.6039403,-0.068937875,-0.24996579,0.567465,0.97399044,-0.8851529,0.91819745
AATF_K562,-0.7967906,1.0,0.88740486,0.7273847,-0.8804593,0.42633322,0.8396733,0.9991186,0.55524147,0.08811483,0.19258872,0.620642,0.6411518,-0.24791953,-0.19020541,0.03830641,0.94792366,0.35881534,0.26236224,-0.5992638,-0.6740067,-0.325359,0.22654529,-0.99101627,0.9874461,-0.49209017,0.89774823,0.89474994,-0.23295572,-0.87483525,0.2592587,-0.99937415,0.9001299,-0.55742276,-0.8232834,-0.91842765,-0.9193559,-0.7775085,-0.48118687,0.47923604,0.5718873,0.8991159,0.99339885,0.30103198,0.65279,-0.9978961,0.14815645,-0.9942188,0.65768135,0.8075264,0.04470582,0.24135357,-0.70039034,0.057566702,0.34578925,-0.99955654,-0.7292927,0.0893344,0.66264224,0.99767065,0.63907486,0.5483676,-0.47785273,0.93465126,-0.869239,-0.6553163,-0.5731095,-0.95898896,0.3068713,-0.15461767,-0.9756971,0.1928222,-0.52736634,-0.8747466,0.86375207,-0.5430424,-0.18213597,-0.24687473,0.7994421,-0.2861648,-0.46470448,0.017696248,0.84646386,-0.8626892,-0.4268023,-0.8328688,-0.6082624,-0.33904964,-0.13346772,-0.64649403,0.81185985,0.9856089,0.021785997,0.50771844,-0.49939275,-0.6303955,0.8898738,-0.968578,0.57275,0.838549,0.51551515,0.51945674,-0.12881185,-0.9718874,0.97116673,-0.96902245,-0.5883551,-0.9997201,-0.90899915,-0.97076875,-0.010244592,0.20200785,-0.22956088,-0.302356,0.32836384,0.5775541,-0.40433973,0.65179545,-0.95552707,0.5819516,0.9829014,0.76865005,-0.96617967,-0.19414513,0.79678065,-0.34963608,0.9960999,0.49293467,-0.22091122,-0.8099367,0.5234368,-0.7832661,-0.35951096,0.9776862,0.1419368,0.99986476,-0.5591302,-0.70141405,0.035764292,-0.059272382,-0.60419655,-0.44259888,0.31082067,-0.14891957,0.6393606,0.68236125,-0.8966267,-0.93478113,-0.94016993,0.98805696,-0.7388901,-0.77628815,-0.66600555,-0.17380966,0.16045152,-0.030561445,0.04027977,-0.8402503,0.42201227,-0.18326323,-0.6617737,0.17865604,-0.28461885,0.7954638,0.39547312,0.84357905,0.99980086,-0.9498189,-0.7816366,0.80022085,0.516206,-0.52189296,-0.9949688,-0.17423978,0.5601661,0.8584382,0.6887601,0.8583967,-0.28026065,0.54079133,-0.83508337,0.08357571,-0.7052291,-0.6518961,-0.42771542,-0.54946214,-0.15420362,0.97831774,0.5877444,-0.9963973,-0.09158857,0.33065003,-0.9905851,0.8250473,0.9696351,-0.9890914,-0.8049596,-0.79196364,-0.99723464,-0.99209756,0.40467393,-0.03660807,-0.2483257,0.60034573,0.46453214,-0.47210655,0.14717574,-0.20598002,0.6204886,0.1326296,0.5784512,-0.9524878,0.7877995,0.9986446,0.5069306,-0.38615665,0.9628234,0.65774703,-0.3859026,-0.9496933,-0.91298413,0.4241213,-0.97097063
ABCF1_K562,-0.42851952,0.88740486,1.0,0.3291389,-0.9998897,-0.03866661,0.99549055,0.8672722,0.109322965,-0.38100407,-0.281457,0.1893005,0.9227321,0.2265943,-0.62136424,0.49464604,0.69436777,-0.11187827,-0.2120206,-0.9008366,-0.9386624,0.14718352,-0.24796803,-0.8177792,0.80344826,-0.8379962,0.9997368,0.999869,-0.6550339,-0.99964654,-0.21516125,-0.8705427,0.99959725,-0.8773876,-0.9922582,-0.9973801,-0.9972071,-0.40006018,-0.83112055,0.8298818,0.88566136,0.596099,0.8286661,-0.17247027,0.23007047,-0.85565007,-0.32442862,-0.9317725,0.23636687,0.9885097,-0.42085764,-0.2331844,-0.95056665,-0.40914157,0.7394083,-0.873284,-0.9625887,-0.37987205,0.2427792,0.9167842,0.92168677,0.10112614,-0.8290017,0.6655016,-0.54345655,-0.23331927,-0.13080761,-0.7203466,0.7110675,0.31823894,-0.96685237,-0.28122824,-0.8596629,-0.5528674,0.5341967,-0.868995,0.29165196,-0.6658,0.9863659,-0.69565654,-0.82057273,-0.445215,0.50570345,-0.5324155,-0.79564124,-0.99423665,-0.17386983,-0.73455995,-0.5753066,-0.9254007,0.989599,0.9525609,-0.4415487,0.053397533,-0.043772105,-0.9172714,0.579371,-0.7448677,0.8861491,0.4929725,0.062456474,0.8548838,-0.5714589,-0.7539192,0.9717189,-0.74606305,-0.14935057,-0.87625057,-0.9987903,-0.97211045,-0.4700576,0.6307498,0.24496636,-0.7077265,-0.144038,0.8888552,-0.78043944,0.22879322,-0.98388714,0.8913153,0.95711505,0.97698563,-0.9762682,0.279934,0.42850474,-0.74216455,0.9246185,0.036339875,0.2535637,-0.44836256,0.8572945,-0.981666,-0.7492012,0.9644442,-0.3303683,0.8948667,-0.87837315,-0.95101136,-0.42895836,-0.5127791,-0.9035008,-0.80614406,-0.16233383,0.3236986,0.21291246,0.2685393,-0.9997918,-0.99328446,-0.99137366,0.9478402,-0.9663223,-0.9794805,-0.9348912,0.29973498,0.5974038,0.433655,-0.4248723,-0.99559087,-0.043433815,-0.6158122,-0.93286777,-0.2950343,-0.6944969,0.9852594,-0.072465256,0.5010419,0.896428,-0.6986759,-0.98116386,0.43366134,0.06326169,-0.8563607,-0.9291248,0.29931778,0.11521826,0.5253321,0.27699554,0.9982275,-0.6912209,0.8676665,-0.99465895,-0.3852126,-0.9526568,-0.928069,-0.79625267,-0.102428645,0.31863576,0.96363956,0.8945304,-0.9233036,-0.5403297,0.72848207,-0.942159,0.9926402,0.97319704,-0.94562995,-0.98784465,-0.42132595,-0.85069126,-0.9382322,-0.062448837,-0.4931683,-0.66691655,0.90142286,0.003994943,-0.8253323,-0.3253662,-0.633893,0.18910854,-0.3392221,0.8893585,-0.9856494,0.4151583,0.91019577,0.052484717,0.082555786,0.97894233,0.9309242,-0.7677342,-0.98713624,-0.6221046,-0.041108456,-0.7513756
AGGF1_HepG2,-0.9942315,0.7273847,0.3291389,1.0,-0.31507614,0.93084866,0.23807947,0.7555486,0.9746042,0.7476542,0.8134695,0.9895143,-0.060258567,-0.845139,0.53534985,-0.65786266,0.9080677,0.9015297,0.85302925,0.11346725,0.016673345,-0.8855537,0.833174,-0.8126273,0.82664746,0.23945473,0.3507178,0.34437934,0.49790153,-0.30391768,0.85134715,-0.75120366,0.3558041,0.16426718,-0.2093186,-0.3965851,-0.3987439,-0.99709886,0.25155377,-0.25370553,-0.14695445,0.95437324,0.8013015,0.87336457,0.99467534,-0.77034515,0.7864234,-0.6494972,0.99532175,0.18262225,0.7180622,0.84150004,-0.019649714,0.7269651,-0.39237615,-0.7474966,-0.0609565,0.74846673,0.9959382,0.67887926,-0.062956795,0.97272533,0.2552292,0.9238509,-0.9715378,-0.99501395,-0.9792219,-0.89206123,-0.4299066,-0.79044414,-0.5593379,0.81360793,0.19944878,-0.968811,0.974083,0.1812302,-0.8072345,0.48541647,0.16925393,0.44938025,0.2696144,0.6989945,0.98108536,-0.97455704,0.31013918,-0.226008,-0.9871262,0.39896402,0.583008,0.05328796,0.18987738,0.6009153,0.7019139,0.96050954,-0.9577836,0.07416266,0.9603433,-0.8752011,-0.14591382,0.9838237,0.9629949,-0.2085364,0.58681726,-0.8685061,0.54281366,-0.87433213,-0.98284787,-0.74341565,-0.37517276,-0.5414156,0.67874223,-0.5251452,-0.8348828,0.4341819,0.88702625,-0.14010152,0.3335215,0.99453926,-0.49266416,-0.1347556,0.58858997,0.120143846,-0.52582633,-0.8143913,0.99423325,0.38859904,0.6639996,0.9556187,-0.8299633,-0.99162126,-0.20397228,-0.14311586,0.37884647,0.5669971,0.78252506,0.716,0.16223688,-0.021084696,0.7118054,0.64190966,0.10732913,0.2934163,0.8783262,-0.78689986,0.99270815,0.9979836,-0.34833863,-0.43618,-0.45006257,0.61295706,-0.075057946,-0.13207552,0.02744874,-0.8022114,-0.560629,-0.70813954,0.71497196,-0.2391122,0.92909455,0.54130507,0.03310512,0.80514127,0.45082062,0.16275196,0.9179479,0.9821154,0.7135448,-0.90553665,-0.14052543,0.9936042,0.9632119,0.20574464,-0.65497476,-0.8024724,0.9759156,0.9763938,0.9985029,0.27235794,0.45487127,-0.18386368,-0.22991574,0.7446208,-0.026449857,0.04619475,0.30917886,-0.9730282,-0.79018754,0.56948847,-0.12767577,-0.6665663,0.61672556,-0.40712214,-0.6265926,0.21236312,0.5374758,-0.61836606,-0.1783548,-0.99505246,-0.776372,-0.6355362,0.9218842,0.65914184,0.48410657,-0.11212371,0.94558877,0.26153713,0.78581053,0.52168787,0.98948604,0.77664036,-0.13901287,-0.48381543,0.9957041,0.6906818,0.9602548,-0.9138858,0.51497054,-0.03845999,0.3523746,-0.4758778,-0.9440691,0.92995286,-0.87041444
AGGF1_K562,0.41505122,-0.8804593,-0.9998897,-0.31507614,1.0,0.053505324,-0.9967898,-0.85978156,-0.09454572,0.39469594,0.29567945,-0.1746941,-0.92835575,-0.24103703,0.63293433,-0.5075012,-0.6836018,0.12662688,0.2265136,0.90718627,0.9436811,-0.1618596,0.26233098,0.8091399,-0.7945156,0.84600925,-0.99928564,-0.9995183,0.6661853,0.99993116,0.2296437,0.8631372,-0.9990654,0.88441753,0.9939935,0.9961955,0.9959877,0.38640246,0.83928907,-0.8380779,-0.89246094,-0.58410686,-0.8202601,0.18708262,-0.21558946,0.8478678,0.33844358,0.926277,-0.22190762,-0.990646,0.43428597,0.24760328,0.9550743,0.42265025,-0.7493274,0.86595047,0.9665075,0.39357066,-0.22834273,-0.91075057,-0.92734754,-0.08633716,0.8372173,-0.65434086,0.5309276,0.2188494,0.11606672,0.70996404,-0.7214334,-0.33228534,0.9629529,0.29545203,0.86715645,0.5404288,-0.5215806,0.8762492,-0.30582774,0.67680955,-0.9887016,0.7062506,0.8289719,0.45846656,-0.4928326,0.5197829,0.8045516,0.99571943,0.1592228,0.74455816,0.5873926,0.9309282,-0.9916266,-0.947935,0.45482743,-0.03855874,0.02892742,0.923086,-0.5672001,0.7348748,-0.8929349,-0.4799945,-0.04762461,-0.86249614,0.58358544,0.74407744,-0.968104,0.73608977,0.13464661,0.8689964,0.9979497,0.96851957,0.4831167,-0.6422069,-0.25934082,0.7181426,0.1587212,-0.8955632,0.7896406,-0.21430801,0.98112285,-0.8979516,-0.95270604,-0.98004633,0.9729436,-0.2941633,-0.4150361,0.7520382,-0.9188586,-0.021491705,-0.2679045,0.43503577,-0.86484724,0.98438907,0.7589571,-0.96041197,0.34435192,-0.888138,0.88537604,0.9554987,0.44232932,0.52547497,0.9097673,0.81484455,0.17697276,-0.3377172,-0.19837558,-0.2542012,0.9993784,0.9914563,0.9893175,-0.94300085,0.97003824,0.9823661,0.9400604,-0.31387302,-0.6092501,-0.44699192,0.43827215,0.9968744,0.058269333,0.62744766,0.93811554,0.3091945,0.7051077,-0.98769176,0.08727206,-0.48813167,-0.88974595,0.68797165,0.9839251,-0.4202285,-0.048430134,0.8639366,0.9235297,-0.31345782,-0.10045049,-0.51263475,-0.2626921,-0.9990014,0.70187885,-0.8749555,0.99608237,0.39887798,0.9570681,0.9334984,0.805151,0.08764138,-0.33268043,-0.95956415,-0.90107167,0.9174967,0.55276895,-0.7385777,0.9370764,-0.9943295,-0.96967363,0.94069433,0.99004465,0.40780815,0.8427891,0.932989,0.077266805,0.50603575,0.6779112,-0.90775436,0.010859709,0.83362854,0.33937636,0.6453117,-0.1745015,0.35315812,-0.89605194,0.9830332,-0.40159878,-0.903943,-0.03764519,-0.09735017,-0.9758021,-0.93624645,0.7771676,0.98465246,0.61040616,0.05594557,0.74149096
AKAP1_HepG2,-0.88628745,0.42633322,-0.03866661,0.93084866,0.053505324,1.0,-0.133282,0.4639277,0.9890358,0.938614,0.96973926,0.9738653,-0.42083254,-0.98202246,0.80696183,-0.88757086,0.6922331,0.99730474,0.9847325,0.4686659,0.3808745,-0.9940606,0.9776318,-0.543481,0.563863,0.5776705,-0.015729656,-0.02248829,0.7803624,0.06521928,0.9841678,-0.4580639,-0.01029329,0.5133491,0.16246638,-0.03371975,-0.036071148,-0.9003345,0.5878132,-0.58961093,-0.49822977,0.77926123,0.52728295,0.99094695,0.96355015,-0.48408267,0.95774734,-0.32674277,0.9617977,-0.18926677,0.9227214,0.9807218,0.34704348,0.9276087,-0.70134425,-0.4530803,0.30798417,0.93903565,0.9599687,0.36363533,-0.4232833,0.9902194,0.59088266,0.7201057,-0.81779593,-0.9626513,-0.98560846,-0.66524225,-0.7300926,-0.9596069,-0.21776025,0.9697974,0.54372,-0.81126875,0.82407254,0.528052,-0.96708643,0.77131665,-0.20258325,0.7447361,0.6028435,0.91196907,0.84250855,-0.82526344,0.6360799,0.14557101,-0.9773092,0.7064392,0.8395715,0.4144888,-0.18201032,0.2672879,0.9136396,0.9957619,-0.9966019,0.43343246,0.7920523,-0.6379118,-0.49731782,0.8503326,0.99488634,-0.5514868,0.84211326,-0.6273244,0.19839092,-0.6365297,-0.98226994,-0.44761375,-0.010515182,-0.19675976,0.90015113,-0.7997949,-0.9782786,0.7333237,0.9944016,-0.49221474,0.6549408,0.9639004,-0.14061324,-0.4875091,0.25248322,-0.2509224,-0.17865413,-0.97012544,0.8862951,0.6984135,0.34485787,0.997187,-0.9763997,-0.8758467,-0.54758984,0.22842422,0.6908162,0.22679725,0.9559205,0.41139835,0.51158196,0.34569705,0.91923505,0.87770605,0.46320137,0.6224477,0.9922749,-0.957969,0.96810794,0.9521648,0.018268598,-0.07720438,-0.09263464,0.2818579,0.2945066,0.23926155,0.39081788,-0.9648988,-0.8244405,-0.9171731,0.9210047,0.13222797,0.9999886,0.8111152,0.39602053,0.96618015,0.7458115,-0.20903555,0.9994271,0.8454021,0.40819594,-0.68788797,0.23097114,0.883634,0.99480456,0.5491045,-0.3335638,-0.96501356,0.98814225,0.8299481,0.94944215,-0.09806717,0.7488303,-0.5303247,0.14159918,0.9370326,0.34065628,0.4080152,0.6353003,-0.9900359,-0.9594889,0.22974499,-0.48126128,-0.34808275,0.86171675,-0.7127206,-0.29848558,-0.15939242,0.1921708,-0.28843704,0.19352481,-0.88993984,-0.49237925,-0.30946946,0.99971646,0.88835263,0.7703626,-0.467471,0.9990897,0.59613794,0.9574617,0.7973528,0.9739097,0.95311934,-0.491257,-0.13056746,0.8930162,0.37867448,0.99584556,-0.99903333,0.16613163,-0.400935,0.6699749,-0.1215923,-0.758294,0.999997,-0.6303281
AKAP1_K562,-0.34087768,0.8396733,0.99549055,0.23807947,-0.9967898,-0.133282,1.0,0.81613636,0.014537732,-0.46699178,-0.3712134,0.09530133,0.95513433,0.31796578,-0.69288784,0.57485837,0.6229729,-0.20563903,-0.30376855,-0.9379589,-0.9671411,0.24034716,-0.33874783,-0.759496,0.7433473,-0.8859805,0.993052,0.9938248,-0.7237567,-0.99766064,-0.3068299,-0.81993693,0.9923976,-0.9189435,-0.9995646,-0.9860203,-0.98562557,-0.31131727,-0.8801239,0.8790659,0.9257144,0.5172464,0.77183163,-0.26513156,0.13671702,-0.8026958,-0.41269532,-0.8931322,0.14312828,0.998391,-0.50501066,-0.3243785,-0.9757363,-0.493854,0.79993963,-0.82312876,-0.98395205,-0.46590865,0.14966178,0.87476426,0.95433027,0.006295834,-0.87831384,0.5916967,-0.4613765,-0.14002457,-0.036172114,-0.6513014,0.7745598,0.4067326,-0.93827105,-0.37099245,-0.9042469,-0.47132954,0.45159617,-0.9120153,0.38107312,-0.733576,0.9975289,-0.760665,-0.8710893,-0.5281478,0.42158577,-0.44971642,-0.8495169,-0.999923,-0.07966982,-0.7956148,-0.6503023,-0.9571789,0.9987825,0.91939473,-0.52466995,-0.041568622,0.05119518,-0.9509143,0.49944076,-0.6782167,0.92611164,0.4082165,-0.032500546,0.90024436,-0.6467279,-0.6881993,0.9449365,-0.67953336,-0.0548802,-0.82659006,-0.9896219,-0.9454798,-0.55166554,0.7015161,0.3358319,-0.7715528,-0.23725986,0.92831105,-0.83623,0.13541709,-0.9624902,0.9303043,0.92531705,0.9928142,-0.9513223,0.3697397,0.34086195,-0.80239505,0.88431704,-0.058621917,0.34418103,-0.36154953,0.90226537,-0.99532056,-0.80865294,0.9350246,-0.41841298,0.8484918,-0.91975313,-0.97604954,-0.5127142,-0.5919064,-0.9400825,-0.85863966,-0.25520402,0.41199252,0.1192668,0.17595203,-0.99334764,-0.9778301,-0.97447014,0.9133295,-0.9863757,-0.9941817,-0.96434474,0.38888255,0.6707825,0.5171764,-0.50882936,-0.99999946,-0.13800937,-0.6877753,-0.9628317,-0.38434175,-0.759617,0.99704397,-0.16674954,0.41668788,0.8503445,-0.6276584,-0.9950643,0.3462289,-0.031694513,-0.90148294,-0.8898586,0.38847968,0.020469861,0.44224647,0.18459754,0.9993715,-0.7566543,0.91091347,-0.9999648,-0.47101557,-0.9772031,-0.9592108,-0.8500493,-0.0076049906,0.40711516,0.9339468,0.9329,-0.88270676,-0.6177136,0.7901827,-0.90611625,0.9996517,0.9469931,-0.91051275,-0.99813557,-0.333396,-0.7969901,-0.9011788,-0.15684253,-0.5734667,-0.7345929,0.9384268,-0.09088325,-0.8751733,-0.4135983,-0.7044019,0.095106594,-0.42692864,0.92871934,-0.96519166,0.32698652,0.86680204,-0.04248203,0.17672062,0.95516336,0.9613706,-0.8250559,-0.96751845,-0.54502976,-0.1357037,-0.6853912
AKAP8L_K562,-0.8214527,0.9991186,0.8672722,0.7555486,-0.85978156,0.4639277,0.81613636,1.0,0.58966297,0.12984987,0.23360914,0.6530083,0.60837376,-0.2883663,-0.14882809,-0.0036722778,0.9604575,0.3976797,0.30263674,-0.5651315,-0.6424039,-0.36476427,0.26723,-0.99575675,0.99320614,-0.4551145,0.8784661,0.8752161,-0.1919293,-0.8537302,0.2995711,-0.9999782,0.8810509,-0.522082,-0.79873097,-0.9010129,-0.902031,-0.80322057,-0.44396567,0.44197193,0.5369492,0.9166968,0.9973384,0.34079564,0.68401325,-0.99973804,0.18953836,-0.98883545,0.68872184,0.78205574,0.08660042,0.28187612,-0.6698122,0.09942245,0.30609772,-0.9999255,-0.6999299,0.13106392,0.6934957,0.99392796,0.6062262,0.58298624,-0.440558,0.94875264,-0.88922554,-0.6864455,-0.6070026,-0.97004145,0.26664993,-0.19595258,-0.96563923,0.2338405,-0.49123734,-0.8943162,0.8841431,-0.50731635,-0.2232493,-0.20598054,0.7735207,-0.24569227,-0.4271264,0.059650287,0.86806774,-0.8831574,-0.38846517,-0.8089023,-0.64104396,-0.29926127,-0.09174966,-0.61389995,0.78663653,0.97764444,0.0637328,0.54343444,-0.5353194,-0.5972552,0.9082391,-0.9781642,0.5378362,0.8606796,0.5510293,0.48313078,-0.08707228,-0.98091394,0.9603036,-0.9785353,-0.62177825,-0.99983203,-0.8907025,-0.9598381,0.031738207,0.16071944,-0.2702135,-0.26207802,0.367723,0.54277766,-0.3655918,0.6830554,-0.94230604,0.547303,0.9743059,0.7411218,-0.9545037,-0.23515153,0.8214431,-0.3100015,0.9915182,0.5290222,-0.26165587,-0.83384246,0.48720944,-0.7564799,-0.32002473,0.96800655,0.18336293,0.9982931,-0.5238357,-0.6708773,0.07768189,-0.017317848,-0.5702159,-0.4045679,0.35044354,-0.19029622,0.6710728,0.7124451,-0.8772501,-0.9190464,-0.9250398,0.9807181,-0.70995444,-0.74914324,-0.6341069,-0.21499331,0.118878216,-0.07249111,0.082186416,-0.81675047,0.4596953,-0.1418364,-0.62972087,0.21979922,-0.24412824,0.7693253,0.43367854,0.86537695,0.9980819,-0.96211195,-0.75476587,0.8246888,0.55170196,-0.48562723,-0.98988646,-0.21542032,0.5944446,0.87921184,0.718585,0.836107,-0.23971991,0.5050061,-0.8112554,0.12533094,-0.6748474,-0.6194907,-0.38939604,-0.5840494,-0.19554184,0.9687618,0.5532657,-0.9919592,-0.04970854,0.29074344,-0.9839656,0.80060107,0.95851505,-0.9820364,-0.77934456,-0.81689477,-0.99947524,-0.98595655,0.44270265,0.005372034,-0.20744593,0.5662467,0.5012948,-0.4346867,0.1885649,-0.16472262,0.65285987,0.17411773,0.5437007,-0.93886346,0.81295943,0.99557966,0.54266644,-0.4245359,0.95063573,0.6255492,-0.34683824,-0.9357101,-0.92930543,0.461761,-0.98015547
APOBEC3C_K562,-0.94496393,0.55524147,0.109322965,0.9746042,-0.09454572,0.9890358,0.014537732,0.58966297,1.0,0.87737924,0.92305285,0.9967287,-0.28225583,-0.9433795,0.71089625,-0.8098094,0.7912173,0.975535,0.9482291,0.33307406,0.24015339,-0.96709025,0.9358531,-0.6614846,0.67964154,0.4507934,0.13210048,0.12539686,0.6794606,-0.082857326,0.9472032,-0.5843135,0.13748781,0.38098815,0.01497113,-0.180942,-0.1832555,-0.9547314,0.46189895,-0.46387038,-0.36472574,0.86326563,0.64698046,0.9602559,0.99249303,-0.607995,0.9047732,-0.4627309,0.9916803,-0.042184696,0.8556802,0.9411117,0.20474067,0.8622734,-0.58838785,-0.5797614,0.16410972,0.877966,0.9908085,0.4972146,-0.28484833,0.999966,0.46526545,0.8146774,-0.89381814,-0.992079,-0.9997658,-0.7682074,-0.6211737,-0.9075378,-0.3595046,0.9231444,0.413819,-0.888716,0.8986934,0.39685413,-0.91890734,0.66887116,-0.055748202,0.6380177,0.47840926,0.84138465,0.9128216,-0.8996148,0.5151557,-0.002127928,-0.9978742,0.59417254,0.7501414,0.2755511,-0.034805465,0.4066604,0.8435883,0.9984257,-0.99783885,0.29559705,0.87351716,-0.7446441,-0.3637461,0.9187232,0.9988936,-0.42225167,0.7532387,-0.73545,0.3409563,-0.74344605,-0.99918526,-0.57476175,-0.1580678,-0.33939156,0.82595736,-0.7023798,-0.93694,0.62488145,0.9678943,-0.35826984,0.5361641,0.99265265,-0.28528035,-0.35322544,0.39260638,-0.10521973,-0.32199544,-0.92366207,0.94496936,0.58506507,0.4796935,0.99732256,-0.9338005,-0.9375106,-0.4180189,0.0821481,0.57646775,0.3681384,0.90207815,0.54148775,0.37908465,0.2033356,0.851015,0.7973165,0.3272445,0.5000428,0.963075,-0.90510154,0.99449116,0.98685265,-0.129583,-0.22359307,-0.23865981,0.42045614,0.15015115,0.09325152,0.25060192,-0.9155366,-0.7318242,-0.8482699,0.85337925,-0.015601045,0.98831993,0.7158483,0.25607628,0.91750586,0.6392589,-0.062330153,0.9834709,0.9150112,0.5385329,-0.78753144,0.08475585,0.9430843,0.9989312,0.41966328,-0.46912462,-0.91571236,0.9999824,0.90322804,0.98539394,0.049972173,0.64274603,-0.3993112,-0.00614131,0.8751841,0.19807813,0.26871717,0.5142897,-0.999976,-0.9073618,0.37095177,-0.34653524,-0.48270726,0.7773397,-0.6013192,-0.43615705,-0.011856743,0.33498693,-0.42667422,0.046518773,-0.947534,-0.61551493,-0.44650283,0.98523915,0.8108054,0.6677571,-0.33179867,0.9944351,0.4710354,0.90435046,0.699486,0.9967445,0.89798325,-0.35724285,-0.27554774,0.9496828,0.5112011,0.99837404,-0.98158795,0.30993393,-0.2612522,0.55299693,-0.26683933,-0.8462518,0.98867196,-0.7380621
AQR_HepG2,-0.67211425,0.08811483,-0.38100407,0.7476542,0.39469594,0.938614,-0.46699178,0.12984987,0.87737924,1.0,0.9944326,0.835732,-0.70793414,-0.98685783,0.9611657,-0.9920038,0.40078458,0.9613949,0.98433405,0.7446337,0.6764618,-0.9705815,0.9901741,-0.22054452,0.24435052,0.82379764,-0.3596906,-0.3659898,0.9481778,0.4054504,0.98489577,-0.123295404,-0.35461217,0.7778822,0.4928791,0.3131231,0.31088775,-0.6949366,0.83080864,-0.83204436,-0.76674944,0.5152335,0.2017984,0.9764302,0.81211287,-0.15251125,0.998172,0.019349517,0.8083177,-0.5163824,0.99905366,0.9879294,0.64926887,0.9995309,-0.9041934,-0.11773803,0.617279,0.9999992,0.80441165,0.019960107,-0.70984083,0.881304,0.8329172,0.43653947,-0.56906205,-0.8101596,-0.8667909,-0.3668423,-0.9210092,-0.9977556,0.13229793,0.99440753,0.79986435,-0.55977386,0.5780664,0.788589,-0.99549764,0.9435248,-0.5279638,0.929238,0.8410743,0.99751365,0.6049613,-0.5797833,0.86321974,0.47792944,-0.8442457,0.9072339,0.97543776,0.70298576,-0.5100445,-0.08153769,0.99779356,0.9029096,-0.90700984,0.7177074,0.5328436,-0.33308882,-0.7660739,0.6165956,0.89897203,-0.8054011,0.97646147,-0.32016787,-0.15189977,-0.33139732,-0.8573004,-0.111655734,0.33508036,0.15354408,0.99515533,-0.9577745,-0.9897362,0.9228454,0.9698111,-0.7622862,0.87542295,0.81287783,0.20956014,-0.7587817,-0.09680838,-0.56945175,0.17173195,-0.9942642,0.67212653,0.9024332,-0.00011865696,0.9101169,-0.9909659,-0.65560347,-0.80262756,0.550251,0.897833,-0.12310494,0.9985322,0.07172008,0.7765874,0.6481766,0.99862444,0.9891362,0.74049723,0.85423225,0.9741595,-0.998125,0.8222534,0.78829795,0.36205873,0.27147436,0.25653777,-0.06642708,0.60609764,0.55952376,0.68436027,-0.99626404,-0.9690662,-0.998338,0.9988512,0.4660511,0.9402493,0.96309185,0.6884755,0.9958268,0.92983276,-0.5335519,0.94975203,0.6092479,0.06821798,-0.39527676,0.5524342,0.6678841,0.8986185,0.80370647,0.012124317,-0.9962262,0.87451714,0.58656317,0.7828594,-0.4353536,0.931495,-0.7902332,0.4744003,0.9999896,0.6440806,0.69791704,0.8627094,-0.8806846,-0.99778354,-0.12009973,-0.7541107,-0.003319182,0.9838533,-0.9109475,0.04908063,-0.49016666,-0.15816554,0.05957645,0.5200928,-0.67797714,-0.16189948,0.03756195,0.9465619,0.9922169,0.94302756,-0.74373055,0.9230439,0.83651304,0.9982314,0.95660007,0.8358394,0.998997,-0.761574,0.21946353,0.68295294,0.036149804,0.90330213,-0.9528714,-0.1842419,-0.6923518,0.88494736,0.22828124,-0.48685554,0.9394543,-0.3238252
AQR_K562,-0.7463963,0.19258872,-0.281457,0.8134695,0.29567945,0.96973926,-0.3712134,0.23360914,0.92305285,0.9944326,1.0,0.8889441,-0.62956935,-0.99839115,0.92673427,-0.9731819,0.49509433,0.9850385,0.9974328,0.67015356,0.59509,-0.9905492,0.999397,-0.3220961,0.34517026,0.7594763,-0.25936627,-0.26588884,0.9094174,0.30686876,0.99765784,-0.22717907,-0.25411195,0.70733327,0.3984492,0.21130463,0.20900446,-0.7668391,0.76753634,-0.76895994,-0.694836,0.60267603,0.30388138,0.99373734,0.86907744,-0.25580356,0.9989834,-0.08611269,0.86585623,-0.42326933,0.98890835,0.99875224,0.56551087,0.990739,-0.8541516,-0.22172384,0.53093976,0.9945609,0.8625331,0.12520231,-0.63166726,0.92619205,0.76996624,0.5289128,-0.6525424,-0.86742055,-0.91451234,-0.4628277,-0.874834,-0.9992567,0.02711341,1.0,0.73216766,-0.6439754,0.6608324,0.7194019,-0.9999434,0.90336114,-0.43553346,0.88513076,0.7793928,0.984534,0.685498,-0.6624112,0.805218,0.3827081,-0.8960214,0.8578598,0.9467959,0.6241294,-0.41656736,0.023939718,0.9852424,0.9431758,-0.9463342,0.6403348,0.6190463,-0.43059117,-0.6940793,0.6961218,0.94012165,-0.7384586,0.9482968,-0.41821265,-0.046902534,-0.42897207,-0.90677583,-0.21574952,0.23393235,0.04856471,0.9792551,-0.922145,-0.9992846,0.87712055,0.9901081,-0.6898398,0.8196158,0.86972576,0.10535899,-0.6859222,0.008609979,-0.47966152,0.066967234,-0.99999875,0.74640745,0.8520107,0.10525633,0.94871193,-0.999581,-0.73152214,-0.73530537,0.45920017,0.84643435,-0.017846752,0.99868023,0.17642376,0.7058771,0.5643265,0.9875396,0.9681392,0.6655569,0.79469323,0.99253595,-0.99901783,0.8776464,0.8487453,0.26181787,0.16854602,0.15326172,0.039084326,0.5189097,0.4690731,0.6037172,-0.99981755,-0.9376646,-0.98670703,0.98824066,0.37022576,0.97089314,0.9293661,0.60821885,0.99989945,0.88588023,-0.4414592,0.9774469,0.6894157,0.17296703,-0.4898688,0.46152326,0.74259216,0.9398465,0.73653156,-0.09330965,-0.9998258,0.9207543,0.6686405,0.84406465,-0.3380656,0.88797873,-0.72125965,0.37899727,0.9939422,0.5598879,0.6185647,0.80461866,-0.9256976,-0.99924046,-0.014819481,-0.68070805,-0.10867445,0.95951617,-0.8624066,-0.056439836,-0.39559087,-0.053237043,-0.04594227,0.42719612,-0.7516614,-0.26498213,-0.067946896,0.97527754,0.97357154,0.9027178,-0.66914934,0.9584419,0.77411634,0.99893814,0.9205678,0.8890337,0.99815357,-0.6890432,0.115436435,0.7561226,0.141254,0.9434792,-0.97953427,-0.07964575,-0.6124633,0.8309487,0.12441861,-0.5761877,0.97033304,-0.42171878
BCCIP_HepG2,-0.9683149,0.620642,0.1893005,0.9895143,-0.1746941,0.9738653,0.09530133,0.6530083,0.9967287,0.835732,0.8889441,1.0,-0.20379908,-0.91348433,0.6517304,-0.75974387,0.83805305,0.95457596,0.9194599,0.25577953,0.16091329,-0.9433634,0.9043116,-0.7199321,0.7367031,0.37717676,0.21177976,0.20516843,0.6179395,-0.16312806,0.91819113,-0.64798963,0.21709011,0.30501756,-0.06588849,-0.25983575,-0.26210704,-0.9756496,0.38870636,-0.3907544,-0.28827983,0.9012354,0.7064896,0.9345562,0.99913067,-0.67017204,0.86739284,-0.5328637,0.9988398,0.03870094,0.8110565,0.9107083,0.12496328,0.8185221,-0.5211141,-0.64371556,0.08384893,0.8364037,0.99849993,0.5657095,-0.20644498,0.9960287,0.3922042,0.85888094,-0.9271362,-0.9989859,-0.9982443,-0.81743515,-0.5558055,-0.87062705,-0.43374506,0.8890531,0.33889034,-0.9228613,0.9311992,0.321373,-0.88402003,0.6066035,0.02512818,0.5736977,0.4058735,0.79495436,0.94283897,-0.9319646,0.44420007,-0.08294048,-0.9998769,0.5272225,0.69424325,0.19695882,0.046079125,0.47916523,0.79742926,0.9906265,-0.9892642,0.21742164,0.9100023,-0.7961523,-0.2872728,0.9476337,0.9918252,-0.34760872,0.69761544,-0.787806,0.41581786,-0.7950659,-0.99917847,-0.6390181,-0.23735425,-0.414304,0.7776947,-0.6425546,-0.9056294,0.55973977,0.9444135,-0.28164324,0.46618915,0.9991845,-0.36180818,-0.27646002,0.46565247,-0.024504581,-0.39745745,-0.8896697,0.968319,0.51760757,0.5490384,0.9881498,-0.90182894,-0.9625655,-0.3432314,0.0013328351,0.5085426,0.44207793,0.8642477,0.6076622,0.30305707,0.12353913,0.8057893,0.7459286,0.24980426,0.42841715,0.9381651,-0.86777663,0.9997095,0.9966867,-0.20929737,-0.30163518,-0.31636348,0.49240947,0.06975651,0.012478937,0.17154135,-0.8800331,-0.67435205,-0.8026957,0.8084571,-0.09635987,0.97277045,0.65707374,0.17711367,0.88236064,0.5750181,0.018536298,0.96562004,0.9446229,0.60487026,-0.8347624,0.0039497074,0.96687615,0.9919278,0.34493205,-0.53896457,-0.8802406,0.9971907,0.93495804,0.9959333,0.13052742,0.5787291,-0.3239082,-0.086939394,0.83322144,0.1182118,0.18999103,0.44329503,-0.9961445,-0.870421,0.44479167,-0.26958978,-0.55190855,0.72395444,-0.53477657,-0.50745744,0.068995945,0.4100416,-0.49837214,-0.034365606,-0.97026885,-0.6771976,-0.5173582,0.96818113,0.760848,0.6054122,-0.2544721,0.98266757,0.3982023,0.866899,0.6394403,1.0,0.85948265,-0.28058767,-0.3523372,0.9718899,0.5789902,0.9905012,-0.96293944,0.38576004,-0.1823847,0.48385036,-0.34385568,-0.8865428,0.9733073,-0.79017943
BCLAF1_HepG2,-0.04714962,0.6411518,0.9227321,-0.060258567,-0.92835575,-0.42083254,0.95513433,0.60837376,-0.28225583,-0.70793414,-0.62956935,-0.20379908,1.0,0.58450204,-0.875355,0.7914112,0.36334372,-0.4862557,-0.5723171,-0.99857366,-0.99904877,0.51705503,-0.6022119,-0.532757,0.51188475,-0.9835724,0.91364557,0.9163728,-0.89566046,-0.93265337,-0.57495046,-0.6136046,0.9114221,-0.99452186,-0.96345735,-0.89243215,-0.89136803,-0.015895218,-0.98124284,0.98081166,0.9962011,0.2405647,0.5488883,-0.5388098,-0.16280857,-0.59004855,-0.6639541,-0.7198445,-0.15641661,0.97039205,-0.73798364,-0.5899829,-0.996806,-0.72923255,0.94177735,-0.61801547,-0.9926534,-0.7070689,-0.14988987,0.69200736,0.99999636,-0.2901536,-0.9805033,0.3263868,-0.17791069,0.15951255,0.26142967,-0.39733887,0.92713815,0.6590519,-0.79372853,-0.6293841,-0.99014604,-0.1889712,0.1670832,-0.9925743,0.6378008,-0.9019449,0.97358245,-0.91879624,-0.9774651,-0.755948,0.1341048,-0.16500674,-0.96765214,-0.95873636,0.21913578,-0.93934125,-0.84612125,-0.9999756,0.96858186,0.7616501,-0.75326383,-0.33562034,0.3446825,-0.9999029,0.22044443,-0.4301418,0.9962921,0.11952984,-0.32705876,0.9888035,-0.84360886,-0.4424428,0.8056178,-0.4317601,0.24330828,-0.6228172,-0.90266305,-0.8066024,-0.7739422,0.8811107,0.5997364,-0.92535144,-0.51433104,0.99678016,-0.96112686,-0.16410317,-0.83895093,0.9971984,0.7714949,0.9837128,-0.8173607,0.62833565,0.047133155,-0.94314903,0.7063625,-0.3516553,0.6068168,-0.06919065,0.9894888,-0.9792835,-0.9466065,0.7880564,-0.66864157,0.6536866,-0.9947349,-0.9966904,-0.74399287,-0.80406755,-0.9988843,-0.9719284,-0.5301196,0.66337687,-0.180143,-0.12349421,-0.914675,-0.8719406,-0.8642541,0.7517444,-0.99084425,-0.9814797,-0.9994607,0.6442953,0.8603452,0.74746096,-0.74096584,-0.9548189,-0.42515633,-0.87191665,-0.9996305,-0.6405222,-0.91815835,0.97506684,-0.4512941,0.12875721,0.6563395,-0.36893082,-0.97981006,0.05284042,-0.32629666,-0.98922527,-0.7148098,0.64396083,-0.27655932,0.1567694,-0.11476729,0.94403553,-0.91634876,0.9922449,-0.95758766,-0.71114457,-0.9962397,-0.9999008,-0.9679064,0.28890038,0.659367,0.786189,0.9977072,-0.70392483,-0.8229109,0.93624645,-0.7401732,0.96261835,0.8093591,-0.74720025,-0.9714308,-0.039210204,-0.58234656,-0.7323716,-0.44231266,-0.79037106,-0.9025906,0.99864495,-0.38175297,-0.97919935,-0.66469526,-0.88302225,-0.20399049,-0.67559874,0.9968677,-0.8444257,0.03242402,0.6802252,-0.33648127,0.46030343,0.82461894,0.9997618,-0.955392,-0.84923744,-0.27226025,-0.42304814,-0.4389751
BUD13_HepG2,0.7829308,-0.24791953,0.2265943,-0.845139,-0.24103703,-0.98202246,0.31796578,-0.2883663,-0.9433795,-0.98685783,-0.99839115,-0.91348433,0.58450204,1.0,-0.90393937,0.9585727,-0.54356265,-0.99322546,-0.9998884,-0.62698996,-0.54856354,0.99673265,-0.99975795,0.37525812,-0.39783195,-0.72136784,0.20418751,0.21080048,-0.8843728,-0.2524089,-0.9999313,0.282033,0.19886222,-0.66611385,-0.3458017,-0.15554309,-0.15321846,0.801999,-0.72995514,0.7314735,0.6529399,-0.6469538,-0.35741317,-0.9984745,-0.89572835,0.31020752,-0.99482,0.14246543,-0.8928308,0.37121624,-0.97889555,-0.99997705,-0.51783675,-0.981446,0.82329106,0.2766577,-0.48203585,-0.98705494,-0.88983667,-0.18125685,0.5866932,-0.9460815,-0.73254675,-0.57618344,0.69445866,0.89423853,0.93598026,0.5123465,0.8459588,0.9954632,0.029611388,-0.9984046,-0.6923686,0.6863189,-0.70232606,-0.6788596,0.99773127,-0.87758934,0.38379127,-0.8573209,-0.74261296,-0.9730162,-0.7256784,0.70382327,-0.77029943,-0.32970724,0.9197562,-0.8273413,-0.92702395,-0.5788229,0.3643492,-0.08058686,-0.97395194,-0.9605001,0.9631372,-0.59575206,-0.6625814,0.48107463,0.65214294,-0.7357095,-0.95793533,0.6990364,-0.9287748,0.46904507,-0.009812186,0.47950175,0.9292233,0.27076894,-0.1784274,0.008148536,-0.96619004,0.89872646,0.9998213,-0.84847707,-0.9964708,0.64767987,-0.7858118,-0.89631087,-0.048803173,0.6435579,-0.06529592,0.42913634,-0.010284763,0.99847984,-0.7829412,-0.8209551,-0.16147368,-0.96511143,0.99961406,0.76900566,0.6956934,-0.4080911,-0.81487924,-0.03887483,-0.99416137,-0.23195218,-0.66457766,-0.51660836,-0.9770276,-0.9523827,-0.62216675,-0.75899595,-0.99785405,0.99489814,-0.90341204,-0.8773639,-0.20667265,-0.11238414,-0.09698303,-0.09568002,-0.4696044,-0.41824147,-0.5575433,0.99712586,0.9164498,0.975905,-0.9779806,-0.31695732,-0.982912,-0.9069388,-0.562232,-0.9974868,-0.85815006,0.38987118,-0.98784876,-0.7293795,-0.22853602,0.53851324,-0.41047874,-0.7793732,-0.95770365,-0.69699323,0.14961416,0.99715894,-0.9413948,-0.7097275,-0.8731126,0.28415826,-0.86047375,0.68082404,-0.32591558,-0.9861114,-0.51200575,-0.5730168,-0.769655,0.94565666,0.99542326,-0.041899797,0.63807577,0.16486569,-0.9420022,0.83231574,0.11296055,0.34287766,-0.0034701,0.10251038,-0.37524116,0.78784984,0.31923097,0.12440856,-0.98623866,-0.9590555,-0.87687045,0.625936,-0.9730763,-0.7369761,-0.99471873,-0.89693993,-0.91356397,-0.99310356,0.6468418,-0.058927875,-0.7920136,-0.19716035,-0.96075416,0.9893712,0.02299584,0.5666553,-0.7980658,-0.06795701,0.6216041,-0.9824809,0.47245345
BUD13_K562,-0.44167036,-0.19020541,-0.62136424,0.53534985,0.63293433,0.80696183,-0.69288784,-0.14882809,0.71089625,0.9611657,0.92673427,0.6517304,-0.875355,-0.90393937,1.0,-0.98830986,0.1323827,0.84812,0.89745057,0.8999202,0.85343903,-0.86644316,0.91312945,0.05719681,-0.032744914,0.94825006,-0.6032238,-0.60860145,0.99904335,0.64197564,0.89886403,0.15535894,-0.5988788,0.9210972,0.71386105,0.5630572,0.5611112,-0.46950588,0.95213914,-0.9528166,-0.9141324,0.25870323,-0.07633256,0.87894726,0.61954534,0.12615493,0.9427296,0.29451835,0.6144498,-0.73265976,0.97225946,0.90681446,0.83394784,0.96916676,-0.9869537,0.16088669,0.8104267,0.9608271,0.60922563,-0.25673184,-0.8766588,0.71666884,0.9532936,0.17129906,-0.32003266,-0.6169204,-0.6955104,-0.095864244,-0.99274474,-0.9405291,0.40070626,0.9266448,0.9344352,-0.3093527,0.33042747,0.9276655,-0.9306798,0.99831367,-0.7418344,0.99511826,0.95769036,0.97822464,0.3617241,-0.332414,0.96901566,0.70178264,-0.6635512,0.9880832,0.9983471,0.8719581,-0.72761387,-0.35342413,0.9773675,0.7492246,-0.7555724,0.8820073,0.27861983,-0.059940908,-0.9137055,0.37538344,0.74318373,-0.93770075,0.9980662,-0.04628939,-0.41877022,-0.058150772,-0.681933,0.16692647,0.58208555,0.4202807,0.9836414,-0.9999276,-0.91186243,0.9933036,0.8648513,-0.91130334,0.97481966,0.6205748,0.4712662,-0.9090678,-0.36772445,-0.77419335,0.43693486,-0.926137,0.44168538,0.9862848,-0.27608582,0.76042384,-0.9154708,-0.42175576,-0.9360699,0.75931865,0.9844867,-0.3921969,0.9448077,-0.20632623,0.9202941,0.833155,0.9743137,0.9912922,0.89721006,0.96453416,0.8739974,-0.9424719,0.63326025,0.5878812,0.6052471,0.5265398,0.51331145,-0.33920968,0.8020656,0.76652455,0.8590068,-0.933742,-0.9995433,-0.97547275,0.97328615,0.6921206,0.8097707,0.999975,0.8618903,0.9319683,0.99527615,-0.7462397,0.82648903,0.36674812,-0.20976013,-0.12642914,0.76101893,0.43655106,0.74264395,0.9367055,0.28760502,-0.9335854,0.70671105,0.34027386,0.5807483,-0.66689324,0.995707,-0.92866236,0.69891787,0.9624131,0.830175,0.8684591,0.9687657,-0.71575516,-0.9406713,-0.38941,-0.9060691,0.27278,0.9950386,-0.98941606,0.32281396,-0.71167654,-0.42452136,0.33274457,0.73560566,-0.44878617,0.11671874,0.31188044,0.8207958,0.9880493,0.9982256,-0.8993298,0.78103334,0.95524555,0.94305986,0.9998705,0.6518788,0.9478444,-0.91085005,0.4801847,0.45484388,-0.24104546,0.74982977,-0.8321445,-0.44833443,-0.86459506,0.9790987,0.48810104,-0.2268923,0.80840284,-0.05014811
CDC40_HepG2,0.5732896,0.03830641,0.49464604,-0.65786266,-0.5075012,-0.88757086,0.57485837,-0.0036722778,-0.8098094,-0.9920038,-0.9731819,-0.75974387,0.7914112,0.9585727,-0.98830986,1.0,-0.28195176,-0.9189785,-0.954211,-0.82291985,-0.764002,0.9324331,-0.96460754,0.0956807,-0.12001458,-0.8887556,0.47457537,0.48051485,-0.98069733,-0.51757705,-0.9551677,-0.0029354491,0.46978283,-0.8509725,-0.5987512,-0.43048054,-0.4283558,0.59862727,-0.89440733,0.8953998,0.8416371,-0.40294728,-0.07657367,-0.9413826,-0.73197675,0.02656024,-0.98256266,-0.1453791,-0.72754985,0.62033236,-0.99655443,-0.96047956,-0.7400658,-0.9954037,0.9508696,-0.008533537,-0.7116364,-0.9918485,-0.72300285,0.10638192,0.7930607,-0.81461746,-0.89610016,-0.31950155,0.46073163,0.7296972,0.79692364,0.24649988,0.9628078,0.98132634,-0.25633848,-0.9731271,-0.869216,0.4507163,-0.4704599,-0.85989106,0.9755747,-0.9777931,0.6309262,-0.96843916,-0.9026172,-0.9984317,-0.49963027,0.47231677,-0.92003053,-0.5849686,0.76985306,-0.9530658,-0.99543846,-0.7871241,0.6145235,0.20667326,-0.99819434,-0.84144175,0.84660983,-0.79985267,-0.42178407,0.21142453,0.8410686,-0.5123042,-0.8365038,0.8737681,-0.99587554,0.1980433,0.27542865,0.20967145,0.7854714,-0.014655706,-0.45131275,-0.27702764,-0.999606,0.9864033,0.96378624,-0.9640777,-0.9312795,0.8378776,-0.9294265,-0.73287004,-0.33129,0.83491904,0.22164929,0.6686444,-0.29469168,0.9728157,-0.5733033,-0.94959134,0.12632576,-0.850545,0.9661157,0.5550609,0.8714901,-0.65123457,-0.94622767,0.2473684,-0.9837121,0.054736435,-0.8498899,-0.73909974,-0.99725676,-0.9997797,-0.81939524,-0.913016,-0.9378645,0.9824189,-0.7438509,-0.7043397,-0.476809,-0.39077187,-0.37647057,0.19182497,-0.7016358,-0.6596526,-0.77091175,0.97739846,0.9924656,0.99762857,-0.99691206,-0.5739879,-0.8897588,-0.98936254,-0.77450377,-0.9763457,-0.9688399,0.63602775,-0.9026542,-0.504296,0.058241304,0.27618626,-0.6532182,-0.5686115,-0.8360617,-0.87237686,-0.1382259,0.97730595,-0.8063142,-0.47965652,-0.69807315,0.54549223,-0.9699552,0.8612554,-0.5817089,-0.99256855,-0.73547405,-0.78272367,-0.91963434,0.8138575,0.9814068,0.24443392,0.8309675,-0.12291447,-0.9985745,0.9557269,-0.174744,0.59625375,0.28152,-0.18508382,-0.62372947,0.57978266,0.036062125,-0.16338046,-0.8982882,-0.99999857,-0.97747815,0.8221509,-0.8671117,-0.8989793,-0.9827466,-0.9857284,-0.7598711,-0.9853576,0.83727694,-0.3408397,-0.5853018,0.090264335,-0.84193546,0.9069638,0.30681592,0.7778823,-0.93664503,-0.3493313,0.37272224,-0.8886941,0.20182851
CPEB4_K562,-0.94775057,0.94792366,0.69436777,0.9080677,-0.6836018,0.6922331,0.6229729,0.9604575,0.7912173,0.40078458,0.49509433,0.83805305,0.36334372,-0.54356265,0.1323827,-0.28195176,1.0,0.6374176,0.55603975,-0.31308308,-0.4036249,-0.60958356,0.52496403,-0.98200417,0.9863323,-0.18919794,0.7106959,0.70592433,0.08891034,-0.6749905,0.5533649,-0.95859677,0.7145102,-0.26396883,-0.5996213,-0.74460536,-0.74617374,-0.93731284,-0.17692773,0.17473857,0.28083226,0.991703,0.9782016,0.58907896,0.86006916,-0.96657884,0.45542315,-0.90824574,0.86335474,0.5776135,0.36055657,0.53786665,-0.43658593,0.3725381,0.028931709,-0.9569876,-0.47339764,0.40190616,0.86666834,0.9239894,0.36082357,0.78615016,-0.17318697,0.9992249,-0.9814349,-0.8617683,-0.80426574,-0.9993244,-0.0122397905,-0.46123338,-0.8550962,0.49530104,-0.22929588,-0.98353076,0.9792673,-0.24731894,-0.48582137,0.074620456,0.56647503,0.033915225,-0.15848571,0.3352219,0.97196585,-0.97883856,-0.11654437,-0.6132173,-0.82938904,-0.02176112,0.18913054,-0.3698394,0.5836258,0.8804427,0.33907318,0.755671,-0.7493244,-0.35032576,0.9888331,-0.9973516,0.2818415,0.96840626,0.7615833,0.22025071,0.19373988,-0.9962641,0.844662,-0.99721956,-0.81525344,-0.95519334,-0.7289129,-0.84376997,0.3087695,-0.12044334,-0.52759784,0.016979843,0.612101,0.28747097,-0.0919828,0.8593992,-0.8118409,0.29263607,0.87306976,0.52488863,-0.8337338,-0.4964722,0.9477452,-0.033033073,0.9161248,0.7443784,-0.5200355,-0.9545624,0.22479817,-0.54447114,-0.043586258,0.859865,0.44981822,0.9425574,-0.26595283,-0.43787676,0.35219535,0.26175174,-0.3189421,-0.13394696,0.59735596,-0.45611024,0.85096,0.8796527,-0.70890725,-0.77296335,-0.78269553,0.8875258,-0.4857998,-0.535088,-0.39374062,-0.47840765,-0.16227473,-0.34731868,0.35642076,-0.6238046,0.688782,0.13938387,-0.3885324,0.4827255,0.035527393,0.561029,0.667411,0.97068334,0.9413788,-0.999982,-0.5422743,0.94955295,0.7621056,-0.22303328,-0.9112457,-0.47879156,0.79483175,0.9770966,0.8837993,0.65030986,0.040067445,0.244723,-0.6163827,0.3966062,-0.44269538,-0.37642846,-0.11754738,-0.7869585,-0.46086127,0.8614069,0.29945797,-0.9174976,0.23033944,0.01284786,-0.89539737,0.6021107,0.84124976,-0.89066756,-0.57406646,-0.9451855,-0.9689723,-0.9004715,0.67485344,0.28358215,0.07312728,0.31436673,0.7223884,-0.16675219,0.45454037,0.11641417,0.83794636,0.44140625,0.28852424,-0.80587906,0.94294643,0.9300617,0.755072,-0.65983963,0.826647,0.3835897,-0.07198015,-0.8004893,-0.9953847,0.6904674,-0.9965903
CPSF6_K562,-0.8499179,0.35881534,-0.11187827,0.9015297,0.12662688,0.99730474,-0.20563903,0.3976797,0.975535,0.9613949,0.9850385,0.95457596,-0.4862557,-0.99322546,0.84812,-0.9189785,0.6374176,1.0,0.99485034,0.5322167,0.4476886,-0.9993661,0.99042845,-0.48042718,0.5017485,0.636004,-0.08904905,-0.09577999,0.82413995,0.13825816,0.9945194,-0.3916084,-0.0836324,0.57493085,0.23442455,0.03970028,0.037349194,-0.865977,0.64558566,-0.6472826,-0.56050307,0.7311795,0.46351936,0.9981264,0.9413244,-0.4185769,0.97626823,-0.25651845,0.93911934,-0.2608013,0.9485165,0.9924158,0.4149189,0.9525165,-0.7517544,-0.38645133,0.3769585,0.9617311,0.93682957,0.29430726,-0.48861617,0.9773139,0.64848256,0.6672554,-0.7733661,-0.9401919,-0.97054905,-0.6086686,-0.7782627,-0.977663,-0.14556308,0.9850795,0.60383224,-0.7661841,0.78028804,0.58893615,-0.983149,0.8159347,-0.27388674,0.7916935,0.6597583,0.9396121,0.8007141,-0.78160316,0.69098014,0.21776797,-0.9591339,0.7564652,0.8771673,0.4801431,-0.25366506,0.19586623,0.9410042,0.98633015,-0.9878723,0.49838534,0.7451278,-0.5796887,-0.55963176,0.80942965,0.9847943,-0.61120546,0.8794127,-0.56849533,0.12594372,-0.5782267,-0.9658675,-0.3807971,0.06287985,-0.12429284,0.9296837,-0.8416818,-0.99085116,0.7812305,0.9994743,-0.5547554,0.7086205,0.94176644,-0.06759247,-0.5502565,0.18080896,-0.3212695,-0.10598213,-0.98531073,0.84992665,0.7490422,0.27505845,0.9889999,-0.98961407,-0.8380781,-0.6075071,0.29923964,0.7420036,0.154727,0.9748876,0.34341523,0.5732459,0.41361257,0.9456442,0.9104997,0.5269781,0.6781946,0.9987027,-0.976435,0.9471168,0.9271775,0.09157798,-0.0038444146,-0.01932946,0.21070208,0.36382967,0.3098565,0.45730007,-0.98156697,-0.8637426,-0.9439386,0.94710404,0.2045982,0.9976435,0.85184264,0.46232533,0.982496,0.7926779,-0.2802221,0.9992166,0.803934,0.3401159,-0.63278,0.30173558,0.8469017,0.9846539,0.60894454,-0.2634959,-0.9816504,0.9742135,0.78678197,0.9238489,-0.17082006,0.7954394,-0.59109867,0.21384911,0.9601312,0.40872052,0.47390124,0.69024974,-0.9770357,-0.9775749,0.1577175,-0.5442793,-0.27836204,0.89662194,-0.7622655,-0.22765501,-0.23139554,0.11964914,-0.21740724,0.26498702,-0.8540783,-0.42719144,-0.23886634,0.998769,0.9196474,0.81506795,-0.5310714,0.99326706,0.65343934,0.976053,0.839484,0.95463425,0.9727521,-0.55384,-0.057472892,0.8575906,0.3097469,0.9864804,-0.999566,0.09333258,-0.4670698,0.7226385,-0.04843811,-0.70841885,0.99748105,-0.5716692
CSTF2_HepG2,-0.7921359,0.26236224,-0.2120206,0.85302925,0.2265136,0.9847325,-0.30376855,0.30263674,0.9482291,0.98433405,0.9974328,0.9194599,-0.5723171,-0.9998884,0.89745057,-0.954211,0.55603975,0.99485034,1.0,0.61528367,0.53601336,-0.99782795,0.99931777,-0.3890617,0.41149157,0.71094275,-0.18954249,-0.19617544,0.8773018,0.23792733,0.9999948,-0.2963322,-0.18420143,0.6548987,0.3317476,0.14077048,0.13844068,-0.8108317,0.71966445,-0.7212068,-0.6415535,0.6582715,0.37132338,0.9991878,0.9022694,-0.32437307,0.99319065,-0.15723422,0.8994587,-0.35730496,0.9757338,0.9997644,0.5050006,0.97847253,-0.81472075,-0.29098085,0.46889493,0.98454916,0.8965528,0.1959259,-0.5745319,0.95081455,0.72229725,0.58832747,-0.7051289,-0.90082437,-0.9411344,-0.525117,-0.8378994,-0.99393094,-0.044538468,0.9974498,0.68151367,-0.69710594,0.7128806,0.6678161,-0.99661434,0.8703305,-0.3699554,0.84953594,0.7325266,0.96946114,0.7358746,-0.71435565,0.7606885,0.31556866,-0.9255162,0.818859,0.9213191,0.56657785,-0.35039833,0.09546646,0.97045624,0.9645496,-0.967048,0.58368856,0.67369527,-0.494116,-0.6407466,0.7457443,0.96211517,-0.6882773,0.9231348,-0.48218477,0.024747543,-0.49255607,-0.93463916,-0.28511766,0.16371013,-0.023084182,0.96223104,-0.8920763,-0.9994274,0.84047735,0.99761343,-0.6362268,0.7764861,0.9028344,0.03387847,-0.6320537,0.0801937,-0.4155968,-0.0046526464,-0.9975452,0.792146,0.8123346,0.17619681,0.96891487,-0.99908763,-0.77846813,-0.68488604,0.39440906,0.80613035,0.053796135,0.9924387,0.24645609,0.6533422,0.50376123,0.97373533,0.947722,0.6104034,0.7491859,0.99872077,-0.99328023,0.9097159,0.88443315,0.19203503,0.09752918,0.08210569,0.11053775,0.45636445,0.40462708,0.5450811,-0.995883,-0.9103705,-0.9725369,0.9747542,0.30275512,0.9855519,0.9005453,0.5498167,0.9963172,0.8503857,-0.37607294,0.99006003,0.7395168,0.24305215,-0.5510394,0.39681244,0.7886452,0.961895,0.68620443,-0.16436628,-0.9959225,0.94632816,0.7201711,0.88029724,-0.26980534,0.85276747,-0.66980743,0.3117579,0.9835205,0.49911794,0.56071144,0.7600325,-0.95040816,-0.9938848,0.056819174,-0.6265034,-0.17957982,0.9368841,-0.8239433,-0.1277894,-0.32880792,0.018406793,-0.117357306,0.36135387,-0.7969611,-0.33335072,-0.1392157,0.98859817,0.95471805,0.869592,-0.6142172,0.97641045,0.7267977,0.99307466,0.8902355,0.91953677,0.9912416,-0.63537824,0.044010203,0.8010443,0.21178186,0.96479046,-0.9914328,-0.008060292,-0.5542846,0.78897613,0.0530469,-0.63323534,0.985155,-0.48556548
CSTF2T_HepG2,-0.006249908,-0.5992638,-0.9008366,0.11346725,0.90718627,0.4686659,-0.9379589,-0.5651315,0.33307406,0.7446337,0.67015356,0.25577953,-0.99857366,-0.62698996,0.8999202,-0.82291985,-0.31308308,0.5322167,0.61528367,1.0,0.9952955,-0.5620183,0.64397746,0.48681328,-0.46528852,0.9918074,-0.8906382,-0.8936916,0.91812825,0.9120608,0.6178147,0.57057065,-0.88815284,0.9986843,0.9477815,0.8670699,0.86589533,-0.037512366,0.99013585,-0.9898218,-0.99942964,-0.18839763,-0.50347555,0.58301973,0.21525563,0.5461001,0.70293194,0.6817567,0.20892797,-0.9561119,0.77296066,0.6322506,0.99112034,0.7647264,-0.9583863,0.5751592,0.9847776,0.7438159,0.20246455,-0.6524774,-0.9987143,0.34083438,0.98959637,-0.27545378,0.12511703,-0.21199305,-0.31259158,0.34777611,-0.9458226,-0.69826776,0.76011974,0.66997683,0.99621063,0.13627246,-0.11420364,0.99765307,-0.6780136,0.9237156,-0.9600026,0.93856114,0.9873417,0.78982157,-0.08100439,0.112111606,0.979742,0.94218975,-0.27091712,0.9563139,0.8733716,0.9981765,-0.95392215,-0.7259666,0.78730613,0.38543645,-0.39431062,0.99922067,-0.16805157,0.3813285,-0.99946463,-0.0663506,0.37704748,-0.99536043,0.8710748,0.3939304,-0.7728376,0.38298562,-0.2947484,0.5801569,0.87839854,0.77389246,0.80664885,-0.9051034,-0.64160484,0.9442729,0.55938554,-0.9996395,0.9744978,0.21653682,0.8086982,-0.99976987,-0.736425,-0.97271264,0.78543466,-0.6689751,0.006266509,0.95954955,-0.6675617,0.40113512,-0.6483889,0.015828263,-0.99579835,0.9670752,0.96246934,-0.7540644,0.70738906,-0.6123493,0.9987877,0.9909285,0.77860725,0.8346639,0.9999809,0.98310393,0.5746356,-0.70238286,0.23240413,0.17630102,0.89179,0.84455585,0.8361625,-0.71546286,0.9822225,0.96985173,0.9962819,-0.684209,-0.8863324,-0.78186315,0.77576375,0.9375896,0.47287557,0.8968164,0.9967535,0.68061,0.93800324,-0.9618279,0.498296,-0.07562656,-0.615121,0.31877938,0.96773785,0.0005517761,0.37630042,0.9956309,0.67645246,-0.68389004,0.32747394,-0.103814304,0.16764246,-0.9250782,0.9364187,-0.9974661,0.9408374,0.747667,0.99019295,0.9977227,0.97994375,-0.33960328,-0.6985675,-0.75207233,-0.9998976,0.66499805,0.85207283,-0.9536699,0.703216,-0.9467836,-0.776847,0.7106504,0.9573741,-0.01419632,0.5381117,0.6949723,0.48956683,0.82195294,0.9242883,-0.9999991,0.43055624,0.98863584,0.7036368,0.90682113,0.25596863,0.7139992,-0.9996684,0.8146208,0.02098557,-0.6401187,0.38627985,-0.5070455,-0.79323953,-0.9971706,0.969798,0.8198348,0.22049722,0.47082338,0.39037663
CSTF2T_K562,0.09066341,-0.6740067,-0.9386624,0.016673345,0.9436811,0.3808745,-0.9671411,-0.6424039,0.24015339,0.6764618,0.59509,0.16091329,-0.99904877,-0.54856354,0.85343903,-0.764002,-0.4036249,0.4476886,0.53601336,0.9952955,1.0,-0.47923756,0.56682587,0.5691534,-0.54885894,0.97476506,-0.93050337,-0.9329581,0.87541467,0.94749856,0.53872454,0.6474538,-0.9284982,0.98901767,0.9742215,0.911258,0.9102864,0.059481733,0.971903,-0.97137713,-0.99145603,-0.28266215,-0.58481723,0.5015612,0.11962838,0.6246942,0.63071424,0.74942905,0.11319744,-0.9800016,0.7078546,0.5542125,0.9993403,0.69869983,-0.9262191,0.65171,0.9969853,0.67555964,0.1066328,-0.7228286,-0.99892724,0.24814631,0.9710017,-0.36729562,0.22065291,-0.11631202,-0.21909039,0.43697798,-0.90991575,-0.62562835,0.8194986,0.59489864,0.9830975,0.23161313,-0.20991829,0.9863257,-0.6036081,0.882255,-0.98261344,0.9007091,0.96732986,0.7266822,-0.17719072,0.20785917,0.9557301,0.9702217,-0.17638008,0.9234912,0.8220741,0.99932885,-0.97850543,-0.78918254,0.72386605,0.29422328,-0.30341974,0.99834406,-0.26276913,0.4690996,-0.99159265,-0.16271077,0.2855386,-0.98135567,0.8193912,0.48112878,-0.83068585,0.47068256,-0.20078014,0.6563416,0.9205707,0.83161116,0.7455914,-0.8596503,-0.56427157,0.90793926,0.47644454,-0.99233544,0.9481724,0.120930985,0.86188424,-0.99298793,-0.7985056,-0.9906153,0.8417066,-0.59381413,-0.09064688,0.92775816,-0.7365579,0.31049874,-0.5715787,0.11262747,-0.9822415,0.98718214,0.93164754,-0.8141515,0.6355798,-0.6860652,0.9893197,0.9992872,0.7141472,0.7773765,0.9958749,0.9607441,0.49264,-0.6301153,0.13707778,0.08010339,0.93143046,0.89246184,0.8853689,-0.77978635,0.9957891,0.9888997,0.99994195,-0.61033267,-0.8372997,-0.7177814,0.7109769,0.9668702,0.38528198,0.8497347,0.99986494,0.60642505,0.9000072,-0.98381627,0.4119511,-0.17187889,-0.68861514,0.40911087,0.9875964,-0.09633662,0.28476566,0.9819001,0.7446252,-0.60998625,0.23438978,-0.19968821,0.071339116,-0.95752114,0.89801764,-0.98588073,0.9692418,0.6798102,0.99907017,0.9995638,0.95602673,-0.24687785,-0.62595505,-0.81238973,-0.9938069,0.7342283,0.79735184,-0.92003477,0.7687913,-0.9735142,-0.83420026,0.77547073,0.9808557,0.08274651,0.61724275,0.76136726,0.4027826,0.76290417,0.88295907,-0.9954256,0.34108508,0.96941996,0.6314834,0.86171603,0.16110635,0.6428059,-0.99247074,0.8669816,-0.07597763,-0.7115423,0.2950969,-0.4211526,-0.84850246,-0.9997625,0.9416042,0.8714548,0.31396112,0.38313308,0.47773853
DDX21_K562,0.83062124,-0.325359,0.14718352,-0.8855537,-0.1618596,-0.9940606,0.24034716,-0.36476427,-0.96709025,-0.9705815,-0.9905492,-0.9433634,0.51705503,0.99673265,-0.86644316,0.9324331,-0.60958356,-0.9993661,-0.99782795,-0.5620183,-0.47923756,1.0,-0.9947144,0.44890064,-0.47063664,-0.6630725,0.12445049,0.13115516,-0.84378064,-0.17342818,-0.997611,0.35860392,0.11905434,-0.60369414,-0.2688835,-0.075246595,-0.07290023,0.8476253,-0.67236334,0.67400813,0.58962953,-0.7064305,-0.43168128,-0.99967194,-0.9287127,0.38598076,-0.98335904,0.22194739,-0.92629236,0.29500338,-0.9591906,-0.9961629,-0.44704652,-0.9627523,0.7747537,0.35337248,-0.40969288,-0.97087556,-0.92378354,-0.26009783,0.5193671,-0.96915454,-0.6751709,-0.6403171,0.75030726,0.92746925,0.96135783,0.5800372,0.80012363,0.98452556,0.110250555,-0.9905818,-0.63182634,0.74282163,-0.75752866,-0.6173337,0.98903364,-0.83599913,0.3079512,-0.8129401,-0.6860924,-0.9512001,-0.7788808,0.7589016,-0.7162761,-0.2523751,0.94845295,-0.77926904,-0.8937056,-0.51106644,0.2879392,-0.16083218,-0.95245445,-0.97983885,0.98171866,-0.52893275,-0.7209134,0.5503134,0.5887795,-0.788012,-0.97798556,0.638994,-0.89580274,0.5388477,-0.09054781,0.5488152,0.9560337,0.3476383,-0.09836921,0.08889057,-0.9422078,0.8603712,0.9950276,-0.802958,-0.99999493,0.58402294,-0.73328996,-0.92919856,0.032031376,0.57963324,-0.14568178,0.35477832,0.07051591,0.9907656,-0.8306304,-0.77215296,-0.2406577,-0.98310727,0.99410415,0.8181254,0.6353991,-0.33301824,-0.76539916,-0.119458325,-0.9821976,-0.309763,-0.60205215,-0.4457622,-0.9566219,-0.9246432,-0.55689925,-0.7039262,-0.9998824,0.98349893,-0.935093,-0.91325337,-0.12696989,-0.031757303,-0.016275564,-0.1757684,-0.39675876,-0.34350753,-0.48866943,0.9877485,0.8811348,0.9550924,-0.95792854,-0.23931499,-0.9945685,-0.8699496,-0.49359876,-0.9885049,-0.8138783,0.31421772,-0.99717444,-0.7822528,-0.30642286,0.60481304,-0.3354846,-0.82743484,-0.97781694,-0.6367966,0.22898753,0.98781663,-0.9655637,-0.7643101,-0.9096374,0.20578785,-0.8165097,0.61943865,-0.24848956,-0.9694745,-0.4409517,-0.5049489,-0.715571,0.968831,0.984452,-0.12246354,0.57379895,0.24399307,-0.91181695,0.78482455,0.19284582,0.26588237,-0.08422962,0.18252127,-0.29914597,0.83502007,0.39473307,0.20414591,-0.99637,-0.933046,-0.83517647,0.5608993,-0.98851335,-0.67997324,-0.9831784,-0.8582961,-0.9434283,-0.9803892,0.58313,0.021895643,-0.83873695,-0.27570185,-0.98002106,0.9978837,-0.057829037,0.49825168,-0.7467878,0.0128496485,0.68284386,-0.9943236,0.54209805
DDX24_K562,-0.7690543,0.22654529,-0.24796803,0.833174,0.26233098,0.9776318,-0.33874783,0.26723,0.9358531,0.9901741,0.999397,0.9043116,-0.6022119,-0.99975795,0.91312945,-0.96460754,0.52496403,0.99042845,0.99931777,0.64397746,0.56682587,-0.9947144,1.0,-0.35477415,0.37755078,0.73643,-0.2256754,-0.23225568,0.8944283,0.27363628,0.9994314,-0.2608569,-0.22037551,0.6823619,0.36636156,0.1772385,0.17492254,-0.7886631,0.74481606,-0.74629813,-0.6694455,0.63002086,0.33677885,0.99701804,0.8857299,-0.2892168,0.9968156,-0.12065452,0.8827056,-0.3915554,0.9831547,0.999884,0.53653264,0.9854269,-0.8355799,-0.25544858,0.5011952,0.9903446,0.8795827,0.15957633,-0.6043679,0.9387258,0.7473459,0.55806214,-0.6784602,-0.8841747,-0.92800826,-0.49332857,-0.857486,-0.9973156,-0.007612914,0.9994052,0.70807564,-0.67015153,0.68649447,0.69484985,-0.9989709,0.8879245,-0.40401438,0.868439,0.75716776,0.9778571,0.71036536,-0.688024,0.78414255,0.35039806,-0.9108984,0.839499,0.93504995,0.5966234,-0.38474956,0.05863783,0.978705,0.9541452,-0.9569856,0.61327845,0.64594245,-0.4616704,-0.66866386,0.72063035,0.9513896,-0.7145998,0.9367046,-0.44950083,-0.012189726,-0.46007904,-0.9208686,-0.24952438,0.200032,0.013853659,0.97162867,-0.90815663,-0.99999523,0.8599153,0.99438286,-0.66428584,0.79922837,0.88633823,0.07076598,-0.6602417,0.043326236,-0.44890448,0.032282062,-0.9994508,0.76906496,0.83331877,0.13972272,0.9591172,-0.9999833,-0.7547556,-0.71132904,0.4280779,0.82743436,0.016881216,0.9962947,0.21049546,0.68085617,0.5353209,0.98147976,0.95886034,0.6392403,0.773137,0.99617195,-0.9968769,0.89376,0.866595,0.22814846,0.1342184,0.118856795,0.07375696,0.48891476,0.4381245,0.57567227,-0.99855137,-0.9250316,-0.9804693,0.9823354,0.33774713,0.9786242,0.9159875,0.58029026,0.9988042,0.86923766,-0.41003695,0.9841903,0.7141518,0.20706211,-0.51984453,0.43044144,0.7653997,0.95114094,0.7126009,-0.12782463,-0.9985748,0.9337459,0.69405663,0.8621754,-0.30518338,0.87147486,-0.6967735,0.34663638,0.9895267,0.53078014,0.5909089,0.7835154,-0.9382738,-0.9972848,0.019908382,-0.6548612,-0.14312601,0.9491579,-0.8443094,-0.09107319,-0.3634618,-0.01853168,-0.080600634,0.39554363,-0.77410954,-0.29830387,-0.10254841,0.9823626,0.9650544,0.8872346,-0.64294237,0.9677699,0.7516686,0.9967361,0.9064506,0.9043951,0.9954426,-0.6634635,0.08087621,0.7783902,0.17554341,0.9544185,-0.9859325,-0.04498529,-0.5846457,0.8111297,0.08989065,-0.60421973,0.9781429,-0.4529485
DDX3X_HepG2,0.87044644,-0.99101627,-0.8177792,-0.8126273,0.8091399,-0.543481,-0.759496,-0.99575675,-0.6614846,-0.22054452,-0.3220961,-0.7199321,-0.532757,0.37525812,0.05719681,0.0956807,-0.98200417,-0.48042718,-0.3890617,0.48681328,0.5691534,0.44890064,-0.35477415,1.0,-0.9997004,0.37124157,-0.83076876,-0.82698727,0.100801,0.8021888,-0.38609815,0.9951269,-0.8337828,0.44137904,0.7399716,0.8572701,0.85847914,0.85462976,0.35962382,-0.35754767,-0.4570374,-0.9495785,-0.9998161,-0.42586523,-0.74823976,0.9976022,-0.27909073,0.9709269,-0.7525197,-0.7213867,-0.17791198,-0.36897305,0.598639,-0.19056913,-0.21719138,0.99455935,0.6312348,-0.22173849,-0.75685287,-0.97958475,-0.5304672,-0.65528077,0.35607597,-0.97380847,0.9275507,0.75045127,0.67755884,0.9882817,-0.17682572,0.2853618,0.93762577,-0.3223216,0.40899697,0.93169665,-0.9233869,0.42586052,0.31200415,0.11505514,-0.71191585,0.1554456,0.3421062,-0.15125771,-0.9100696,0.92257655,0.3020196,0.75136465,0.70895326,0.21018405,-0.00027613243,0.53865236,-0.726481,-0.95414644,-0.15529992,-0.61837846,0.6107765,0.52091223,-0.9428931,0.9931394,-0.45797262,-0.90388155,-0.62548435,-0.40050873,-0.0049724253,0.9946451,-0.93055797,0.99334747,0.691213,0.9939029,0.84508985,0.9299474,-0.123581804,-0.069209024,0.3576683,0.172158,-0.4517395,-0.46318507,0.27838624,-0.74736863,0.9075021,-0.46796203,-0.94944507,-0.67619455,0.9230119,0.32359788,-0.8704383,0.22119482,-0.9753508,-0.6048702,0.34936386,0.881102,-0.40477833,0.6930843,0.23148167,-0.94080776,-0.27304912,-0.9886826,0.4432247,0.59978807,-0.16909893,-0.074766345,0.49219862,0.31869417,-0.43514538,0.2798318,-0.73645145,-0.77399796,0.8293527,0.87887514,0.8861572,-0.95857245,0.64213383,0.68500644,0.56025845,0.30395374,-0.027001718,0.16396603,-0.17355074,0.7601874,-0.5394698,0.050140403,0.555562,-0.3086406,0.153852,-0.7072702,-0.5147589,-0.9078205,-0.9881498,0.9831204,0.69119555,-0.8732374,-0.6261134,0.40312168,0.9726313,0.30437028,-0.6659225,-0.9193244,-0.77953345,-0.78207755,0.14936133,-0.42343566,0.75400704,-0.21609825,0.60407364,0.54462236,0.30298233,0.65626913,0.28496024,-0.94182974,-0.4742614,0.9761036,-0.042413373,-0.20146045,0.96337694,-0.742063,-0.92821693,0.9605051,0.7183754,0.86650705,0.9982151,0.9664045,-0.52333987,-0.09737254,0.11654269,-0.48799407,-0.57879454,0.3499667,-0.27813852,0.07325598,-0.71979636,-0.26399794,-0.46415958,0.90319645,-0.8630977,-0.9827121,-0.6176598,0.5060551,-0.9180458,-0.55109894,0.2590542,0.89927614,0.95934796,-0.541428,0.99423844
DDX3X_K562,-0.88223386,0.9874461,0.80344826,0.82664746,-0.7945156,0.563863,0.7433473,0.99320614,0.67964154,0.24435052,0.34517026,0.7367031,0.51188475,-0.39783195,-0.032744914,-0.12001458,0.9863323,0.5017485,0.41149157,-0.46528852,-0.54885894,-0.47063664,0.37755078,-0.9997004,1.0,-0.34840456,0.81689686,0.8129792,-0.076420754,-0.7873354,0.4085594,-0.99241555,0.8200205,-0.41928503,-0.72328717,-0.844412,-0.84567004,-0.86708194,-0.33667865,0.33458376,0.43513152,0.95696765,0.9990472,0.44788218,0.76425296,-0.9956095,0.30250958,-0.96477735,0.76841277,0.704221,0.20194294,0.39161032,-0.5788548,0.21453834,0.19323574,-0.99171185,-0.6120633,0.24553762,0.77262264,0.9743711,0.50956076,0.6735724,-0.33309862,0.9790816,-0.93641907,-0.76640254,-0.69535637,-0.9917216,0.15268359,-0.30873334,-0.92883635,0.34539357,-0.38654026,-0.9403077,0.9325054,-0.40358838,-0.33516362,-0.090708375,0.6945148,-0.13122173,-0.31900564,0.17540562,0.91994065,-0.9317429,-0.2785973,-0.7349889,-0.7260018,-0.18619299,0.02475088,-0.5178702,0.7094447,0.9465344,0.17943127,0.63742757,-0.62997276,-0.49986476,0.95076305,-0.9957039,0.43607825,0.9140807,0.6443931,0.37796262,0.029445346,-0.99687666,0.9213179,-0.9958683,-0.70869267,-0.9909066,-0.8317518,-0.92066956,0.14783199,0.044772033,-0.38041717,-0.14799714,0.4734394,0.44135532,-0.2547955,0.7634061,-0.89694965,0.44619215,0.94147724,0.65796053,-0.91331816,-0.3466589,0.882226,-0.19725986,0.96965796,0.6241789,-0.3721917,-0.8924129,0.38227692,-0.67523384,-0.20760226,0.9322305,0.29651204,0.9847147,-0.4211523,-0.5800246,0.19317053,0.09915028,-0.47074634,-0.29540005,0.45705113,-0.30324477,0.7527878,0.78926337,-0.81542957,-0.86693615,-0.8745505,0.95131373,-0.6231792,-0.66697055,-0.53981763,-0.32717952,0.0025277229,-0.18806049,0.19760218,-0.7440582,0.55991596,-0.025681457,-0.53504544,0.33182824,-0.12962247,0.6897559,0.53558767,0.9178122,0.9840971,-0.9873038,-0.67330134,0.88490224,0.6450096,-0.38060284,-0.9666531,-0.3275927,0.6839817,0.9286799,0.7946301,0.7665911,-0.1251163,0.4011363,-0.73770434,0.23993015,-0.584388,-0.52393275,-0.27956712,-0.6745395,-0.30833498,0.9333218,0.452572,-0.97049266,0.06685336,0.1774271,-0.9565254,0.7254346,0.9188333,-0.953407,-0.7011341,-0.8784645,-0.99645436,-0.9598244,0.54403853,0.121701896,-0.09219973,0.46648476,0.5985796,-0.32693475,0.3015643,-0.04882508,0.73657084,0.28752542,0.44234183,-0.89242065,0.8751998,0.9778864,0.6367229,-0.527013,0.9080672,0.53051096,-0.23533715,-0.88830185,-0.965968,0.5618429,-0.9965641
DDX42_K562,-0.13393827,-0.49209017,-0.8379962,0.23945473,0.84600925,0.5776705,-0.8859805,-0.4551145,0.4507934,0.82379764,0.7594763,0.37717676,-0.9835724,-0.72136784,0.94825006,-0.8887556,-0.18919794,0.636004,0.71094275,0.9918074,0.97476506,-0.6630725,0.73643,0.37124157,-0.34840456,1.0,-0.82525563,-0.8290544,0.9612285,0.8522074,0.71319985,0.46098828,-0.82217294,0.99705315,0.89927715,0.79632694,0.7949016,-0.1648572,0.9999221,-0.9998919,-0.9955556,-0.061399605,-0.38898042,0.68202835,0.33823964,0.4346141,0.78803056,0.58271796,0.33213925,-0.9108503,0.84767455,0.72604084,0.96601486,0.84077257,-0.9870017,0.46594888,0.95450574,0.823103,0.32590234,-0.55032796,-0.9840568,0.45813537,0.9998675,-0.15039684,-0.0026462486,-0.3350949,-0.43137124,0.22515883,-0.97954965,-0.7839896,0.6708878,0.75932145,0.9991593,0.008605386,0.013638268,0.9982264,-0.7663557,0.9650833,-0.9163711,0.97495735,0.9995137,0.86169976,0.046981514,-0.015743602,0.9972975,0.89166707,-0.39166248,0.9858236,0.9284338,0.9822881,-0.90777755,-0.6321669,0.859617,0.5001507,-0.5084724,0.9859924,-0.040749695,0.2601146,-0.995456,0.061653543,0.49227238,-0.99949676,0.9266789,0.27329022,-0.6854405,0.2618457,-0.41440076,0.47135746,0.81015056,0.68665105,0.87553984,-0.9520031,-0.7343311,0.9785849,0.6606891,-0.9948796,0.9951791,0.33947414,0.7269319,-0.9943196,-0.64397186,-0.93510574,0.6999346,-0.7584432,0.13395472,0.98765284,-0.56698173,0.5148629,-0.7403283,-0.11202747,-0.9993379,0.9266432,0.9892522,-0.6639856,0.7918849,-0.5063413,0.99689317,0.96564287,0.852388,0.8981811,0.9909996,0.99843276,0.67447317,-0.7875552,0.35474455,0.30059782,0.82668704,0.769235,0.75924796,-0.62035435,0.9501958,0.93077594,0.97711444,-0.77176404,-0.93822193,-0.8550985,0.8500165,0.88548684,0.5815587,0.94598264,0.97830254,0.76862377,0.97459733,-0.91899073,0.60496694,0.05236948,-0.50936556,0.19509013,0.9276238,0.1282893,0.49157026,0.99940217,0.5768303,-0.7714859,0.44548947,0.024088036,0.29220328,-0.86898595,0.97356975,-0.9983823,0.88984305,0.82637185,0.9642343,0.9809326,0.9973712,-0.45697123,-0.7842495,-0.66171867,-0.99353415,0.56414646,0.91195524,-0.9842887,0.6066333,-0.8979106,-0.69004476,0.614956,0.91263235,-0.1418092,0.42603278,0.5974274,0.5969427,0.8879752,0.9654745,-0.9916338,0.5423242,0.9997399,0.7886406,0.9532372,0.37735793,0.7975879,-0.99476784,0.7338573,0.14852756,-0.5367333,0.5009421,-0.6129951,-0.7089575,-0.9793986,0.99301034,0.7399731,0.09409276,0.5796637,0.26957205
DDX51_K562,-0.44913754,0.89774823,0.9997368,0.3507178,-0.99928564,-0.015729656,0.993052,0.8784661,0.13210048,-0.3596906,-0.25936627,0.21177976,0.91364557,0.20418751,-0.6032238,0.47457537,0.7106959,-0.08904905,-0.18954249,-0.8906382,-0.93050337,0.12445049,-0.2256754,-0.83076876,0.81689686,-0.82525563,1.0,0.9999772,-0.637525,-0.9987734,-0.19269806,-0.88160425,0.9999852,-0.8661485,-0.98914754,-0.9987773,-0.9986582,-0.42098263,-0.8181428,0.81686187,0.87477463,0.6143642,0.84129065,-0.14982463,0.25233835,-0.86729944,-0.3026403,-0.9398568,0.25859845,0.9847814,-0.39993396,-0.21081159,-0.9431918,-0.38809806,0.7237665,-0.88423264,-0.9561183,-0.3585479,0.26497278,0.92570627,0.9125434,0.12392595,-0.8159521,0.6824515,-0.56257373,-0.25556853,-0.15351997,-0.7360711,0.69474787,0.29640386,-0.9724563,-0.25913647,-0.8477154,-0.57184017,0.55345184,-0.85741305,0.26962852,-0.64850557,0.98233044,-0.6789911,-0.8072433,-0.42455322,0.525364,-0.55169684,-0.78153306,-0.99151516,-0.1964184,-0.7187983,-0.55638826,-0.9164615,0.9860379,0.95929307,-0.42084607,0.07629467,-0.0666824,-0.9078924,0.5979192,-0.75998026,0.8752838,0.51280504,0.085339285,0.842755,-0.55247957,-0.7687943,0.9768811,-0.76114446,-0.17199774,-0.88707554,-0.9996556,-0.9772355,-0.44968292,0.6127796,0.22265679,-0.6913306,-0.121295296,0.8781086,-0.7658887,0.25106847,-0.9877303,0.88067824,0.9635101,0.9718343,-0.98098004,0.25783366,0.4491226,-0.7265917,0.9331143,0.059259202,0.23130308,-0.46875322,0.8452567,-0.9770343,-0.7338072,0.97025406,-0.30862564,0.90487176,-0.8671751,-0.94366777,-0.40811983,-0.4929461,-0.89342946,-0.7923554,-0.13965127,0.30190495,0.23527437,0.29056984,-0.9999968,-0.99567753,-0.9941199,0.95490396,-0.96016365,-0.9745986,-0.9265015,0.277767,0.5788469,0.4128665,-0.4039904,-0.9931766,-0.02050034,-0.59757274,-0.92435735,-0.27303374,-0.6778061,0.9810751,-0.04956233,0.5207662,0.9063606,-0.7149071,-0.97647333,0.45422122,0.08614277,-0.84428746,-0.93736404,0.27734694,0.13797916,0.5447167,0.2989688,0.99659926,-0.6744587,0.8560316,-0.9920289,-0.36393788,-0.94543,-0.9192802,-0.7821627,-0.12522493,0.29680383,0.96951663,0.88403887,-0.9318726,-0.5208816,0.7125722,-0.949601,0.9896004,0.97821736,-0.95284337,-0.9840181,-0.44202313,-0.86252815,-0.94592386,-0.03953301,-0.47307852,-0.64964473,0.8912521,0.0269374,-0.8121598,-0.30358523,-0.61598104,0.21158858,-0.31754938,0.8786342,-0.989263,0.43592203,0.919459,0.07538309,0.059668675,0.9833684,0.92229974,-0.7528303,-0.99054474,-0.6399046,-0.018173214,-0.766318
DDX52_HepG2,-0.4430874,0.89474994,0.999869,0.34437934,-0.9995183,-0.02248829,0.9938248,0.8752161,0.12539686,-0.3659898,-0.26588884,0.20516843,0.9163728,0.21080048,-0.60860145,0.48051485,0.70592433,-0.09577999,-0.19617544,-0.8936916,-0.9329581,0.13115516,-0.23225568,-0.82698727,0.8129792,-0.8290544,0.9999772,1.0,-0.64271843,-0.99908525,-0.1993268,-0.8783934,0.9999256,-0.8695072,-0.99011815,-0.9984203,-0.9982853,-0.4148416,-0.8220111,0.82074255,0.8780301,0.60901654,0.83761716,-0.15650475,0.2457915,-0.8639148,-0.30907622,-0.9375264,0.25206265,0.98593366,-0.4061205,-0.21741469,-0.9454163,-0.39431918,0.72841436,-0.88105524,-0.9580769,-0.36485007,0.2584485,0.92312825,0.9152872,0.117215395,-0.8198415,0.67749494,-0.55697197,-0.24902713,-0.14683653,-0.7314787,0.69959384,0.30285317,-0.9708584,-0.26565948,-0.85128176,-0.56628156,0.547809,-0.86087227,0.27613184,-0.6536364,0.98357314,-0.68393826,-0.8112146,-0.43066388,0.5196002,-0.54604644,-0.78573245,-0.99237126,-0.189786,-0.72348124,-0.5619924,-0.9191454,0.9871411,0.9573622,-0.42696851,0.0695528,-0.05993633,-0.9107053,0.592487,-0.7555692,0.8785329,0.50699,0.078602165,0.8463747,-0.558102,-0.7644537,0.9754136,-0.7567428,-0.16533495,-0.8839348,-0.9994554,-0.97577894,-0.45571044,0.61810756,0.22924206,-0.69619906,-0.12800245,0.88132274,-0.7702176,0.2445194,-0.9866521,0.88386035,0.9616787,0.97340524,-0.9796455,0.26435882,0.44307265,-0.7312196,0.9306623,0.052509896,0.23787431,-0.46277115,0.84884965,-0.9784524,-0.73838276,0.9685954,-0.31504843,0.90197355,-0.87052184,-0.945883,-0.41428176,-0.4988165,-0.89644563,-0.7964612,-0.14634167,0.30834222,0.22869892,0.28409502,-0.9999911,-0.99502695,-0.99336517,0.952875,-0.9620307,-0.9760902,-0.92902404,0.28425473,0.58434606,0.41901365,-0.4101648,-0.99394226,-0.02725828,-0.6029792,-0.9269153,-0.2795305,-0.68276066,0.9823616,-0.05631272,0.51498365,0.90348387,-0.71016395,-0.9779087,0.4481886,0.0794061,-0.84789073,-0.93498784,0.28383502,0.13128084,0.5390354,0.2925113,0.9971335,-0.6794341,0.85950637,-0.99285805,-0.37022582,-0.9476109,-0.9219199,-0.78635675,-0.118515216,0.30325204,0.96783817,0.8871783,-0.92939895,-0.5266399,0.71729845,-0.94746035,0.9905501,0.97679174,-0.95077026,-0.9851993,-0.4359492,-0.85908794,-0.9437095,-0.046286654,-0.47902328,-0.654769,0.8942975,0.02017941,-0.8160851,-0.3100191,-0.62129205,0.20497696,-0.32395208,0.88184196,-0.98825246,0.42982835,0.9167801,0.06864077,0.0664151,0.9821182,0.9248912,-0.7572626,-0.9895947,-0.6346952,-0.024931513,-0.7619576
DDX52_K562,-0.40201393,-0.23295572,-0.6550339,0.49790153,0.6661853,0.7803624,-0.7237567,-0.1919293,0.6794606,0.9481778,0.9094174,0.6179395,-0.89566046,-0.8843728,0.99904335,-0.98069733,0.08891034,0.82413995,0.8773018,0.91812825,0.87541467,-0.84378064,0.8944283,0.100801,-0.076420754,0.9612285,-0.637525,-0.64271843,1.0,0.67489076,0.8788402,0.19840984,-0.6333267,0.9372418,0.7438021,0.5986582,0.59677196,-0.4304457,0.9645952,-0.9651794,-0.930987,0.21621385,-0.119862564,0.8572505,0.5846259,0.16941535,0.9272411,0.33602747,0.5793605,-0.76172173,0.9611006,0.8875132,0.85728246,0.95746416,-0.99305034,0.20389359,0.8352705,0.9477881,0.57396466,-0.29875112,-0.89685947,0.68548495,0.9655903,0.12805095,-0.27829596,-0.5819131,-0.66342384,-0.052243445,-0.99705327,-0.9247735,0.4403892,0.9093183,0.9491152,-0.26747122,0.28883713,0.9431076,-0.9137913,0.99989724,-0.77044976,0.99848205,0.9693599,0.96821266,0.32060865,-0.2908523,0.97889006,0.7322645,-0.6302002,0.993869,0.9948787,0.89253354,-0.75691646,-0.39399442,0.9671814,0.7195444,-0.7262032,0.90177095,0.23635437,-0.0162317,-0.93060255,0.33449185,0.7132132,-0.95199764,0.9943931,-0.002561491,-0.45808107,-0.014438529,-0.6492954,0.20988382,0.6170872,0.45955944,0.9748229,-0.99949735,-0.89303887,0.9974057,0.84207,-0.92843705,0.98363876,0.5856899,0.5093852,-0.9264184,-0.4080393,-0.80113196,0.47585216,-0.9087563,0.40202916,0.9925591,-0.31785265,0.7312966,-0.89699847,-0.38170132,-0.9505595,0.78704864,0.9912178,-0.43204868,0.92957664,-0.24891852,0.9365223,0.85654265,0.9635337,0.9845854,0.91566336,0.9751545,0.85191125,-0.92695177,0.59880966,0.55194306,0.6394792,0.5632136,0.5503501,-0.38002303,0.82741576,0.79387563,0.8805736,-0.9171955,-0.99726564,-0.96491355,0.9623147,0.7230224,0.7833373,0.9987094,0.8832413,0.9152227,0.9985696,-0.7746363,0.8010801,0.3257138,-0.2523172,-0.082928605,0.7886603,0.3967899,0.71264774,0.9511203,0.32921284,-0.9170212,0.6750955,0.2988273,0.54459244,-0.6988413,0.9988022,-0.94399476,0.72952545,0.9496156,0.85376066,0.88930815,0.9786831,-0.68453115,-0.9249328,-0.4293162,-0.92370605,0.31459126,0.989736,-0.9948151,0.3638944,-0.7417168,-0.4637097,0.37366486,0.7645255,-0.40927744,0.1600388,0.35313135,0.7950308,0.98036355,0.9998746,-0.9175916,0.7529769,0.9672679,0.9276119,0.99961776,0.61809325,0.93299925,-0.9280279,0.51808435,0.41546354,-0.28325602,0.72017896,-0.80709726,-0.48699486,-0.88574123,0.9870562,0.52580154,-0.18408513,0.78188837,-0.006424546
DDX55_HepG2,0.40434667,-0.87483525,-0.99964654,-0.30391768,0.99993116,0.06521928,-0.99766064,-0.8537302,-0.082857326,0.4054504,0.30686876,-0.16312806,-0.93265337,-0.2524089,0.64197564,-0.51757705,-0.6749905,0.13825816,0.23792733,0.9120608,0.94749856,-0.17342818,0.27363628,0.8021888,-0.7873354,0.8522074,-0.9987734,-0.99908525,0.67489076,1.0,0.24104862,0.8571522,-0.99848944,0.88983303,0.9952093,0.9951043,0.99486905,0.3755528,0.84561104,-0.8444218,-0.8976931,-0.5745422,-0.81349176,0.19859701,-0.20411612,0.8415877,0.34946212,0.9217912,-0.21045044,-0.992179,0.44482604,0.25895518,0.95848626,0.433256,-0.7570462,0.8600222,0.96945244,0.40433097,-0.21690257,-0.9058421,-0.93167466,-0.07464057,0.84357685,-0.6454224,0.5209471,0.20738433,0.10440358,0.70165133,-0.7295095,-0.34333038,0.9597222,0.30664217,0.8729409,0.5305182,-0.5115328,0.8818432,-0.31697914,0.6854013,-0.99039245,0.7145095,0.83547777,0.46886355,-0.48258847,0.5097224,0.811465,0.99673545,0.14762709,0.7523403,0.5968489,0.9351495,-0.9930737,-0.94413275,0.4652466,-0.026830357,0.017195884,0.92753553,-0.5574966,0.7268658,-0.89815605,-0.4696671,-0.035900194,-0.868375,0.59307444,0.7361865,-0.96509737,0.72809625,0.123009734,0.8631301,0.99713,0.96553177,0.4933576,-0.6511573,-0.27065596,0.726259,0.17029597,-0.9007225,0.7967861,-0.20283143,0.978786,-0.90305394,-0.94907445,-0.98231125,0.97016543,-0.30535832,-0.40433145,0.75972074,-0.91416514,-0.009758481,-0.27919176,0.42443994,-0.87067866,0.9863866,0.7665456,-0.9570769,0.3553449,-0.8826841,0.89077014,0.9588945,0.45282283,0.53542256,0.9145759,0.82159066,0.1885098,-0.348739,-0.18686068,-0.24283473,0.9988959,0.9898574,0.98753875,-0.9390309,0.9728223,0.9844924,0.94399714,-0.32499287,-0.61851317,-0.45745787,0.44878942,0.9977328,0.06997984,0.63654155,0.94211483,0.32033256,0.71338004,-0.98945916,0.098955736,-0.47785637,-0.88432854,0.67940813,0.9859529,-0.40955162,-0.036706112,0.86978656,0.9189657,-0.3245793,-0.088768475,-0.5025244,-0.25135168,-0.9994569,0.71018887,-0.88057697,0.9970515,0.40961096,0.96040356,0.93764186,0.81205493,0.07594605,-0.3437236,-0.956195,-0.9060984,0.9127662,0.56250983,-0.7464377,0.93291515,-0.9955089,-0.966739,0.93664867,0.9916281,0.39706573,0.8364152,0.92870146,0.08896086,0.516122,0.6864911,-0.9126144,0.022592725,0.84005237,0.35039103,0.65423137,-0.16293506,0.36411214,-0.90119964,0.9808131,-0.39082453,-0.8988626,-0.025916459,-0.10902243,-0.97316915,-0.9403047,0.78449845,0.98253673,0.6010694,0.0676578,0.73356646
DDX55_K562,-0.79016966,0.2592587,-0.21516125,0.85134715,0.2296437,0.9841678,-0.3068299,0.2995711,0.9472032,0.98489577,0.99765784,0.91819113,-0.57495046,-0.9999313,0.89886403,-0.9551677,0.5533649,0.9945194,0.9999948,0.6178147,0.53872454,-0.997611,0.9994314,-0.38609815,0.4085594,0.71319985,-0.19269806,-0.1993268,0.8788402,0.24104862,1.0,-0.29326022,-0.1873603,0.65732485,0.33477864,0.14395256,0.14162384,-0.808946,0.72189283,-0.72343004,-0.6440162,0.655848,0.36833647,0.9990532,0.9008786,-0.3213304,0.99356,-0.15405856,0.8980491,-0.36030573,0.9764327,0.999829,0.50777274,0.9791309,-0.81658065,-0.2879036,0.47173202,0.985107,0.8951242,0.19277237,-0.57716024,0.9498138,0.72451687,0.58572483,-0.7028457,-0.8994239,-0.94004285,-0.5223784,-0.8396498,-0.99427944,-0.041326597,0.9976741,0.68386275,-0.6947974,0.7106224,0.67020553,-0.9968735,0.8719092,-0.3729402,0.85122746,0.7347113,0.9702446,0.73369396,-0.71210223,0.7627713,0.31861758,-0.92429394,0.82070005,0.9225643,0.569224,-0.35340753,0.092265815,0.9712269,0.96369624,-0.9662245,0.5862959,0.67131597,-0.4913185,-0.6432115,0.7435986,0.96123374,-0.69060594,0.92436606,-0.47936583,0.02153357,-0.4897557,-0.9334911,-0.28203478,0.16688074,-0.01987009,0.9631012,-0.89352447,-0.999531,0.84221494,0.99738634,-0.63870376,0.7785079,0.90144736,0.037091285,-0.63454163,0.07698881,-0.41851872,-0.0014378264,-0.9977651,0.79017985,0.8142053,0.17303137,0.96811455,-0.9992197,-0.7764462,-0.687225,0.39736125,0.8080285,0.05058568,0.99282813,0.24333915,0.6557726,0.50653577,0.9744623,0.948743,0.6129467,0.7513114,0.99855304,-0.99364716,0.90837634,0.8829283,0.19518903,0.10072818,0.08530924,0.10734205,0.4592226,0.40756488,0.54777354,-0.99616927,-0.9116961,-0.97328013,0.97546697,0.30581748,0.9850023,0.9019383,0.5524992,0.99658775,0.8520729,-0.37904984,0.98960274,0.7373489,0.23993248,-0.54835385,0.3997613,0.7866645,0.96101105,0.6885394,-0.16119432,-0.9962074,0.9452842,0.717937,0.87876755,-0.27289957,0.8544421,-0.6721911,0.31481087,0.9840967,0.50190115,0.56337047,0.7621178,-0.9494034,-0.9942346,0.053609245,-0.62900585,-0.17641634,0.93800324,-0.82576084,-0.12460026,-0.3318423,0.015192413,-0.114164084,0.3643496,-0.7950151,-0.33031803,-0.13603145,0.98810893,0.9556696,0.87117493,-0.616751,0.9757112,0.72900206,0.9934472,0.8916952,0.91826856,0.991661,-0.63785744,0.04722169,0.7991157,0.20863886,0.9639399,-0.99100775,-0.011274977,-0.5569575,0.7909473,0.05625693,-0.6307439,0.984598,-0.4827526
DDX59_HepG2,0.8176665,-0.99937415,-0.8705427,-0.75120366,0.8631372,-0.4580639,-0.81993693,-0.9999782,-0.5843135,-0.123295404,-0.22717907,-0.64798963,-0.6136046,0.282033,0.15535894,-0.0029354491,-0.95859677,-0.3916084,-0.2963322,0.57057065,0.6474538,0.35860392,-0.2608569,0.9951269,-0.99241555,0.46098828,-0.88160425,-0.8783934,0.19840984,0.8571522,-0.29326022,1.0,-0.8841572,0.527706,0.80268925,0.9038596,0.9048637,0.79926705,0.44987684,-0.4478897,-0.542512,-0.9140364,-0.9968349,-0.33457595,-0.6791781,0.99956495,-0.18304642,0.98979855,-0.68391633,-0.7861567,-0.080015786,-0.2755301,0.6747041,-0.09284521,-0.31238154,0.9999843,0.7046339,-0.12451025,-0.68871987,-0.9946333,-0.6114677,-0.57760483,0.44648036,-0.94664377,0.88618326,0.6816255,0.60173815,0.9684151,-0.27301252,0.18946859,0.96733534,-0.227411,0.49698198,0.8913403,-0.88103664,0.5129995,0.21680339,0.21244194,-0.77769166,0.25209183,0.43309182,-0.053052824,-0.8647683,0.8800386,0.39454556,0.8127696,0.6359586,0.30555952,0.09832748,0.6191026,-0.7906991,-0.9790125,-0.057137154,-0.53787565,0.52972656,0.60254186,-0.9054542,0.9767695,-0.54339516,-0.85729647,-0.54550314,-0.4889057,0.0936531,0.9796077,-0.9621259,0.9771522,0.61658967,0.99993134,0.89368683,0.961671,-0.025133152,-0.16723737,0.26384577,0.26844916,-0.36157012,-0.5483156,0.37173408,-0.6782144,0.9444974,-0.55282104,-0.9757729,-0.74554175,0.9564533,0.22872399,-0.8176569,0.3162768,-0.9923554,-0.5234032,0.2552721,0.8301768,-0.49296933,0.7607849,0.32627782,-0.9696435,-0.17686315,-0.9986572,0.5294529,0.6757628,-0.07109259,0.02392429,0.57563174,0.41060206,-0.34424722,0.18380512,-0.6661592,-0.7077926,0.8804028,0.9216307,0.9275297,-0.981988,0.71459246,0.75350374,0.6392023,0.20853545,-0.12543646,0.06589922,-0.075599045,0.8205452,-0.45381704,0.14837432,0.6348401,-0.21334821,0.25053057,-0.7735297,-0.42771497,-0.8620468,-0.99846923,0.96028924,0.759084,-0.82093346,-0.54617876,0.49139273,0.9908022,0.20896307,-0.58911806,-0.8760445,-0.7139743,-0.83971363,0.2461297,-0.5106984,0.8151012,-0.11877272,0.6797089,0.62466425,0.39547345,0.578673,0.18905744,-0.97037935,-0.55875796,0.99277383,0.056307096,-0.2970593,0.9851226,-0.8045428,-0.96037763,0.9832618,0.78346795,0.81306577,0.9992394,0.9870385,-0.43676797,0.0012356795,0.21390513,-0.57168055,-0.49556628,0.44062817,-0.18207163,0.17123634,-0.6478405,-0.16760729,-0.5492346,0.94111794,-0.80909383,-0.9961785,-0.5371046,0.41854426,-0.95266545,-0.6306909,0.3530281,0.9380207,0.92684484,-0.45588997,0.9788242
DDX6_HepG2,-0.45398825,0.9001299,0.99959725,0.3558041,-0.9990654,-0.01029329,0.9923976,0.8810509,0.13748781,-0.35461217,-0.25411195,0.21709011,0.9114221,0.19886222,-0.5988788,0.46978283,0.7145102,-0.0836324,-0.18420143,-0.88815284,-0.9284982,0.11905434,-0.22037551,-0.8337828,0.8200205,-0.82217294,0.9999852,0.9999256,-0.6333267,-0.99848944,-0.1873603,-0.8841572,1.0,-0.86341846,-0.9883341,-0.9990313,-0.998925,-0.42590815,-0.81500447,0.81371355,0.8721274,0.6186451,0.84421724,-0.1444471,0.25759545,-0.8699931,-0.297454,-0.9417,0.2638465,0.9838219,-0.3949448,-0.20549384,-0.94137156,-0.3830818,0.72000414,-0.8867588,-0.9545113,-0.3534674,0.2702113,0.92774904,0.91030633,0.1293189,-0.812797,0.6864152,-0.56706005,-0.26082098,-0.15889005,-0.73974055,0.69082713,0.29120678,-0.9737091,-0.25388134,-0.8448189,-0.5762917,0.55797195,-0.85460246,0.26438886,-0.6443572,0.98129845,-0.6749896,-0.8040225,-0.41962448,0.5299821,-0.5562234,-0.77812976,-0.9907938,-0.20174652,-0.7150078,-0.55186224,-0.9142726,0.98511803,0.96081436,-0.41590777,0.08171451,-0.07210624,-0.90559965,0.6022683,-0.7635025,0.8726416,0.51746494,0.09075488,0.8398159,-0.5479401,-0.7722596,0.97802895,-0.7646594,-0.1773511,-0.8895722,-0.9997835,-0.9783745,-0.44482043,0.6084741,0.21735339,-0.68739206,-0.115896955,0.8754943,-0.76238173,0.25632727,-0.9885648,0.8780897,0.9649511,0.97053874,-0.98202085,0.2525769,0.45397368,-0.7228455,0.9350555,0.064685464,0.22601052,-0.47354856,0.842339,-0.9758614,-0.73010284,0.9715558,-0.3034497,0.90717274,-0.86445487,-0.9418548,-0.4031502,-0.48820865,-0.89097404,-0.789027,-0.13426544,0.29671717,0.24055497,0.29576772,-0.9999682,-0.9961678,-0.9946939,0.95650405,-0.9586302,-0.97336656,-0.92444205,0.27254006,0.57440495,0.40790862,-0.39901105,-0.9925279,-0.015064611,-0.59320456,-0.9222694,-0.26779974,-0.6737987,0.9800079,-0.044131234,0.5253999,0.9086444,-0.7186978,-0.9752865,0.45905787,0.09155786,-0.8413615,-0.9392441,0.27211934,0.14336182,0.5492681,0.3041525,0.99613655,-0.6704346,0.85320854,-0.99132913,-0.35886854,-0.9436446,-0.91712666,-0.7787637,-0.1306171,0.29160765,0.9708345,0.8814845,-0.9338312,-0.5162325,0.7087472,-0.9512912,0.9888037,0.9793315,-0.95447916,-0.9830354,-0.4468934,-0.86526644,-0.94767356,-0.03409963,-0.46828142,-0.64550185,0.8887734,0.0323716,-0.80897576,-0.2984008,-0.6116888,0.21689928,-0.3123892,0.8760252,-0.9900429,0.44080842,0.9215831,0.08080343,0.054240912,0.9843413,0.9201849,-0.7492407,-0.99127597,-0.6440729,-0.0127369175,-0.7697996
DDX6_K562,-0.057521094,-0.55742276,-0.8773876,0.16426718,0.88441753,0.5133491,-0.9189435,-0.522082,0.38098815,0.7778822,0.70733327,0.30501756,-0.99452186,-0.66611385,0.9210972,-0.8509725,-0.26396883,0.57493085,0.6548987,0.9986843,0.98901767,-0.60369414,0.6823619,0.44137904,-0.41928503,0.99705315,-0.8661485,-0.8695072,0.9372418,0.88983303,0.65732485,0.527706,-0.86341846,1.0,0.93018013,0.84038186,0.83910435,-0.08870733,0.99601805,-0.9958173,-0.9998464,-0.13778763,-0.45850635,0.6239158,0.2650507,0.502423,0.7384806,0.6433441,0.25880182,-0.9398287,0.8044787,0.67114896,0.98299766,0.79676306,-0.97176456,0.53245294,0.9745684,0.7771123,0.25241655,-0.6127582,-0.9948008,0.38859585,0.99567217,-0.22579478,0.074074976,-0.261829,-0.36089092,0.2992392,-0.96122813,-0.7340575,0.7257986,0.707165,0.99935997,0.085291125,-0.06310848,0.9998517,-0.7148152,0.9421447,-0.9443815,0.95502377,0.9941761,0.82023454,-0.029785918,0.061006982,0.98872256,0.92376715,-0.31992334,0.9700471,0.89719886,0.99376786,-0.9372802,-0.6897443,0.8178878,0.43224752,-0.44091725,0.9958819,-0.11727983,0.3334211,-0.99982744,-0.015095896,0.424047,-0.9989848,0.8951149,0.34627822,-0.739278,0.33511123,-0.34336287,0.5376255,0.85273445,0.7403976,0.83589584,-0.9257165,-0.6800946,0.9599101,0.60115623,-0.9997011,0.9847228,0.2663157,0.7774698,-0.9995546,-0.70076394,-0.95953506,0.7526615,-0.70621085,0.057537664,0.97272456,-0.6285023,0.44758117,-0.68657625,-0.035466548,-0.9991841,0.9527525,0.97512,-0.7193912,0.7427045,-0.57100195,0.99999785,0.9827331,0.8097618,0.8618089,0.99834853,0.9911972,0.6158479,-0.73796004,0.28197467,0.22654623,0.86741483,0.8159857,0.806936,-0.6786945,0.9713038,0.9560789,0.99055314,-0.7207069,-0.9089116,-0.81280524,0.8071022,0.9185236,0.51743805,0.91832304,0.9913133,0.71728486,0.95454425,-0.9465292,0.5421008,-0.024393512,-0.57388055,0.26975492,0.9535441,0.05183145,0.4233165,0.9991093,0.6377952,-0.7204037,0.3754959,-0.052674387,0.21797657,-0.904386,0.9531802,-0.999802,0.92222273,0.7807372,0.98172593,0.9929511,0.9888733,-0.38738918,-0.7343418,-0.7172849,-0.999316,0.62582463,0.8777929,-0.9678431,0.6658317,-0.92903227,-0.74353415,0.67363733,0.9413021,-0.06545288,0.4941809,0.65718544,0.53363746,0.85007846,0.9426456,-0.998614,0.4762736,0.99504405,0.7391488,0.9272435,0.30520386,0.74896353,-0.9996736,0.7838067,0.07222707,-0.59987897,0.43307173,-0.550578,-0.7609707,-0.9920038,0.9810298,0.789393,0.17018883,0.5154449,0.34265143
DGCR8_HepG2,0.31299067,-0.8232834,-0.9922582,-0.2093186,0.9939935,0.16246638,-0.9995646,-0.79873097,0.01497113,0.4928791,0.3984492,-0.06588849,-0.96345735,-0.3458017,0.71386105,-0.5987512,-0.5996213,0.23442455,0.3317476,0.9477815,0.9742215,-0.2688835,0.36636156,0.7399716,-0.72328717,0.89927715,-0.98914754,-0.99011815,0.7438021,0.9952093,0.33477864,0.80268925,-0.9883341,0.93018013,1.0,0.9806746,0.9802116,0.28314245,0.8937483,-0.89274853,-0.93647105,-0.49176925,-0.7527351,0.29346588,-0.10742889,0.78474957,0.43939143,0.8794719,-0.1138641,-0.99962944,0.5302574,0.35214737,0.98177177,0.5192955,-0.8172971,0.80601543,0.9887884,0.49181348,-0.12042329,-0.8600865,-0.9627297,0.023211975,0.8920376,-0.56765276,0.43499798,0.11074864,0.0066700242,0.62862843,-0.7928849,-0.4335101,0.92765653,0.39823085,0.91645247,0.44510183,-0.42507404,0.9237202,-0.4081863,0.7533088,-0.99916756,0.77948725,0.8852009,0.5529727,-0.39464682,0.42316714,0.8647131,0.9998538,0.050223388,0.81314296,0.67243385,0.96530396,-0.9998032,-0.9073888,0.5495598,0.07103067,-0.08063973,0.959631,-0.4736614,0.65623873,-0.9368394,-0.3811035,0.06197646,-0.9126987,0.6689503,0.6664925,-0.9348693,0.6575908,0.025395242,0.8096242,0.98495114,0.9354587,0.57603496,-0.722238,-0.36347792,0.7899873,0.26581973,-0.9388772,0.8520462,-0.10612426,0.95406574,-0.9407216,-0.9137258,-0.9959128,0.9418145,-0.3969935,-0.31297487,0.8196545,-0.8701562,0.088051304,-0.3717339,0.3338822,-0.91459477,0.9977383,0.8256587,-0.92415535,0.44502944,-0.8325077,0.9309336,0.9820435,0.5378232,0.6154306,0.949733,0.87338984,0.28362155,-0.43869808,-0.08991983,-0.1468301,0.98951745,0.9712259,0.9674214,-0.90091646,0.9908002,0.9969271,0.9717335,-0.41589642,-0.69237345,-0.5422045,0.5340082,0.9995327,0.16717258,0.7088946,0.970382,0.41141376,0.7784758,-0.99887687,0.19576949,-0.38968456,-0.83444756,0.6044152,0.99755895,-0.3183974,0.06117154,0.913861,0.8760097,-0.41549873,0.00903852,-0.41559047,-0.15551859,-0.99789053,0.7756161,-0.9226908,0.99977714,0.49683818,0.9830418,0.9671342,0.86521995,-0.021903118,-0.4338877,-0.9229945,-0.9431198,0.868457,0.6406481,-0.8079218,0.89324,-0.9999952,-0.937102,0.89791626,0.9995019,0.30543327,0.778822,0.8879973,0.18591473,0.5973889,0.7542929,-0.94821185,0.12022722,0.88906735,0.44028196,0.7250383,-0.06569329,0.45342422,-0.9392552,0.95705444,-0.29896045,-0.8517116,0.071942545,-0.2056847,-0.9460115,-0.96907365,0.84136885,0.9596381,0.5200542,0.16487733,0.6636075
DGCR8_K562,0.4927577,-0.91842765,-0.9973801,-0.3965851,0.9961955,-0.03371975,-0.9860203,-0.9010129,-0.180942,0.3131231,0.21130463,-0.25983575,-0.89243215,-0.15554309,0.5630572,-0.43048054,-0.74460536,0.03970028,0.14077048,0.8670699,0.911258,-0.075246595,0.1772385,0.8572701,-0.844412,0.79632694,-0.9987773,-0.9984203,0.5986582,0.9951043,0.14395256,0.9038596,-0.9990313,0.84038186,0.9806746,1.0,0.99999726,0.4653101,0.7887157,-0.7873466,-0.84975165,-0.6526194,-0.8669864,0.100763164,-0.29986626,0.8908478,0.25515231,0.9555935,-0.30603695,-0.97498536,0.35413435,0.1622284,0.92561346,0.34206218,-0.68876827,0.9062405,0.9404653,0.31196016,-0.312318,-0.94327337,-0.8912092,-0.17282963,0.78637433,-0.71775156,0.60275704,0.3030506,0.2021825,0.7686348,-0.65834117,-0.2488267,0.9827901,0.21107194,0.8204553,0.6116967,-0.5939498,0.8309233,-0.22169344,0.6100811,-0.9718771,0.64186734,0.777078,0.37927437,-0.5667859,0.5922544,0.7497359,0.9838766,0.24465163,0.6835503,0.5146302,0.8955604,-0.9766001,-0.97208154,0.37548628,-0.12549359,0.11592724,0.8860583,-0.6368141,0.7911818,-0.8503057,-0.5546195,-0.13449088,-0.8151131,0.51059794,0.7994685,-0.9862553,0.7922773,0.2204871,0.9088119,0.99973065,0.9865289,0.4049772,-0.57296294,-0.17418948,0.65476555,0.07207572,-0.8533816,0.73316604,-0.29861426,0.994243,-0.85618275,-0.9755647,-0.9589957,0.9893766,-0.2097536,-0.4927434,0.6917371,-0.94974965,-0.108536154,-0.1829246,0.51184833,-0.8178063,0.9653056,0.6993251,-0.9810357,0.2612252,-0.9248096,0.84149545,0.92615575,0.36248893,0.44933093,0.87013006,0.7612275,0.09052867,-0.2544061,-0.28303525,-0.33751783,0.9986485,0.99905163,0.9982576,-0.9684147,0.9451753,0.96233517,0.9067663,-0.2299365,-0.537827,-0.36733553,0.35827395,0.98619694,-0.028950622,0.5572032,0.9043658,0.22514199,0.6406296,-0.9703033,0.00012619892,-0.5623332,-0.9261395,0.74859965,0.964619,-0.49770808,-0.13528997,0.81676275,0.9534391,-0.22951093,-0.1867739,-0.585509,-0.34577844,-0.9913071,0.6371345,-0.8294301,0.9845864,0.3174468,0.9281664,0.8986978,0.75040394,0.17411897,-0.2492323,-0.9804444,-0.8598507,0.948668,0.478044,-0.6770165,0.96393627,-0.98127925,-0.9872834,0.96668035,0.97401184,0.48582715,0.88648874,0.96080387,-0.009912969,0.42894575,0.61126703,-0.8677427,-0.07632281,0.78232384,0.25611097,0.57628375,-0.25964683,0.27028358,-0.8539543,0.9952783,-0.47988093,-0.9377724,-0.12458654,-0.0102475155,-0.9911447,-0.9020661,0.7193702,0.99611574,0.6771115,-0.03127713,0.7971419
DHX30_HepG2,0.49480373,-0.9193559,-0.9972071,-0.3987439,0.9959877,-0.036071148,-0.98562557,-0.902031,-0.1832555,0.31088775,0.20900446,-0.26210704,-0.89136803,-0.15321846,0.5611112,-0.4283558,-0.74617374,0.037349194,0.13844068,0.86589533,0.9102864,-0.07290023,0.17492254,0.85847914,-0.84567004,0.7949016,-0.9986582,-0.9982853,0.59677196,0.99486905,0.14162384,0.9048637,-0.998925,0.83910435,0.9802116,0.99999726,1.0,0.46739143,0.78726715,-0.785894,-0.848509,-0.6544002,-0.86815655,0.09842203,-0.30211,0.8919142,0.25287676,0.9562842,-0.30827603,-0.9744597,0.35193303,0.1599063,0.92472047,0.3398503,-0.6870607,0.90723264,0.939663,0.30972388,-0.31455228,-0.9440519,-0.8901394,-0.17514658,0.78491867,-0.71938777,0.60463274,0.30529195,0.20448619,0.7701377,-0.6565684,-0.24654728,0.983222,0.20877153,0.8191079,0.61355627,-0.5958409,0.82961196,-0.21939866,0.60821515,-0.9713204,0.6400614,0.77559495,0.3770963,-0.5687226,0.5941486,0.74817693,0.98345304,0.24693228,0.68183106,0.5126114,0.89451104,-0.97609144,-0.9726309,0.37330458,-0.12782747,0.118263885,0.8849651,-0.63862634,0.7926186,-0.8490651,-0.55657566,-0.13682197,-0.81374794,0.50857365,0.80087966,-0.98664135,0.7937107,0.22278142,0.909791,0.99967325,0.986911,0.40282482,-0.5710331,-0.17187214,0.65298545,0.0697288,-0.85215276,0.731564,-0.3008589,0.99449235,-0.8549647,-0.9760789,-0.95832616,0.9897159,-0.20745254,-0.4947893,0.6900362,-0.9504835,-0.11087479,-0.18061107,0.5138682,-0.8164501,0.9646886,0.6976414,-0.981489,0.25895333,-0.92570215,0.84022194,0.92526585,0.36029512,0.44722775,0.8689681,0.7596997,0.08818524,-0.25212997,-0.2852911,-0.33973163,0.9985235,0.9991513,0.99839365,-0.9689987,0.94440436,0.96169287,0.90577173,-0.22764608,-0.53584206,-0.3651462,0.3560763,0.9858047,-0.03130239,0.55524796,0.9033592,0.22284906,0.6388212,-0.96973145,-0.002226633,-0.5642771,-0.9270243,0.7501576,0.963996,-0.4997473,-0.13762079,0.815403,0.9541461,-0.22722028,-0.18908481,-0.5874148,-0.34798518,-0.99099475,0.6353193,-0.82811344,0.9841722,0.3152149,0.92728823,0.8976634,0.74884665,0.17643537,-0.24695306,-0.9809047,-0.85864705,0.9494095,0.47597623,-0.6752831,0.96455973,-0.98082334,-0.9876547,0.96728,0.97347623,0.48788232,0.8875751,0.9614535,-0.012265657,0.42681918,0.60940325,-0.86657083,-0.07866857,0.7808562,0.2538359,0.57435936,-0.26191825,0.2680176,-0.8527276,0.99550396,-0.4819437,-0.9385869,-0.1269207,-0.007894899,-0.9914544,-0.90104806,0.71773386,0.9963201,0.67884105,-0.033628725,0.7985603
DHX30_K562,0.9995111,-0.7775085,-0.40006018,-0.99709886,0.38640246,-0.9003345,-0.31131727,-0.80322057,-0.9547314,-0.6949366,-0.7668391,-0.9756496,-0.015895218,0.801999,-0.46950588,0.59862727,-0.93731284,-0.865977,-0.8108317,-0.037512366,0.059481733,0.8476253,-0.7886631,0.85462976,-0.86708194,-0.1648572,-0.42098263,-0.4148416,-0.4304457,0.3755528,-0.808946,0.79926705,-0.42590815,-0.08870733,0.28314245,0.4653101,0.46739143,1.0,-0.17715435,0.17934279,0.071236975,-0.97433436,-0.8445149,-0.8337566,-0.98394513,0.8166448,-0.7371251,0.70548975,-0.98508006,-0.25692943,-0.6630031,-0.7979359,0.095695294,-0.67258835,0.32122502,0.7958902,0.13675539,-0.6958164,-0.9861952,-0.732799,-0.013192259,-0.9522472,-0.18089241,-0.95030475,0.98675025,0.9845357,0.9609451,0.9238718,0.35993534,0.7415266,0.62081176,-0.7669919,-0.124282196,0.98486227,-0.9884741,-0.1058476,0.759966,-0.41746014,-0.2437819,-0.38007784,-0.19553366,-0.642533,-0.99297357,0.98879063,-0.23687549,0.2995001,0.9720879,-0.32800955,-0.519474,0.022875775,-0.26405898,-0.6600132,-0.64566225,-0.9365435,0.9331219,0.0019602883,-0.97878027,0.90948445,0.070188,-0.9946051,-0.939686,0.13348736,-0.5234811,0.9037161,-0.6051664,0.9087374,0.965959,0.7921684,0.44464177,0.60384077,-0.62087446,0.45884478,0.79056364,-0.36435398,-0.8493081,0.06432876,-0.26079488,-0.9837101,0.55747366,0.058941524,-0.64841795,-0.19536123,0.5890455,0.76785654,-0.9995116,-0.31733653,-0.7189888,-0.9304217,0.78509605,0.99857724,0.12886325,0.21803439,-0.3073039,-0.62805146,-0.73286283,-0.7670604,-0.08665734,0.09712389,-0.6562774,-0.5816822,-0.03134016,-0.21979809,-0.8393894,0.73764646,-0.98065275,-0.99025697,0.41867805,0.5034093,0.5167293,-0.67132026,0.15074277,0.20714281,0.0487195,0.754439,0.4959721,0.65234077,-0.65968,0.3123278,-0.8982478,-0.4757333,0.043066483,-0.7576615,-0.38156933,-0.23738232,-0.8850891,-0.99359745,-0.7648031,0.9352037,0.21547973,-0.9993167,-0.93996155,-0.13065894,0.7105926,0.75472593,-0.9564795,-0.99000233,-0.9914426,-0.34480742,-0.3857648,0.10851053,0.30332687,-0.6916532,0.102463774,0.029975291,-0.23589405,0.9526461,0.74124545,-0.6304048,0.05181091,0.7213738,-0.5550184,0.3364177,0.6840966,-0.28612813,-0.6001048,0.67639196,0.2527342,0.999728,0.82209444,0.6924604,-0.8897169,-0.5999881,-0.4160988,0.03616112,-0.91807973,-0.18731047,-0.73645484,-0.45523608,-0.9756067,-0.72643757,0.06323124,0.5490274,-0.9998633,-0.74372303,-0.93622273,0.88033307,-0.5787248,-0.03771268,-0.28011715,0.54144317,0.9664297,-0.89926827,0.9053633
DKC1_HepG2,-0.14629614,-0.48118687,-0.83112055,0.25155377,0.83928907,0.5878132,-0.8801239,-0.44396567,0.46189895,0.83080864,0.76753634,0.38870636,-0.98124284,-0.72995514,0.95213914,-0.89440733,-0.17692773,0.64558566,0.71966445,0.99013585,0.971903,-0.67236334,0.74481606,0.35962382,-0.33667865,0.9999221,-0.8181428,-0.8220111,0.9645952,0.84561104,0.72189283,0.44987684,-0.81500447,0.99601805,0.8937483,0.7887157,0.78726715,-0.17715435,1.0,-0.99999756,-0.99430263,-0.0489376,-0.37745228,0.69110274,0.34995845,0.42333984,0.7956528,0.57252973,0.34388563,-0.9056281,0.8542298,0.7345667,0.96271354,0.847464,-0.98893064,0.45486948,0.9507097,0.8301266,0.33767632,-0.53986436,-0.98176044,0.4691936,0.9999928,-0.13804632,-0.0151267685,-0.34682798,-0.4425974,0.212981,-0.9819845,-0.7916762,0.6615803,0.7673837,0.9985698,-0.0038757108,0.026116816,0.99740565,-0.77431375,0.96827734,-0.91130334,0.977657,0.999825,0.86796564,0.05944484,-0.028221598,0.99813676,0.88594764,-0.40311563,0.9878409,0.93299806,0.979873,-0.90247184,-0.62244713,0.8659269,0.51091933,-0.5191796,0.98383385,-0.028276,0.2480432,-0.99419,0.07410577,0.50309783,-0.999023,0.9312977,0.26126328,-0.6762996,0.24978001,-0.42572716,0.46031344,0.802771,0.6775242,0.8815017,-0.95574915,-0.74274564,0.98107773,0.67000645,-0.99354076,0.9963256,0.35118732,0.71830463,-0.9929138,-0.63437337,-0.9306102,0.69096625,-0.76651824,0.14631256,0.98953116,-0.55665684,0.52552223,-0.74866074,-0.12442095,-0.998806,0.921879,0.99100006,-0.6546016,0.79944485,-0.49553937,0.9958325,0.96232426,0.858848,0.90359795,0.9892517,0.9990535,0.6836352,-0.795185,0.36638597,0.31247795,0.8196002,0.7612003,0.7510663,-0.6105172,0.94623214,0.9261406,0.97438353,-0.7796405,-0.9424676,-0.8615027,0.8565246,0.8796185,0.5916666,0.9499554,0.9756406,0.77654785,0.9773167,-0.9139983,0.6148576,0.06482916,-0.49858564,0.18283397,0.9228898,0.14065693,0.5024007,0.99889284,0.56659025,-0.7793666,0.45662865,0.036563307,0.30411658,-0.8627424,0.9763444,-0.9975949,0.8840792,0.8333357,0.9608512,0.97843057,0.9981979,-0.46803695,-0.791932,-0.6523097,-0.9920398,0.5537975,0.917005,-0.98641574,0.5966641,-0.8923469,-0.680958,0.60506624,0.9074594,-0.1541528,0.41470826,0.5873723,0.6069094,0.8936458,0.96865046,-0.98994553,0.55276793,0.99994665,0.796253,0.9569349,0.38888657,0.8050542,-0.99341536,0.7253219,0.16085833,-0.5261609,0.511705,-0.6228083,-0.7001003,-0.97680205,0.9944061,0.73152053,0.08166003,0.58978856,0.2575323
DROSHA_HepG2,0.14849567,0.47923604,0.8298818,-0.25370553,-0.8380779,-0.58961093,0.8790659,0.44197193,-0.46387038,-0.83204436,-0.76895994,-0.3907544,0.98081166,0.7314735,-0.9528166,0.8953998,0.17473857,-0.6472826,-0.7212068,-0.9898218,-0.97137713,0.67400813,-0.74629813,-0.35754767,0.33458376,-0.9998919,0.81686187,0.82074255,-0.9651794,-0.8444218,-0.72343004,-0.4478897,0.81371355,-0.9958173,-0.89274853,-0.7873466,-0.785894,0.17934279,-0.99999756,1.0,0.9940631,0.046716206,0.37539193,-0.6927083,-0.35204086,-0.42132387,-0.79699796,-0.57070506,-0.34597304,0.9046827,-0.8553839,-0.7360739,-0.9621095,-0.84864247,0.98925817,-0.4528878,-0.95001775,-0.83136445,-0.33976877,0.5379909,0.98133516,-0.47115627,-0.99999875,0.13584334,0.017350292,0.348913,0.44459066,-0.21080744,0.9824023,0.793033,-0.659911,-0.7688078,-0.9984484,0.0060995,-0.028339926,-0.9972431,0.7757192,-0.9688307,0.9103854,-0.97812206,-0.99986416,-0.86906797,-0.061664697,0.030444697,-0.99827,-0.88491404,0.40514997,-0.9881842,-0.9337961,-0.9794266,0.9015116,0.62070507,-0.8670371,-0.51282984,0.5210791,-0.9834332,0.026053004,-0.24588823,0.9939481,-0.076323405,-0.5050185,0.9989223,-0.9321055,-0.25911605,0.67465955,-0.24762572,0.42773855,-0.458338,-0.8014429,-0.6758869,-0.8825496,0.95640105,0.7442332,-0.98150593,-0.6716557,0.9932859,-0.9965136,-0.3532687,-0.7167557,0.99264705,0.6326525,0.9297937,-0.689357,0.7679447,-0.14851221,-0.9898496,0.55480784,-0.52741295,0.7501333,0.12662753,0.9986949,-0.92101496,-0.99129534,0.6529186,-0.8007789,0.49360633,-0.9956272,-0.9617172,-0.859985,-0.90454835,-0.988924,-0.9991477,-0.6852566,0.7965315,-0.36845434,-0.3145897,-0.818324,-0.75975615,-0.7495961,0.6087542,-0.9455104,-0.92529947,-0.97388095,0.78103137,0.94320875,0.86262983,-0.85767025,-0.87855846,-0.59345806,-0.95064783,-0.9751503,-0.77794707,-0.9777853,0.9130937,-0.61661,-0.06704814,0.4966565,-0.1806472,-0.92203116,-0.14285842,-0.50432235,-0.99878573,-0.5647565,0.7807582,-0.45860595,-0.038785666,-0.3062344,0.8616157,-0.97682285,0.99743825,-0.8830377,-0.83456296,-0.9602326,-0.9779687,-0.99832886,0.47000122,0.7932881,0.65062237,0.9917573,-0.5519442,-0.9178897,0.9867786,-0.5948778,0.89134103,0.67932755,-0.603294,-0.9065228,0.15634976,-0.41268367,-0.5855709,-0.6086754,-0.89464164,-0.96920055,0.98962843,-0.55461985,-0.99996716,-0.79759645,-0.9575782,-0.39093447,-0.8063715,0.9931581,-0.7237892,-0.16305292,0.52426827,-0.51361454,0.6245466,0.69851047,0.97632337,-0.9946385,-0.73000246,-0.07944308,-0.5915832,-0.25538275
DROSHA_K562,0.040015455,0.5718873,0.88566136,-0.14695445,-0.89246094,-0.49822977,0.9257144,0.5369492,-0.36472574,-0.76674944,-0.694836,-0.28827983,0.9962011,0.6529399,-0.9141324,0.8416371,0.28083226,-0.56050307,-0.6415535,-0.99942964,-0.99145603,0.58962953,-0.6694455,-0.4570374,0.43513152,-0.9955556,0.87477463,0.8780301,-0.930987,-0.8976931,-0.6440162,-0.542512,0.8721274,-0.9998464,-0.93647105,-0.84975165,-0.848509,0.071236975,-0.99430263,0.9940631,1.0,0.15512513,0.47401077,-0.61012363,-0.24811077,-0.5174989,-0.72655004,-0.65666264,-0.24183355,0.945672,-0.7939452,-0.6580537,-0.98606473,-0.78604996,0.96748006,-0.5472061,-0.9783461,-0.76596284,-0.23541923,0.626514,0.99643284,-0.37238762,-0.99389046,0.24283332,-0.09154127,0.24487436,0.3444908,-0.31591594,0.9562476,0.72204316,-0.73774314,-0.69466484,-0.9985795,-0.10273974,0.080589555,-0.9993963,0.7024493,-0.9361253,0.9499998,-0.9496802,-0.9921347,-0.8100833,0.047299385,-0.078490786,-0.98594606,-0.93033683,0.3032695,-0.96564084,-0.8893212,-0.9955688,0.94324535,0.70232797,-0.8076782,-0.41637692,0.4251194,-0.99731785,0.13466644,-0.34989285,0.99999946,0.032617517,-0.40810966,0.9980419,-0.88716394,-0.36266652,0.7509665,-0.3515722,0.32684988,-0.5523204,-0.861758,-0.75206417,-0.8261478,0.91894585,0.6671415,-0.9548501,-0.5870584,0.99997604,-0.9815198,-0.24938178,-0.78837276,0.99992406,0.7131591,0.9643228,-0.76408505,0.69369406,-0.040032167,-0.9685098,0.64203763,-0.43183997,0.67372847,0.01794631,0.9983228,-0.95792955,-0.97108513,0.7314543,-0.7308549,0.58530223,-0.9998804,-0.98582494,-0.79935414,-0.85278684,-0.999202,-0.9887247,-0.6019454,0.72601956,-0.2651166,-0.20944104,-0.8760022,-0.82599145,-0.8171634,0.69146156,-0.975323,-0.961069,-0.99280435,0.70844656,0.9014639,0.80247104,-0.7966308,-0.9253116,-0.50236136,-0.91124475,-0.9934661,-0.7049631,-0.94917375,0.95203793,-0.5272904,0.041910127,0.58814496,-0.28658956,-0.9586773,-0.03432123,-0.40737343,-0.99821633,-0.65119565,0.7081379,-0.35919476,0.070168026,-0.20083894,0.9117256,-0.94773394,0.99929965,-0.9288576,-0.7696662,-0.9849103,-0.99487585,-0.98611426,0.3711724,0.72233284,0.72938657,0.9998106,-0.63939804,-0.86926264,0.96328574,-0.6788055,0.9353741,0.7551394,-0.68648654,-0.9470737,0.047954593,-0.5093411,-0.6702941,-0.51873374,-0.8407179,-0.9366508,0.9993831,-0.46079004,-0.99314857,-0.72723097,-0.9205384,-0.2884675,-0.73723584,0.9999678,-0.7945699,-0.054735936,0.6138089,-0.41720825,0.53586334,0.77222437,0.9940634,-0.9774816,-0.8000307,-0.18743284,-0.50034755,-0.35906363
EFTUD2_HepG2,-0.98089623,0.8991159,0.596099,0.95437324,-0.58410686,0.77926123,0.5172464,0.9166968,0.86326563,0.5152335,0.60267603,0.9012354,0.2405647,-0.6469538,0.25870323,-0.40294728,0.991703,0.7311795,0.6582715,-0.18839763,-0.28266215,-0.7064305,0.63002086,-0.9495785,0.95696765,-0.061399605,0.6143642,0.60901654,0.21621385,-0.5745422,0.655848,-0.9140364,0.6186451,-0.13778763,-0.49176925,-0.6526194,-0.6544002,-0.97433436,-0.0489376,0.046716206,0.15512513,1.0,0.94339114,0.68806964,0.9185167,-0.92560273,0.5660898,-0.8469198,0.9210575,0.46788406,0.47746873,0.6417756,-0.31731176,0.4887439,-0.09980484,-0.91175133,-0.35623622,0.5162825,0.92360944,0.86716324,0.23793961,0.859076,-0.04514237,0.99599475,-0.9979473,-0.91983205,-0.8739863,-0.98630846,-0.14067893,-0.57146615,-0.78135204,0.602866,-0.102267966,-0.99860466,0.997183,-0.12071014,-0.5941506,0.20219336,0.45583943,0.16211043,-0.030245263,0.45355308,0.99412644,-0.9970229,0.012096662,-0.5065857,-0.894325,0.10693943,0.31379157,-0.24733539,0.4743977,0.81218517,0.4571949,0.8335956,-0.8282337,-0.22701532,0.99978626,-0.97972685,0.15616402,0.99242896,0.8385736,0.093029745,0.31824708,-0.9768966,0.76884073,-0.97936606,-0.8829333,-0.90921944,-0.6348587,-0.76777554,0.4284766,-0.24705829,-0.632423,0.14537051,0.70867735,0.16196167,0.03678572,0.9179971,-0.73004717,0.16728541,0.8031454,0.41111553,-0.75583506,-0.60394144,0.98089296,0.0957214,0.85698867,0.82404274,-0.62552136,-0.9849518,0.09767291,-0.43212825,0.08520365,0.78710306,0.5608968,0.89179534,-0.13982561,-0.31867254,0.46958688,0.38364834,-0.19445927,-0.0054439474,0.695494,-0.566726,0.9114181,0.9334949,-0.6123587,-0.68499124,-0.69619113,0.82093143,-0.3694072,-0.42204973,-0.2723074,-0.58732325,-0.2877748,-0.4649847,0.4735716,-0.5181563,0.7762621,0.26552266,-0.26685795,0.591301,0.1637019,0.44996095,0.7576036,0.9935282,0.8902015,-0.9909133,-0.42976683,0.9819887,0.8390127,-0.09587041,-0.85073996,-0.58767706,0.86624515,0.9963447,0.9366107,0.5472585,0.16818209,0.11805081,-0.51004183,0.5113235,-0.32375482,-0.25421044,0.011086789,-0.85974544,-0.57112235,0.78896695,0.17432204,-0.8587553,0.35352194,-0.11579844,-0.8307289,0.49447855,0.7647696,-0.82483166,-0.46404526,-0.97931933,-0.92915905,-0.8370918,0.76411813,0.40450236,0.20072643,0.18972564,0.80528563,-0.038618423,0.56527215,0.24312454,0.90115064,0.55309314,0.1630467,-0.7230805,0.9779229,0.8751153,0.8330902,-0.75095844,0.74745035,0.26169017,0.056834172,-0.7168013,-0.9994623,0.7777273,-0.97771496
EFTUD2_K562,-0.8608459,0.99339885,0.8286661,0.8013015,-0.8202601,0.52728295,0.77183163,0.9973384,0.64698046,0.2017984,0.30388138,0.7064896,0.5488883,-0.35741317,-0.07633256,-0.07657367,0.9782016,0.46351936,0.37132338,-0.50347555,-0.58481723,-0.43168128,0.33677885,-0.9998161,0.9990472,-0.38898042,0.84129065,0.83761716,-0.119862564,-0.81349176,0.36833647,-0.9968349,0.84421724,-0.45850635,-0.7527351,-0.8669864,-0.86815655,-0.8445149,-0.37745228,0.37539193,0.47401077,0.94339114,1.0,0.40843526,0.7353792,-0.998746,0.2606239,-0.975339,0.7397516,0.7345354,0.15900743,0.3510806,-0.6138905,0.17170787,0.23587155,-0.9963742,-0.6459928,0.20299745,0.74417955,0.98325986,0.54662657,0.64067376,-0.37393117,0.9692689,-0.9202134,-0.7376383,-0.6633297,-0.98517275,0.19566889,-0.26692894,-0.9441204,0.30410805,-0.4264219,-0.92455924,0.91585535,-0.44313392,-0.29372633,-0.13408428,0.72525275,-0.17436157,-0.36006376,0.13227287,0.9019539,-0.91500795,-0.32024622,-0.76388156,-0.6952978,-0.22889467,-0.018901577,-0.5547109,0.7395261,0.95971173,0.13632636,0.60319346,-0.59547937,-0.5371866,0.93633175,-0.99071413,0.47493678,0.89551145,0.61040616,0.4180072,-0.014205793,-0.9924802,0.93740857,-0.99095637,-0.67722726,-0.99583465,-0.85518724,-0.9368279,0.10452842,0.088327855,-0.3396935,-0.19101778,0.4345471,0.4800966,-0.29675457,0.7344894,-0.91539073,0.48482406,0.955291,0.69019866,-0.9302212,-0.30539232,0.86083746,-0.23985665,0.97940314,0.5894873,-0.3313303,-0.8718704,0.42224002,-0.7067812,-0.25009587,0.94713485,0.2545499,0.99137783,-0.46033433,-0.6150229,0.15016623,0.055628613,-0.50880206,-0.33681324,0.4177985,-0.26136884,0.72334254,0.7617127,-0.8399152,-0.88786227,-0.8948809,0.9638589,-0.6567171,-0.6988522,-0.57604057,-0.28562775,0.04616718,-0.14501752,0.1546322,-0.7725073,0.52322274,-0.06928484,-0.57140565,0.2903426,-0.17277303,0.7206975,0.49822238,0.89961106,0.9909117,-0.9794308,-0.7049275,0.86373156,0.61104476,-0.4205978,-0.97690845,-0.28604633,0.6514931,0.91160893,0.76737803,0.79388493,-0.1682964,0.44073123,-0.7664654,0.1973341,-0.61924577,-0.56060624,-0.3212028,-0.6416786,-0.26652506,0.9481019,0.49105775,-0.9800915,0.023245288,0.2202081,-0.9683423,0.7547818,0.935181,-0.9656649,-0.73158425,-0.8567749,-0.9991768,-0.9711559,0.50690174,0.0782681,-0.13556823,0.5046434,0.5630491,-0.36786723,0.25966647,-0.09236876,0.70635116,0.2454521,0.48106074,-0.9112619,0.8532535,0.9860819,0.602464,-0.48942122,0.9254805,0.5670001,-0.27752942,-0.9074988,-0.9537591,0.52520484,-0.9919999
EIF3D_HepG2,-0.81608593,0.30103198,-0.17247027,0.87336457,0.18708262,0.99094695,-0.26513156,0.34079564,0.9602559,0.9764302,0.99373734,0.9345562,-0.5388098,-0.9984745,0.87894726,-0.9413826,0.58907896,0.9981264,0.9991878,0.58301973,0.5015612,-0.99967194,0.99701804,-0.42586523,0.44788218,0.68202835,-0.14982463,-0.15650475,0.8572505,0.19859701,0.9990532,-0.33457595,-0.1444471,0.6239158,0.29346588,0.100763164,0.09842203,-0.8337566,0.69110274,-0.6927083,-0.61012363,0.68806964,0.40843526,1.0,0.91891044,-0.36222512,0.98768973,-0.19689967,0.916337,-0.31938046,0.9661185,0.99807775,0.46981168,0.9693621,-0.7906942,-0.32929528,0.4329241,0.9766937,0.9136725,0.23528017,-0.5410852,0.9625239,0.69384384,0.6204325,-0.733128,-0.91758794,-0.9539909,-0.55898213,-0.8152252,-0.9886911,-0.08475654,0.9937639,0.65147257,-0.72542965,0.7405594,0.6372816,-0.992492,0.84978,-0.33221948,0.8275896,0.7045018,0.95879185,0.7625609,-0.7419727,0.733915,0.27707705,-0.94002426,0.7950653,0.9049042,0.5329148,-0.31237406,0.1354991,0.959946,0.9744,-0.97652125,0.55049646,0.7029259,-0.52874637,-0.60929,0.771984,0.9723198,-0.6584868,0.9068929,-0.5170937,0.065009445,-0.5272233,-0.94820863,-0.3235079,0.12382647,-0.06334893,0.95048004,-0.8731435,-0.9972523,0.8179614,0.9995854,-0.604623,0.7504647,0.9194272,-0.0064202542,-0.60031533,0.12029314,-0.37860972,-0.04494266,-0.99391335,0.8160956,0.7881756,0.21571766,0.97809654,-0.9965553,-0.80312794,-0.6549692,0.35706085,0.78163195,0.09398844,0.98668694,0.28530738,0.6223063,0.46854416,0.9637702,0.93409455,0.57799095,0.7218881,0.99994713,-0.98781013,0.92570853,0.90251887,0.1523348,0.057347838,0.041880827,0.1504954,0.42014018,0.36745012,0.5108563,-0.9914216,-0.89295757,-0.9623686,0.96496564,0.26410607,0.99157625,0.8822955,0.5157129,0.9920531,0.82849395,-0.33843118,0.9949232,0.7660397,0.28194082,-0.5842166,0.359504,0.8127796,0.972131,0.6563367,-0.20397899,-0.9914786,0.958583,0.74754226,0.89869887,-0.23078622,0.83102953,-0.63934356,0.27321854,0.9754367,0.4637963,0.52689195,0.73322856,-0.9621681,-0.9886282,0.097002275,-0.5945885,-0.21907328,0.92203474,-0.80044043,-0.1676496,-0.29048717,0.058679245,-0.1572779,0.3234888,-0.8206529,-0.3710695,-0.17900446,0.9938627,0.9419547,0.8489896,-0.58192074,0.9843179,0.6985312,0.98753417,0.8711584,0.9346258,0.98511523,-0.60374695,0.0037191582,0.8245141,0.2509902,0.9746051,-0.9958908,0.032239288,-0.5202964,0.7635776,0.012766329,-0.6639072,0.9912721,-0.5203966
EIF3G_K562,-0.977884,0.65279,0.23007047,0.99467534,-0.21558946,0.96355015,0.13671702,0.68401325,0.99249303,0.81211287,0.86907744,0.99913067,-0.16280857,-0.89572835,0.61954534,-0.73197675,0.86006916,0.9413244,0.9022694,0.21525563,0.11962838,-0.9287127,0.8857299,-0.74823976,0.76425296,0.33823964,0.25233835,0.2457915,0.5846259,-0.20411612,0.9008786,-0.6791781,0.25759545,0.2650507,-0.10742889,-0.29986626,-0.30211,-0.98394513,0.34995845,-0.35204086,-0.24811077,0.9185167,0.7353792,0.91891044,1.0,-0.7005307,0.84589374,-0.56767714,0.999979,0.080324344,0.7859651,0.8926972,0.08349315,0.7938617,-0.4850807,-0.6750585,0.042234566,0.8128267,0.99991447,0.59959406,-0.16547526,0.99145126,0.3535151,0.87948596,-0.9419518,-0.9999944,-0.9949072,-0.8407378,-0.52066636,-0.8493619,-0.4709306,0.86919516,0.2993743,-0.93811446,0.9455855,0.28161678,-0.8637644,0.5729338,0.06678145,0.53905344,0.36742052,0.7689723,0.9559119,-0.94626844,0.40646425,-0.12441302,-0.99835354,0.49134052,0.66363496,0.15591593,0.08768306,0.5153395,0.7715808,0.9840708,-0.9823119,0.17654163,0.9264953,-0.8206856,-0.24709201,0.9601234,0.98564345,-0.30821794,0.6671405,-0.8127979,0.4533697,-0.8196596,-0.9966203,-0.6705289,-0.27764484,-0.45188603,0.75081164,-0.61005276,-0.8871634,0.5247074,0.929887,-0.24139768,0.4289029,0.99999917,-0.40035766,-0.2361562,0.5021404,0.017192481,-0.43536606,-0.86986125,0.97788745,0.48148835,0.58340406,0.98089194,-0.8830318,-0.9730283,-0.30377728,-0.040356565,0.47220537,0.47908705,0.84252435,0.6402426,0.26306584,0.082062796,0.78040093,0.71751463,0.20922047,0.39037597,0.92291754,-0.8463051,0.9998452,0.999211,-0.24988037,-0.34111953,-0.35563552,0.52826536,0.028109143,-0.029216943,0.13032189,-0.8594697,-0.64298254,-0.77713543,0.7832184,-0.13777038,0.9622627,0.62507683,0.1359305,0.8619762,0.54041135,0.0602013,0.9539434,0.95748204,0.63754183,-0.8569907,-0.03774168,0.97667634,0.9857793,0.3055024,-0.57361126,-0.85969317,0.99320114,0.9489345,0.99882334,0.17174557,0.5442284,-0.28418583,-0.12839425,0.809446,0.076713055,0.1488969,0.40554127,-0.99162126,-0.8491408,0.4817424,-0.22921064,-0.5861928,0.6945665,-0.49908537,-0.5429381,0.1105249,0.44770762,-0.5340811,-0.07599939,-0.9795152,-0.7072831,-0.55258393,0.9569069,0.7331338,0.5717057,-0.21393497,0.9740853,0.35961556,0.84536445,0.60683274,0.9991225,0.8374259,-0.24033017,-0.39104584,0.98085994,0.61247677,0.9839078,-0.9508583,0.42388624,-0.1412371,0.44694623,-0.38270298,-0.90505904,0.9628935,-0.81504226
EIF3H_HepG2,0.8342905,-0.9978961,-0.85565007,-0.77034515,0.8478678,-0.48408267,-0.8026958,-0.99973804,-0.607995,-0.15251125,-0.25580356,-0.67017204,-0.59004855,0.31020752,0.12615493,0.02656024,-0.96657884,-0.4185769,-0.32437307,0.5461001,0.6246942,0.38598076,-0.2892168,0.9976022,-0.9956095,0.4346141,-0.86729944,-0.8639148,0.16941535,0.8415877,-0.3213304,0.99956495,-0.8699931,0.502423,0.78474957,0.8908478,0.8919142,0.8166448,0.42333984,-0.42132387,-0.5174989,-0.92560273,-0.998746,-0.36222512,-0.7005307,1.0,-0.211963,0.9851657,-0.70513666,-0.7675861,-0.10938094,-0.3037631,0.652641,-0.12217195,-0.28422707,0.99938416,0.68339884,-0.1537211,-0.7098044,-0.991149,-0.5878638,-0.6014304,0.4198946,-0.95573753,0.89946353,0.7029101,0.6250335,0.975348,-0.24451971,0.2183467,0.95943767,-0.2560338,0.47117156,0.9043235,-0.89460564,0.48745853,0.24550231,0.18352821,-0.7588116,0.22344019,0.40631852,-0.08248274,-0.87920356,0.8936628,0.36727205,0.7952329,0.65844357,0.27734268,0.06893309,0.5956709,-0.7722983,-0.97257555,-0.08655865,-0.562506,0.55451244,0.57874036,-0.9175792,0.982665,-0.5183986,-0.872108,-0.56998545,-0.4629636,0.06424721,0.98510754,-0.95366704,0.98299587,0.639542,0.9991506,0.8800641,0.95316505,-0.05460744,-0.1380857,0.29218036,0.23992044,-0.3889119,-0.52341133,0.34419143,-0.6995938,0.934397,-0.5280029,-0.9688954,-0.72556067,0.94742817,0.25733718,-0.8342813,0.28815868,-0.9882837,-0.54830736,0.28367862,0.8462588,-0.467093,0.7413119,0.29825547,-0.9620095,-0.20581576,-0.9966948,0.50420123,0.65372777,-0.10048157,-0.0055722147,0.55126333,0.3835299,-0.37178925,0.21271718,-0.6878667,-0.72832006,0.86603266,0.90978384,0.9161026,-0.975988,0.69364893,0.733785,0.61624175,0.23729081,-0.096120305,0.09530097,-0.10497629,0.80332965,-0.47990227,0.11914169,0.6117751,-0.24207085,0.22186765,-0.75450087,-0.45418963,-0.87662053,-0.99640346,0.96810067,0.73955303,-0.83741856,-0.570648,0.46549106,0.98638,0.23771556,-0.6126947,-0.88988644,-0.73431474,-0.8233318,0.21743542,-0.4851182,0.7976599,-0.14800681,0.65777946,0.6013604,0.36821133,0.6024758,0.21793783,-0.96283174,-0.53405434,0.9888025,0.026834615,-0.26876694,0.97962534,-0.7866763,-0.95173955,0.9774602,0.7647982,0.8298829,0.9999548,0.98187566,-0.4631107,-0.028259372,0.1850002,-0.54723245,-0.520969,0.41395953,-0.21099395,0.14210294,-0.6700269,-0.19661167,-0.52434826,0.930737,-0.8260753,-0.99316907,-0.56175005,0.4451492,-0.943284,-0.6075279,0.32527903,0.9273904,0.9375152,-0.48194286,0.984436
EIF4G2_K562,-0.71563643,0.14815645,-0.32442862,0.7864234,0.33844358,0.95774734,-0.41269532,0.18953836,0.9047732,0.998172,0.9989834,0.86739284,-0.6639541,-0.99482,0.9427296,-0.98256266,0.45542315,0.97626823,0.99319065,0.70293194,0.63071424,-0.98335904,0.9968156,-0.27909073,0.30250958,0.78803056,-0.3026403,-0.30907622,0.9272411,0.34946212,0.99356,-0.18304642,-0.297454,0.7384806,0.43939143,0.25515231,0.25287676,-0.7371251,0.7956528,-0.79699796,-0.72655004,0.5660898,0.2606239,0.98768973,0.84589374,-0.211963,1.0,-0.041112203,0.84242254,-0.46368226,0.9945986,0.99548554,0.6021156,0.99585277,-0.87672615,-0.1775401,0.5686016,0.99824524,0.8388455,0.080349356,-0.6659732,0.9082528,0.7979486,0.49011642,-0.61771923,-0.8441078,-0.895345,-0.42239574,-0.8957826,-0.99997866,0.07214967,0.9989726,0.76212865,-0.6088319,0.62632626,0.7499831,-0.9994065,0.9217769,-0.4756708,0.9052087,0.8068449,0.9914309,0.65197915,-0.6279662,0.8311311,0.42396742,-0.8750943,0.8801537,0.96034175,0.65871716,-0.45712668,-0.021152338,0.99195695,0.927237,-0.9308026,0.67431,0.5830126,-0.38946623,-0.7258269,0.6630498,0.92380077,-0.76810545,0.9616406,-0.37683874,-0.09188564,-0.38781404,-0.8868475,-0.17151149,0.27752408,0.093542546,0.9873943,-0.9386466,-0.9965639,0.8978796,0.9827764,-0.72177494,0.8446097,0.8465928,0.15008137,-0.7180287,-0.036477502,-0.5187296,0.11187836,-0.9989106,0.71564806,0.8747452,0.060319338,0.93349564,-0.9972599,-0.7000419,-0.7651104,0.4987797,0.86957884,-0.06290183,0.9999803,0.13187112,0.7370915,0.600969,0.99363,0.9784436,0.6985259,0.82124966,0.9860292,-0.9999997,0.8551467,0.8240438,0.30505958,0.21281013,0.19765371,-0.006001361,0.55691814,0.5084093,0.6390415,-0.9996622,-0.95237863,-0.9930299,0.99412906,0.41172644,0.95910877,0.9450631,0.643384,0.99952215,0.905893,-0.48146024,0.9669331,0.65606,0.12839025,-0.45006981,0.5010461,0.7116449,0.92349166,0.7662753,-0.048331067,-0.9996508,0.90223044,0.6344396,0.81903255,-0.38014808,0.90780777,-0.751752,0.42032927,0.99788624,0.5966709,0.6533571,0.830569,-0.90770423,-0.9999813,-0.059879865,-0.7130398,-0.063750565,0.97123784,-0.8843503,-0.011373915,-0.4365915,-0.09819963,-0.0008627612,0.46752167,-0.7211645,-0.22124384,-0.022901602,0.96432406,0.9828773,0.9211952,-0.70196956,0.9446066,0.8018672,0.9999995,0.9372396,0.8674902,0.99987704,-0.72101337,0.1600981,0.7258519,0.096482,0.9275789,-0.9694648,-0.12450197,-0.6474767,0.8551844,0.16902223,-0.5387569,0.9584474,-0.38041446
EWSR1_K562,0.7273038,-0.9942188,-0.9317725,-0.6494972,0.926277,-0.32674277,-0.8931322,-0.98883545,-0.4627309,0.019349517,-0.08611269,-0.5328637,-0.7198445,0.14246543,0.29451835,-0.1453791,-0.90824574,-0.25651845,-0.15723422,0.6817567,0.74942905,0.22194739,-0.12065452,0.9709269,-0.96477735,0.58271796,-0.9398568,-0.9375264,0.33602747,0.9217912,-0.15405856,0.98979855,-0.9417,0.6433441,0.8794719,0.9555935,0.9562842,0.70548975,0.57252973,-0.57070506,-0.65666264,-0.8469198,-0.975339,-0.19689967,-0.56767714,0.9851657,-0.041112203,1.0,-0.5729957,-0.8661896,0.062817864,-0.13575992,0.7729796,0.049960624,-0.4445391,0.9905806,0.7985411,0.018125333,-0.5783961,-0.99922734,-0.7179654,-0.45540842,0.5694105,-0.89106977,0.8111296,0.57042336,0.48180634,0.92301077,-0.40728906,0.04764232,0.99358433,-0.08634987,0.61554545,0.8176589,-0.8046517,0.6300643,0.0755063,0.34949675,-0.8593238,0.38739288,0.5570927,0.08976195,-0.7844001,0.8033997,0.52143675,0.8874815,0.51952034,0.43810233,0.23910818,0.7246732,-0.8698562,-0.99806136,0.085687175,-0.41227916,0.40348056,0.71010184,-0.83574504,0.9362738,-0.6574555,-0.77520186,-0.42052943,-0.60820353,0.23454559,0.9409884,-0.9911501,0.9369022,0.49813184,0.9914004,0.9484968,0.9909278,0.11755244,-0.3059989,0.12372851,0.40295509,-0.2250466,-0.661869,0.50020623,-0.5665965,0.9816676,-0.6659053,-0.9969899,-0.8328894,0.9882822,0.087693274,-0.7272924,0.44821075,-0.99981505,-0.39666367,0.11491416,0.7422784,-0.61189944,0.8454901,0.45762634,-0.9945899,-0.03483072,-0.9958503,0.64491814,0.7738894,0.07174636,0.16611353,0.68626183,0.53632325,-0.20696937,0.041883208,-0.5531049,-0.59992534,0.9389864,0.9675184,0.9713172,-0.9988898,0.8069691,0.83948565,0.7422496,0.06706619,-0.2655057,-0.07693755,0.06723866,0.89361,-0.3222295,0.28775787,0.7384455,-0.07197795,0.3859053,-0.85593307,-0.2945674,-0.7810427,-0.99616367,0.91074175,0.8440898,-0.73120266,-0.42126086,0.61046594,0.9999739,0.06750246,-0.46798238,-0.79840213,-0.6069342,-0.9085149,0.38170996,-0.627982,0.88932383,0.023904506,0.7772771,0.72954893,0.52229834,0.45657352,0.047223955,-0.99489987,-0.67121613,0.99974304,0.19798073,-0.43007162,0.9995575,-0.88095,-0.9902882,0.9991896,0.86401343,0.72182685,0.9834898,0.999834,-0.3041463,0.14369716,0.35089955,-0.68274534,-0.366762,0.5640306,-0.040121436,0.30985934,-0.5326983,-0.025438827,-0.6626929,0.9796846,-0.7171108,-0.9984598,-0.4114462,0.28488007,-0.9862619,-0.73482186,0.4827272,0.97783005,0.8638986,-0.32443216,0.9396739
EXOSC5_HepG2,-0.9792177,0.65768135,0.23636687,0.99532175,-0.22190762,0.9617977,0.14312828,0.68872184,0.9916803,0.8083177,0.86585623,0.9988398,-0.15641661,-0.8928308,0.6144498,-0.72754985,0.86335474,0.93911934,0.8994587,0.20892797,0.11319744,-0.92629236,0.8827056,-0.7525197,0.76841277,0.33213925,0.25859845,0.25206265,0.5793605,-0.21045044,0.8980491,-0.68391633,0.2638465,0.25880182,-0.1138641,-0.30603695,-0.30827603,-0.98508006,0.34388563,-0.34597304,-0.24183355,0.9210575,0.7397516,0.916337,0.999979,-0.70513666,0.84242254,-0.5729957,1.0,0.08677714,0.78194535,0.88976055,0.077039085,0.78990763,-0.47940797,-0.6798213,0.03576453,0.8090379,0.9999782,0.6047634,-0.15908614,0.9905856,0.34745085,0.8825491,-0.94410604,-0.9999951,-0.9942337,-0.844226,-0.515127,-0.8459266,-0.4766327,0.8659753,0.2931901,-0.94033724,0.9476724,0.27539802,-0.8604836,0.5676149,0.07324052,0.53358847,0.36139077,0.7648168,0.95779324,-0.9483425,0.4005398,-0.13083503,-0.9979612,0.48569074,0.6587774,0.14951693,0.09413121,0.520878,0.76744574,0.98289907,-0.98107886,0.17016517,0.9289122,-0.82436806,-0.24081269,0.9619135,0.98452955,-0.30205223,0.66230345,-0.8165528,0.45913145,-0.82335156,-0.9960675,-0.6753185,-0.28385937,-0.4576527,0.7465191,-0.6049095,-0.8841569,0.51918435,0.92748576,-0.23510872,0.42304477,0.99996966,-0.4062826,-0.22985947,0.5077293,0.023666091,-0.441186,-0.8666489,0.9792211,0.47580332,0.58865064,0.97961164,-0.8799745,-0.97450155,-0.29760242,-0.04682537,0.4664879,0.48476046,0.83901894,0.64520305,0.25681347,0.075607985,0.77633595,0.71298957,0.20288445,0.3844066,0.9204054,-0.84283817,0.9997103,0.9994472,-0.25614467,-0.34719893,-0.3616797,0.533752,0.021636186,-0.035688493,0.12389945,-0.8561418,-0.63801044,-0.7730443,0.77917624,-0.14418069,0.9604806,0.6200096,0.12951282,0.85867566,0.534952,0.06666322,0.951981,0.9593301,0.64251685,-0.8603095,-0.0442112,0.9780462,0.9846705,0.29933065,-0.578903,-0.8563677,0.9924266,0.95095724,0.9991164,0.17812069,0.5387849,-0.27797192,-0.13481289,0.805627,0.07025561,0.14249103,0.3996142,-0.990764,-0.8457032,0.48740637,-0.2229033,-0.5914263,0.689894,-0.4934636,-0.5483642,0.116957836,0.45348755,-0.53954405,-0.082453996,-0.9807985,-0.7118456,-0.5579689,0.9550066,0.72871494,0.5663813,-0.20760547,0.97260034,0.3535663,0.8418879,0.6016736,0.9988304,0.83386946,-0.23403999,-0.39699697,0.9821001,0.61758226,0.98273027,-0.9488335,0.4297418,-0.13482411,0.44114465,-0.38867697,-0.90779376,0.9611258,-0.8187767
EXOSC5_K562,-0.28702033,0.8075264,0.9885097,0.18262225,-0.990646,-0.18926677,0.998391,0.78205574,-0.042184696,-0.5163824,-0.42326933,0.03870094,0.97039205,0.37121624,-0.73265976,0.62033236,0.5776135,-0.2608013,-0.35730496,-0.9561119,-0.9800016,0.29500338,-0.3915554,-0.7213867,0.704221,-0.9108503,0.9847814,0.98593366,-0.76172173,-0.992179,-0.36030573,-0.7861567,0.9838219,-0.9398287,-0.99962944,-0.97498536,-0.9744597,-0.25692943,-0.9056281,0.9046827,0.945672,0.46788406,0.7345354,-0.31938046,0.080324344,-0.7675861,-0.46368226,-0.8661896,0.08677714,1.0,-0.5531409,-0.37749508,-0.9865818,-0.5423668,0.83268005,-0.7896041,-0.9924869,-0.51533335,0.093354486,0.8458806,0.96973544,-0.050417963,-0.90401036,0.54503137,-0.41032514,-0.08365302,0.020553887,-0.60722464,0.80917937,0.45788077,-0.91714704,-0.42305374,-0.9270055,-0.42055988,0.400276,-0.93380576,0.4328862,-0.7709328,0.9999078,-0.79625076,-0.8975369,-0.57544935,0.36948806,-0.3983457,-0.87806535,-0.99901783,-0.023017086,-0.82868665,-0.6923333,-0.9720547,0.99997276,0.8956113,-0.5720989,-0.09815787,0.10774323,-0.966932,0.449511,-0.6354552,0.9460134,0.3557947,-0.089123085,0.92348427,-0.68893695,-0.64595133,0.92485917,-0.63683873,0.0018274337,-0.7933462,-0.9798813,-0.9254908,-0.59807354,0.7407981,0.38870338,-0.8063851,-0.2919638,0.94790053,-0.86598027,0.07901674,-0.9455565,0.94960606,0.902326,0.9980024,-0.9323153,0.42183137,0.28700432,-0.83494514,0.85641927,-0.11513486,0.39686763,-0.30809855,0.9252637,-0.9991984,-0.8407105,0.9134136,-0.4692422,0.81711775,-0.94052976,-0.98681515,-0.56057376,-0.6366586,-0.95790327,-0.88632387,-0.30962065,0.4629982,0.06277485,0.11984845,-0.98521954,-0.96438277,-0.960171,0.88876843,-0.994117,-0.99869007,-0.97779995,0.44049835,0.7117587,0.5648768,-0.55682623,-0.9983301,-0.1939496,-0.72783214,-0.97659856,-0.4360728,-0.79527396,0.9997965,-0.22239223,0.36446983,0.8191366,-0.58250433,-0.9990902,0.29247406,-0.088319935,-0.92457515,-0.862556,0.44010577,-0.036255985,0.39067635,0.12857036,0.9957535,-0.7925114,0.93284416,-0.9988319,-0.52027875,-0.9876695,-0.9736975,-0.8785482,0.049110513,0.4582531,0.91217697,0.95182043,-0.8546395,-0.66131294,0.8236641,-0.8806705,0.9995398,0.9272527,-0.88560134,-0.9999906,-0.27939886,-0.76145834,-0.87515014,-0.21259327,-0.6189983,-0.7718857,0.95650727,-0.14720725,-0.9011995,-0.46456036,-0.74351776,0.03850558,-0.47751915,0.9482503,-0.94880784,0.2728726,0.83713144,-0.09906751,0.2322487,0.9368374,0.9754322,-0.8557696,-0.95162666,-0.49661025,-0.19166583,-0.6429973
FAM120A_HepG2,-0.63927263,0.04470582,-0.42085764,0.7180622,0.43428597,0.9227214,-0.50501066,0.08660042,0.8556802,0.99905366,0.98890835,0.8110565,-0.73798364,-0.97889555,0.97225946,-0.99655443,0.36055657,0.9485165,0.9757338,0.77296066,0.7078546,-0.9591906,0.9831547,-0.17791198,0.20194294,0.84767455,-0.39993396,-0.4061205,0.9611006,0.44482604,0.9764327,-0.080015786,-0.3949448,0.8044787,0.5302574,0.35413435,0.35193303,-0.6630031,0.8542298,-0.8553839,-0.7939452,0.47746873,0.15900743,0.9661185,0.7859651,-0.10938094,0.9945986,0.062817864,0.78194535,-0.5531409,1.0,0.9802569,0.6817348,0.9999171,-0.92191535,-0.074434325,0.65091413,0.99899966,0.77781135,-0.02354492,-0.73980516,0.85991657,0.85619897,0.39699474,-0.532758,-0.78389585,-0.84428096,-0.32603267,-0.9370806,-0.9938989,0.1752852,0.98887295,0.8252122,-0.52320236,0.54202807,0.8145886,-0.9904328,0.9570418,-0.5644029,0.94442916,0.86380553,0.99963486,0.5697558,-0.54379636,0.88436025,0.5156829,-0.8201354,0.9246704,0.9840955,0.7332542,-0.5469738,-0.1248105,0.999737,0.88335973,-0.8878354,0.7473156,0.4955334,-0.29176256,-0.7933053,0.58176947,0.8790703,-0.83041954,0.9849189,-0.27865958,-0.1947461,-0.29004672,-0.83409727,-0.06832724,0.3757436,0.19637781,0.9984898,-0.96937376,-0.9825839,0.938725,0.95828676,-0.78971636,0.8956181,0.7867757,0.25189087,-0.7863937,-0.14000727,-0.6046667,0.21441807,-0.9886714,0.6392853,0.92031807,-0.04361335,0.8912335,-0.9841948,-0.6221399,-0.82781184,0.5860484,0.91613567,-0.1661524,0.99523145,0.028269416,0.80325466,0.68068403,0.99995995,0.994594,0.7690276,0.8760364,0.96341383,-0.9945182,0.79672146,0.7607899,0.40226,0.31307885,0.2983342,-0.10976296,0.6401194,0.59504336,0.7154266,-0.991565,-0.9788837,-0.9998998,0.99999017,0.5040924,0.9245501,0.9738881,0.719369,0.9909149,0.94495815,-0.56983346,0.93523926,0.57418084,0.024759937,-0.35495,0.5881668,0.6348804,0.8786856,0.8288264,0.05560445,-0.99150825,0.8525948,0.5507815,0.75505614,-0.4740982,0.9464349,-0.8161393,0.51224023,0.9992415,0.67674273,0.7284066,0.8838883,-0.85924757,-0.993945,-0.16316606,-0.78196216,0.040178522,0.99070674,-0.928028,0.09247657,-0.5276141,-0.20096318,0.10293762,0.55674994,-0.6453632,-0.11882528,0.080990516,0.93163806,0.99669397,0.9566065,-0.7721021,0.9054382,0.85955423,0.9947011,0.9683693,0.8111709,0.996104,-0.7890413,0.2616903,0.6505353,-0.00735078,0.8837878,-0.9387744,-0.22681777,-0.72308064,0.904365,0.27041155,-0.44840282,0.9236607,-0.2823676
FAM120A_K562,-0.77870035,0.24135357,-0.2331844,0.84150004,0.24760328,0.9807218,-0.3243785,0.28187612,0.9411117,0.9879294,0.99875224,0.9107083,-0.5899829,-0.99997705,0.90681446,-0.96047956,0.53786665,0.9924158,0.9997644,0.6322506,0.5542125,-0.9961629,0.999884,-0.36897305,0.39161032,0.72604084,-0.21081159,-0.21741469,0.8875132,0.25895518,0.999829,-0.2755301,-0.20549384,0.67114896,0.35214737,0.1622284,0.1599063,-0.7979359,0.7345667,-0.7360739,-0.6580537,0.6417756,0.3510806,0.99807775,0.8926972,-0.3037631,0.99548554,-0.13575992,0.88976055,-0.37749508,0.9802569,1.0,0.52361757,0.98272187,-0.8271158,-0.2701443,0.48795745,0.9881183,0.8867266,0.1745932,-0.59216356,0.94386643,0.7371394,0.5706358,-0.6895706,-0.8911872,-0.93357486,-0.50651973,-0.8495503,-0.9960847,-0.02284225,0.9987641,0.69723856,-0.6813783,0.6974896,0.6838161,-0.99816424,0.88081557,-0.39003533,0.86078703,0.74713093,0.9745563,0.7210028,-0.69899696,0.7745998,0.33609235,-0.9170774,0.8311259,0.929542,0.58433133,-0.3706468,0.07383584,0.97546506,0.9585937,-0.9612936,0.6011768,0.65749466,-0.47512734,-0.65726143,0.73110646,0.95597017,-0.70386255,0.9312632,-0.46305406,0.0030410998,-0.47354856,-0.9266999,-0.26424423,0.18508595,-0.0013772681,0.96791375,-0.90167534,-0.9999264,0.8520413,0.9958796,-0.6528241,0.78998166,0.8932878,0.05556529,-0.6487262,0.058537453,-0.4352427,0.017055476,-0.9988302,0.7787107,0.8248027,0.15478764,0.9633163,-0.9997793,-0.7646594,-0.7005416,0.41426367,0.8187854,0.03210763,0.99486923,0.22536035,0.669622,0.52239424,0.9784483,0.95442545,0.6274537,0.7633874,0.99738777,-0.9955585,0.900488,0.8740947,0.21329303,0.11910997,0.10372031,0.08893747,0.47557187,0.42438263,0.56315166,-0.99761605,-0.9191384,-0.9773601,0.9793713,0.32337227,0.981643,0.90977055,0.56781894,0.9979437,0.86160684,-0.39609808,0.98677367,0.72473055,0.22193857,-0.5327953,0.41664404,0.7751127,0.9557332,0.70183283,-0.14291552,-0.99764615,0.93908924,0.704941,0.86979145,-0.29064402,0.86390406,-0.68576795,0.3323098,0.9872134,0.5178104,0.5785532,0.7739606,-0.9434331,-0.99604756,0.035133597,-0.6432748,-0.15818314,0.944253,-0.8360501,-0.10623,-0.34923074,-0.0033011257,-0.0957724,0.3815092,-0.7836614,-0.3128065,-0.11768701,0.9850966,0.96095127,0.8801055,-0.6312025,0.9714933,0.7415361,0.9953909,0.8999134,0.9107891,0.9938747,-0.6519909,0.06568606,0.78786147,0.19051708,0.9588537,-0.98836386,-0.029764947,-0.5722215,0.80212766,0.0747111,-0.6162856,0.9811964,-0.46647456
FASTKD2_HepG2,0.12677114,-0.70039034,-0.95056665,-0.019649714,0.9550743,0.34704348,-0.9757363,-0.6698122,0.20474067,0.64926887,0.56551087,0.12496328,-0.996806,-0.51783675,0.83394784,-0.7400658,-0.43658593,0.4149189,0.5050006,0.99112034,0.9993403,-0.44704652,0.53653264,0.598639,-0.5788548,0.96601486,-0.9431918,-0.9454163,0.85728246,0.95848626,0.50777274,0.6747041,-0.94137156,0.98299766,0.98177177,0.92561346,0.92472047,0.095695294,0.96271354,-0.9621095,-0.98606473,-0.31731176,-0.6138905,0.46981168,0.08349315,0.652641,0.6021156,0.7729796,0.077039085,-0.9865818,0.6817348,0.52361757,1.0,0.6722572,-0.91191715,0.67882544,0.9991455,0.6483372,0.07045241,-0.74744785,-0.9965865,0.2128014,0.96167874,-0.40083203,0.25592935,-0.08016467,-0.18351108,0.46935594,-0.89425147,-0.59688395,0.8397706,0.5653145,0.9757999,0.2667898,-0.24528775,0.9796897,-0.574255,0.864576,-0.98870796,0.88433796,0.9574846,0.70125395,-0.21281628,0.24324596,0.9444135,0.97837836,-0.14051598,0.90895003,0.8008536,0.9973393,-0.9853493,-0.8109663,0.6983319,0.2593196,-0.26861456,0.99559635,-0.29763657,0.50086343,-0.98623914,-0.19843657,0.2505451,-0.9737282,0.7980325,0.51264876,-0.85035706,0.5024147,-0.16507012,0.68330854,0.93414795,0.8512315,0.7208978,-0.8405295,-0.5339164,0.89211977,0.44420007,-0.987193,0.9360069,0.08480063,0.8797322,-0.9880397,-0.8198412,-0.9949256,0.86076015,-0.5642017,-0.12675467,0.91359323,-0.76063585,0.27577183,-0.5414018,0.1486392,-0.9747797,0.99232703,0.91783667,-0.834702,0.6071225,-0.71203464,0.9833734,0.999999,0.68825436,0.7540189,0.9919226,0.9500347,0.46071067,-0.6014994,0.10101306,0.04385014,0.9440325,0.90825653,0.90166825,-0.80200803,0.9984615,0.9936435,0.9988909,-0.58116174,-0.81689125,-0.6920216,0.6849692,0.97550297,0.35151443,0.83002746,0.9986084,0.5771478,0.8835838,-0.9896745,0.37858698,-0.20754203,-0.7144953,0.4419798,0.9926472,-0.13242126,0.24976431,0.97437394,0.76837504,-0.58080584,0.19892974,-0.23514214,0.035067476,-0.967362,0.8814472,-0.9791491,0.97754043,0.65272725,0.9999769,0.9978319,0.944745,-0.21152201,-0.59721994,-0.8330308,-0.9891157,0.7583997,0.774908,-0.9051975,0.7915089,-0.981175,-0.8536774,0.7978892,0.9872809,0.11888449,0.6454088,0.78441006,0.369276,0.7389215,0.86532754,-0.9912992,0.3067208,0.95986795,0.60290694,0.8427207,0.12515737,0.6145619,-0.9873678,0.8845079,-0.11213965,-0.7365908,0.26020244,-0.38793564,-0.86716133,-0.99831146,0.9287543,0.8886925,0.34823477,0.34933448,0.509328
FASTKD2_K562,-0.649122,0.057566702,-0.40914157,0.7269651,0.42265025,0.9276087,-0.493854,0.09942245,0.8622734,0.9995309,0.990739,0.8185221,-0.72923255,-0.981446,0.96916676,-0.9954037,0.3725381,0.9525165,0.97847253,0.7647264,0.69869983,-0.9627523,0.9854269,-0.19056913,0.21453834,0.84077257,-0.38809806,-0.39431918,0.95746416,0.433256,0.9791309,-0.09284521,-0.3830818,0.79676306,0.5192955,0.34206218,0.3398503,-0.67258835,0.847464,-0.84864247,-0.78604996,0.4887439,0.17170787,0.9693621,0.7938617,-0.12217195,0.99585277,0.049960624,0.78990763,-0.5423668,0.9999171,0.98272187,0.6722572,1.0,-0.91685027,-0.087269895,0.64108425,0.99949265,0.7858403,-0.010669073,-0.7310797,0.86641836,0.84947485,0.40878102,-0.54361147,-0.7918264,-0.85111207,-0.33817935,-0.93250716,-0.9952368,0.16259271,0.9907066,0.81787026,-0.5341334,0.55280477,0.8070516,-0.9921277,0.9532286,-0.5537256,0.94011784,0.857246,0.99920404,0.5802914,-0.55455816,0.8782757,0.5046071,-0.82743543,0.9196904,0.98172635,0.7244373,-0.536148,-0.112023264,0.99935883,0.88932204,-0.8936874,0.7386968,0.5066776,-0.30405542,-0.7853993,0.59219515,0.88513595,-0.82317615,0.9826092,-0.29100376,-0.18209904,-0.3023466,-0.84113145,-0.08116895,0.3637786,0.18373492,0.9976995,-0.96613085,-0.9848953,0.93420875,0.9618878,-0.78175086,0.8898156,0.7946589,0.23940773,-0.77837384,-0.12724504,-0.59436023,0.20182244,-0.9905223,0.64913464,0.91520447,-0.03074452,0.8970001,-0.9863937,-0.63217,-0.8205188,0.5755655,0.91089755,-0.15344016,0.996405,0.04113939,0.7955178,0.6711939,0.9997618,0.9931743,0.76073235,0.8697537,0.9667853,-0.99578226,0.8044378,0.7690842,0.3904371,0.3008229,0.28601852,-0.0969542,0.6301729,0.5846446,0.70636994,-0.99315184,-0.9761701,-0.9996346,0.9998502,0.49292907,0.92938054,0.9708838,0.71036434,0.99256456,0.94066644,-0.5592041,0.9397205,0.5846765,0.0376314,-0.36695942,0.5777035,0.644777,0.88476044,0.8215527,0.042742416,-0.9931007,0.85925347,0.5614839,0.76343673,-0.46272054,0.9421984,-0.80863035,0.50113803,0.9996601,0.66720605,0.7195233,0.8777923,-0.86576396,-0.9952776,-0.15044764,-0.7738705,0.027308125,0.98887306,-0.923154,0.07964661,-0.5166315,-0.18833165,0.090120025,0.54600674,-0.6551466,-0.13160154,0.068148755,0.9362403,0.99556506,0.9527749,-0.76385456,0.9108293,0.852902,0.9959425,0.96507585,0.81863445,0.99715704,-0.78106475,0.24923988,0.66026145,0.005526948,0.88973975,-0.9431333,-0.21425712,-0.7141255,0.8987945,0.25799155,-0.45987582,0.9285189,-0.2946976
FKBP4_HepG2,0.29145885,0.34578925,0.7394083,-0.39237615,-0.7493274,-0.70134425,0.79993963,0.30609772,-0.58838785,-0.9041934,-0.8541516,-0.5211141,0.94177735,0.82329106,-0.9869537,0.9508696,0.028931709,-0.7517544,-0.81472075,-0.9583863,-0.9262191,0.7747537,-0.8355799,-0.21719138,0.19323574,-0.9870017,0.7237665,0.72841436,-0.99305034,-0.7570462,-0.81658065,-0.31238154,0.72000414,-0.97176456,-0.8172971,-0.68876827,-0.6870607,0.32122502,-0.98893064,0.98925817,0.96748006,-0.09980484,0.23587155,-0.7906942,-0.4850807,-0.28422707,-0.87672615,-0.4445391,-0.47940797,0.83268005,-0.92191535,-0.8271158,-0.91191715,-0.91685027,1.0,-0.31769463,-0.8941764,-0.9036697,-0.47360176,0.4089906,0.9426829,-0.5950322,-0.98948723,-0.010439671,0.16332085,0.4821573,0.57075226,-0.06564928,0.9991524,0.8735634,-0.54299176,-0.85402787,-0.97958326,0.15221009,-0.17415574,-0.97568387,0.85963684,-0.99463564,0.840123,-0.9980251,-0.99153316,-0.9320462,-0.20690295,0.17622861,-0.99614155,-0.807325,0.5344419,-0.99997425,-0.97606903,-0.9394069,0.8285681,0.49942687,-0.93055624,-0.6328144,0.6402465,-0.9463714,-0.12035607,-0.10155596,0.9672135,-0.22125588,-0.62576187,0.9814072,-0.97503704,-0.11514629,0.55951345,-0.10333979,0.5552752,-0.32349405,-0.70540863,-0.5608921,-0.94180554,0.98882,0.83387434,-0.998946,-0.7727394,0.96570545,-0.998005,-0.48622736,-0.60712236,0.9642901,0.51265055,0.86600053,-0.5760569,0.8533255,-0.29147485,-0.9999916,0.42723033,-0.64594245,0.8387416,0.27026924,0.98050123,-0.85418093,-0.9998925,0.5351851,-0.8797324,0.3611743,-0.971277,-0.9113272,-0.9253451,-0.95715827,-0.95660496,-0.99444896,-0.784358,0.8763547,-0.50039095,-0.44996768,-0.7255164,-0.65654826,-0.644789,0.48624277,-0.88775927,-0.8599236,-0.9302285,0.86392915,0.98163766,0.9273061,-0.9236225,-0.799301,-0.7047374,-0.9857913,-0.93229026,-0.86143905,-0.9979225,0.84368116,-0.7250685,-0.21217781,0.36444598,-0.034932703,-0.8555387,-0.28600335,-0.62513274,-0.9808555,-0.4380546,0.86370885,-0.58358,-0.18443811,-0.44210052,0.7781657,-0.9976195,0.9762674,-0.80495024,-0.90612996,-0.90910465,-0.93694854,-0.9960524,0.5939796,0.8737672,0.53262484,0.9623739,-0.4241197,-0.9660389,0.9998706,-0.47098696,0.81549853,0.56475914,-0.48023334,-0.83507466,0.29905137,-0.27509987,-0.4607851,-0.71811825,-0.950342,-0.9947895,0.9579994,-0.6702982,-0.9904105,-0.8772027,-0.98941696,-0.52128094,-0.8841611,0.9654193,-0.6151479,-0.305524,0.3941579,-0.6335219,0.7320017,0.58640164,0.93421495,-0.99907106,-0.6222558,0.067126855,-0.7030843,-0.11130792
FMR1_K562,0.8144309,-0.99955654,-0.873284,-0.7474966,0.86595047,-0.4530803,-0.82312876,-0.9999255,-0.5797614,-0.11773803,-0.22172384,-0.64371556,-0.61801547,0.2766577,0.16088669,-0.008533537,-0.9569876,-0.38645133,-0.29098085,0.5751592,0.65171,0.35337248,-0.25544858,0.99455935,-0.99171185,0.46594888,-0.88423264,-0.88105524,0.20389359,0.8600222,-0.2879036,0.9999843,-0.8867588,0.53245294,0.80601543,0.9062405,0.90723264,0.7958902,0.45486948,-0.4528878,-0.5472061,-0.91175133,-0.9963742,-0.32929528,-0.6750585,0.99938416,-0.1775401,0.9905806,-0.6798213,-0.7896041,-0.074434325,-0.2701443,0.67882544,-0.087269895,-0.31769463,1.0,0.7085951,-0.118953824,-0.6846502,-0.99519694,-0.6158877,-0.573026,0.45148256,-0.94482476,0.88357556,0.67751867,0.5972576,0.96700406,-0.27839375,0.18396899,0.96873933,-0.22195597,0.50183195,0.8887886,-0.8783747,0.51779675,0.2113351,0.21790898,-0.7811987,0.25750524,0.43813094,-0.04746172,-0.8619436,0.8773663,0.3996834,0.8160183,0.63162845,0.310885,0.10389697,0.62348914,-0.7941139,-0.98013806,-0.051547248,-0.53314775,0.5249702,0.6070002,-0.903064,0.9755546,-0.5480861,-0.85440105,-0.54080284,-0.49378142,0.09922507,0.9784676,-0.96363693,0.9759471,0.61217266,0.9999813,0.8961846,0.963191,-0.019536369,-0.17275394,0.25844184,0.27383763,-0.35634515,-0.55298847,0.37692526,-0.67408997,0.94632167,-0.55747724,-0.9769824,-0.7492611,0.95807236,0.22327065,-0.81442124,0.3215825,-0.9930307,-0.518625,0.24985553,0.8270428,-0.49783215,0.7644062,0.3315644,-0.97099715,-0.17135046,-0.9989316,0.5341937,0.67987865,-0.06550749,0.029520351,0.5802003,0.41570002,-0.33898583,0.17829946,-0.6619737,-0.7038268,0.88304377,0.9237887,0.92960745,-0.9830304,0.7184974,0.7571724,0.6434974,0.2030571,-0.13098843,0.0603122,-0.07001572,0.82373214,-0.44882154,0.15390818,0.63915545,-0.20787571,0.25594628,-0.7770655,-0.42264813,-0.859196,-0.9987632,0.95871234,0.76271635,-0.817724,-0.5414809,0.49626058,0.9915442,0.20348522,-0.5845853,-0.8733311,-0.7100434,-0.84274036,0.2515517,-0.51550335,0.8183315,-0.11321245,0.6838044,0.629026,0.40060905,0.57409835,0.18355729,-0.9717166,-0.56339186,0.99343,0.06189537,-0.3024001,0.98606926,-0.807855,-0.96192276,0.9842664,0.7869345,0.80979395,0.99900544,0.9879214,-0.43172526,0.006833814,0.21937037,-0.57626486,-0.49069622,0.44564658,-0.17656419,0.17674913,-0.6435659,-0.16208582,-0.5539041,0.9429958,-0.80579126,-0.9966518,-0.53237414,0.4134536,-0.95435244,-0.63502526,0.35826015,0.9399462,0.9247286,-0.45090038,0.9776629
FTO_HepG2,0.1676609,-0.7292927,-0.9625887,-0.0609565,0.9665075,0.30798417,-0.98395205,-0.6999299,0.16410972,0.617279,0.53093976,0.08384893,-0.9926534,-0.48203585,0.8104267,-0.7116364,-0.47339764,0.3769585,0.46889493,0.9847776,0.9969853,-0.40969288,0.5011952,0.6312348,-0.6120633,0.95450574,-0.9561183,-0.9580769,0.8352705,0.96945244,0.47173202,0.7046339,-0.9545113,0.9745684,0.9887884,0.9404653,0.939663,0.13675539,0.9507097,-0.95001775,-0.9783461,-0.35623622,-0.6459928,0.4329241,0.042234566,0.68339884,0.5686016,0.7985411,0.03576453,-0.9924869,0.65091413,0.48795745,0.9991455,0.64108425,-0.8941764,0.7085951,1.0,0.6163153,0.029163355,-0.7742666,-0.99232274,0.17223468,0.9495247,-0.43835548,0.29566568,-0.038897637,-0.14272462,0.50545096,-0.8749887,-0.56321216,0.8614936,0.530738,0.9659283,0.30639562,-0.285147,0.9705648,-0.5399268,0.84306794,-0.9940569,0.8642867,0.9447429,0.67118895,-0.25301915,0.28312826,0.9300183,0.98609066,-0.09947444,0.890942,0.77541745,0.993474,-0.99155635,-0.8344562,0.6681511,0.21918032,-0.22857252,0.990871,-0.33684093,0.536209,-0.97856325,-0.23877662,0.21031773,-0.96348435,0.77244335,0.5476979,-0.8713794,0.53772175,-0.12416451,0.712902,0.9481004,0.8721945,0.6916373,-0.8174192,-0.4985127,0.8726839,0.40679044,-0.97975576,0.9206591,0.043545496,0.89863235,-0.980822,-0.84280676,-0.9982339,0.8810628,-0.5295946,-0.16764455,0.8960059,-0.78681755,0.23580731,-0.50618875,0.18938461,-0.9647228,0.99658936,0.90064543,-0.8567502,0.5737613,-0.740447,0.9750275,0.9992038,0.65768147,0.72622585,0.98583233,0.93632144,0.42363316,-0.5679666,0.059806593,0.0025208725,0.9568592,0.9247741,0.9187707,-0.82601064,0.9999001,0.99744725,0.9960911,-0.5470299,-0.7923534,-0.66159385,0.6542708,0.9837617,0.31252018,0.80626667,0.99557537,0.54290164,0.86347425,-0.994753,0.3400084,-0.24779665,-0.742802,0.47867754,0.9968019,-0.17327566,0.20952925,0.9642444,0.7941706,-0.5466638,0.15825427,-0.27511385,-0.0062686233,-0.9770087,0.86117375,-0.9699162,0.98541564,0.620857,0.99940354,0.994259,0.930389,-0.17094491,-0.5635584,-0.8551848,-0.98218894,0.78469115,0.748121,-0.8868584,0.8160926,-0.98831856,-0.8744736,0.8221222,0.9930084,0.15982133,0.6764279,0.8093754,0.33055022,0.71044123,0.8438725,-0.98501176,0.26711935,0.9474562,0.56941694,0.81974965,0.08404386,0.58143157,-0.97997534,0.9030343,-0.15311468,-0.76391554,0.22007221,-0.34950906,-0.8870047,-0.9950576,0.91263926,0.9068838,0.3866817,0.31030837,0.5444616
FTO_K562,-0.6730203,0.0893344,-0.37987205,0.74846673,0.39357066,0.93903565,-0.46590865,0.13106392,0.877966,0.9999992,0.9945609,0.8364037,-0.7070689,-0.98705494,0.9608271,-0.9918485,0.40190616,0.9617311,0.98454916,0.7438159,0.67555964,-0.97087556,0.9903446,-0.22173849,0.24553762,0.823103,-0.3585479,-0.36485007,0.9477881,0.40433097,0.985107,-0.12451025,-0.3534674,0.7771123,0.49181348,0.31196016,0.30972388,-0.6958164,0.8301266,-0.83136445,-0.76596284,0.5162825,0.20299745,0.9766937,0.8128267,-0.1537211,0.99824524,0.018125333,0.8090379,-0.51533335,0.99899966,0.9881183,0.6483372,0.99949265,-0.9036697,-0.118953824,0.6163153,1.0,0.8051384,0.021184247,-0.708978,0.88188195,0.83223903,0.43764073,-0.57006836,-0.8108768,-0.8674008,-0.36798096,-0.9205315,-0.9978368,0.13108431,0.9945361,0.79912895,-0.56078815,0.579065,0.78783554,-0.9956129,0.94311845,-0.5269235,0.92878497,0.8404114,0.9974266,0.6059357,-0.5807804,0.862601,0.47685367,-0.8449012,0.9067182,0.9751674,0.70211446,-0.5089909,-0.080317184,0.99771154,0.9034352,-0.9075247,0.71685416,0.5338794,-0.33424294,-0.7652862,0.617559,0.89950764,-0.8046747,0.97619665,-0.32132745,-0.15068947,-0.33255228,-0.85793006,-0.11287239,0.3339265,0.15233421,0.9950342,-0.95742184,-0.9899104,0.9223731,0.97010887,-0.761493,0.87483054,0.8135903,0.20836277,-0.7579837,-0.09558966,-0.56844515,0.17052573,-0.9943944,0.6730325,0.90190506,0.0011057415,0.91062355,-0.9911294,-0.65652746,-0.8018966,0.5492282,0.8972932,-0.12188976,0.99859774,0.07294127,0.7758155,0.6472438,0.9985595,0.9889555,0.73967385,0.853595,0.97443527,-0.9981992,0.8229496,0.7890507,0.3609172,0.27029586,0.25535426,-0.065205336,0.60512334,0.55850863,0.683467,-0.996369,-0.9687633,-0.99826664,0.99879175,0.46496755,0.9406655,0.9627616,0.687587,0.99593776,0.92938155,-0.532516,0.9501346,0.61021847,0.06943947,-0.39640102,0.5514132,0.6687949,0.89915496,0.8029774,0.010900118,-0.9963317,0.87511027,0.58755434,0.7836206,-0.4342509,0.9310489,-0.7894824,0.47332212,0.9999833,0.64314353,0.69703966,0.86208963,-0.88126403,-0.9978643,-0.11888411,-0.7533061,-0.004543571,0.98363334,-0.91044164,0.04785767,-0.48909938,-0.15695633,0.058354184,0.5190466,-0.67887676,-0.16310748,0.036338508,0.94695604,0.9920637,0.9426195,-0.7429116,0.92351425,0.8358415,0.9983035,0.95624256,0.8365109,0.9990511,-0.76078,0.21826881,0.6838468,0.037373375,0.9038267,-0.9532422,-0.18303834,-0.6914679,0.8843765,0.22708912,-0.48792458,0.93987316,-0.3249834
FUBP3_HepG2,-0.98053586,0.66264224,0.2427792,0.9959382,-0.22834273,0.9599687,0.14966178,0.6934957,0.9908085,0.80441165,0.8625331,0.99849993,-0.14988987,-0.88983667,0.60922563,-0.72300285,0.86666834,0.93682957,0.8965528,0.20246455,0.1066328,-0.92378354,0.8795827,-0.75685287,0.77262264,0.32590234,0.26497278,0.2584485,0.57396466,-0.21690257,0.8951242,-0.68871987,0.2702113,0.25241655,-0.12042329,-0.312318,-0.31455228,-0.9861952,0.33767632,-0.33976877,-0.23541923,0.92360944,0.74417955,0.9136725,0.99991447,-0.7098044,0.8388455,-0.5783961,0.9999782,0.093354486,0.77781135,0.8867266,0.07045241,0.7858403,-0.47360176,-0.6846502,0.029163355,0.8051384,1.0,0.61001015,-0.15256216,0.9896599,0.34125012,0.8856355,-0.9462626,-0.99995255,-0.9935038,-0.8477476,-0.50945526,-0.8423859,-0.4824285,0.86265355,0.28686932,-0.94256395,0.94976026,0.2690428,-0.8570999,0.56216496,0.07982581,0.527991,0.35522464,0.76054513,0.9596709,-0.9504171,0.39447936,-0.13738003,-0.9975179,0.47990686,0.65379417,0.14298327,0.100704454,0.52650416,0.7631947,0.9816614,-0.97977877,0.16365269,0.93133783,-0.82808864,-0.23439717,0.96369797,0.9833508,-0.29574907,0.6573402,-0.8203476,0.46498877,-0.827082,-0.9954607,-0.68017477,-0.29018614,-0.46351507,0.74210835,-0.5996371,-0.881052,0.51352835,0.9249963,-0.22868456,0.41705102,0.99989647,-0.41230872,-0.22342667,0.51340824,0.030268349,-0.44710347,-0.8633349,0.9805391,0.46998382,0.5939769,0.97826344,-0.87681794,-0.9759622,-0.2912901,-0.05342173,0.46063575,0.4905266,0.835407,0.650235,0.25042474,0.06902062,0.77215594,0.708343,0.19641276,0.37830108,0.9178031,-0.8392654,0.99952954,0.999645,-0.26252335,-0.35338512,-0.36782932,0.5393255,0.015032635,-0.042288132,0.117343016,-0.85271025,-0.6329104,-0.76883775,0.7750194,-0.15071316,0.9586212,0.61481416,0.12296099,0.85527194,0.5293602,0.073251694,0.9499382,0.9611734,0.64756376,-0.8636576,-0.050808404,0.9794012,0.9834971,0.2930223,-0.5842758,-0.85293865,0.99159366,0.9529795,0.9993722,0.1846158,0.53320915,-0.27162153,-0.14135428,0.80169666,0.06366577,0.13595068,0.39355114,-0.9898468,-0.84216017,0.49316275,-0.21645999,-0.5967391,0.6850975,-0.48770878,-0.55387527,0.12351458,0.45936453,-0.54509306,-0.08903433,-0.98206514,-0.71646875,-0.5634377,0.95302695,0.72417605,0.5609258,-0.20114021,0.97104365,0.34738055,0.83830535,0.59638506,0.9984892,0.83020574,-0.22761369,-0.40305018,0.98332274,0.6227634,0.98148674,-0.9467273,0.4356961,-0.12827685,0.4352078,-0.3947538,-0.91054404,0.95928127,-0.8225507
FUS_HepG2,-0.75371546,0.99767065,0.9167842,0.67887926,-0.91075057,0.36363533,0.87476426,0.99392796,0.4972146,0.019960107,0.12520231,0.5657095,0.69200736,-0.18125685,-0.25673184,0.10638192,0.9239894,0.29430726,0.1959259,-0.6524774,-0.7228286,-0.26009783,0.15957633,-0.97958475,0.9743711,-0.55032796,0.92570627,0.92312825,-0.29875112,-0.9058421,0.19277237,-0.9946333,0.92774904,-0.6127582,-0.8600865,-0.94327337,-0.9440519,-0.732799,-0.53986436,0.5379909,0.626514,0.86716324,0.98325986,0.23528017,0.59959406,-0.991149,0.080349356,-0.99922734,0.6047634,0.8458806,-0.02354492,0.1745932,-0.74744785,-0.010669073,0.4089906,-0.99519694,-0.7742666,0.021184247,0.61001015,1.0,0.6900533,0.49004647,-0.5366623,0.9082193,-0.83348936,-0.6022637,-0.5158739,-0.93742007,0.37107998,-0.08686303,-0.98837185,0.12543838,-0.58409584,-0.8396535,0.82736546,-0.59905785,-0.11463791,-0.31240305,0.8385595,-0.3508603,-0.52402395,-0.0505491,0.8081714,-0.8261811,-0.48749787,-0.86868364,-0.552701,-0.40243423,-0.20076133,-0.69703054,0.8497961,0.9948442,-0.04646337,0.44776717,-0.43912983,-0.6818804,0.8566809,-0.9493561,0.6273336,0.79943055,0.45586243,0.57653606,-0.19615832,-0.9535627,0.9851671,-0.94991803,-0.53182596,-0.9957776,-0.9353136,-0.9848802,-0.07843196,0.2683458,-0.16263308,-0.36667374,0.2631666,0.6318961,-0.46578777,0.5985434,-0.9734181,0.63606995,0.99317247,0.81049454,-0.98151964,-0.12677602,0.7537046,-0.41273114,0.9997984,0.4324351,-0.15386716,-0.7680409,0.580341,-0.8238499,-0.42232746,0.98973876,0.074081995,0.99865764,-0.6143833,-0.74840057,-0.032490183,-0.1272292,-0.65714514,-0.5027375,0.24526061,-0.08111851,0.5854205,0.6309057,-0.9247428,-0.95683527,-0.96122116,0.9962666,-0.7831339,-0.81748104,-0.71533877,-0.10622828,0.22740878,0.03769269,-0.027973503,-0.87527907,0.3591864,-0.24989584,-0.71137303,0.11112254,-0.34934938,0.83494914,0.33189818,0.80498236,0.9988333,-0.9262688,-0.8223638,0.75744814,0.45658007,-0.5788653,-0.9994853,-0.10666258,0.5023535,0.82145005,0.6377007,0.8913905,-0.34508887,0.596911,-0.8706647,0.015404883,-0.7519493,-0.7021055,-0.48837942,-0.4911875,-0.08644553,0.99016684,0.64156437,-0.99986154,-0.15930334,0.39425778,-0.9976162,0.8616712,0.98405886,-0.9968357,-0.84355843,-0.7484691,-0.9898422,-0.99834543,0.34135154,-0.10469188,-0.31382537,0.65350145,0.40304205,-0.53114104,0.07936094,-0.27225223,0.5655482,0.064708486,0.6327478,-0.9710458,0.74394876,0.99986887,0.44694954,-0.32233354,0.9790076,0.70759696,-0.44793457,-0.9688448,-0.8830262,0.36135766,-0.95239204
FUS_K562,-0.044448975,0.63907486,0.92168677,-0.062956795,-0.92734754,-0.4232833,0.95433027,0.6062262,-0.28484833,-0.70984083,-0.63166726,-0.20644498,0.99999636,0.5866932,-0.8766588,0.7930607,0.36082357,-0.48861617,-0.5745319,-0.9987143,-0.99892724,0.5193671,-0.6043679,-0.5304672,0.50956076,-0.9840568,0.9125434,0.9152872,-0.89685947,-0.93167466,-0.57716024,-0.6114677,0.91030633,-0.9948008,-0.9627297,-0.8912092,-0.8901394,-0.013192259,-0.98176044,0.98133516,0.99643284,0.23793961,0.54662657,-0.5410852,-0.16547526,-0.5878638,-0.6659732,-0.7179654,-0.15908614,0.96973544,-0.73980516,-0.59216356,-0.9965865,-0.7310797,0.9426829,-0.6158877,-0.99232274,-0.708978,-0.15256216,0.6900533,1.0,-0.29273945,-0.981031,0.32383057,-0.17524968,0.16218048,0.26403782,-0.39485675,0.92814785,0.66108286,-0.7920813,-0.6314828,-0.990521,-0.18631609,0.1644171,-0.9928995,0.63988084,-0.903109,0.97296166,-0.91986,-0.9780322,-0.75771487,0.1314256,-0.16233996,-0.9683306,-0.9579643,0.2217725,-0.940265,-0.847559,-0.9999531,0.96790606,0.7598954,-0.7550391,-0.33816567,0.3472188,-0.99993694,0.217807,-0.42769977,0.99652106,0.11684554,-0.3296121,0.9892033,-0.84505725,-0.44001684,0.8040133,-0.42932016,0.2459294,-0.6206997,-0.9014964,-0.8050015,-0.7756512,0.8823859,0.6018974,-0.92637295,-0.5166475,0.9969933,-0.9618698,-0.16676918,-0.83747673,0.997397,0.7697723,0.98322326,-0.81580025,0.6304366,0.044432506,-0.94404405,0.7044463,-0.35418457,0.6089632,-0.06649351,0.9898761,-0.9787325,-0.9474746,0.7863894,-0.6706493,0.6516384,-0.9950083,-0.996467,-0.74579644,-0.8056718,-0.99900836,-0.9725609,-0.5324101,0.6653973,-0.18280137,-0.12617643,-0.913579,-0.8706139,-0.8628911,0.74995905,-0.99047565,-0.9809582,-0.9993683,0.6463602,0.86171985,0.7492542,-0.74277854,-0.95401204,-0.4276014,-0.87323713,-0.9995534,-0.6425957,-0.9192261,0.9744634,-0.45370507,0.12607564,0.65429735,-0.36641672,-0.979266,0.05014088,-0.32885063,-0.9896174,-0.71291673,0.64602685,-0.2791561,0.15409888,-0.11745237,0.9431405,-0.9174278,0.9925773,-0.9568052,-0.7130425,-0.9960019,-0.9998591,-0.9685823,0.29148716,0.6613972,0.7845155,0.9978865,-0.70200217,-0.82444376,0.9371929,-0.7383528,0.96188265,0.8077685,-0.7454009,-0.9707857,-0.03650902,-0.5801468,-0.73052824,-0.44473577,-0.79202425,-0.9037511,0.998782,-0.38424996,-0.97974426,-0.6667125,-0.88428783,-0.20663638,-0.67758936,0.9970779,-0.84297454,0.029722204,0.67824113,-0.33902588,0.46270147,0.8230865,0.9996992,-0.9561869,-0.847807,-0.26965806,-0.4254961,-0.43654475
FXR1_K562,-0.9422352,0.5483676,0.10112614,0.97272533,-0.08633716,0.9902194,0.006295834,0.58298624,0.999966,0.881304,0.92619205,0.9960287,-0.2901536,-0.9460815,0.71666884,-0.81461746,0.78615016,0.9773139,0.95081455,0.34083438,0.24814631,-0.96915454,0.9387258,-0.65528077,0.6735724,0.45813537,0.12392595,0.117215395,0.68548495,-0.07464057,0.9498138,-0.57760483,0.1293189,0.38859585,0.023211975,-0.17282963,-0.17514658,-0.9522472,0.4691936,-0.47115627,-0.37238762,0.859076,0.64067376,0.9625239,0.99145126,-0.6014304,0.9082528,-0.45540842,0.9905856,-0.050417963,0.85991657,0.94386643,0.2128014,0.86641836,-0.5950322,-0.573026,0.17223468,0.88188195,0.9896599,0.49004647,-0.29273945,1.0,0.47254547,0.80986995,-0.8900917,-0.99101,-0.9995535,-0.7629046,-0.62761164,-0.9109684,-0.3518012,0.9262818,0.42130837,-0.8849072,0.89504796,0.4044061,-0.92212737,0.6749756,-0.06397577,0.6443428,0.48563084,0.8458105,0.9094248,-0.895985,0.5222026,0.006114401,-0.9973031,0.6007819,0.75556636,0.28346494,-0.043041565,0.39911684,0.8479857,0.99885416,-0.99834657,0.30346075,0.8694753,-0.73911744,-0.3714114,0.9154371,0.9992473,-0.42970857,0.75863427,-0.7298402,0.33319634,-0.73790824,-0.9988187,-0.56799763,-0.14992376,-0.33162698,0.8305757,-0.708223,-0.9397889,0.63129514,0.9699332,-0.3659526,0.5431033,0.9916216,-0.2773709,-0.3609244,0.38501257,-0.11341291,-0.3141812,-0.9267891,0.9422408,0.5917296,0.47244516,0.9978914,-0.93671775,-0.9346107,-0.42549208,0.090359725,0.5831831,0.3604625,0.90560466,0.53454,0.38669884,0.21139878,0.85531443,0.8022641,0.33502182,0.50716364,0.96526134,-0.9085755,0.99359345,0.985487,-0.12140582,-0.21555187,-0.23064761,0.41296354,0.15829487,0.10145471,0.25857267,-0.9188207,-0.73741627,-0.85260576,0.8576469,-0.0073592435,0.9895424,0.7215792,0.26403502,0.9207528,0.64557546,-0.070554286,0.9849299,0.91165507,0.53156966,-0.78242517,0.092965595,0.9403113,0.99927825,0.42713037,-0.46182966,-0.9189932,0.9998995,0.8996601,0.98395693,0.041738495,0.64903843,-0.4068543,0.0021010183,0.8791419,0.20615035,0.27664715,0.5213409,-0.99999917,-0.91079557,0.36328495,-0.35425502,-0.4754722,0.7824982,-0.6078842,-0.42872524,-0.020098275,0.3272097,-0.41920537,0.054750543,-0.94486725,-0.60899806,-0.4391126,0.9866166,0.8156022,0.6738698,-0.33956298,0.99526966,0.47829002,0.90783745,0.70535254,0.9960461,0.90157956,-0.36492908,-0.2676152,0.9470689,0.5040998,0.99881,-0.9831289,0.30208698,-0.26919934,0.5598455,-0.25888684,-0.84183156,0.98987544,-0.7324758
FXR2_HepG2,-0.15005365,-0.47785273,-0.8290017,0.2552292,0.8372173,0.59088266,-0.87831384,-0.440558,0.46526545,0.8329172,0.76996624,0.3922042,-0.9805033,-0.73254675,0.9532936,-0.89610016,-0.17318697,0.64848256,0.72229725,0.98959637,0.9710017,-0.6751709,0.7473459,0.35607597,-0.33309862,0.9998675,-0.8159521,-0.8198415,0.9655903,0.84357685,0.72451687,0.44648036,-0.812797,0.99567217,0.8920376,0.78637433,0.78491867,-0.18089241,0.9999928,-0.99999875,-0.99389046,-0.04514237,-0.37393117,0.69384384,0.3535151,0.4198946,0.7979486,0.5694105,0.34745085,-0.90401036,0.85619897,0.7371394,0.96167874,0.84947485,-0.98948723,0.45148256,0.9495247,0.83223903,0.34125012,-0.5366623,-0.981031,0.47254547,1.0,-0.13428228,-0.018925652,-0.35038906,-0.4460012,0.20926721,-0.9826954,-0.79399174,0.65872645,0.7698143,0.99835944,-0.0076750834,0.029914761,0.99712497,-0.7767125,0.96921974,-0.9097324,0.9784486,0.9998889,0.8698463,0.06323712,-0.032019313,0.9983614,0.8841792,-0.40658978,0.9884244,0.93435866,0.9791075,-0.9008287,-0.6194689,0.86782104,0.51418173,-0.5224231,0.98314637,-0.024477886,0.24436069,-0.9937738,0.07789422,0.50637776,-0.9988479,0.932675,0.25759393,-0.67349595,0.2460992,-0.42916203,0.45693713,0.8004996,0.6747249,0.88328934,-0.95685995,-0.7452843,0.9818063,0.6728221,-0.99310243,0.99664384,0.3547422,0.7156561,-0.9924551,-0.63143176,-0.9292128,0.6882147,-0.7689528,0.15007006,0.9900723,-0.5534965,0.5287509,-0.75117415,-0.12818995,-0.9986132,0.92040014,0.9915015,-0.6517246,0.8017216,-0.49223566,0.9954788,0.9612842,0.8607879,0.905219,0.98868895,0.9992115,0.68640316,-0.79748315,0.36991856,0.31608486,0.8174175,0.7587308,0.74855244,-0.6075036,0.94499624,0.92470086,0.973522,-0.7820142,-0.94373095,-0.8634257,0.8584793,0.8778049,0.5947254,0.95113546,0.97480005,0.7789361,0.9781143,-0.9124502,0.6178495,0.06862014,-0.49528855,0.17909727,0.92142016,0.14441758,0.5056822,0.9987069,0.56345546,-0.78174156,0.46000555,0.040359933,0.30773386,-0.86081505,0.9771589,-0.99732435,0.8822972,0.8354299,0.95979154,0.97763866,0.9984187,-0.47139117,-0.79424626,-0.6494252,-0.9915542,0.55062985,0.91851383,-0.9870327,0.59361076,-0.89062566,-0.6781706,0.6020369,0.90585655,-0.1579057,0.41124797,0.5842931,0.6099247,0.89534444,0.9695874,-0.9894009,0.55593014,0.99997866,0.79854584,0.958031,0.39238414,0.8073022,-0.9929729,0.72270113,0.16460712,-0.52292615,0.5149656,-0.6257764,-0.6973823,-0.97598135,0.9948002,0.7289247,0.0778727,0.59285253,0.2538592
FXR2_K562,-0.959574,0.93465126,0.6655016,0.9238509,-0.65434086,0.7201057,0.5916967,0.94875264,0.8146774,0.43653947,0.5289128,0.85888094,0.3263868,-0.57618344,0.17129906,-0.31950155,0.9992249,0.6672554,0.58832747,-0.27545378,-0.36729562,-0.6403171,0.55806214,-0.97380847,0.9790816,-0.15039684,0.6824515,0.67749494,0.12805095,-0.6454224,0.58572483,-0.94664377,0.6864152,-0.22579478,-0.56765276,-0.71775156,-0.71938777,-0.95030475,-0.13804632,0.13584334,0.24283332,0.99599475,0.9692689,0.6204325,0.87948596,-0.95573753,0.49011642,-0.89106977,0.8825491,0.54503137,0.39699474,0.5706358,-0.40083203,0.40878102,-0.010439671,-0.94482476,-0.43835548,0.43764073,0.8856355,0.9082193,0.32383057,0.80986995,-0.13428228,1.0,-0.98822427,-0.8810705,-0.8270361,-0.99710304,-0.05159279,-0.4958036,-0.8340236,0.5291147,-0.19080141,-0.9898833,0.9864826,-0.20898472,-0.51985204,0.113818415,0.53359574,0.07323196,-0.11949508,0.37205002,0.98046815,-0.98613536,-0.077357106,-0.5816467,-0.8507385,0.01761198,0.22763892,-0.33297855,0.5512078,0.861095,0.3758438,0.7808679,-0.77481157,-0.3131839,0.99393314,-0.9937154,0.24385342,0.9774725,0.7865043,0.18168125,0.23220928,-0.9920923,0.82293487,-0.99351305,-0.8374182,-0.9428015,-0.7013981,-0.8219883,0.3459721,-0.15942861,-0.5606298,0.056326203,0.64275587,0.24954432,-0.05271296,0.8788607,-0.78822696,0.25476733,0.85319865,0.49097484,-0.81135124,-0.53025866,0.95956933,0.006336722,0.8996333,0.7700879,-0.5532562,-0.9655538,0.18626605,-0.5110302,-0.0042243316,0.8391017,0.4846274,0.9286769,-0.22779907,-0.40214655,0.38876554,0.29954174,-0.28138545,-0.09483267,0.6284631,-0.49078873,0.87097627,0.8976938,-0.68059325,-0.7473887,-0.7575876,0.8686999,-0.45101508,-0.5014177,-0.35724974,-0.51260513,-0.20099261,-0.3839643,0.39292485,-0.5925537,0.7167868,0.17825677,-0.3519585,0.51682645,0.07484055,0.5280078,0.6962087,0.9793929,0.92736906,-0.9989705,-0.50877905,0.9611622,0.78700215,-0.18448643,-0.89432627,-0.5129805,0.81810373,0.98471606,0.90153193,0.61990106,0.07937021,0.20636463,-0.5849066,0.43243605,-0.40705433,-0.33966684,-0.07836398,-0.81063724,-0.4954398,0.8407448,0.2616667,-0.9011291,0.2684678,-0.026524283,-0.87717515,0.57021433,0.81931496,-0.8720795,-0.5413887,-0.95730704,-0.9584913,-0.88265294,0.7033801,0.32111177,0.11233039,0.27675316,0.7490491,-0.1278089,0.48925185,0.1554217,0.8587807,0.4763871,0.25060907,-0.78194684,0.9553221,0.9148779,0.78029644,-0.68890756,0.80385447,0.34693804,-0.0326608,-0.7762752,-0.99839085,0.71840787,-0.9925698
G3BP1_HepG2,0.99134064,-0.869239,-0.54345655,-0.9715378,0.5309276,-0.81779593,-0.4613765,-0.88922554,-0.89381814,-0.56906205,-0.6525424,-0.9271362,-0.17791069,0.69445866,-0.32003266,0.46073163,-0.9814349,-0.7733661,-0.7051289,0.12511703,0.22065291,0.75030726,-0.6784602,0.9275507,-0.93641907,-0.0026462486,-0.56257373,-0.55697197,-0.27829596,0.5209471,-0.7028457,0.88618326,-0.56706005,0.074074976,0.43499798,0.60275704,0.60463274,0.98675025,-0.0151267685,0.017350292,-0.09154127,-0.9979473,-0.9202134,-0.733128,-0.9419518,0.89946353,-0.61771923,0.8111296,-0.94410604,-0.41032514,-0.532758,-0.6895706,0.25592935,-0.54361147,0.16332085,0.88357556,0.29566568,-0.57006836,-0.9462626,-0.83348936,-0.17524968,-0.8900917,-0.018925652,-0.98822427,1.0,0.94306785,0.90331286,0.9737228,0.20379393,0.62284636,0.73978096,-0.6527229,0.038353167,0.9999367,-0.99993956,0.05688999,0.6444422,-0.26449624,-0.39790368,-0.22497122,-0.033828165,-0.5096971,-0.9990166,0.9999142,-0.07610791,0.45033064,0.92114216,-0.17039332,-0.3739535,0.18477678,-0.41704834,-0.7731567,-0.5132119,-0.8672589,0.8624209,0.16418082,-0.99905807,0.96488607,-0.09258865,-0.9982573,-0.8717408,-0.02907586,-0.37830475,0.96120507,-0.7263122,0.96441346,0.91118795,0.8806918,0.5840759,0.7251676,-0.4854611,0.30860668,0.6807323,-0.20843259,-0.75240535,-0.0984341,-0.10070751,-0.94151044,0.6847835,-0.10380369,-0.76334256,-0.351893,0.7123523,0.6537439,-0.9913385,-0.15927137,-0.8222271,-0.85863197,0.6742022,0.9939981,-0.033737976,0.3734886,-0.14883651,-0.7459858,-0.6127639,-0.8609902,0.076127075,0.25731656,-0.52516365,-0.44200101,0.13124196,-0.058606923,-0.74008155,0.618326,-0.9358987,-0.9545432,0.5604724,0.63692814,0.64879,-0.7826774,0.30913806,0.3631258,0.21012788,0.63794905,0.3485157,0.52072656,-0.52900374,0.4623196,-0.81504047,-0.32671958,0.2045919,-0.6417329,-0.22654259,-0.39184582,-0.79784864,-0.99876285,-0.8591994,0.9802656,0.3710598,-0.99207276,-0.87213564,0.031927954,0.81533474,0.6382857,-0.8964629,-0.9997701,-0.95712614,-0.49253556,-0.23096532,-0.054215528,0.45391044,-0.56530964,0.2624988,0.1917518,-0.07510074,0.89068764,0.6225187,-0.74799854,-0.11090399,0.824179,-0.41270146,0.17917056,0.7933737,-0.43780017,-0.7219382,0.78693134,0.40636492,0.9902658,0.90357715,0.8003392,-0.8038606,-0.46223944,-0.26305163,-0.12645847,-0.84160143,-0.025453722,-0.6169392,-0.3047447,-0.9270628,-0.60531133,-0.09952823,0.67735934,-0.9892978,-0.84232867,-0.86680335,0.7917061,-0.7033728,-0.1993439,-0.12065452,0.67067593,0.99531096,-0.8163869,0.9622635
GEMIN5_K562,0.978577,-0.6553163,-0.23331927,-0.99501395,0.2188494,-0.9626513,-0.14002457,-0.6864455,-0.992079,-0.8101596,-0.86742055,-0.9989859,0.15951255,0.89423853,-0.6169204,0.7296972,-0.8617683,-0.9401919,-0.90082437,-0.21199305,-0.11631202,0.92746925,-0.8841747,0.75045127,-0.76640254,-0.3350949,-0.25556853,-0.24902713,-0.5819131,0.20738433,-0.8994239,0.6816255,-0.26082098,-0.261829,0.11074864,0.3030506,0.30529195,0.9845357,-0.34682798,0.348913,0.24487436,-0.91983205,-0.7376383,-0.91758794,-0.9999944,0.7029101,-0.8441078,0.57042336,-0.9999951,-0.08365302,-0.78389585,-0.8911872,-0.08016467,-0.7918264,0.4821573,0.67751867,-0.038897637,-0.8108768,-0.99995255,-0.6022637,0.16218048,-0.99101,-0.35038906,-0.8810705,0.94306785,1.0,0.994565,0.84254146,0.51781195,0.8475945,0.47387418,-0.8675389,-0.29618612,0.93926585,-0.9466669,-0.27841067,0.86207676,-0.5701933,-0.070113294,-0.53623754,-0.36431235,-0.76683295,-0.95688725,0.94734323,-0.4034106,0.12772605,0.99815637,-0.48842895,-0.661133,-0.15261623,-0.091009386,-0.5181989,-0.76945204,-0.9834716,0.98168105,-0.17325366,-0.9277468,0.8225892,0.24385452,-0.96105176,-0.9850741,0.30503938,-0.6646491,0.8147388,-0.45634368,0.8215682,0.9963404,0.6730027,0.2808517,0.45486268,-0.7486015,0.6074029,0.8856173,-0.5218615,-0.9286534,0.2381552,-0.42588356,-0.99998915,0.40341577,0.23290944,-0.50502574,-0.020531565,0.4383701,0.86820894,-0.9785805,-0.4785586,-0.58611304,-0.98023677,0.8814595,0.97379327,0.30059394,0.043693293,-0.46925893,-0.48201582,-0.84072065,-0.6428043,-0.2598423,-0.07873393,-0.7783083,-0.7151845,-0.20595354,-0.3872991,-0.9216266,0.8445213,-0.9997809,-0.9993381,0.25311273,0.34425703,0.3587549,-0.53109807,-0.02477063,0.03255503,-0.12700997,0.85775775,0.64042133,0.77502936,-0.7811376,0.14107744,-0.96134853,-0.62246644,-0.13262106,-0.86027837,-0.53759825,-0.06353481,-0.95293623,-0.95844024,-0.6401112,0.8587069,0.04107876,-0.977388,-0.98521256,-0.30232066,0.5763436,0.85798246,-0.99280685,-0.94998276,-0.99897975,-0.17503466,-0.5414236,0.2809825,0.13170557,-0.80748045,-0.0733828,-0.14559363,-0.40248626,0.9911843,0.8473722,-0.48466614,0.22595884,0.5888952,-0.6921601,0.49618834,0.5457397,-0.11384349,-0.45069116,0.5369016,0.07932898,0.98018223,0.70964,0.55536443,-0.9559318,-0.73085845,-0.56896245,0.21067142,-0.9733245,-0.3564973,-0.8435757,-0.6041749,-0.99897707,-0.83559585,0.23708728,0.39411741,-0.98150474,-0.61511356,-0.98330563,0.9498189,-0.42690867,0.13793035,-0.44395617,0.38578632,0.9064743,-0.9619867,0.81697273
GNL3_K562,0.95182276,-0.5731095,-0.13080761,-0.9792219,0.11606672,-0.98560846,-0.036172114,-0.6070026,-0.9997658,-0.8667909,-0.91451234,-0.9982443,0.26142967,0.93598026,-0.6955104,0.79692364,-0.80426574,-0.97054905,-0.9411344,-0.31259158,-0.21909039,0.96135783,-0.92800826,0.67755884,-0.69535637,-0.43137124,-0.15351997,-0.14683653,-0.66342384,0.10440358,-0.94004285,0.60173815,-0.15889005,-0.36089092,0.0066700242,0.2021825,0.20448619,0.9609451,-0.4425974,0.44459066,0.3444908,-0.8739863,-0.6633297,-0.9539909,-0.9949072,0.6250335,-0.895345,0.48180634,-0.9942337,0.020553887,-0.84428096,-0.93357486,-0.18351108,-0.85111207,0.57075226,0.5972576,-0.14272462,-0.8674008,-0.9935038,-0.5158739,0.26403782,-0.9995535,-0.4460012,-0.8270361,0.90331286,0.994565,1.0,0.7818815,0.60406935,0.89823705,0.37961385,-0.9146086,-0.39402184,0.898429,-0.9079738,-0.37689814,0.91015565,-0.6526277,0.034128726,-0.62120503,-0.45929417,-0.8294925,-0.9214448,0.908854,-0.49648732,0.023767455,0.9990508,-0.5766274,-0.73565567,-0.25468427,0.01317035,-0.42633522,-0.83177024,-0.99697816,0.9961833,-0.2748547,-0.8838469,0.7589137,0.34350324,-0.92705375,-0.99764204,0.40253642,-0.73882854,0.74994063,-0.3612196,0.7577447,0.99982464,0.59233576,0.17939867,0.35966775,-0.81356466,0.68681175,0.9291577,-0.6078403,-0.9622283,0.33798227,-0.51777184,-0.99503857,0.30595425,0.33289737,-0.41241696,0.08367526,0.3424076,0.9151531,-0.9518279,-0.56737834,-0.49856877,-0.99550647,0.9258391,0.9448208,0.39826223,-0.060561933,-0.5586504,-0.3881725,-0.89252764,-0.55955374,-0.35897094,-0.18209998,-0.83945155,-0.7840687,-0.30671927,-0.4811854,-0.9570232,0.8956884,-0.9965266,-0.9901191,0.15101027,0.2446329,0.25961882,-0.439992,-0.12872124,-0.071683906,-0.22959366,0.9066177,0.7169052,0.8366114,-0.8418986,0.03723483,-0.9847907,-0.70057034,-0.23509777,-0.9086843,-0.6224682,0.040717322,-0.9793223,-0.92352724,-0.55664086,0.80068326,-0.0631738,-0.95005995,-0.99769706,-0.39992273,0.4881259,0.9068021,-0.9998766,-0.9123036,-0.9888483,-0.0715735,-0.6260175,0.37937796,0.027779538,-0.86450994,-0.17682044,-0.24781008,-0.4956104,0.99959177,0.8980529,-0.39096078,0.32615513,0.5015461,-0.76354426,0.5838877,0.45552808,-0.009784467,-0.35529837,0.44614562,-0.024891233,0.95422953,0.6324259,0.46576145,-0.981304,-0.79794925,-0.65149236,0.31130692,-0.9919224,-0.45183605,-0.89490294,-0.6838572,-0.99825585,-0.88825065,0.33694735,0.29628545,-0.9562383,-0.52968043,-0.9969067,0.9772246,-0.3304358,0.24030273,-0.53483737,0.2876323,0.85758305,-0.98519236,0.7524906
GPKOW_K562,0.93538576,-0.95898896,-0.7203466,-0.89206123,0.70996404,-0.66524225,-0.6513014,-0.97004145,-0.7682074,-0.3668423,-0.4628277,-0.81743515,-0.39733887,0.5123465,-0.095864244,0.24649988,-0.9993244,-0.6086686,-0.525117,0.34777611,0.43697798,0.5800372,-0.49332857,0.9882817,-0.9917216,0.22515883,-0.7360711,-0.7314787,-0.052243445,0.70165133,-0.5223784,0.9684151,-0.73974055,0.2992392,0.62862843,0.7686348,0.7701377,0.9238718,0.212981,-0.21080744,-0.31591594,-0.98630846,-0.98517275,-0.55898213,-0.8407378,0.975348,-0.42239574,0.92301077,-0.844226,-0.60722464,-0.32603267,-0.50651973,0.46935594,-0.33817935,-0.06564928,0.96700406,0.50545096,-0.36798096,-0.8477476,-0.93742007,-0.39485675,-0.7629046,0.20926721,-0.99710304,0.9737228,0.84254146,0.7818815,1.0,-0.024518222,0.4283117,0.8735735,-0.46303883,0.26491416,0.9762236,-0.9711607,0.28276262,0.453369,-0.03792013,-0.5963792,0.0028388025,0.19466674,-0.30036968,-0.96266794,0.9706565,0.15296781,0.6418343,0.8082962,0.05849009,-0.15291359,0.40373623,-0.6130753,-0.8972741,-0.3042688,-0.7310895,0.7244807,0.3845124,-0.98268795,0.99935085,-0.31691355,-0.9585867,-0.7372506,-0.25595188,-0.15755296,0.99876493,-0.86376494,0.9992846,0.7934192,0.9654261,0.75358146,0.8629252,-0.27360424,0.08387667,0.49602035,0.019778946,-0.5826243,-0.32247788,0.12851734,-0.84002674,0.83275145,-0.32758233,-0.89040023,-0.55581677,0.85346407,0.4642337,-0.93537986,0.069743074,-0.9302397,-0.7193336,0.4882923,0.94296485,-0.2604581,0.5749305,0.08027426,-0.878047,-0.4166898,-0.9541975,0.30120218,0.4706228,-0.3175599,-0.22610368,0.35355982,0.170278,-0.5674779,0.4230952,-0.8310815,-0.86157835,0.7343499,0.7957587,0.8050416,-0.90386015,0.51759595,0.565775,0.4272582,0.4458107,0.12589973,0.3126195,-0.3218414,0.652108,-0.66167235,-0.10289585,0.42213494,-0.45021245,0.0012257851,-0.59107393,-0.63959104,-0.9611937,-0.9531412,0.99952704,0.5727874,-0.9373856,-0.7377953,0.25870922,0.92576706,0.44620207,-0.7719922,-0.9686157,-0.8660068,-0.67779016,-0.0033173938,-0.28019252,0.6449068,-0.36259997,0.47535124,0.41022345,0.1539659,0.7637503,0.42793313,-0.87949204,-0.33432144,0.93149567,-0.1944197,-0.049588643,0.91115713,-0.63104767,-0.8605515,0.9067756,0.6037719,0.932546,0.97740173,0.9158473,-0.64727604,-0.24814683,-0.036423538,-0.34904352,-0.69648653,0.20287769,-0.42149696,-0.07983303,-0.81732255,-0.40812984,-0.32351872,0.82709503,-0.9300729,-0.9429364,-0.7304655,0.6317778,-0.84676987,-0.41727152,0.10858856,0.821976,0.99118525,-0.6634157,0.9989494
GRSF1_HepG2,0.3305888,0.3068713,0.7110675,-0.4299066,-0.7214334,-0.7300926,0.7745598,0.26664993,-0.6211737,-0.9210092,-0.874834,-0.5558055,0.92713815,0.8459588,-0.99274474,0.9628078,-0.0122397905,-0.7782627,-0.8378994,-0.9458226,-0.90991575,0.80012363,-0.857486,-0.17682572,0.15268359,-0.97954965,0.69474787,0.69959384,-0.99705327,-0.7295095,-0.8396498,-0.27301252,0.69082713,-0.96122813,-0.7928849,-0.65834117,-0.6565684,0.35993534,-0.9819845,0.9824023,0.9562476,-0.14067893,0.19566889,-0.8152252,-0.52066636,-0.24451971,-0.8957826,-0.40728906,-0.515127,0.80917937,-0.9370806,-0.8495503,-0.89425147,-0.93250716,0.9991524,-0.27839375,-0.8749887,-0.9205315,-0.50945526,0.37107998,0.92814785,-0.62761164,-0.9826954,-0.05159279,0.20379393,0.51781195,0.60406935,-0.024518222,1.0,0.892858,-0.5079644,-0.8747187,-0.9704774,0.19276564,-0.21454327,-0.96583444,0.87993926,-0.99805063,0.81708366,-0.999765,-0.98534745,-0.9461716,-0.24700105,0.2165992,-0.99168456,-0.78234947,0.5687811,-0.99942195,-0.9841933,-0.92449933,0.80481845,0.46334073,-0.9448397,-0.66415143,0.67132497,-0.9322699,-0.16111903,-0.0605185,0.9559394,-0.26121235,-0.65734017,0.9726744,-0.98335075,-0.07415828,0.5249214,-0.062308382,0.58903944,-0.28426903,-0.6756335,-0.5263373,-0.95484495,0.99412006,0.8558883,-0.9999888,-0.79821235,0.954199,-0.9945602,-0.52178586,-0.5738983,0.95257044,0.47687256,0.84468263,-0.5419206,0.8740643,-0.33060458,-0.9989751,0.38964987,-0.6768191,0.8604458,0.30967245,0.97158086,-0.8320525,-0.99844134,0.4999586,-0.89855903,0.3224826,-0.9606586,-0.89360815,-0.9401672,-0.9682667,-0.9437993,-0.98927474,-0.8092277,0.8954393,-0.53560674,-0.4863478,-0.69657207,-0.6249423,-0.6127782,0.4498604,-0.86805856,-0.8381835,-0.9143335,0.8839277,0.9886579,0.941928,-0.938618,-0.7738867,-0.7333448,-0.9918703,-0.9166105,-0.88161457,-0.9997287,0.82086724,-0.7528028,-0.2522249,0.32580397,0.006235992,-0.8335013,-0.32520565,-0.65673226,-0.972008,-0.40067878,0.88372314,-0.616513,-0.22473978,-0.4786487,0.75165254,-0.99961257,0.966525,-0.7798435,-0.9227744,-0.8911864,-0.9217688,-0.9915541,0.6265919,0.89304656,0.497334,0.9503727,-0.38648167,-0.9758568,0.9996853,-0.43427515,0.79098314,0.53030944,-0.44371945,-0.81172097,0.33807832,-0.2352908,-0.42386082,-0.74615663,-0.9623471,-0.99814296,0.9453827,-0.7002777,-0.9838839,-0.8962229,-0.99455124,-0.55596805,-0.9026429,0.9538694,-0.58217216,-0.34446096,0.3559921,-0.66483474,0.75942653,0.55256075,0.9187394,-0.99645036,-0.5895044,0.10814132,-0.7317605,-0.07030516
GRWD1_HepG2,0.72018677,-0.15461767,0.31823894,-0.79044414,-0.33228534,-0.9596069,0.4067326,-0.19595258,-0.9075378,-0.9977556,-0.9992567,-0.87062705,0.6590519,0.9954632,-0.9405291,0.98132634,-0.46123338,-0.977663,-0.99393094,-0.69826776,-0.62562835,0.98452556,-0.9973156,0.2853618,-0.30873334,-0.7839896,0.29640386,0.30285317,-0.9247735,-0.34333038,-0.99427944,0.18946859,0.29120678,-0.7340575,-0.4335101,-0.2488267,-0.24654728,0.7415266,-0.7916762,0.793033,0.72204316,-0.57146615,-0.26692894,-0.9886911,-0.8493619,0.2183467,-0.99997866,0.04764232,-0.8459266,0.45788077,-0.9938989,-0.9960847,-0.59688395,-0.9952368,0.8735634,0.18396899,-0.56321216,-0.9978368,-0.8423859,-0.08686303,0.66108286,-0.9109684,-0.79399174,-0.4958036,0.62284636,0.8475945,0.89823705,0.4283117,0.892858,1.0,-0.06562852,-0.9992475,-0.7578805,0.6140045,-0.63140863,-0.7456434,0.9996103,-0.9192228,0.469911,-0.9024116,-0.80296606,-0.9905558,-0.65692157,0.63303995,-0.82747847,-0.4180384,0.8782391,-0.87703204,-0.95849866,-0.6537851,0.45130333,0.014616584,-0.9911084,-0.92966497,0.93317205,-0.6694686,-0.5883111,0.3954783,0.7213151,-0.6679287,-0.92628366,0.76390356,-0.95982695,0.38288534,0.0853748,0.39383093,0.88984895,0.17794749,-0.27123815,-0.087032676,-0.98633856,0.9363722,0.997084,-0.89498276,-0.9839633,0.7172354,-0.84109205,-0.85005367,-0.14361568,0.7134639,0.029944548,0.51313,-0.105380476,0.99919426,-0.7201984,-0.871559,-0.066842675,-0.9358196,0.9977222,0.7046948,0.7608852,-0.49310356,-0.8663326,0.056376904,-0.9999178,-0.13834774,-0.7326585,-0.5957318,-0.9928721,-0.97707283,-0.6938335,-0.8175025,-0.98709697,0.9999834,-0.8585168,-0.82772934,-0.2988281,-0.20641868,-0.1912418,-0.0005351742,-0.55147725,-0.5027699,-0.63399994,0.99981076,0.9503652,0.9922383,-0.9934006,-0.40576065,-0.9609384,-0.9429062,-0.63836616,-0.9997028,-0.9031054,0.47572088,-0.9685794,-0.6609797,-0.13486995,0.45589727,-0.4953785,-0.71622187,-0.9259795,-0.76205915,0.0548588,0.9998021,-0.9050301,-0.6394787,-0.8227654,0.3740942,-0.905047,0.7474255,-0.414389,-0.99744016,-0.5914127,-0.6483947,-0.826911,0.91042763,0.99999994,0.053353786,0.7084417,0.07027267,-0.9696606,0.88128,0.017910011,0.43070176,0.091692366,0.0073995036,-0.46173352,0.72567743,0.22761354,0.029436162,-0.9660338,-0.9816519,-0.9186321,0.697299,-0.9467318,-0.7979444,-0.9999717,-0.9349403,-0.87072337,-0.9997532,0.7164687,-0.15364248,-0.7303326,-0.10298597,-0.93000144,0.97104704,0.11801364,0.6424814,-0.8517781,-0.16257615,0.54425234,-0.9602916,0.3864514
GRWD1_K562,0.64501965,-0.9756971,-0.96685237,-0.5593379,0.9629529,-0.21776025,-0.93827105,-0.96563923,-0.3595046,0.13229793,0.02711341,-0.43374506,-0.79372853,0.029611388,0.40070626,-0.25633848,-0.8550962,-0.14556308,-0.044538468,0.76011974,0.8194986,0.110250555,-0.007612914,0.93762577,-0.92883635,0.6708878,-0.9724563,-0.9708584,0.4403892,0.9597222,-0.041326597,0.96733534,-0.9737091,0.7257986,0.92765653,0.9827901,0.983222,0.62081176,0.6615803,-0.659911,-0.73774314,-0.78135204,-0.9441204,-0.08475654,-0.4709306,0.95943767,0.07214967,0.99358433,-0.4766327,-0.91714704,0.1752852,-0.02284225,0.8397706,0.16259271,-0.54299176,0.96873933,0.8614936,0.13108431,-0.4824285,-0.98837185,-0.7920813,-0.3518012,0.65872645,-0.8340236,0.73978096,0.47387418,0.37961385,0.8735735,-0.5079644,-0.06562852,1.0,0.026875434,0.7007257,0.74730474,-0.7323401,0.7138442,-0.03774889,0.45321625,-0.91165036,0.48917022,0.64743733,0.20182315,-0.7092207,0.73090476,0.61459315,0.9339062,0.41955334,0.53695446,0.34738725,0.79795605,-0.92006516,-0.9986968,0.19781509,-0.30659935,0.29741243,0.78517514,-0.76828146,0.8905405,-0.7384528,-0.6987855,-0.31522378,-0.6940731,0.3429797,0.896676,-0.9998039,0.8913548,0.3968722,0.97024006,0.97823817,0.99976957,0.22910775,-0.41170487,0.01071011,0.50387543,-0.11341001,-0.74239975,0.5949256,-0.46977258,0.9969253,-0.746005,-0.9993619,-0.89013636,0.9992041,-0.02552725,-0.64500695,0.5464328,-0.99122566,-0.29030272,0.001832496,0.661733,-0.69742346,0.9004567,0.555247,-0.999957,0.078417845,-0.979169,0.72721267,0.840549,0.18408833,0.2765704,0.76411825,0.62833494,-0.09499668,-0.07137987,-0.45533648,-0.5055952,0.97186124,0.98990124,0.9919778,-0.9978089,0.8685843,0.8955529,0.8132743,-0.04620306,-0.3728369,-0.18920234,0.17964494,0.9386384,-0.21310082,0.39422193,0.8099685,0.041284226,0.48776275,-0.9089209,-0.18460184,-0.7054073,-0.9798758,0.85819364,0.8993155,-0.6493636,-0.31598914,0.69612443,0.99274117,-0.04576626,-0.36503464,-0.72518337,-0.5131589,-0.94994265,0.48379153,-0.7119659,0.9353335,0.13681255,0.8434442,0.8022164,0.6153895,0.3530265,-0.066046454,-0.9999244,-0.75074184,0.9907654,0.30756557,-0.5294128,0.99650866,-0.92881507,-0.9996582,0.9973312,0.9154093,0.6389266,0.9567143,0.9954799,-0.19445916,0.25469515,0.45455062,-0.76099765,-0.25919634,0.6537996,0.07313851,0.4153989,-0.4335687,0.08778162,-0.7431361,0.99607956,-0.63368845,-0.9857796,-0.3057289,0.17464502,-0.9986162,-0.8068144,0.5786744,0.9952385,0.80139464,-0.21537423,0.89495915
GTF2F1_HepG2,-0.74655485,0.1928222,-0.28122824,0.81360793,0.29545203,0.9697974,-0.37099245,0.2338405,0.9231444,0.99440753,1.0,0.8890531,-0.6293841,-0.9984046,0.9266448,-0.9731271,0.49530104,0.9850795,0.9974498,0.66997683,0.59489864,-0.9905818,0.9994052,-0.3223216,0.34539357,0.75932145,-0.25913647,-0.26565948,0.9093183,0.30664217,0.9976741,-0.227411,-0.25388134,0.707165,0.39823085,0.21107194,0.20877153,-0.7669919,0.7673837,-0.7688078,-0.69466484,0.602866,0.30410805,0.9937639,0.86919516,-0.2560338,0.9989726,-0.08634987,0.8659753,-0.42305374,0.98887295,0.9987641,0.5653145,0.9907066,-0.85402787,-0.22195597,0.530738,0.9945361,0.86265355,0.12543838,-0.6314828,0.9262818,0.7698143,0.5291147,-0.6527229,-0.8675389,-0.9146086,-0.46303883,-0.8747187,-0.9992475,0.026875434,1.0,0.7320055,-0.6441574,0.66101104,0.71923655,-0.9999408,0.90325904,-0.43531927,0.88501996,0.7792436,0.9844923,0.68567127,-0.6625896,0.8050768,0.38248816,-0.89612716,0.8577374,0.9467192,0.6239434,-0.41635102,0.02417759,0.98520166,0.9432549,-0.94641113,0.640152,0.6192331,-0.4308061,-0.6939079,0.6962927,0.9402028,-0.7382981,0.94822127,-0.418429,-0.046664853,-0.429187,-0.90687627,-0.21598186,0.23370089,0.04832681,0.9792068,-0.9220529,-0.9992936,0.8770062,0.99014145,-0.68966746,0.81947935,0.86984324,0.10512225,-0.68574905,0.008847912,-0.4794523,0.06672959,-0.9999991,0.7465659,0.8518861,0.10549295,0.94878715,-0.99958783,-0.7316844,-0.735144,0.4589887,0.8463076,-0.017608847,0.998668,0.17665796,0.70570844,0.56413,0.9875021,0.9680795,0.6653792,0.79454875,0.9925649,-0.9990073,0.87776047,0.8488712,0.26158813,0.16831136,0.15302648,0.039322086,0.51870614,0.4688628,0.6035274,-0.99981296,-0.9375819,-0.98666835,0.9882042,0.37000462,0.9709501,0.9292782,0.6080299,0.99989605,0.8857697,-0.4412457,0.97749716,0.68958807,0.17320138,-0.49007642,0.46131206,0.74275154,0.93992776,0.7363705,-0.093546666,-0.9998213,0.9208472,0.6688175,0.84419227,-0.33784163,0.88786924,-0.72109485,0.37877697,0.99391603,0.55969065,0.6183776,0.8044773,-0.9257876,-0.99923116,-0.014581565,-0.6805337,-0.10891098,0.9594492,-0.86228615,-0.056677517,-0.39537188,-0.052999437,-0.046180077,0.42698088,-0.75181836,-0.2652117,-0.068184525,0.9753301,0.9735171,0.9026154,-0.6689725,0.9585098,0.77396566,0.9989272,0.9204748,0.8891427,0.9981391,-0.6888708,0.11519996,0.75627834,0.14148955,0.9435581,-0.97958213,-0.07940856,-0.6122752,0.83081627,0.12418228,-0.5763821,0.97039056,-0.42193452
GTF2F1_K562,-0.093197726,-0.52736634,-0.8596629,0.19944878,0.86715645,0.54372,-0.9042469,-0.49123734,0.413819,0.79986435,0.73216766,0.33889034,-0.99014604,-0.6923686,0.9344352,-0.869216,-0.22929588,0.60383224,0.68151367,0.99621063,0.9830975,-0.63182634,0.70807564,0.40899697,-0.38654026,0.9991593,-0.8477154,-0.85128176,0.9491152,0.8729409,0.68386275,0.49698198,-0.8448189,0.99935997,0.91645247,0.8204553,0.8191079,-0.124282196,0.9985698,-0.9984484,-0.9985795,-0.102267966,-0.4264219,0.65147257,0.2993743,0.47117156,0.76212865,0.61554545,0.2931901,-0.9270055,0.8252122,0.69723856,0.9757999,0.81787026,-0.97958326,0.50183195,0.9659283,0.79912895,0.28686932,-0.58409584,-0.990521,0.42130837,0.99835944,-0.19080141,0.038353167,-0.29618612,-0.39402184,0.26491416,-0.9704774,-0.7578805,0.7007257,0.7320055,1.0,0.04959409,-0.02736672,0.9998278,-0.7393741,0.95353293,-0.9320131,0.9650202,0.9973949,0.8401725,0.0059899488,0.02526189,0.993447,0.9094765,-0.35361117,0.97811604,0.9124228,0.9891442,-0.9242107,-0.6634014,0.83794713,0.46422905,-0.47274283,0.99200135,-0.08167884,0.29948202,-0.99852294,0.020682367,0.45617276,-0.9999569,0.91049075,0.31249708,-0.7147154,0.3011925,-0.3767409,0.5071184,0.83350295,0.7158783,0.8549961,-0.93865395,-0.7058852,0.9693231,0.62935865,-0.99818665,0.99032164,0.300626,0.754474,-0.9978472,-0.6747953,-0.9488477,0.7286267,-0.731086,0.09321425,0.9803999,-0.6002757,0.47928417,-0.7121457,-0.071194015,-0.99998933,0.9412767,0.9824259,-0.69408286,0.7661833,-0.5412688,0.9992842,0.9754851,0.8302335,0.87940246,0.9956545,0.99529886,0.64363784,-0.7616288,0.3161153,0.26124385,0.84905964,0.7947842,0.7852907,-0.6519878,0.9621739,0.9449816,0.98501366,-0.7450447,-0.9232467,-0.8331239,0.8277063,0.9037924,0.54771835,0.93189526,0.9859739,0.74175155,0.96459603,-0.93438244,0.5718142,0.011384253,-0.54421747,0.23513569,0.9421571,0.087522864,0.45545498,0.9999793,0.60983455,-0.74475294,0.40841055,-0.016917657,0.25274956,-0.8885423,0.96338785,-0.99987394,0.9078006,0.8025905,0.97429,0.9880756,0.9935619,-0.42012078,-0.7581536,-0.6919001,-0.99735343,0.5975226,0.8943677,-0.97622246,0.6387154,-0.9152017,-0.7191371,0.64676785,0.928624,-0.10110696,0.46276522,0.6298018,0.5635494,0.86837435,0.95398307,-0.99609214,0.5074235,0.99796426,0.76277024,0.9400454,0.33907437,0.77218765,-0.99811983,0.7610899,0.10786009,-0.57087356,0.46503857,-0.58008814,-0.73727477,-0.986854,0.9873367,0.7669273,0.1348291,0.54576945,0.30882502
HLTF_HepG2,0.9898004,-0.8747466,-0.5528674,-0.968811,0.5404288,-0.81126875,-0.47132954,-0.8943162,-0.888716,-0.55977386,-0.6439754,-0.9228613,-0.1889712,0.6863189,-0.3093527,0.4507163,-0.98353076,-0.7661841,-0.69710594,0.13627246,0.23161313,0.74282163,-0.67015153,0.93169665,-0.9403077,0.008605386,-0.57184017,-0.56628156,-0.26747122,0.5305182,-0.6947974,0.8913403,-0.5762917,0.085291125,0.44510183,0.6116967,0.61355627,0.98486227,-0.0038757108,0.0060995,-0.10273974,-0.99860466,-0.92455924,-0.72542965,-0.93811446,0.9043235,-0.6088319,0.8176589,-0.94033724,-0.42055988,-0.52320236,-0.6813783,0.2667898,-0.5341334,0.15221009,0.8887886,0.30639562,-0.56078815,-0.94256395,-0.8396535,-0.18631609,-0.8849072,-0.0076750834,-0.9898833,0.9999367,0.93926585,0.898429,0.9762236,0.19276564,0.6140045,0.74730474,-0.6441574,0.04959409,1.0,-0.9997526,0.068119675,0.635798,-0.25362858,-0.4082008,-0.21399367,-0.022581076,-0.4999842,-0.99845445,0.9997036,-0.064884335,0.46034816,0.9167044,-0.15929544,-0.36349466,0.19582275,-0.42724812,-0.7802436,-0.5035228,-0.86160237,0.85667086,0.17526866,-0.99948305,0.96778035,-0.10378584,-0.9975301,-0.86617285,-0.04032077,-0.36786515,0.96424776,-0.7340002,0.96732724,0.9064947,0.8859658,0.59317195,0.7328691,-0.47559372,0.29788473,0.6724473,-0.19741511,-0.7449465,-0.10962473,-0.08950683,-0.9376593,0.69293964,-0.11498796,-0.7705625,-0.36240238,0.72020364,0.64518833,-0.989798,-0.14815329,-0.828579,-0.85281026,0.6658498,0.99270433,-0.044980943,0.38390222,-0.13770078,-0.7534315,-0.6038335,-0.8666585,0.087340996,0.26817277,-0.51555526,-0.43188038,0.14238772,-0.047371283,-0.73246795,0.60944384,-0.931876,-0.9511289,0.56975514,0.64556193,0.657311,-0.789631,0.31981874,0.37358615,0.22111501,0.62924415,0.33794755,0.5110879,-0.5194217,0.4722674,-0.80846983,-0.31606498,0.21559246,-0.6330632,-0.21556915,-0.40217283,-0.7910152,-0.99814016,-0.86490166,0.98242784,0.38148454,-0.9905961,-0.86657554,0.043171823,0.82179755,0.6295839,-0.8914205,-0.9994655,-0.9538063,-0.5022964,-0.2200034,-0.065447174,0.46390742,-0.5559926,0.2733391,0.20278226,-0.06387649,0.8855161,0.6136738,-0.75541884,-0.12207919,0.83049875,-0.40242726,0.16808979,0.8001728,-0.44788867,-0.72967833,0.7938243,0.4166197,0.98863703,0.90834033,0.8070345,-0.79711723,-0.452233,-0.25218,-0.1376114,-0.83547133,-0.014204489,-0.60804516,-0.294009,-0.9227859,-0.5963168,-0.11071769,0.6855936,-0.98759353,-0.8483395,-0.86113787,0.78478247,-0.711326,-0.2103571,-0.10947745,0.6789792,0.9963363,-0.8098374,0.9652643
HLTF_K562,-0.9927242,0.86375207,0.5341967,0.974083,-0.5215806,0.82407254,0.45159617,0.8841431,0.8986934,0.5780664,0.6608324,0.9311992,0.1670832,-0.70232606,0.33042747,-0.4704599,0.9792673,0.78028804,0.7128806,-0.11420364,-0.20991829,-0.75752866,0.68649447,-0.9233869,0.9325054,0.013638268,0.55345184,0.547809,0.28883713,-0.5115328,0.7106224,-0.88103664,0.55797195,-0.06310848,-0.42507404,-0.5939498,-0.5958409,-0.9884741,0.026116816,-0.028339926,0.080589555,0.997183,0.91585535,0.7405594,0.9455855,-0.89460564,0.62632626,-0.8046517,0.9476724,0.400276,0.54202807,0.6974896,-0.24528775,0.55280477,-0.17415574,-0.8783747,-0.285147,0.579065,0.94976026,0.82736546,0.1644171,0.89504796,0.029914761,0.9864826,-0.99993956,-0.9466669,-0.9079738,-0.9711607,-0.21454327,-0.63140863,-0.7323401,0.66101104,-0.02736672,-0.9997526,1.0,-0.04591214,-0.65280867,0.27508104,0.38779497,0.23566806,0.044812046,0.5191234,0.9994436,-0.9999978,0.08706365,-0.440489,-0.925365,0.1812145,0.38412562,-0.17396268,0.40703237,0.76613843,0.5226152,0.87267905,-0.867933,-0.1533276,0.9985207,-0.96194047,0.081637934,0.99884564,0.877074,0.018086413,0.3884574,-0.958115,0.7187128,-0.9614489,-0.9156616,-0.87543166,-0.57511836,-0.7175548,0.49504185,-0.3190436,-0.68874323,0.21917078,0.7596005,0.0874892,0.111637756,0.94515777,-0.67673165,0.0928647,0.7561954,0.34158272,-0.7045946,-0.66202253,0.9927222,0.17011365,0.8159212,0.86421466,-0.68227994,-0.99514055,0.022749856,-0.36326924,0.15969731,0.7386202,0.6214135,0.8553474,-0.06516216,-0.24667892,0.5344863,0.4518345,-0.1203369,0.0695767,0.7474294,-0.62692755,0.93971443,0.95776194,-0.5513352,-0.6284155,-0.6403861,0.7757882,-0.29866555,-0.35286194,-0.19936839,-0.6463755,-0.3587978,-0.53007954,0.53829986,-0.4525448,0.82136023,0.33708885,-0.19381984,0.6501244,0.23723534,0.3817091,0.80442727,0.99924916,0.8535234,-0.9780334,-0.3608299,0.9933942,0.8774611,-0.020939412,-0.80892104,-0.6467091,0.9012796,0.9999454,0.96025246,0.48293924,0.24164636,0.04323632,-0.4440884,0.5743427,-0.25187618,-0.18095197,0.08605737,-0.8956311,-0.6310838,0.74065787,0.099973,-0.817904,0.4226892,-0.1899742,-0.78663445,0.42789114,0.7142883,-0.7801012,-0.39629662,-0.991736,-0.8988132,-0.7937005,0.8103505,0.47195905,0.27364087,0.11554697,0.8474875,0.03644084,0.62555295,0.31519568,0.9311279,0.6140244,0.0885847,-0.669232,0.9908419,0.8363534,0.87223226,-0.7983735,0.6955167,0.18856038,0.13155915,-0.66248196,-0.9941876,0.82268566,-0.95921415
HNRNPA1_HepG2,-0.07470536,-0.5430424,-0.868995,0.1812302,0.8762492,0.528052,-0.9120153,-0.50731635,0.39685413,0.788589,0.7194019,0.321373,-0.9925743,-0.6788596,0.9276655,-0.85989106,-0.24731894,0.58893615,0.6678161,0.99765307,0.9863257,-0.6173337,0.69484985,0.42586052,-0.40358838,0.9982264,-0.85741305,-0.86087227,0.9431076,0.8818432,0.67020553,0.5129995,-0.85460246,0.9998517,0.9237202,0.8309233,0.82961196,-0.1058476,0.99740565,-0.9972431,-0.9993963,-0.12071014,-0.44313392,0.6372816,0.28161678,0.48745853,0.7499831,0.6300643,0.27539802,-0.93380576,0.8145886,0.6838161,0.9796897,0.8070516,-0.97568387,0.51779675,0.9705648,0.78783554,0.2690428,-0.59905785,-0.9928995,0.4044061,0.99712497,-0.20898472,0.05688999,-0.27841067,-0.37689814,0.28276262,-0.96583444,-0.7456434,0.7138442,0.71923655,0.9998278,0.068119675,-0.04591214,1.0,-0.7267523,0.9477777,-0.9385782,0.9599888,0.99588454,0.829964,-0.012567829,0.043808695,0.99115497,0.9170351,-0.33619213,0.9740866,0.9046712,0.9917008,-0.9311383,-0.67717284,0.8276753,0.4477128,-0.45630902,0.99417293,-0.10015973,0.3171358,-0.99935925,0.0021256946,0.43958044,-0.99961245,0.90266013,0.330071,-0.7275715,0.318836,-0.35948625,0.52302504,0.8436125,0.7287121,0.84522444,-0.93209267,-0.6926191,0.9645951,0.61482924,-0.9991318,0.98757553,0.28287557,0.76652366,-0.99889237,-0.6883744,-0.9545435,0.74121124,-0.71829885,0.07472192,0.976575,-0.61501426,0.46291482,-0.6989953,-0.052671768,-0.9997314,0.9473802,0.978793,-0.70732254,0.7541262,-0.55677944,0.99981415,0.9794009,0.81974655,0.87041634,0.99721116,0.99333024,0.6293247,-0.7494724,0.29845536,0.24328619,0.8587171,0.80590945,0.7966447,-0.6659461,0.96706384,0.95088935,0.9880447,-0.73253846,-0.91595787,-0.8227167,0.8171502,0.91157866,0.53209794,0.92500365,0.9889013,0.729178,0.95953584,-0.9408329,0.55649173,-0.0071734646,-0.5596922,0.253132,0.94821465,0.06902193,0.43885595,0.99968785,0.62443656,-0.73224074,0.39140135,-0.035469167,0.23475145,-0.8969033,0.9582466,-0.9999964,0.9154272,0.79138243,0.97830313,0.9907627,0.9912885,-0.40320835,-0.7459223,-0.7051791,-0.99853086,0.6122998,0.88591254,-0.97203165,0.652884,-0.9225226,-0.731908,0.6608097,0.93534917,-0.082627565,0.47913602,0.6441077,0.54812264,0.85902214,0.9482542,-0.9975596,0.49134558,0.9966089,0.75063854,0.93355465,0.32155824,0.76026356,-0.99908537,0.7729958,0.0893927,-0.5860114,0.4485301,-0.5648726,-0.74968493,-0.9896832,0.9842228,0.778704,0.15319352,0.5301258,0.32642183
HNRNPA1_K562,0.7392725,-0.18213597,0.29165196,-0.8072345,-0.30582774,-0.96708643,0.38107312,-0.2232493,-0.91890734,-0.99549764,-0.9999434,-0.88402003,0.6378008,0.99773127,-0.9306798,0.9755747,-0.48582137,-0.983149,-0.99661434,-0.6780136,-0.6036081,0.98903364,-0.9989709,0.31200415,-0.33516362,-0.7663557,0.26962852,0.27613184,-0.9137913,-0.31697914,-0.9968735,0.21680339,0.26438886,-0.7148152,-0.4081863,-0.22169344,-0.21939866,0.759966,-0.77431375,0.7757192,0.7024493,-0.5941506,-0.29372633,-0.992492,-0.8637644,0.24550231,-0.9994065,0.0755063,-0.8604836,0.4328862,-0.9904328,-0.99816424,-0.574255,-0.9921277,0.85963684,0.2113351,-0.5399268,-0.9956129,-0.8570999,-0.11463791,0.63988084,-0.92212737,-0.7767125,-0.51985204,0.6444422,0.86207676,0.91015565,0.453369,0.87993926,0.9996103,-0.03774889,-0.9999408,-0.7393741,0.635798,-0.65280867,-0.7267523,1.0,-0.9078737,0.4450876,-0.89003235,-0.78601557,-0.9863425,-0.6777117,0.65440226,-0.81148225,-0.3925174,0.891246,-0.8632794,-0.9501669,-0.6324082,0.42621762,-0.013300365,-0.987008,-0.93958646,0.94284165,-0.6484719,-0.61065423,0.42096272,0.7017004,-0.6884429,-0.93644154,0.745592,-0.9516204,0.4085232,0.057529215,0.41933575,0.9022382,0.20534687,-0.24426466,-0.059190456,-0.98135585,0.9262092,0.99882567,-0.8821814,-0.988559,0.6975044,-0.8256657,-0.86442477,-0.11593485,0.6936266,0.002031162,0.48897097,-0.0775806,0.99992526,-0.7392838,-0.85753334,-0.09466843,-0.94529414,0.9992164,0.72422564,0.7424755,-0.46862686,-0.85205275,0.028485097,-0.99917024,-0.16593963,-0.7133747,-0.5730794,-0.9891583,-0.970749,-0.6734611,-0.80110747,-0.991182,0.9994328,-0.8724963,-0.84307027,-0.2720729,-0.17902517,-0.16376826,-0.028449196,-0.5279766,-0.47844437,-0.61216587,0.9999642,0.94130975,0.98838043,-0.9898118,-0.3800895,-0.9682895,-0.93324167,-0.6166309,-0.99999374,-0.8907665,0.45098224,-0.9751444,-0.68166906,-0.16247658,0.4805642,-0.47093698,-0.7354233,-0.93615836,-0.7436875,0.082709625,0.9999678,-0.91655064,-0.6606902,-0.8383107,0.348061,-0.8928221,0.72858953,-0.3888228,-0.99505544,-0.5686731,-0.6268908,-0.8108917,0.92162013,0.99959856,0.025458522,0.68846464,0.098090515,-0.96245897,0.8677445,0.04581279,0.40534148,0.06385999,0.03531009,-0.43679315,0.7446006,0.25470635,0.05732683,-0.9728709,-0.9759466,-0.90724486,0.6770189,-0.9553519,-0.7808087,-0.9993718,-0.9246719,-0.8841115,-0.9987434,0.696716,-0.12599981,-0.749116,-0.13071164,-0.9398991,0.977337,0.09024849,0.6208403,-0.8368218,-0.13496993,0.5674581,-0.9677054,0.41204637
HNRNPC_HepG2,-0.38884467,-0.24687473,-0.6658,0.48541647,0.67680955,0.77131665,-0.733576,-0.20598054,0.66887116,0.9435248,0.90336114,0.6066035,-0.9019449,-0.87758934,0.99831367,-0.9777931,0.074620456,0.8159347,0.8703305,0.9237156,0.882255,-0.83599913,0.8879245,0.11505514,-0.090708375,0.9650833,-0.64850557,-0.6536364,0.99989724,0.6854013,0.8719092,0.21244194,-0.6443572,0.9421447,0.7533088,0.6100811,0.60821515,-0.41746014,0.96827734,-0.9688307,-0.9361253,0.20219336,-0.13408428,0.84978,0.5729338,0.18352821,0.9217769,0.34949675,0.5676149,-0.7709328,0.9570418,0.88081557,0.864576,0.9532286,-0.99463564,0.21790898,0.84306794,0.94311845,0.56216496,-0.31240305,-0.903109,0.6749756,0.96921974,0.113818415,-0.26449624,-0.5701933,-0.6526277,-0.03792013,-0.99805063,-0.9192228,0.45321625,0.90325904,0.95353293,-0.25362858,0.27508104,0.9477777,-0.9078737,1.0,-0.77951074,0.9991691,0.9727822,0.9645269,0.30699515,-0.2771047,0.98171985,0.7419534,-0.6190033,0.995352,0.9933273,0.8989078,-0.7662084,-0.4071317,0.963439,0.70951384,-0.7162718,0.9078751,0.22239877,-0.0018943973,-0.9357549,0.3209458,0.70309013,-0.9562886,0.9927747,0.011776251,-0.47077873,-0.00010113319,-0.63832444,0.2238803,0.6283059,0.47224605,0.97152567,-0.99894005,-0.8864955,0.99833524,0.8342503,-0.93366784,0.9861206,0.5740087,0.5216709,-0.9317212,-0.421087,-0.80963045,0.48841345,-0.9026795,0.38886002,0.99420285,-0.33141387,0.7214424,-0.8905686,-0.36841023,-0.95491415,0.79581237,0.9930119,-0.44493458,0.9241959,-0.26277906,0.94145286,0.8638539,0.9595981,0.9819765,0.9213321,0.9782304,0.84431535,-0.9214773,0.5872654,0.5399306,0.6504363,0.57500297,0.56226444,-0.39324576,0.8353825,0.8025124,0.8872777,-0.91138864,-0.9961036,-0.9610498,0.9583169,0.7328528,0.7743447,0.99787855,0.8898736,0.90935135,0.99923354,-0.7836238,0.792416,0.31212464,-0.26616475,-0.06863194,0.7973943,0.38358867,0.70251644,0.95545024,0.3427173,-0.91120857,0.6644489,0.2851143,0.5325116,-0.7090247,0.9994011,-0.94862854,0.7392566,0.94502443,0.861138,0.8957734,0.9815271,-0.67400897,-0.9193876,-0.44222108,-0.92910385,0.32816836,0.98758537,-0.996171,0.37721154,-0.75125694,-0.4763649,0.38692543,0.7736887,-0.39615378,0.17417507,0.36650887,0.7862524,0.97743547,0.99999887,-0.9231968,0.74346477,0.97080666,0.92216086,0.9991186,0.606759,0.9277436,-0.93327343,0.53029436,0.4023794,-0.2969771,0.7101578,-0.7985492,-0.49946725,-0.8923054,0.9892541,0.53794307,-0.16997384,0.77286977,0.007913224
HNRNPC_K562,-0.27398577,0.7994421,0.9863659,0.16925393,-0.9887016,-0.20258325,0.9975289,0.7735207,-0.055748202,-0.5279638,-0.43553346,0.02512818,0.97358245,0.38379127,-0.7418344,0.6309262,0.56647503,-0.27388674,-0.3699554,-0.9600026,-0.98261344,0.3079512,-0.40401438,-0.71191585,0.6945148,-0.9163711,0.98233044,0.98357314,-0.77044976,-0.99039245,-0.3729402,-0.77769166,0.98129845,-0.9443815,-0.99916756,-0.9718771,-0.9713204,-0.2437819,-0.91130334,0.9103854,0.9499998,0.45583943,0.72525275,-0.33221948,0.06678145,-0.7588116,-0.4756708,-0.8593238,0.07324052,0.9999078,-0.5644029,-0.39003533,-0.98870796,-0.5537256,0.840123,-0.7811987,-0.9940569,-0.5269235,0.07982581,0.8385595,0.97296166,-0.06397577,-0.9097324,0.53359574,-0.39790368,-0.070113294,0.034128726,-0.5963792,0.81708366,0.469911,-0.91165036,-0.43531927,-0.9320131,-0.4082008,0.38779497,-0.9385782,0.4450876,-0.77951074,1.0,-0.8043925,-0.9034419,-0.586502,0.35683537,-0.3858532,-0.8844828,-0.998324,-0.00943884,-0.83621085,-0.70206815,-0.97515297,0.99978024,0.889488,-0.58318394,-0.111662604,0.12123398,-0.9703062,0.43733925,-0.62491125,0.9503277,0.3430708,-0.102640554,0.9286088,-0.69871587,-0.63552535,0.9196095,-0.62631035,0.015406964,-0.7850062,-0.9770807,-0.9202619,-0.6089016,0.7498518,0.40117905,-0.81434155,-0.30492488,0.95213914,-0.8726912,0.065472186,-0.94104975,0.95377505,0.89638925,0.99876827,-0.9273183,0.4341047,0.27396968,-0.8423414,0.84932953,-0.12861367,0.40929544,-0.29515138,0.93032944,-0.9996499,-0.84798616,0.90780205,-0.48119086,0.80921423,-0.9450562,-0.988922,-0.5717674,-0.6470718,-0.9617135,-0.89253044,-0.3225044,0.4749921,0.049216125,0.106355906,-0.9828025,-0.9607019,-0.95628816,0.8824622,-0.9954962,-0.99929285,-0.9805553,0.45264885,0.72123164,0.57603025,-0.5680543,-0.99745363,-0.20725346,-0.73707724,-0.97942907,-0.448253,-0.80343324,0.99997824,-0.23561126,0.3517907,0.8112719,-0.57141274,-0.99957716,0.2794613,-0.10183833,-0.9296637,-0.8556057,0.4522589,-0.049823433,0.37814018,0.115091376,0.9944115,-0.8007199,0.93765056,-0.99808365,-0.5318275,-0.98970443,-0.97670174,-0.88495356,0.0626692,0.47028065,0.90652806,0.9558969,-0.84750986,-0.6714385,0.8312889,-0.87415624,0.99903566,0.92208254,-0.8792127,-0.9999573,-0.26633433,-0.7525857,-0.8684989,-0.22584286,-0.62960654,-0.7804479,0.96038026,-0.16062534,-0.9070019,-0.4765428,-0.75253004,0.02493262,-0.48940644,0.95247465,-0.9444312,0.2597832,0.829626,-0.11257106,0.24543558,0.9320013,0.9783338,-0.86271614,-0.9473665,-0.48477793,-0.20497587,-0.63253784
HNRNPK_HepG2,-0.35097227,-0.2861648,-0.69565654,0.44938025,0.7062506,0.7447361,-0.760665,-0.24569227,0.6380177,0.929238,0.88513076,0.5736977,-0.91879624,-0.8573209,0.99511826,-0.96843916,0.033915225,0.7916935,0.84953594,0.93856114,0.9007091,-0.8129401,0.868439,0.1554456,-0.13122173,0.97495735,-0.6789911,-0.68393826,0.99848205,0.7145095,0.85122746,0.25209183,-0.6749896,0.95502377,0.77948725,0.64186734,0.6400614,-0.38007784,0.977657,-0.97812206,-0.9496802,0.16211043,-0.17436157,0.8275896,0.53905344,0.22344019,0.9052087,0.38739288,0.53358847,-0.79625076,0.94442916,0.86078703,0.88433796,0.94011784,-0.9980251,0.25750524,0.8642867,0.92878497,0.527991,-0.3508603,-0.91986,0.6443428,0.9784486,0.07323196,-0.22497122,-0.53623754,-0.62120503,0.0028388025,-0.999765,-0.9024116,0.48917022,0.88501996,0.9650202,-0.21399367,0.23566806,0.9599888,-0.89003235,0.9991691,-0.8043925,1.0,0.98141813,0.95296633,0.26795143,-0.2377138,0.9886614,0.7686623,-0.586479,0.99845,0.9878015,0.91601795,-0.79176164,-0.4440195,0.9517186,0.6802034,-0.68723565,0.9242077,0.18247785,0.038863838,-0.94935024,0.28207853,0.6735238,-0.96741223,0.9870593,0.052520372,-0.50634515,0.040655684,-0.60642076,0.2634165,0.65949124,0.50777936,0.9610618,-0.996234,-0.8668993,0.9998565,0.8110844,-0.94748867,0.9920681,0.54015815,0.55600893,-0.9457488,-0.4577042,-0.8328794,0.52357244,-0.8843913,0.35098785,0.997759,-0.36959186,0.6926199,-0.8712905,-0.33021408,-0.9662206,0.81983113,0.9969967,-0.48106503,0.9078622,-0.3018851,0.9544115,0.883667,0.9473329,0.97345746,0.93641186,0.9858755,0.8217745,-0.9048805,0.55378914,0.5051766,0.68085307,0.6078704,0.59550136,-0.43039212,0.8570911,0.8261625,0.90533894,-0.8938581,-0.9916816,-0.9489871,0.9458761,0.75997424,0.7479119,0.99439603,0.9077278,0.89163977,0.9999987,-0.8082922,0.7668967,0.2731446,-0.30523014,-0.027914278,0.82132673,0.34563094,0.67292744,0.9666858,0.38072097,-0.893662,0.63343793,0.2458123,0.4975717,-0.7371765,0.99998105,-0.9607354,0.76608896,0.9309117,0.881142,0.91314596,0.98850924,-0.64334106,-0.90259194,-0.4784085,-0.94340444,0.3663953,0.98036253,-0.9989065,0.41464403,-0.77753246,-0.51180446,0.42418617,0.79886794,-0.35840243,0.21416411,0.404125,0.76041526,0.96801406,0.999229,-0.9380936,0.71558994,0.9797761,0.90562963,0.9965776,0.5738579,0.9117616,-0.9471364,0.5644079,0.36473337,-0.33564833,0.6808732,-0.77335304,-0.53436106,-0.90996283,0.994391,0.5718533,-0.12966894,0.7463648,0.048662107
HNRNPK_K562,-0.16477548,-0.46470448,-0.82057273,0.2696144,0.8289719,0.6028435,-0.8710893,-0.4271264,0.47840926,0.8410743,0.7793928,0.4058735,-0.9774651,-0.74261296,0.95769036,-0.9026172,-0.15848571,0.6597583,0.7325266,0.9873417,0.96732986,-0.6860924,0.75716776,0.3421062,-0.31900564,0.9995137,-0.8072433,-0.8112146,0.9693599,0.83547777,0.7347113,0.43309182,-0.8040225,0.9941761,0.8852009,0.777078,0.77559495,-0.19553366,0.999825,-0.99986416,-0.9921347,-0.030245263,-0.36006376,0.7045018,0.36742052,0.40631852,0.8068449,0.5570927,0.36139077,-0.8975369,0.86380553,0.74713093,0.9574846,0.857246,-0.99153316,0.43813094,0.9447429,0.8404114,0.35522464,-0.52402395,-0.9780322,0.48563084,0.9998889,-0.11949508,-0.033828165,-0.36431235,-0.45929417,0.19466674,-0.98534745,-0.80296606,0.64743733,0.7792436,0.9973949,-0.022581076,0.044812046,0.99588454,-0.78601557,0.9727822,-0.9034419,0.98141813,1.0,0.8771037,0.07810754,-0.046915393,0.9991035,0.877117,-0.42016405,0.99057627,0.9395668,0.9759674,-0.89425623,-0.6076976,0.87513167,0.5269103,-0.53507626,0.98031175,-0.009572348,0.22987817,-0.9920025,0.092747554,0.51917624,-0.99802154,0.9379487,0.24316108,-0.66240174,0.23162304,-0.442579,0.44362634,0.7914763,0.6636473,0.8901801,-0.96108496,-0.7551409,0.9845279,0.6837758,-0.9912442,0.9977534,0.36864057,0.70516455,-0.9905171,-0.619802,-0.9236007,0.6773229,-0.7783977,0.16479185,0.9920577,-0.54101944,0.54134506,-0.760931,-0.14296,-0.99771744,0.9144695,0.9933307,-0.64034563,0.81054246,-0.4792047,0.9939522,0.9570696,0.8682795,0.91145325,0.9863433,0.9996923,0.69716775,-0.8063887,0.38372728,0.33019274,0.80873936,0.7489359,0.73858464,-0.595595,0.9400153,0.91892296,0.9700061,-0.7912184,-0.9485561,-0.87085,0.8660291,0.8705665,0.6066436,0.95563275,0.97136617,0.78819793,0.9811073,-0.9062489,0.6295024,0.08348466,-0.48228315,0.16441111,0.91552526,0.15915254,0.5184868,0.9978381,0.5510773,-0.7909509,0.47319084,0.055250585,0.32188353,-0.8531328,0.98021823,-0.99612373,0.87518245,0.84353006,0.9555002,0.97439516,0.99914575,-0.4844859,-0.80321556,-0.6380172,-0.98951066,0.53812486,0.924306,-0.9893159,0.58154815,-0.88374776,-0.6671398,0.590067,0.8994414,-0.1726084,0.3976139,0.5721303,0.62167025,0.90188426,0.97312814,-0.98712635,0.56825966,0.9999649,0.80743027,0.9621979,0.40605226,0.8160098,-0.9910984,0.7123175,0.17929277,-0.5101614,0.5276871,-0.6373346,-0.6866207,-0.9726253,0.9962079,0.7186383,0.063002035,0.60479164,0.23941201
HNRNPL_HepG2,-0.61826116,0.017696248,-0.445215,0.6989945,0.45846656,0.91196907,-0.5281478,0.059650287,0.84138465,0.99751365,0.984534,0.79495436,-0.755948,-0.9730162,0.97822464,-0.9984317,0.3352219,0.9396121,0.96946114,0.78982157,0.7266822,-0.9512001,0.9778571,-0.15125771,0.17540562,0.86169976,-0.42455322,-0.43066388,0.96821266,0.46886355,0.9702446,-0.053052824,-0.41962448,0.82023454,0.5529727,0.37927437,0.3770963,-0.642533,0.86796564,-0.86906797,-0.8100833,0.45355308,0.13227287,0.95879185,0.7689723,-0.08248274,0.9914309,0.08976195,0.7648168,-0.57544935,0.99963486,0.9745563,0.70125395,0.99920404,-0.9320462,-0.04746172,0.67118895,0.9974266,0.76054513,-0.0505491,-0.75771487,0.8458105,0.8698463,0.37205002,-0.5096971,-0.76683295,-0.8294925,-0.30036968,-0.9461716,-0.9905558,0.20182315,0.9844923,0.8401725,-0.4999842,0.5191234,0.829964,-0.9863425,0.9645269,-0.586502,0.95296633,0.8771037,1.0,0.5473421,-0.52092177,0.89665055,0.5386451,-0.80437565,0.9346213,0.9885361,0.75135905,-0.5693941,-0.15157415,0.99999166,0.8703729,-0.8750774,0.7649967,0.47188318,-0.2658113,-0.80946624,0.55957997,0.865869,-0.84517044,0.9892342,-0.25260773,-0.22117794,-0.2640821,-0.8188877,-0.04134518,0.40064684,0.22280036,0.99960965,-0.97565573,-0.97720426,0.94769526,0.9502142,-0.8060042,0.90731037,0.76981044,0.27794802,-0.80279773,-0.16671029,-0.62596714,0.24073172,-0.9842548,0.6182741,0.9305516,-0.07059198,0.87865317,-0.9790505,-0.6007584,-0.8426681,0.6077283,0.92663276,-0.19273643,0.99223244,0.001249627,0.8190557,0.70023,0.9998367,0.99703664,0.7860186,0.888747,0.9558201,-0.9913298,0.78010094,0.74297595,0.42685097,0.33862653,0.32401508,-0.13657989,0.6606447,0.6165422,0.73404413,-0.9877009,-0.98404974,-0.9999172,0.9997448,0.5272445,0.9139162,0.9796669,0.73787546,0.98691905,0.95345396,-0.5918296,0.9253321,0.5518487,-0.0022610845,-0.32955945,0.6098044,0.6137724,0.8654652,0.8436418,0.08256261,-0.9876324,0.83816344,0.5280279,0.7370643,-0.49771574,0.9548141,-0.83145505,0.53525937,0.9978244,0.69638854,0.7466535,0.8962029,-0.8451113,-0.99061316,-0.18976463,-0.7985191,0.0671623,0.99402016,-0.93775445,0.1193474,-0.550375,-0.2273586,0.12977688,0.5789919,-0.62448746,-0.09195306,0.107892565,0.92147905,0.9985254,0.96413046,-0.7889915,0.8936381,0.87304896,0.9915599,0.9747579,0.795073,0.99335754,-0.8053528,0.2876735,0.6297765,-0.034367632,0.87082267,-0.9291223,-0.25305098,-0.74148124,0.915566,0.29632655,-0.42408755,0.91296893,-0.25634378
HNRNPL_K562,-0.99618804,0.84646386,0.50570345,0.98108536,-0.4928326,0.84250855,0.42158577,0.86806774,0.9128216,0.6049613,0.685498,0.94283897,0.1341048,-0.7256784,0.3617241,-0.49963027,0.97196585,0.8007141,0.7358746,-0.08100439,-0.17719072,-0.7788808,0.71036536,-0.9100696,0.91994065,0.046981514,0.525364,0.5196002,0.32060865,-0.48258847,0.73369396,-0.8647683,0.5299821,-0.029785918,-0.39464682,-0.5667859,-0.5687226,-0.99297357,0.05944484,-0.061664697,0.047299385,0.99412644,0.9019539,0.7625609,0.9559119,-0.87920356,0.65197915,-0.7844001,0.95779324,0.36948806,0.5697558,0.7210028,-0.21281628,0.5802914,-0.20690295,-0.8619436,-0.25301915,0.6059357,0.9596709,0.8081714,0.1314256,0.9094248,0.06323712,0.98046815,-0.9990166,-0.95688725,-0.9214448,-0.96266794,-0.24700105,-0.65692157,-0.7092207,0.68567127,0.0059899488,-0.99845445,0.9994436,-0.012567829,-0.6777117,0.30699515,0.35683537,0.26795143,0.07810754,0.5473421,1.0,-0.9995116,0.120242365,-0.41030005,-0.9374938,0.21391538,0.41470695,-0.14102054,0.37633997,0.74427646,0.5507609,0.88848,-0.8840163,-0.120282866,0.99615157,-0.9522909,0.04834991,0.99989206,0.89260775,-0.015272011,0.41897568,-0.9480298,0.69512165,-0.9517421,-0.92855865,-0.8588233,-0.5475124,-0.6939244,0.5237466,-0.35047695,-0.71254194,0.2515917,0.7808709,0.054214597,0.14472109,0.95552576,-0.65179884,0.05960323,0.73394966,0.31004456,-0.68053424,-0.6866523,0.99618655,0.20288691,0.79618317,0.8805149,-0.706285,-0.99787104,-0.010607985,-0.3319918,0.19253433,0.71572465,0.64720005,0.8375923,-0.031842854,-0.21421845,0.5623788,0.4813382,-0.08715838,0.1028111,0.7691719,-0.652564,0.9505973,0.96682036,-0.5232017,-0.6021207,-0.6144123,0.7543104,-0.26666778,-0.32145715,-0.1665731,-0.67146546,-0.3897311,-0.5580669,0.5661095,-0.4225498,0.8399286,0.368303,-0.16099055,0.67510587,0.2695051,0.35066825,0.82379365,0.99998546,0.8356693,-0.97053665,-0.3295222,0.9966689,0.89297104,0.012418861,-0.7888617,-0.6717894,0.91522837,0.9997376,0.96902835,0.45346406,0.2738774,0.009889517,-0.41395676,0.60132724,-0.21945745,-0.14804795,0.119239695,-0.9099685,-0.6566057,0.71783584,0.066730544,-0.79825854,0.45268172,-0.22261491,-0.76560336,0.39750686,0.6905481,-0.7587991,-0.36545312,-0.9954633,-0.88369304,-0.7729695,0.8294432,0.5011019,0.3055695,0.08235179,0.86472076,0.06975235,0.65122706,0.34667397,0.94277376,0.6400086,0.055312596,-0.6440758,0.9947943,0.8176037,0.8880601,-0.8180137,0.6711646,0.15569985,0.1645501,-0.63712853,-0.99004346,0.8411895,-0.94925195
HNRNPM_HepG2,0.99297553,-0.8626892,-0.5324155,-0.97455704,0.5197829,-0.82526344,-0.44971642,-0.8831574,-0.8996148,-0.5797833,-0.6624112,-0.9319646,-0.16500674,0.70382327,-0.332414,0.47231677,-0.97883856,-0.78160316,-0.71435565,0.112111606,0.20785917,0.7589016,-0.688024,0.92257655,-0.9317429,-0.015743602,-0.55169684,-0.54604644,-0.2908523,0.5097224,-0.71210223,0.8800386,-0.5562234,0.061006982,0.42316714,0.5922544,0.5941486,0.98879063,-0.028221598,0.030444697,-0.078490786,-0.9970229,-0.91500795,-0.7419727,-0.94626844,0.8936628,-0.6279662,0.8033997,-0.9483425,-0.3983457,-0.54379636,-0.69899696,0.24324596,-0.55455816,0.17622861,0.8773663,0.28312826,-0.5807804,-0.9504171,-0.8261811,-0.16233996,-0.895985,-0.032019313,-0.98613536,0.9999142,0.94734323,0.908854,0.9706565,0.2165992,0.63303995,0.73090476,-0.6625896,0.02526189,0.9997036,-0.9999978,0.043808695,0.65440226,-0.2771047,-0.3858532,-0.2377138,-0.046915393,-0.52092177,-0.9995116,1.0,-0.089161016,0.43859765,0.9261611,-0.18328479,-0.3860688,0.17188884,-0.40510812,-0.7647835,-0.5244093,-0.87370515,0.86897683,0.15124659,-0.998404,0.96136296,-0.0795391,-0.9989446,-0.87808347,-0.015981276,-0.39039674,0.9575098,-0.71724725,0.96086776,0.9165059,0.8744121,0.5733945,0.7160867,-0.49687034,0.3210383,0.69026834,-0.22122467,-0.7609682,-0.08539164,-0.11372991,-0.94584334,0.6751799,-0.09076815,-0.75481594,-0.33960292,0.7030989,0.663599,-0.99297357,-0.17218815,-0.8147021,-0.86527205,0.68381774,0.99534565,-0.02064491,0.36130676,-0.16177548,-0.7371991,-0.6230619,-0.8542548,0.063060924,0.24463788,-0.5362647,-0.45371187,0.11824637,-0.07167701,-0.74882656,0.6285667,-0.94043237,-0.95836526,0.54957724,0.6267762,0.6387675,-0.7744578,0.29665548,0.35089105,0.19730465,0.6479805,0.36076224,0.53186363,-0.54007304,0.45066613,-0.8225595,-0.33907038,0.19175377,-0.6517227,-0.23928027,-0.3797622,-0.80567634,-0.9993285,-0.8524243,0.97759235,0.3588654,-0.9936336,-0.87846917,0.018834269,0.8076814,0.6483135,-0.90218985,-0.9999652,-0.960838,-0.48109433,-0.24368899,-0.04113275,0.4422009,-0.57606506,0.24983796,0.17888077,-0.088154934,0.8965656,0.6327156,-0.73924166,-0.09787789,0.8166907,-0.42459646,0.19204088,0.7853327,-0.4259871,-0.71281314,0.77878207,0.3943626,0.9920039,0.8978883,0.79241794,-0.8115825,-0.4738144,-0.27566543,-0.11345514,-0.84860337,-0.038544923,-0.6271944,-0.31719318,-0.9318937,-0.615685,-0.08648733,0.6676659,-0.9911241,-0.8351974,-0.87326014,0.7996397,-0.6940022,-0.1864923,-0.13364612,0.6609032,0.9939587,-0.82388085,0.95861685
HNRNPM_K562,-0.20638339,-0.4268023,-0.79564124,0.31013918,0.8045516,0.6360799,-0.8495169,-0.38846517,0.5151557,0.86321974,0.805218,0.44420007,-0.96765214,-0.77029943,0.96901566,-0.92003053,-0.11654437,0.69098014,0.7606885,0.979742,0.9557301,-0.7162761,0.78414255,0.3020196,-0.2785973,0.9972975,-0.78153306,-0.78573245,0.97889006,0.811465,0.7627713,0.39454556,-0.77812976,0.98872256,0.8647131,0.7497359,0.74817693,-0.23687549,0.99813676,-0.99827,-0.98594606,0.012096662,-0.32024622,0.733915,0.40646425,0.36727205,0.8311311,0.52143675,0.4005398,-0.87806535,0.88436025,0.7745998,0.9444135,0.8782757,-0.99614155,0.3996834,0.9300183,0.862601,0.39447936,-0.48749787,-0.9683306,0.5222026,0.9983614,-0.077357106,-0.07610791,-0.4034106,-0.49648732,0.15296781,-0.99168456,-0.82747847,0.61459315,0.8050768,0.993447,-0.064884335,0.08706365,0.99115497,-0.81148225,0.98171985,-0.8844828,0.9886614,0.9991035,0.89665055,0.120242365,-0.089161016,1.0,0.85599846,-0.45820355,0.9954864,0.9532183,0.9658671,-0.8745076,-0.5735322,0.894832,0.56241864,-0.5703608,0.97107375,0.032768592,0.18847153,-0.9857698,0.13481623,0.5548925,-0.9944651,0.95178825,0.20187941,-0.6300932,0.19023247,-0.48014468,0.40528825,0.764892,0.6313844,0.90866995,-0.9719183,-0.78221667,0.9910634,0.7140538,-0.98476565,0.99969506,0.40766287,0.6745155,-0.98381275,-0.58602417,-0.90654355,0.645571,-0.80427605,0.20639963,0.9964933,-0.50493085,0.57645446,-0.78771675,-0.18473119,-0.99396425,0.8965189,0.99732137,-0.6072551,0.83461016,-0.44161814,0.98841226,0.94394064,0.8885021,0.9280526,0.9784865,0.99984616,0.72689253,-0.83070165,0.42247674,0.36985654,0.7831147,0.7202119,0.70938236,-0.5610545,0.924731,0.901401,0.9588459,-0.8163979,-0.96110916,-0.89087874,0.88641953,0.8489554,0.6397544,0.967246,0.9604373,0.81354475,0.9884179,-0.88753986,0.66183174,0.12559633,-0.44476524,0.12250551,0.8976751,0.20080446,0.5542214,0.9941613,0.51525724,-0.8161453,0.51006144,0.09747057,0.3616761,-0.8302824,0.9877183,-0.9915069,0.8539168,0.8655108,0.9421554,0.964003,0.99999946,-0.52108556,-0.82771355,-0.60484684,-0.98250794,0.5019604,0.9396343,-0.99460083,0.54658735,-0.8631446,-0.63500535,0.55535924,0.8801332,-0.21415244,0.35841352,0.53689635,0.6542725,0.9193632,0.9820038,-0.9794703,0.602585,0.9987138,0.8316821,0.9728651,0.44437546,0.8397491,-0.98457384,0.6819663,0.22078022,-0.4732932,0.56317437,-0.6693853,-0.6552275,-0.96191573,0.9989981,0.6885554,0.020695478,0.6379638,0.19809437
HNRNPU_HepG2,0.32918456,-0.8328688,-0.99423665,-0.226008,0.99571943,0.14557101,-0.999923,-0.8089023,-0.002127928,0.47792944,0.3827081,-0.08294048,-0.95873636,-0.32970724,0.70178264,-0.5849686,-0.6132173,0.21776797,0.31556866,0.94218975,0.9702217,-0.2523751,0.35039806,0.75136465,-0.7349889,0.89166707,-0.99151516,-0.99237126,0.7322645,0.99673545,0.31861758,0.8127696,-0.9907938,0.92376715,0.9998538,0.9838766,0.98345304,0.2995001,0.88594764,-0.88491404,-0.93033683,-0.5065857,-0.76388156,0.27707705,-0.12441302,0.7952329,0.42396742,0.8874815,-0.13083503,-0.99901783,0.5156829,0.33609235,0.97837836,0.5046071,-0.807325,0.8160183,0.98609066,0.47685367,-0.13738003,-0.86868364,-0.9579643,0.006114401,0.8841792,-0.5816467,0.45033064,0.12772605,0.023767455,0.6418343,-0.78234947,-0.4180384,0.9339062,0.38248816,0.9094765,0.46034816,-0.440489,0.9170351,-0.3925174,0.7419534,-0.998324,0.7686623,0.877117,0.5386451,-0.41030005,0.43859765,0.85599846,1.0,0.06729325,0.80307144,0.6596798,0.9606979,-0.99931777,-0.9144426,0.5351942,0.05396469,-0.06358484,0.9546816,-0.48865095,0.66904473,-0.930722,-0.39685616,0.044901483,-0.90557814,0.65614307,0.6791424,-0.9408026,0.6703765,0.042484798,0.81954193,0.9877624,0.94136524,0.5619738,-0.7103061,-0.34749553,0.7793881,0.24929725,-0.93285364,0.84297097,-0.12311097,0.95904905,-0.9347845,-0.92054,-0.9942228,0.9474243,-0.3812418,-0.3291689,0.80973953,-0.8784549,0.07100605,-0.3558063,0.34995097,-0.9075468,0.9964431,0.8158913,-0.9305523,0.42965212,-0.841859,0.9245532,0.9786742,0.52332926,0.6018635,0.9442412,0.8649346,0.26718345,-0.4232684,-0.1069362,-0.1637221,0.9918421,0.9751562,0.9716089,-0.9082055,0.9883413,0.9954419,0.96755475,-0.40028578,-0.6799348,-0.52775806,0.5194735,0.9999092,0.15028998,0.696731,0.96610945,0.39576897,0.7676295,-0.9979207,0.17897294,-0.40537447,-0.8437485,0.6179489,0.99621916,-0.33455977,0.044095833,0.9067848,0.8841282,-0.39988503,-0.008060888,-0.43108192,-0.1723866,-0.9988547,0.7647099,-0.91596365,0.99999195,0.48192647,0.9797625,0.9626451,0.85652024,-0.0048052324,-0.41841882,-0.9294394,-0.9372974,0.87680703,0.6274256,-0.7977276,0.9007967,-0.9999022,-0.94293344,0.9053113,0.99881613,0.32167032,0.78943324,0.8957303,0.16908686,0.5835892,0.74295664,-0.94264203,0.10323489,0.88110995,0.42486528,0.7131562,-0.08274553,0.43811786,-0.93324924,0.96187156,-0.3152335,-0.860547,0.05487755,-0.18892169,-0.9514155,-0.96471244,0.83200467,0.96430665,0.5345828,0.14798845,0.6763018
HNRNPU_K562,0.9642771,-0.6082624,-0.17386983,-0.9871262,0.1592228,-0.9773092,-0.07966982,-0.64104396,-0.9978742,-0.8442457,-0.8960214,-0.9998769,0.21913578,0.9197562,-0.6635512,0.76985306,-0.82938904,-0.9591339,-0.9255162,-0.27091712,-0.17638008,0.94845295,-0.9108984,0.70895326,-0.7260018,-0.39166248,-0.1964184,-0.189786,-0.6302002,0.14762709,-0.92429394,0.6359586,-0.20174652,-0.31992334,0.050223388,0.24465163,0.24693228,0.9720879,-0.40311563,0.40514997,0.3032695,-0.894325,-0.6952978,-0.94002426,-0.99835354,0.65844357,-0.8750943,0.51952034,-0.9979612,-0.023017086,-0.8201354,-0.9170774,-0.14051598,-0.82743543,0.5344419,0.63162845,-0.09947444,-0.8449012,-0.9975179,-0.552701,0.2217725,-0.9973031,-0.40658978,-0.8507385,0.92114216,0.99815637,0.9990508,0.8082962,0.5687811,0.8782391,0.41955334,-0.89612716,-0.35361117,0.9167044,-0.925365,-0.33619213,0.891246,-0.6190033,-0.00943884,-0.586479,-0.42016405,-0.80437565,-0.9374938,0.9261611,-0.45820355,0.06729325,1.0,-0.54049075,-0.70545137,-0.2123183,-0.030398918,-0.4653339,-0.80679935,-0.9926479,0.9914354,-0.23271094,-0.90338457,0.78655964,0.30226722,-0.94250596,-0.9937054,0.36227873,-0.70877206,0.7780444,-0.40149656,0.785451,0.99969137,0.62687,0.22208245,0.39997193,-0.78746307,0.6544985,0.912172,-0.5726737,-0.9494558,0.29666424,-0.48001352,-0.9984279,0.34713572,0.2915054,-0.45170894,0.040187933,0.3830101,0.8967248,-0.9642815,-0.5309693,-0.53585637,-0.9904366,0.908498,0.95819396,0.35792723,-0.017023737,-0.5219906,-0.4279489,-0.87203497,-0.59512573,-0.3179729,-0.1390948,-0.8149824,-0.7562874,-0.26496708,-0.44254264,-0.94348174,0.87546754,-0.9992082,-0.9952877,0.19392805,0.2866378,0.3014393,-0.47869182,-0.08540078,-0.02816726,-0.18697871,0.8873766,0.68585545,0.81195486,-0.8175925,0.08072995,-0.9762875,-0.6688213,-0.19253488,-0.8896358,-0.5877848,-0.0028457486,-0.9695802,-0.9393575,-0.59230053,0.8260199,-0.01964018,-0.962752,-0.9937954,-0.35961762,0.525681,0.8875781,-0.9982433,-0.9292764,-0.994397,-0.11495439,-0.5914544,0.33871338,0.07129702,-0.841795,-0.13377832,-0.20537291,-0.45730543,0.9973984,0.87803864,-0.43068355,0.2846666,0.5387557,-0.73469,0.5479694,0.4938744,-0.05333376,-0.39567956,0.48470727,0.018679563,0.9663517,0.6655686,0.5038666,-0.9719887,-0.7709368,-0.6178263,0.26961532,-0.9854554,-0.41254663,-0.87461406,-0.6514256,-0.99987996,-0.86739755,0.29561377,0.3376091,-0.968076,-0.5661256,-0.99253684,0.9670531,-0.37123585,0.19779003,-0.4975228,0.3290791,0.87917423,-0.97678864,0.7804655
HNRNPUL1_HepG2,-0.29831287,-0.33904964,-0.73455995,0.39896402,0.74455816,0.7064392,-0.7956148,-0.29926127,0.59417254,0.9072339,0.8578598,0.5272225,-0.93934125,-0.8273413,0.9880832,-0.9530658,-0.02176112,0.7564652,0.818859,0.9563139,0.9234912,-0.77926904,0.839499,0.21018405,-0.18619299,0.9858236,-0.7187983,-0.72348124,0.993869,0.7523403,0.82070005,0.30555952,-0.7150078,0.9700471,0.81314296,0.6835503,0.68183106,-0.32800955,0.9878409,-0.9881842,-0.96564084,0.10693943,-0.22889467,0.7950653,0.49134052,0.27734268,0.8801537,0.43810233,0.48569074,-0.82868665,0.9246704,0.8311259,0.90895003,0.9196904,-0.99997425,0.310885,0.890942,0.9067182,0.47990686,-0.40243423,-0.940265,0.6007819,0.9884244,0.01761198,-0.17039332,-0.48842895,-0.5766274,0.05849009,-0.99942195,-0.87703204,0.53695446,0.8577374,0.97811604,-0.15929544,0.1812145,0.9740866,-0.8632794,0.995352,-0.83621085,0.99845,0.99057627,0.9346213,0.21391538,-0.18328479,0.9954864,0.80307144,-0.54049075,1.0,0.97760373,0.93692374,-0.8245308,-0.49319983,0.93315864,0.638352,-0.64574015,0.9440296,0.12747368,0.09441747,-0.96536696,0.2282455,0.63134086,-0.9800052,0.97660464,0.10801807,-0.55355406,0.09620257,-0.5612264,0.31669846,0.7003062,0.55493915,0.9441925,-0.98986423,-0.8378121,0.9992496,0.77727246,-0.96381825,0.99752647,0.4924829,0.60140693,-0.96236545,-0.5064788,-0.8623914,0.5701787,-0.85704327,0.29832873,0.9999364,-0.42073405,0.65140164,-0.84262586,-0.27716827,-0.9790665,0.85042924,0.9997616,-0.52911216,0.88312024,-0.35447642,0.9695451,0.9083507,0.92804074,0.95921075,0.95449024,0.9936686,0.78878725,-0.8797872,0.50658846,0.45636168,0.72056127,0.651121,0.6392897,-0.4799625,0.8844346,0.8562403,0.9275722,-0.86751926,-0.98298067,-0.92996705,0.92634815,0.79497004,0.7098083,0.98697084,0.92967176,0.8650598,0.99835896,-0.83980846,0.7299897,0.2191819,-0.35775697,0.027763214,0.851803,0.29286936,0.63071525,0.9794335,0.43159533,-0.86730164,0.5893899,0.19148304,0.44852328,-0.7736407,0.9980885,-0.9746889,0.8006735,0.9091408,0.90609324,0.9344177,0.99539006,-0.5997348,-0.87723315,-0.5265404,-0.9604001,0.41761294,0.9678675,-0.99996024,0.4646472,-0.8113261,-0.5588252,0.47392917,0.8311071,-0.30588838,0.26819673,0.45440727,0.72309154,0.9525498,0.99549514,-0.9559177,0.675604,0.989394,0.880624,0.99043226,0.52738875,0.88748944,-0.96352446,0.60947675,0.31234613,-0.38755524,0.63905543,-0.73686975,-0.5805764,-0.9316323,0.99873626,0.61662453,-0.074281916,0.70816684,0.104176655
HNRNPUL1_K562,-0.49250335,-0.13346772,-0.5753066,0.583008,0.5873926,0.8395715,-0.6503023,-0.09174966,0.7501414,0.97543776,0.9467959,0.69424325,-0.84612125,-0.92702395,0.9983471,-0.99543846,0.18913054,0.8771673,0.9213191,0.8733716,0.8220741,-0.8937056,0.93504995,-0.00027613243,0.02475088,0.9284338,-0.55638826,-0.5619924,0.9948787,0.5968489,0.9225643,0.09832748,-0.55186224,0.89719886,0.67243385,0.5146302,0.5126114,-0.519474,0.93299806,-0.9337961,-0.8893212,0.31379157,-0.018901577,0.9049042,0.66363496,0.06893309,0.96034175,0.23910818,0.6587774,-0.6923333,0.9840955,0.929542,0.8008536,0.98172635,-0.97606903,0.10389697,0.77541745,0.9751674,0.65379417,-0.20076133,-0.847559,0.75556636,0.93435866,0.22763892,-0.3739535,-0.661133,-0.73565567,-0.15291359,-0.9841933,-0.95849866,0.34738725,0.9467192,0.9124228,-0.36349466,0.38412562,0.9046712,-0.9501669,0.9933273,-0.70206815,0.9878015,0.9395668,0.9885361,0.41470695,-0.3860688,0.9532183,0.6596798,-0.70545137,0.97760373,1.0,0.8423794,-0.68698585,-0.29907656,0.9879102,0.78605115,-0.79197174,0.85346633,0.33335596,-0.117210984,-0.8888398,0.42803246,0.78040946,-0.91618234,0.999989,-0.10362376,-0.36588773,-0.11542989,-0.722842,0.109984435,0.534391,0.3674358,0.99236846,-0.99758303,-0.93394744,0.98502177,0.8922746,-0.8861336,0.9603923,0.6646159,0.41979703,-0.8836194,-0.31367096,-0.7365365,0.38451654,-0.94628406,0.4925179,0.9751685,-0.2203908,0.79649115,-0.9370836,-0.47316948,-0.91430306,0.72066516,0.97277534,-0.33868077,0.9620755,-0.14974932,0.89628816,0.7999933,0.9856458,0.9972217,0.87034696,0.9477696,0.9004804,-0.9601263,0.67669374,0.6334017,0.5584964,0.47680923,0.46314,-0.28458402,0.7664152,0.72834784,0.82816315,-0.9527707,-0.9996279,-0.98651123,0.9848728,0.649494,0.842154,0.9987283,0.83132166,0.9512639,0.98805135,-0.7067481,0.8574772,0.41960976,-0.15321952,-0.18323147,0.7224769,0.48753628,0.77990496,0.91503507,0.23208538,-0.9526378,0.74620485,0.3937543,0.62657577,-0.6229651,0.9887414,-0.9058093,0.6566582,0.97643125,0.7967617,0.838531,0.9529125,-0.75470805,-0.958618,-0.33583048,-0.88025314,0.21703619,0.99911183,-0.979441,0.26788482,-0.67012537,-0.37178302,0.27799705,0.6954573,-0.49940404,0.05944615,0.25675908,0.85226864,0.99527484,0.99315345,-0.87271225,0.8156333,0.9366655,0.9606177,0.9972929,0.69438404,0.9645961,-0.88562346,0.42897806,0.50527537,-0.1848692,0.78661597,-0.8626409,-0.39622065,-0.83428776,0.9657912,0.437133,-0.28249085,0.8408966,-0.1074654
IGF2BP1_HepG2,0.05412253,-0.64649403,-0.9254007,0.05328796,0.9309282,0.4144888,-0.9571789,-0.61389995,0.2755511,0.70298576,0.6241294,0.19695882,-0.9999756,-0.5788229,0.8719581,-0.7871241,-0.3698394,0.4801431,0.56657785,0.9981765,0.99932885,-0.51106644,0.5966234,0.53865236,-0.5178702,0.9822881,-0.9164615,-0.9191454,0.89253354,0.9351495,0.569224,0.6191026,-0.9142726,0.99376786,0.96530396,0.8955604,0.89451104,0.022875775,0.979873,-0.9794266,-0.9955688,-0.24733539,-0.5547109,0.5329148,0.15591593,0.5956709,0.65871716,0.7246732,0.14951693,-0.9720547,0.7332542,0.58433133,0.9973393,0.7244373,-0.9394069,0.62348914,0.993474,0.70211446,0.14298327,-0.69703054,-0.9999531,0.28346494,0.9791075,-0.33297855,0.18477678,-0.15261623,-0.25468427,0.40373623,-0.92449933,-0.6537851,0.79795605,0.6239434,0.9891442,0.19582275,-0.17396268,0.9917008,-0.6324082,0.8989078,-0.97515297,0.91601795,0.9759674,0.75135905,-0.14102054,0.17188884,0.9658671,0.9606979,-0.2123183,0.93692374,0.8423794,1.0,-0.97029465,-0.7661556,0.7486534,0.3290353,-0.3381201,0.99978125,-0.22724901,0.43643436,-0.99566716,-0.12645882,0.32045284,-0.98773754,0.83983946,0.44869342,-0.80973434,0.43804714,-0.23653033,0.6282643,0.9056456,0.8107097,0.76950204,-0.87778753,-0.59413505,0.922682,0.5083308,-0.99619603,0.95917577,0.15721188,0.84273,-0.9966519,-0.77591825,-0.98494375,0.8213633,-0.62288904,-0.054105952,0.9408055,-0.71128726,0.34511074,-0.60125256,0.07615406,-0.98845506,0.9806734,0.9443326,-0.7923352,0.6634337,-0.6589542,0.99399513,0.9972336,0.7393095,0.79989696,0.99853027,0.97026205,0.5241868,-0.6581364,0.17327088,0.11656281,0.9174746,0.8753378,0.86774534,-0.7563303,0.9917627,0.9827933,0.9996656,-0.63894016,-0.8567655,-0.74280477,0.7362592,0.9568705,0.41882637,0.8684767,0.999796,0.6351448,0.9153697,-0.9765924,0.44505292,-0.13567767,-0.6615908,0.37541115,0.98118204,-0.059811443,0.3196888,0.988179,0.7196749,-0.63860375,0.26984295,-0.16366106,0.1078288,-0.94631547,0.91353106,-0.9913529,0.9595761,0.7062187,0.9968204,0.9999748,0.96612823,-0.2822092,-0.65410197,-0.7904844,-0.9972104,0.70886666,0.81892407,-0.93377066,0.7448498,-0.964486,-0.81343985,0.7518221,0.97306406,0.046185702,0.58800817,0.73710763,0.43604037,0.7860745,0.8995629,-0.9982573,0.3752904,0.9777588,0.65946287,0.87972397,0.19715062,0.6704349,-0.9962913,0.848145,-0.039401624,-0.6853262,0.32989848,-0.4540939,-0.82854813,-0.99988985,0.95330673,0.85290325,0.27897173,0.41671166,0.44523758
IGF2BP1_K562,-0.2940865,0.81185985,0.989599,0.18987738,-0.9916266,-0.18201032,0.9987825,0.78663653,-0.034805465,-0.5100445,-0.41656736,0.046079125,0.96858186,0.3643492,-0.72761387,0.6145235,0.5836258,-0.25366506,-0.35039833,-0.95392215,-0.97850543,0.2879392,-0.38474956,-0.726481,0.7094447,-0.90777755,0.9860379,0.9871411,-0.75691646,-0.9930737,-0.35340753,-0.7906991,0.98511803,-0.9372802,-0.9998032,-0.9766001,-0.97609144,-0.26405898,-0.90247184,0.9015116,0.94324535,0.4743977,0.7395261,-0.31237406,0.08768306,-0.7722983,-0.45712668,-0.8698562,0.09413121,0.99997276,-0.5469738,-0.3706468,-0.9853493,-0.536148,0.8285681,-0.7941139,-0.99155635,-0.5089909,0.100704454,0.8497961,0.96790606,-0.043041565,-0.9008287,0.5512078,-0.41704834,-0.091009386,0.01317035,-0.6130753,0.80481845,0.45130333,-0.92006516,-0.41635102,-0.9242107,-0.42724812,0.40703237,-0.9311383,0.42621762,-0.7662084,0.99978024,-0.79176164,-0.89425623,-0.5693941,0.37633997,-0.40510812,-0.8745076,-0.99931777,-0.030398918,-0.8245308,-0.68698585,-0.97029465,1.0,0.8988718,-0.5660266,-0.09080608,0.10039887,-0.9650222,0.45609516,-0.64113975,0.9435941,0.36268625,-0.08176563,0.9206261,-0.6835661,-0.65157086,0.9276424,-0.642515,-0.0055570197,-0.7978201,-0.98132837,-0.92826265,-0.59213895,0.7358177,0.38188872,-0.80199593,-0.28489313,0.9455222,-0.8622638,0.08637591,-0.94793415,0.94726557,0.90548456,0.99750865,-0.9349604,0.41512448,0.29407048,-0.8308584,0.8602086,-0.107796416,0.39007875,-0.31511572,0.9224373,-0.9988755,-0.836689,0.9163944,-0.4627085,0.82135254,-0.9379955,-0.985593,-0.5544433,-0.6309467,-0.9557571,-0.8828802,-0.30259052,0.45644042,0.07014299,0.12717672,-0.9864576,-0.9663097,-0.96220815,0.89212894,-0.99329007,-0.998285,-0.976226,0.43385684,0.70655215,0.55876786,-0.55067706,-0.99872947,-0.1867,-0.7227482,-0.97498375,-0.42941546,-0.7907754,0.9996203,-0.21518657,0.3713365,0.8233501,-0.58849084,-0.998748,0.29952773,-0.08096185,-0.9217364,-0.86626875,0.43346283,-0.028875433,0.39746362,0.13588987,0.9964062,-0.7879863,0.93015814,-0.99916154,-0.513958,-0.98648655,-0.9719884,-0.874997,0.041733548,0.45167702,0.91517836,0.94952995,-0.85845035,-0.65575534,0.8194541,-0.8841447,0.99973655,0.9299925,-0.8890069,-0.9999313,-0.2864817,-0.7662244,-0.8786993,-0.20537175,-0.61318165,-0.76716983,0.9543269,-0.13989915,-0.8979745,-0.45800835,-0.73855925,0.045883708,-0.4710179,0.94587964,-0.9511144,0.27996945,0.84114784,-0.09171648,0.22505976,0.93939465,0.9737787,-0.85192573,-0.9538697,-0.5030065,-0.18441285,-0.6486353
IGF2BP2_K562,-0.6831795,0.9856089,0.9525609,0.6009153,-0.947935,0.2672879,0.91939473,0.97764444,0.4066604,-0.08153769,0.023939718,0.47916523,0.7616501,-0.08058686,-0.35342413,0.20667326,0.8804427,0.19586623,0.09546646,-0.7259666,-0.78918254,-0.16083218,0.05863783,-0.95414644,0.9465344,-0.6321669,0.95929307,0.9573622,-0.39399442,-0.94413275,0.092265815,-0.9790125,0.96081436,-0.6897443,-0.9073888,-0.97208154,-0.9726309,-0.6600132,-0.62244713,0.62070507,0.70232797,0.81218517,0.95971173,0.1354991,0.5153395,-0.97257555,-0.021152338,-0.99806136,0.520878,0.8956113,-0.1248105,0.07383584,-0.8109663,-0.112023264,0.49942687,-0.98013806,-0.8344562,-0.080317184,0.52650416,0.9948442,0.7598954,0.39911684,-0.6194689,0.861095,-0.7731567,-0.5181989,-0.42633522,-0.8972741,0.46334073,0.014616584,-0.9986968,0.02417759,-0.6634014,-0.7802436,0.76613843,-0.67717284,-0.013300365,-0.4071317,0.889488,-0.4440195,-0.6076976,-0.15157415,0.74427646,-0.7647835,-0.5735322,-0.9144426,-0.4653339,-0.49319983,-0.29907656,-0.7661556,0.8988718,1.0,-0.14752938,0.35477802,-0.3457519,-0.75254637,0.7999493,-0.91259664,0.70307624,0.734383,0.36324766,0.65642715,-0.294592,-0.9181007,0.99749035,-0.91332835,-0.44319996,-0.98133385,-0.966374,-0.99737114,-0.17913026,0.3646575,-0.061729662,-0.45913455,0.16396962,0.7072401,-0.5531281,0.5142149,-0.991627,0.7110454,0.99988246,0.8657193,-0.99586606,-0.02552582,0.6831672,-0.5029776,0.9966799,0.33876318,-0.05286646,-0.6991347,0.6599388,-0.8770852,-0.5120773,0.9991269,-0.027436139,0.9882557,-0.6912328,-0.81180525,-0.13368422,-0.22716403,-0.7302001,-0.5878125,0.1456785,0.020380592,0.50018203,0.5489688,-0.95857286,-0.98137635,-0.9842334,0.9998852,-0.8421616,-0.87167686,-0.7825173,-0.0048390874,0.32499447,0.13884114,-0.12920491,-0.9198125,0.26268724,-0.3468047,-0.7789814,0.009762621,-0.44257352,0.88645566,0.23452055,0.74066275,0.9887861,-0.88327366,-0.8758252,0.6873294,0.3639988,-0.658577,-0.9975856,-0.0052763415,0.41207376,0.7593796,0.55629456,0.93275964,-0.43849483,0.6751997,-0.9160595,-0.08607783,-0.8149274,-0.7707006,-0.57435924,-0.4003168,0.015035377,0.99924886,0.71604913,-0.99639416,-0.2586022,0.48542532,-0.999471,0.90869343,0.99702126,-0.99975765,-0.89367294,-0.67735475,-0.9703205,-0.99902964,0.24426793,-0.2050099,-0.40849882,0.7268958,0.3081508,-0.61432976,-0.02214345,-0.3684328,0.47899362,-0.036827806,0.70801723,-0.9902667,0.6723438,0.99307126,0.35392323,-0.2246695,0.9946309,0.77561045,-0.53629714,-0.9889669,-0.83087695,0.26493222,-0.9165626
IGF2BP3_HepG2,-0.62147087,0.021785997,-0.4415487,0.7019139,0.45482743,0.9136396,-0.52466995,0.0637328,0.8435883,0.99779356,0.9852424,0.79742926,-0.75326383,-0.97395194,0.9773675,-0.99819434,0.33907318,0.9410042,0.97045624,0.78730613,0.72386605,-0.95245445,0.978705,-0.15529992,0.17943127,0.859617,-0.42084607,-0.42696851,0.9671814,0.4652466,0.9712269,-0.057137154,-0.41590777,0.8178878,0.5495598,0.37548628,0.37330458,-0.64566225,0.8659269,-0.8670371,-0.8076782,0.4571949,0.13632636,0.959946,0.7715808,-0.08655865,0.99195695,0.085687175,0.76744574,-0.5720989,0.999737,0.97546506,0.6983319,0.99935883,-0.93055624,-0.051547248,0.6681511,0.99771154,0.7631947,-0.04646337,-0.7550391,0.8479857,0.86782104,0.3758438,-0.5132119,-0.76945204,-0.83177024,-0.3042688,-0.9448397,-0.9911084,0.19781509,0.98520166,0.83794713,-0.5035228,0.5226152,0.8276753,-0.987008,0.963439,-0.58318394,0.9517186,0.87513167,0.99999166,0.5507609,-0.5244093,0.894832,0.5351942,-0.80679935,0.93315864,0.9879102,0.7486534,-0.5660266,-0.14752938,1.0,0.8723798,-0.87705,0.762356,0.4754855,-0.26975244,-0.8070576,0.56296545,0.8679081,-0.842977,0.9886274,-0.2565635,-0.21718685,-0.26802522,-0.8212288,-0.04543187,0.39689562,0.21881078,0.999487,-0.9747505,-0.97806454,0.94638175,0.95148087,-0.8035763,0.90558285,0.77241486,0.27401635,-0.800352,-0.16267559,-0.62277174,0.23675947,-0.9849696,0.6214839,0.92904603,-0.06651106,0.8805989,-0.9798752,-0.60402346,-0.8404586,0.6044747,0.9250871,-0.18872097,0.992733,0.005340149,0.816702,0.69730383,0.99990225,0.99671364,0.78348327,0.8868644,0.95701456,-0.99185896,0.7826536,0.74570763,0.42314824,0.33477482,0.3201425,-0.13252653,0.65756845,0.61331654,0.7312601,-0.9883322,-0.9833138,-0.9999615,0.9998288,0.5237643,0.9155689,0.978838,0.73510844,0.9875703,0.9522125,-0.5885274,0.92687535,0.5552556,0.0018294603,-0.3334187,0.6065573,0.6169967,0.8675072,0.84143853,0.07848535,-0.9882655,0.84038746,0.53149724,0.7398226,-0.4941637,0.95359033,-0.8291755,0.5317996,0.9980857,0.6934471,0.74392617,0.8943807,-0.84729105,-0.991164,-0.18574685,-0.79605,0.06308044,0.9935652,-0.93632597,0.1152851,-0.5469553,-0.22337352,0.12571986,0.57565194,-0.6276771,-0.0960255,0.103825,0.92306024,0.99829495,0.96303666,-0.7864717,0.8954664,0.87104696,0.992082,0.9738365,0.79754734,0.9938199,-0.80292124,0.28375348,0.63294864,-0.030279223,0.8728263,-0.9306271,-0.24909146,-0.73873043,0.91391325,0.29241726,-0.42778847,0.91463035,-0.26029548
ILF3_HepG2,-0.92512536,0.50771844,0.053397533,0.96050954,-0.03855874,0.9957619,-0.041568622,0.54343444,0.9984257,0.9029096,0.9431758,0.9906265,-0.33562034,-0.9605001,0.7492246,-0.84144175,0.755671,0.98633015,0.9645496,0.38543645,0.29422328,-0.97983885,0.9541452,-0.61837846,0.63742757,0.5001507,0.07629467,0.0695528,0.7195444,-0.026830357,0.96369624,-0.53787565,0.08171451,0.43224752,0.07103067,-0.12549359,-0.12782747,-0.9365435,0.51091933,-0.51282984,-0.41637692,0.8335956,0.60319346,0.9744,0.9840708,-0.562506,0.927237,-0.41227916,0.98289907,-0.09815787,0.88335973,0.9585937,0.2593196,0.88932204,-0.6328144,-0.53314775,0.21918032,0.9034352,0.9816614,0.44776717,-0.33816567,0.99885416,0.51418173,0.7808679,-0.8672589,-0.9834716,-0.99697816,-0.7310895,-0.66415143,-0.92966497,-0.30659935,0.9432549,0.46422905,-0.86160237,0.87267905,0.4477128,-0.93958646,0.70951384,-0.111662604,0.6802034,0.5269103,0.8703729,0.88848,-0.87370515,0.56241864,0.05396469,-0.9926479,0.638352,0.78605115,0.3290353,-0.09080608,0.35477802,0.8723798,1.0,-0.99995357,0.3487143,0.84483826,-0.7060345,-0.41542065,0.8951271,0.9999588,-0.47243047,0.7889453,-0.69628733,0.2876911,-0.7047633,-0.9953486,-0.5279579,-0.102434576,-0.28609705,0.8562765,-0.7411987,-0.9550678,0.66768783,0.9804691,-0.41007203,0.58266586,0.9843032,-0.2310726,-0.40514314,0.34040254,-0.16083224,-0.2683864,-0.94370186,0.9251316,0.6296318,0.4297235,0.9998542,-0.9523989,-0.91651803,-0.46831426,0.13791859,0.621392,0.3154086,0.9248647,0.49348047,0.43039086,0.25793314,0.8791301,0.8299147,0.37973043,0.5478291,0.97665995,-0.9275257,0.9870463,0.9762338,-0.07376252,-0.16857173,-0.18381563,0.3689036,0.20536828,0.14894971,0.304507,-0.93665636,-0.76889664,-0.8766374,0.8812747,0.04050608,0.9953117,0.75388616,0.30989233,0.93836945,0.68138486,-0.118212365,0.9920786,0.89094263,0.49042395,-0.75172526,0.14051,0.92294693,0.9999512,0.46991384,-0.41885185,-0.9368094,0.9980754,0.8777348,0.97429127,-0.0061258134,0.6847031,-0.4501062,0.049956694,0.90094185,0.25274438,0.32232052,0.5615833,-0.9987906,-0.9295106,0.31828025,-0.39860365,-0.43282518,0.81140053,-0.6451886,-0.3849971,-0.06792364,0.2816112,-0.37527487,0.10247421,-0.9281132,-0.5703406,-0.39561212,0.9932897,0.842359,0.7084577,-0.38418838,0.9987787,0.5197711,0.9268652,0.73846895,0.9906532,0.9212506,-0.4090686,-0.22119583,0.9306198,0.4621897,0.9999996,-0.99075633,0.25611857,-0.31498235,0.59885913,-0.21236362,-0.81503606,0.9955341,-0.69905496
ILF3_K562,0.9214237,-0.49939275,-0.043772105,-0.9577836,0.02892742,-0.9966019,0.05119518,-0.5353194,-0.99783885,-0.90700984,-0.9463342,-0.9892642,0.3446825,0.9631372,-0.7555724,0.84660983,-0.7493244,-0.9878723,-0.967048,-0.39431062,-0.30341974,0.98171866,-0.9569856,0.6107765,-0.62997276,-0.5084724,-0.0666824,-0.05993633,-0.7262032,0.017195884,-0.9662245,0.52972656,-0.07210624,-0.44091725,-0.08063973,0.11592724,0.118263885,0.9331219,-0.5191796,0.5210791,0.4251194,-0.8282337,-0.59547937,-0.97652125,-0.9823119,0.55451244,-0.9308026,0.40348056,-0.98107886,0.10774323,-0.8878354,-0.9612936,-0.26861456,-0.8936874,0.6402465,0.5249702,-0.22857252,-0.9075247,-0.97977877,-0.43912983,0.3472188,-0.99834657,-0.5224231,-0.77481157,0.8624209,0.98168105,0.9961833,0.7244807,0.67132497,0.93317205,0.29741243,-0.94641113,-0.47274283,0.85667086,-0.867933,-0.45630902,0.94284165,-0.7162718,0.12123398,-0.68723565,-0.53507626,-0.8750774,-0.8840163,0.86897683,-0.5703608,-0.06358484,0.9914354,-0.64574015,-0.79197174,-0.3381201,0.10039887,-0.3457519,-0.87705,-0.99995357,1.0,-0.35773024,-0.839643,0.6991771,0.4241673,-0.8907894,-0.99982494,0.4809022,-0.7948303,0.689338,-0.27844855,0.69789386,0.994374,0.5197492,0.09284393,0.27684993,-0.8612143,0.7476332,0.95787966,-0.67483085,-0.9823189,0.41884196,-0.5904708,-0.98255676,0.22168608,0.4139346,-0.3313254,0.17033602,0.2590908,0.9468458,-0.9214301,-0.6370892,-0.4210021,-0.99997234,0.9552925,0.91262084,0.47680736,-0.1474568,-0.6289135,-0.30624902,-0.9284866,-0.4850761,-0.43906936,-0.26723176,-0.883682,-0.8352524,-0.38862765,-0.5558657,-0.97868454,0.93108445,-0.9854544,-0.97410005,0.06414865,0.1590651,0.17433448,-0.35992938,-0.21479003,-0.15847199,-0.3136719,0.9399881,0.7750223,0.8812334,-0.885788,-0.05013299,-0.9961976,-0.7601825,-0.3190402,-0.94165665,-0.6884066,0.1277759,-0.9932431,-0.88652515,-0.48200288,0.7453351,-0.15004458,-0.9191946,-0.99980956,-0.47839844,0.41008168,0.9401372,-0.99743146,-0.8730767,-0.972075,0.015762165,-0.69169486,0.45869055,-0.05957904,-0.90508175,-0.26205644,-0.3314279,-0.5695307,0.99827045,0.93302137,-0.30913004,0.40742308,0.42411783,-0.8169957,0.65252113,0.3760855,0.07753494,-0.2723512,0.3663252,-0.11205542,0.92448235,0.5623984,0.38674328,-0.9943581,-0.8475133,-0.7152258,0.3930677,-0.99920845,-0.5279798,-0.9304398,-0.7449326,-0.98929274,-0.9249562,0.417843,0.21178769,-0.92704964,-0.4536227,-0.999962,0.9920176,-0.24679127,0.3241138,-0.6065489,0.20293686,0.8094146,-0.9963976,0.6921316
KHDRBS1_K562,0.03322563,-0.6303955,-0.9172714,0.07416266,0.923086,0.43343246,-0.9509143,-0.5972552,0.29559705,0.7177074,0.6403348,0.21742164,-0.9999029,-0.59575206,0.8820073,-0.79985267,-0.35032576,0.49838534,0.58368856,0.99922067,0.99834406,-0.52893275,0.61327845,0.52091223,-0.49986476,0.9859924,-0.9078924,-0.9107053,0.90177095,0.92753553,0.5862959,0.60254186,-0.90559965,0.9958819,0.959631,0.8860583,0.8849651,0.0019602883,0.98383385,-0.9834332,-0.99731785,-0.22701532,-0.5371866,0.55049646,0.17654163,0.57874036,0.67431,0.71010184,0.17016517,-0.966932,0.7473156,0.6011768,0.99559635,0.7386968,-0.9463714,0.6070002,0.990871,0.71685416,0.16365269,-0.6818804,-0.99993694,0.30346075,0.98314637,-0.3131839,0.16418082,-0.17325366,-0.2748547,0.3845124,-0.9322699,-0.6694686,0.78517514,0.640152,0.99200135,0.17526866,-0.1533276,0.99417293,-0.6484719,0.9078751,-0.9703062,0.9242077,0.98031175,0.7649967,-0.120282866,0.15124659,0.97107375,0.9546816,-0.23271094,0.9440296,0.85346633,0.99978125,-0.9650222,-0.75254637,0.762356,0.3487143,-0.35773024,1.0,-0.20683081,0.41752025,-0.99739426,-0.10568335,0.34019545,-0.9907869,0.8510095,0.42990318,-0.7972841,0.41914874,-0.25680104,0.6118544,0.89657843,0.79828733,0.7826915,-0.88761526,-0.6108291,0.93054444,0.5262314,-0.9978007,0.9648811,0.17783311,0.83128595,-0.998144,-0.7625539,-0.9811125,0.80925316,-0.63911533,-0.033208802,0.9476891,-0.6964302,0.36466593,-0.61783355,0.055282064,-0.9914079,0.97636664,0.9510072,-0.77940184,0.6789383,-0.6430778,0.9960664,0.9954608,0.75323176,0.8122742,0.99944544,0.97511256,0.5418841,-0.67373985,0.19383232,0.13731034,0.9089538,0.8650332,0.85716015,-0.7424823,0.9888667,0.97871494,0.9989061,-0.65488994,-0.8673645,-0.7566455,0.7502517,0.95058477,0.4377277,0.8786552,0.9991547,0.6511611,0.9235905,-0.9718798,0.46368578,-0.114925675,-0.64576215,0.3559431,0.9769289,-0.03891997,0.3394371,0.99116933,0.7049955,-0.65455943,0.28992376,-0.14299168,0.12859933,-0.93934774,0.9218391,-0.9938806,0.95347935,0.7208726,0.9949357,0.9996075,0.97131455,-0.30221313,-0.66977966,-0.77750117,-0.9985534,0.69395864,0.8307485,-0.94105154,0.73073107,-0.9587504,-0.80109626,0.73786634,0.9680294,0.025282085,0.5709619,0.72281194,0.4547677,0.7988313,0.90850204,-0.9992732,0.39459532,0.9819316,0.67504174,0.88947666,0.21761292,0.68580717,-0.997873,0.83687913,-0.018493412,-0.6699446,0.34957132,-0.47262993,-0.8166558,-0.9993606,0.95941484,0.8417973,0.25882497,0.4356339,0.42641187
KHSRP_HepG2,-0.9847086,0.8898738,0.579371,0.9603433,-0.5672001,0.7920523,0.49944076,0.9082391,0.87351716,0.5328436,0.6190463,0.9100023,0.22044443,-0.6625814,0.27861983,-0.42178407,0.9888331,0.7451278,0.67369527,-0.16805157,-0.26276913,-0.7209134,0.64594245,-0.9428931,0.95076305,-0.040749695,0.5979192,0.592487,0.23635437,-0.5574966,0.67131597,-0.9054542,0.6022683,-0.11727983,-0.4736614,-0.6368141,-0.63862634,-0.97878027,-0.028276,0.026053004,0.13466644,0.99978626,0.93633175,0.7029259,0.9264953,-0.9175792,0.5830126,-0.83574504,0.9289122,0.449511,0.4955334,0.65749466,-0.29763657,0.5066776,-0.12035607,-0.903064,-0.33684093,0.5338794,0.93133783,0.8566809,0.217807,0.8694753,-0.024477886,0.99393314,-0.99905807,-0.9277468,-0.8838469,-0.98268795,-0.16111903,-0.5883111,-0.76828146,0.6192331,-0.08167884,-0.99948305,0.9985207,-0.10015973,-0.61065423,0.22239877,0.43733925,0.18247785,-0.009572348,0.47188318,0.99615157,-0.998404,0.032768592,-0.48865095,-0.90338457,0.12747368,0.33335596,-0.22724901,0.45609516,0.7999493,0.4754855,0.84483826,-0.839643,-0.20683081,1.0,-0.9753753,0.13570851,0.9947562,0.8496583,0.07242373,0.33777988,-0.9722691,0.75545526,-0.97497827,-0.8924518,-0.9004174,-0.6187485,-0.7543641,0.44706666,-0.26704007,-0.6483039,0.16579583,0.72311336,0.14152424,0.057439655,0.92600065,-0.7157614,0.14686544,0.79065543,0.39217973,-0.74213576,-0.62029153,0.9847057,0.11628156,0.8461504,0.83558005,-0.64151937,-0.9883146,0.077075094,-0.41339022,0.10578592,0.7741815,0.5778943,0.8822501,-0.119322926,-0.2990065,0.48774084,0.40266007,-0.17413649,0.015232939,0.71020156,-0.5836396,0.919731,0.9407096,-0.59588194,-0.66978145,-0.6812001,0.8089495,-0.35011482,-0.4032152,-0.25235486,-0.60393167,-0.30751443,-0.48318994,0.49168086,-0.50036204,0.7891304,0.2853997,-0.2468749,0.60784864,0.18406367,0.4314005,0.770937,0.99566424,0.880592,-0.9879205,-0.41100597,0.9856853,0.8500833,-0.075269476,-0.8396912,-0.6042801,0.87639004,0.9978979,0.9436546,0.5298366,0.18852744,0.097494125,-0.49214876,0.5289825,-0.30412343,-0.23415942,0.0317587,-0.87012124,-0.5879723,0.7760942,0.15392531,-0.84797776,0.37278706,-0.1363104,-0.8190416,0.4764019,0.75128466,-0.8129657,-0.44563124,-0.9832931,-0.921317,-0.825602,0.77729225,0.42332464,0.22093828,0.16938458,0.8173719,-0.017949559,0.5822069,0.26312798,0.90992105,0.5702002,0.1426125,-0.70864385,0.9820344,0.864923,0.8443486,-0.76445085,0.73355526,0.2416787,0.07746416,-0.70223135,-0.99857074,0.79055786,-0.97316533
KHSRP_K562,0.9220383,-0.968578,-0.7448677,-0.8752011,0.7348748,-0.6379118,-0.6782167,-0.9781642,-0.7446441,-0.33308882,-0.43059117,-0.7961523,-0.4301418,0.48107463,-0.059940908,0.21142453,-0.9973516,-0.5796887,-0.494116,0.3813285,0.4690996,0.5503134,-0.4616704,0.9931394,-0.9957039,0.2601146,-0.75998026,-0.7555692,-0.0162317,0.7268658,-0.4913185,0.9767695,-0.7635025,0.3334211,0.65623873,0.7911818,0.7926186,0.90948445,0.2480432,-0.24588823,-0.34989285,-0.97972685,-0.99071413,-0.52874637,-0.8206856,0.982665,-0.38946623,0.9362738,-0.82436806,-0.6354552,-0.29176256,-0.47512734,0.50086343,-0.30405542,-0.10155596,0.9755546,0.536209,-0.33424294,-0.82808864,-0.9493561,-0.42769977,-0.73911744,0.24436069,-0.9937154,0.96488607,0.8225892,0.7589137,0.99935085,-0.0605185,0.3954783,0.8905405,-0.4308061,0.29948202,0.96778035,-0.96194047,0.3171358,0.42096272,-0.0018943973,-0.62491125,0.038863838,0.22987817,-0.2658113,-0.9522909,0.96136296,0.18847153,0.66904473,0.78655964,0.09441747,-0.117210984,0.43643436,-0.64113975,-0.91259664,-0.26975244,-0.7060345,0.6991771,0.41752025,-0.9753753,1.0,-0.35087803,-0.9477039,-0.71243143,-0.29061267,-0.12187337,0.99990654,-0.8813579,0.9999984,0.77097535,0.9741908,0.77677476,0.8805706,-0.23877431,0.04792238,0.4644157,0.05578608,-0.5529654,-0.35637087,0.16416217,-0.81993514,0.85215706,-0.3614086,-0.90622103,-0.5854052,0.8716855,0.43202272,-0.9220319,0.105637096,-0.9428559,-0.69383997,0.45653504,0.9303596,-0.2950726,0.60403466,0.11613291,-0.8947187,-0.383669,-0.9643565,0.33536056,0.5021052,-0.28319153,-0.19086285,0.3870304,0.20566835,-0.53744507,0.39017698,-0.8105055,-0.84273094,0.7583273,0.8170606,0.8258909,-0.91868687,0.5480856,0.5951141,0.45955393,0.4132725,0.09007764,0.27819526,-0.2875223,0.6789977,-0.6342298,-0.06699325,0.45452058,-0.41775087,0.037251987,-0.61975,-0.6114811,-0.95063066,-0.96342164,0.99777025,0.60194707,-0.924229,-0.712997,0.2933418,0.9387877,0.41367063,-0.74859107,-0.959032,-0.84743005,-0.70383936,0.032711584,-0.31459433,0.6720222,-0.32878938,0.5067391,0.44281325,0.18946339,0.73999864,0.3950937,-0.8960667,-0.3680582,0.9439959,-0.15895367,-0.085539155,0.9254109,-0.6585856,-0.8783438,0.9213764,0.63209915,0.918933,0.984383,0.92971855,-0.6193938,-0.21308556,-0.00039677223,-0.3825781,-0.6701823,0.23802379,-0.38855284,-0.043869168,-0.79603386,-0.37497497,-0.35739803,0.84680754,-0.9162336,-0.95432025,-0.70538664,0.6034412,-0.8653852,-0.44974113,0.14433207,0.8419606,0.9857688,-0.6360277,0.9999519
LARP4_HepG2,0.03896443,0.57275,0.8861491,-0.14591382,-0.8929349,-0.49731782,0.92611164,0.5378362,-0.3637461,-0.7660739,-0.6940793,-0.2872728,0.9962921,0.65214294,-0.9137055,0.8410686,0.2818415,-0.55963176,-0.6407466,-0.99946463,-0.99159265,0.5887795,-0.66866386,-0.45797262,0.43607825,-0.995456,0.8752838,0.8785329,-0.93060255,-0.89815605,-0.6432115,-0.54339516,0.8726416,-0.99982744,-0.9368394,-0.8503057,-0.8490651,0.070188,-0.99419,0.9939481,0.99999946,0.15616402,0.47493678,-0.60929,-0.24709201,-0.5183986,-0.7258269,-0.6574555,-0.24081269,0.9460134,-0.7933053,-0.65726143,-0.98623914,-0.7853993,0.9672135,-0.5480861,-0.97856325,-0.7652862,-0.23439717,0.6273336,0.99652106,-0.3714114,-0.9937738,0.24385342,-0.09258865,0.24385452,0.34350324,-0.31691355,0.9559394,0.7213151,-0.7384528,-0.6939079,-0.99852294,-0.10378584,0.081637934,-0.99935925,0.7017004,-0.9357549,0.9503277,-0.94935024,-0.9920025,-0.80946624,0.04834991,-0.0795391,-0.9857698,-0.930722,0.30226722,-0.96536696,-0.8888398,-0.99566716,0.9435941,0.70307624,-0.8070576,-0.41542065,0.4241673,-0.99739426,0.13570851,-0.35087803,1.0,0.033668548,-0.40714937,0.9979756,-0.88667786,-0.3636466,0.75166047,-0.35255682,0.32585582,-0.55319685,-0.8622911,-0.75275695,-0.82555467,0.91853046,0.66635746,-0.9545371,-0.5862067,0.9999828,-0.981318,-0.24836324,-0.7890194,0.9999365,0.713896,0.96460074,-0.7647632,0.6929362,-0.03898114,-0.9682474,0.6428434,-0.4308911,0.6729509,0.0168945,0.9982614,-0.95823085,-0.97083354,0.73217106,-0.73013663,0.58615446,-0.99986356,-0.98600084,-0.7987217,-0.8522371,-0.9992435,-0.98856664,-0.6011052,0.7252961,-0.26410246,-0.20841277,-0.87650895,-0.82658386,-0.8177692,0.6922209,-0.9755547,-0.961359,-0.9929297,0.70770395,0.9010082,0.80184305,-0.79599464,-0.92570996,-0.50145173,-0.91081107,-0.9935855,-0.7042167,-0.94884217,0.95235926,-0.5263965,0.04296091,0.5889952,-0.28759715,-0.958976,-0.033270106,-0.40641266,-0.998153,-0.65199363,0.7073949,-0.35821313,0.07121688,-0.1998083,0.9121571,-0.9473978,0.99925977,-0.9292467,-0.7689943,-0.9850918,-0.99498165,-0.9859391,0.37019557,0.7216051,0.73010546,0.99983054,-0.64020646,-0.86874247,0.96300286,-0.6795774,0.9357455,0.7558285,-0.6872509,-0.94741076,0.04690405,-0.51024616,-0.6710742,-0.5178343,-0.8401479,-0.9362819,0.99941945,-0.45985636,-0.9930251,-0.7265086,-0.92012703,-0.28746018,-0.7365248,0.9999757,-0.7952081,-0.053685755,0.61463904,-0.4162522,0.53497505,0.7728922,0.9941772,-0.97725916,-0.80066127,-0.18846606,-0.49943668,-0.36004505
LARP4_K562,-0.9973622,0.838549,0.4929725,0.9838237,-0.4799945,0.8503326,0.4082165,0.8606796,0.9187232,0.6165956,0.6961218,0.9476337,0.11952984,-0.7357095,0.37538344,-0.5123042,0.96840626,0.80942965,0.7457443,-0.0663506,-0.16271077,-0.788012,0.72063035,-0.90388155,0.9140807,0.061653543,0.51280504,0.50699,0.33449185,-0.4696671,0.7435986,-0.85729647,0.51746494,-0.015095896,-0.3811035,-0.5546195,-0.55657566,-0.9946051,0.07410577,-0.076323405,0.032617517,0.99242896,0.89551145,0.771984,0.9601234,-0.872108,0.6630498,-0.77520186,0.9619135,0.3557947,0.58176947,0.73110646,-0.19843657,0.59219515,-0.22125588,-0.85440105,-0.23877662,0.617559,0.96369797,0.79943055,0.11684554,0.9154371,0.07789422,0.9774725,-0.9982573,-0.96105176,-0.92705375,-0.9585867,-0.26121235,-0.6679287,-0.6987855,0.6962927,0.020682367,-0.9975301,0.99884564,0.0021256946,-0.6884429,0.3209458,0.3430708,0.28207853,0.092747554,0.55957997,0.99989206,-0.9989446,0.13481623,-0.39685616,-0.94250596,0.2282455,0.42803246,-0.12645882,0.36268625,0.734383,0.56296545,0.8951271,-0.8907894,-0.10568335,0.9947562,-0.9477039,0.033668548,1.0,0.89913565,-0.029961858,0.43227187,-0.9432524,0.6844837,-0.94712996,-0.9339124,-0.8512037,-0.53515804,-0.6832697,0.53620696,-0.36420044,-0.7227743,0.26578537,0.78996545,0.039537147,0.1592441,0.9597558,-0.6405853,0.04492959,0.72389066,0.29604194,-0.6696948,-0.69725996,0.997361,0.21725263,0.78720695,0.8873848,-0.71661043,-0.9987216,-0.025299223,-0.31809598,0.20693196,0.7053858,0.65833116,0.829475,-0.017153537,-0.1998431,0.5744677,0.49416545,-0.07251156,0.117415465,0.7784785,-0.66362745,0.9550559,0.97046953,-0.5106235,-0.59032434,-0.60275304,0.7445826,-0.25247774,-0.30750898,-0.15206708,-0.6822812,-0.40322044,-0.570199,0.5781605,-0.40918705,0.847812,0.38192382,-0.1464715,0.68587255,0.2836257,0.3368701,0.83203423,0.9999568,0.827509,-0.96689147,-0.31561396,0.9977596,0.89948833,0.027109716,-0.77974635,-0.6826008,0.92105,0.9992931,0.97255224,0.4403193,0.28797936,-0.0048041595,-0.4005368,0.6130023,-0.20509863,-0.13350056,0.13381532,-0.9159632,-0.66761696,0.7075287,0.05206276,-0.78932226,0.4657344,-0.23691538,-0.75606835,0.38398102,0.6798462,-0.7491471,-0.3517367,-0.9967539,-0.87672013,-0.7635639,0.83756125,0.51376325,0.31952706,0.067699604,0.8720072,0.08440236,0.66230726,0.36041877,0.9475712,0.6512294,0.040635794,-0.63276654,0.99618423,0.8090553,0.8947192,-0.826377,0.6601998,0.1411689,0.17902526,-0.62573487,-0.9878683,0.84904397,-0.9445282
LARP7_HepG2,-0.92853236,0.51551515,0.062456474,0.9629949,-0.04762461,0.99488634,-0.032500546,0.5510293,0.9988936,0.89897203,0.94012165,0.9918252,-0.32705876,-0.95793533,0.74318373,-0.8365038,0.7615833,0.9847943,0.96211517,0.37704748,0.2855386,-0.97798556,0.9513896,-0.62548435,0.6443931,0.49227238,0.085339285,0.078602165,0.7132132,-0.035900194,0.96123374,-0.54550314,0.09075488,0.424047,0.06197646,-0.13449088,-0.13682197,-0.939686,0.50309783,-0.5050185,-0.40810966,0.8385736,0.61040616,0.9723198,0.98564345,-0.56998545,0.92380077,-0.42052943,0.98452955,-0.089123085,0.8790703,0.95597017,0.2505451,0.88513595,-0.62576187,-0.54080284,0.21031773,0.89950764,0.9833508,0.45586243,-0.3296121,0.9992473,0.50637776,0.7865043,-0.8717408,-0.9850741,-0.99764204,-0.7372506,-0.65734017,-0.92628366,-0.31522378,0.9402028,0.45617276,-0.86617285,0.877074,0.43958044,-0.93644154,0.70309013,-0.102640554,0.6735238,0.51917624,0.865869,0.89260775,-0.87808347,0.5548925,0.044901483,-0.9937054,0.63134086,0.78040946,0.32045284,-0.08176563,0.36324766,0.8679081,0.9999588,-0.99982494,0.34019545,0.8496583,-0.71243143,-0.40714937,0.89913565,1.0,-0.4644134,0.7833372,-0.7027717,0.29636982,-0.7111718,-0.9961818,-0.53564274,-0.11145695,-0.2947802,0.8515543,-0.7350769,-0.952339,0.6609051,0.9786441,-0.40177867,0.57526714,0.98586416,-0.23989183,-0.39683032,0.34892082,-0.15186967,-0.27711663,-0.94066125,0.9285385,0.62255615,0.43789947,0.9996581,-0.94959337,-0.92010987,-0.46027747,0.12892543,0.6142568,0.32400662,0.92137575,0.5013525,0.42218238,0.24915536,0.87476933,0.82481813,0.37132028,0.54021513,0.9746707,-0.924096,0.9884615,0.97816014,-0.08280897,-0.17750913,-0.19272754,0.3773226,0.19647904,0.1399706,0.29585117,-0.9334395,-0.7630631,-0.8722352,0.8769499,0.031437654,0.99439305,0.7478933,0.30125207,0.9351945,0.67471516,-0.109196916,0.99089783,0.89502686,0.4983118,-0.75767845,0.13152003,0.92640185,0.9999997,0.4618846,-0.42707437,-0.93359625,0.998597,0.8820465,0.9762955,0.0029484746,0.6780614,-0.44198474,0.040891763,0.8969671,0.24395435,0.31371734,0.55405194,-0.99919564,-0.9261257,0.32686946,-0.39026508,-0.44098744,0.8060634,-0.6382289,-0.3933561,-0.058867723,0.29030648,-0.38367054,0.09344356,-0.93145335,-0.57777065,-0.40392974,0.99219936,0.83743405,0.70202434,-0.3757949,0.9982892,0.5119976,0.92342067,0.7323199,0.9918502,0.91768306,-0.4007715,-0.23003627,0.9339025,0.4702175,0.9999501,-0.9894846,0.26487955,-0.3063571,0.59156734,-0.2212221,-0.8202601,0.99463654,-0.7055149
LARP7_K562,0.10243579,0.51945674,0.8548838,-0.2085364,-0.86249614,-0.5514868,0.90024436,0.48313078,-0.42225167,-0.8054011,-0.7384586,-0.34760872,0.9888035,0.6990364,-0.93770075,0.8737681,0.22025071,-0.61120546,-0.6882773,-0.99536043,-0.98135567,0.638994,-0.7145998,-0.40050873,0.37796262,-0.99949676,0.842755,0.8463747,-0.95199764,-0.868375,-0.69060594,-0.4889057,0.8398159,-0.9989848,-0.9126987,-0.8151131,-0.81374794,0.13348736,-0.999023,0.9989223,0.9980419,0.093029745,0.4180072,-0.6584868,-0.30821794,-0.4629636,-0.76810545,-0.60820353,-0.30205223,0.92348427,-0.83041954,-0.70386255,-0.9737282,-0.82317615,0.9814072,-0.49378142,-0.96348435,-0.8046747,-0.29574907,0.57653606,0.9892033,-0.42970857,-0.9988479,0.18168125,-0.02907586,0.30503938,0.40253642,-0.25595188,0.9726744,0.76390356,-0.6940731,-0.7382981,-0.9999569,-0.04032077,0.018086413,-0.99961245,0.745592,-0.9562886,0.9286088,-0.96741223,-0.99802154,-0.84517044,-0.015272011,-0.015981276,-0.9944651,-0.90557814,0.36227873,-0.9800052,-0.91618234,-0.98773754,0.9206261,0.65642715,-0.842977,-0.47243047,0.4809022,-0.9907869,0.07242373,-0.29061267,0.9979756,-0.029961858,-0.4644134,1.0,-0.9142902,-0.303666,0.7081926,-0.29232806,0.38532326,-0.49909624,-0.8283384,-0.70936626,-0.85977346,0.9418147,0.7124297,-0.9715629,-0.63654494,0.9975849,-0.99156725,-0.30946603,-0.7483492,0.9971954,0.6679158,0.94587606,-0.72223777,0.7373878,-0.10245243,-0.9821865,0.592826,-0.48741028,0.7186315,0.08044988,0.9999891,-0.93810207,-0.98411614,0.6873706,-0.77211547,0.53344065,-0.99889004,-0.97340035,-0.835372,-0.8837837,-0.9947472,-0.996155,-0.6507143,0.76761115,-0.32490805,-0.27019247,-0.8441192,-0.7891164,-0.77950984,0.64492154,-0.9596036,-0.94190437,-0.98337024,0.75120413,0.92677325,0.838222,-0.8328796,-0.8997808,-0.555461,-0.93522215,-0.9843822,-0.7479451,-0.9670026,0.93103504,-0.5794047,-0.020665767,0.53640664,-0.22610334,-0.93900526,-0.09676596,-0.46369916,-0.99999595,-0.6024516,0.7509154,-0.4168659,0.0076360083,-0.26172,0.88424534,-0.9658351,0.99968344,-0.9038685,-0.80809313,-0.97215676,-0.98660386,-0.99457073,0.42852616,0.7641738,0.6851686,0.99663556,-0.59005374,-0.89848155,0.9781925,-0.6315456,0.91142154,0.712656,-0.6396605,-0.92514,0.11033752,-0.4545165,-0.62256444,-0.5711932,-0.8729402,-0.9567254,0.9952294,-0.5154004,-0.9985133,-0.76874006,-0.9431707,-0.34779248,-0.77805245,0.9975079,-0.7550362,-0.11708377,0.56322753,-0.47323635,0.5876243,0.73097193,0.9853114,-0.98876673,-0.76093745,-0.12562557,-0.55352414,-0.29998294
LIN28B_HepG2,-0.49658504,-0.12881185,-0.5714589,0.58681726,0.58358544,0.84211326,-0.6467279,-0.08707228,0.7532387,0.97646147,0.9482968,0.69761544,-0.84360886,-0.9287748,0.9980662,-0.99587554,0.19373988,0.8794127,0.9231348,0.8710748,0.8193912,-0.89580274,0.9367046,-0.0049724253,0.029445346,0.9266789,-0.55247957,-0.558102,0.9943931,0.59307444,0.92436606,0.0936531,-0.5479401,0.8951149,0.6689503,0.51059794,0.50857365,-0.5234811,0.9312977,-0.9321055,-0.88716394,0.31824708,-0.014205793,0.9068929,0.6671405,0.06424721,0.9616406,0.23454559,0.66230345,-0.68893695,0.9849189,0.9312632,0.7980325,0.9826092,-0.97503704,0.09922507,0.77244335,0.97619665,0.6573402,-0.19615832,-0.84505725,0.75863427,0.932675,0.23220928,-0.37830475,-0.6646491,-0.73882854,-0.15755296,-0.98335075,-0.95982695,0.3429797,0.94822127,0.91049075,-0.36786515,0.3884574,0.90266013,-0.9516204,0.9927747,-0.69871587,0.9870593,0.9379487,0.9892342,0.41897568,-0.39039674,0.95178825,0.65614307,-0.70877206,0.97660464,0.999989,0.83983946,-0.6835661,-0.294592,0.9886274,0.7889453,-0.7948303,0.8510095,0.33777988,-0.12187337,-0.88667786,0.43227187,0.7833372,-0.9142902,1.0,-0.10829339,-0.36151338,-0.120093636,-0.72607917,0.10531554,0.5304155,0.36306417,0.9929366,-0.9972457,-0.9356156,0.9842012,0.894385,-0.8839475,0.9590731,0.66811746,0.41553003,-0.8814108,-0.3092088,-0.7333519,0.38017726,-0.94779205,0.49659964,0.9741177,-0.2158079,0.79932183,-0.9387129,-0.4773017,-0.9123909,0.71740144,0.97167623,-0.33425796,0.9633458,-0.14510469,0.8941957,0.79716676,0.9864277,0.9975605,0.8680249,0.94626135,0.9025128,-0.9614286,0.68014383,0.6370285,0.55459476,0.4726759,0.45897272,-0.2800784,0.7633903,0.72512203,0.82552177,-0.9541864,-0.9994888,-0.9872691,0.98567563,0.64591587,0.8446771,0.9984805,0.8287024,0.95270157,0.98731667,-0.7034178,0.859884,0.42386788,-0.14857711,-0.187846,0.71922207,0.49163115,0.78283566,0.9131306,0.2275151,-0.9540554,0.7493229,0.39806655,0.63022906,-0.6192843,0.9880278,-0.90380967,0.653109,0.9774341,0.79391503,0.8359631,0.9514778,-0.7577808,-0.9599444,-0.33140355,-0.8780152,0.21244933,0.9992987,-0.97848284,0.26335707,-0.66663224,-0.36741936,0.27348265,0.69207513,-0.50346714,0.05475786,0.25221738,0.8547158,0.99571985,0.9925939,-0.8704098,0.8183414,0.9350105,0.9619121,0.99693656,0.6977558,0.965824,-0.88343287,0.42473117,0.5093224,-0.1802517,0.789507,-0.86500657,-0.39190447,-0.8316896,0.9645627,0.43290454,-0.2869929,0.84342897,-0.11213319
LIN28B_K562,0.9166603,-0.9718874,-0.7539192,-0.8685061,0.74407744,-0.6273244,-0.6881993,-0.98091394,-0.73545,-0.32016787,-0.41821265,-0.787806,-0.4424428,0.46904507,-0.04628939,0.1980433,-0.9962641,-0.56849533,-0.48218477,0.3939304,0.48112878,0.5388477,-0.44950083,0.9946451,-0.99687666,0.27329022,-0.7687943,-0.7644537,-0.002561491,0.7361865,-0.47936583,0.9796077,-0.7722596,0.34627822,0.6664925,0.7994685,0.80087966,0.9037161,0.26126328,-0.25911605,-0.36266652,-0.9768966,-0.9924802,-0.5170937,-0.8127979,0.98510754,-0.37683874,0.9409884,-0.8165528,-0.64595133,-0.27865958,-0.46305406,0.51264876,-0.29100376,-0.11514629,0.9784676,0.5476979,-0.32132745,-0.8203476,-0.9535627,-0.44001684,-0.7298402,0.25759393,-0.9920923,0.96120507,0.8147388,0.74994063,0.99876493,-0.07415828,0.38288534,0.896676,-0.418429,0.31249708,0.96424776,-0.958115,0.330071,0.4085232,0.011776251,-0.63552535,0.052520372,0.24316108,-0.25260773,-0.9480298,0.9575098,0.20187941,0.6791424,0.7780444,0.10801807,-0.10362376,0.44869342,-0.65157086,-0.9181007,-0.2565635,-0.69628733,0.689338,0.42990318,-0.9722691,0.99990654,-0.3636466,-0.9432524,-0.7027717,-0.303666,-0.10829339,1.0,-0.8877341,0.9999295,0.762197,0.97718555,0.7853116,0.88696694,-0.22547692,0.03426311,0.45226547,0.069430076,-0.5415234,-0.36911052,0.17763187,-0.81203276,0.859231,-0.37412128,-0.91191626,-0.5964337,0.8783035,0.41965345,-0.9166537,0.119221225,-0.94732285,-0.6839306,0.44432965,0.92526037,-0.30810684,0.61487305,0.12970005,-0.90074074,-0.37100884,-0.96788365,0.34820807,0.51388055,-0.27005422,-0.17742583,0.39959934,0.21902737,-0.5258665,0.37755355,-0.8024225,-0.8352929,0.76716787,0.824866,0.83352154,-0.9240007,0.5594686,0.60604465,0.47165245,0.40078545,0.076454304,0.2650384,-0.27440217,0.6889703,-0.62360126,-0.05334721,0.46665493,-0.40529135,0.05090951,-0.63042074,-0.60060704,-0.94629955,-0.9669952,0.99676466,0.6128072,-0.9189227,-0.7033451,0.30638346,0.9434094,0.40118602,-0.73945713,-0.95506954,-0.8400931,-0.7134846,0.04637171,-0.32754132,0.68208283,-0.3158482,0.518477,0.455029,0.20286858,0.7307346,0.38249853,-0.90205157,-0.38073465,0.9484183,-0.14544213,-0.09915155,0.9305051,-0.66881114,-0.8847966,0.9266036,0.6426332,0.9134553,0.98669755,0.93466616,-0.60860354,-0.19970912,0.013273759,-0.39517283,-0.65997344,0.25127915,-0.37592018,-0.03020773,-0.7876854,-0.3622669,-0.3701322,0.85399973,-0.910671,-0.9583156,-0.6956308,0.5924838,-0.8721547,-0.46190903,0.15784593,0.8492577,0.9833786,-0.6254192,0.99999255
LSM11_HepG2,-0.6297613,0.97116673,0.9717189,0.54281366,-0.968104,0.19839092,0.9449365,0.9603036,0.3409563,-0.15189977,-0.046902534,0.41581786,0.8056178,-0.009812186,-0.41877022,0.27542865,0.844662,0.12594372,0.024747543,-0.7728376,-0.83068585,-0.09054781,-0.012189726,-0.93055797,0.9213179,-0.6854405,0.9768811,0.9754136,-0.45808107,-0.96509737,0.02153357,-0.9621259,0.97802895,-0.739278,-0.9348693,-0.9862553,-0.98664135,-0.6051664,-0.6762996,0.67465955,0.7509665,0.76884073,0.93740857,0.065009445,0.4533697,-0.95366704,-0.09188564,-0.9911501,0.45913145,0.92485917,-0.1947461,0.0030410998,-0.85035706,-0.18209904,0.55951345,-0.96363693,-0.8713794,-0.15068947,0.46498877,0.9851671,0.8040133,0.33319634,-0.67349595,0.82293487,-0.7263122,-0.45634368,-0.3612196,-0.86376494,0.5249214,0.0853748,-0.9998039,-0.046664853,-0.7147154,-0.7340002,0.7187128,-0.7275715,0.057529215,-0.47077873,0.9196095,-0.50634515,-0.66240174,-0.22117794,0.69512165,-0.71724725,-0.6300932,-0.9408026,-0.40149656,-0.55355406,-0.36588773,-0.80973434,0.9276424,0.99749035,-0.21718685,0.2876911,-0.27844855,-0.7972841,0.75545526,-0.8813579,0.75166047,0.6844837,0.29636982,0.7081926,-0.36151338,-0.8877341,1.0,-0.88220376,-0.378619,-0.9652549,-0.9821549,-0.9999986,-0.24833795,0.42966968,0.009092694,-0.52088106,0.093713805,0.75552046,-0.6107253,0.4521998,-0.9982815,0.75904554,0.9984586,0.8989854,-0.99979806,0.045317393,0.6297484,-0.56290966,0.98841393,0.2712969,0.017969672,-0.64675707,0.711478,-0.90889287,-0.571607,0.99957746,-0.09814333,0.97495633,-0.74066234,-0.8511114,-0.20351566,-0.29554546,-0.7767421,-0.64361644,0.075265765,0.0911172,0.43761736,0.48841158,-0.9763351,-0.99251425,-0.9942865,0.9963031,-0.8782265,-0.9041882,-0.82463706,0.065974936,0.39113808,0.20860918,-0.19908942,-0.945284,0.19371204,-0.41234282,-0.8214229,-0.06106097,-0.5049537,0.9169994,0.16510414,0.6912336,0.9757311,-0.8478606,-0.90779847,0.6341773,0.29713994,-0.710204,-0.99016494,0.065538146,0.3465278,0.7114065,0.4960625,0.9559429,-0.5010269,0.72573143,-0.9421553,-0.15640125,-0.85391665,-0.8138815,-0.63087714,-0.33443022,0.08579187,0.99948484,0.76367563,-0.98788625,-0.32634747,0.54610795,-0.9946601,0.9359704,0.9999799,-0.9956899,-0.92320055,-0.6235683,-0.95076376,-0.9934041,0.1749972,-0.273794,-0.4720994,0.773695,0.24002042,-0.6686548,-0.092872985,-0.43332997,0.41563994,-0.1074897,0.7562406,-0.99763596,0.61824566,0.98225874,0.2868154,-0.15511325,0.99946177,0.81835514,-0.5947104,-0.9969734,-0.7893933,0.19599499,-0.88594913
LSM11_K562,0.9213427,-0.96902245,-0.74606305,-0.87433213,0.73608977,-0.6365297,-0.67953336,-0.9785353,-0.74344605,-0.33139732,-0.42897207,-0.7950659,-0.4317601,0.47950175,-0.058150772,0.20967145,-0.99721956,-0.5782267,-0.49255607,0.38298562,0.47068256,0.5488152,-0.46007904,0.99334747,-0.9958683,0.2618457,-0.76114446,-0.7567428,-0.014438529,0.72809625,-0.4897557,0.9771522,-0.7646594,0.33511123,0.6575908,0.7922773,0.7937107,0.9087374,0.24978001,-0.24762572,-0.3515722,-0.97936606,-0.99095637,-0.5272233,-0.8196596,0.98299587,-0.38781404,0.9369022,-0.82335156,-0.63683873,-0.29004672,-0.47354856,0.5024147,-0.3023466,-0.10333979,0.9759471,0.53772175,-0.33255228,-0.827082,-0.94991803,-0.42932016,-0.73790824,0.2460992,-0.99351305,0.96441346,0.8215682,0.7577447,0.9992846,-0.062308382,0.39383093,0.8913548,-0.429187,0.3011925,0.96732724,-0.9614489,0.318836,0.41933575,-0.00010113319,-0.62631035,0.040655684,0.23162304,-0.2640821,-0.9517421,0.96086776,0.19023247,0.6703765,0.785451,0.09620257,-0.11542989,0.43804714,-0.642515,-0.91332835,-0.26802522,-0.7047633,0.69789386,0.41914874,-0.97497827,0.9999984,-0.35255682,-0.94712996,-0.7111718,-0.29232806,-0.120093636,0.9999295,-0.88220376,1.0,0.769832,0.974594,0.7779029,0.881419,-0.23703253,0.04613098,0.46282682,0.05757658,-0.5514703,-0.35804585,0.16593085,-0.81890714,0.8530941,-0.36308017,-0.9069777,-0.5868582,0.87256294,0.43040475,-0.92133623,0.107420035,-0.94345194,-0.6925474,0.4549387,0.9297006,-0.29678553,0.60546285,0.11791385,-0.8955181,-0.38201225,-0.96482944,0.33704945,0.5036552,-0.28147113,-0.18910225,0.3886833,0.20742294,-0.535932,0.38852522,-0.8094538,-0.84176415,0.7594951,0.8180932,0.82690066,-0.9193936,0.54958457,0.5965543,0.46114588,0.4116389,0.08829152,0.27647233,-0.28580427,0.6803131,-0.6328424,-0.06520379,0.45611718,-0.41612104,0.039043944,-0.62115645,-0.6100613,-0.9500727,-0.9639006,0.997649,0.60337806,-0.92354286,-0.7117386,0.2950557,0.93940395,0.41203734,-0.7474008,-0.9585224,-0.84647655,-0.70511204,0.034503836,-0.31629616,0.6733491,-0.32709542,0.5082842,0.4444204,0.19122387,0.7387913,0.3934457,-0.89686143,-0.36972508,0.94458604,-0.1571833,-0.08732571,0.926089,-0.65993404,-0.87919956,0.92207193,0.6334877,0.9182242,0.9846971,0.9303775,-0.61798507,-0.21133314,0.0013964927,-0.3842343,-0.66885036,0.23976512,-0.38689986,-0.042077437,-0.79494727,-0.37331194,-0.3590724,0.84776,-0.9155137,-0.95485455,-0.7041145,0.60201013,-0.86628234,-0.4513422,0.1461062,0.8429268,0.98546576,-0.63464296,0.9999679
MATR3_HepG2,0.95739836,-0.5883551,-0.14935057,-0.98284787,0.13464661,-0.98226994,-0.0548802,-0.62177825,-0.99918526,-0.8573004,-0.90677583,-0.99917847,0.24330828,0.9292233,-0.681933,0.7854714,-0.81525344,-0.9658675,-0.93463916,-0.2947484,-0.20078014,0.9560337,-0.9208686,0.691213,-0.70869267,-0.41440076,-0.17199774,-0.16533495,-0.6492954,0.123009734,-0.9334911,0.61658967,-0.1773511,-0.34336287,0.025395242,0.2204871,0.22278142,0.965959,-0.42572716,0.42773855,0.32684988,-0.8829333,-0.67722726,-0.94820863,-0.9966203,0.639542,-0.8868475,0.49813184,-0.9960675,0.0018274337,-0.83409727,-0.9266999,-0.16507012,-0.84113145,0.5552752,0.61217266,-0.12416451,-0.85793006,-0.9954607,-0.53182596,0.2459294,-0.9988187,-0.42916203,-0.8374182,0.91118795,0.9963404,0.99982464,0.7934192,0.58903944,0.88984895,0.3968722,-0.90687627,-0.3767409,0.9064947,-0.9156616,-0.35948625,0.9022382,-0.63832444,0.015406964,-0.60642076,-0.442579,-0.8188877,-0.92855865,0.9165059,-0.48014468,0.042484798,0.99969137,-0.5612264,-0.722842,-0.23653033,-0.0055570197,-0.44319996,-0.8212288,-0.9953486,0.994374,-0.25680104,-0.8924518,0.77097535,0.32585582,-0.9339124,-0.9961818,0.38532326,-0.72607917,0.762197,-0.378619,0.769832,1.0,0.6073199,0.19779032,0.3770783,-0.8025329,0.6730801,0.92207175,-0.5928636,-0.9569613,0.32029822,-0.50166005,-0.9967272,0.32372952,0.31518042,-0.42940456,0.06499945,0.35994235,0.9074437,-0.9574032,-0.551858,-0.51471496,-0.9935586,0.9185996,0.9507898,0.38101482,-0.04185888,-0.5430202,-0.4053627,-0.8839255,-0.5749766,-0.34142935,-0.16365436,-0.8291276,-0.77230793,-0.2888413,-0.46468484,-0.9514244,0.8872039,-0.99791133,-0.99257153,0.16949584,0.26274782,0.27765784,-0.45673144,-0.11012766,-0.05299271,-0.21132685,0.8985569,0.70372367,0.82620615,-0.83164525,0.05594212,-0.9813643,-0.68708444,-0.21685462,-0.90070677,-0.6077026,0.021999026,-0.97536206,-0.9305476,-0.5721005,0.81176186,-0.044473324,-0.95573735,-0.9962519,-0.38268855,0.50438446,0.8987487,-0.9994071,-0.91981256,-0.99146384,-0.09023961,-0.6113045,0.36198428,0.04649424,-0.8549459,-0.1583577,-0.22962394,-0.47925827,0.9988814,0.88965774,-0.40812883,0.30839485,0.51765925,-0.7513175,0.56858224,0.4721193,-0.028508658,-0.37274098,0.46282724,-0.0061658667,0.9596629,0.6468212,0.4822513,-0.9775277,-0.78652227,-0.6371708,0.29345608,-0.989373,-0.43505073,-0.886389,-0.670074,-0.99918634,-0.8794926,0.3192562,0.31411958,-0.9615499,-0.54547143,-0.9952601,0.97307926,-0.34805265,0.22208217,-0.5189202,0.3055173,0.8670647,-0.9818089,0.7646922
MATR3_K562,0.8108629,-0.9997201,-0.87625057,-0.74341565,0.8689964,-0.44761375,-0.82659006,-0.99983203,-0.57476175,-0.111655734,-0.21574952,-0.6390181,-0.6228172,0.27076894,0.16692647,-0.014655706,-0.95519334,-0.3807971,-0.28511766,0.5801569,0.6563416,0.3476383,-0.24952438,0.9939029,-0.9909066,0.47135746,-0.88707554,-0.8839348,0.20988382,0.8631301,-0.28203478,0.99993134,-0.8895722,0.5376255,0.8096242,0.9088119,0.909791,0.7921684,0.46031344,-0.458338,-0.5523204,-0.90921944,-0.99583465,-0.3235079,-0.6705289,0.9991506,-0.17151149,0.9914004,-0.6753185,-0.7933462,-0.06832724,-0.26424423,0.68330854,-0.08116895,-0.32349405,0.9999813,0.712902,-0.11287239,-0.68017477,-0.9957776,-0.6206997,-0.56799763,0.45693713,-0.9428015,0.8806918,0.6730027,0.59233576,0.9654261,-0.28426903,0.17794749,0.97024006,-0.21598186,0.5071184,0.8859658,-0.87543166,0.52302504,0.20534687,0.2238803,-0.7850062,0.2634165,0.44362634,-0.04134518,-0.8588233,0.8744121,0.40528825,0.81954193,0.62687,0.31669846,0.109984435,0.6282643,-0.7978201,-0.98133385,-0.04543187,-0.5279579,0.5197492,0.6118544,-0.9004174,0.9741908,-0.55319685,-0.8512037,-0.53564274,-0.49909624,0.10531554,0.97718555,-0.9652549,0.974594,0.6073199,1.0,0.89888436,0.9648188,-0.01341462,-0.17878121,0.25252244,0.2797211,-0.35061774,-0.5580793,0.38258916,-0.66955495,0.94828296,-0.56254965,-0.9782702,-0.75330186,0.95980865,0.21729848,-0.81085306,0.3273738,-0.9937337,-0.5133805,0.2439225,0.82358557,-0.50313276,0.76833934,0.3373345,-0.9724428,-0.16531514,-0.9991958,0.5393595,0.68435574,-0.059396736,0.0356398,0.58517617,0.4212608,-0.33321944,0.17227167,-0.65737224,-0.6994643,0.8859005,0.92611575,0.9318465,-0.9841351,0.7227424,0.7611576,0.6481719,0.19705829,-0.13705578,0.054199662,-0.063906886,0.8271881,-0.44334188,0.15995501,0.64385223,-0.201883,0.2618601,-0.78090465,-0.41709137,-0.85604733,-0.9990489,0.9569532,0.7666618,-0.8141845,-0.5363235,0.5015668,0.9923201,0.19748695,-0.57960695,-0.8703323,-0.7057188,-0.84602046,0.25747275,-0.52074045,0.8218351,-0.10712714,0.688259,0.6337738,0.40621132,0.5690745,0.17753531,-0.97314423,-0.5684401,0.9941121,0.068005025,-0.30823034,0.9870692,-0.81144834,-0.96357816,0.98532975,0.79069763,0.80618656,0.99871373,0.98885167,-0.4261946,0.012956094,0.22533967,-0.58125776,-0.48535225,0.4511193,-0.1705345,0.18277209,-0.6388675,-0.15604107,-0.5589917,0.9450157,-0.8021504,-0.99713373,-0.5271812,0.4078711,-0.9561633,-0.6397433,0.36396956,0.94201833,0.9223808,-0.44542688,0.97635776
METAP2_K562,0.47242972,-0.90899915,-0.9987903,-0.37517276,0.9979497,-0.010515182,-0.9896219,-0.8907025,-0.1580678,0.33508036,0.23393235,-0.23735425,-0.90266305,-0.1784274,0.58208555,-0.45131275,-0.7289129,0.06287985,0.16371013,0.87839854,0.9205707,-0.09836921,0.200032,0.84508985,-0.8317518,0.81015056,-0.9996556,-0.9994554,0.6170872,0.99713,0.16688074,0.89368683,-0.9997835,0.85273445,0.98495114,0.99973065,0.99967325,0.44464177,0.802771,-0.8014429,-0.861758,-0.6348587,-0.85518724,0.12382647,-0.27764484,0.8800641,0.27752408,0.9484968,-0.28385937,-0.9798813,0.3757436,0.18508595,0.93414795,0.3637786,-0.70540863,0.8961846,0.9481004,0.3339265,-0.29018614,-0.9353136,-0.9014964,-0.14992376,0.8004996,-0.7013981,0.5840759,0.2808517,0.17939867,0.75358146,-0.6756335,-0.27123815,0.97823817,0.23370089,0.83350295,0.59317195,-0.57511836,0.8436125,-0.24426466,0.6283059,-0.9770807,0.65949124,0.7914763,0.40064684,-0.5475124,0.5733945,0.764892,0.9877624,0.22208245,0.7003062,0.534391,0.9056456,-0.98132837,-0.966374,0.39689562,-0.102434576,0.09284393,0.89657843,-0.6187485,0.77677476,-0.8622911,-0.53515804,-0.11145695,-0.8283384,0.5304155,0.7853116,-0.9821549,0.7779029,0.19779032,0.89888436,1.0,0.9824665,0.42608842,-0.5918302,-0.19699644,0.67213106,0.0952045,-0.86525005,0.7487516,-0.27638417,0.99148846,-0.8679434,-0.9702027,-0.9653152,0.98573613,-0.2323895,-0.47241506,0.7083109,-0.9422293,-0.085435465,-0.20569217,0.49177247,-0.8309425,0.97110593,0.7157263,-0.97627294,0.28355765,-0.9157312,0.85380757,0.9346592,0.38402152,0.4699436,0.8813334,0.7760729,0.113617666,-0.2767826,-0.26069945,-0.31558013,0.99958575,0.997772,0.9966192,-0.96236694,0.9524998,0.9683856,0.91630757,-0.25246137,-0.55724835,-0.3888227,0.37984544,0.9897741,-0.0057438733,0.57632506,0.9140266,0.24769418,0.6582778,-0.9756559,0.023334846,-0.54299045,-0.91713613,0.7330102,0.97047806,-0.47744408,-0.112258226,0.8299335,0.9461829,-0.25203824,-0.16392343,-0.5665368,-0.3239082,-0.9940936,0.65485096,-0.8421713,0.9883804,0.33936954,0.93655384,0.9086343,0.7655422,0.15121791,-0.2716415,-0.9756129,-0.87146825,0.94107217,0.49830008,-0.69391495,0.9575,-0.98548466,-0.983328,0.9604789,0.9790062,0.46541065,0.87551016,0.954111,0.013297241,0.4497953,0.6294702,-0.879044,-0.05316127,0.7965691,0.27847657,0.5950958,-0.23716432,0.29255554,-0.86580086,0.99275756,-0.45938987,-0.9294606,-0.10152525,-0.033451978,-0.98779595,-0.91183996,0.7352978,0.9938038,0.65985036,-0.008071498,0.782914
MTPAP_K562,0.6284679,-0.97076875,-0.97211045,-0.5414156,0.96851957,-0.19675976,-0.9454798,-0.9598381,-0.33939156,0.15354408,0.04856471,-0.414304,-0.8066024,0.008148536,0.4202807,-0.27702764,-0.84376997,-0.12429284,-0.023084182,0.77389246,0.83161116,0.08889057,0.013853659,0.9299474,-0.92066956,0.68665105,-0.9772355,-0.97577894,0.45955944,0.96553177,-0.01987009,0.961671,-0.9783745,0.7403976,0.9354587,0.9865289,0.986911,0.60384077,0.6775242,-0.6758869,-0.75206417,-0.76777554,-0.9368279,-0.06334893,-0.45188603,0.95316505,0.093542546,0.9909278,-0.4576527,-0.9254908,0.19637781,-0.0013772681,0.8512315,0.18373492,-0.5608921,0.963191,0.8721945,0.15233421,-0.46351507,-0.9848802,-0.8050015,-0.33162698,0.6747249,-0.8219883,0.7251676,0.45486268,0.35966775,0.8629252,-0.5263373,-0.087032676,0.99976957,0.04832681,0.7158783,0.7328691,-0.7175548,0.7287121,-0.059190456,0.47224605,-0.9202619,0.50777936,0.6636473,0.22280036,-0.6939244,0.7160867,0.6313844,0.94136524,0.39997193,0.55493915,0.3674358,0.8107097,-0.92826265,-0.99737114,0.21881078,-0.28609705,0.27684993,0.79828733,-0.7543641,0.8805706,-0.75275695,-0.6832697,-0.2947802,-0.70936626,0.36306417,0.88696694,-0.9999986,0.881419,0.3770783,0.9648188,0.9824665,1.0,0.24994946,-0.4311715,-0.010756567,0.5223006,-0.09205705,-0.75660974,0.61204195,-0.450715,0.99837756,-0.7601277,-0.99836487,-0.89971286,0.9998301,-0.046979815,-0.62845504,0.5642842,-0.98816,-0.26969492,-0.019633451,0.64548707,-0.71264625,0.90958554,0.5729716,-0.9995277,0.099799,-0.97458494,0.7417792,0.8519839,0.20514439,0.29713473,0.777789,0.64488906,-0.073606424,-0.09277411,-0.43612057,-0.48695904,0.9766936,0.9927161,0.9944627,-0.9961587,0.8790211,0.90489763,0.82557726,-0.06763493,-0.3926687,-0.21023647,0.20071979,0.9458256,-0.19207934,0.41385806,0.8223707,0.062721856,0.5063891,-0.9176618,-0.16346279,-0.6900299,-0.97536534,0.8469772,0.90849507,-0.63288987,-0.2955507,0.71137446,0.98993075,-0.067198664,-0.34496644,-0.7102362,-0.49461713,-0.95643014,0.50246626,-0.7268751,0.9427118,0.15804462,0.85478145,0.8148471,0.6321673,0.3328618,-0.087449804,-0.99943006,-0.76474875,0.9876267,0.32791975,-0.54750144,0.9944869,-0.9365549,-0.99998903,0.99553424,0.92383873,0.62226677,0.95024675,0.99321187,-0.17335868,0.27539402,0.4735656,-0.774748,-0.23840478,0.6698911,0.094529614,0.4348289,-0.41412595,0.10914386,-0.75732815,0.9977489,-0.6169369,-0.98194534,-0.28522095,0.15346912,-0.999515,-0.8193103,0.59604734,0.99710137,0.7883707,-0.19436304,0.8851762
NCBP2_HepG2,-0.5960609,-0.010244592,-0.4700576,0.67874223,0.4831167,0.90015113,-0.55166554,0.031738207,0.82595736,0.99515533,0.9792551,0.7776947,-0.7739422,-0.96619004,0.9836414,-0.999606,0.3087695,0.9296837,0.96223104,0.80664885,0.7455914,-0.9422078,0.97162867,-0.123581804,0.14783199,0.87553984,-0.44968292,-0.45571044,0.9748229,0.4933576,0.9631012,-0.025133152,-0.44482043,0.83589584,0.57603496,0.4049772,0.40282482,-0.62087446,0.8815017,-0.8825496,-0.8261478,0.4284766,0.10452842,0.95048004,0.75081164,-0.05460744,0.9873943,0.11755244,0.7465191,-0.59807354,0.9984898,0.96791375,0.7208978,0.9976995,-0.94180554,-0.019536369,0.6916373,0.9950342,0.74210835,-0.07843196,-0.7756512,0.8305757,0.88328934,0.3459721,-0.4854611,-0.7486015,-0.81356466,-0.27360424,-0.95484495,-0.98633856,0.22910775,0.9792068,0.8549961,-0.47559372,0.49504185,0.84522444,-0.98135585,0.97152567,-0.6089016,0.9610618,0.8901801,0.99960965,0.5237466,-0.49687034,0.90866995,0.5619738,-0.78746307,0.9441925,0.99236846,0.76950204,-0.59213895,-0.17913026,0.999487,0.8562765,-0.8612143,0.7826915,0.44706666,-0.23877431,-0.82555467,0.53620696,0.8515543,-0.85977346,0.9929366,-0.22547692,-0.24833795,-0.23703253,-0.8025329,-0.01341462,0.42608842,0.24994946,1.0,-0.981402,-0.9708915,0.95624256,0.9411378,-0.8222266,0.91870314,0.75167763,0.30467695,-0.8191426,-0.19419254,-0.6475107,0.26775447,-0.9789324,0.5960743,0.9404183,-0.09843303,0.86497074,-0.9729796,-0.57818913,-0.85738206,0.62967813,0.93677497,-0.22007567,0.9883697,-0.026689144,0.83476454,0.7199023,0.9989414,0.9987967,0.80298334,0.9012069,0.94723445,-0.9872718,0.7623167,0.7239863,0.45194957,0.3647821,0.35031968,-0.16420306,0.68136007,0.63829803,0.75273055,-0.98294705,-0.98863566,-0.9991673,0.9987233,0.55077827,0.90221924,0.98488975,0.756444,0.98202974,0.96150625,-0.6141186,0.91437787,0.52833456,-0.030198436,-0.3030533,0.6317089,0.591476,0.8511312,0.8583128,0.1103733,-0.9828665,0.82259816,0.5040958,0.71789527,-0.5217535,0.9627447,-0.8466528,0.55864954,0.99559295,0.7161671,0.764947,0.90824777,-0.8298459,-0.98640746,-0.21712121,-0.8150254,0.09501131,0.99668294,-0.94709134,0.14703943,-0.5734861,-0.25447673,0.15742826,0.6015449,-0.6024229,-0.064097226,0.13562566,0.91026735,0.99965227,0.97116977,-0.80584896,0.88075083,0.8863318,0.9875507,0.980615,0.77781767,0.9897549,-0.82160014,0.31431854,0.60782886,-0.062276017,0.85674834,-0.9184288,-0.2799812,-0.7599377,0.92644453,0.3228944,-0.3986205,0.90121293,-0.22923896
NCBP2_K562,0.4308402,0.20200785,0.6307498,-0.5251452,-0.6422069,-0.7997949,0.7015161,0.16071944,-0.7023798,-0.9577745,-0.922145,-0.6425546,0.8811107,0.89872646,-0.9999276,0.9864033,-0.12044334,-0.8416818,-0.8920763,-0.9051034,-0.8596503,0.8603712,-0.90815663,-0.069209024,0.044772033,-0.9520031,0.6127796,0.61810756,-0.99949735,-0.6511573,-0.89352447,-0.16723737,0.6084741,-0.9257165,-0.722238,-0.57296294,-0.5710331,0.45884478,-0.95574915,0.95640105,0.91894585,-0.24705829,0.088327855,-0.8731435,-0.61005276,-0.1380857,-0.9386466,-0.3059989,-0.6049095,0.7407981,-0.96937376,-0.90167534,-0.8405295,-0.96613085,0.98882,-0.17275394,-0.8174192,-0.95742184,-0.5996371,0.2683458,0.8823859,-0.708223,-0.95685995,-0.15942861,0.30860668,0.6074029,0.68681175,0.08387667,0.99412006,0.9363722,-0.41170487,-0.9220529,-0.93865395,0.29788473,-0.3190436,-0.93209267,0.9262092,-0.99894005,0.7498518,-0.996234,-0.96108496,-0.97565573,-0.35047695,0.3210383,-0.9719183,-0.7103061,0.6544985,-0.98986423,-0.99758303,-0.87778753,0.7358177,0.3646575,-0.9747505,-0.7411987,0.7476332,-0.88761526,-0.26704007,0.04792238,0.91853046,-0.36420044,-0.7350769,0.9418147,-0.9972457,0.03426311,0.42966968,0.04613098,0.6730801,-0.17878121,-0.5918302,-0.4311715,-0.981402,1.0,0.9068557,-0.9946222,-0.85874635,0.9161929,-0.977433,-0.61109203,-0.48184747,0.9140167,0.37889048,0.7817554,-0.44772938,0.9215302,-0.43085495,-0.9881999,0.28763402,-0.75255233,0.9105614,0.4108121,0.94023657,-0.76709574,-0.9865272,0.40324014,-0.940796,0.21808825,-0.9249362,-0.83975106,-0.9715327,-0.9896355,-0.90246016,-0.9676413,-0.86808544,0.9383802,-0.6238994,-0.5781022,-0.6147841,-0.53673416,-0.5236038,0.35050747,-0.8091959,-0.77419865,-0.86510664,0.92936605,0.9991072,0.97275275,-0.97045225,-0.70075786,-0.80265,-0.99981755,-0.8679312,-0.92753726,-0.9963726,0.7541978,-0.81965345,-0.3555245,0.2215131,0.114480734,-0.7687719,-0.42569092,-0.7345298,-0.9408517,-0.29911157,0.9292047,-0.6981445,-0.32893145,-0.570908,0.67581356,-0.9967489,0.9330595,-0.7074755,-0.9590745,-0.83682495,-0.87436306,-0.97168016,0.70729786,0.93651927,0.4004677,0.9110963,-0.28433976,-0.9937691,0.99109083,-0.33418214,0.7200803,0.4353884,-0.34407058,-0.7437057,0.43799764,-0.12866397,-0.32329357,-0.81386113,-0.98612255,-0.99887,0.9045276,-0.7734604,-0.9587368,-0.9389881,-0.9999918,-0.64270437,-0.94393945,0.91575176,-0.49070728,-0.44409204,0.25270906,-0.741812,0.8254096,0.4590605,0.87058014,-0.9814757,-0.4985704,0.21515383,-0.80125946,0.038123436
NIP7_HepG2,0.77103037,-0.22956088,0.24496636,-0.8348828,-0.25934082,-0.9782786,0.3358319,-0.2702135,-0.93694,-0.9897362,-0.9992846,-0.9056294,0.5997364,0.9998213,-0.91186243,0.96378624,-0.52759784,-0.99085116,-0.9994274,-0.64160484,-0.56427157,0.9950276,-0.99999523,0.3576683,-0.38041717,-0.7343311,0.22265679,0.22924206,-0.89303887,-0.27065596,-0.999531,0.26384577,0.21735339,-0.6800946,-0.36347792,-0.17418948,-0.17187214,0.79056364,-0.74274564,0.7442332,0.6671415,-0.632423,-0.3396935,-0.9972523,-0.8871634,0.29218036,-0.9965639,0.12372851,-0.8841569,0.38870338,-0.9825839,-0.9999264,-0.5339164,-0.9848953,0.83387434,0.25844184,-0.4985127,-0.9899104,-0.881052,-0.16263308,0.6018974,-0.9397889,-0.7452843,-0.5606298,0.6807323,0.8856173,0.9291577,0.49602035,0.8558883,0.997084,0.01071011,-0.9992936,-0.7058852,0.6724473,-0.68874323,-0.6926191,0.99882567,-0.8864955,0.40117905,-0.8668993,-0.7551409,-0.97720426,-0.71254194,0.69026834,-0.78221667,-0.34749553,0.912172,-0.8378121,-0.93394744,-0.59413505,0.38188872,-0.061729662,-0.97806454,-0.9550678,0.95787966,-0.6108291,-0.6483039,0.4644157,0.66635746,-0.7227743,-0.952339,0.7124297,-0.9356156,0.45226547,0.009092694,0.46282682,0.92207175,0.25252244,-0.19699644,-0.010756567,-0.9708915,0.9068557,1.0,-0.8583302,-0.9947059,0.6619675,-0.797363,-0.88776815,-0.0676762,0.6579124,-0.046420563,0.44613475,-0.0291862,0.9993434,-0.77104086,-0.83160263,-0.14278887,-0.95998913,0.9999606,0.7567838,0.7091487,-0.42527667,-0.8256911,-0.019978136,-0.99602354,-0.21352226,-0.67858434,-0.53270227,-0.98088175,-0.95797646,-0.6368554,-0.77116877,-0.9964379,0.9966275,-0.89514506,-0.86813635,-0.22513185,-0.13114858,-0.11578086,-0.076845616,-0.48621064,-0.43533814,-0.573137,0.99837995,0.92385054,0.9798554,-0.9817511,-0.33483025,-0.9792565,-0.9147404,-0.577765,-0.998648,-0.8677021,0.4072101,-0.9847341,-0.7163165,-0.21009097,0.52248794,-0.42764366,-0.7673893,-0.95209265,-0.7104245,0.13089593,0.99840474,-0.9348501,-0.6962831,-0.8637404,0.30223224,-0.8699516,0.69454855,-0.3437294,-0.9890749,-0.5281527,-0.5884073,-0.78158706,0.9393406,0.99705195,-0.023004875,0.6525174,0.14619063,-0.94817823,0.84264565,0.094157085,0.36057466,0.015434681,0.08368737,-0.392697,0.77606654,0.30125877,0.105628915,-0.98293704,-0.9642381,-0.88580155,0.64056706,-0.96854526,-0.7496221,-0.9964813,-0.9051382,-0.9057123,-0.99514246,0.6611429,-0.07778877,-0.78033096,-0.17859167,-0.9553383,0.9864455,0.041891243,0.58213013,-0.8093143,-0.08680543,0.6066847,-0.97878224,0.45570764
NIPBL_K562,-0.33505896,-0.302356,-0.7077265,0.4341819,0.7181426,0.7333237,-0.7715528,-0.26207802,0.62488145,0.9228454,0.87712055,0.55973977,-0.92535144,-0.84847707,0.9933036,-0.9640777,0.016979843,0.7812305,0.84047735,0.9442729,0.90793926,-0.802958,0.8599153,0.172158,-0.14799714,0.9785849,-0.6913306,-0.69619906,0.9974057,0.726259,0.84221494,0.26844916,-0.68739206,0.9599101,0.7899873,0.65476555,0.65298545,-0.36435398,0.98107773,-0.98150593,-0.9548501,0.14537051,-0.19101778,0.8179614,0.5247074,0.23992044,0.8978796,0.40295509,0.51918435,-0.8063851,0.938725,0.8520413,0.89211977,0.93420875,-0.998946,0.27383763,0.8726839,0.9223731,0.51352835,-0.36667374,-0.92637295,0.63129514,0.9818063,0.056326203,-0.20843259,-0.5218615,-0.6078403,0.019778946,-0.9999888,-0.89498276,0.50387543,0.8770062,0.9693231,-0.19741511,0.21917078,0.9645951,-0.8821814,0.99833524,-0.81434155,0.9998565,0.9845279,0.94769526,0.2515917,-0.22122467,0.9910634,0.7793881,-0.5726737,0.9992496,0.98502177,0.922682,-0.80199593,-0.45913455,0.94638175,0.66768783,-0.67483085,0.93054444,0.16579583,0.05578608,-0.9545371,0.26578537,0.6609051,-0.9715629,0.9842012,0.069430076,-0.52088106,0.05757658,-0.5928636,0.2797211,0.67213106,0.5223006,0.95624256,-0.9946222,-0.8583302,1.0,0.8010589,-0.9527701,0.9940552,0.525824,0.57000977,-0.9511171,-0.4727006,-0.84213585,0.5379304,-0.8763574,0.33507463,0.9987493,-0.38528007,0.6803012,-0.86285156,-0.31417623,-0.9704479,0.8294138,0.99816555,-0.49584767,0.9006292,-0.31799212,0.9593313,0.8914704,0.94177175,0.9694406,0.942222,0.9885712,0.8120035,-0.89753956,0.53960395,0.490484,0.693163,0.6212346,0.60902524,-0.44562176,0.86569536,0.8355889,0.9124035,-0.88613445,-0.9893587,-0.9435093,0.9402427,0.7708758,0.73655933,0.9924624,0.9147051,0.883842,0.99982786,-0.8181506,0.7559146,0.25680935,-0.32131866,-0.010976257,0.83087283,0.32968464,0.6602997,0.9708833,0.39633116,-0.88593173,0.6202384,0.22935607,0.48280552,-0.7485176,0.99973327,-0.965298,0.7768674,0.92459065,0.889026,0.91992044,0.9909282,-0.63027924,-0.8951695,-0.49321616,-0.94888735,0.38210538,0.9768812,-0.9995552,0.43000022,-0.78807396,-0.52628446,0.4394663,0.8089432,-0.34253567,0.23068093,0.41956264,0.74930423,0.96362484,0.99842054,-0.9438269,0.7036538,0.98302525,0.89831567,0.9950342,0.5599019,0.9046729,-0.9524356,0.5783113,0.3489073,-0.35155812,0.66836816,-0.762502,-0.54860365,-0.91685736,0.9960401,0.58566856,-0.11285261,0.734983,0.06557579
NKRF_HepG2,-0.8323875,0.32836384,-0.144038,0.88702625,0.1587212,0.9944016,-0.23725986,0.367723,0.9678943,0.9698111,0.9901081,0.9444135,-0.51433104,-0.9964708,0.8648513,-0.9312795,0.612101,0.9994743,0.99761343,0.55938554,0.47644454,-0.99999493,0.99438286,-0.4517395,0.4734394,0.6606891,-0.121295296,-0.12800245,0.84207,0.17029597,0.99738634,-0.36157012,-0.115896955,0.60115623,0.26581973,0.07207572,0.0697288,-0.8493081,0.67000645,-0.6716557,-0.5870584,0.70867735,0.4345471,0.9995854,0.929887,-0.3889119,0.9827764,-0.2250466,0.92748576,-0.2919638,0.95828676,0.9958796,0.44420007,0.9618878,-0.7727394,-0.35634515,0.40679044,0.97010887,0.9249963,0.2631666,-0.5166475,0.9699332,0.6728221,0.64275587,-0.75240535,-0.9286534,-0.9622283,-0.5826243,-0.79821235,-0.9839633,-0.11341001,0.99014145,0.62935865,-0.7449465,0.7596005,0.61482924,-0.988559,0.8342503,-0.30492488,0.8110844,0.6837758,0.9502142,0.7808709,-0.7609682,0.7140538,0.24929725,-0.9494558,0.77727246,0.8922746,0.5083308,-0.28489313,0.16396962,0.95148087,0.9804691,-0.9823189,0.5262314,0.72311336,-0.5529654,-0.5862067,0.78996545,0.9786441,-0.63654494,0.894385,-0.5415234,0.093713805,-0.5514703,-0.9569613,-0.35061774,0.0952045,-0.09205705,0.9411378,-0.85874635,-0.9947059,0.8010589,1.0,-0.581439,0.73112446,0.9303689,-0.035209216,-0.5770395,0.1488264,-0.35180396,-0.07368715,-0.99032944,0.83239675,0.77012867,0.24374256,0.9836842,-0.9937544,-0.81994957,-0.63294065,0.33001855,0.76334906,0.122614235,0.98159534,0.31278458,0.5995105,0.4429137,0.95569074,0.92342776,0.5542556,0.7016643,0.99982864,-0.98291874,0.93621504,0.9145441,0.12381546,0.028579235,0.01309651,0.17889729,0.39383826,0.3405198,0.4858928,-0.9872473,-0.8796268,-0.95414543,0.95701116,0.23622666,0.99489444,0.8683773,0.49083105,0.98801917,0.81202686,-0.31119767,0.9974083,0.78422964,0.3094481,-0.60734206,0.3324877,0.8292161,0.978478,0.63434184,-0.2320813,-0.98731685,0.966386,0.7663565,0.9109536,-0.2026756,0.81466997,-0.61693954,0.24540854,0.96869,0.43809578,0.5022021,0.71334636,-0.9696138,-0.98388857,0.1256185,-0.5711922,-0.24707526,0.9105068,-0.78285015,-0.1959648,-0.26281607,0.08739752,-0.18564658,0.29611057,-0.83676535,-0.39765227,-0.20725743,0.9966357,0.9318974,0.83342355,-0.5582643,0.9889889,0.6776385,0.9825927,0.8566602,0.9444778,0.9797576,-0.5805442,-0.0250744,0.8404641,0.27875674,0.9806485,-0.9980854,0.06100317,-0.49549255,0.74466944,-0.016028833,-0.6851632,0.99465686,-0.5447672
NOL12_HepG2,0.033095945,0.5775541,0.8888552,-0.14010152,-0.8955632,-0.49221474,0.92831105,0.54277766,-0.35826984,-0.7622862,-0.6898398,-0.28164324,0.99678016,0.64767987,-0.91130334,0.8378776,0.28747097,-0.5547554,-0.6362268,-0.9996395,-0.99233544,0.58402294,-0.66428584,-0.46318507,0.44135532,-0.9948796,0.8781086,0.88132274,-0.92843705,-0.9007225,-0.63870376,-0.5483156,0.8754943,-0.9997011,-0.9388772,-0.8533816,-0.85215276,0.06432876,-0.99354076,0.9932859,0.99997604,0.16196167,0.4800966,-0.604623,-0.24139768,-0.52341133,-0.72177494,-0.661869,-0.23510872,0.94790053,-0.78971636,-0.6528241,-0.987193,-0.78175086,0.96570545,-0.55298847,-0.97975576,-0.761493,-0.22868456,0.6318961,0.9969933,-0.3659526,-0.99310243,0.24954432,-0.0984341,0.2381552,0.33798227,-0.32247788,0.954199,0.7172354,-0.74239975,-0.68966746,-0.99818665,-0.10962473,0.0874892,-0.9991318,0.6975044,-0.93366784,0.95213914,-0.94748867,-0.9912442,-0.8060042,0.054214597,-0.08539164,-0.98476565,-0.93285364,0.29666424,-0.96381825,-0.8861336,-0.99619603,0.9455222,0.7072401,-0.8035763,-0.41007203,0.41884196,-0.9978007,0.14152424,-0.35637087,0.9999828,0.039537147,-0.40177867,0.9975849,-0.8839475,-0.36911052,0.75552046,-0.35804585,0.32029822,-0.5580793,-0.86525005,-0.75660974,-0.8222266,0.9161929,0.6619675,-0.9527701,-0.581439,1.0,-0.98017126,-0.24267046,-0.79261357,0.99998546,0.71799576,0.9661327,-0.7685336,0.68869025,-0.03311266,-0.96676266,0.6473304,-0.42558444,0.66859555,0.0110228965,0.99789804,-0.9598938,-0.96940887,0.73615825,-0.7261115,0.590902,-0.9997493,-0.98696303,-0.79517454,-0.84915024,-0.9994546,-0.98766416,-0.5964018,0.7212406,-0.2584339,-0.20266595,-0.87932074,-0.82987463,-0.8211349,0.696447,-0.9768284,-0.9629591,-0.99360967,0.7035428,0.8984452,0.79832023,-0.79242635,-0.9279151,-0.49636236,-0.9083711,-0.9942325,-0.7000353,-0.9469716,0.95413387,-0.5213945,0.048827134,0.59373075,-0.29321635,-0.9606242,-0.027400391,-0.40104014,-0.997779,-0.65643483,0.703232,-0.35272416,0.077072896,-0.19405064,0.91454816,-0.945502,0.99901664,-0.9314003,-0.7652271,-0.98608506,-0.99555206,-0.98494077,0.36473402,0.7175272,0.7341055,0.9999214,-0.6447064,-0.86581886,0.96140367,-0.6838737,0.93780047,0.75966054,-0.6915049,-0.9492737,0.041037314,-0.5152876,-0.6754164,-0.51280165,-0.8369485,-0.9342031,0.99960226,-0.4546338,-0.99231565,-0.7224609,-0.91781145,-0.28183082,-0.73254,0.9999994,-0.798755,-0.047820907,0.6192608,-0.41090557,0.53000444,0.77660507,0.9947928,-0.9759971,-0.8041657,-0.19422974,-0.49434054,-0.36551738
NOLC1_HepG2,-0.23048325,-0.40433973,-0.78043944,0.3335215,0.7896406,0.6549408,-0.83623,-0.3655918,0.5361641,0.87542295,0.8196158,0.46618915,-0.96112686,-0.7858118,0.97481966,-0.9294265,-0.0919828,0.7086205,0.7764861,0.9744978,0.9481724,-0.73328996,0.79922837,0.27838624,-0.2547955,0.9951791,-0.7658887,-0.7702176,0.98363876,0.7967861,0.7785079,0.37173408,-0.76238173,0.9847228,0.8520462,0.73316604,0.731564,-0.26079488,0.9963256,-0.9965136,-0.9815198,0.03678572,-0.29675457,0.7504647,0.4289029,0.34419143,0.8446097,0.50020623,0.42304477,-0.86598027,0.8956181,0.78998166,0.9360069,0.8898156,-0.998005,0.37692526,0.9206591,0.87483054,0.41705102,-0.46578777,-0.9618698,0.5431033,0.99664384,-0.05271296,-0.10070751,-0.42588356,-0.51777184,0.12851734,-0.9945602,-0.84109205,0.5949256,0.81947935,0.99032164,-0.08950683,0.111637756,0.98757553,-0.8256657,0.9861206,-0.8726912,0.9920681,0.9977534,0.90731037,0.14472109,-0.11372991,0.99969506,0.84297097,-0.48001352,0.99752647,0.9603923,0.95917577,-0.8622638,-0.5531281,0.90558285,0.58266586,-0.5904708,0.9648811,0.057439655,0.16416217,-0.981318,0.1592441,0.57526714,-0.99156725,0.9590731,0.17763187,-0.6107253,0.16593085,-0.50166005,0.38258916,0.7487516,0.61204195,0.91870314,-0.977433,-0.797363,0.9940552,0.73112446,-0.98017126,1.0,0.43008783,0.6560788,-0.97908753,-0.5658356,-0.8958432,0.6265149,-0.8187057,0.2304994,0.9982556,-0.4834615,0.59645724,-0.8026893,-0.2089444,-0.990952,0.88530564,0.99882346,-0.58744997,0.8479584,-0.41932744,0.98436236,0.93550074,0.8995628,0.936967,0.97309333,0.99910814,0.7436299,-0.84419626,0.44473028,0.39268717,0.767519,0.7028604,0.6917608,-0.5404418,0.9150498,0.8904337,0.951542,-0.8304098,-0.9676359,-0.90182436,0.8975799,0.83564633,0.658539,0.9732195,0.95326704,0.82765657,0.991864,-0.8758916,0.6801422,0.1500568,-0.422512,0.09795972,0.8865195,0.22493477,0.5746073,0.9911935,0.49393597,-0.8301661,0.5311465,0.122017816,0.38458863,-0.8162659,0.9912754,-0.9879929,0.8408051,0.8776161,0.93359107,0.957143,0.9996696,-0.5420036,-0.8413185,-0.58499706,-0.9776097,0.48044926,0.94779766,-0.9968602,0.52574146,-0.8504117,-0.6157352,0.5346537,0.8681417,-0.23820877,0.3352503,0.5158992,0.67274845,0.9287979,0.9863682,-0.97419345,0.6221088,0.9971571,0.8451401,0.97828203,0.4663622,0.8529015,-0.9799528,0.6636972,0.24479808,-0.4513953,0.5834086,-0.6875271,-0.6363726,-0.95487225,0.9997986,0.6704374,-0.004000101,0.65678567,0.17382877
NOLC1_K562,-0.97760874,0.65179545,0.22879322,0.99453926,-0.21430801,0.9639004,0.13541709,0.6830554,0.99265265,0.81287783,0.86972576,0.9991845,-0.16410317,-0.89631087,0.6205748,-0.73287004,0.8593992,0.94176644,0.9028344,0.21653682,0.120930985,-0.92919856,0.88633823,-0.74736863,0.7634061,0.33947414,0.25106847,0.2445194,0.5856899,-0.20283143,0.90144736,-0.6782144,0.25632727,0.2663157,-0.10612426,-0.29861426,-0.3008589,-0.9837101,0.35118732,-0.3532687,-0.24938178,0.9179971,0.7344894,0.9194272,0.99999917,-0.6995938,0.8465928,-0.5665965,0.99996966,0.07901674,0.7867757,0.8932878,0.08480063,0.7946589,-0.48622736,-0.67408997,0.043545496,0.8135903,0.99989647,0.5985434,-0.16676918,0.9916216,0.3547422,0.8788607,-0.94151044,-0.99998915,-0.99503857,-0.84002674,-0.52178586,-0.85005367,-0.46977258,0.86984324,0.300626,-0.9376593,0.94515777,0.28287557,-0.86442477,0.5740087,0.065472186,0.54015815,0.36864057,0.76981044,0.95552576,-0.94584334,0.40766287,-0.12311097,-0.9984279,0.4924829,0.6646159,0.15721188,0.08637591,0.5142149,0.77241486,0.9843032,-0.98255676,0.17783311,0.92600065,-0.81993514,-0.24836324,0.9597558,0.98586416,-0.30946603,0.66811746,-0.81203276,0.4521998,-0.81890714,-0.9967272,-0.66955495,-0.27638417,-0.450715,0.75167763,-0.61109203,-0.88776815,0.525824,0.9303689,-0.24267046,0.43008783,1.0,-0.39915502,-0.23743102,0.5010053,0.015880406,-0.4341843,-0.8705077,0.9776122,0.48263785,0.58233786,0.9811464,-0.8836467,-0.97272474,-0.30502725,-0.039045464,0.4733616,0.4779349,0.8432304,0.6392341,0.26433155,0.08337044,0.78122073,0.718428,0.21050338,0.39158365,0.9234219,-0.8470034,0.99986744,0.999158,-0.24860965,-0.3398858,-0.35440877,0.5271508,0.029420735,-0.027905341,0.13162272,-0.86013967,-0.64398706,-0.7779605,0.78403354,-0.13647065,0.96261895,0.6261005,0.13723034,0.8626406,0.5415149,0.05889149,0.9543362,0.9571028,0.6365304,-0.8563137,-0.03643045,0.97639376,0.9859989,0.30675155,-0.5725359,-0.86036265,0.99335307,0.9485197,0.99875885,0.17045279,0.54532874,-0.2854436,-0.12709285,0.8102158,0.078021266,0.15019427,0.40674034,-0.9917899,-0.8498331,0.48059216,-0.23048766,-0.58512914,0.69550997,-0.50022167,-0.54183584,0.10922059,0.44653383,-0.53297144,-0.07469098,-0.97925013,-0.70635486,-0.55148995,0.95728713,0.73402554,0.57278174,-0.21521667,0.9743812,0.36083964,0.8460647,0.60787517,0.99917656,0.8381423,-0.24160366,-0.38983795,0.9806036,0.611439,0.9841414,-0.95126367,0.42269745,-0.14253595,0.44811952,-0.3814904,-0.9045002,0.96324676,-0.81428134
NONO_K562,0.5831581,-0.95552707,-0.98388714,-0.49266416,0.98112285,-0.14061324,-0.9624902,-0.94230604,-0.28528035,0.20956014,0.10535899,-0.36180818,-0.83895093,-0.048803173,0.4712662,-0.33129,-0.8118409,-0.06759247,0.03387847,0.8086982,0.86188424,0.032031376,0.07076598,0.9075021,-0.89694965,0.7269319,-0.9877303,-0.9866521,0.5093852,0.978786,0.037091285,0.9444974,-0.9885648,0.7774698,0.95406574,0.994243,0.99449235,0.55747366,0.71830463,-0.7167557,-0.78837276,-0.73004717,-0.91539073,-0.0064202542,-0.40035766,0.934397,0.15008137,0.9816676,-0.4062826,-0.9455565,0.25189087,0.05556529,0.8797322,0.23940773,-0.60712236,0.94632167,0.89863235,0.20836277,-0.41230872,-0.9734181,-0.83747673,-0.2773709,0.7156561,-0.78822696,0.6847835,0.40341577,0.30595425,0.83275145,-0.5738983,-0.14361568,0.9969253,0.10512225,0.754474,0.69293964,-0.67673165,0.76652366,-0.11593485,0.5216709,-0.94104975,0.55600893,0.70516455,0.27794802,-0.65179884,0.6751799,0.6745155,0.95904905,0.34713572,0.60140693,0.41979703,0.84273,-0.94793415,-0.991627,0.27401635,-0.2310726,0.22168608,0.83128595,-0.7157614,0.85215706,-0.7890194,-0.6405853,-0.23989183,-0.7483492,0.41553003,0.859231,-0.9982815,0.8530941,0.32372952,0.94828296,0.99148846,0.99837756,0.30467695,-0.48184747,-0.0676762,0.57000977,-0.035209216,-0.79261357,0.6560788,-0.39915502,1.0,-0.79589295,-0.9934903,-0.9231067,0.9992575,-0.103781104,-0.58314466,0.61037755,-0.9778206,-0.214427,-0.07653088,0.6009504,-0.751435,0.9317695,0.61870885,-0.9961562,0.1562932,-0.96024805,0.7787624,0.8804137,0.26054093,0.35102123,0.8123155,0.6873609,-0.016701084,-0.1493184,-0.38417313,-0.4364357,0.98733056,0.9979655,0.9988331,-0.98955655,0.90474313,0.927665,0.8563686,-0.12433519,-0.44439855,-0.26556316,0.25617573,0.96277815,-0.1358876,0.4650218,0.8534328,0.11944824,0.5546675,-0.93879896,-0.107023075,-0.64769816,-0.9612221,0.8153319,0.93081623,-0.5877775,-0.24067454,0.7502387,0.98026466,-0.123901315,-0.2909618,-0.6689999,-0.444327,-0.9715027,0.5508814,-0.76480085,0.960178,0.21401285,0.88294595,0.84653205,0.6752608,0.2786284,-0.14403015,-0.99588645,-0.8001964,0.97709477,0.3811795,-0.59426105,0.98690265,-0.95499426,-0.998633,0.9885438,0.9441356,0.576684,0.9309683,0.98497725,-0.11699919,0.32968578,0.52294797,-0.8094928,-0.18271944,0.71108013,0.15106165,0.48539895,-0.3616259,0.16556688,-0.7932836,0.9999486,-0.5711233,-0.96958107,-0.23018314,0.096954405,-0.9996666,-0.8506279,0.6408005,0.99981594,0.75206196,-0.13819331,0.85724825
NPM1_K562,0.027701182,0.5819516,0.8913153,-0.1347556,-0.8979516,-0.4875091,0.9303043,0.547303,-0.35322544,-0.7587817,-0.6859222,-0.27646002,0.9971984,0.6435579,-0.9090678,0.83491904,0.29263607,-0.5502565,-0.6320537,-0.99976987,-0.99298793,0.57963324,-0.6602417,-0.46796203,0.44619215,-0.9943196,0.88067824,0.88386035,-0.9264184,-0.90305394,-0.63454163,-0.55282104,0.8780897,-0.9995546,-0.9407216,-0.85618275,-0.8549647,0.058941524,-0.9929138,0.99264705,0.99992406,0.16728541,0.48482406,-0.60031533,-0.2361562,-0.5280029,-0.7180287,-0.6659053,-0.22985947,0.94960606,-0.7863937,-0.6487262,-0.9880397,-0.77837384,0.9642901,-0.55747724,-0.980822,-0.7579837,-0.22342667,0.63606995,0.997397,-0.3609244,-0.9924551,0.25476733,-0.10380369,0.23290944,0.33289737,-0.32758233,0.95257044,0.7134639,-0.746005,-0.68574905,-0.9978472,-0.11498796,0.0928647,-0.99889237,0.6936266,-0.9317212,0.95377505,-0.9457488,-0.9905171,-0.80279773,0.05960323,-0.09076815,-0.98381275,-0.9347845,0.2915054,-0.96236545,-0.8836194,-0.9966519,0.94726557,0.7110454,-0.800352,-0.40514314,0.4139346,-0.998144,0.14686544,-0.3614086,0.9999365,0.04492959,-0.39683032,0.9971954,-0.8814108,-0.37412128,0.75904554,-0.36308017,0.31518042,-0.56254965,-0.8679434,-0.7601277,-0.8191426,0.9140167,0.6579124,-0.9511171,-0.5770395,0.99998546,-0.97908753,-0.23743102,-0.79589295,1.0,0.72174215,0.96751136,-0.7719756,0.684767,-0.02771766,-0.96536857,0.6514351,-0.42069426,0.6645722,0.005625707,0.9975337,-0.96139306,-0.96807,0.7398005,-0.72238976,0.5952478,-0.9996139,-0.98781735,-0.7918901,-0.84628737,-0.9996183,-0.9868046,-0.59206074,0.71749145,-0.25321624,-0.19737743,-0.8818783,-0.83287406,-0.82420343,0.70031005,-0.9779693,-0.9644005,-0.9942044,0.6996967,0.8960621,0.7950583,-0.7891226,-0.9299137,-0.4916696,-0.90610087,-0.9947968,-0.6961708,-0.94522357,0.95573574,-0.5167812,0.054217104,0.59806514,-0.29837212,-0.96210986,-0.022004658,-0.39608997,-0.99740493,-0.6604969,0.6993846,-0.34766865,0.08245331,-0.18875329,0.91671795,-0.9437308,0.9987628,-0.9333514,-0.7617413,-0.9869679,-0.99604607,-0.98399323,0.35970291,0.7137575,0.73776,0.9999745,-0.64882296,-0.8631055,0.95990473,-0.68780166,0.9396606,0.76315963,-0.69539374,-0.9509571,0.035643667,-0.5199057,-0.6793869,-0.5081605,-0.8339824,-0.93226403,0.99973994,-0.44981983,-0.99163336,-0.7187185,-0.9156552,-0.276648,-0.728855,0.99999076,-0.80199075,-0.04242903,0.6234895,-0.4059788,0.5254198,0.779994,0.9953284,-0.9748074,-0.8073621,-0.19952147,-0.48964137,-0.37053618
NSUN2_K562,-0.6719035,0.9829014,0.95711505,0.58858997,-0.95270604,0.25248322,0.92531705,0.9743059,0.39260638,-0.09680838,0.008609979,0.46565247,0.7714949,-0.06529592,-0.36772445,0.22164929,0.87306976,0.18080896,0.0801937,-0.736425,-0.7985056,-0.14568178,0.043326236,-0.94944507,0.94147724,-0.64397186,0.9635101,0.9616787,-0.4080393,-0.94907445,0.07698881,-0.9757729,0.9649511,-0.70076394,-0.9137258,-0.9755647,-0.9760789,-0.64841795,-0.63437337,0.6326525,0.7131591,0.8031454,0.955291,0.12029314,0.5021404,-0.9688954,-0.036477502,-0.9969899,0.5077293,0.902326,-0.14000727,0.058537453,-0.8198412,-0.12724504,0.51265055,-0.9769824,-0.84280676,-0.09558966,0.51340824,0.99317247,0.7697723,0.38501257,-0.63143176,0.85319865,-0.76334256,-0.50502574,-0.41241696,-0.89040023,0.47687256,0.029944548,-0.9993619,0.008847912,-0.6747953,-0.7705625,0.7561954,-0.6883744,0.002031162,-0.421087,0.89638925,-0.4577042,-0.619802,-0.16671029,0.73394966,-0.75481594,-0.58602417,-0.92054,-0.45170894,-0.5064788,-0.31367096,-0.77591825,0.90548456,0.99988246,-0.16267559,0.34040254,-0.3313254,-0.7625539,0.79065543,-0.90622103,0.713896,0.72389066,0.34892082,0.6679158,-0.3092088,-0.91191626,0.9984586,-0.9069777,-0.42940456,-0.9782702,-0.9702027,-0.99836487,-0.19419254,0.37889048,-0.046420563,-0.4727006,0.1488264,0.71799576,-0.5658356,0.5010053,-0.9934903,0.72174215,1.0,0.8732912,-0.9971416,-0.010196497,0.6718911,-0.5161692,0.99531454,0.32429847,-0.037550367,-0.6880908,0.67138,-0.88434625,-0.5251856,0.99965,-0.042758703,0.9857968,-0.70223045,-0.8206622,-0.14886221,-0.24206795,-0.7405891,-0.6001466,0.13049363,0.03570657,0.48684743,0.5360899,-0.96282727,-0.9842061,-0.98682946,0.9995354,-0.8503296,-0.879088,-0.791971,0.010492621,0.33945534,0.15400766,-0.14439231,-0.92571974,0.24786349,-0.36114395,-0.7885033,-0.0055691153,-0.45626956,0.8934471,0.21958925,0.7302749,0.98638034,-0.8759816,-0.8831216,0.6761128,0.34967646,-0.6700366,-0.99640363,0.010055385,0.3980561,0.7493152,0.5434889,0.93817693,-0.45222205,0.6864291,-0.92210037,-0.101341896,-0.82371706,-0.780379,-0.5868422,-0.3862205,0.030363195,0.9997255,0.72666687,-0.9949762,-0.27338114,0.4987721,-0.99885494,0.91498697,0.9980865,-0.9993026,-0.9004473,-0.66599655,-0.96649903,-0.99823695,0.22937231,-0.21999148,-0.4224448,0.73733896,0.29352936,-0.6263549,-0.037468407,-0.3826423,0.46547934,-0.052144278,0.7187608,-0.9922841,0.6609159,0.9911529,0.33954278,-0.20970371,0.99610054,0.7851965,-0.549174,-0.99112177,-0.82224816,0.25011775,-0.91032404
PABPC4_K562,-0.22592938,0.76865005,0.97698563,0.120143846,-0.98004633,-0.2509224,0.9928142,0.7411218,-0.10521973,-0.56945175,-0.47966152,-0.024504581,0.9837128,0.42913634,-0.77419335,0.6686444,0.52488863,-0.3212695,-0.4155968,-0.97271264,-0.9906153,0.35477832,-0.44890448,-0.67619455,0.65796053,-0.93510574,0.9718343,0.97340524,-0.80113196,-0.98231125,-0.41851872,-0.74554175,0.97053874,-0.95953506,-0.9959128,-0.9589957,-0.95832616,-0.19536123,-0.9306102,0.9297937,0.9643228,0.41111553,0.69019866,-0.37860972,0.017192481,-0.72556067,-0.5187296,-0.8328894,0.023666091,0.9980024,-0.6046667,-0.4352427,-0.9949256,-0.59436023,0.86600053,-0.7492611,-0.9982339,-0.56844515,0.030268349,0.81049454,0.98322326,-0.11341291,-0.9292128,0.49097484,-0.351893,-0.020531565,0.08367526,-0.55581677,0.84468263,0.51313,-0.89013636,-0.4794523,-0.9488477,-0.36240238,0.34158272,-0.9545435,0.48897097,-0.80963045,0.99876827,-0.8328794,-0.9236007,-0.62596714,0.31004456,-0.33960292,-0.90654355,-0.9942228,0.040187933,-0.8623914,-0.7365365,-0.98494375,0.99750865,0.8657193,-0.62277174,-0.16083224,0.17033602,-0.9811125,0.39217973,-0.5854052,0.96460074,0.29604194,-0.15186967,0.94587606,-0.7333519,-0.5964337,0.8989854,-0.5868582,0.06499945,-0.75330186,-0.9653152,-0.89971286,-0.6475107,0.7817554,0.44613475,-0.84213585,-0.35180396,0.9661327,-0.8958432,0.015880406,-0.9231067,0.96751136,0.8732912,1.0,-0.90760547,0.47826856,0.22591332,-0.868045,0.8220922,-0.17766075,0.4540626,-0.24738055,0.9473795,-0.9997315,-0.8732399,0.8858743,-0.5240936,0.7790666,-0.9601126,-0.99506897,-0.6117699,-0.68410474,-0.974127,-0.9138079,-0.36907327,0.51806974,-0.0004019618,0.056888856,-0.9724297,-0.94574565,-0.9406008,0.8580359,-0.99897385,-0.99992764,-0.9890846,0.49633467,0.75471306,0.6158795,-0.6081894,-0.9926864,-0.25553858,-0.76970136,-0.98823494,-0.49205452,-0.8319857,0.99907374,-0.28354147,0.30491152,0.781263,-0.52998954,-0.9997887,0.23147629,-0.15107264,-0.9467982,-0.8288684,0.49595502,-0.099318035,0.3317411,0.065661855,0.9879484,-0.8294565,0.95374167,-0.99378407,-0.57319117,-0.99558693,-0.9861467,-0.90696937,0.112111956,0.51348966,0.8844657,0.9692923,-0.82013,-0.7073807,0.85784435,-0.84898305,0.9956266,0.90174514,-0.85449046,-0.9982671,-0.21818095,-0.71898586,-0.84283435,-0.2739,-0.66737956,-0.8105085,0.97302544,-0.20940094,-0.92678,-0.5195773,-0.78427917,-0.024700025,-0.53207266,0.9664159,-0.9269582,0.21154901,0.8009018,-0.16173437,0.29323334,0.91286933,0.98740125,-0.8867445,-0.9303145,-0.4407833,-0.25328726,-0.59332854
PABPN1_HepG2,0.6140237,-0.96617967,-0.9762682,-0.52582633,0.9729436,-0.17865413,-0.9513223,-0.9545037,-0.32199544,0.17173195,0.066967234,-0.39745745,-0.8173607,-0.010284763,0.43693486,-0.29469168,-0.8337338,-0.10598213,-0.0046526464,0.78543466,0.8417066,0.07051591,0.032282062,0.9230119,-0.91331816,0.6999346,-0.98098004,-0.9796455,0.47585216,0.97016543,-0.0014378264,0.9564533,-0.98202085,0.7526615,0.9418145,0.9893766,0.9897159,0.5890455,0.69096625,-0.689357,-0.76408505,-0.75583506,-0.9302212,-0.04494266,-0.43536606,0.94742817,0.11187836,0.9882822,-0.441186,-0.9323153,0.21441807,0.017055476,0.86076015,0.20182244,-0.5760569,0.95807236,0.8810628,0.17052573,-0.44710347,-0.98151964,-0.81580025,-0.3141812,0.6882147,-0.81135124,0.7123523,0.4383701,0.3424076,0.85346407,-0.5419206,-0.105380476,0.9992041,0.06672959,0.7286267,0.72020364,-0.7045946,0.74121124,-0.0775806,0.48841345,-0.9273183,0.52357244,0.6773229,0.24073172,-0.68053424,0.7030989,0.645571,0.9474243,0.3830101,0.5701787,0.38451654,0.8213633,-0.9349604,-0.99586606,0.23675947,-0.2683864,0.2590908,0.80925316,-0.74213576,0.8716855,-0.7647632,-0.6696948,-0.27711663,-0.72223777,0.38017726,0.8783035,-0.99979806,0.87256294,0.35994235,0.95980865,0.98573613,0.9998301,0.26775447,-0.44772938,-0.0291862,0.5379304,-0.07368715,-0.7685336,0.6265149,-0.4341843,0.9992575,-0.7719756,-0.9971416,-0.90760547,1.0,-0.06538401,-0.6140106,0.5794059,-0.9851641,-0.25189957,-0.03805909,0.6312992,-0.725456,0.91709006,0.5879811,-0.9987914,0.11812255,-0.9702901,0.75401485,0.86148983,0.22315003,0.31468427,0.7892422,0.658867,-0.055211395,-0.11111138,-0.41945925,-0.47077686,0.980484,0.99476814,0.99623084,-0.9943754,0.8876601,0.9125893,0.83583826,-0.08601376,-0.40955403,-0.22822133,0.21874309,0.9516495,-0.17395741,0.43056765,0.83271825,0.08110743,0.5221975,-0.9248303,-0.14525041,-0.6765716,-0.97113353,0.837034,0.9160436,-0.6185111,-0.2778914,0.72420824,0.9871534,-0.085578114,-0.3276068,-0.69713974,-0.47851315,-0.96164924,0.5183176,-0.7394105,0.94870085,0.17621864,0.86420244,0.82539356,0.646342,0.31542385,-0.10579686,-0.99863803,-0.77649546,0.98456824,0.34527734,-0.56283283,0.99238515,-0.9428568,-0.9999054,0.99362504,0.93073744,0.607732,0.9443436,0.9908991,-0.15517579,0.29306698,0.48971975,-0.78627074,-0.22046323,0.68346274,0.11286354,0.45135376,-0.39727792,0.12744772,-0.7692366,0.99881554,-0.6023255,-0.97829175,-0.26750562,0.13522887,-0.9999192,-0.8297394,0.61074644,0.9983344,0.77689713,-0.17624901,0.87644994
PCBP1_HepG2,0.74745136,-0.19414513,0.279934,-0.8143913,-0.2941633,-0.97012544,0.3697397,-0.23515153,-0.92366207,-0.9942642,-0.99999875,-0.8896697,0.62833565,0.99847984,-0.926137,0.9728157,-0.4964722,-0.98531073,-0.9975452,-0.6689751,-0.59381413,0.9907656,-0.9994508,0.32359788,-0.3466589,-0.7584432,0.25783366,0.26435882,-0.9087563,-0.30535832,-0.9977651,0.22872399,0.2525769,-0.70621085,-0.3969935,-0.2097536,-0.20745254,0.76785654,-0.76651824,0.7679447,0.69369406,-0.60394144,-0.30539232,-0.99391335,-0.86986125,0.25733718,-0.9989106,0.087693274,-0.8666489,0.42183137,-0.9886714,-0.9988302,-0.5642017,-0.9905223,0.8533255,0.22327065,-0.5295946,-0.9943944,-0.8633349,-0.12677602,0.6304366,-0.9267891,-0.7689528,-0.53025866,0.6537439,0.86820894,0.9151531,0.4642337,0.8740643,0.99919426,-0.02552725,-0.9999991,-0.731086,0.64518833,-0.66202253,-0.71829885,0.99992526,-0.9026795,0.4341047,-0.8843913,-0.7783977,-0.9842548,-0.6866523,0.663599,-0.80427605,-0.3812418,0.8967248,-0.85704327,-0.94628406,-0.62288904,0.41512448,-0.02552582,-0.9849696,-0.94370186,0.9468458,-0.63911533,-0.62029153,0.43202272,0.6929362,-0.69725996,-0.94066125,0.7373878,-0.94779205,0.41965345,0.045317393,0.43040475,0.9074437,0.21729848,-0.2323895,-0.046979815,-0.9789324,0.9215302,0.9993434,-0.8763574,-0.99032944,0.68869025,-0.8187057,-0.8705077,-0.103781104,0.684767,-0.010196497,0.47826856,-0.06538401,1.0,-0.7474625,-0.851179,-0.1068342,-0.9492123,0.9996257,0.732603,0.7342291,-0.45779005,-0.84558845,0.016260395,-0.9985975,-0.17798547,-0.70475245,-0.5630161,-0.98728865,-0.96774065,-0.66437185,-0.79372907,-0.9927282,0.9989463,-0.8784057,-0.84958327,-0.26028627,-0.16698192,-0.15169357,-0.040669654,-0.5175528,-0.46767116,-0.6024516,0.99978596,0.93711203,0.98644793,-0.98799676,-0.36875144,-0.97127193,-0.9287792,-0.6069586,-0.9998757,-0.885143,0.44003525,-0.97778076,-0.69056416,-0.17452948,0.4912514,-0.46011505,-0.7436539,-0.9403873,-0.7354574,0.09488931,0.99979496,-0.9213721,-0.6698195,-0.84491444,0.336572,-0.8872479,0.72015965,-0.37752843,-0.9937666,-0.55857265,-0.6173172,-0.80367553,0.92629665,0.9991774,0.01323281,0.6795447,0.1102515,-0.9590681,0.86160237,0.05802382,0.39413297,0.051652636,0.04752712,-0.42576104,0.75270694,0.26651183,0.06952985,-0.97562695,-0.97320795,-0.9020341,0.6679694,-0.95889336,-0.7731109,-0.9988638,-0.9199469,-0.88975906,-0.99805593,0.6878923,-0.11386031,-0.75716,-0.14282426,-0.94400394,0.9798524,0.07806411,0.61120814,-0.83006495,-0.12284408,0.57748365,-0.97071546,0.4231569
PCBP1_K562,-1.0,0.79678065,0.42850474,0.99423325,-0.4150361,0.8862951,0.34086195,0.8214431,0.94496936,0.67212653,0.74640745,0.968319,0.047133155,-0.7829412,0.44168538,-0.5733033,0.9477452,0.84992665,0.792146,0.006266509,-0.09064688,-0.8306304,0.76906496,-0.8704383,0.882226,0.13395472,0.4491226,0.44307265,0.40202916,-0.40433145,0.79017985,-0.8176569,0.45397368,0.057537664,-0.31297487,-0.4927434,-0.4947893,-0.9995116,0.14631256,-0.14851221,-0.040032167,0.98089296,0.86083746,0.8160956,0.97788745,-0.8342813,0.71564806,-0.7272924,0.9792211,0.28700432,0.6392853,0.7787107,-0.12675467,0.64913464,-0.29147485,-0.81442124,-0.16764455,0.6730325,0.9805391,0.7537046,0.044432506,0.9422408,0.15007006,0.95956933,-0.9913385,-0.9785805,-0.9518279,-0.93537986,-0.33060458,-0.7201984,-0.64500695,0.7465659,0.09321425,-0.989798,0.9927222,0.07472192,-0.7392838,0.38886002,0.27396968,0.35098785,0.16479185,0.6182741,0.99618655,-0.99297357,0.20639963,-0.3291689,-0.9642815,0.29832873,0.4925179,-0.054105952,0.29407048,0.6831672,0.6214839,0.9251316,-0.9214301,-0.033208802,0.9847057,-0.9220319,-0.03898114,0.997361,0.9285385,-0.10245243,0.49659964,-0.9166537,0.6297484,-0.92133623,-0.9574032,-0.81085306,-0.47241506,-0.62845504,0.5960743,-0.43085495,-0.77104086,0.33507463,0.83239675,-0.03311266,0.2304994,0.9776122,-0.58314466,-0.02771766,0.6718911,0.22591332,-0.6140106,-0.7474625,1.0,0.28754723,0.7403566,0.9185146,-0.76535743,-0.9997559,-0.09781145,-0.24842559,0.27741644,0.6520623,0.71124345,0.7867346,0.055483043,-0.12817825,0.63237846,0.5559792,9.0674555e-05,0.18920541,0.8219943,-0.7161868,0.9740566,0.9854218,-0.44685245,-0.5301646,-0.5432312,0.69415355,-0.18156159,-0.23761341,-0.079908125,-0.7335594,-0.46859485,-0.6283375,0.6358724,-0.3418615,0.8840752,0.44801423,-0.07426599,0.7368966,0.3524978,0.2676226,0.87011254,0.9966427,0.7845626,-0.9458127,-0.24588992,0.99998367,0.9288376,0.09961348,-0.7322328,-0.7338565,0.9468938,0.99392664,0.98687905,0.37397224,0.35674572,-0.07739264,-0.33295596,0.66874605,-0.13349879,-0.061196137,0.20541121,-0.94267845,-0.7199078,0.65435475,-0.020578166,-0.74266326,0.5287528,-0.30682543,-0.70655566,0.31593153,0.62480885,-0.69907826,-0.2828458,-0.9999685,-0.8394848,-0.7146674,0.8750165,0.57469505,0.3874798,-0.004914252,0.9052441,0.15652256,0.7149552,0.4271901,0.9682701,0.70460707,-0.032013472,-0.57487786,0.99989164,0.7642497,0.9247842,-0.8650797,0.60392696,0.06892144,0.2499819,-0.56745136,-0.97398674,0.88516057,-0.91819084
PCBP2_HepG2,-0.28753132,-0.34963608,-0.74216455,0.38859904,0.7520382,0.6984135,-0.80239505,-0.3100015,0.58506507,0.9024332,0.8520107,0.51760757,-0.94314903,-0.8209551,0.9862848,-0.94959134,-0.033033073,0.7490422,0.8123346,0.95954955,0.92775816,-0.77215296,0.83331877,0.22119482,-0.19725986,0.98765284,-0.7265917,-0.7312196,0.9925591,0.75972074,0.8142053,0.3162768,-0.7228455,0.97272456,0.8196545,0.6917371,0.6900362,-0.31733653,0.98953116,-0.9898496,-0.9685098,0.0957214,-0.23985665,0.7881756,0.48148835,0.28815868,0.8747452,0.44821075,0.47580332,-0.83494514,0.92031807,0.8248027,0.91359323,0.91520447,-0.9999916,0.3215825,0.8960059,0.90190506,0.46998382,-0.41273114,-0.94404405,0.5917296,0.9900723,0.006336722,-0.15927137,-0.4785586,-0.56737834,0.069743074,-0.9989751,-0.871559,0.5464328,0.8518861,0.9803999,-0.14815329,0.17011365,0.976575,-0.85753334,0.99420285,-0.8423414,0.997759,0.9920577,0.9305516,0.20288691,-0.17218815,0.9964933,0.80973953,-0.5309693,0.9999364,0.9751685,0.9408055,-0.8308584,-0.5029776,0.92904603,0.6296318,-0.6370892,0.9476891,0.11628156,0.105637096,-0.9682474,0.21725263,0.62255615,-0.9821865,0.9741177,0.119221225,-0.56290966,0.107420035,-0.551858,0.3273738,0.7083109,0.5642842,0.9404183,-0.9881999,-0.83160263,0.9987493,0.77012867,-0.96676266,0.9982556,0.48263785,0.61037755,-0.96536857,-0.5161692,-0.868045,0.5794059,-0.851179,0.28754723,1.0,-0.43093672,0.6428048,-0.8365003,-0.26631656,-0.9812993,0.8563073,0.9999442,-0.53864664,0.877774,-0.36499757,0.97224516,0.9130087,0.9237817,0.9559621,0.9577925,0.99487233,0.7818062,-0.874371,0.49683425,0.44629946,0.72833407,0.65963775,0.6479199,-0.4898241,0.88964045,0.8620107,0.9317264,-0.86185545,-0.9808467,-0.9257625,0.92204195,0.80176,0.70182043,0.9850938,0.9337666,0.859348,0.9976497,-0.84587663,0.72223663,0.20816614,-0.3682638,0.039033107,0.85765594,0.28206927,0.6219249,0.9816463,0.4417395,-0.86163366,0.5802432,0.18040363,0.4384167,-0.7807361,0.99732816,-0.9771478,0.80737805,0.90438676,0.91080624,0.9383746,0.9964082,-0.59067374,-0.8717643,-0.53609324,-0.96348083,0.42783195,0.96497047,-0.99979615,0.47460252,-0.8178664,-0.5681407,0.48382825,0.8373249,-0.29513353,0.27904248,0.464423,0.71525675,0.9490571,0.9943628,-0.95916796,0.66724765,0.990969,0.87522525,0.9888132,0.5177748,0.8822367,-0.9664809,0.6183776,0.30161455,-0.39792526,0.63034177,-0.7292001,-0.5897203,-0.9356708,0.99923944,0.6254624,-0.06303246,0.7001605,0.11538457
PHF6_K562,-0.7403677,0.9960999,0.9246185,0.6639996,-0.9188586,0.34485787,0.88431704,0.9915182,0.4796935,-0.00011865696,0.10525633,0.5490384,0.7063625,-0.16147368,-0.27608582,0.12632576,0.9161248,0.27505845,0.17619681,-0.6675617,-0.7365579,-0.2406577,0.13972272,-0.9753508,0.96965796,-0.56698173,0.9331143,0.9306623,-0.31785265,-0.91416514,0.17303137,-0.9923554,0.9350555,-0.6285023,-0.8701562,-0.94974965,-0.9504835,-0.7189888,-0.55665684,0.55480784,0.64203763,0.85698867,0.97940314,0.21571766,0.58340406,-0.9882837,0.060319338,-0.99981505,0.58865064,0.85641927,-0.04361335,0.15478764,-0.76063585,-0.03074452,0.42723033,-0.9930307,-0.78681755,0.0011057415,0.5939769,0.9997984,0.7044463,0.47244516,-0.5534965,0.8996333,-0.8222271,-0.58611304,-0.49856877,-0.9302397,0.38964987,-0.066842675,-0.99122566,0.10549295,-0.6002757,-0.828579,0.8159212,-0.61501426,-0.09466843,-0.33141387,0.84932953,-0.36959186,-0.54101944,-0.07059198,0.79618317,-0.8147021,-0.50493085,-0.8784549,-0.53585637,-0.42073405,-0.2203908,-0.71128726,0.8602086,0.9966799,-0.06651106,0.4297235,-0.4210021,-0.6964302,0.8461504,-0.9428559,0.6428434,0.78720695,0.43789947,0.592826,-0.2158079,-0.94732285,0.98841393,-0.94345194,-0.51471496,-0.9937337,-0.9422293,-0.98816,-0.09843303,0.28763402,-0.14278887,-0.38528007,0.24374256,0.6473304,-0.4834615,0.58233786,-0.9778206,0.6514351,0.99531454,0.8220922,-0.9851641,-0.1068342,0.7403566,-0.43093672,1.0,0.4142436,-0.13399652,-0.75502765,0.596576,-0.8350646,-0.44044256,0.9924083,0.05404349,0.99741626,-0.63010174,-0.7615669,-0.052551772,-0.1471191,-0.6721473,-0.519993,0.2257457,-0.06108959,0.569024,0.6152002,-0.9321982,-0.96247786,-0.96656466,0.99779916,-0.7954621,-0.82888067,-0.72922516,-0.08624125,0.24691606,0.057749085,-0.048038747,-0.8848131,0.34037519,-0.26928717,-0.72534126,0.091145754,-0.36809257,0.8458307,0.31289068,0.79290766,0.99766237,-0.91851515,-0.83362204,0.7441861,0.43862432,-0.59512126,-0.99992794,-0.08667735,0.48489088,0.80983394,0.6221058,0.9003112,-0.3638646,0.61289996,-0.8803655,-0.0046745804,-0.765034,-0.71626145,-0.50580233,-0.4735984,-0.066425,0.9927761,0.6568368,-0.9999941,-0.17909402,0.41263023,-0.99880064,0.87168676,0.9874314,-0.9982308,-0.8541714,-0.73500264,-0.98678803,-0.99929875,0.32241,-0.124639176,-0.33282647,0.66856784,0.3845851,-0.54804635,0.059329532,-0.29151762,0.5488749,0.04465878,0.6481684,-0.97564673,0.73038137,0.9993421,0.42889783,-0.3032615,0.98290277,0.7216423,-0.465796,-0.9736223,-0.87342477,0.34256285,-0.9460785
POLR2G_HepG2,-0.91850805,0.49293467,0.036339875,0.9556187,-0.021491705,0.997187,-0.058621917,0.5290222,0.99732256,0.9101169,0.94871193,0.9881498,-0.3516553,-0.96511143,0.76042384,-0.850545,0.7443784,0.9889999,0.96891487,0.40113512,0.31049874,-0.98310727,0.9591172,-0.6048702,0.6241789,0.5148629,0.059259202,0.052509896,0.7312966,-0.009758481,0.96811455,-0.5234032,0.064685464,0.44758117,0.088051304,-0.108536154,-0.11087479,-0.9304217,0.52552223,-0.52741295,-0.43183997,0.82404274,0.5894873,0.97809654,0.98089194,-0.54830736,0.93349564,-0.39666367,0.97961164,-0.11513486,0.8912335,0.9633163,0.27577183,0.8970001,-0.64594245,-0.518625,0.23580731,0.91062355,0.97826344,0.4324351,-0.35418457,0.9978914,0.5287509,0.7700879,-0.85863197,-0.98023677,-0.99550647,-0.7193336,-0.6768191,-0.9358196,-0.29030272,0.94878715,0.47928417,-0.85281026,0.86421466,0.46291482,-0.94529414,0.7214424,-0.12861367,0.6926199,0.54134506,0.87865317,0.8805149,-0.86527205,0.57645446,0.07100605,-0.9904366,0.65140164,0.79649115,0.34511074,-0.107796416,0.33876318,0.8805989,0.9998542,-0.99997234,0.36466593,0.83558005,-0.69383997,-0.4308911,0.8873848,0.9996581,-0.48741028,0.79932183,-0.6839306,0.2712969,-0.6925474,-0.9935586,-0.5133805,-0.085435465,-0.26969492,0.86497074,-0.75255233,-0.95998913,0.6803012,0.9836842,-0.42558444,0.59645724,0.9811464,-0.214427,-0.42069426,0.32429847,-0.17766075,-0.25189957,-0.9492123,0.9185146,0.6428048,0.4142436,1.0,-0.9574652,-0.90955484,-0.48333216,0.15480945,0.634679,0.29916,0.9312231,0.4785582,0.44573995,0.27439192,0.8871392,0.8393192,0.3954703,0.56203324,0.980185,-0.93377215,0.9841631,0.9723912,-0.05672417,-0.15171738,-0.16700554,0.35298002,0.22204852,0.16581164,0.32072586,-0.94249994,-0.7797012,-0.88472474,0.8892155,0.057560276,0.996818,0.764994,0.32608074,0.94413406,0.6937825,-0.13514952,0.9940788,0.8830593,0.4754727,-0.7403556,0.15739425,0.9162401,0.9996367,0.48491684,-0.40328646,-0.942646,0.9968711,0.86942583,0.9703025,-0.023198713,0.6970473,-0.46528748,0.06700221,0.9082197,0.2692273,0.3384364,0.5756289,-0.9978056,-0.93567187,0.30204767,-0.4142046,-0.41737002,0.821262,-0.6581393,-0.3691831,-0.08494854,0.26518694,-0.35939404,0.119443506,-0.92162126,-0.5562325,-0.37987328,0.9951196,0.85143775,0.7204045,-0.39989626,0.9994767,0.53428185,0.9331396,0.7498741,0.9881798,0.9277576,-0.42458928,-0.20451252,0.9242352,0.4469813,0.9998694,-0.9929281,0.2395766,-0.33114144,0.6124457,-0.195648,-0.8050242,0.9970008,-0.686744
PPIG_HepG2,0.7653466,-0.22091122,0.2535637,-0.8299633,-0.2679045,-0.9763997,0.34418103,-0.26165587,-0.9338005,-0.9909659,-0.999581,-0.90182894,0.6068168,0.99961406,-0.9154708,0.9661157,-0.5200355,-0.98961407,-0.99908763,-0.6483889,-0.5715787,0.99410415,-0.9999833,0.34936386,-0.3721917,-0.7403283,0.23130308,0.23787431,-0.89699847,-0.27919176,-0.9992197,0.2552721,0.22601052,-0.68657625,-0.3717339,-0.1829246,-0.18061107,0.78509605,-0.74866074,0.7501333,0.67372847,-0.62552136,-0.3313303,-0.9965553,-0.8830318,0.28367862,-0.9972599,0.11491416,-0.8799745,0.39686763,-0.9841948,-0.9997793,-0.5414018,-0.9863937,0.8387416,0.24985553,-0.50618875,-0.9911294,-0.87681794,-0.15386716,0.6089632,-0.93671775,-0.75117415,-0.5532562,0.6742022,0.8814595,0.9258391,0.4882923,0.8604458,0.9977222,0.001832496,-0.99958783,-0.7121457,0.6658498,-0.68227994,-0.6989953,0.9992164,-0.8905686,0.40929544,-0.8712905,-0.760931,-0.9790505,-0.706285,0.68381774,-0.78771675,-0.3558063,0.908498,-0.84262586,-0.9370836,-0.60125256,0.39007875,-0.05286646,-0.9798752,-0.9523989,0.9552925,-0.61783355,-0.64151937,0.45653504,0.6729509,-0.71661043,-0.94959337,0.7186315,-0.9387129,0.44432965,0.017969672,0.4549387,0.9185996,0.2439225,-0.20569217,-0.019633451,-0.9729796,0.9105614,0.9999606,-0.86285156,-0.9937544,0.66859555,-0.8026893,-0.8836467,-0.07653088,0.6645722,-0.037550367,0.4540626,-0.03805909,0.9996257,-0.76535743,-0.8365003,-0.13399652,-0.9574652,1.0,0.75095075,0.71538013,-0.4332948,-0.8306667,-0.011101181,-0.9967752,-0.20484088,-0.6850786,-0.5401945,-0.9825707,-0.9604853,-0.6436751,-0.77679026,-0.99565,0.9973167,-0.89115226,-0.8636959,-0.23377277,-0.1399443,-0.124594286,-0.0679909,-0.4939492,-0.44331354,-0.58038914,0.9988457,0.9272121,0.98158973,-0.98340064,-0.34318215,-0.9774191,-0.91829133,-0.58498824,-0.9990701,-0.872081,0.4153024,-0.98315,-0.7100937,-0.20140335,0.5148977,-0.43565178,-0.76166683,-0.9493403,-0.71664447,0.122089215,0.9988666,-0.9316612,-0.68988353,-0.85923254,0.3106831,-0.8742953,0.70090824,-0.35205254,-0.9903446,-0.5356704,-0.5955625,-0.7870942,0.9362587,0.99769384,-0.014128616,0.6592189,0.13740231,-0.95096153,0.8473928,0.085315354,0.36884072,0.024310717,0.07483776,-0.40084618,0.7704372,0.29278138,0.09679684,-0.9812653,-0.96655303,-0.88988644,0.64735925,-0.966298,-0.7554685,-0.99718606,-0.9088766,-0.9019135,-0.9959772,0.6677774,-0.0866365,-0.7747483,-0.16984966,-0.95267725,0.9849498,0.050759263,0.5893256,-0.814497,-0.09564632,0.59960335,-0.9769246,0.44778734
PPIL4_K562,0.9997563,-0.8099367,-0.44836256,-0.99162126,0.43503577,-0.8758467,-0.36154953,-0.83384246,-0.9375106,-0.65560347,-0.73152214,-0.9625655,-0.06919065,0.76900566,-0.42175576,0.5550609,-0.9545624,-0.8380781,-0.77846813,0.015828263,0.11262747,0.8181254,-0.7547556,0.881102,-0.8924129,-0.11202747,-0.46875322,-0.46277115,-0.38170132,0.42443994,-0.7764462,0.8301768,-0.47354856,-0.035466548,0.3338822,0.51184833,0.5138682,0.99857724,-0.12442095,0.12662753,0.01794631,-0.9849518,-0.8718704,-0.80312794,-0.9730283,0.8462588,-0.7000419,0.7422784,-0.97450155,-0.30809855,-0.6221399,-0.7646594,0.1486392,-0.63217,0.27026924,0.8270428,0.18938461,-0.65652746,-0.9759622,-0.7680409,-0.06649351,-0.9346107,-0.12818995,-0.9655538,0.9939981,0.97379327,0.9448208,0.94296485,0.30967245,0.7046948,0.661733,-0.7316844,-0.071194015,0.99270433,-0.99514055,-0.052671768,0.72422564,-0.36841023,-0.29515138,-0.33021408,-0.14296,-0.6007584,-0.99787104,0.99534565,-0.18473119,0.34995097,0.95819396,-0.27716827,-0.47316948,0.07615406,-0.31511572,-0.6991347,-0.60402346,-0.91651803,0.91262084,0.055282064,-0.9883146,0.9303596,0.0168945,-0.9987216,-0.92010987,0.08044988,-0.4773017,0.92526037,-0.64675707,0.9297006,0.9507898,0.82358557,0.49177247,0.64548707,-0.57818913,0.4108121,0.7567838,-0.31417623,-0.81994957,0.0110228965,-0.2089444,-0.97272474,0.6009504,0.005625707,-0.6880908,-0.24738055,0.6312992,0.732603,-0.9997559,-0.26631656,-0.75502765,-0.90955484,0.75095075,1.0,0.07579972,0.26976603,-0.2561222,-0.6686538,-0.6955391,-0.8001808,-0.03340986,0.15005839,-0.61510897,-0.5374792,0.022003025,-0.16746461,-0.8092114,0.7005927,-0.9688189,-0.9814224,0.46650848,0.5487683,0.56164813,-0.70988774,0.20324373,0.25901634,0.10191164,0.71836483,0.4489625,0.6109964,-0.61866546,0.3625406,-0.873534,-0.4281524,0.09628052,-0.7217813,-0.33173618,-0.28884506,-0.85901123,-0.99820834,-0.7980703,0.9527559,0.26724526,-0.99986583,-0.9204255,-0.07760538,0.7471011,0.71866894,-0.93955845,-0.9961153,-0.98307085,-0.39437172,-0.33601865,0.05534634,0.3537078,-0.6521565,0.15536211,0.08323347,-0.18373853,0.93507564,0.70439744,-0.670902,-0.0015158529,0.7572773,-0.50987124,0.28572243,0.7220179,-0.33681637,-0.64190674,0.7147056,0.30396828,0.99954927,0.8512853,0.72994673,-0.86410755,-0.55647403,-0.36701754,-0.017180236,-0.8956357,-0.13466299,-0.6993334,-0.4071094,-0.9625125,-0.68875754,0.009923307,0.59281534,-0.99932235,-0.7783118,-0.916152,0.8537854,-0.6213889,-0.09094575,-0.22852877,0.58550495,0.9787555,-0.8746647,0.9267189
PRPF4_HepG2,0.09779481,0.5234368,0.8572945,-0.20397228,-0.86484724,-0.54758984,0.90226537,0.48720944,-0.4180189,-0.80262756,-0.73530537,-0.3432314,0.9894888,0.6956934,-0.9360699,0.8714901,0.22479817,-0.6075071,-0.68488604,-0.99579835,-0.9822415,0.6353991,-0.71132904,-0.40477833,0.38227692,-0.9993379,0.8452567,0.84884965,-0.9505595,-0.87067866,-0.687225,-0.49296933,0.842339,-0.9991841,-0.91459477,-0.8178063,-0.8164501,0.12886325,-0.998806,0.9986949,0.9983228,0.09767291,0.42224002,-0.6549692,-0.30377728,-0.467093,-0.7651104,-0.61189944,-0.29760242,0.9252637,-0.82781184,-0.7005416,-0.9747797,-0.8205188,0.98050123,-0.49783215,-0.9647228,-0.8018966,-0.2912901,0.580341,0.9898761,-0.42549208,-0.9986132,0.18626605,-0.033737976,0.30059394,0.39826223,-0.2604581,0.97158086,0.7608852,-0.69742346,-0.735144,-0.99998933,-0.044980943,0.022749856,-0.9997314,0.7424755,-0.95491415,0.93032944,-0.9662206,-0.99771744,-0.8426681,-0.010607985,-0.02064491,-0.99396425,-0.9075468,0.35792723,-0.9790665,-0.91430306,-0.98845506,0.9224373,0.6599388,-0.8404586,-0.46831426,0.47680736,-0.9914079,0.077075094,-0.2950726,0.9982614,-0.025299223,-0.46027747,0.9999891,-0.9123909,-0.30810684,0.711478,-0.29678553,0.38101482,-0.50313276,-0.8309425,-0.71264625,-0.85738206,0.94023657,0.7091487,-0.9704479,-0.63294065,0.99789804,-0.990952,-0.30502725,-0.751435,0.9975337,0.67138,0.9473795,-0.725456,0.7342291,-0.09781145,-0.9812993,0.596576,-0.48333216,0.71538013,0.07579972,1.0,-0.93970746,-0.9832774,0.6907509,-0.7691429,0.53738016,-0.99909884,-0.9744584,-0.83279896,-0.8815916,-0.9952138,-0.9957355,-0.6471654,0.7646133,-0.32049316,-0.26569864,-0.84661084,-0.7919729,-0.7824231,0.6484793,-0.9609055,-0.9434608,-0.9842066,0.7481171,0.92501116,0.8356693,-0.83028895,-0.9018063,-0.5515763,-0.9335605,-0.98519266,-0.74484086,-0.96580374,0.9327271,-0.57559675,-0.016002133,0.5403373,-0.23064448,-0.94059914,-0.09212239,-0.4595615,-0.99999833,-0.60616803,0.7478269,-0.41262156,0.012300193,-0.25721532,0.8864141,-0.96461576,0.99978995,-0.9058541,-0.8053368,-0.9732392,-0.98735404,-0.9940745,0.42430705,0.7611569,0.68855864,0.997007,-0.5938132,-0.89642406,0.9772131,-0.63515526,0.9133309,0.71592045,-0.64323884,-0.9269007,0.105700396,-0.45866632,-0.6262079,-0.5673584,-0.8706553,-0.9553577,0.99567366,-0.51139766,-0.99824816,-0.7657485,-0.94161046,-0.34341547,-0.7751138,0.99782616,-0.75808626,-0.112450175,0.5670756,-0.46912217,0.58384377,0.73414695,0.9860972,-0.98805875,-0.7639556,-0.13025165,-0.54963344,-0.30442926
PRPF8_HepG2,0.2484417,-0.7832661,-0.981666,-0.14311586,0.98438907,0.22842422,-0.99532056,-0.7564799,0.0821481,0.550251,0.45920017,0.0013328351,-0.9792835,-0.4080911,0.75931865,-0.65123457,-0.54447114,0.29923964,0.39440906,0.9670752,0.98718214,-0.33301824,0.4280779,0.6930843,-0.67523384,0.9266432,-0.9770343,-0.9784524,0.78704864,0.9863866,0.39736125,0.7607849,-0.9758614,0.9527525,0.9977383,0.9653056,0.9646886,0.21803439,0.921879,-0.92101496,-0.95792955,-0.43212825,-0.7067812,0.35706085,-0.040356565,0.7413119,0.4987797,0.8454901,-0.04682537,-0.9991984,0.5860484,0.41426367,0.99232703,0.5755655,-0.85418093,0.7644062,0.99658936,0.5492282,-0.05342173,-0.8238499,-0.9787325,0.090359725,0.92040014,-0.5110302,0.3734886,0.043693293,-0.060561933,0.5749305,-0.8320525,-0.49310356,0.9004567,0.4589887,0.9412767,0.38390222,-0.36326924,0.9473802,-0.46862686,0.79581237,-0.9996499,0.81983113,0.9144695,0.6077283,-0.3319918,0.36130676,0.8965189,0.9964431,-0.017023737,0.85042924,0.72066516,0.9806734,-0.9988755,-0.8770852,0.6044747,0.13791859,-0.1474568,0.97636664,-0.41339022,0.60403466,-0.95823085,-0.31809598,0.12892543,-0.93810207,0.71740144,0.61487305,-0.90889287,0.60546285,-0.04185888,0.76833934,0.97110593,0.90958554,0.62967813,-0.76709574,-0.42527667,0.8294138,0.33001855,-0.9598938,0.88530564,-0.039045464,0.9317695,-0.96139306,-0.88434625,-0.9997315,0.91709006,-0.45779005,-0.24842559,0.8563073,-0.8350646,0.15480945,-0.4332948,0.26976603,-0.93970746,1.0,0.8617139,-0.8963866,0.5042181,-0.79338497,0.9533755,0.99250346,0.59327585,0.66701955,0.96862847,0.90415126,0.34743822,-0.49811065,-0.022770386,-0.08000818,0.9775722,0.9530205,0.94821554,-0.8697066,0.9976561,0.9999379,0.9854047,-0.47608498,-0.7393082,-0.5974582,0.5896322,0.99521726,0.23306693,0.7547015,0.9844256,0.47174945,0.8189064,-0.9998026,0.26124442,-0.32689834,-0.79551715,0.54949737,0.9999966,-0.25395712,0.12812567,0.93908656,0.84160936,-0.47570038,0.07623369,-0.35351193,-0.08876634,-0.9912698,0.8162905,-0.9465194,0.99609685,0.55404955,0.9931451,0.9820382,0.89696586,-0.08905582,-0.49346793,-0.89504045,-0.9633337,0.8331683,0.69081193,-0.8457056,0.86099964,-0.9975241,-0.9115196,0.86629814,0.99936265,0.24073623,0.73489803,0.85507864,0.25154072,0.64994365,0.79671836,-0.96741843,0.18668608,0.91782755,0.4996388,0.76969236,0.0015284573,0.51231,-0.9602015,0.93540263,-0.23414013,-0.8145621,0.13882402,-0.27100086,-0.9220842,-0.9834695,0.87579495,0.93856335,0.46146455,0.23080283,0.61182183
PRPF8_K562,-0.27740046,-0.35951096,-0.7492012,0.37884647,0.7589571,0.6908162,-0.80865294,-0.32002473,0.57646775,0.897833,0.84643435,0.5085426,-0.9466065,-0.81487924,0.9844867,-0.94622767,-0.043586258,0.7420036,0.80613035,0.96246934,0.93164754,-0.76539916,0.82743436,0.23148167,-0.20760226,0.9892522,-0.7338072,-0.73838276,0.9912178,0.7665456,0.8080285,0.32627782,-0.73010284,0.97512,0.8256587,0.6993251,0.6976414,-0.3073039,0.99100006,-0.99129534,-0.97108513,0.08520365,-0.25009587,0.78163195,0.47220537,0.29825547,0.86957884,0.45762634,0.4664879,-0.8407105,0.91613567,0.8187854,0.91783667,0.91089755,-0.9998925,0.3315644,0.90064543,0.8972932,0.46063575,-0.42232746,-0.9474746,0.5831831,0.9915015,-0.0042243316,-0.14883651,-0.46925893,-0.5586504,0.08027426,-0.99844134,-0.8663326,0.555247,0.8463076,0.9824259,-0.13770078,0.15969731,0.978793,-0.85205275,0.9930119,-0.84798616,0.9969967,0.9933307,0.92663276,0.19253433,-0.16177548,0.99732137,0.8158913,-0.5219906,0.9997616,0.97277534,0.9443326,-0.836689,-0.5120773,0.9250871,0.621392,-0.6289135,0.9510072,0.10578592,0.11613291,-0.97083354,0.20693196,0.6142568,-0.98411614,0.97167623,0.12970005,-0.571607,0.11791385,-0.5430202,0.3373345,0.7157263,0.5729716,0.93677497,-0.9865272,-0.8256911,0.99816555,0.76334906,-0.96940887,0.99882346,0.4733616,0.61870885,-0.96807,-0.5251856,-0.8732399,0.5879811,-0.84558845,0.27741644,0.9999442,-0.44044256,0.634679,-0.8306667,-0.2561222,-0.9832774,0.8617139,1.0,-0.5475144,0.87266564,-0.3748095,0.97466177,0.91726595,0.9196862,0.95280933,0.9607749,0.99588495,0.77517766,-0.86919755,0.4876414,0.4368238,0.73553,0.6675383,0.655928,-0.4990039,0.89441353,0.8673158,0.9355097,-0.85645145,-0.97873497,-0.92171776,0.9179025,0.8080269,0.6942583,0.9832222,0.93749404,0.85389936,0.99687046,-0.85146236,0.71489197,0.19782509,-0.37806198,0.049583673,0.8630387,0.27192146,0.6136202,0.9836056,0.4511894,-0.85622567,0.5716096,0.17000593,0.4289004,-0.7872916,0.996501,-0.97933817,0.81356424,0.89982986,0.9151153,0.94197226,0.997247,-0.5821192,-0.8665417,-0.5449783,-0.966255,0.43735367,0.9621459,-0.9995272,0.48387164,-0.82389754,-0.5767998,0.4930437,0.8430519,-0.28502658,0.2891682,0.47374988,0.7078363,0.9456764,0.99318755,-0.96210146,0.6593443,0.9923299,0.870068,0.98718286,0.50871104,0.8772154,-0.9691384,0.62664264,0.29152864,-0.40759182,0.62210804,-0.7219327,-0.5982164,-0.93934524,0.9995955,0.6336677,-0.052489035,0.6925812,0.12586851
PTBP1_HepG2,-0.652075,0.9776862,0.9644442,0.5669971,-0.96041197,0.22679725,0.9350246,0.96800655,0.3681384,-0.12310494,-0.017846752,0.44207793,0.7880564,-0.03887483,-0.3921969,0.2473684,0.859865,0.154727,0.053796135,-0.7540644,-0.8141515,-0.119458325,0.016881216,-0.94080776,0.9322305,-0.6639856,0.97025406,0.9685954,-0.43204868,-0.9570769,0.05058568,-0.9696435,0.9715558,-0.7193912,-0.92415535,-0.9810357,-0.981489,-0.62805146,-0.6546016,0.6529186,0.7314543,0.78710306,0.94713485,0.09398844,0.47908705,-0.9620095,-0.06290183,-0.9945899,0.48476046,0.9134136,-0.1661524,0.03210763,-0.834702,-0.15344016,0.5351851,-0.97099715,-0.8567502,-0.12188976,0.4905266,0.98973876,0.7863894,0.3604625,-0.6517246,0.8391017,-0.7459858,-0.48201582,-0.3881725,-0.878047,0.4999586,0.056376904,-0.999957,-0.017608847,-0.69408286,-0.7534315,0.7386202,-0.70732254,0.028485097,-0.44493458,0.90780205,-0.48106503,-0.64034563,-0.19273643,0.71572465,-0.7371991,-0.6072551,-0.9305523,-0.4279489,-0.52911216,-0.33868077,-0.7923352,0.9163944,0.9991269,-0.18872097,0.3154086,-0.30624902,-0.77940184,0.7741815,-0.8947187,0.73217106,0.7053858,0.32400662,0.6873706,-0.33425796,-0.90074074,0.99957746,-0.8955181,-0.4053627,-0.9724428,-0.97627294,-0.9995277,-0.22007567,0.40324014,-0.019978136,-0.49584767,0.122614235,0.73615825,-0.58744997,0.4779349,-0.9961562,0.7398005,0.99965,0.8858743,-0.9987914,0.016260395,0.6520623,-0.53864664,0.9924083,0.29916,-0.011101181,-0.6686538,0.6907509,-0.8963866,-0.5475144,1.0,-0.069174245,0.98100895,-0.72081906,-0.83549154,-0.17497005,-0.26765114,-0.75810635,-0.6210974,0.10421946,0.062131904,0.46356922,0.51357025,-0.9696362,-0.9885448,-0.9907635,0.99837923,-0.86395377,-0.8913902,-0.80784595,0.03694219,0.3642204,0.18009284,-0.17051925,-0.9354012,0.22214755,-0.38568684,-0.8044978,-0.032021455,-0.4796504,0.905017,0.19370338,0.7119467,0.98168385,-0.8629148,-0.89522356,0.65638435,0.32476947,-0.6894402,-0.9938133,0.036505226,0.3736483,0.7315343,0.5210922,0.94700605,-0.47565886,0.70542663,-0.9320143,-0.12762493,-0.83842856,-0.7966482,-0.6080572,-0.36168334,0.05679507,0.9999954,0.74458665,-0.9919796,-0.29873332,0.5215267,-0.9972397,0.9253408,0.99937296,-0.9979651,-0.91163903,-0.6460294,-0.9593706,-0.9963174,0.20354265,-0.24572109,-0.44627517,0.75495166,0.26813725,-0.64675814,-0.06389142,-0.4069498,0.44190246,-0.078544736,0.73690206,-0.99521685,0.6408314,0.9872948,0.3145409,-0.18376385,0.9980859,0.8013036,-0.5710902,-0.99429226,-0.8069042,0.22441635,-0.89905596
PTBP1_K562,-0.71123177,0.1419368,-0.3303683,0.78252506,0.34435192,0.9559205,-0.41841298,0.18336293,0.90207815,0.9985322,0.99868023,0.8642477,-0.66864157,-0.99416137,0.9448077,-0.9837121,0.44981822,0.9748876,0.9924387,0.70738906,0.6355798,-0.9821976,0.9962947,-0.27304912,0.29651204,0.7918849,-0.30862564,-0.31504843,0.92957664,0.3553449,0.99282813,-0.17686315,-0.3034497,0.7427045,0.44502944,0.2612252,0.25895333,-0.73286283,0.79944485,-0.8007789,-0.7308549,0.5608968,0.2545499,0.98668694,0.84252435,-0.20581576,0.9999803,-0.03483072,0.83901894,-0.4692422,0.99523145,0.99486923,0.6071225,0.996405,-0.8797324,-0.17135046,0.5737613,0.99859774,0.835407,0.074081995,-0.6706493,0.90560466,0.8017216,0.4846274,-0.6127639,-0.84072065,-0.89252764,-0.4166898,-0.89855903,-0.9999178,0.078417845,0.998668,0.7661833,-0.6038335,0.6214135,0.7541262,-0.99917024,0.9241959,-0.48119086,0.9078622,0.81054246,0.99223244,0.64720005,-0.6230619,0.83461016,0.42965212,-0.87203497,0.88312024,0.9620755,0.6634337,-0.4627085,-0.027436139,0.992733,0.9248647,-0.9284866,0.6789383,0.5778943,-0.383669,-0.73013663,0.65833116,0.92137575,-0.77211547,0.9633458,-0.37100884,-0.09814333,-0.38201225,-0.8839255,-0.16531514,0.28355765,0.099799,0.9883697,-0.940796,-0.99602354,0.9006292,0.98159534,-0.7261115,0.8479584,0.8432304,0.1562932,-0.72238976,-0.042758703,-0.5240936,0.11812255,-0.9985975,0.71124345,0.877774,0.05404349,0.9312231,-0.9967752,-0.6955391,-0.7691429,0.5042181,0.87266564,-0.069174245,1.0,0.12563731,0.74132496,0.60598135,0.9943187,0.97972244,0.70301026,0.82482004,0.98496264,-0.9999751,0.85187125,0.8204664,0.3110399,0.21894792,0.20381178,-0.012287232,0.56212807,0.51381224,0.64386386,-0.99947906,-0.95427656,-0.99375117,0.99478954,0.4174468,0.9573106,0.94709927,0.64818347,0.99930805,0.90853727,-0.4869603,0.9653108,0.6513032,0.12215364,-0.4444477,0.5064762,0.70721465,0.921062,0.77029896,-0.042051475,-0.99946487,0.89950174,0.62956816,0.81540984,-0.38595474,0.9104261,-0.7558825,0.4260247,0.99827504,0.6017035,0.658103,0.8340534,-0.9050486,-0.99992305,-0.066153504,-0.71743304,-0.057475988,0.9727153,-0.88726735,-0.005088113,-0.44223824,-0.10445293,0.005423237,0.47306913,-0.71679544,-0.21510927,-0.016616933,0.96264094,0.9840162,0.92362285,-0.7064327,0.94252485,0.80560726,0.999986,0.9394129,0.864346,0.99995583,-0.7253549,0.16629985,0.72151375,0.09022331,0.925212,-0.9679041,-0.13073671,-0.6522544,0.8584256,0.17521432,-0.5334504,0.95663524,-0.37459344
PUM1_K562,-0.7867448,0.99986476,0.8948667,0.716,-0.888138,0.41139835,0.8484918,0.9982931,0.54148775,0.07172008,0.17642376,0.6076622,0.6536866,-0.23195218,-0.20632623,0.054736435,0.9425574,0.34341523,0.24645609,-0.6123493,-0.6860652,-0.309763,0.21049546,-0.9886826,0.9847147,-0.5063413,0.90487176,0.90197355,-0.24891852,-0.8826841,0.24333915,-0.9986572,0.90717274,-0.57100195,-0.8325077,-0.9248096,-0.92570215,-0.7670604,-0.49553937,0.49360633,0.58530223,0.89179534,0.99137783,0.28530738,0.6402426,-0.9966948,0.13187112,-0.9958503,0.64520305,0.81711775,0.028269416,0.22536035,-0.71203464,0.04113939,0.3611743,-0.9989316,-0.740447,0.07294127,0.650235,0.99865764,0.6516384,0.53454,-0.49223566,0.9286769,-0.8609902,-0.6428043,-0.55955374,-0.9541975,0.3224826,-0.13834774,-0.979169,0.17665796,-0.5412688,-0.8666585,0.8553474,-0.55677944,-0.16593963,-0.26277906,0.80921423,-0.3018851,-0.4792047,0.001249627,0.8375923,-0.8542548,-0.44161814,-0.841859,-0.59512573,-0.35447642,-0.14974932,-0.6589542,0.82135254,0.9882557,0.005340149,0.49348047,-0.4850761,-0.6430778,0.8822501,-0.9643565,0.58615446,0.829475,0.5013525,0.53344065,-0.14510469,-0.96788365,0.97495633,-0.96482944,-0.5749766,-0.9991958,-0.9157312,-0.97458494,-0.026689144,0.21808825,-0.21352226,-0.31799212,0.31278458,0.590902,-0.41932744,0.6392341,-0.96024805,0.5952478,0.9857968,0.7790666,-0.9702901,-0.17798547,0.7867346,-0.36499757,0.99741626,0.4785582,-0.20484088,-0.8001808,0.53738016,-0.79338497,-0.3748095,0.98100895,0.12563731,1.0,-0.57269025,-0.71304166,0.019323176,-0.07568225,-0.6172202,-0.4572872,0.29514647,-0.13263601,0.62662804,0.67024606,-0.9037879,-0.94049704,-0.9456463,0.9904576,-0.7498725,-0.7865508,-0.6781839,-0.15758921,0.17666401,-0.014118667,0.023840867,-0.8490541,0.40704468,-0.1994067,-0.6740144,0.16244967,-0.30034694,0.80532295,0.38031363,0.8346332,0.99999386,-0.94454587,-0.7917893,0.7902494,0.5020501,-0.5358517,-0.99648196,-0.15802146,0.5464662,0.84988624,0.67674315,0.8667176,-0.29601043,0.5545525,-0.84401816,0.06717514,-0.71679413,-0.6642797,-0.44252405,-0.5356458,-0.13793315,0.9815917,0.60097116,-0.99765736,-0.10795433,0.3461266,-0.99270266,0.83422923,0.97352624,-0.9913803,-0.8146091,-0.78181463,-0.99587744,-0.99402696,0.38957927,-0.053038895,-0.26422375,0.6134177,0.44990474,-0.48654124,0.13088813,-0.22204629,0.6075069,0.11631016,0.59178895,-0.9573683,0.7775628,0.9993655,0.4926851,-0.37093332,0.96713597,0.67004645,-0.40102324,-0.95471567,-0.90615046,0.40916958,-0.96690524
PUM2_K562,-0.05546647,-0.5591302,-0.87837315,0.16223688,0.88537604,0.51158196,-0.91975313,-0.5238357,0.37908465,0.7765874,0.7058771,0.30305707,-0.9947349,-0.66457766,0.9202941,-0.8498899,-0.26595283,0.5732459,0.6533422,0.9987877,0.9893197,-0.60205215,0.68085617,0.4432247,-0.4211523,0.99689317,-0.8671751,-0.87052184,0.9365223,0.89077014,0.6557726,0.5294529,-0.86445487,0.99999785,0.9309336,0.84149545,0.84022194,-0.08665734,0.9958325,-0.9956272,-0.9998804,-0.13982561,-0.46033433,0.6223063,0.26306584,0.50420123,0.7370915,0.64491814,0.25681347,-0.94052976,0.80325466,0.669622,0.9833734,0.7955178,-0.971277,0.5341937,0.9750275,0.7758155,0.25042474,-0.6143833,-0.9950083,0.38669884,0.9954788,-0.22779907,0.076127075,-0.2598423,-0.35897094,0.30120218,-0.9606586,-0.7326585,0.72721267,0.70570844,0.9992842,0.087340996,-0.06516216,0.99981415,-0.7133747,0.94145286,-0.9450562,0.9544115,0.9939522,0.8190557,-0.031842854,0.063060924,0.98841226,0.9245532,-0.3179729,0.9695451,0.89628816,0.99399513,-0.9379955,-0.6912328,0.816702,0.43039086,-0.43906936,0.9960664,-0.119322926,0.33536056,-0.99986356,-0.017153537,0.42218238,-0.99889004,0.8941957,0.34820807,-0.74066234,0.33704945,-0.34142935,0.5393595,0.85380757,0.7417792,0.83476454,-0.9249362,-0.67858434,0.9593313,0.5995105,-0.9997493,0.98436236,0.26433155,0.7787624,-0.9996139,-0.70223045,-0.9601126,0.75401485,-0.70475245,0.055483043,0.97224516,-0.63010174,0.44573995,-0.6850786,-0.03340986,-0.99909884,0.9533755,0.97466177,-0.72081906,0.74132496,-0.57269025,1.0,0.9831118,0.8085526,0.8607633,0.99846464,0.9909227,0.61422527,-0.73656964,0.27999967,0.22454134,0.868437,0.81717354,0.80814976,-0.68020433,0.9717912,0.95668,0.9908332,-0.7192788,-0.9080516,-0.8116048,0.8058855,0.91933525,0.51567596,0.9175065,0.99158186,0.71584946,0.9539288,-0.9471912,0.5403704,-0.0264504,-0.5755645,0.27173597,0.954162,0.049776196,0.42145118,0.99902034,0.6393788,-0.71897495,0.3735878,-0.054729328,0.21596768,-0.9052622,0.95255584,-0.9997589,0.9230165,0.7794497,0.98211545,0.9931929,0.9885651,-0.38549116,-0.7329435,-0.7187174,-0.99938995,0.62742835,0.87680537,-0.9673234,0.6673656,-0.92979175,-0.74490863,0.6751568,0.9419948,-0.06339925,0.4959689,0.6587351,0.53189594,0.8489929,0.9419567,-0.9987202,0.47446308,0.99483734,0.7377612,0.92647094,0.3032435,0.7475984,-0.9997241,0.785083,0.07017439,-0.6015243,0.43121588,-0.5488592,-0.7623042,-0.9922614,0.9806288,0.79065466,0.17221636,0.51368034,0.34458402
PUS1_K562,0.12819472,-0.70141405,-0.95101136,-0.021084696,0.9554987,0.34569705,-0.97604954,-0.6708773,0.2033356,0.6481766,0.5643265,0.12353913,-0.9966904,-0.51660836,0.833155,-0.73909974,-0.43787676,0.41361257,0.50376123,0.9909285,0.9992872,-0.4457622,0.5353209,0.59978807,-0.5800246,0.96564287,-0.94366777,-0.945883,0.85654265,0.9588945,0.50653577,0.6757628,-0.9418548,0.9827331,0.9820435,0.92615575,0.92526585,0.09712389,0.96232426,-0.9617172,-0.98582494,-0.31867254,-0.6150229,0.46854416,0.082062796,0.65372777,0.600969,0.7738894,0.075607985,-0.98681515,0.68068403,0.52239424,0.999999,0.6711939,-0.9113272,0.67987865,0.9992038,0.6472438,0.06902062,-0.74840057,-0.996467,0.21139878,0.9612842,-0.40214655,0.25731656,-0.07873393,-0.18209998,0.4706228,-0.89360815,-0.5957318,0.840549,0.56413,0.9754851,0.26817277,-0.24667892,0.9794009,-0.5730794,0.8638539,-0.988922,0.883667,0.9570696,0.70023,-0.21421845,0.24463788,0.94394064,0.9786742,-0.1390948,0.9083507,0.7999933,0.9972336,-0.985593,-0.81180525,0.69730383,0.25793314,-0.26723176,0.9954608,-0.2990065,0.5021052,-0.98600084,-0.1998431,0.24915536,-0.97340035,0.79716676,0.51388055,-0.8511114,0.5036552,-0.16365436,0.68435574,0.9346592,0.8519839,0.7199023,-0.83975106,-0.53270227,0.8914704,0.4429137,-0.98696303,0.93550074,0.08337044,0.8804137,-0.98781735,-0.8206622,-0.99506897,0.86148983,-0.5630161,-0.12817825,0.9130087,-0.7615669,0.27439192,-0.5401945,0.15005839,-0.9744584,0.99250346,0.91726595,-0.83549154,0.60598135,-0.71304166,0.9831118,1.0,0.6872124,0.75307536,0.9917395,0.9495857,0.4594363,-0.60035217,0.09958502,0.042416196,0.944505,0.90885615,0.90228796,-0.8028645,0.99854004,0.99380404,0.9988222,-0.5799931,-0.8160625,-0.6909848,0.68392277,0.9758177,0.3501704,0.82922614,0.9985317,0.5759751,0.8829108,-0.98987925,0.37725815,-0.20894584,-0.7154987,0.4432668,0.9928199,-0.13384376,0.24837427,0.9740501,0.76929283,-0.5796369,0.19752295,-0.23653693,0.033633042,-0.9677247,0.8807684,-0.97885656,0.9778419,0.6516392,0.9999856,0.9977364,0.9442736,-0.210119,-0.59606814,-0.833824,-0.98890346,0.75933444,0.774,-0.9045866,0.7923853,-0.98145115,-0.854424,0.79875356,0.98750806,0.12030947,0.64650446,0.7852995,0.36794177,0.73795366,0.8646073,-0.99110925,0.3053544,0.95946443,0.6017612,0.84194714,0.12373325,0.613429,-0.9871394,0.8851766,-0.11356576,-0.73756075,0.25881633,-0.38661236,-0.8678753,-0.99822706,0.9282213,0.8893497,0.34957987,0.34798926,0.51056266
QKI_HepG2,-0.63236564,0.035764292,-0.42895836,0.7118054,0.44232932,0.91923505,-0.5127142,0.07768189,0.851015,0.99862444,0.9875396,0.8057893,-0.74399287,-0.9770276,0.9743137,-0.99725676,0.35219535,0.9456442,0.97373533,0.77860725,0.7141472,-0.9566219,0.98147976,-0.16909893,0.19317053,0.852388,-0.40811983,-0.41428176,0.9635337,0.45282283,0.9744623,-0.07109259,-0.4031502,0.8097618,0.5378232,0.36248893,0.36029512,-0.6562774,0.858848,-0.859985,-0.79935414,0.46958688,0.15016623,0.9637702,0.78040093,-0.10048157,0.99363,0.07174636,0.77633595,-0.56057376,0.99995995,0.9784483,0.68825436,0.9997618,-0.9253451,-0.06550749,0.65768147,0.9985595,0.77215594,-0.032490183,-0.74579644,0.85531443,0.8607879,0.38876554,-0.52516365,-0.7783083,-0.83945155,-0.3175599,-0.9401672,-0.9928721,0.18408833,0.9875021,0.8302335,-0.51555526,0.5344863,0.81974655,-0.9891583,0.9595981,-0.5717674,0.9473329,0.8682795,0.9998367,0.5623788,-0.5362647,0.8885021,0.52332926,-0.8149824,0.92804074,0.9856458,0.7393095,-0.5544433,-0.13368422,0.99990225,0.8791301,-0.883682,0.75323176,0.48774084,-0.28319153,-0.7987217,0.5744677,0.87476933,-0.835372,0.9864277,-0.27005422,-0.20351566,-0.28147113,-0.8291276,-0.059396736,0.38402152,0.20514439,0.9989414,-0.9715327,-0.98088175,0.94177175,0.95569074,-0.79517454,0.8995628,0.78122073,0.26054093,-0.7918901,-0.14886221,-0.6117699,0.22315003,-0.98728865,0.63237846,0.9237817,-0.052551772,0.8871392,-0.9825707,-0.61510897,-0.83279896,0.59327585,0.9196862,-0.17497005,0.9943187,0.019323176,0.8085526,0.6872124,1.0,0.9954834,0.7747169,0.8803168,0.96097684,-0.99354273,0.79128146,0.7549517,0.41043663,0.32156512,0.30686343,-0.11865318,0.6469688,0.60221153,0.7216503,-0.99036545,-0.9806738,-0.99998647,0.9999898,0.51180077,0.9211031,0.9758807,0.7255562,0.98967165,0.94784826,-0.5771643,0.9320338,0.5668313,0.015813006,-0.3465698,0.59538037,0.62794113,0.8743783,0.8338001,0.06453706,-0.9903048,0.84788436,0.54329044,0.7491586,-0.48195833,0.9492865,-0.8212776,0.5199052,0.99885297,0.68330383,0.73450863,0.8880382,-0.85463536,-0.99292195,-0.17198828,-0.7875088,0.04911837,0.99188423,-0.9313243,0.1013832,-0.53519475,-0.20972125,0.111834645,0.5641611,-0.6385017,-0.10993524,0.08990656,0.9283489,0.9973811,0.95917565,-0.77775806,0.9016034,0.864093,0.9937412,0.9705634,0.80590516,0.99527496,-0.7945072,0.27031663,0.64371294,-0.016298927,0.8795655,-0.9356537,-0.23552415,-0.72923315,0.90814775,0.27901602,-0.44038627,0.92019445,-0.27377173
QKI_K562,-0.5559654,-0.059272382,-0.5127791,0.64190966,0.52547497,0.87770605,-0.5919064,-0.017317848,0.7973165,0.9891362,0.9681392,0.7459286,-0.80406755,-0.9523827,0.9912922,-0.9997797,0.26175174,0.9104997,0.947722,0.8346639,0.7773765,-0.9246432,0.95886034,-0.074766345,0.09915028,0.8981811,-0.4929461,-0.4988165,0.9845854,0.53542256,0.948743,0.02392429,-0.48820865,0.8618089,0.6154306,0.44933093,0.44722775,-0.5816822,0.90359795,-0.90454835,-0.85278684,0.38364834,0.055628613,0.93409455,0.71751463,-0.0055722147,0.9784436,0.16611353,0.71298957,-0.6366586,0.994594,0.95442545,0.7540189,0.9931743,-0.95715827,0.029520351,0.72622585,0.9889555,0.708343,-0.1272292,-0.8056718,0.8022641,0.905219,0.29954174,-0.44200101,-0.7151845,-0.7840687,-0.22610368,-0.9682667,-0.97707283,0.2765704,0.9680795,0.87940246,-0.43188038,0.4518345,0.87041634,-0.970749,0.9819765,-0.6470718,0.97345746,0.91145325,0.99703664,0.4813382,-0.45371187,0.9280526,0.6018635,-0.7562874,0.95921075,0.9972217,0.79989696,-0.6309467,-0.22716403,0.99671364,0.8299147,-0.8352524,0.8122742,0.40266007,-0.19086285,-0.8522371,0.49416545,0.82481813,-0.8837837,0.9975605,-0.17742583,-0.29554546,-0.18910225,-0.77230793,0.0356398,0.4699436,0.29713473,0.9987967,-0.9896355,-0.95797646,0.9694406,0.92342776,-0.84915024,0.936967,0.718428,0.35102123,-0.84628737,-0.24206795,-0.68410474,0.31468427,-0.96774065,0.5559792,0.9559621,-0.1471191,0.8393192,-0.9604853,-0.5374792,-0.8815916,0.66701955,0.95280933,-0.26765114,0.97972244,-0.07568225,0.8607633,0.75307536,0.9954834,1.0,0.8312466,0.92137706,0.93037444,-0.97828394,0.7296588,0.68928474,0.49515393,0.41000643,0.3958331,-0.2123825,0.7164369,0.6752825,0.784111,-0.97274584,-0.9948186,-0.9959641,0.99504423,0.591049,0.87998253,0.99219793,0.78761053,0.97159237,0.97382534,-0.6520849,0.8934221,0.48605984,-0.07918242,-0.2559522,0.66896695,0.55122006,0.8243619,0.8824451,0.15898365,-0.9726444,0.7937215,0.46113363,0.6828903,-0.56296366,0.974848,-0.87173194,0.5986535,0.9897957,0.7495336,0.7956146,0.92767596,-0.80148196,-0.97716194,-0.2647327,-0.8424613,0.14371781,0.9994748,-0.96169263,0.195372,-0.61297286,-0.30159855,0.20566987,0.6399983,-0.56255335,-0.015078136,0.184052,0.8888673,0.99974257,0.9816924,-0.8339186,0.8564654,0.9079745,0.9786479,0.98904467,0.7460589,0.9815618,-0.84856904,0.3604973,0.56815416,-0.11114858,0.83042437,-0.89792305,-0.32672554,-0.7909009,0.9437909,0.36892158,-0.35316297,0.87887454,-0.18122642
RBFOX2_HepG2,-7.407268e-05,-0.60419655,-0.9035008,0.10732913,0.9097673,0.46320137,-0.9400825,-0.5702159,0.3272445,0.74049723,0.6655569,0.24980426,-0.9988843,-0.62216675,0.89721006,-0.81939524,-0.3189421,0.5269781,0.6104034,0.9999809,0.9958749,-0.55689925,0.6392403,0.49219862,-0.47074634,0.9909996,-0.89342946,-0.89644563,0.91566336,0.9145759,0.6129467,0.57563174,-0.89097404,0.99834853,0.949733,0.87013006,0.8689681,-0.03134016,0.9892517,-0.988924,-0.999202,-0.19445927,-0.50880206,0.57799095,0.20922047,0.55126333,0.6985259,0.68626183,0.20288445,-0.95790327,0.7690276,0.6274537,0.9919226,0.76073235,-0.95660496,0.5802003,0.98583233,0.73967385,0.19641276,-0.65714514,-0.99900836,0.33502182,0.98868895,-0.28138545,0.13124196,-0.20595354,-0.30671927,0.35355982,-0.9437993,-0.6938335,0.76411825,0.6653792,0.9956545,0.14238772,-0.1203369,0.99721116,-0.6734611,0.9213321,-0.9617135,0.93641186,0.9863433,0.7860186,-0.08715838,0.11824637,0.9784865,0.9442412,-0.26496708,0.95449024,0.87034696,0.99853027,-0.9557571,-0.7302001,0.78348327,0.37973043,-0.38862765,0.99944544,-0.17413649,0.3870304,-0.9992435,-0.07251156,0.37132028,-0.9947472,0.8680249,0.39959934,-0.7767421,0.3886833,-0.2888413,0.58517617,0.8813334,0.777789,0.80298334,-0.90246016,-0.6368554,0.942222,0.5542556,-0.9994546,0.97309333,0.21050338,0.8123155,-0.9996183,-0.7405891,-0.974127,0.7892422,-0.66437185,9.0674555e-05,0.9577925,-0.6721473,0.3954703,-0.6436751,0.022003025,-0.9952138,0.96862847,0.9607749,-0.75810635,0.70301026,-0.6172202,0.99846464,0.9917395,0.7747169,0.8312466,1.0,0.9819547,0.56957024,-0.69797343,0.22639295,0.17021856,0.8945672,0.8478467,0.8395339,-0.7197641,0.9833631,0.9713383,0.996795,-0.6796919,-0.8834557,-0.77799785,0.77185184,0.9397194,0.4674248,0.89406705,0.9972317,0.67607224,0.9358446,-0.9634996,0.492932,-0.081782915,-0.6199786,0.32462695,0.9692755,-0.00562407,0.37057135,0.99503523,0.680988,-0.6793711,0.3216324,-0.10995479,0.16155082,-0.927406,0.93423384,-0.99700767,0.9429122,0.7435515,0.9910369,0.9981202,0.9786944,-0.33378798,-0.694135,-0.75612843,-0.99979013,0.6695978,0.84882396,-0.9517936,0.70759356,-0.9487534,-0.7807211,0.71498185,0.95913976,-0.008020836,0.54330695,0.6993997,0.48417237,0.81841975,0.9219133,-0.9999884,0.42497393,0.98768854,0.6992351,0.9042006,0.24999367,0.70966154,-0.9994903,0.81818724,0.0148106925,-0.6448513,0.380576,-0.5017131,-0.796985,-0.9976159,0.96827316,0.8233555,0.22651684,0.46536592,0.396055
RBFOX2_K562,-0.1891891,-0.44259888,-0.80614406,0.2934163,0.81484455,0.6224477,-0.85863966,-0.4045679,0.5000428,0.85423225,0.79469323,0.42841715,-0.9719284,-0.75899595,0.96453416,-0.913016,-0.13394696,0.6781946,0.7491859,0.98310393,0.9607441,-0.7039262,0.773137,0.31869417,-0.29540005,0.99843276,-0.7923554,-0.7964612,0.9751545,0.82159066,0.7513114,0.41060206,-0.789027,0.9911972,0.87338984,0.7612275,0.7596997,-0.21979809,0.9990535,-0.9991477,-0.9887247,-0.0054439474,-0.33681324,0.7218881,0.39037597,0.3835299,0.82124966,0.53632325,0.3844066,-0.88632387,0.8760364,0.7633874,0.9500347,0.8697537,-0.99444896,0.41570002,0.93632144,0.853595,0.37830108,-0.5027375,-0.9725609,0.50716364,0.9992115,-0.09483267,-0.058606923,-0.3872991,-0.4811854,0.170278,-0.98927474,-0.8175025,0.62833494,0.79454875,0.99529886,-0.047371283,0.0695767,0.99333024,-0.80110747,0.9782304,-0.89253044,0.9858755,0.9996923,0.888747,0.1028111,-0.07167701,0.99984616,0.8649346,-0.44254264,0.9936686,0.9477696,0.97026205,-0.8828802,-0.5878125,0.8868644,0.5478291,-0.5558657,0.97511256,0.015232939,0.20566835,-0.98856664,0.117415465,0.54021513,-0.996155,0.94626135,0.21902737,-0.64361644,0.20742294,-0.46468484,0.4212608,0.7760729,0.64488906,0.9012069,-0.9676413,-0.77116877,0.9885712,0.7016643,-0.98766416,0.99910814,0.39158365,0.6873609,-0.9868046,-0.6001466,-0.9138079,0.658867,-0.79372907,0.18920541,0.99487233,-0.519993,0.56203324,-0.77679026,-0.16746461,-0.9957355,0.90415126,0.99588495,-0.6210974,0.82482004,-0.4572872,0.9909227,0.9495857,0.8803168,0.92137706,0.9819547,1.0,0.71473503,-0.820809,0.4065138,0.35350338,0.793902,0.73226964,0.7216359,-0.5754875,0.9312649,0.90885687,0.9636785,-0.80614316,-0.9561173,-0.8827743,0.87816423,0.8580941,0.62617505,0.9626448,0.9651744,0.80322003,0.98560405,-0.89548457,0.64858097,0.10817587,-0.4604065,0.1398947,0.90526617,0.1835908,0.5395363,0.995901,0.5302104,-0.8058843,0.49489602,0.07999906,0.3452678,-0.8399305,0.9848258,-0.9936355,0.8629134,0.856592,0.94788945,0.9685185,0.9998634,-0.5060349,-0.8177436,-0.61872166,-0.9856231,0.5170534,0.9334879,-0.9926276,0.5611913,-0.8718688,-0.6484575,0.5698603,0.88832456,-0.19698638,0.3747331,0.5516115,0.640907,0.9123213,0.97854006,-0.9828555,0.58849436,0.99944943,0.82181495,0.96865714,0.4285939,0.83009607,-0.98749137,0.69468987,0.20363906,-0.4886715,0.54859364,-0.65625155,-0.668377,-0.9665623,0.99805945,0.7011693,0.038228568,0.6243586,0.21525633
RBM15_HepG2,-0.8219847,0.31082067,-0.16233383,0.8783262,0.17697276,0.9922749,-0.25520402,0.35044354,0.963075,0.9741595,0.99253595,0.9381651,-0.5301196,-0.99785405,0.8739974,-0.9378645,0.59735596,0.9987027,0.99872077,0.5746356,0.49264,-0.9998824,0.99617195,-0.43514538,0.45705113,0.67447317,-0.13965127,-0.14634167,0.85191125,0.1885098,0.99855304,-0.34424722,-0.13426544,0.6158479,0.28362155,0.09052867,0.08818524,-0.8393894,0.6836352,-0.6852566,-0.6019454,0.695494,0.4177985,0.99994713,0.92291754,-0.37178925,0.9860292,-0.20696937,0.9204054,-0.30962065,0.96341383,0.99738777,0.46071067,0.9667853,-0.784358,-0.33898583,0.42363316,0.97443527,0.9178031,0.24526061,-0.5324101,0.96526134,0.68640316,0.6284631,-0.74008155,-0.9216266,-0.9570232,-0.5674779,-0.8092277,-0.98709697,-0.09499668,0.9925649,0.64363784,-0.73246795,0.7474294,0.6293247,-0.991182,0.84431535,-0.3225044,0.8217745,0.69716775,0.9558201,0.7691719,-0.74882656,0.72689253,0.26718345,-0.94348174,0.78878725,0.9004804,0.5241868,-0.30259052,0.1456785,0.95701456,0.97665995,-0.97868454,0.5418841,0.71020156,-0.53744507,-0.6011052,0.7784785,0.9746707,-0.6507143,0.9025128,-0.5258665,0.075265765,-0.535932,-0.9514244,-0.33321944,0.113617666,-0.073606424,0.94723445,-0.86808544,-0.9964379,0.8120035,0.99982864,-0.5964018,0.7436299,0.9234219,-0.016701084,-0.59206074,0.13049363,-0.36907327,-0.055211395,-0.9927282,0.8219943,0.7818062,0.2257457,0.980185,-0.99565,-0.8092114,-0.6471654,0.34743822,0.77517766,0.10421946,0.98496264,0.29514647,0.61422527,0.4594363,0.96097684,0.93037444,0.56957024,0.71473503,1.0,-0.9861575,0.92954844,0.9068989,0.14216524,0.04708023,0.031606015,0.16065185,0.41078794,0.35786846,0.5019906,-0.99002534,-0.8882823,-0.9595238,0.96221703,0.25417566,0.99285555,0.8774094,0.5068769,0.99070704,0.8226925,-0.3287385,0.9959053,0.7726081,0.29179034,-0.5925301,0.3498909,0.8187263,0.97449005,0.64854497,-0.21403366,-0.99008685,0.96146065,0.7543319,0.90316045,-0.22077008,0.8252668,-0.631404,0.2633138,0.97312033,0.45466298,0.51812553,0.72619855,-0.96491843,-0.9870298,0.107230164,-0.58629036,-0.22909345,0.918006,-0.7942353,-0.1777766,-0.28063378,0.06893981,-0.16742301,0.31374303,-0.8264846,-0.38059744,-0.18911044,0.9949475,0.93845296,0.84351194,-0.5735283,0.9860796,0.691137,0.98586357,0.86606413,0.93823284,0.98329586,-0.59551877,-0.006562349,0.83028823,0.26092935,0.97685593,-0.99676925,0.04251374,-0.51148856,0.7568983,0.0024849905,-0.6715608,0.9925751,-0.5291486
RBM15_K562,0.7161753,-0.14891957,0.3236986,-0.78689986,-0.3377172,-0.957969,0.41199252,-0.19029622,-0.90510154,-0.998125,-0.99901783,-0.86777663,0.66337687,0.99489814,-0.9424719,0.9824189,-0.45611024,-0.976435,-0.99328023,-0.70238286,-0.6301153,0.98349893,-0.9968769,0.2798318,-0.30324477,-0.7875552,0.30190495,0.30834222,-0.92695177,-0.348739,-0.99364716,0.18380512,0.29671717,-0.73796004,-0.43869808,-0.2544061,-0.25212997,0.73764646,-0.795185,0.7965315,0.72601956,-0.566726,-0.26136884,-0.98781013,-0.8463051,0.21271718,-0.9999997,0.041883208,-0.84283817,0.4629982,-0.9945182,-0.9955585,-0.6014994,-0.99578226,0.8763547,0.17829946,-0.5679666,-0.9981992,-0.8392654,-0.08111851,0.6653973,-0.9085755,-0.79748315,-0.49078873,0.618326,0.8445213,0.8956884,0.4230952,0.8954393,0.9999834,-0.07137987,-0.9990073,-0.7616288,0.60944384,-0.62692755,-0.7494724,0.9994328,-0.9214773,0.4749921,-0.9048805,-0.8063887,-0.9913298,-0.652564,0.6285667,-0.83070165,-0.4232684,0.87546754,-0.8797872,-0.9601263,-0.6581364,0.45644042,0.020380592,-0.99185896,-0.9275257,0.93108445,-0.67373985,-0.5836396,0.39017698,0.7252961,-0.66362745,-0.924096,0.76761115,-0.9614286,0.37755355,0.0911172,0.38852522,0.8872039,0.17227167,-0.2767826,-0.09277411,-0.9872718,0.9383802,0.9966275,-0.89753956,-0.98291874,0.7212406,-0.84419626,-0.8470034,-0.1493184,0.71749145,0.03570657,0.51806974,-0.11111138,0.9989463,-0.7161868,-0.874371,-0.06108959,-0.93377215,0.9973167,0.7005927,0.7646133,-0.49811065,-0.86919755,0.062131904,-0.9999751,-0.13263601,-0.73656964,-0.60035217,-0.99354273,-0.97828394,-0.69797343,-0.820809,-0.9861575,1.0,-0.8555466,-0.82448083,-0.30432457,-0.21205607,-0.19689709,0.0052299383,-0.5562771,-0.5077446,-0.63844776,0.99968195,0.9521431,0.99293864,-0.99404526,-0.41102308,-0.9593269,-0.94481057,-0.64279294,-0.9995457,-0.9055659,0.48078373,-0.9671296,-0.6566423,-0.12915574,0.4507589,-0.5003781,-0.7121869,-0.9237875,-0.76577926,0.04910194,0.99967086,-0.90256304,-0.63503593,-0.8194751,0.37943444,-0.9074838,0.75124294,-0.41962892,-0.9978358,-0.5960515,-0.65277255,-0.830139,0.90802777,0.9999857,0.059109557,0.7124986,0.06452064,-0.9710537,0.8839898,0.012145534,0.43589714,0.097431414,0.0016344342,-0.46683937,0.72169894,0.22199644,0.023673188,-0.964528,-0.98273486,-0.9208946,0.7014197,-0.9448596,-0.8014058,-0.99999845,-0.9369702,-0.8678738,-0.99986464,0.7204785,-0.15933634,-0.72638255,-0.097250044,-0.92786694,0.96965367,0.12373603,0.6468884,-0.85478413,-0.1682615,0.53940684,-0.9586672,0.381128
RBM22_HepG2,-0.97405285,0.6393606,0.21291246,0.99270815,-0.19837558,0.96810794,0.1192668,0.6710728,0.99449116,0.8222534,0.8776464,0.9997095,-0.180143,-0.90341204,0.63326025,-0.7438509,0.85096,0.9471168,0.9097159,0.23240413,0.13707778,-0.935093,0.89376,-0.73645145,0.7527878,0.35474455,0.23527437,0.22869892,0.59880966,-0.18686068,0.90837634,-0.6661592,0.24055497,0.28197467,-0.08991983,-0.28303525,-0.2852911,-0.98065275,0.36638597,-0.36845434,-0.2651166,0.9114181,0.72334254,0.92570853,0.9998452,-0.6878667,0.8551467,-0.5531049,0.9997103,0.06277485,0.79672146,0.900488,0.10101306,0.8044378,-0.50039095,-0.6619737,0.059806593,0.8229496,0.99952954,0.5854205,-0.18280137,0.99359345,0.36991856,0.87097627,-0.9358987,-0.9997809,-0.9965266,-0.8310815,-0.53560674,-0.8585168,-0.45533648,0.87776047,0.3161153,-0.931876,0.93971443,0.29845536,-0.8724963,0.5872654,0.049216125,0.55378914,0.38372728,0.78010094,0.9505973,-0.94043237,0.42247674,-0.1069362,-0.9992082,0.50658846,0.67669374,0.17327088,0.07014299,0.50018203,0.7826536,0.9870463,-0.9854544,0.19383232,0.919731,-0.8105055,-0.26410246,0.9550559,0.9884615,-0.32490805,0.68014383,-0.8024225,0.43761736,-0.8094538,-0.99791133,-0.65737224,-0.26069945,-0.43612057,0.7623167,-0.6238994,-0.89514506,0.53960395,0.93621504,-0.2584339,0.44473028,0.99986744,-0.38417313,-0.25321624,0.48684743,-0.0004019618,-0.41945925,-0.8784057,0.9740566,0.49683425,0.569024,0.9841631,-0.89115226,-0.9688189,-0.32049316,-0.022770386,0.4876414,0.46356922,0.85187125,0.62662804,0.27999967,0.09958502,0.79128146,0.7296588,0.22639295,0.4065138,0.92954844,-0.8555466,1.0,0.9983576,-0.2328056,-0.32452777,-0.33913633,0.5132446,0.0456921,-0.011625668,0.14774594,-0.8683306,-0.65635824,-0.7880877,0.7940363,-0.12032258,0.96690154,0.6387135,0.15334041,0.87076217,0.5551315,0.042629626,0.9590738,0.9522581,0.62388825,-0.8477911,-0.020154107,0.9727474,0.9885833,0.32220823,-0.5591104,-0.8685474,0.9950956,0.94323707,0.9978155,0.15438615,0.55890465,-0.30101067,-0.110925734,0.81965196,0.0942436,0.16627198,0.421561,-0.99374056,-0.858302,0.4662498,-0.24630101,-0.57184756,0.7071169,-0.51425415,-0.528079,0.0930212,0.43190578,-0.51912373,-0.058444243,-0.9758206,-0.69473565,-0.5378344,0.9618681,0.7449859,0.58605254,-0.23108889,0.977914,0.37597713,0.85463226,0.62072325,0.9997048,0.84691244,-0.25737157,-0.37479216,0.9772822,0.5984739,0.9868992,-0.9561587,0.40788522,-0.15863313,0.4626161,-0.36638892,-0.8974363,0.9674928,-0.804722
RBM22_K562,-0.985419,0.68236125,0.2685393,0.9979836,-0.2542012,0.9521648,0.17595203,0.7124451,0.98685265,0.78829795,0.8487453,0.9966867,-0.12349421,-0.8773639,0.5878812,-0.7043397,0.8796527,0.9271775,0.88443315,0.17630102,0.08010339,-0.91325337,0.866595,-0.77399796,0.78926337,0.30059782,0.29056984,0.28409502,0.55194306,-0.24283473,0.8829283,-0.7077926,0.29576772,0.22654623,-0.1468301,-0.33751783,-0.33973163,-0.99025697,0.31247795,-0.3145897,-0.20944104,0.9334949,0.7617127,0.90251887,0.999211,-0.72832006,0.8240438,-0.59992534,0.9994472,0.11984845,0.7607899,0.8740947,0.04385014,0.7690842,-0.44996768,-0.7038268,0.0025208725,0.7890507,0.999645,0.6309057,-0.12617643,0.985487,0.31608486,0.8976938,-0.9545432,-0.9993381,-0.9901191,-0.86157835,-0.4863478,-0.82772934,-0.5055952,0.8488712,0.26124385,-0.9511289,0.95776194,0.24328619,-0.84307027,0.5399306,0.106355906,0.5051766,0.33019274,0.74297595,0.96682036,-0.95836526,0.36985654,-0.1637221,-0.9952877,0.45636168,0.6334017,0.11656281,0.12717672,0.5489688,0.74570763,0.9762338,-0.97410005,0.13731034,0.9407096,-0.84273094,-0.20841277,0.97046953,0.97816014,-0.27019247,0.6370285,-0.8352929,0.48841158,-0.84176415,-0.99257153,-0.6994643,-0.31558013,-0.48695904,0.7239863,-0.5781022,-0.86813635,0.490484,0.9145441,-0.20266595,0.39268717,0.999158,-0.4364357,-0.19737743,0.5360899,0.056888856,-0.47077686,-0.84958327,0.9854218,0.44629946,0.6152002,0.9723912,-0.8636959,-0.9814224,-0.26569864,-0.08000818,0.4368238,0.51357025,0.8204664,0.67024606,0.22454134,0.042416196,0.7549517,0.68928474,0.17021856,0.35350338,0.9068989,-0.82448083,0.9983576,1.0,-0.2881391,-0.37818405,-0.39247432,0.5615704,-0.011613152,-0.06889275,0.090841964,-0.8384895,-0.6120577,-0.75152785,0.7579073,-0.17699878,0.95069593,0.5935829,0.09647606,0.8411622,0.506568,0.09979758,0.94127655,0.96818435,0.6676365,-0.87678134,-0.07739942,0.9844334,0.97832745,0.2674443,-0.605691,-0.83872765,0.9877942,0.96071506,0.9999614,0.21073575,0.5104799,-0.24588333,-0.16768004,0.78548646,0.03705376,0.10950633,0.36891803,-0.9857084,-0.8274943,0.5161658,-0.19037135,-0.6179069,0.6654458,-0.46427575,-0.575862,0.14991018,0.48286748,-0.5672368,-0.11554037,-0.98673993,-0.7348014,-0.58524936,0.9446187,0.70554525,0.5386694,-0.17496988,0.9643338,0.32227302,0.8234817,0.57478666,0.9966708,0.81505847,-0.20158878,-0.4272906,0.9878193,0.64338845,0.97603524,-0.937811,0.45952302,-0.10180797,0.4110654,-0.41909346,-0.92123556,0.9514152,-0.83741057
RBM5_HepG2,0.44686723,-0.8966267,-0.9997918,-0.34833863,0.9993784,0.018268598,-0.99334764,-0.8772501,-0.129583,0.36205873,0.26181787,-0.20929737,-0.914675,-0.20667265,0.6052471,-0.476809,-0.70890725,0.09157798,0.19203503,0.89179,0.93143046,-0.12696989,0.22814846,0.8293527,-0.81542957,0.82668704,-0.9999968,-0.9999911,0.6394792,0.9988959,0.19518903,0.8804028,-0.9999682,0.86741483,0.98951745,0.9986485,0.9985235,0.41867805,0.8196002,-0.818324,-0.8760022,-0.6123587,-0.8399152,0.1523348,-0.24988037,0.86603266,0.30505958,0.9389864,-0.25614467,-0.98521954,0.40226,0.21329303,0.9440325,0.3904371,-0.7255164,0.88304377,0.9568592,0.3609172,-0.26252335,-0.9247428,-0.913579,-0.12140582,0.8174175,-0.68059325,0.5604724,0.25311273,0.15101027,0.7343499,-0.69657207,-0.2988281,0.97186124,0.26158813,0.84905964,0.56975514,-0.5513352,0.8587171,-0.2720729,0.6504363,-0.9828025,0.68085307,0.80873936,0.42685097,-0.5232017,0.54957724,0.7831147,0.9918421,0.19392805,0.72056127,0.5584964,0.9174746,-0.9864576,-0.95857286,0.42314824,-0.07376252,0.06414865,0.9089538,-0.59588194,0.7583273,-0.87650895,-0.5106235,-0.08280897,-0.8441192,0.55459476,0.76716787,-0.9763351,0.7594951,0.16949584,0.8859005,0.99958575,0.9766936,0.45194957,-0.6147841,-0.22513185,0.693163,0.12381546,-0.87932074,0.767519,-0.24860965,0.98733056,-0.8818783,-0.96282727,-0.9724297,0.980484,-0.26028627,-0.44685245,0.72833407,-0.9321982,-0.05672417,-0.23377277,0.46650848,-0.84661084,0.9775722,0.73553,-0.9696362,0.3110399,-0.9037879,0.868437,0.944505,0.41043663,0.49515393,0.8945672,0.793902,0.14216524,-0.30432457,-0.2328056,-0.2881391,1.0,0.99543846,0.9938417,-0.9541469,0.96087015,0.9751641,0.9274541,-0.2802055,-0.5809157,-0.41517794,0.40631196,0.99346954,0.023039047,0.59960675,0.9253231,0.2754757,0.67967075,-0.9815636,0.052098356,-0.51859677,-0.9052848,0.7131291,0.97701776,-0.4519575,-0.08361263,0.8456456,0.93647647,-0.27978572,-0.1354637,-0.5425855,-0.29654464,-0.99680525,0.6763312,-0.85734147,0.9923457,0.3663019,0.9462543,0.92027664,0.7837424,0.122705214,-0.29922774,-0.9688913,-0.8852229,0.9309484,0.5230471,-0.7143514,0.94880193,-0.98996246,-0.97768706,0.9520697,0.9844671,0.43974394,0.8612405,0.94509715,0.042070203,0.4753142,0.6515731,-0.8924009,-0.024398929,0.8136386,0.30600375,0.6179793,-0.20910607,0.31995627,-0.8798439,0.9888887,-0.43363526,-0.9184576,-0.072850764,-0.062203266,-0.982904,-0.92327815,0.7544993,0.9901932,0.63795096,0.020712044,0.7646841
RPS11_K562,0.53017867,-0.93478113,-0.99328446,-0.43618,0.9914563,-0.07720438,-0.9778301,-0.9190464,-0.22359307,0.27147436,0.16854602,-0.30163518,-0.8719406,-0.11238414,0.5265398,-0.39077187,-0.77296335,-0.0038444146,0.09752918,0.84455585,0.89246184,-0.031757303,0.1342184,0.87887514,-0.86693615,0.769235,-0.99567753,-0.99502695,0.5632136,0.9898574,0.10072818,0.9216307,-0.9961678,0.8159857,0.9712259,0.99905163,0.9991513,0.5034093,0.7612003,-0.75975615,-0.82599145,-0.68499124,-0.88786227,0.057347838,-0.34111953,0.90978384,0.21281013,0.9675184,-0.34719893,-0.96438277,0.31307885,0.11910997,0.90825653,0.3008229,-0.65654826,0.9237887,0.9247741,0.27029586,-0.35338512,-0.95683527,-0.8706139,-0.21555187,0.7587308,-0.7473887,0.63692814,0.34425703,0.2446329,0.7957587,-0.6249423,-0.20641868,0.98990124,0.16831136,0.7947842,0.64556193,-0.6284155,0.80590945,-0.17902517,0.57500297,-0.9607019,0.6078704,0.7489359,0.33862653,-0.6021207,0.6267762,0.7202119,0.9751562,0.2866378,0.651121,0.47680923,0.8753378,-0.9663097,-0.98137635,0.33477482,-0.16857173,0.1590651,0.8650332,-0.66978145,0.8170606,-0.82658386,-0.59032434,-0.17750913,-0.7891164,0.4726759,0.824866,-0.99251425,0.8180932,0.26274782,0.92611575,0.997772,0.9927161,0.3647821,-0.53673416,-0.13114858,0.6212346,0.028579235,-0.82987463,0.7028604,-0.3398858,0.9979655,-0.83287406,-0.9842061,-0.94574565,0.99476814,-0.16698192,-0.5301646,0.65963775,-0.96247786,-0.15171738,-0.1399443,0.5487683,-0.7919729,0.9530205,0.6675383,-0.9885448,0.21894792,-0.94049704,0.81717354,0.90885615,0.32156512,0.41000643,0.8478467,0.73226964,0.04708023,-0.21205607,-0.32452777,-0.37818405,0.99543846,1.0,0.9998801,-0.97835314,0.9300599,0.9495851,0.88754785,-0.18734373,-0.50060904,-0.32648984,0.3172832,0.97805226,-0.07244629,0.520519,0.88492644,0.18250498,0.6065888,-0.9588508,-0.043415293,-0.59780484,-0.9416842,0.7767586,0.9522246,-0.5350015,-0.1783027,0.79086596,0.96566635,-0.18691419,-0.22937194,-0.6202513,-0.38630608,-0.9846382,0.6029706,-0.8043208,0.9760373,0.2758565,0.91108155,0.8787496,0.72091234,0.21683009,-0.2068286,-0.9880833,-0.83680534,0.96153927,0.43934658,-0.6443293,0.97460985,-0.9719629,-0.9932689,0.9769096,0.96322614,0.52342397,0.9057968,0.9719636,-0.0534428,0.3892067,0.5762276,-0.84527904,-0.119664796,0.75446117,0.2137789,0.540153,-0.30144864,0.22810645,-0.8304877,0.99856067,-0.5176262,-0.9520029,-0.16767052,0.033301406,-0.99598646,-0.8824182,0.6884429,0.999005,0.7085106,-0.07476754,0.8226758
RPS3_HepG2,0.54324514,-0.94016993,-0.99137366,-0.45006257,0.9893175,-0.09263464,-0.97447014,-0.9250398,-0.23865981,0.25653777,0.15326172,-0.31636348,-0.8642541,-0.09698303,0.51331145,-0.37647057,-0.78269553,-0.01932946,0.08210569,0.8361625,0.8853689,-0.016275564,0.118856795,0.8861572,-0.8745505,0.75924796,-0.9941199,-0.99336517,0.5503501,0.98753875,0.08530924,0.9275297,-0.9946939,0.806936,0.9674214,0.9982576,0.99839365,0.5167293,0.7510663,-0.7495961,-0.8171634,-0.69619113,-0.8948809,0.041880827,-0.35563552,0.9161026,0.19765371,0.9713172,-0.3616797,-0.960171,0.2983342,0.10372031,0.90166825,0.28601852,-0.644789,0.92960745,0.9187707,0.25535426,-0.36782932,-0.96122116,-0.8628911,-0.23064761,0.74855244,-0.7575876,0.64879,0.3587549,0.25961882,0.8050416,-0.6127782,-0.1912418,0.9919778,0.15302648,0.7852907,0.657311,-0.6403861,0.7966447,-0.16376826,0.56226444,-0.95628816,0.59550136,0.73858464,0.32401508,-0.6144123,0.6387675,0.70938236,0.9716089,0.3014393,0.6392897,0.46314,0.86774534,-0.96220815,-0.9842334,0.3201425,-0.18381563,0.17433448,0.85716015,-0.6812001,0.8258909,-0.8177692,-0.60275304,-0.19272754,-0.77950984,0.45897272,0.83352154,-0.9942865,0.82690066,0.27765784,0.9318465,0.9966192,0.9944627,0.35031968,-0.5236038,-0.11578086,0.60902524,0.01309651,-0.8211349,0.6917608,-0.35440877,0.9988331,-0.82420343,-0.98682946,-0.9406008,0.99623084,-0.15169357,-0.5432312,0.6479199,-0.96656466,-0.16700554,-0.124594286,0.56164813,-0.7824231,0.94821554,0.655928,-0.9907635,0.20381178,-0.9456463,0.80814976,0.90228796,0.30686343,0.3958331,0.8395339,0.7216359,0.031606015,-0.19689709,-0.33913633,-0.39247432,0.9938417,0.9998801,1.0,-0.9814405,0.9242588,0.9446163,0.8803069,-0.17210971,-0.48714352,-0.31181356,0.30255958,0.9747084,-0.08788265,0.5072342,0.8776082,0.16725756,0.5942047,-0.95433927,-0.058881227,-0.61014706,-0.9467821,0.7864183,0.94738114,-0.5480204,-0.19351892,0.78129405,0.9695735,-0.17167896,-0.24441719,-0.6323239,-0.40054333,-0.9818163,0.5905444,-0.79502285,0.9725506,0.26093867,0.90458876,0.8712532,0.71009386,0.23192142,-0.1916529,-0.9903484,-0.8282266,0.9656774,0.4253829,-0.63240945,0.9779604,-0.9682052,-0.9949435,0.980101,0.95894974,0.5365562,0.9122496,0.9754882,-0.068900004,0.37489533,0.56350225,-0.83690333,-0.13502492,0.7442068,0.19862552,0.5270561,-0.3161778,0.21300174,-0.8217621,0.99927145,-0.53081375,-0.9566287,-0.1829168,0.048774444,-0.99725306,-0.87502694,0.6771288,0.99957585,0.7193539,-0.09020085,0.83138096
RPS3_K562,-0.69416565,0.98805696,0.9478402,0.61295706,-0.94300085,0.2818579,0.9133295,0.9807181,0.42045614,-0.06642708,0.039084326,0.49240947,0.7517444,-0.09568002,-0.33920968,0.19182497,0.8875258,0.21070208,0.11053775,-0.71546286,-0.77978635,-0.1757684,0.07375696,-0.95857245,0.95131373,-0.62035435,0.95490396,0.952875,-0.38002303,-0.9390309,0.10734205,-0.981988,0.95650405,-0.6786945,-0.90091646,-0.9684147,-0.9689987,-0.67132026,-0.6105172,0.6087542,0.69146156,0.82093143,0.9638589,0.1504954,0.52826536,-0.975988,-0.006001361,-0.9988898,0.533752,0.88876843,-0.10976296,0.08893747,-0.80200803,-0.0969542,0.48624277,-0.9830304,-0.82601064,-0.065205336,0.5393255,0.9962666,0.74995905,0.41296354,-0.6075036,0.8686999,-0.7826774,-0.53109807,-0.439992,-0.90386015,0.4498604,-0.0005351742,-0.9978089,0.039322086,-0.6519878,-0.789631,0.7757882,-0.6659461,-0.028449196,-0.39324576,0.8824622,-0.43039212,-0.595595,-0.13657989,0.7543104,-0.7744578,-0.5610545,-0.9082055,-0.47869182,-0.4799625,-0.28458402,-0.7563303,0.89212894,0.9998852,-0.13252653,0.3689036,-0.35992938,-0.7424823,0.8089495,-0.91868687,0.6922209,0.7445826,0.3773226,0.64492154,-0.2800784,-0.9240007,0.9963031,-0.9193936,-0.45673144,-0.9841351,-0.96236694,-0.9961587,-0.16420306,0.35050747,-0.076845616,-0.44562176,0.17889729,0.696447,-0.5404418,0.5271508,-0.98955655,0.70031005,0.9995354,0.8580359,-0.9943754,-0.040669654,0.69415355,-0.4898241,0.99779916,0.35298002,-0.0679909,-0.70988774,0.6484793,-0.8697066,-0.4990039,0.99837923,-0.012287232,0.9904576,-0.68020433,-0.8028645,-0.11865318,-0.2123825,-0.7197641,-0.5754875,0.16065185,0.0052299383,0.5132446,0.5615704,-0.9541469,-0.97835314,-0.9814405,1.0,-0.83389467,-0.86415124,-0.77299356,-0.019990055,0.31062797,0.12382025,-0.11416515,-0.913762,0.2772767,-0.33255374,-0.7693911,0.024912478,-0.42893568,0.8793416,0.24922279,0.7507578,0.9909353,-0.89027625,-0.868412,0.69825584,0.37806934,-0.64709955,-0.99852335,-0.020427225,0.42583185,0.76915103,0.5688214,0.92719036,-0.42482713,0.6639456,-0.9098779,-0.07097226,-0.80605245,-0.7609574,-0.56189024,-0.41415554,-0.00011633634,0.99854696,0.7053901,-0.9975653,-0.24393669,0.47212282,-0.999849,0.90226394,0.99573815,-0.99997646,-0.8867715,-0.6884234,-0.9738732,-0.9995823,0.25893262,-0.19015649,-0.39462227,0.71640676,0.32252982,-0.602304,-0.006992923,-0.35430464,0.49223918,-0.021682037,0.6972357,-0.98804414,0.68348247,0.9947378,0.36805373,-0.23940805,0.99294865,0.76595736,-0.5234469,-0.98660886,-0.8392129,0.27951226,-0.92251647
SAFB_HepG2,0.1815779,-0.7388901,-0.9663223,-0.075057946,0.97003824,0.2945066,-0.9863757,-0.70995444,0.15015115,0.60609764,0.5189097,0.06975651,-0.99084425,-0.4696044,0.8020656,-0.7016358,-0.4857998,0.36382967,0.45636445,0.9822225,0.9957891,-0.39675876,0.48891476,0.64213383,-0.6231792,0.9501958,-0.96016365,-0.9620307,0.82741576,0.9728223,0.4592226,0.71459246,-0.9586302,0.9713038,0.9908002,0.9451753,0.94440436,0.15074277,0.94623214,-0.9455104,-0.975323,-0.3694072,-0.6567171,0.42014018,0.028109143,0.69364893,0.55691814,0.8069691,0.021636186,-0.994117,0.6401194,0.47557187,0.9984615,0.6301729,-0.88775927,0.7184974,0.9999001,0.60512334,0.015032635,-0.7831339,-0.99047565,0.15829487,0.94499624,-0.45101508,0.30913806,-0.02477063,-0.12872124,0.51759595,-0.86805856,-0.55147725,0.8685843,0.51870614,0.9621739,0.31981874,-0.29866555,0.96706384,-0.5279766,0.8353825,-0.9954962,0.8570911,0.9400153,0.6606447,-0.26666778,0.29665548,0.924731,0.9883413,-0.08540078,0.8844346,0.7664152,0.9917627,-0.99329007,-0.8421616,0.65756845,0.20536828,-0.21479003,0.9888667,-0.35011482,0.5480856,-0.9755547,-0.25247774,0.19647904,-0.9596036,0.7633903,0.5594686,-0.8782265,0.54958457,-0.11012766,0.7227424,0.9524998,0.8790211,0.68136007,-0.8091959,-0.48621064,0.86569536,0.39383826,-0.9768284,0.9150498,0.029420735,0.90474313,-0.9779693,-0.8503296,-0.99897385,0.8876601,-0.5175528,-0.18156159,0.88964045,-0.7954621,0.22204852,-0.4939492,0.20324373,-0.9609055,0.9976561,0.89441353,-0.86395377,0.56212807,-0.7498725,0.9717912,0.99854004,0.6469688,0.7164369,0.9833631,0.9312649,0.41078794,-0.5562771,0.0456921,-0.011613152,0.96087015,0.9300599,0.9242588,-0.83389467,1.0,0.9983569,0.9947432,-0.53514373,-0.7836518,-0.65092945,0.64351666,0.9862002,0.29906312,0.7978252,0.9941478,0.5309779,0.85625905,-0.9960996,0.3266827,-0.26146457,-0.7521905,0.49103907,0.99783176,-0.18717839,0.19568825,0.9604025,0.8026804,-0.5347743,0.14428276,-0.2886748,-0.020401536,-0.97992444,0.8539034,-0.9663786,0.9877223,0.60971516,0.9988156,0.99264735,0.925115,-0.15700206,-0.5518266,-0.86242515,-0.97943515,0.7933741,0.73866785,-0.8802395,0.82417935,-0.99037385,-0.88124204,0.8300866,0.9945776,0.17375751,0.68677,0.81759524,0.31717786,0.7004235,0.83620477,-0.98247546,0.25347242,0.94284034,0.55774134,0.811573,0.06995165,0.5698743,-0.9770631,0.90901554,-0.16706654,-0.77295995,0.20626292,-0.33623207,-0.89344245,-0.9935547,0.90677065,0.91274893,0.3996775,0.29684126,0.55626243
SAFB_K562,0.23762953,-0.77628815,-0.9794805,-0.13207552,0.9823661,0.23926155,-0.9941817,-0.74914324,0.09325152,0.55952376,0.4690731,0.012478937,-0.9814797,-0.41824147,0.76652455,-0.6596526,-0.535088,0.3098565,0.40462708,0.96985173,0.9888997,-0.34350753,0.4381245,0.68500644,-0.66697055,0.93077594,-0.9745986,-0.9760902,0.79387563,0.9844924,0.40756488,0.75350374,-0.97336656,0.9560789,0.9969271,0.96233517,0.96169287,0.20714281,0.9261406,-0.92529947,-0.961069,-0.42204973,-0.6988522,0.36745012,-0.029216943,0.733785,0.5084093,0.83948565,-0.035688493,-0.99869007,0.59504336,0.42438263,0.9936435,0.5846446,-0.8599236,0.7571724,0.99744725,0.55850863,-0.042288132,-0.81748104,-0.9809582,0.10145471,0.92470086,-0.5014177,0.3631258,0.03255503,-0.071683906,0.565775,-0.8381835,-0.5027699,0.8955529,0.4688628,0.9449816,0.37358615,-0.35286194,0.95088935,-0.47844437,0.8025124,-0.99929285,0.8261625,0.91892296,0.6165422,-0.32145715,0.35089105,0.901401,0.9954419,-0.02816726,0.8562403,0.72834784,0.9827933,-0.998285,-0.87167686,0.61331654,0.14894971,-0.15847199,0.97871494,-0.4032152,0.5951141,-0.961359,-0.30750898,0.1399706,-0.94190437,0.72512203,0.60604465,-0.9041882,0.5965543,-0.05299271,0.7611576,0.9683856,0.90489763,0.63829803,-0.77419865,-0.43533814,0.8355889,0.3405198,-0.9629591,0.8904337,-0.027905341,0.927665,-0.9644005,-0.879088,-0.99992764,0.9125893,-0.46767116,-0.23761341,0.8620107,-0.82888067,0.16581164,-0.44331354,0.25901634,-0.9434608,0.9999379,0.8673158,-0.8913902,0.51381224,-0.7865508,0.95668,0.99380404,0.60221153,0.6752825,0.9713383,0.90885687,0.35786846,-0.5077446,-0.011625668,-0.06889275,0.9751641,0.9495851,0.9446163,-0.86415124,0.9983569,1.0,0.98724085,-0.48585728,-0.74676764,-0.6063591,0.59859806,0.9940666,0.24389169,0.7619672,0.98632395,0.48154798,0.8252526,-0.99951905,0.27198732,-0.3163441,-0.78871393,0.54015064,0.99996364,-0.24316059,0.13917203,0.94285893,0.83553725,-0.48547503,0.08734272,-0.34306347,-0.07765863,-0.9897387,0.82267827,-0.95005685,0.99505115,0.56329405,0.99438626,0.98408026,0.9018378,-0.100152194,-0.5031317,-0.8900139,-0.9662644,0.8269525,0.69882816,-0.85160124,0.85527724,-0.9966783,-0.90687907,0.8606766,0.9989027,0.2299029,0.7272934,0.8492462,0.26231292,0.6583742,0.80340505,-0.97018033,0.19762473,0.9221953,0.509263,0.7767604,0.012674545,0.5218506,-0.96325505,0.93140346,-0.22328922,-0.8080459,0.14985366,-0.28171325,-0.9177135,-0.98542666,0.88112056,0.93465847,0.45154744,0.24163376,0.6029672
SAFB2_K562,0.07992467,-0.66600555,-0.9348912,0.02744874,0.9400604,0.39081788,-0.96434474,-0.6341069,0.25060192,0.68436027,0.6037172,0.17154135,-0.9994607,-0.5575433,0.8590068,-0.77091175,-0.39374062,0.45730007,0.5450811,0.9962819,0.99994195,-0.48866943,0.57567227,0.56025845,-0.53981763,0.97711444,-0.9265015,-0.92902404,0.8805736,0.94399714,0.54777354,0.6392023,-0.92444205,0.99055314,0.9717335,0.9067663,0.90577173,0.0487195,0.97438353,-0.97388095,-0.99280435,-0.2723074,-0.57604057,0.5108563,0.13032189,0.61624175,0.6390415,0.7422496,0.12389945,-0.97779995,0.7154266,0.56315166,0.9988909,0.70636994,-0.9302285,0.6434974,0.9960911,0.683467,0.117343016,-0.71533877,-0.9993683,0.25857267,0.973522,-0.35724974,0.21012788,-0.12700997,-0.22959366,0.4272582,-0.9143335,-0.63399994,0.8132743,0.6035274,0.98501366,0.22111501,-0.19936839,0.9880447,-0.61216587,0.8872777,-0.9805553,0.90533894,0.9700061,0.73404413,-0.1665731,0.19730465,0.9588459,0.96755475,-0.18697871,0.9275722,0.82816315,0.9996656,-0.976226,-0.7825173,0.7312601,0.304507,-0.3136719,0.9989061,-0.25235486,0.45955393,-0.9929297,-0.15206708,0.29585117,-0.98337024,0.82552177,0.47165245,-0.82463706,0.46114588,-0.21132685,0.6481719,0.91630757,0.82557726,0.75273055,-0.86510664,-0.573137,0.9124035,0.4858928,-0.99360967,0.951542,0.13162272,0.8563686,-0.9942044,-0.791971,-0.9890846,0.83583826,-0.6024516,-0.079908125,0.9317264,-0.72922516,0.32072586,-0.58038914,0.10191164,-0.9842066,0.9854047,0.9355097,-0.80784595,0.64386386,-0.6781839,0.9908332,0.9988222,0.7216503,0.784111,0.996795,0.9636785,0.5019906,-0.63844776,0.14774594,0.090841964,0.9274541,0.88754785,0.8803069,-0.77299356,0.9947432,0.98724085,1.0,-0.618835,-0.8431438,-0.7252441,0.7185148,0.96406275,0.3952054,0.85536766,0.99998397,0.6149598,0.9046527,-0.9818279,0.421748,-0.16125156,-0.6807597,0.39925247,0.98584676,-0.08560329,0.29508072,0.9838844,0.7373879,-0.6184914,0.2448538,-0.18911582,0.08208537,-0.95435756,0.9027073,-0.9876282,0.96653295,0.6876752,0.9985475,0.99982405,0.95913213,-0.25730774,-0.634324,-0.8060578,-0.9949468,0.7268685,0.80381006,-0.9242045,0.7618541,-0.9709935,-0.8282082,0.76862067,0.97869986,0.07200081,0.60872704,0.75433546,0.41262412,0.7698279,0.88796747,-0.9963975,0.3511968,0.9720086,0.63980377,0.86713463,0.17173406,0.65102476,-0.99373317,0.86156017,-0.06522651,-0.70392793,0.30537766,-0.43090343,-0.84274954,-0.9999393,0.9451787,0.86611784,0.30371,0.39306626,0.4682424
SBDS_K562,0.733548,-0.17380966,0.29973498,-0.8022114,-0.31387302,-0.9648988,0.38888255,-0.21499331,-0.9155366,-0.99626404,-0.99981755,-0.8800331,0.6442953,0.99712586,-0.933742,0.97739846,-0.47840765,-0.98156697,-0.995883,-0.684209,-0.61033267,0.9877485,-0.99855137,0.30395374,-0.32717952,-0.77176404,0.277767,0.28425473,-0.9171955,-0.32499287,-0.99616927,0.20853545,0.27254006,-0.7207069,-0.41589642,-0.2299365,-0.22764608,0.754439,-0.7796405,0.78103137,0.70844656,-0.58732325,-0.28562775,-0.9914216,-0.8594697,0.23729081,-0.9996622,0.06706619,-0.8561418,0.44049835,-0.991565,-0.99761605,-0.58116174,-0.99315184,0.86392915,0.2030571,-0.5470299,-0.996369,-0.85271025,-0.10622828,0.6463602,-0.9188207,-0.7820142,-0.51260513,0.63794905,0.85775775,0.9066177,0.4458107,0.8839277,0.99981076,-0.04620306,-0.99981296,-0.7450447,0.62924415,-0.6463755,-0.73253846,0.9999642,-0.91138864,0.45264885,-0.8938581,-0.7912184,-0.9877009,-0.67146546,0.6479805,-0.8163979,-0.40028578,0.8873766,-0.86751926,-0.9527707,-0.63894016,0.43385684,-0.0048390874,-0.9883322,-0.93665636,0.9399881,-0.65488994,-0.60393167,0.4132725,0.70770395,-0.6822812,-0.9334395,0.75120413,-0.9541864,0.40078545,0.065974936,0.4116389,0.8985569,0.19705829,-0.25246137,-0.06763493,-0.98294705,0.92936605,0.99837995,-0.88613445,-0.9872473,0.7035428,-0.8304098,-0.86013967,-0.12433519,0.6996967,0.010492621,0.49633467,-0.08601376,0.99978596,-0.7335594,-0.86185545,-0.08624125,-0.94249994,0.9988457,0.71836483,0.7481171,-0.47608498,-0.85645145,0.03694219,-0.99947906,-0.15758921,-0.7192788,-0.5799931,-0.99036545,-0.97274584,-0.6796919,-0.80614316,-0.99002534,0.99968195,-0.8683306,-0.8384895,-0.2802055,-0.18734373,-0.17210971,-0.019990055,-0.53514373,-0.48585728,-0.618835,1.0,0.94413215,0.98963124,-0.9909811,-0.3879026,-0.9661409,-0.93624806,-0.6232702,-0.9999879,-0.89458007,0.4585181,-0.97323465,-0.6754533,-0.15412164,0.47312668,-0.4783846,-0.72966343,-0.93314993,-0.74931765,0.07427434,0.9999999,-0.91313386,-0.6543148,-0.8336676,0.355981,-0.89660126,0.7343593,-0.3966047,-0.9958602,-0.5756129,-0.63346064,-0.81581426,0.91830325,0.9998025,0.033916656,0.69457704,0.08966602,-0.9647212,0.8719189,0.037358247,0.413062,0.07230198,0.026852317,-0.44438916,0.73892576,0.24651502,0.048877023,-0.9708785,-0.9777564,-0.9107713,0.68322223,-0.95281756,-0.78606725,-0.99963593,-0.9278606,-0.880126,-0.99913174,0.70276105,-0.13438942,-0.74348396,-0.122318245,-0.9369762,0.97551084,0.09867228,0.6274516,-0.8414243,-0.14334911,0.56047034,-0.9655378,0.40432182
SDAD1_HepG2,0.46858007,0.16045152,0.5974038,-0.560629,-0.6092501,-0.8244405,0.6707825,0.118878216,-0.7318242,-0.9690662,-0.9376646,-0.67435205,0.8603452,0.9164498,-0.9995433,0.9924656,-0.16227473,-0.8637426,-0.9103705,-0.8863324,-0.8372997,0.8811348,-0.9250316,-0.027001718,0.0025277229,-0.93822193,0.5788469,0.58434606,-0.99726564,-0.61851317,-0.9116961,-0.12543646,0.57440495,-0.9089116,-0.69237345,-0.537827,-0.53584206,0.4959721,-0.9424676,0.94320875,0.9014639,-0.2877748,0.04616718,-0.89295757,-0.64298254,-0.096120305,-0.95237863,-0.2655057,-0.63801044,0.7117587,-0.9788837,-0.9191384,-0.81689125,-0.9761701,0.98163766,-0.13098843,-0.7923534,-0.9687633,-0.6329104,0.22740878,0.86171985,-0.73741627,-0.94373095,-0.20099261,0.3485157,0.64042133,0.7169052,0.12589973,0.9886579,0.9503652,-0.3728369,-0.9375819,-0.9232467,0.33794755,-0.3587978,-0.91595787,0.94130975,-0.9961036,0.72123164,-0.9916816,-0.9485561,-0.98404974,-0.3897311,0.36076224,-0.96110916,-0.6799348,0.68585545,-0.98298067,-0.9996279,-0.8567655,0.70655215,0.32499447,-0.9833138,-0.76889664,0.7750223,-0.8673645,-0.30751443,0.09007764,0.9010082,-0.40322044,-0.7630631,0.92677325,-0.9994888,0.076454304,0.39113808,0.08829152,0.70372367,-0.13705578,-0.55724835,-0.3926687,-0.98863566,0.9991072,0.92385054,-0.9893587,-0.8796268,0.8984452,-0.9676359,-0.64398706,-0.44439855,0.8960621,0.33945534,0.75471306,-0.40955403,0.93711203,-0.46859485,-0.9808467,0.24691606,-0.7797012,0.9272121,0.4489625,0.92501116,-0.7393082,-0.97873497,0.3642204,-0.95427656,0.17666401,-0.9080516,-0.8160625,-0.9806738,-0.9948186,-0.8834557,-0.9561173,-0.8882823,0.9521431,-0.65635824,-0.6120577,-0.5809157,-0.50060904,-0.48714352,0.31062797,-0.7836518,-0.74676764,-0.8431438,0.94413215,1.0,0.98167896,-0.97977966,-0.66999346,-0.8271315,-0.9997319,-0.84617305,-0.942498,-0.99188787,0.72578305,-0.84312314,-0.39469346,0.18011817,0.15634735,-0.74106777,-0.46353862,-0.76254165,-0.92569774,-0.25853196,0.94398797,-0.7277679,-0.36853343,-0.60508364,0.6440713,-0.9924552,0.9170295,-0.67698646,-0.9701806,-0.812949,-0.8530813,-0.96082973,0.7365314,0.9504954,0.36139926,0.8928691,-0.24358298,-0.99759066,0.98457927,-0.2940659,0.69012284,0.39696717,-0.30409607,-0.71479946,0.4755856,-0.08665354,-0.28302678,-0.83768237,-0.9922559,-0.9959704,0.8857055,-0.79954773,-0.9458703,-0.9526805,-0.9989276,-0.67449653,-0.95704323,0.8979619,-0.4534588,-0.48154783,0.21160774,-0.7694809,0.84852237,0.42111844,0.8490165,-0.97250557,-0.46150395,0.25621903,-0.8258212,0.08030563
SDAD1_K562,0.62832445,-0.030561445,0.433655,-0.70813954,-0.44699192,-0.9171731,0.5171764,-0.07249111,-0.8482699,-0.998338,-0.98670703,-0.8026957,0.74746096,0.975905,-0.97547275,0.99762857,-0.34731868,-0.9439386,-0.9725369,-0.78186315,-0.7177814,0.9550924,-0.9804693,0.16396603,-0.18806049,-0.8550985,0.4128665,0.41901365,-0.96491355,-0.45745787,-0.97328013,0.06589922,0.40790862,-0.81280524,-0.5422045,-0.36733553,-0.3651462,0.65234077,-0.8615027,0.86262983,0.80247104,-0.4649847,-0.14501752,-0.9623686,-0.77713543,0.09530097,-0.9930299,-0.07693755,-0.7730443,0.5648768,-0.9998998,-0.9773601,-0.6920216,-0.9996346,0.9273061,0.0603122,-0.66159385,-0.99826664,-0.76883775,0.03769269,0.7492542,-0.85260576,-0.8634257,-0.3839643,0.52072656,0.77502936,0.8366114,0.3126195,0.941928,0.9922383,-0.18920234,-0.98666835,-0.8331239,0.5110879,-0.53007954,-0.8227167,0.98838043,-0.9610498,0.57603025,-0.9489871,-0.87085,-0.9999172,-0.5580669,0.53186363,-0.89087874,-0.52775806,0.81195486,-0.92996705,-0.98651123,-0.74280477,0.55876786,0.13884114,-0.9999615,-0.8766374,0.8812334,-0.7566455,-0.48318994,0.27819526,0.80184305,-0.570199,-0.8722352,0.838222,-0.9872691,0.2650384,0.20860918,0.27647233,0.82620615,0.054199662,-0.3888227,-0.21023647,-0.9991673,0.97275275,0.9798554,-0.9435093,-0.95414543,0.79832023,-0.90182436,-0.7779605,-0.26556316,0.7950583,0.15400766,0.6158795,-0.22822133,0.98644793,-0.6283375,-0.9257625,0.057749085,-0.88472474,0.98158973,0.6109964,0.8356693,-0.5974582,-0.92171776,0.18009284,-0.99375117,-0.014118667,-0.8116048,-0.6909848,-0.99998647,-0.9959641,-0.77799785,-0.8827743,-0.9595238,0.99293864,-0.7880877,-0.75152785,-0.41517794,-0.32648984,-0.31181356,0.12382025,-0.65092945,-0.6063591,-0.7252441,0.98963124,0.98167896,1.0,-0.99995273,-0.516266,-0.91906404,-0.9770038,-0.72912854,-0.98891205,-0.9494945,0.5814076,-0.93013483,-0.5625352,-0.010607985,0.34168217,-0.59955466,-0.6238814,-0.87184054,-0.8366626,-0.069730796,0.9895683,-0.8451129,-0.538913,-0.7457004,0.48651278,-0.95091033,0.8242363,-0.5243449,-0.9985902,-0.68709534,-0.738031,-0.89041954,0.85192096,0.99229026,0.17711361,0.79070616,-0.054316882,-0.9925327,0.93320745,-0.10656058,0.5395849,0.2148081,-0.11700605,-0.5684516,0.6344868,0.10475984,-0.09508984,-0.92640144,-0.9977441,-0.9606348,0.7810195,-0.8993395,-0.8667013,-0.99314624,-0.971804,-0.8028124,-0.9947561,0.7976574,-0.27532473,-0.6397206,0.02150371,-0.8770769,0.9338039,0.24057998,0.73278505,-0.91031474,-0.28401107,0.43570682,-0.9181443,0.2687615
SERBP1_K562,-0.6358597,0.04027977,-0.4248723,0.71497196,0.43827215,0.9210047,-0.50882936,0.082186416,0.85337925,0.9988512,0.98824066,0.8084571,-0.74096584,-0.9779806,0.97328615,-0.99691206,0.35642076,0.94710404,0.9747542,0.77576375,0.7109769,-0.95792854,0.9823354,-0.17355074,0.19760218,0.8500165,-0.4039904,-0.4101648,0.9623147,0.44878942,0.97546697,-0.075599045,-0.39901105,0.8071022,0.5340082,0.35827395,0.3560763,-0.65968,0.8565246,-0.85767025,-0.7966308,0.4735716,0.1546322,0.96496564,0.7832184,-0.10497629,0.99412906,0.06723866,0.77917624,-0.55682623,0.99999017,0.9793713,0.6849692,0.9998502,-0.9236225,-0.07001572,0.6542708,0.99879175,0.7750194,-0.027973503,-0.74277854,0.8576469,0.8584793,0.39292485,-0.52900374,-0.7811376,-0.8418986,-0.3218414,-0.938618,-0.9934006,0.17964494,0.9882042,0.8277063,-0.5194217,0.53829986,0.8171502,-0.9898118,0.9583169,-0.5680543,0.9458761,0.8660291,0.9997448,0.5661095,-0.54007304,0.88641953,0.5194735,-0.8175925,0.92634815,0.9848728,0.7362592,-0.55067706,-0.12920491,0.9998288,0.8812747,-0.885788,0.7502517,0.49168086,-0.2875223,-0.79599464,0.5781605,0.8769499,-0.8328796,0.98567563,-0.27440217,-0.19908942,-0.28580427,-0.83164525,-0.063906886,0.37984544,0.20071979,0.9987233,-0.97045225,-0.9817511,0.9402427,0.95701116,-0.79242635,0.8975799,0.78403354,0.25617573,-0.7891226,-0.14439231,-0.6081894,0.21874309,-0.98799676,0.6358724,0.92204195,-0.048038747,0.8892155,-0.98340064,-0.61866546,-0.83028895,0.5896322,0.9179025,-0.17051925,0.99478954,0.023840867,0.8058855,0.68392277,0.9999898,0.99504423,0.77185184,0.87816423,0.96221703,-0.99404526,0.7940363,0.7579073,0.40631196,0.3172832,0.30255958,-0.11416515,0.64351666,0.59859806,0.7185148,-0.9909811,-0.97977966,-0.99995273,1.0,0.50791353,0.92285293,0.9748843,0.7224392,0.9903093,0.9463984,-0.57346827,0.9336617,0.570548,0.020331012,-0.35080484,0.59174377,0.6314514,0.87656206,0.831297,0.060027093,-0.9909224,0.8502714,0.5470785,0.7521441,-0.47799408,0.94785607,-0.8186912,0.5160399,0.99905914,0.6799976,0.73143476,0.8859516,-0.8569729,-0.9934485,-0.16753513,-0.78471583,0.044604592,0.99129957,-0.9296691,0.096886836,-0.53137237,-0.20530064,0.107343234,0.56042445,-0.6419729,-0.11442546,0.08540533,0.9300191,0.99704415,0.95788795,-0.7749098,0.90354884,0.86180973,0.9942358,0.96946526,0.8085722,0.9957036,-0.7917551,0.2659635,0.64716434,-0.011780629,0.88170636,-0.93723893,-0.23113012,-0.7261337,0.9062467,0.27467403,-0.44443873,0.921954,-0.27811503
SF3A3_HepG2,0.3418771,-0.8402503,-0.99559087,-0.2391122,0.9968744,0.13222797,-0.99999946,-0.81675047,-0.015601045,0.4660511,0.37022576,-0.09635987,-0.9548189,-0.31695732,0.6921206,-0.5739879,-0.6238046,0.2045982,0.30275512,0.9375896,0.9668702,-0.23931499,0.33774713,0.7601874,-0.7440582,0.88548684,-0.9931766,-0.99394226,0.7230224,0.9977328,0.30581748,0.8205452,-0.9925279,0.9185236,0.9995327,0.98619694,0.9858047,0.3123278,0.8796185,-0.87855846,-0.9253116,-0.5181563,-0.7725073,0.26410607,-0.13777038,0.80332965,0.41172644,0.89361,-0.14418069,-0.9983301,0.5040924,0.32337227,0.97550297,0.49292907,-0.799301,0.82373214,0.9837617,0.46496755,-0.15071316,-0.87527907,-0.95401204,-0.0073592435,0.8778049,-0.5925537,0.4623196,0.14107744,0.03723483,0.652108,-0.7738867,-0.40576065,0.9386384,0.37000462,0.9037924,0.4722674,-0.4525448,0.91157866,-0.3800895,0.7328528,-0.99745363,0.75997424,0.8705665,0.5272445,-0.4225498,0.45066613,0.8489554,0.9999092,0.08072995,0.79497004,0.649494,0.9568705,-0.99872947,-0.9198125,0.5237643,0.04050608,-0.05013299,0.95058477,-0.50036204,0.6789977,-0.92570996,-0.40918705,0.031437654,-0.8997808,0.64591587,0.6889703,-0.945284,0.6803131,0.05594212,0.8271881,0.9897741,0.9458256,0.55077827,-0.70075786,-0.33483025,0.7708758,0.23622666,-0.9279151,0.83564633,-0.13647065,0.96277815,-0.9299137,-0.92571974,-0.9926864,0.9516495,-0.36875144,-0.3418615,0.80176,-0.8848131,0.057560276,-0.34318215,0.3625406,-0.9018063,0.99521726,0.8080269,-0.9354012,0.4174468,-0.8490541,0.91933525,0.9758177,0.51180077,0.591049,0.9397194,0.8580941,0.25417566,-0.41102308,-0.12032258,-0.17699878,0.99346954,0.97805226,0.9747084,-0.913762,0.9862002,0.9940666,0.96406275,-0.3879026,-0.66999346,-0.516266,0.50791353,1.0,0.13695602,0.68700284,0.96254385,0.3833598,0.75892484,-0.9969617,0.1657009,-0.41765457,-0.8509036,0.6284858,0.9949582,-0.34722632,0.030631594,0.9010222,0.8903433,-0.38749954,-0.021533059,-0.44319996,-0.18564259,-0.99940866,0.7559586,-0.9104742,0.99995524,0.47007725,0.9769767,0.95890963,0.84948874,0.008668389,-0.4061436,-0.93432635,-0.93251646,0.883206,0.61687714,-0.7895305,0.9065656,-0.999623,-0.94733423,0.9109519,0.9980701,0.3343984,0.79763204,0.9016392,0.15579218,0.5725952,0.7338709,-0.938059,0.08982416,0.8746583,0.41262987,0.7036466,-0.09616516,0.42596668,-0.9283245,0.96546924,-0.32799128,-0.8673318,0.04141953,-0.17567359,-0.9554777,-0.9610773,0.82445455,0.9677867,0.54592085,0.13465002,0.68616515
SF3B1_K562,-0.8840674,0.42201227,-0.043433815,0.92909455,0.058269333,0.9999886,-0.13800937,0.4596953,0.98831993,0.9402493,0.97089314,0.97277045,-0.42515633,-0.982912,0.8097707,-0.8897588,0.688782,0.9976435,0.9855519,0.47287557,0.38528198,-0.9945685,0.9786242,-0.5394698,0.55991596,0.5815587,-0.02050034,-0.02725828,0.7833373,0.06997984,0.9850023,-0.45381704,-0.015064611,0.51743805,0.16717258,-0.028950622,-0.03130239,-0.8982478,0.5916666,-0.59345806,-0.50236136,0.7762621,0.52322274,0.99157625,0.9622627,-0.47990227,0.95910877,-0.3222295,0.9604806,-0.1939496,0.9245501,0.981643,0.35151443,0.92938054,-0.7047374,-0.44882154,0.31252018,0.9406655,0.9586212,0.3591864,-0.4276014,0.9895424,0.5947254,0.7167868,-0.81504047,-0.96134853,-0.9847907,-0.66167235,-0.7333448,-0.9609384,-0.21310082,0.9709501,0.54771835,-0.80846983,0.82136023,0.53209794,-0.9682895,0.7743447,-0.20725346,0.7479119,0.6066436,0.9139162,0.8399286,-0.8225595,0.6397544,0.15028998,-0.9762875,0.7098083,0.842154,0.41882637,-0.1867,0.26268724,0.9155689,0.9953117,-0.9961976,0.4377277,0.7891304,-0.6342298,-0.50145173,0.847812,0.99439305,-0.555461,0.8446771,-0.62360126,0.19371204,-0.6328424,-0.9813643,-0.44334188,-0.0057438733,-0.19207934,0.90221924,-0.80265,-0.9792565,0.73655933,0.99489444,-0.49636236,0.658539,0.96261895,-0.1358876,-0.4916696,0.24786349,-0.25553858,-0.17395741,-0.97127193,0.8840752,0.70182043,0.34037519,0.996818,-0.9774191,-0.873534,-0.5515763,0.23306693,0.6942583,0.22214755,0.9573106,0.40704468,0.51567596,0.3501704,0.9211031,0.87998253,0.4674248,0.62617505,0.99285555,-0.9593269,0.96690154,0.95069593,0.023039047,-0.07244629,-0.08788265,0.2772767,0.29906312,0.24389169,0.3952054,-0.9661409,-0.8271315,-0.91906404,0.92285293,0.13695602,1.0,0.8138967,0.40039736,0.96739954,0.7489816,-0.2136992,0.99957716,0.84284407,0.40383548,-0.6844168,0.23561095,0.88139004,0.99430746,0.55308604,-0.3290618,-0.96625364,0.9873984,0.827277,0.9479334,-0.10281451,0.7519841,-0.53436387,0.14632094,0.93868834,0.3451385,0.41236675,0.6389778,-0.9893527,-0.96082234,0.22509855,-0.48543835,-0.3436057,0.86412805,-0.7160594,-0.29392824,-0.16410083,0.18748586,-0.2838651,0.19820385,-0.88775355,-0.48822066,-0.30492872,0.99981874,0.8905334,0.77339613,-0.4716839,0.99887484,0.59996206,0.9588277,0.80022335,0.9728158,0.95455235,-0.49540743,-0.12583536,0.89085877,0.37425405,0.9953997,-0.9992317,0.16142459,-0.4053016,0.67350954,-0.11685487,-0.75517476,0.9999973,-0.6266167
SF3B4_HepG2,-0.44799936,-0.18326323,-0.6158122,0.54130507,0.62744766,0.8111152,-0.6877753,-0.1418364,0.7158483,0.96309185,0.9293661,0.65707374,-0.87191665,-0.9069388,0.999975,-0.98936254,0.13938387,0.85184264,0.9005453,0.8968164,0.8497347,-0.8699496,0.9159875,0.050140403,-0.025681457,0.94598264,-0.59757274,-0.6029792,0.9987094,0.63654155,0.9019383,0.14837432,-0.59320456,0.91832304,0.7088946,0.5572032,0.55524796,-0.4757333,0.9499554,-0.95064783,-0.91124475,0.26552266,-0.06928484,0.8822955,0.62507683,0.11914169,0.9450631,0.28775787,0.6200096,-0.72783214,0.9738881,0.90977055,0.83002746,0.9708838,-0.9857913,0.15390818,0.80626667,0.9627616,0.61481416,-0.24989584,-0.87323713,0.7215792,0.95113546,0.17825677,-0.32671958,-0.62246644,-0.70057034,-0.10289585,-0.9918703,-0.9429062,0.39422193,0.9292782,0.93189526,-0.31606498,0.33708885,0.92500365,-0.93324167,0.99787855,-0.73707724,0.99439603,0.95563275,0.9796669,0.368303,-0.33907038,0.967246,0.696731,-0.6688213,0.98697084,0.9987283,0.8684767,-0.7227482,-0.3468047,0.978838,0.75388616,-0.7601825,0.8786552,0.2853997,-0.06699325,-0.91081107,0.38192382,0.7478933,-0.93522215,0.9984805,-0.05334721,-0.41234282,-0.06520379,-0.68708444,0.15995501,0.57632506,0.41385806,0.98488975,-0.99981755,-0.9147404,0.9924624,0.8683773,-0.9083711,0.9732195,0.6261005,0.4650218,-0.90610087,-0.36114395,-0.76970136,0.43056765,-0.9287792,0.44801423,0.9850938,-0.26928717,0.764994,-0.91829133,-0.4281524,-0.9335605,0.7547015,0.9832222,-0.38568684,0.94709927,-0.1994067,0.9175065,0.82922614,0.9758807,0.99219793,0.89406705,0.9626448,0.8774094,-0.94481057,0.6387135,0.5935829,0.59960675,0.520519,0.5072342,-0.33255374,0.7978252,0.7619672,0.85536766,-0.93624806,-0.9997319,-0.9770038,0.9748843,0.68700284,0.8138967,1.0,0.85828537,0.9345069,0.99456525,-0.7415171,0.8304465,0.37331325,-0.20284566,-0.13343582,0.7564157,0.44289768,0.7473577,0.93420804,0.28082997,-0.9360944,0.711693,0.34691012,0.5864865,-0.661611,0.995028,-0.926018,0.69384646,0.96430826,0.8262146,0.8649341,0.96698916,-0.72067213,-0.9430456,-0.38289165,-0.9030565,0.26597476,0.99571687,-0.98836595,0.31611767,-0.70669454,-0.41811246,0.3260724,0.7308004,-0.4550898,0.1096977,0.30515856,0.8248118,0.98911387,0.9977799,-0.8962174,0.7854268,0.9531314,0.94538677,0.99973184,0.6572212,0.95007306,-0.90791076,0.4739742,0.46112567,-0.23418137,0.75448644,-0.83604246,-0.4420068,-0.8610228,0.977637,0.48192126,-0.23376878,0.8125422,-0.0572044
SF3B4_K562,0.07428254,-0.6617737,-0.93286777,0.03310512,0.93811554,0.39602053,-0.9628317,-0.62972087,0.25607628,0.6884755,0.60821885,0.17711367,-0.9996305,-0.562232,0.8618903,-0.77450377,-0.3885324,0.46232533,0.5498167,0.9967535,0.99986494,-0.49359876,0.58029026,0.555562,-0.53504544,0.97830254,-0.92435735,-0.9269153,0.8832413,0.94211483,0.5524992,0.6348401,-0.9222694,0.9913133,0.970382,0.9043658,0.9033592,0.043066483,0.9756406,-0.9751503,-0.9934661,-0.26685795,-0.57140565,0.5157129,0.1359305,0.6117751,0.643384,0.7384455,0.12951282,-0.97659856,0.719369,0.56781894,0.9986084,0.71036434,-0.93229026,0.63915545,0.99557537,0.687587,0.12296099,-0.71137303,-0.9995534,0.26403502,0.97480005,-0.3519585,0.2045919,-0.13262106,-0.23509777,0.42213494,-0.9166105,-0.63836616,0.8099685,0.6080299,0.9859739,0.21559246,-0.19381984,0.9889013,-0.6166309,0.8898736,-0.97942907,0.9077278,0.97136617,0.73787546,-0.16099055,0.19175377,0.9604373,0.96610945,-0.19253488,0.92967176,0.83132166,0.999796,-0.97498375,-0.7789814,0.73510844,0.30989233,-0.3190402,0.9991547,-0.2468749,0.45452058,-0.9935855,-0.1464715,0.30125207,-0.9843822,0.8287024,0.46665493,-0.8214229,0.45611718,-0.21685462,0.64385223,0.9140266,0.8223707,0.756444,-0.8679312,-0.577765,0.9147051,0.49083105,-0.9942325,0.95326704,0.13723034,0.8534328,-0.9947968,-0.7885033,-0.98823494,0.83271825,-0.6069586,-0.07426599,0.9337666,-0.72534126,0.32608074,-0.58498824,0.09628052,-0.98519266,0.9844256,0.93749404,-0.8044978,0.64818347,-0.6740144,0.99158186,0.9985317,0.7255562,0.78761053,0.9972317,0.9651744,0.5068769,-0.64279294,0.15334041,0.09647606,0.9253231,0.88492644,0.8776082,-0.7693911,0.9941478,0.98632395,0.99998397,-0.6232702,-0.84617305,-0.72912854,0.7224392,0.96254385,0.40039736,0.85828537,1.0,0.61941236,0.90704983,-0.9807383,0.4268723,-0.15566397,-0.6766037,0.39405772,0.9848823,-0.079963736,0.300483,0.9848805,0.7335536,-0.6229282,0.2503366,-0.18355596,0.08772391,-0.95265216,0.90512764,-0.9884998,0.9650657,0.6917727,0.9982266,0.99991417,0.96071804,-0.26277202,-0.6386885,-0.80269575,-0.995499,0.7229704,0.8071637,-0.92635083,0.7581764,-0.9696249,-0.8250236,0.7649883,0.97752243,0.066355385,0.6042276,0.7506083,0.41777226,0.7734275,0.89055586,-0.99686146,0.35648966,0.9733226,0.6441427,0.8699393,0.17730619,0.65530986,-0.99434984,0.8586736,-0.059578564,-0.69989735,0.3107614,-0.43600327,-0.83968985,-0.99998564,0.94701153,0.86327535,0.2983135,0.39826342,0.46323466
SFPQ_HepG2,-0.7368853,0.17865604,-0.2950343,0.80514127,0.3091945,0.96618015,-0.38434175,0.21979922,0.91750586,0.9958268,0.99989945,0.88236064,-0.6405222,-0.9974868,0.9319683,-0.9763457,0.4827255,0.982496,0.9963172,0.68061,0.60642505,-0.9885049,0.9988042,-0.3086406,0.33182824,0.76862377,-0.27303374,-0.2795305,0.9152227,0.32033256,0.99658775,-0.21334821,-0.26779974,0.71728486,0.41141376,0.22514199,0.22284906,-0.7576615,0.77654785,-0.77794707,-0.7049631,0.591301,0.2903426,0.9920531,0.8619762,-0.24207085,0.99952215,-0.07197795,0.85867566,-0.4360728,0.9909149,0.9979437,0.5771478,0.99256456,-0.86143905,-0.20787571,0.54290164,0.99593776,0.85527194,0.11112254,-0.6425957,0.9207528,0.7789361,0.51682645,-0.6417329,-0.86027837,-0.9086843,-0.45021245,-0.88161457,-0.9997028,0.041284226,0.99989605,0.74175155,-0.6330632,0.6501244,0.729178,-0.99999374,0.90935135,-0.448253,0.89163977,0.78819793,0.98691905,0.67510587,-0.6517227,0.81354475,0.39576897,-0.8896358,0.8650598,0.9512639,0.6351448,-0.42941546,0.009762621,0.9875703,0.93836945,-0.94165665,0.6511611,0.60784864,-0.41775087,-0.7042167,0.68587255,0.9351945,-0.7479451,0.95270157,-0.40529135,-0.06106097,-0.41612104,-0.90070677,-0.201883,0.24769418,0.062721856,0.98202974,-0.92753726,-0.998648,0.883842,0.98801917,-0.7000353,0.82765657,0.8626406,0.11944824,-0.6961708,-0.0055691153,-0.49205452,0.08110743,-0.9998757,0.7368966,0.859348,0.091145754,0.94413406,-0.9990701,-0.7217813,-0.74484086,0.47174945,0.85389936,-0.032021455,0.99930805,0.16244967,0.71584946,0.5759751,0.98967165,0.97159237,0.67607224,0.80322003,0.99070704,-0.9995457,0.87076217,0.8411622,0.2754757,0.18250498,0.16725756,0.024912478,0.5309779,0.48154798,0.6149598,-0.9999879,-0.942498,-0.98891205,0.9903093,0.3833598,0.96739954,0.9345069,0.61941236,1.0,0.8923689,-0.45413718,0.9743544,0.6790758,0.1589846,-0.47745854,0.47405523,0.7330214,0.93490857,0.7460481,-0.07918337,-0.9999899,0.91513,0.65803015,0.83637655,-0.35137555,0.8944101,-0.7310083,0.39208016,0.9954006,0.5715797,0.62964326,0.81295705,-0.9202413,-0.9996925,-0.028995188,-0.69102633,-0.094568744,0.96341324,-0.8694975,-0.042278007,-0.40857324,-0.06739034,-0.031773865,0.43997303,-0.7422343,-0.2512836,-0.05379408,0.97204626,0.9767118,0.9087273,-0.6796187,0.9543005,0.7830143,0.999491,0.92601323,0.8824527,0.9989145,-0.6992496,0.1295088,0.7467676,0.12720321,0.93868506,-0.97658193,-0.09377146,-0.62361,0.8387535,0.13847469,-0.5645412,0.9668075,-0.40882012
SLBP_K562,-0.35248223,-0.28461885,-0.6944969,0.45082062,0.7051077,0.7458115,-0.759617,-0.24412824,0.6392589,0.92983276,0.88588023,0.5750181,-0.91815835,-0.85815006,0.99527615,-0.9688399,0.035527393,0.7926779,0.8503857,0.93800324,0.9000072,-0.8138783,0.86923766,0.153852,-0.12962247,0.97459733,-0.6778061,-0.68276066,0.9985696,0.71338004,0.8520729,0.25053057,-0.6737987,0.95454425,0.7784758,0.6406296,0.6388212,-0.38156933,0.9773167,-0.9777853,-0.94917375,0.1637019,-0.17277303,0.82849395,0.54041135,0.22186765,0.905893,0.3859053,0.534952,-0.79527396,0.94495815,0.86160684,0.8835838,0.94066644,-0.9979225,0.25594628,0.86347425,0.92938155,0.5293602,-0.34934938,-0.9192261,0.64557546,0.9781143,0.07484055,-0.22654259,-0.53759825,-0.6224682,0.0012257851,-0.9997287,-0.9031054,0.48776275,0.8857697,0.96459603,-0.21556915,0.23723534,0.95953584,-0.8907665,0.99923354,-0.80343324,0.9999987,0.9811073,0.95345396,0.2695051,-0.23928027,0.9884179,0.7676295,-0.5877848,0.99835896,0.98805135,0.9153697,-0.7907754,-0.44257352,0.9522125,0.68138486,-0.6884066,0.9235905,0.18406367,0.037251987,-0.94884217,0.2836257,0.67471516,-0.9670026,0.98731667,0.05090951,-0.5049537,0.039043944,-0.6077026,0.2618601,0.6582778,0.5063891,0.96150625,-0.9963726,-0.8677021,0.99982786,0.81202686,-0.9469716,0.991864,0.5415149,0.5546675,-0.94522357,-0.45626956,-0.8319857,0.5221975,-0.885143,0.3524978,0.9976497,-0.36809257,0.6937825,-0.872081,-0.33173618,-0.96580374,0.8189064,0.99687046,-0.4796504,0.90853727,-0.30034694,0.9539288,0.8829108,0.94784826,0.97382534,0.9358446,0.98560405,0.8226925,-0.9055659,0.5551315,0.506568,0.67967075,0.6065888,0.5942047,-0.42893568,0.85625905,0.8252526,0.9046527,-0.89458007,-0.99188787,-0.9494945,0.9463984,0.75892484,0.7489816,0.99456525,0.90704983,0.8923689,1.0,-0.8073415,0.7679309,0.27469605,-0.3036937,-0.029526634,0.8204055,0.3471441,0.6741197,0.96627164,0.37922892,-0.89438456,0.6346853,0.2473755,0.4989702,-0.7360857,0.9999897,-0.9602866,0.76505125,0.93149966,0.8803781,0.9124872,0.98826414,-0.64457506,-0.90328515,-0.4769915,-0.9428683,0.36489397,0.9806794,-0.9988298,0.41317567,-0.7765172,-0.51041794,0.4227249,0.7978966,-0.35990784,0.21258824,0.40264904,0.7614618,0.9684175,0.99929106,-0.9375337,0.71671575,0.9794521,0.9063125,0.99670964,0.57517815,0.9124229,-0.9466177,0.5630756,0.36623478,-0.33412847,0.68205374,-0.77437454,-0.532997,-0.90929276,0.9942191,0.5705293,-0.13126817,0.74743736,0.047050934
SLTM_HepG2,-0.26763847,0.7954638,0.9852594,0.16275196,-0.98769176,-0.20903555,0.99704397,0.7693253,-0.062330153,-0.5335519,-0.4414592,0.018536298,0.97506684,0.38987118,-0.7462397,0.63602775,0.561029,-0.2802221,-0.37607294,-0.9618279,-0.98381627,0.31421772,-0.41003695,-0.7072702,0.6897559,-0.91899073,0.9810751,0.9823616,-0.7746363,-0.98945916,-0.37904984,-0.7735297,0.9800079,-0.9465292,-0.99887687,-0.9703033,-0.96973145,-0.23738232,-0.9139983,0.9130937,0.95203793,0.44996095,0.7206975,-0.33843118,0.0602013,-0.75450087,-0.48146024,-0.85593307,0.06666322,0.9997965,-0.56983346,-0.39609808,-0.9896745,-0.5592041,0.84368116,-0.7770655,-0.994753,-0.532516,0.073251694,0.83494914,0.9744634,-0.070554286,-0.9124502,0.5280078,-0.39184582,-0.06353481,0.040717322,-0.59107393,0.82086724,0.47572088,-0.9089209,-0.4412457,-0.93438244,-0.40217283,0.3817091,-0.9408329,0.45098224,-0.7836238,0.99997824,-0.8082922,-0.9062489,-0.5918296,0.35066825,-0.3797622,-0.88753986,-0.9979207,-0.0028457486,-0.83980846,-0.7067481,-0.9765924,0.9996203,0.88645566,-0.5885274,-0.118212365,0.1277759,-0.9718798,0.4314005,-0.61975,0.95235926,0.3368701,-0.109196916,0.93103504,-0.7034178,-0.63042074,0.9169994,-0.62115645,0.021999026,-0.78090465,-0.9756559,-0.9176618,-0.6141186,0.7541978,0.4072101,-0.8181506,-0.31119767,0.95413387,-0.8758916,0.05889149,-0.93879896,0.95573574,0.8934471,0.99907374,-0.9248303,0.44003525,0.2676226,-0.84587663,0.8458307,-0.13514952,0.4153024,-0.28884506,0.9327271,-0.9998026,-0.85146236,0.905017,-0.4869603,0.80532295,-0.9471912,-0.98987925,-0.5771643,-0.6520849,-0.9634996,-0.89548457,-0.3287385,0.48078373,0.042629626,0.09979758,-0.9815636,-0.9588508,-0.95433927,0.8793416,-0.9960996,-0.99951905,-0.9818279,0.4585181,0.72578305,0.5814076,-0.57346827,-0.9969617,-0.2136992,-0.7415171,-0.9807383,-0.45413718,-0.8073415,1.0,-0.24201395,0.34561086,0.8073993,-0.56598914,-0.99974716,0.27312452,-0.108395256,-0.9320726,-0.85217416,0.45812988,-0.056407582,0.3720281,0.10853927,0.9936938,-0.8046522,0.9399219,-0.99765396,-0.5373996,-0.9906266,-0.9780955,-0.8880047,0.069248065,0.47608945,0.90372497,0.9578126,-0.84399176,-0.6763095,0.83493584,-0.8709352,0.99872446,0.91951096,-0.87605226,-0.99987465,-0.2599735,-0.74822766,-0.8652119,-0.23226102,-0.6347154,-0.78455323,0.962197,-0.16712965,-0.9097588,-0.4823291,-0.75685585,0.018340709,-0.49514544,0.9544624,-0.94224334,0.2534105,0.8259268,-0.11912012,0.251822,0.92959124,0.97967756,-0.8660316,-0.94523495,-0.47900033,-0.21142484,-0.62741745
SLTM_K562,-0.87010425,0.39547312,-0.072465256,0.9179479,0.08727206,0.9994271,-0.16674954,0.43367854,0.9834709,0.94975203,0.9774469,0.96562004,-0.4512941,-0.98784876,0.82648903,-0.9026542,0.667411,0.9992166,0.99006003,0.498296,0.4119511,-0.99717444,0.9841903,-0.5147589,0.53558767,0.60496694,-0.04956233,-0.05631272,0.8010801,0.098955736,0.98960274,-0.42771497,-0.044131234,0.5421008,0.19576949,0.00012619892,-0.002226633,-0.8850891,0.6148576,-0.61661,-0.5272904,0.7576036,0.49822238,0.9949232,0.9539434,-0.45418963,0.9669331,-0.2945674,0.951981,-0.22239223,0.93523926,0.98677367,0.37858698,0.9397205,-0.7250685,-0.42264813,0.3400084,0.9501346,0.9499382,0.33189818,-0.45370507,0.9849299,0.6178495,0.6962087,-0.79784864,-0.95293623,-0.9793223,-0.63959104,-0.7528028,-0.9685794,-0.18460184,0.97749716,0.5718142,-0.7910152,0.80442727,0.55649173,-0.9751444,0.792416,-0.23561126,0.7668967,0.6295024,0.9253321,0.82379365,-0.80567634,0.66183174,0.17897294,-0.9695802,0.7299897,0.8574772,0.44505292,-0.21518657,0.23452055,0.92687535,0.9920786,-0.9932431,0.46368578,0.770937,-0.6114811,-0.5263965,0.83203423,0.99089783,-0.5794047,0.859884,-0.60060704,0.16510414,-0.6100613,-0.97536206,-0.41709137,0.023334846,-0.16346279,0.91437787,-0.81965345,-0.9847341,0.7559146,0.9974083,-0.5213945,0.6801422,0.9543362,-0.107023075,-0.5167812,0.21958925,-0.28354147,-0.14525041,-0.97778076,0.87011254,0.72223663,0.31289068,0.9940788,-0.98315,-0.85901123,-0.57559675,0.26124442,0.71489197,0.19370338,0.9653108,0.38031363,0.5403704,0.37725815,0.9320338,0.8934221,0.492932,0.64858097,0.9959053,-0.9671296,0.9590738,0.94127655,0.052098356,-0.043415293,-0.058881227,0.24922279,0.3266827,0.27198732,0.421748,-0.97323465,-0.84312314,-0.93013483,0.9336617,0.1657009,0.99957716,0.8304465,0.4268723,0.9743544,0.7679309,-0.24201395,1.0,0.8268398,0.37706438,-0.66292775,0.26376954,0.8672818,0.990789,0.57707673,-0.30146524,-0.973335,0.9823794,0.81059206,0.93827254,-0.1316937,0.770833,-0.5587152,0.1750229,0.9483161,0.3722826,0.43868187,0.6610743,-0.98470265,-0.96847516,0.19667283,-0.5106541,-0.31615403,0.8783962,-0.73605335,-0.2660116,-0.1927145,0.15884542,-0.2558644,0.22661996,-0.8739936,-0.46263835,-0.2771078,0.99994963,0.9033844,0.7915016,-0.497123,0.99707353,0.62297064,0.9666797,0.8173224,0.9656709,0.96281487,-0.52045584,-0.09693652,0.8772731,0.34713215,0.99219304,-0.9999488,0.13266091,-0.4317117,0.6947177,-0.08792789,-0.73579496,0.9995068,-0.60369146
SMNDC1_HepG2,-0.9966441,0.84357905,0.5010419,0.9821154,-0.48813167,0.8454021,0.41668788,0.86537695,0.9150112,0.6092479,0.6894157,0.9446229,0.12875721,-0.7293795,0.36674812,-0.504296,0.97068334,0.803934,0.7395168,-0.07562656,-0.17187889,-0.7822528,0.7141518,-0.9078205,0.9178122,0.05236948,0.5207662,0.51498365,0.3257138,-0.47785637,0.7373489,-0.8620468,0.5253999,-0.024393512,-0.38968456,-0.5623332,-0.5642771,-0.99359745,0.06482916,-0.06704814,0.041910127,0.9935282,0.89961106,0.7660397,0.95748204,-0.87662053,0.65606,-0.7810427,0.9593301,0.36446983,0.57418084,0.72473055,-0.20754203,0.5846765,-0.21217781,-0.859196,-0.24779665,0.61021847,0.9611734,0.80498236,0.12607564,0.91165507,0.06862014,0.9793929,-0.99876285,-0.95844024,-0.92352724,-0.9611937,-0.2522249,-0.6609797,-0.7054073,0.68958807,0.011384253,-0.99814016,0.99924916,-0.0071734646,-0.68166906,0.31212464,0.3517907,0.2731446,0.08348466,0.5518487,0.99998546,-0.9993285,0.12559633,-0.40537447,-0.9393575,0.2191819,0.41960976,-0.13567767,0.3713365,0.74066275,0.5552556,0.89094263,-0.88652515,-0.114925675,0.99566424,-0.95063066,0.04296091,0.9999568,0.89502686,-0.020665767,0.42386788,-0.94629955,0.6912336,-0.9500727,-0.9305476,-0.85604733,-0.54299045,-0.6900299,0.52833456,-0.3555245,-0.7163165,0.25680935,0.78422964,0.048827134,0.1500568,0.9571028,-0.64769816,0.054217104,0.7302749,0.30491152,-0.6765716,-0.69056416,0.9966427,0.20816614,0.79290766,0.8830593,-0.7100937,-0.99820834,-0.016002133,-0.32689834,0.19782509,0.7119467,0.6513032,0.8346332,-0.0264504,-0.20894584,0.5668313,0.48605984,-0.081782915,0.10817587,0.7726081,-0.6566423,0.9522581,0.96818435,-0.51859677,-0.59780484,-0.61014706,0.7507578,-0.26146457,-0.3163441,-0.16125156,-0.6754533,-0.39469346,-0.5625352,0.570548,-0.41765457,0.84284407,0.37331325,-0.15566397,0.6790758,0.27469605,0.34561086,0.8268398,1.0,0.8326942,-0.96922266,-0.32442412,0.99709433,0.8953862,0.017812751,-0.78553486,-0.67577565,0.91738874,0.9995995,0.9703465,0.44864938,0.27906173,0.0044952678,-0.40904018,0.6056286,-0.21419115,-0.14271052,0.124594316,-0.9121923,-0.660665,0.7140698,0.061347224,-0.7949977,0.45748538,-0.22787091,-0.76212186,0.3925508,0.68663627,-0.7552744,-0.36042625,-0.99596214,-0.8811552,-0.7695357,0.83244455,0.50576305,0.31070185,0.07697454,0.86741763,0.07513304,0.65531147,0.35172895,0.94455874,0.64414424,0.04992568,-0.6399398,0.99532956,0.8144856,0.8905272,-0.8211048,0.66715574,0.150369,0.16986854,-0.63296133,-0.98926973,0.8440943,-0.9475415
SMNDC1_K562,-0.784573,0.99980086,0.896428,0.7135448,-0.88974595,0.40819594,0.8503445,0.9980819,0.5385329,0.06821798,0.17296703,0.60487026,0.6563395,-0.22853602,-0.20976013,0.058241304,0.9413788,0.3401159,0.24305215,-0.615121,-0.68861514,-0.30642286,0.20706211,-0.9881498,0.9840971,-0.50936556,0.9063606,0.90348387,-0.2523172,-0.88432854,0.23993248,-0.99846923,0.9086444,-0.57388055,-0.83444756,-0.9261395,-0.9270243,-0.7648031,-0.49858564,0.4966565,0.58814496,0.8902015,0.9909117,0.28194082,0.63754183,-0.99640346,0.12839025,-0.99616367,0.64251685,0.8191366,0.024759937,0.22193857,-0.7144953,0.0376314,0.36444598,-0.9987632,-0.742802,0.06943947,0.64756376,0.9988333,0.65429735,0.53156966,-0.49528855,0.92736906,-0.8591994,-0.6401112,-0.55664086,-0.9531412,0.32580397,-0.13486995,-0.9798758,0.17320138,-0.54421747,-0.86490166,0.8535234,-0.5596922,-0.16247658,-0.26616475,0.8112719,-0.30523014,-0.48228315,-0.0022610845,0.8356693,-0.8524243,-0.44476524,-0.8437485,-0.59230053,-0.35775697,-0.15321952,-0.6615908,0.8233501,0.9887861,0.0018294603,0.49042395,-0.48200288,-0.64576215,0.880592,-0.96342164,0.5889952,0.827509,0.4983118,0.53640664,-0.14857711,-0.9669952,0.9757311,-0.9639006,-0.5721005,-0.9990489,-0.91713613,-0.97536534,-0.030198436,0.2215131,-0.21009097,-0.32131866,0.3094481,0.59373075,-0.422512,0.6365304,-0.9612221,0.59806514,0.98638034,0.781263,-0.97113353,-0.17452948,0.7845626,-0.3682638,0.99766237,0.4754727,-0.20140335,-0.7980703,0.5403373,-0.79551715,-0.37806198,0.98168385,0.12215364,0.99999386,-0.5755645,-0.7154987,0.015813006,-0.07918242,-0.6199786,-0.4604065,0.29179034,-0.12915574,0.62388825,0.6676365,-0.9052848,-0.9416842,-0.9467821,0.9909353,-0.7521905,-0.78871393,-0.6807597,-0.15412164,0.18011817,-0.010607985,0.020331012,-0.8509036,0.40383548,-0.20284566,-0.6766037,0.1589846,-0.3036937,0.8073993,0.37706438,0.8326942,1.0,-0.94338727,-0.79392874,0.7880932,0.49901083,-0.5388125,-0.99677,-0.15455367,0.5435226,0.848031,0.67415434,0.8684634,-0.29936197,0.5574705,-0.8458958,0.063671954,-0.7192377,-0.6668998,-0.44566956,-0.5326781,-0.13445492,0.9822562,0.6037735,-0.99789137,-0.11144362,0.34941837,-0.9931199,0.8361598,0.9743226,-0.9918341,-0.8166403,-0.7796209,-0.9955529,-0.99440396,0.3863435,-0.056544334,-0.26760808,0.6161867,0.44676664,-0.4896054,0.12740682,-0.22546798,0.6047145,0.112822555,0.5946152,-0.9583765,0.77535045,0.9994844,0.48962703,-0.3676708,0.96802264,0.6726484,-0.40423682,-0.9557542,-0.90466,0.40596372,-0.9660036
SND1_HepG2,0.9458181,-0.9498189,-0.6986759,-0.90553665,0.68797165,-0.68788797,-0.6276584,-0.96211195,-0.78753144,-0.39527676,-0.4898688,-0.8347624,-0.36893082,0.53851324,-0.12642914,0.27618626,-0.999982,-0.63278,-0.5510394,0.31877938,0.40911087,0.60481304,-0.51984453,0.9831204,-0.9873038,0.19509013,-0.7149071,-0.71016395,-0.082928605,0.67940813,-0.54835385,0.96028924,-0.7186978,0.26975492,0.6044152,0.74859965,0.7501576,0.9352037,0.18283397,-0.1806472,-0.28658956,-0.9909133,-0.9794308,-0.5842166,-0.8569907,0.96810067,-0.45006981,0.91074175,-0.8603095,-0.58250433,-0.35495,-0.5327953,0.4419798,-0.36695942,-0.034932703,0.95871234,0.47867754,-0.39640102,-0.8636576,-0.9262688,-0.36641672,-0.78242517,0.17909727,-0.9989705,0.9802656,0.8587069,0.80068326,0.99952704,0.006235992,0.45589727,0.85819364,-0.49007642,0.23513569,0.98242784,-0.9780334,0.253132,0.4805642,-0.06863194,-0.57141274,-0.027914278,0.16441111,-0.32955945,-0.97053665,0.97759235,0.12250551,0.6179489,0.8260199,0.027763214,-0.18323147,0.37541115,-0.58849084,-0.88327366,-0.3334187,-0.75172526,0.7453351,0.3559431,-0.9879205,0.99777025,-0.28759715,-0.96689147,-0.75767845,-0.22610334,-0.187846,0.99676466,-0.8478606,0.997649,0.81176186,0.9569532,0.7330102,0.8469772,-0.3030533,0.114480734,0.52248794,-0.010976257,-0.60734206,-0.29321635,0.09795972,-0.8563137,0.8153319,-0.29837212,-0.8759816,-0.52998954,0.837034,0.4912514,-0.9458127,0.039033107,-0.91851515,-0.7403556,0.5148977,0.9527559,-0.23064448,0.54949737,0.049583673,-0.8629148,-0.4444477,-0.94454587,0.27173597,0.4432668,-0.3465698,-0.2559522,0.32462695,0.1398947,-0.5925301,0.4507589,-0.8477911,-0.87678134,0.7131291,0.7767586,0.7864183,-0.89027625,0.49103907,0.54015064,0.39925247,0.47312668,0.15634735,0.34168217,-0.35080484,0.6284858,-0.6844168,-0.13343582,0.39405772,-0.47745854,-0.029526634,-0.56598914,-0.66292775,-0.96922266,-0.94338727,1.0,0.5473091,-0.9476529,-0.75820446,0.22888194,0.91370213,0.47351184,-0.79117393,-0.9758014,-0.88097423,-0.6548593,-0.03406752,-0.25053972,0.62109935,-0.39108753,0.44807103,0.3819842,0.123507895,0.78323984,0.4555246,-0.86444074,-0.30518073,0.91986907,-0.22449258,-0.01885116,0.89805466,-0.6068935,-0.84448075,0.8933813,0.5789723,0.9432079,0.97043884,0.90306646,-0.6704105,-0.27781948,-0.06713777,-0.32006067,-0.7182235,0.17266938,-0.44918412,-0.11044898,-0.83465457,-0.43601093,-0.2942674,0.8094194,-0.9409304,-0.93225086,-0.751122,0.6553161,-0.8300108,-0.38912722,0.07796719,0.8040734,0.99479055,-0.686112,0.9970677
SND1_K562,0.24590601,-0.7816366,-0.98116386,-0.14052543,0.9839251,0.23097114,-0.9950643,-0.75476587,0.08475585,0.5524342,0.46152326,0.0039497074,-0.97981006,-0.41047874,0.76101893,-0.6532182,-0.5422743,0.30173558,0.39681244,0.96773785,0.9875964,-0.3354846,0.43044144,0.69119555,-0.67330134,0.9276238,-0.97647333,-0.9779087,0.7886603,0.9859529,0.3997613,0.759084,-0.9752865,0.9535441,0.99755895,0.964619,0.963996,0.21547973,0.9228898,-0.92203116,-0.9586773,-0.42976683,-0.7049275,0.359504,-0.03774168,0.73955303,0.5010461,0.8440898,-0.0442112,-0.9990902,0.5881668,0.41664404,0.9926472,0.5777035,-0.8555387,0.76271635,0.9968019,0.5514132,-0.050808404,-0.8223638,-0.979266,0.092965595,0.92142016,-0.50877905,0.3710598,0.04107876,-0.0631738,0.5727874,-0.8335013,-0.4953785,0.8993155,0.46131206,0.9421571,0.38148454,-0.3608299,0.94821465,-0.47093698,0.7973943,-0.99957716,0.82132673,0.91552526,0.6098044,-0.3295222,0.3588654,0.8976751,0.99621916,-0.01964018,0.851803,0.7224769,0.98118204,-0.998748,-0.8758252,0.6065573,0.14051,-0.15004458,0.9769289,-0.41100597,0.60194707,-0.958976,-0.31561396,0.13152003,-0.93900526,0.71922207,0.6128072,-0.90779847,0.60337806,-0.044473324,0.7666618,0.97047806,0.90849507,0.6317089,-0.7687719,-0.42764366,0.83087283,0.3324877,-0.9606242,0.8865195,-0.03643045,0.93081623,-0.96210986,-0.8831216,-0.9997887,0.9160436,-0.46011505,-0.24588992,0.85765594,-0.83362204,0.15739425,-0.43565178,0.26724526,-0.94059914,0.9999966,0.8630387,-0.89522356,0.5064762,-0.7917893,0.954162,0.9928199,0.59538037,0.66896695,0.9692755,0.90526617,0.3498909,-0.5003781,-0.020154107,-0.07739942,0.97701776,0.9522246,0.94738114,-0.868412,0.99783176,0.99996364,0.98584676,-0.4783846,-0.74106777,-0.59955466,0.59174377,0.9949582,0.23561095,0.7564157,0.9848823,0.47405523,0.8204055,-0.99974716,0.26376954,-0.32442412,-0.79392874,0.5473091,1.0,-0.25142518,0.13072054,0.9399827,0.84019315,-0.47800058,0.0788427,-0.3510628,-0.08615948,-0.99092144,0.8177993,-0.94736046,0.9958624,0.5562262,0.99344754,0.98252857,0.8981197,-0.091662,-0.4957423,-0.8938703,-0.96403253,0.8317183,0.69270164,-0.84709924,0.85966575,-0.9973366,-0.91044027,0.86498797,0.9992658,0.2381955,0.7331208,0.8537188,0.2540726,0.6519302,0.7982971,-0.96807766,0.18925633,0.91886324,0.5019039,0.7713604,0.0041453284,0.5145557,-0.96092916,0.9344742,-0.23159519,-0.81304127,0.14141509,-0.2735189,-0.9210683,-0.98393995,0.87705505,0.93765706,0.4591414,0.23334828,0.6097498
SRSF1_HepG2,-0.9999838,0.80022085,0.43366134,0.9936042,-0.4202285,0.883634,0.3462289,0.8246888,0.9430843,0.6678841,0.74259216,0.96687615,0.05284042,-0.7793732,0.43655106,-0.5686115,0.94955295,0.8469017,0.7886452,0.0005517761,-0.09633662,-0.82743484,0.7653997,-0.8732374,0.88490224,0.1282893,0.45422122,0.4481886,0.3967899,-0.40955162,0.7866645,-0.82093346,0.45905787,0.05183145,-0.3183974,-0.49770808,-0.4997473,-0.9993167,0.14065693,-0.14285842,-0.03432123,0.9819887,0.86373156,0.8127796,0.97667634,-0.83741856,0.7116449,-0.73120266,0.9780462,0.29247406,0.6348804,0.7751127,-0.13242126,0.644777,-0.28600335,-0.817724,-0.17327566,0.6687949,0.9794012,0.75744814,0.05014088,0.9403113,0.14441758,0.9611622,-0.99207276,-0.977388,-0.95005995,-0.9373856,-0.32520565,-0.71622187,-0.6493636,0.74275154,0.087522864,-0.9905961,0.9933942,0.06902193,-0.7354233,0.38358867,0.2794613,0.34563094,0.15915254,0.6137724,0.9966689,-0.9936336,0.20080446,-0.33455977,-0.962752,0.29286936,0.48753628,-0.059811443,0.29952773,0.6873294,0.6169967,0.92294693,-0.9191946,-0.03891997,0.9856853,-0.924229,-0.033270106,0.9977596,0.92640185,-0.09676596,0.49163115,-0.9189227,0.6341773,-0.92354286,-0.95573735,-0.8141845,-0.47744408,-0.63288987,0.591476,-0.42569092,-0.7673893,0.32968464,0.8292161,-0.027400391,0.22493477,0.97639376,-0.5877775,-0.022004658,0.6761128,0.23147629,-0.6185111,-0.7436539,0.99998367,0.28206927,0.7441861,0.9162401,-0.76166683,-0.99986583,-0.09212239,-0.25395712,0.27192146,0.65638435,0.70721465,0.7902494,0.049776196,-0.13384376,0.62794113,0.55122006,-0.00562407,0.1835908,0.8187263,-0.7121869,0.9727474,0.9844334,-0.4519575,-0.5350015,-0.5480204,0.69825584,-0.18717839,-0.24316059,-0.08560329,-0.72966343,-0.46353862,-0.6238814,0.6314514,-0.34722632,0.88139004,0.44289768,-0.079963736,0.7330214,0.3471441,0.27312452,0.8672818,0.99709433,0.7880932,-0.9476529,-0.25142518,1.0,0.9267052,0.093925536,-0.73611295,-0.72996235,0.94504076,0.99453926,0.9859402,0.3792662,0.35140115,-0.07169378,-0.3383392,0.6644863,-0.1391602,-0.06689917,0.19981498,-0.940756,-0.7159295,0.6586655,-0.0148642985,-0.746478,0.52389354,-0.30138123,-0.7105881,0.32134852,0.6292607,-0.7031531,-0.28832257,-0.9999069,-0.8425765,-0.7186531,0.8722358,0.5700089,0.3822052,0.0008001446,0.9028012,0.15087569,0.71094793,0.42201596,0.9668262,0.7005404,-0.026301136,-0.57954437,0.9997912,0.76792276,0.92259467,-0.8621988,0.60847193,0.07462147,0.24444461,-0.5721476,-0.9752658,0.8824872,-0.9204397
SRSF1_K562,-0.9288314,0.516206,0.06326169,0.9632119,-0.048430134,0.99480456,-0.031694513,0.55170196,0.9989312,0.8986185,0.9398465,0.9919278,-0.32629666,-0.95770365,0.74264395,-0.8360617,0.7621056,0.9846539,0.961895,0.37630042,0.28476566,-0.97781694,0.95114094,-0.6261134,0.6450096,0.49157026,0.08614277,0.0794061,0.71264774,-0.036706112,0.96101105,-0.54617876,0.09155786,0.4233165,0.06117154,-0.13528997,-0.13762079,-0.93996155,0.5024007,-0.50432235,-0.40737343,0.8390127,0.61104476,0.972131,0.9857793,-0.570648,0.92349166,-0.42126086,0.9846705,-0.088319935,0.8786856,0.9557332,0.24976431,0.88476044,-0.62513274,-0.5414809,0.20952925,0.89915496,0.9834971,0.45658007,-0.32885063,0.99927825,0.5056822,0.78700215,-0.87213564,-0.98521256,-0.99769706,-0.7377953,-0.65673226,-0.9259795,-0.31598914,0.93992776,0.45545498,-0.86657554,0.8774611,0.43885595,-0.93615836,0.70251644,-0.10183833,0.67292744,0.5184868,0.8654652,0.89297104,-0.87846917,0.5542214,0.044095833,-0.9937954,0.63071525,0.77990496,0.3196888,-0.08096185,0.3639988,0.8675072,0.9999512,-0.99980956,0.3394371,0.8500833,-0.712997,-0.40641266,0.89948833,0.9999997,-0.46369916,0.78283566,-0.7033451,0.29713994,-0.7117386,-0.9962519,-0.5363235,-0.112258226,-0.2955507,0.8511312,-0.7345298,-0.95209265,0.6602997,0.978478,-0.40104014,0.5746073,0.9859989,-0.24067454,-0.39608997,0.34967646,-0.15107264,-0.2778914,-0.9403873,0.9288376,0.6219249,0.43862432,0.9996367,-0.9493403,-0.9204255,-0.4595615,0.12812567,0.6136202,0.32476947,0.921062,0.5020501,0.42145118,0.24837427,0.8743783,0.8243619,0.37057135,0.5395363,0.97449005,-0.9237875,0.9885833,0.97832745,-0.08361263,-0.1783027,-0.19351892,0.37806934,0.19568825,0.13917203,0.29508072,-0.93314993,-0.76254165,-0.87184054,0.87656206,0.030631594,0.99430746,0.7473577,0.300483,0.93490857,0.6741197,-0.108395256,0.990789,0.8953862,0.49901083,-0.75820446,0.13072054,0.9267052,1.0,0.46116915,-0.42780355,-0.93330705,0.9986394,0.8824262,0.9764697,0.0037549208,0.6774685,-0.4412611,0.04008597,0.8966103,0.24317218,0.31295148,0.5533804,-0.99922764,-0.92582124,0.32763153,-0.38952243,-0.4417112,0.805586,-0.63760793,-0.39409733,-0.058062293,0.29107797,-0.38441503,0.09264061,-0.9317464,-0.57842875,-0.40466735,0.9920985,0.83699304,0.7014498,-0.37504753,0.9982417,0.5113047,0.92311084,0.7317705,0.9919526,0.91736233,-0.40003252,-0.23082091,0.9341906,0.4709291,0.9999417,-0.98936766,0.26565713,-0.3055893,0.590917,-0.2220085,-0.82072115,0.9945528,-0.7060861
SRSF7_HepG2,-0.09959697,-0.52189296,-0.8563607,0.20574464,0.8639366,0.5491045,-0.90148294,-0.48562723,0.41966328,0.80370647,0.73653156,0.34493205,-0.98922527,-0.69699323,0.9367055,-0.87237686,-0.22303328,0.60894454,0.68620443,0.9956309,0.9819001,-0.6367966,0.7126009,0.40312168,-0.38060284,0.99940217,-0.84428746,-0.84789073,0.9511203,0.86978656,0.6885394,0.49139273,-0.8413615,0.9991093,0.913861,0.81676275,0.815403,-0.13065894,0.99889284,-0.99878573,-0.99821633,-0.09587041,-0.4205978,0.6563367,0.3055024,0.46549106,0.7662753,0.61046594,0.29933065,-0.92457515,0.8288264,0.70183283,0.97437394,0.8215527,-0.9808555,0.49626058,0.9642444,0.8029774,0.2930223,-0.5788653,-0.9896174,0.42713037,0.9987069,-0.18448643,0.031927954,-0.30232066,-0.39992273,0.25870922,-0.972008,-0.76205915,0.69612443,0.7363705,0.9999793,0.043171823,-0.020939412,0.99968785,-0.7436875,0.95545024,-0.9296637,0.9666858,0.9978381,0.8436418,0.012418861,0.018834269,0.9941613,0.9067848,-0.35961762,0.9794335,0.91503507,0.988179,-0.9217364,-0.658577,0.84143853,0.46991384,-0.47839844,0.99116933,-0.075269476,0.2933418,-0.998153,0.027109716,0.4618846,-0.99999595,0.9131306,0.30638346,-0.710204,0.2950557,-0.38268855,0.5015668,0.8299335,0.71137446,0.8583128,-0.9408517,-0.7104245,0.9708833,0.63434184,-0.997779,0.9911935,0.30675155,0.7502387,-0.99740493,-0.6700366,-0.9467982,0.72420824,-0.7354574,0.09961348,0.9816463,-0.59512126,0.48491684,-0.71664447,-0.07760538,-0.99999833,0.93908656,0.9836056,-0.6894402,0.77029896,-0.5358517,0.99902034,0.9740501,0.8338001,0.8824451,0.99503523,0.995901,0.64854497,-0.76577926,0.32220823,0.2674443,0.8456456,0.79086596,0.78129405,-0.64709955,0.9604025,0.94285893,0.9838844,-0.74931765,-0.92569774,-0.8366626,0.831297,0.9010222,0.55308604,0.93420804,0.9848805,0.7460481,0.96627164,-0.9320726,0.57707673,0.017812751,-0.5388125,0.22888194,0.9399827,0.093925536,0.46116915,1.0,0.6047267,-0.749028,0.4142706,-0.010489076,0.25896475,-0.8855743,0.9650917,-0.99975115,0.90508544,0.8064091,0.9728214,0.9870653,0.9942697,-0.42594633,-0.76233023,-0.68724394,-0.99686533,0.592355,0.89722514,-0.9775959,0.6337553,-0.91259193,-0.7146548,0.64185107,0.92621946,-0.107501075,0.4570563,0.6247949,0.5688488,0.87154466,0.9558912,-0.9955037,0.51295304,0.99835366,0.766912,0.94221866,0.34511566,0.77625674,-0.99770516,0.75690395,0.114249505,-0.56558317,0.47072065,-0.585313,-0.732916,-0.9857946,0.9883362,0.7627856,0.12845586,0.5511454,0.30270377
SRSF7_K562,0.73224413,-0.9949688,-0.9291248,-0.65497476,0.9235297,-0.3335638,-0.8898586,-0.98988646,-0.46912462,0.012124317,-0.09330965,-0.53896457,-0.7148098,0.14961416,0.28760502,-0.1382259,-0.9112457,-0.2634959,-0.16436628,0.67645246,0.7446252,0.22898753,-0.12782463,0.9726313,-0.9666531,0.5768303,-0.93736404,-0.93498784,0.32921284,0.9189657,-0.16119432,0.9908022,-0.9392441,0.6377952,0.8760097,0.9534391,0.9541461,0.7105926,0.56659025,-0.5647565,-0.65119565,-0.85073996,-0.97690845,-0.20397899,-0.57361126,0.98638,-0.048331067,0.9999739,-0.578903,-0.862556,0.05560445,-0.14291552,0.76837504,0.042742416,-0.4380546,0.9915442,0.7941706,0.010900118,-0.5842758,-0.9994853,-0.71291673,-0.46182966,0.56345546,-0.89432627,0.81533474,0.5763436,0.4881259,0.92576706,-0.40067878,0.0548588,0.99274117,-0.093546666,0.60983455,0.82179755,-0.80892104,0.62443656,0.082709625,0.3427173,-0.8556057,0.38072097,0.5510773,0.08256261,-0.7888617,0.8076814,0.51525724,0.8841282,0.525681,0.43159533,0.23208538,0.7196749,-0.86626875,-0.9975856,0.07848535,-0.41885185,0.41008168,0.7049955,-0.8396912,0.9387877,-0.65199363,-0.77974635,-0.42707437,-0.6024516,0.2275151,0.9434094,-0.99016494,0.93940395,0.50438446,0.9923201,0.9461829,0.98993075,0.1103733,-0.29911157,0.13089593,0.39633116,-0.2320813,-0.65643483,0.49393597,-0.5725359,0.98026466,-0.6604969,-0.99640363,-0.8288684,0.9871534,0.09488931,-0.7322328,0.4417395,-0.99992794,-0.40328646,0.122089215,0.7471011,-0.60616803,0.84160936,0.4511894,-0.9938133,-0.042051475,-0.99648196,0.6393788,0.76929283,0.06453706,0.15898365,0.680988,0.5302104,-0.21403366,0.04910194,-0.5591104,-0.605691,0.93647647,0.96566635,0.9695735,-0.99852335,0.8026804,0.83553725,0.7373879,0.07427434,-0.25853196,-0.069730796,0.060027093,0.8903433,-0.3290618,0.28082997,0.7335536,-0.07918337,0.37922892,-0.85217416,-0.30146524,-0.78553486,-0.99677,0.91370213,0.84019315,-0.73611295,-0.42780355,0.6047267,1.0,0.074710384,-0.474356,-0.8027323,-0.61266136,-0.90547174,0.3750211,-0.6223422,0.88599634,0.016679902,0.7727105,0.7245878,0.5161225,0.4629906,0.054440826,-0.994145,-0.6658421,0.99988073,0.19089267,-0.42353666,0.99931645,-0.8775075,-0.9892577,0.9988727,0.86035275,0.72680897,0.9847718,0.9996763,-0.31102216,0.13654225,0.34412372,-0.6774477,-0.37347504,0.55804896,-0.047340736,0.30298084,-0.5387997,-0.03266175,-0.65726393,0.97820985,-0.7221284,-0.9988346,-0.4180214,0.29179913,-0.9850425,-0.72990143,0.47638628,0.9762914,0.8675155,-0.33125874,0.9421212
SRSF9_HepG2,0.7338451,-0.17423978,0.29931778,-0.8024724,-0.31345782,-0.96501356,0.38847968,-0.21542032,-0.91571236,-0.9962262,-0.9998258,-0.8802406,0.64396083,0.99715894,-0.9335854,0.97730595,-0.47879156,-0.9816504,-0.9959225,-0.68389004,-0.60998625,0.98781663,-0.9985748,0.30437028,-0.3275927,-0.7714859,0.27734694,0.28383502,-0.9170212,-0.3245793,-0.9962074,0.20896307,0.27211934,-0.7204037,-0.41549873,-0.22951093,-0.22722028,0.75472593,-0.7793666,0.7807582,0.7081379,-0.58767706,-0.28604633,-0.9914786,-0.85969317,0.23771556,-0.9996508,0.06750246,-0.8563677,0.44010577,-0.99150825,-0.99764615,-0.58080584,-0.9931007,0.86370885,0.20348522,-0.5466638,-0.9963317,-0.85293865,-0.10666258,0.64602685,-0.9189932,-0.78174156,-0.5129805,0.6382857,0.85798246,0.9068021,0.44620207,0.88372314,0.9998021,-0.04576626,-0.9998213,-0.74475294,0.6295839,-0.6467091,-0.73224074,0.9999678,-0.91120857,0.4522589,-0.893662,-0.7909509,-0.9876324,-0.6717894,0.6483135,-0.8161453,-0.39988503,0.8875781,-0.86730164,-0.9526378,-0.63860375,0.43346283,-0.0052763415,-0.9882655,-0.9368094,0.9401372,-0.65455943,-0.6042801,0.41367063,0.7073949,-0.6826008,-0.93359625,0.7509154,-0.9540554,0.40118602,0.065538146,0.41203734,0.8987487,0.19748695,-0.25203824,-0.067198664,-0.9828665,0.9292047,0.99840474,-0.88593173,-0.98731685,0.703232,-0.8301661,-0.86036265,-0.123901315,0.6993846,0.010055385,0.49595502,-0.085578114,0.99979496,-0.7338565,-0.86163366,-0.08667735,-0.942646,0.9988666,0.71866894,0.7478269,-0.47570038,-0.85622567,0.036505226,-0.99946487,-0.15802146,-0.71897495,-0.5796369,-0.9903048,-0.9726444,-0.6793711,-0.8058843,-0.99008685,0.99967086,-0.8685474,-0.83872765,-0.27978572,-0.18691419,-0.17167896,-0.020427225,-0.5347743,-0.48547503,-0.6184914,0.9999999,0.94398797,0.9895683,-0.9909224,-0.38749954,-0.96625364,-0.9360944,-0.6229282,-0.9999899,-0.89438456,0.45812988,-0.973335,-0.67577565,-0.15455367,0.47351184,-0.47800058,-0.72996235,-0.93330705,-0.749028,0.074710384,1.0,-0.9133121,-0.6546454,-0.833909,0.35557234,-0.89640754,0.73406214,-0.39620325,-0.9958204,-0.5752553,-0.6331222,-0.81556135,0.9184763,0.9997937,0.033479165,0.6942621,0.0901015,-0.964606,0.8717047,0.037795197,0.41266376,0.07186586,0.027289417,-0.4439974,0.7392203,0.24693875,0.049313758,-0.97098315,-0.9776646,-0.91059065,0.6829029,-0.9529502,-0.7857969,-0.9996241,-0.9276975,-0.8803335,-0.9991134,0.7024496,-0.1339561,-0.74377626,-0.12275174,-0.9371289,0.9756069,0.09823714,0.6271107,-0.84118795,-0.14291635,0.5608324,-0.96565145,0.4047217
SSB_HepG2,-0.94688845,0.5601661,0.11521826,0.9759156,-0.10045049,0.98814225,0.020469861,0.5944446,0.9999824,0.87451714,0.9207543,0.9971907,-0.27655932,-0.9413948,0.70671105,-0.8063142,0.79483175,0.9742135,0.94632816,0.32747394,0.23438978,-0.9655637,0.9337459,-0.6659225,0.6839817,0.44548947,0.13797916,0.13128084,0.6750955,-0.088768475,0.9452842,-0.58911806,0.14336182,0.3754959,0.00903852,-0.1867739,-0.18908481,-0.9564795,0.45662865,-0.45860595,-0.35919476,0.86624515,0.6514931,0.958583,0.99320114,-0.6126947,0.90223044,-0.46798238,0.9924266,-0.036255985,0.8525948,0.93908924,0.19892974,0.85925347,-0.58358,-0.5845853,0.15825427,0.87511027,0.99159366,0.5023535,-0.2791561,0.9998995,0.46000555,0.81810373,-0.8964629,-0.99280685,-0.9998766,-0.7719922,-0.616513,-0.9050301,-0.36503464,0.9208472,0.40841055,-0.8914205,0.9012796,0.39140135,-0.91655064,0.6644489,-0.049823433,0.63343793,0.47319084,0.83816344,0.91522837,-0.90218985,0.51006144,-0.008060888,-0.9982433,0.5893899,0.74620485,0.26984295,-0.028875433,0.41207376,0.84038746,0.9980754,-0.99743146,0.28992376,0.87639004,-0.74859107,-0.35821313,0.92105,0.998597,-0.4168659,0.7493229,-0.73945713,0.3465278,-0.7474008,-0.9994071,-0.57960695,-0.16392343,-0.34496644,0.82259816,-0.6981445,-0.9348501,0.6202384,0.966386,-0.35272416,0.5311465,0.99335307,-0.2909618,-0.34766865,0.3980561,-0.099318035,-0.3276068,-0.9213721,0.9468938,0.5802432,0.48489088,0.9968711,-0.9316612,-0.93955845,-0.41262156,0.07623369,0.5716096,0.3736483,0.89950174,0.5464662,0.3735878,0.19752295,0.84788436,0.7937215,0.3216324,0.49489602,0.96146065,-0.90256304,0.9950956,0.9877942,-0.1354637,-0.22937194,-0.24441719,0.42583185,0.14428276,0.08734272,0.2448538,-0.91313386,-0.7277679,-0.8451129,0.8502714,-0.021533059,0.9873984,0.711693,0.2503366,0.91513,0.6346853,-0.056407582,0.9823794,0.91738874,0.5435226,-0.79117393,0.0788427,0.94504076,0.9986394,0.4142706,-0.474356,-0.9133121,1.0,0.9057584,0.98638695,0.05589689,0.63818955,-0.39386472,-0.012074102,0.8722984,0.19225918,0.26299766,0.5091924,-0.9999172,-0.9048518,0.37645495,-0.34096375,-0.4878946,0.77359354,-0.5965679,-0.4414883,-0.0059241783,0.34057146,-0.43203256,0.040591367,-0.94941396,-0.6201801,-0.4518037,0.98420614,0.80731845,0.66332895,-0.32619616,0.99379253,0.46579352,0.9018024,0.6952337,0.9972053,0.8953567,-0.35169506,-0.28124622,0.9515244,0.51629126,0.99801826,-0.98043734,0.3155693,-0.2555206,0.5480439,-0.27255252,-0.8493978,0.98776406,-0.74205244
SSB_K562,-0.99392843,0.8584382,0.5253321,0.9763938,-0.51263475,0.8299481,0.44224647,0.87921184,0.90322804,0.58656317,0.6686405,0.93495804,0.1567694,-0.7097275,0.34027386,-0.47965652,0.9770966,0.78678197,0.7201711,-0.103814304,-0.19968821,-0.7643101,0.69405663,-0.9193244,0.9286799,0.024088036,0.5447167,0.5390354,0.2988273,-0.5025244,0.717937,-0.8760445,0.5492681,-0.052674387,-0.41559047,-0.585509,-0.5874148,-0.99000233,0.036563307,-0.038785666,0.070168026,0.9963447,0.91160893,0.74754226,0.9489345,-0.88988644,0.6344396,-0.79840213,0.95095724,0.39067635,0.5507815,0.704941,-0.23514214,0.5614839,-0.18443811,-0.8733311,-0.27511385,0.58755434,0.9529795,0.82145005,0.15409888,0.8996601,0.040359933,0.98471606,-0.9997701,-0.94998276,-0.9123036,-0.9686157,-0.22473978,-0.6394787,-0.72518337,0.6688175,-0.016917657,-0.9994655,0.9999454,-0.035469167,-0.6606902,0.2851143,0.37814018,0.2458123,0.055250585,0.5280279,0.9997376,-0.9999652,0.09747057,-0.43108192,-0.9292764,0.19148304,0.3937543,-0.16366106,0.39746362,0.7593796,0.53149724,0.8777348,-0.8730767,-0.14299168,0.9978979,-0.959032,0.07121688,0.9992931,0.8820465,0.0076360083,0.39806655,-0.95506954,0.7114065,-0.9585224,-0.91981256,-0.8703323,-0.5665368,-0.7102362,0.5040958,-0.32893145,-0.6962831,0.22935607,0.7663565,0.077072896,0.122017816,0.9485197,-0.6689999,0.08245331,0.7493152,0.3317411,-0.69713974,-0.6698195,0.99392664,0.18040363,0.80983394,0.86942583,-0.68988353,-0.9961153,0.012300193,-0.35351193,0.17000593,0.7315343,0.62956816,0.84988624,-0.054729328,-0.23653693,0.54329044,0.46113363,-0.10995479,0.07999906,0.7543319,-0.63503593,0.94323707,0.96071506,-0.5425855,-0.6202513,-0.6323239,0.76915103,-0.2886748,-0.34306347,-0.18911582,-0.6543148,-0.36853343,-0.538913,0.5470785,-0.44319996,0.827277,0.34691012,-0.18355596,0.65803015,0.2473755,0.3720281,0.81059206,0.9995995,0.848031,-0.9758014,-0.3510628,0.99453926,0.8824262,-0.010489076,-0.8027323,-0.6546454,0.9057584,1.0,0.96311736,0.473761,0.25177494,0.032792248,-0.4346997,0.58286715,-0.2417479,-0.17066313,0.09646539,-0.90023094,-0.63915676,0.73359525,0.08956842,-0.81184596,0.4321377,-0.2002251,-0.7801385,0.41842127,0.70693505,-0.7735195,-0.38667923,-0.9930227,-0.8941829,-0.78729934,0.8164303,0.4811475,0.2836785,0.10515906,0.8529891,0.046883393,0.63367283,0.32509708,0.9348886,0.6222401,0.078169465,-0.66142935,0.99219906,0.8305783,0.8772964,-0.80462337,0.6879692,0.17828609,0.14191271,-0.6546169,-0.9930081,0.82858235,-0.95620733
STAU2_HepG2,-0.98687637,0.6887601,0.27699554,0.9985029,-0.2626921,0.94944215,0.18459754,0.718585,0.98539394,0.7828594,0.84406465,0.9959333,-0.11476729,-0.8731126,0.5807483,-0.69807315,0.8837993,0.9238489,0.88029724,0.16764246,0.071339116,-0.9096374,0.8621754,-0.77953345,0.7946301,0.29220328,0.2989688,0.2925113,0.54459244,-0.25135168,0.87876755,-0.7139743,0.3041525,0.21797657,-0.15551859,-0.34577844,-0.34798518,-0.9914426,0.30411658,-0.3062344,-0.20083894,0.9366107,0.76737803,0.89869887,0.99882334,-0.73431474,0.81903255,-0.6069342,0.9991164,0.12857036,0.75505614,0.86979145,0.035067476,0.76343673,-0.44210052,-0.7100434,-0.0062686233,0.7836206,0.9993722,0.6377007,-0.11745237,0.98395693,0.30773386,0.90153193,-0.95712614,-0.99897975,-0.9888483,-0.8660068,-0.4786487,-0.8227654,-0.5131589,0.84419227,0.25274956,-0.9538063,0.96025246,0.23475145,-0.8383107,0.5325116,0.115091376,0.4975717,0.32188353,0.7370643,0.96902835,-0.960838,0.3616761,-0.1723866,-0.994397,0.44852328,0.62657577,0.1078288,0.13588987,0.55629456,0.7398226,0.97429127,-0.972075,0.12859933,0.9436546,-0.84743005,-0.1998083,0.97255224,0.9762955,-0.26172,0.63022906,-0.8400931,0.4960625,-0.84647655,-0.99146384,-0.7057188,-0.3239082,-0.49461713,0.71789527,-0.570908,-0.8637404,0.48280552,0.9109536,-0.19405064,0.38458863,0.99875885,-0.444327,-0.18875329,0.5434889,0.065661855,-0.47851315,-0.84491444,0.98687905,0.4384167,0.6221058,0.9703025,-0.85923254,-0.98307085,-0.25721532,-0.08876634,0.4289004,0.5210922,0.81540984,0.67674315,0.21596768,0.033633042,0.7491586,0.6828903,0.16155082,0.3452678,0.90316045,-0.8194751,0.9978155,0.9999614,-0.29654464,-0.38630608,-0.40054333,0.5688214,-0.020401536,-0.07765863,0.08208537,-0.8336676,-0.60508364,-0.7457004,0.7521441,-0.18564259,0.9479334,0.5864865,0.08772391,0.83637655,0.4989702,0.10853927,0.93827254,0.9703465,0.67415434,-0.88097423,-0.08615948,0.9859402,0.9764697,0.25896475,-0.61266136,-0.833909,0.98638695,0.96311736,1.0,0.21931966,0.50290227,-0.23735425,-0.17633854,0.78001654,0.028268939,0.100765534,0.36073434,-0.9841896,-0.8225273,0.5236739,-0.18173532,-0.62479377,0.6588596,-0.45647267,-0.5830255,0.15859449,0.49054524,-0.5744535,-0.12426647,-0.9881284,-0.7407347,-0.5923537,0.9416978,0.6992892,0.5312434,-0.16630928,0.96197003,0.31394008,0.81846327,0.56757206,0.99591565,0.80993456,-0.192972,-0.43522075,0.98914886,0.65009224,0.97408485,-0.93472356,0.46731174,-0.09306028,0.403037,-0.42705756,-0.9246191,0.94867206,-0.84218234
SUB1_HepG2,-0.37398773,0.8583967,0.9982275,0.27235794,-0.9990014,-0.09806717,0.9993715,0.836107,0.049972173,-0.4353536,-0.3380656,0.13052742,0.94403553,0.28415826,-0.66689324,0.54549223,0.65030986,-0.17082006,-0.26980534,-0.9250782,-0.95752114,0.20578785,-0.30518338,-0.78207755,0.7665911,-0.86898595,0.99659926,0.9971335,-0.6988413,-0.9994569,-0.27289957,-0.83971363,0.99613655,-0.904386,-0.99789053,-0.9913071,-0.99099475,-0.34480742,-0.8627424,0.8616157,0.9117256,0.5472585,0.79388493,-0.23078622,0.17174557,-0.8233318,-0.38014808,-0.9085149,0.17812069,0.9957535,-0.4740982,-0.29064402,-0.967362,-0.46272054,0.7781657,-0.84274036,-0.9770087,-0.4342509,0.1846158,0.8913905,0.9431405,0.041738495,-0.86081505,0.61990106,-0.49253556,-0.17503466,-0.0715735,-0.67779016,0.75165254,0.3740942,-0.94994265,-0.33784163,-0.8885423,-0.5022964,0.48293924,-0.8969033,0.348061,-0.7090247,0.9944115,-0.7371765,-0.8531328,-0.49771574,0.45346406,-0.48109433,-0.8302824,-0.9988547,-0.11495439,-0.7736407,-0.6229651,-0.94631547,0.9964062,0.93275964,-0.4941637,-0.0061258134,0.015762165,-0.93934774,0.5298366,-0.70383936,0.9121571,0.4403193,0.0029484746,0.88424534,-0.6192843,-0.7134846,0.9559429,-0.70511204,-0.09023961,-0.84602046,-0.9940936,-0.95643014,-0.5217535,0.67581356,0.30223224,-0.7485176,-0.2026756,0.91454816,-0.8162659,0.17045279,-0.9715027,0.91671795,0.93817693,0.9879484,-0.96164924,0.336572,0.37397224,-0.7807361,0.9003112,-0.023198713,0.3106831,-0.39437172,0.8864141,-0.9912698,-0.7872916,0.94700605,-0.38595474,0.8667176,-0.9052622,-0.9677247,-0.48195833,-0.56296366,-0.927406,-0.8399305,-0.22077008,0.37943444,0.15438615,0.21073575,-0.99680525,-0.9846382,-0.9818163,0.92719036,-0.97992444,-0.9897387,-0.95435756,0.355981,0.6440713,0.48651278,-0.47799408,-0.99940866,-0.10281451,-0.661611,-0.95265216,-0.35137555,-0.7360857,0.9936938,-0.1316937,0.44864938,0.8684634,-0.6548593,-0.99092144,0.3792662,0.0037549208,-0.8855743,-0.90547174,0.35557234,0.05589689,0.473761,0.21931966,1.0,-0.7330028,0.89571553,-0.99903864,-0.4394506,-0.9690632,-0.94858736,-0.8308449,-0.043046508,0.37448254,0.9460292,0.91954786,-0.89880955,-0.58945024,0.7679615,-0.92054206,0.9980879,0.95778555,-0.9245973,-0.9953447,-0.36660573,-0.81789917,-0.91597694,-0.12173535,-0.54406685,-0.71007997,0.9255908,-0.055525504,-0.85747355,-0.38106504,-0.6787987,0.13033347,-0.39460573,0.9149924,-0.9738561,0.36027977,0.8839332,-0.0070400094,0.14172013,0.9650583,0.9510092,-0.8045078,-0.9758715,-0.57440686,-0.100499004,-0.71077234
SUGP2_HepG2,-0.35673016,-0.28026065,-0.6912209,0.45487127,0.70187885,0.7488303,-0.7566543,-0.23971991,0.64274603,0.931495,0.88797873,0.5787291,-0.91634876,-0.86047375,0.995707,-0.9699552,0.040067445,0.7954394,0.85276747,0.9364187,0.89801764,-0.8165097,0.87147486,0.14936133,-0.1251163,0.97356975,-0.6744587,-0.6794341,0.9988022,0.71018887,0.8544421,0.2461297,-0.6704346,0.9531802,0.7756161,0.6371345,0.6353193,-0.3857648,0.9763444,-0.97682285,-0.94773394,0.16818209,-0.1682964,0.83102953,0.5442284,0.21743542,0.90780777,0.38170996,0.5387849,-0.7925114,0.9464349,0.86390406,0.8814472,0.9421984,-0.9976195,0.2515517,0.86117375,0.9310489,0.53320915,-0.34508887,-0.9174278,0.64903843,0.9771589,0.07937021,-0.23096532,-0.5414236,-0.6260175,-0.0033173938,-0.99961257,-0.905047,0.48379153,0.88786924,0.96338785,-0.2200034,0.24164636,0.9582466,-0.8928221,0.9994011,-0.8007199,0.99998105,0.98021823,0.9548141,0.2738774,-0.24368899,0.9877183,0.7647099,-0.5914544,0.9980885,0.9887414,0.91353106,-0.7879863,-0.43849483,0.95359033,0.6847031,-0.69169486,0.9218391,0.18852744,0.032711584,-0.9473978,0.28797936,0.6780614,-0.9658351,0.9880278,0.04637171,-0.5010269,0.034503836,-0.6113045,0.25747275,0.65485096,0.50246626,0.9627447,-0.9967489,-0.8699516,0.99973327,0.81466997,-0.945502,0.9912754,0.54532874,0.5508814,-0.9437308,-0.45222205,-0.8294565,0.5183176,-0.8872479,0.35674572,0.99732816,-0.3638646,0.6970473,-0.8742953,-0.33601865,-0.96461576,0.8162905,0.996501,-0.47565886,0.9104261,-0.29601043,0.95255584,0.8807684,0.9492865,0.974848,0.93423384,0.9848258,0.8252668,-0.9074838,0.55890465,0.5104799,0.6763312,0.6029706,0.5905444,-0.42482713,0.8539034,0.82267827,0.9027073,-0.89660126,-0.9924552,-0.95091033,0.94785607,0.7559586,0.7519841,0.995028,0.90512764,0.8944101,0.9999897,-0.8046522,0.770833,0.27906173,-0.29936197,-0.03406752,0.8177993,0.35140115,0.6774685,0.9650917,0.3750211,-0.89640754,0.63818955,0.25177494,0.50290227,-0.7330028,1.0,-0.95900905,0.7621176,0.9331426,0.87821436,0.91061914,0.98756,-0.6480419,-0.90522504,-0.47299346,-0.9413449,0.36066028,0.981558,-0.9985997,0.40903407,-0.7736465,-0.5065058,0.41860315,0.7951498,-0.36414284,0.2081466,0.39848626,0.7643989,0.9695403,0.99945176,-0.9359434,0.7198766,0.9785257,0.90822315,0.99706763,0.57888865,0.9142728,-0.9451434,0.5593152,0.37045854,-0.32984295,0.68536913,-0.77724123,-0.5291474,-0.9073927,0.99372107,0.5667922,-0.13577066,0.7504478,0.042512313
SUPV3L1_HepG2,0.07737621,0.54079133,0.8676665,-0.18386368,-0.8749555,-0.5303247,0.91091347,0.5050061,-0.3993112,-0.7902332,-0.72125965,-0.3239082,0.9922449,0.68082404,-0.92866236,0.8612554,0.244723,-0.59109867,-0.66980743,-0.9974661,-0.98588073,0.61943865,-0.6967735,-0.42343566,0.4011363,-0.9983823,0.8560316,0.85950637,-0.94399476,-0.88057697,-0.6721911,-0.5106984,0.85320854,-0.999802,-0.9226908,-0.8294301,-0.82811344,0.10851053,-0.9975949,0.99743825,0.99929965,0.11805081,0.44073123,-0.63934356,-0.28418583,-0.4851182,-0.751752,-0.627982,-0.27797192,0.93284416,-0.8161393,-0.68576795,-0.9791491,-0.80863035,0.9762674,-0.51550335,-0.9699162,-0.7894824,-0.27162153,0.596911,0.9925773,-0.4068543,-0.99732435,0.20636463,-0.054215528,0.2809825,0.37937796,-0.28019252,0.966525,0.7474255,-0.7119659,-0.72109485,-0.99987394,-0.065447174,0.04323632,-0.9999964,0.72858953,-0.94862854,0.93765056,-0.9607354,-0.99612373,-0.83145505,0.009889517,-0.04113275,-0.9915069,-0.91596365,0.33871338,-0.9746889,-0.9058093,-0.9913529,0.93015814,0.6751997,-0.8291755,-0.4501062,0.45869055,-0.9938806,0.097494125,-0.31459433,0.99925977,-0.0048041595,-0.44198474,0.99968344,-0.90380967,-0.32754132,0.72573143,-0.31629616,0.36198428,-0.52074045,-0.8421713,-0.7268751,-0.8466528,0.9330595,0.69454855,-0.965298,-0.61693954,0.99901664,-0.9879929,-0.2854436,-0.76480085,0.9987628,0.6864291,0.95374167,-0.7394105,0.72015965,-0.07739264,-0.9771478,0.61289996,-0.46528748,0.70090824,0.05534634,0.99978995,-0.9465194,-0.97933817,0.70542663,-0.7558825,0.5545525,-0.9997589,-0.97885656,-0.8212776,-0.87173194,-0.99700767,-0.9936355,-0.631404,0.75124294,-0.30101067,-0.24588333,-0.85734147,-0.8043208,-0.79502285,0.6639456,-0.9663786,-0.95005685,-0.9876282,0.7343593,0.9170295,0.8242363,-0.8186912,-0.9104742,-0.53436387,-0.926018,-0.9884998,-0.7310083,-0.9602866,0.9399219,-0.5587152,0.0044952678,0.5574705,-0.25053972,-0.94736046,-0.07169378,-0.4412611,-0.99975115,-0.6223422,0.73406214,-0.39386472,0.032792248,-0.23735425,0.89571553,-0.95900905,1.0,-0.9143459,-0.7930169,-0.9777447,-0.9903959,-0.9916377,0.40565825,0.7477035,0.7032774,0.99838215,-0.61017996,-0.8871519,0.9726572,-0.6508529,0.92148554,0.73008007,-0.65879714,-0.9343984,0.085296825,-0.47678328,-0.64205664,-0.550361,-0.86039025,-0.94910127,0.997369,-0.49367672,-0.99682575,-0.7524055,-0.9345114,-0.32409328,-0.76200074,0.9989673,-0.77129394,-0.092060134,0.5838389,-0.4509223,0.5670808,0.74790967,0.9892959,-0.98469317,-0.7770207,-0.1505461,-0.53239495,-0.32388866
SUPV3L1_K562,0.33297163,-0.83508337,-0.99465895,-0.22991574,0.99608237,0.14159918,-0.9999648,-0.8112554,-0.00614131,0.4744003,0.37899727,-0.086939394,-0.95758766,-0.32591558,0.69891787,-0.5817089,-0.6163827,0.21384911,0.3117579,0.9408374,0.9692418,-0.24848956,0.34663638,0.75400704,-0.73770434,0.88984305,-0.9920289,-0.99285805,0.72952545,0.9970515,0.31481087,0.8151012,-0.99132913,0.92222273,0.99977714,0.9845864,0.9841722,0.30332687,0.8840792,-0.8830377,-0.9288576,-0.51004183,-0.7664654,0.27321854,-0.12839425,0.7976599,0.42032927,0.88932383,-0.13481289,-0.9988319,0.51224023,0.3323098,0.97754043,0.50113803,-0.80495024,0.8183315,0.98541564,0.47332212,-0.14135428,-0.8706647,-0.9568052,0.0021010183,0.8822972,-0.5849066,0.45391044,0.13170557,0.027779538,0.6449068,-0.7798435,-0.414389,0.9353335,0.37877697,0.9078006,0.46390742,-0.4440884,0.9154272,-0.3888228,0.7392566,-0.99808365,0.76608896,0.87518245,0.53525937,-0.41395676,0.4422009,0.8539168,0.99999195,0.07129702,0.8006735,0.6566582,0.9595761,-0.99916154,-0.9160595,0.5317996,0.049956694,-0.05957904,0.95347935,-0.49214876,0.6720222,-0.9292467,-0.4005368,0.040891763,-0.9038685,0.653109,0.68208283,-0.9421553,0.6733491,0.04649424,0.8218351,0.9883804,0.9427118,0.55864954,-0.7074755,-0.3437294,0.7768674,0.24540854,-0.9314003,0.8408051,-0.12709285,0.960178,-0.9333514,-0.92210037,-0.99378407,0.94870085,-0.37752843,-0.33295596,0.80737805,-0.8803655,0.06700221,-0.35205254,0.3537078,-0.9058541,0.99609685,0.81356424,-0.9320143,0.4260247,-0.84401816,0.9230165,0.9778419,0.5199052,0.5986535,0.9429122,0.8629134,0.2633138,-0.41962892,-0.110925734,-0.16768004,0.9923457,0.9760373,0.9725506,-0.9098779,0.9877223,0.99505115,0.96653295,-0.3966047,-0.67698646,-0.5243449,0.5160399,0.99995524,0.14632094,0.69384646,0.9650657,0.39208016,0.76505125,-0.99765396,0.1750229,-0.40904018,-0.8458958,0.62109935,0.9958624,-0.3383392,0.04008597,0.90508544,0.88599634,-0.39620325,-0.012074102,-0.4346997,-0.17633854,-0.99903864,0.7621176,-0.9143459,1.0,0.47840613,0.9789513,0.9615507,0.85444194,-0.00079183176,-0.41477025,-0.93091273,-0.93589115,0.87872976,0.62429535,-0.7953011,0.90253216,-0.99983805,-0.9442622,0.9070087,0.9986129,0.32546782,0.7918904,0.8975074,0.16512989,0.58032537,0.7402643,-0.9412948,0.09924209,0.8792049,0.4212287,0.71033716,-0.08674451,0.4345066,-0.9318,0.9629615,-0.31903976,-0.8625843,0.050869748,-0.1849789,-0.9526436,-0.96364796,0.82977146,0.9653616,0.5379703,0.14401804,0.6792527
TAF15_HepG2,-0.6687337,0.08357571,-0.3852126,0.7446208,0.39887798,0.9370326,-0.47101557,0.12533094,0.8751841,0.9999896,0.9939422,0.83322144,-0.71114457,-0.9861114,0.9624131,-0.99256855,0.3966062,0.9601312,0.9835205,0.747667,0.6798102,-0.9694745,0.9895267,-0.21609825,0.23993015,0.82637185,-0.36393788,-0.37022582,0.9496156,0.40961096,0.9840967,-0.11877272,-0.35886854,0.7807372,0.49683818,0.3174468,0.3152149,-0.6916532,0.8333357,-0.83456296,-0.7696662,0.5113235,0.1973341,0.9754367,0.809446,-0.14800681,0.99788624,0.023904506,0.805627,-0.52027875,0.9992415,0.9872134,0.65272725,0.9996601,-0.90612996,-0.11321245,0.620857,0.9999833,0.80169666,0.015404883,-0.7130425,0.8791419,0.8354299,0.43243605,-0.56530964,-0.80748045,-0.86450994,-0.36259997,-0.9227744,-0.99744016,0.13681255,0.99391603,0.8025905,-0.5559926,0.5743427,0.79138243,-0.99505544,0.94502443,-0.5318275,0.9309117,0.84353006,0.9978244,0.60132724,-0.57606506,0.8655108,0.48192647,-0.841795,0.9091408,0.97643125,0.7062187,-0.513958,-0.08607783,0.9980857,0.90094185,-0.90508175,0.7208726,0.5289825,-0.32878938,-0.7689943,0.6130023,0.8969671,-0.80809313,0.9774341,-0.3158482,-0.15640125,-0.32709542,-0.8549459,-0.10712714,0.33936954,0.15804462,0.99559295,-0.9590745,-0.9890749,0.92459065,0.96869,-0.7652271,0.8776161,0.8102158,0.21401285,-0.7617413,-0.101341896,-0.57319117,0.17621864,-0.9937666,0.66874605,0.90438676,-0.0046745804,0.9082197,-0.9903446,-0.6521565,-0.8053368,0.55404955,0.89982986,-0.12762493,0.99827504,0.06717514,0.7794497,0.6516392,0.99885297,0.9897957,0.7435515,0.856592,0.97312033,-0.9978358,0.81965196,0.78548646,0.3663019,0.2758565,0.26093867,-0.07097226,0.60971516,0.56329405,0.6876752,-0.9958602,-0.9701806,-0.9985902,0.99905914,0.47007725,0.93868834,0.96430826,0.6917727,0.9954006,0.93149966,-0.5373996,0.9483161,0.6056286,0.063671954,-0.39108753,0.5562262,0.6644863,0.8966103,0.8064091,0.016679902,-0.9958204,0.8722984,0.58286715,0.78001654,-0.4394506,0.9331426,-0.7930169,0.47840613,1.0,0.64755905,0.7011727,0.8650045,-0.8785173,-0.99747,-0.124621436,-0.757095,0.0012367524,0.9846585,-0.9128174,0.053630672,-0.49413285,-0.16266271,0.06412379,0.52397877,-0.6746211,-0.15740186,0.04211451,0.94508266,0.99277395,0.94453365,-0.74676836,0.9212817,0.8390008,0.9979502,0.95791775,0.83332956,0.99878263,-0.7645186,0.22390622,0.6796178,0.03159648,0.9013382,-0.9514793,-0.18871793,-0.695632,0.88705987,0.23271473,-0.48287097,0.9378833,-0.3195114
TAF15_K562,0.13351524,-0.7052291,-0.9526568,-0.026449857,0.9570681,0.34065628,-0.9772031,-0.6748474,0.19807813,0.6440806,0.5598879,0.1182118,-0.9962397,-0.51200575,0.830175,-0.73547405,-0.44269538,0.40872052,0.49911794,0.99019295,0.99907017,-0.4409517,0.53078014,0.60407364,-0.584388,0.9642343,-0.94543,-0.9476109,0.85376066,0.96040356,0.50190115,0.6797089,-0.9436446,0.98172593,0.9830418,0.9281664,0.92728823,0.102463774,0.9608512,-0.9602326,-0.9849103,-0.32375482,-0.61924577,0.4637963,0.076713055,0.65777946,0.5966709,0.7772771,0.07025561,-0.9876695,0.67674273,0.5178104,0.9999769,0.66720605,-0.90910465,0.6838044,0.99940354,0.64314353,0.06366577,-0.7519493,-0.9960019,0.20615035,0.95979154,-0.40705433,0.2624988,-0.0733828,-0.17682044,0.47535124,-0.8911864,-0.5914127,0.8434442,0.55969065,0.97429,0.2733391,-0.25187618,0.97830313,-0.5686731,0.861138,-0.98970443,0.881142,0.9555002,0.69638854,-0.21945745,0.24983796,0.9421554,0.9797625,-0.13377832,0.90609324,0.7967617,0.9968204,-0.98648655,-0.8149274,0.6934471,0.25274438,-0.26205644,0.9949357,-0.30412343,0.5067391,-0.9850918,-0.20509863,0.24395435,-0.97215676,0.79391503,0.518477,-0.85391665,0.5082842,-0.1583577,0.688259,0.93655384,0.85478145,0.7161671,-0.83682495,-0.5281527,0.889026,0.43809578,-0.98608506,0.93359107,0.078021266,0.88294595,-0.9869679,-0.82371706,-0.99558693,0.86420244,-0.55857265,-0.13349879,0.91080624,-0.765034,0.2692273,-0.5356704,0.15536211,-0.9732392,0.9931451,0.9151153,-0.83842856,0.6017035,-0.71679413,0.98211545,0.9999856,0.68330383,0.7495336,0.9910369,0.94788945,0.45466298,-0.5960515,0.0942436,0.03705376,0.9462543,0.91108155,0.90458876,-0.80605245,0.9988156,0.99438626,0.9985475,-0.5756129,-0.812949,-0.68709534,0.6799976,0.9769767,0.3451385,0.8262146,0.9982266,0.5715797,0.8803781,-0.9906266,0.3722826,-0.21419115,-0.7192377,0.44807103,0.99344754,-0.1391602,0.24317218,0.9728214,0.7727105,-0.5752553,0.19225918,-0.2417479,0.028268939,-0.9690632,0.87821436,-0.9777447,0.9789513,0.64755905,1.0,0.9973611,0.94249344,-0.20486912,-0.5917504,-0.8367746,-0.98809195,0.7628156,0.77059066,-0.90228575,0.7956477,-0.9824659,-0.85720015,0.80197096,0.9883395,0.12563542,0.65058947,0.78861076,0.3629463,0.73432136,0.86189836,-0.99038094,0.30023965,0.9579381,0.59746635,0.8390393,0.11840605,0.6091819,-0.98626727,0.88766074,-0.11889606,-0.7411742,0.2536288,-0.38165733,-0.8705289,-0.9978933,0.92621136,0.8917907,0.35460287,0.342953,0.51516974
TARDBP_K562,0.061212707,-0.6518961,-0.928069,0.04619475,0.9334984,0.4080152,-0.9592108,-0.6194907,0.26871717,0.69791704,0.6185647,0.18999103,-0.9999008,-0.5730168,0.8684591,-0.78272367,-0.37642846,0.47390124,0.56071144,0.9977227,0.9995638,-0.5049489,0.5909089,0.54462236,-0.52393275,0.9809326,-0.9192802,-0.9219199,0.88930815,0.93764186,0.56337047,0.62466425,-0.91712666,0.9929511,0.9671342,0.8986978,0.8976634,0.029975291,0.97843057,-0.9779687,-0.99487585,-0.25421044,-0.56060624,0.52689195,0.1488969,0.6013604,0.6533571,0.72954893,0.14249103,-0.9736975,0.7284066,0.5785532,0.9978319,0.7195233,-0.93694854,0.629026,0.994259,0.69703966,0.13595068,-0.7021055,-0.9998591,0.27664715,0.97763866,-0.33966684,0.1917518,-0.14559363,-0.24781008,0.41022345,-0.9217688,-0.6483947,0.8022164,0.6183776,0.9880756,0.20278226,-0.18095197,0.9907627,-0.6268908,0.8957734,-0.97670174,0.91314596,0.97439516,0.7466535,-0.14804795,0.17888077,0.964003,0.9626451,-0.20537291,0.9344177,0.838531,0.9999748,-0.9719884,-0.7707006,0.74392617,0.32232052,-0.3314279,0.9996075,-0.23415942,0.44281325,-0.99498165,-0.13350056,0.31371734,-0.98660386,0.8359631,0.455029,-0.8138815,0.4444204,-0.22962394,0.6337738,0.9086343,0.8148471,0.764947,-0.87436306,-0.5884073,0.91992044,0.5022021,-0.99555206,0.957143,0.15019427,0.84653205,-0.99604607,-0.780379,-0.9861467,0.82539356,-0.6173172,-0.061196137,0.9383746,-0.71626145,0.3384364,-0.5955625,0.08323347,-0.98735404,0.9820382,0.94197226,-0.7966482,0.658103,-0.6642797,0.9931929,0.9977364,0.73450863,0.7956146,0.9981202,0.9685185,0.51812553,-0.65277255,0.16627198,0.10950633,0.92027664,0.8787496,0.8712532,-0.7609574,0.99264735,0.98408026,0.99982405,-0.63346064,-0.8530813,-0.738031,0.73143476,0.95890963,0.41236675,0.8649341,0.99991417,0.62964326,0.9124872,-0.9780955,0.43868187,-0.14271052,-0.6668998,0.3819842,0.98252857,-0.06689917,0.31295148,0.9870653,0.7245878,-0.6331222,0.26299766,-0.17066313,0.100765534,-0.94858736,0.91061914,-0.9903959,0.9615507,0.7011727,0.9973611,1.0,0.9642711,-0.2753888,-0.64871335,-0.79481447,-0.9966551,0.7138581,0.8148276,-0.93120545,0.7495697,-0.9663376,-0.8175503,0.75648594,0.9746768,0.05327891,0.59373784,0.7418884,0.42963815,0.7816647,0.8964381,-0.997813,0.36869806,0.9762447,0.6541074,0.8763249,0.19018307,0.6651485,-0.99565506,0.85188603,-0.04649707,-0.690481,0.3231858,-0.44775495,-0.8325039,-0.99997,0.95113784,0.8565895,0.2857847,0.41024518,0.45158553
TBRG4_HepG2,-0.20539497,-0.42771542,-0.79625267,0.30917886,0.805151,0.6353003,-0.8500493,-0.38939604,0.5142897,0.8627094,0.80461866,0.44329503,-0.9679064,-0.769655,0.9687657,-0.91963434,-0.11754738,0.69024974,0.7600325,0.97994375,0.95602673,-0.715571,0.7835154,0.30298233,-0.27956712,0.9973712,-0.7821627,-0.78635675,0.9786831,0.81205493,0.7621178,0.39547345,-0.7787637,0.9888733,0.86521995,0.75040394,0.74884665,-0.23589405,0.9981979,-0.99832886,-0.98611426,0.011086789,-0.3212028,0.73322856,0.40554127,0.36821133,0.830569,0.52229834,0.3996142,-0.8785482,0.8838883,0.7739606,0.944745,0.8777923,-0.9960524,0.40060905,0.930389,0.86208963,0.39355114,-0.48837942,-0.9685823,0.5213409,0.9984187,-0.07836398,-0.07510074,-0.40248626,-0.4956104,0.1539659,-0.9915541,-0.826911,0.6153895,0.8044773,0.9935619,-0.06387649,0.08605737,0.9912885,-0.8108917,0.9815271,-0.88495356,0.98850924,0.99914575,0.8962029,0.119239695,-0.088154934,0.99999946,0.85652024,-0.45730543,0.99539006,0.9529125,0.96612823,-0.874997,-0.57435924,0.8943807,0.5615833,-0.5695307,0.97131455,0.0317587,0.18946339,-0.9859391,0.13381532,0.55405194,-0.99457073,0.9514778,0.20286858,-0.63087714,0.19122387,-0.47925827,0.40621132,0.7655422,0.6321673,0.90824777,-0.97168016,-0.78158706,0.9909282,0.71334636,-0.98494077,0.9996696,0.40674034,0.6752608,-0.98399323,-0.5868422,-0.90696937,0.646342,-0.80367553,0.20541121,0.9964082,-0.50580233,0.5756289,-0.7870942,-0.18373853,-0.9940745,0.89696586,0.997247,-0.6080572,0.8340534,-0.44252405,0.9885651,0.9442736,0.8880382,0.92767596,0.9786944,0.9998634,0.72619855,-0.830139,0.421561,0.36891803,0.7837424,0.72091234,0.71009386,-0.56189024,0.925115,0.9018378,0.95913213,-0.81581426,-0.96082973,-0.89041954,0.8859516,0.84948874,0.6389778,0.96698916,0.96071804,0.81295705,0.98826414,-0.8880047,0.6610743,0.124594316,-0.44566956,0.123507895,0.8981197,0.19981498,0.5533804,0.9942697,0.5161225,-0.81556135,0.5091924,0.09646539,0.36073434,-0.8308449,0.98756,-0.9916377,0.85444194,0.8650045,0.94249344,0.9642711,1.0,-0.5202233,-0.8271464,-0.6056508,-0.9826955,0.50283366,0.9392881,-0.9944955,0.54743284,-0.86365414,-0.6357856,0.5561989,0.88061225,-0.21316582,0.35935616,0.5377482,0.65350837,0.9189654,0.98181254,-0.9796734,0.6017786,0.99876446,0.83112085,0.9726309,0.44347036,0.83920026,-0.98475003,0.6827046,0.2197951,-0.4741826,0.5623395,-0.66863465,-0.65599006,-0.96219134,0.9989524,0.68928754,0.021705192,0.6371857,0.19908419
TBRG4_K562,0.9426729,-0.54946214,-0.102428645,-0.9730282,0.08764138,-0.9900359,-0.0076049906,-0.5840494,-0.999976,-0.8806846,-0.9256976,-0.9961445,0.28890038,0.94565666,-0.71575516,0.8138575,-0.7869585,-0.9770357,-0.95040816,-0.33960328,-0.24687785,0.968831,-0.9382738,0.65626913,-0.6745395,-0.45697123,-0.12522493,-0.118515216,-0.68453115,0.07594605,-0.9494034,0.578673,-0.1306171,-0.38738918,-0.021903118,0.17411897,0.17643537,0.9526461,-0.46803695,0.47000122,0.3711724,-0.85974544,-0.6416786,-0.9621681,-0.99162126,0.6024758,-0.90770423,0.45657352,-0.990764,0.049110513,-0.85924757,-0.9434331,-0.21152201,-0.86576396,0.5939796,0.57409835,-0.17094491,-0.88126403,-0.9898468,-0.4911875,0.29148716,-0.99999917,-0.47139117,-0.81063724,0.89068764,0.9911843,0.99959177,0.7637503,0.6265919,0.91042763,0.3530265,-0.9257876,-0.42012078,0.8855161,-0.8956311,-0.40320835,0.92162013,-0.67400897,0.0626692,-0.64334106,-0.4844859,-0.8451113,-0.9099685,0.8965656,-0.52108556,-0.0048052324,0.9973984,-0.5997348,-0.75470805,-0.2822092,0.041733548,-0.4003168,-0.84729105,-0.9987906,0.99827045,-0.30221313,-0.87012124,0.73999864,0.37019557,-0.9159632,-0.99919564,0.42852616,-0.7577808,0.7307346,-0.33443022,0.7387913,0.9988814,0.5690745,0.15121791,0.3328618,-0.8298459,0.70729786,0.9393406,-0.63027924,-0.9696138,0.36473402,-0.5420036,-0.9917899,0.2786284,0.35970291,-0.3862205,0.112111956,0.31542385,0.92629665,-0.94267845,-0.59067374,-0.4735984,-0.9978056,0.9362587,0.93507564,0.42430705,-0.08905582,-0.5821192,-0.36168334,-0.9050486,-0.5356458,-0.38549116,-0.210119,-0.85463536,-0.80148196,-0.33378798,-0.5060349,-0.96491843,0.90802777,-0.99374056,-0.9857084,0.122705214,0.21683009,0.23192142,-0.41415554,-0.15700206,-0.100152194,-0.25730774,0.91830325,0.7365314,0.85192096,-0.8569729,0.008668389,-0.9893527,-0.72067213,-0.26277202,-0.9202413,-0.64457506,0.069248065,-0.98470265,-0.9121923,-0.5326781,0.78323984,-0.091662,-0.940756,-0.99922764,-0.42594633,0.4629906,0.9184763,-0.9999172,-0.90023094,-0.9841896,-0.043046508,-0.6480419,0.40565825,-0.00079183176,-0.8785173,-0.20486912,-0.2753888,-0.5202233,1.0,0.9102543,-0.36450416,0.35303068,0.47662365,-0.7816825,0.6068443,0.42990756,0.018789215,-0.32844645,0.42039353,-0.053443275,0.9452951,0.610036,0.44028848,-0.9864023,-0.81484395,-0.672902,0.3383312,-0.99514157,-0.47713986,-0.9072877,-0.7044239,-0.9961616,-0.90101236,0.3637101,0.2688763,-0.9474884,-0.5052303,-0.99874526,0.98288864,-0.30333474,0.26793846,-0.5587603,0.2601512,0.8425376,-0.98968875,0.73336643
TIA1_HepG2,0.7198962,-0.15420362,0.31863576,-0.79018754,-0.33268043,-0.9594889,0.40711516,-0.19554184,-0.9073618,-0.99778354,-0.99924046,-0.870421,0.659367,0.99542326,-0.9406713,0.9814068,-0.46086127,-0.9775749,-0.9938848,-0.6985675,-0.62595505,0.984452,-0.9972848,0.28496024,-0.30833498,-0.7842495,0.29680383,0.30325204,-0.9249328,-0.3437236,-0.9942346,0.18905744,0.29160765,-0.7343418,-0.4338877,-0.2492323,-0.24695306,0.74124545,-0.791932,0.7932881,0.72233284,-0.57112235,-0.26652506,-0.9886282,-0.8491408,0.21793783,-0.9999813,0.047223955,-0.8457032,0.4582531,-0.993945,-0.99604756,-0.59721994,-0.9952776,0.8737672,0.18355729,-0.5635584,-0.9978643,-0.84216017,-0.08644553,0.6613972,-0.91079557,-0.79424626,-0.4954398,0.6225187,0.8473722,0.8980529,0.42793313,0.89304656,0.99999994,-0.066046454,-0.99923116,-0.7581536,0.6136738,-0.6310838,-0.7459223,0.99959856,-0.9193876,0.47028065,-0.90259194,-0.80321556,-0.99061316,-0.6566057,0.6327156,-0.82771355,-0.41841882,0.87803864,-0.87723315,-0.958618,-0.65410197,0.45167702,0.015035377,-0.991164,-0.9295106,0.93302137,-0.66977966,-0.5879723,0.3950937,0.7216051,-0.66761696,-0.9261257,0.7641738,-0.9599444,0.38249853,0.08579187,0.3934457,0.88965774,0.17753531,-0.2716415,-0.087449804,-0.98640746,0.93651927,0.99705195,-0.8951695,-0.98388857,0.7175272,-0.8413185,-0.8498331,-0.14403015,0.7137575,0.030363195,0.51348966,-0.10579686,0.9991774,-0.7199078,-0.8717643,-0.066425,-0.93567187,0.99769384,0.70439744,0.7611569,-0.49346793,-0.8665417,0.05679507,-0.99992305,-0.13793315,-0.7329435,-0.59606814,-0.99292195,-0.97716194,-0.694135,-0.8177436,-0.9870298,0.9999857,-0.858302,-0.8274943,-0.29922774,-0.2068286,-0.1916529,-0.00011633634,-0.5518266,-0.5031317,-0.634324,0.9998025,0.9504954,0.99229026,-0.9934485,-0.4061436,-0.96082234,-0.9430456,-0.6386885,-0.9996925,-0.90328515,0.47608945,-0.96847516,-0.660665,-0.13445492,0.4555246,-0.4957423,-0.7159295,-0.92582124,-0.76233023,0.054440826,0.9997937,-0.9048518,-0.63915676,-0.8225273,0.37448254,-0.90522504,0.7477035,-0.41477025,-0.99747,-0.5917504,-0.64871335,-0.8271464,0.9102543,1.0,0.053771786,0.7087371,0.06985462,-0.9697629,0.8814779,0.017491002,0.4310795,0.09210943,0.006980438,-0.46210498,0.7253892,0.2272059,0.029017385,-0.9659255,-0.98173165,-0.91879755,0.69759935,-0.9465968,-0.7981968,-0.9999747,-0.9350888,-0.8705173,-0.99976236,0.71676064,-0.15405633,-0.73004645,-0.10256911,-0.92984736,0.9709469,0.11842955,0.6428021,-0.85199744,-0.16298929,0.5439007,-0.9601747,0.3860651
TIA1_K562,-0.65436727,0.97831774,0.96363956,0.56948847,-0.95956415,0.22974499,0.9339468,0.9687618,0.37095177,-0.12009973,-0.014819481,0.44479167,0.786189,-0.041899797,-0.38941,0.24443392,0.8614069,0.1577175,0.056819174,-0.75207233,-0.81238973,-0.12246354,0.019908382,-0.94182974,0.9333218,-0.66171867,0.96951663,0.96783817,-0.4293162,-0.956195,0.053609245,-0.97037935,0.9708345,-0.7172849,-0.9229945,-0.9804444,-0.9809047,-0.6304048,-0.6523097,0.65062237,0.72938657,0.78896695,0.9481019,0.097002275,0.4817424,-0.96283174,-0.059879865,-0.99489987,0.48740637,0.91217697,-0.16316606,0.035133597,-0.8330308,-0.15044764,0.53262484,-0.9717166,-0.8551848,-0.11888411,0.49316275,0.99016684,0.7845155,0.36328495,-0.6494252,0.8407448,-0.74799854,-0.48466614,-0.39096078,-0.87949204,0.497334,0.053353786,-0.9999244,-0.014581565,-0.6919001,-0.75541884,0.74065787,-0.7051791,0.025458522,-0.44222108,0.90652806,-0.4784085,-0.6380172,-0.18976463,0.71783584,-0.73924166,-0.60484684,-0.9294394,-0.43068355,-0.5265404,-0.33583048,-0.7904844,0.91517836,0.99924886,-0.18574685,0.31828025,-0.30913004,-0.77750117,0.7760942,-0.8960667,0.73010546,0.7075287,0.32686946,0.6851686,-0.33140355,-0.90205157,0.99948484,-0.89686143,-0.40812883,-0.97314423,-0.9756129,-0.99943006,-0.21712121,0.4004677,-0.023004875,-0.49321616,0.1256185,0.7341055,-0.58499706,0.48059216,-0.99588645,0.73776,0.9997255,0.8844657,-0.99863803,0.01323281,0.65435475,-0.53609324,0.9927761,0.30204767,-0.014128616,-0.670902,0.68855864,-0.89504045,-0.5449783,0.9999954,-0.066153504,0.9815917,-0.7187174,-0.833824,-0.17198828,-0.2647327,-0.75612843,-0.61872166,0.107230164,0.059109557,0.4662498,0.5161658,-0.9688913,-0.9880833,-0.9903484,0.99854696,-0.86242515,-0.8900139,-0.8060578,0.033916656,0.36139926,0.17711361,-0.16753513,-0.93432635,0.22509855,-0.38289165,-0.80269575,-0.028995188,-0.4769915,0.90372497,0.19667283,0.7140698,0.9822562,-0.86444074,-0.8938703,0.6586655,0.32763153,-0.68724394,-0.994145,0.033479165,0.37645495,0.73359525,0.5236739,0.9460292,-0.47299346,0.7032774,-0.93091273,-0.124621436,-0.8367746,-0.79481447,-0.6056508,-0.36450416,0.053771786,1.0,0.7425622,-0.99235773,-0.2958423,0.5189408,-0.99745995,0.92418855,0.9992612,-0.99815357,-0.91039056,-0.64833736,-0.9602205,-0.99657243,0.20650601,-0.24278513,-0.4435637,0.7529628,0.2710528,-0.64444596,-0.060869638,-0.40418229,0.44461647,-0.07552606,0.73485196,-0.9949165,0.6431528,0.9877714,0.31741345,-0.18673912,0.99789405,0.79948866,-0.5686022,-0.9939647,-0.80868894,0.22736576,-0.90037745
TIAL1_HepG2,0.020561688,0.5877444,0.8945304,-0.12767577,-0.90107167,-0.48126128,0.9329,0.5532657,-0.34653524,-0.7541107,-0.68070805,-0.26958978,0.9977072,0.63807577,-0.9060691,0.8309675,0.29945797,-0.5442793,-0.6265034,-0.9998976,-0.9938069,0.57379895,-0.6548612,-0.4742614,0.452572,-0.99353415,0.88403887,0.8871783,-0.92370605,-0.9060984,-0.62900585,-0.55875796,0.8814845,-0.999316,-0.9431198,-0.8598507,-0.85864705,0.05181091,-0.9920398,0.9917573,0.9998106,0.17432204,0.49105775,-0.5945885,-0.22921064,-0.53405434,-0.7130398,-0.67121613,-0.2229033,0.95182043,-0.78196216,-0.6432748,-0.9891157,-0.7738705,0.9623739,-0.56339186,-0.98218894,-0.7533061,-0.21645999,0.64156437,0.9978865,-0.35425502,-0.9915542,0.2616667,-0.11090399,0.22595884,0.32615513,-0.33432144,0.9503727,0.7084417,-0.75074184,-0.6805337,-0.99735343,-0.12207919,0.099973,-0.99853086,0.68846464,-0.92910385,0.9558969,-0.94340444,-0.98951066,-0.7985191,0.066730544,-0.09787789,-0.98250794,-0.9372974,0.2846666,-0.9604001,-0.88025314,-0.9972104,0.94952995,0.71604913,-0.79605,-0.39860365,0.40742308,-0.9985534,0.15392531,-0.3680582,0.99983054,0.05206276,-0.39026508,0.99663556,-0.8780152,-0.38073465,0.76367563,-0.36972508,0.30839485,-0.5684401,-0.87146825,-0.76474875,-0.8150254,0.9110963,0.6525174,-0.94888735,-0.5711922,0.9999214,-0.9776097,-0.23048766,-0.8001964,0.9999745,0.72666687,0.9692923,-0.77649546,0.6795447,-0.020578166,-0.96348083,0.6568368,-0.4142046,0.6592189,-0.0015158529,0.997007,-0.9633337,-0.966255,0.74458665,-0.71743304,0.60097116,-0.99938995,-0.98890346,-0.7875088,-0.8424613,-0.99979013,-0.9856231,-0.58629036,0.7124986,-0.24630101,-0.19037135,-0.8852229,-0.83680534,-0.8282266,0.7053901,-0.97943515,-0.9662644,-0.9949468,0.69457704,0.8928691,0.79070616,-0.78471583,-0.93251646,-0.48543835,-0.9030565,-0.995499,-0.69102633,-0.9428683,0.9578126,-0.5106541,0.061347224,0.6037735,-0.30518073,-0.96403253,-0.0148642985,-0.38952243,-0.99686533,-0.6658421,0.6942621,-0.34096375,0.08956842,-0.18173532,0.91954786,-0.9413449,0.99838215,-0.93589115,-0.757095,-0.98809195,-0.9966551,-0.9826955,0.35303068,0.7087371,0.7425622,1.0,-0.65424067,-0.8594771,0.9578782,-0.69296813,0.94207984,0.7677548,-0.7005081,-0.95314187,0.028506244,-0.5259929,-0.6846099,-0.5019968,-0.83002055,-0.9296566,0.9998773,-0.44343013,-0.9906862,-0.7137347,-0.9127612,-0.26977816,-0.72394687,0.99993455,-0.80623615,-0.03529285,0.6290571,-0.39944193,0.5193301,0.7844432,0.99599254,-0.97318965,-0.8115554,-0.20651431,-0.483402,-0.37715948
TRA2A_HepG2,0.74267435,-0.9963973,-0.9233036,-0.6665663,0.9174967,-0.34808275,-0.88270676,-0.9919592,-0.48270726,-0.003319182,-0.10867445,-0.55190855,-0.70392483,0.16486569,0.27278,-0.12291447,-0.9174976,-0.27836204,-0.17957982,0.66499805,0.7342283,0.24399307,-0.14312601,0.9761036,-0.97049266,0.56414646,-0.9318726,-0.92939895,0.31459126,0.9127662,-0.17641634,0.99277383,-0.9338312,0.62582463,0.868457,0.948668,0.9494095,0.7213738,0.5537975,-0.5519442,-0.63939804,-0.8587553,-0.9800915,-0.21907328,-0.5861928,0.9888025,-0.063750565,0.99974304,-0.5914263,-0.8546395,0.040178522,-0.15818314,0.7583997,0.027308125,-0.4241197,0.99343,0.78469115,-0.004543571,-0.5967391,-0.99986154,-0.70200217,-0.4754722,0.55062985,-0.9011291,0.824179,0.5888952,0.5015461,0.93149567,-0.38648167,0.07027267,0.9907654,-0.10891098,0.5975226,0.83049875,-0.817904,0.6122998,0.098090515,0.32816836,-0.84750986,0.3663953,0.53812486,0.0671623,-0.79825854,0.8166907,0.5019604,0.87680703,0.5387557,0.41761294,0.21703619,0.70886666,-0.85845035,-0.99639416,0.06308044,-0.43282518,0.42411783,0.69395864,-0.84797776,0.9439959,-0.64020646,-0.78932226,-0.44098744,-0.59005374,0.21244933,0.9484183,-0.98788625,0.94458604,0.51765925,0.9941121,0.94107217,0.9876267,0.09501131,-0.28433976,0.14619063,0.38210538,-0.24707526,-0.6447064,0.48044926,-0.58512914,0.97709477,-0.64882296,-0.9949762,-0.82013,0.98456824,0.1102515,-0.74266326,0.42783195,-0.9999941,-0.41737002,0.13740231,0.7572773,-0.5938132,0.8331683,0.43735367,-0.9919796,-0.057475988,-0.99765736,0.62742835,0.75933444,0.04911837,0.14371781,0.6695978,0.5170534,-0.22909345,0.06452064,-0.57184756,-0.6179069,0.9309484,0.96153927,0.9656774,-0.9975653,0.7933741,0.8269525,0.7268685,0.08966602,-0.24358298,-0.054316882,0.044604592,0.883206,-0.3436057,0.26597476,0.7229704,-0.094568744,0.36489397,-0.84399176,-0.31615403,-0.7949977,-0.99789137,0.91986907,0.8317183,-0.746478,-0.4417112,0.592355,0.99988073,0.0901015,-0.4878946,-0.81184596,-0.62479377,-0.89880955,0.36066028,-0.61017996,0.87872976,0.0012367524,0.7628156,0.7138581,0.50283366,0.47662365,0.06985462,-0.99235773,-0.65424067,1.0,0.17571023,-0.4094965,0.9986264,-0.86999685,-0.9868822,0.99802047,0.8523788,0.7373293,0.9873392,0.9991641,-0.3256623,0.121227406,0.3295827,-0.66600734,-0.38775623,0.5451675,-0.062760964,0.2882274,-0.5517455,-0.048092924,-0.6455467,0.9748869,-0.73272526,-0.9994609,-0.43200094,0.30653542,-0.982264,-0.7192581,0.46275115,0.97283214,0.8750937,-0.34579062,0.9471865
TRA2A_K562,-0.5287385,-0.09158857,-0.5403297,0.61672556,0.55276895,0.86171675,-0.6177136,-0.04970854,0.7773397,0.9838533,0.95951617,0.72395444,-0.8229109,-0.9420022,0.9950386,-0.9985745,0.23033944,0.89662194,0.9368841,0.85207283,0.79735184,-0.91181695,0.9491579,-0.042413373,0.06685336,0.91195524,-0.5208816,-0.5266399,0.989736,0.56250983,0.93800324,0.056307096,-0.5162325,0.8777929,0.6406481,0.478044,0.47597623,-0.5550184,0.917005,-0.9178897,-0.86926264,0.35352194,0.023245288,0.92203474,0.6945665,0.026834615,0.97123784,0.19798073,0.689894,-0.66131294,0.99070674,0.944253,0.774908,0.98887306,-0.9660389,0.06189537,0.748121,0.98363334,0.6850975,-0.15930334,-0.82444376,0.7824982,0.91851383,0.2684678,-0.41270146,-0.6921601,-0.76354426,-0.1944197,-0.9758568,-0.9696606,0.30756557,0.9594492,0.8943677,-0.40242726,0.4226892,0.88591254,-0.96245897,0.98758537,-0.6714385,0.98036253,0.924306,0.99402016,0.45268172,-0.42459646,0.9396343,0.6274256,-0.73469,0.9678675,0.99911183,0.81892407,-0.65575534,-0.2586022,0.9935652,0.81140053,-0.8169957,0.8307485,0.37278706,-0.15895367,-0.86874247,0.4657344,0.8060634,-0.89848155,0.9992987,-0.14544213,-0.32634747,-0.1571833,-0.7513175,0.068005025,0.49830008,0.32791975,0.99668294,-0.9937691,-0.94817823,0.9768812,0.9105068,-0.86581886,0.94779766,0.69550997,0.3811795,-0.8631055,-0.27338114,-0.7073807,0.34527734,-0.9590681,0.5287528,0.96497047,-0.17909402,0.821262,-0.95096153,-0.50987124,-0.89642406,0.69081193,0.9621459,-0.29873332,0.9727153,-0.10795433,0.87680537,0.774,0.99188423,0.9994748,0.84882396,0.9334879,0.918006,-0.9710537,0.7071169,0.6654458,0.5230471,0.43934658,0.4253829,-0.24393669,0.73866785,0.69882816,0.80381006,-0.9647212,-0.99759066,-0.9925327,0.99129957,0.61687714,0.86412805,0.99571687,0.8071637,0.96341324,0.9806794,-0.6763095,0.8783962,0.45748538,-0.11144362,-0.22449258,0.69270164,0.52389354,0.805586,0.89722514,0.19089267,-0.964606,0.77359354,0.4321377,0.6588596,-0.58945024,0.981558,-0.8871519,0.62429535,0.9846585,0.77059066,0.8148276,0.9392881,-0.7816825,-0.9697629,-0.2958423,-0.8594771,0.17571023,1.0,-0.97007066,0.22704935,-0.6382538,-0.33233586,0.2372735,0.6645611,-0.535467,0.017330743,0.21580619,0.8735539,0.99848235,0.987349,-0.8513642,0.83928823,0.92107606,0.9714734,0.9933087,0.7240896,0.9748524,-0.86526823,0.39053372,0.5411894,-0.14329372,0.81193477,-0.8831887,-0.35718012,-0.8103154,0.9540063,0.39884663,-0.3226613,0.8629544,-0.1492633
TROVE2_HepG2,0.30680954,0.33065003,0.72848207,-0.40712214,-0.7385777,-0.7127206,0.7901827,0.29074344,-0.6013192,-0.9109475,-0.8624066,-0.53477657,0.93624645,0.83231574,-0.98941606,0.9557269,0.01284786,-0.7622655,-0.8239433,-0.9536699,-0.92003477,0.78482455,-0.8443094,-0.20146045,0.1774271,-0.9842887,0.7125722,0.71729845,-0.9948151,-0.7464377,-0.82576084,-0.2970593,0.7087472,-0.9678431,-0.8079218,-0.6770165,-0.6752831,0.3364177,-0.98641574,0.9867786,0.96328574,-0.11579844,0.2202081,-0.80044043,-0.49908537,-0.26876694,-0.8843503,-0.43007162,-0.4934636,0.8236641,-0.928028,-0.8360501,-0.9051975,-0.923154,0.9998706,-0.3024001,-0.8868584,-0.91044164,-0.48770878,0.39425778,0.9371929,-0.6078842,-0.9870327,-0.026524283,0.17917056,0.49618834,0.5838877,-0.049588643,0.9996853,0.88128,-0.5294128,-0.86228615,-0.97622246,0.16808979,-0.1899742,-0.97203165,0.8677445,-0.996171,0.8312889,-0.9989065,-0.9893159,-0.93775445,-0.22261491,0.19204088,-0.99460083,-0.7977276,0.5479694,-0.99996024,-0.979441,-0.93377066,0.8194541,0.48542532,-0.93632597,-0.6451886,0.65252113,-0.94105154,-0.1363104,-0.085539155,0.96300286,-0.23691538,-0.6382289,0.9781925,-0.97848284,-0.09915155,0.54610795,-0.08732571,0.56858224,-0.30823034,-0.69391495,-0.54750144,-0.94709134,0.99109083,0.84264565,-0.9995552,-0.78285015,0.96140367,-0.9968602,-0.50022167,-0.59426105,0.95990473,0.4987721,0.85784435,-0.56283283,0.86160237,-0.30682543,-0.99979615,0.41263023,-0.6581393,0.8473928,0.28572243,0.9772131,-0.8457056,-0.9995272,0.5215267,-0.88726735,0.3461266,-0.9673234,-0.9045866,-0.9313243,-0.96169263,-0.9517936,-0.9926276,-0.7942353,0.8839898,-0.51425415,-0.46427575,-0.7143514,-0.6443293,-0.63240945,0.47212282,-0.8802395,-0.85160124,-0.9242045,0.8719189,0.98457927,0.93320745,-0.9296691,-0.7895305,-0.7160594,-0.98836595,-0.92635083,-0.8694975,-0.9988298,0.83493584,-0.73605335,-0.22787091,0.34941837,-0.01885116,-0.84709924,-0.30138123,-0.63760793,-0.9775959,-0.42353666,0.8717047,-0.5965679,-0.2002251,-0.45647267,0.7679615,-0.9985997,0.9726572,-0.7953011,-0.9128174,-0.90228575,-0.93120545,-0.9944955,0.6068443,0.8814779,0.5189408,0.9578782,-0.4094965,-0.97007066,1.0,-0.4567352,0.8060826,0.5514103,-0.46606076,-0.8261167,0.31436333,-0.25959814,-0.4464482,-0.7292205,-0.95522535,-0.9963008,0.9532622,-0.6821494,-0.9880598,-0.8848128,-0.9916231,-0.5349418,-0.89156216,0.96110046,-0.6023852,-0.3208021,0.37932238,-0.6458867,0.742867,0.57329506,0.9283557,-0.9982485,-0.60958225,0.08316872,-0.7144328,-0.09530664
TROVE2_K562,0.70656735,-0.9905851,-0.942159,-0.6265926,0.9370764,-0.29848558,-0.90611625,-0.9839656,-0.43615705,0.04908063,-0.056439836,-0.50745744,-0.7401732,0.11296055,0.32281396,-0.174744,-0.89539737,-0.22765501,-0.1277894,0.703216,0.7687913,0.19284582,-0.09107319,0.96337694,-0.9565254,0.6066333,-0.949601,-0.94746035,0.3638944,0.93291515,-0.12460026,0.9851226,-0.9512912,0.6658317,0.89324,0.96393627,0.96455973,0.6840966,0.5966641,-0.5948778,-0.6788055,-0.8307289,-0.9683423,-0.1676496,-0.5429381,0.97962534,-0.011373915,0.9995575,-0.5483642,-0.8806705,0.09247657,-0.10623,0.7915089,0.07964661,-0.47098696,0.98606926,0.8160926,0.04785767,-0.55387527,-0.9976162,-0.7383528,-0.42872524,0.59361076,-0.87717515,0.7933737,0.5457397,0.45552808,0.91115713,-0.43427515,0.017910011,0.99650866,-0.056677517,0.6387154,0.8001728,-0.78663445,0.652884,0.04581279,0.37721154,-0.87415624,0.41464403,0.58154815,0.1193474,-0.76560336,0.7853327,0.54658735,0.9007967,0.4938744,0.4646472,0.26788482,0.7448498,-0.8841447,-0.999471,0.1152851,-0.3849971,0.3760855,0.73073107,-0.8190416,0.9254109,-0.6795774,-0.75606835,-0.3933561,-0.6315456,0.26335707,0.9305051,-0.9946601,0.926089,0.4721193,0.9870692,0.9575,0.9944869,0.14703943,-0.33418214,0.094157085,0.43000022,-0.1959648,-0.6838737,0.52574146,-0.54183584,0.98690265,-0.68780166,-0.99885494,-0.84898305,0.99238515,0.05802382,-0.70655566,0.47460252,-0.99880064,-0.3691831,0.085315354,0.7220179,-0.63515526,0.86099964,0.48387164,-0.9972397,-0.005088113,-0.99270266,0.6673656,0.7923853,0.1013832,0.195372,0.70759356,0.5611913,-0.1777766,0.012145534,-0.528079,-0.575862,0.94880193,0.97460985,0.9779604,-0.999849,0.82417935,0.85527724,0.7618541,0.037358247,-0.2940659,-0.10656058,0.096886836,0.9065656,-0.29392824,0.31611767,0.7581764,-0.042278007,0.41317567,-0.8709352,-0.2660116,-0.76212186,-0.9931199,0.89805466,0.85966575,-0.7105881,-0.39409733,0.6337553,0.99931645,0.037795197,-0.4414883,-0.7801385,-0.5830255,-0.92054206,0.40903407,-0.6508529,0.90253216,0.053630672,0.7956477,0.7495697,0.54743284,0.42990756,0.017491002,-0.99745995,-0.69296813,0.9986264,0.22704935,-0.4567352,1.0,-0.8946359,-0.9939855,0.99994475,0.8786069,0.70092154,0.97767186,0.99993354,-0.27567562,0.17307012,0.37859812,-0.7041768,-0.3389273,0.5883433,-0.010382391,0.3380035,-0.507289,0.0043080472,-0.6846756,0.9852163,-0.69606227,-0.99636775,-0.3841533,0.25624153,-0.9907391,-0.7546717,0.50856364,0.98362607,0.8485346,-0.2961523,0.9290831
U2AF1_HepG2,-0.31594718,0.8250473,0.9926402,0.21236312,-0.9943295,-0.15939242,0.9996517,0.80060107,-0.011856743,-0.49016666,-0.39559087,0.068995945,0.96261835,0.34287766,-0.71167654,0.59625375,0.6021107,-0.23139554,-0.32880792,-0.9467836,-0.9735142,0.26588237,-0.3634618,-0.742063,0.7254346,-0.8979106,0.9896004,0.9905501,-0.7417168,-0.9955089,-0.3318423,-0.8045428,0.9888037,-0.92903227,-0.9999952,-0.98127925,-0.98082334,-0.28612813,-0.8923469,0.89134103,0.9353741,0.49447855,0.7547818,-0.29048717,0.1105249,-0.7866763,-0.4365915,-0.88095,0.116957836,0.9995398,-0.5276141,-0.34923074,-0.981175,-0.5166315,0.81549853,-0.807855,-0.98831856,-0.48909938,0.12351458,0.8616712,0.96188265,-0.020098275,-0.89062566,0.57021433,-0.43780017,-0.11384349,-0.009784467,-0.63104767,0.79098314,0.43070176,-0.92881507,-0.39537188,-0.9152017,-0.44788867,0.42789114,-0.9225226,0.40534148,-0.75125694,0.99903566,-0.77753246,-0.88374776,-0.550375,0.39750686,-0.4259871,-0.8631446,-0.9999022,-0.05333376,-0.8113261,-0.67012537,-0.964486,0.99973655,0.90869343,-0.5469553,-0.06792364,0.07753494,-0.9587504,0.4764019,-0.6585856,0.9357455,0.38398102,-0.058867723,0.91142154,-0.66663224,-0.66881114,0.9359704,-0.65993404,-0.028508658,-0.81144834,-0.98548466,-0.9365549,-0.5734861,0.7200803,0.36057466,-0.78807396,-0.26281607,0.93780047,-0.8504117,0.10922059,-0.95499426,0.9396606,0.91498697,0.9956266,-0.9428568,0.39413297,0.31593153,-0.8178664,0.87168676,-0.08494854,0.36884072,-0.33681637,0.9133309,-0.9975241,-0.82389754,0.9253408,-0.44223824,0.83422923,-0.92979175,-0.98145115,-0.53519475,-0.61297286,-0.9487534,-0.8718688,-0.28063378,0.43589714,0.0930212,0.14991018,-0.98996246,-0.9719629,-0.9682052,0.90226394,-0.99037385,-0.9966783,-0.9709935,0.413062,0.69012284,0.5395849,-0.53137237,-0.999623,-0.16410083,-0.70669454,-0.9696249,-0.40857324,-0.7765172,0.99872446,-0.1927145,0.3925508,0.8361598,-0.6068935,-0.9973366,0.32134852,-0.058062293,-0.91259193,-0.8775075,0.41266376,-0.0059241783,0.41842127,0.15859449,0.9980879,-0.7736465,0.92148554,-0.99983805,-0.49413285,-0.9824659,-0.9663376,-0.86365414,0.018789215,0.4310795,0.92418855,0.94207984,-0.86999685,-0.6382538,0.8060826,-0.8946359,1.0,0.9381846,-0.8992829,-0.99939877,-0.30839747,-0.7807717,-0.8894253,-0.1828538,-0.5948885,-0.7522445,0.94721794,-0.117134444,-0.8876373,-0.4374832,-0.72288984,0.068800904,-0.45064592,0.93818164,-0.95795274,0.30193132,0.8533395,-0.0688356,0.20263575,0.94701636,0.96830034,-0.8396815,-0.96050936,-0.52271193,-0.16180448,-0.6659342
U2AF1_K562,-0.624822,0.9696351,0.97319704,0.5374758,-0.96967363,0.1921708,0.9469931,0.95851505,0.33498693,-0.15816554,-0.053237043,0.4100416,0.8093591,-0.0034701,-0.42452136,0.28152,0.84124976,0.11964914,0.018406793,-0.776847,-0.83420026,-0.08422962,-0.01853168,-0.92821693,0.9188333,-0.69004476,0.97821736,0.97679174,-0.4637097,-0.966739,0.015192413,-0.96037763,0.9793315,-0.74353415,-0.937102,-0.9872834,-0.9876547,-0.6001048,-0.680958,0.67932755,0.7551394,0.7647696,0.935181,0.058679245,0.44770762,-0.95173955,-0.09819963,-0.9902882,0.45348755,0.9272527,-0.20096318,-0.0033011257,-0.8536774,-0.18833165,0.56475914,-0.96192276,-0.8744736,-0.15695633,0.45936453,0.98405886,0.8077685,0.3272097,-0.6781706,0.81931496,-0.7219382,-0.45069116,-0.35529837,-0.8605515,0.53030944,0.091692366,-0.9996582,-0.052999437,-0.7191371,-0.72967833,0.7142883,-0.731908,0.06385999,-0.4763649,0.92208254,-0.51180446,-0.6671398,-0.2273586,0.6905481,-0.71281314,-0.63500535,-0.94293344,-0.39567956,-0.5588252,-0.37178302,-0.81343985,0.9299925,0.99702126,-0.22337352,0.2816112,-0.2723512,-0.80109626,0.75128466,-0.8783438,0.7558285,0.6798462,0.29030648,0.712656,-0.36741936,-0.8847966,0.9999799,-0.87919956,-0.37274098,-0.96357816,-0.983328,-0.99998903,-0.25447673,0.4353884,0.015434681,-0.52628446,0.08739752,0.75966054,-0.6157352,0.44653383,-0.998633,0.76315963,0.9980865,0.90174514,-0.9999054,0.051652636,0.62480885,-0.5681407,0.9874314,0.26518694,0.024310717,-0.64190674,0.71592045,-0.9115196,-0.5767998,0.99937296,-0.10445293,0.97352624,-0.74490863,-0.854424,-0.20972125,-0.30159855,-0.7807211,-0.6484575,0.06893981,0.097431414,0.43190578,0.48286748,-0.97768706,-0.9932689,-0.9949435,0.99573815,-0.88124204,-0.90687907,-0.8282082,0.07230198,0.39696717,0.2148081,-0.20530064,-0.94733423,0.18748586,-0.41811246,-0.8250236,-0.06739034,-0.51041794,0.91951096,0.15884542,0.68663627,0.9743226,-0.84448075,-0.91044027,0.6292607,0.29107797,-0.7146548,-0.9892577,0.07186586,0.34057146,0.70693505,0.49054524,0.95778555,-0.5065058,0.73008007,-0.9442622,-0.16266271,-0.85720015,-0.8175503,-0.6357856,-0.32844645,0.09210943,0.9992612,0.7677548,-0.9868822,-0.33233586,0.5514103,-0.9939855,0.9381846,1.0,-0.99508166,-0.9256195,-0.6185976,-0.948779,-0.9926568,0.16874912,-0.2798886,-0.47768128,0.7776977,0.23385857,-0.6733574,-0.09918613,-0.4390373,0.40986285,-0.113793336,0.760375,-0.99805176,0.61324817,0.98104954,0.28073353,-0.14884494,0.99964976,0.82198364,-0.59979755,-0.9974464,-0.7854839,0.18977152,-0.8829898
U2AF2_HepG2,0.69909006,-0.9890914,-0.94562995,-0.61836606,0.94069433,-0.28843704,-0.91051275,-0.9820364,-0.42667422,0.05957645,-0.04594227,-0.49837214,-0.74720025,0.10251038,0.33274457,-0.18508382,-0.89066756,-0.21740724,-0.117357306,0.7106504,0.77547073,0.18252127,-0.080600634,0.9605051,-0.953407,0.614956,-0.95284337,-0.95077026,0.37366486,0.93664867,-0.114164084,0.9832618,-0.95447916,0.67363733,0.89791626,0.96668035,0.96728,0.67639196,0.60506624,-0.603294,-0.68648654,-0.82483166,-0.9656649,-0.1572779,-0.5340811,0.9774602,-0.0008627612,0.9991896,-0.53954405,-0.88560134,0.10293762,-0.0957724,0.7978892,0.090120025,-0.48023334,0.9842664,0.8221222,0.058354184,-0.54509306,-0.9968357,-0.7454009,-0.41920537,0.6020369,-0.8720795,0.78693134,0.5369016,0.44614562,0.9067756,-0.44371945,0.0073995036,0.9973312,-0.046180077,0.64676785,0.7938243,-0.7801012,0.6608097,0.03531009,0.38692543,-0.8792127,0.42418617,0.590067,0.12977688,-0.7587991,0.77878207,0.55535924,0.9053113,0.48470727,0.47392917,0.27799705,0.7518221,-0.8890069,-0.99975765,0.12571986,-0.37527487,0.3663252,0.73786634,-0.8129657,0.9213764,-0.6872509,-0.7491471,-0.38367054,-0.6396605,0.27348265,0.9266036,-0.9956899,0.92207193,0.46282724,0.98532975,0.9604789,0.99553424,0.15742826,-0.34407058,0.08368737,0.4394663,-0.18564658,-0.6915049,0.5346537,-0.53297144,0.9885438,-0.69539374,-0.9993026,-0.85449046,0.99362504,0.04752712,-0.69907826,0.48382825,-0.9982308,-0.35939404,0.07483776,0.7147056,-0.64323884,0.86629814,0.4930437,-0.9979651,0.005423237,-0.9913803,0.6751568,0.79875356,0.111834645,0.20566987,0.71498185,0.5698603,-0.16742301,0.0016344342,-0.51912373,-0.5672368,0.9520697,0.9769096,0.980101,-0.99997646,0.8300866,0.8606766,0.76862067,0.026852317,-0.30409607,-0.11700605,0.107343234,0.9109519,-0.2838651,0.3260724,0.7649883,-0.031773865,0.4227249,-0.87605226,-0.2558644,-0.7552744,-0.9918341,0.8933813,0.86498797,-0.7031531,-0.38441503,0.64185107,0.9988727,0.027289417,-0.43203256,-0.7735195,-0.5744535,-0.9245973,0.41860315,-0.65879714,0.9070087,0.06412379,0.80197096,0.75648594,0.5561989,0.42039353,0.006980438,-0.99815357,-0.7005081,0.99802047,0.2372735,-0.46606076,0.99994475,-0.8992829,-0.99508166,1.0,0.88357794,0.69338584,0.97540903,0.9997571,-0.26555648,0.18341315,0.38830596,-0.7116011,-0.3290195,0.5968103,0.00012882153,0.34787738,-0.49820265,0.014818917,-0.6922988,0.9869626,-0.688477,-0.9954176,-0.3744274,0.24606714,-0.99211156,-0.76152647,0.51758593,0.98546606,0.84292585,-0.28609627,0.925144
U2AF2_K562,0.28286174,-0.8049596,-0.98784465,-0.1783548,0.99004465,0.19352481,-0.99813557,-0.77934456,0.046518773,0.5200928,0.42719612,-0.034365606,-0.9714308,-0.37524116,0.73560566,-0.62372947,-0.57406646,0.26498702,0.36135387,0.9573741,0.9808557,-0.29914597,0.39554363,0.7183754,-0.7011341,0.91263235,-0.9840181,-0.9851993,0.7645255,0.9916281,0.3643496,0.78346795,-0.9830354,0.9413021,0.9995019,0.97401184,0.97347623,0.2527342,0.9074594,-0.9065228,-0.9470737,-0.46404526,-0.73158425,0.3234888,-0.07599939,0.7647982,0.46752167,0.86401343,-0.082453996,-0.9999906,0.55674994,0.3815092,0.9872809,0.54600674,-0.83507466,0.7869345,0.9930084,0.5190466,-0.08903433,-0.84355843,-0.9707857,0.054750543,0.90585655,-0.5413887,0.40636492,0.07932898,-0.024891233,0.6037719,-0.81172097,-0.46173352,0.9154093,0.42698088,0.928624,0.4166197,-0.39629662,0.93534917,-0.43679315,0.7736887,-0.9999573,0.79886794,0.8994414,0.5789919,-0.36545312,0.3943626,0.8801332,0.99881613,0.018679563,0.8311071,0.6954573,0.97306406,-0.9999313,-0.89367294,0.57565194,0.10247421,-0.11205542,0.9680294,-0.44563124,0.63209915,-0.94741076,-0.3517367,0.09344356,-0.92514,0.69207513,0.6426332,-0.92320055,0.6334877,-0.0061658667,0.79069763,0.9790062,0.92383873,0.6015449,-0.7437057,-0.392697,0.8089432,0.29611057,-0.9492737,0.8681417,-0.07469098,0.9441356,-0.9509571,-0.9004473,-0.9982671,0.93073744,-0.42576104,-0.2828458,0.8373249,-0.8541714,0.119443506,-0.40084618,0.30396828,-0.9269007,0.99936265,0.8430519,-0.91163903,0.47306913,-0.8146091,0.9419948,0.98750806,0.5641611,0.6399983,0.95913976,0.88832456,0.31374303,-0.46683937,-0.058444243,-0.11554037,0.9844671,0.96322614,0.95894974,-0.8867715,0.9945776,0.9989027,0.97869986,-0.44438916,-0.71479946,-0.5684516,0.56042445,0.9980701,0.19820385,0.7308004,0.97752243,0.43997303,0.7978966,-0.99987465,0.22661996,-0.36042625,-0.8166403,0.5789723,0.9992658,-0.28832257,0.09264061,0.92621946,0.86035275,-0.4439974,0.040591367,-0.38667923,-0.12426647,-0.9953447,0.7951498,-0.9343984,0.9986129,0.52397877,0.9883395,0.9746768,0.88061225,-0.053443275,-0.46210498,-0.91039056,-0.95314187,0.8523788,0.6645611,-0.8261167,0.8786069,-0.99939877,-0.9256195,0.88357794,1.0,0.2752306,0.758639,0.87304276,0.21683057,0.6223999,0.7746367,-0.95776385,0.15149705,0.90307134,0.4683979,0.7464119,-0.0341701,0.48132637,-0.94961894,0.9474286,-0.26869622,-0.8347502,0.10338357,-0.23646647,-0.9353111,-0.97637874,0.85800606,0.95028466,0.49283987,0.19592193,0.63966846
UCHL5_HepG2,0.9999684,-0.79196364,-0.42132595,-0.99505246,0.40780815,-0.88993984,-0.333396,-0.81689477,-0.947534,-0.67797714,-0.7516614,-0.97026885,-0.039210204,0.78784984,-0.44878617,0.57978266,-0.9451855,-0.8540783,-0.7969611,-0.01419632,0.08274651,0.83502007,-0.77410954,0.86650705,-0.8784645,-0.1418092,-0.44202313,-0.4359492,-0.40927744,0.39706573,-0.7950151,0.81306577,-0.4468934,-0.06545288,0.30543327,0.48582715,0.48788232,0.999728,-0.1541528,0.15634976,0.047954593,-0.97931933,-0.8567749,-0.8206529,-0.9795152,0.8298829,-0.7211645,0.72182685,-0.9807985,-0.27939886,-0.6453632,-0.7836614,0.11888449,-0.6551466,0.29905137,0.80979395,0.15982133,-0.67887676,-0.98206514,-0.7484691,-0.03650902,-0.94486725,-0.1579057,-0.95730704,0.9902658,0.98018223,0.95422953,0.932546,0.33807832,0.72567743,0.6389266,-0.75181836,-0.10110696,0.98863703,-0.991736,-0.082627565,0.7446006,-0.39615378,-0.26633433,-0.35840243,-0.1726084,-0.62448746,-0.9954633,0.9920039,-0.21415244,0.32167032,0.9663517,-0.30588838,-0.49940404,0.046185702,-0.2864817,-0.67735475,-0.6276771,-0.9281132,0.92448235,0.025282085,-0.9832931,0.918933,0.04690405,-0.9967539,-0.93145335,0.11033752,-0.50346714,0.9134553,-0.6235683,0.9182242,0.9596629,0.80618656,0.46541065,0.62226677,-0.6024229,0.43799764,0.77606654,-0.34253567,-0.83676535,0.041037314,-0.23820877,-0.97925013,0.576684,0.035643667,-0.66599655,-0.21818095,0.607732,0.75270694,-0.9999685,-0.29513353,-0.73500264,-0.92162126,0.7704372,0.99954927,0.105700396,0.24073623,-0.28502658,-0.6460294,-0.71679544,-0.78181463,-0.06339925,0.12030947,-0.6385017,-0.56255335,-0.008020836,-0.19698638,-0.8264846,0.72169894,-0.9758206,-0.98673993,0.43974394,0.52342397,0.5365562,-0.6884234,0.17375751,0.2299029,0.07200081,0.73892576,0.4755856,0.6344868,-0.6419729,0.3343984,-0.88775355,-0.4550898,0.066355385,-0.7422343,-0.35990784,-0.2599735,-0.8739936,-0.99596214,-0.7796209,0.9432079,0.2381955,-0.9999069,-0.9317464,-0.107501075,0.72680897,0.7392203,-0.94941396,-0.9930227,-0.9881284,-0.36660573,-0.36414284,0.085296825,0.32546782,-0.6746211,0.12563542,0.05327891,-0.21316582,0.9452951,0.7253892,-0.64833736,0.028506244,0.7373293,-0.535467,0.31436333,0.70092154,-0.30839747,-0.6185976,0.69338584,0.2752306,1.0,0.83514935,0.70909804,-0.8788279,-0.5811668,-0.39477825,0.012844285,-0.90858513,-0.16435005,-0.7204772,-0.43434668,-0.97022146,-0.71021205,0.039938804,0.56837094,-0.99997693,-0.75911134,-0.9277724,0.8690305,-0.5975873,-0.061007727,-0.25765252,0.5609038,0.9721591,-0.8888225,0.9150206
UCHL5_K562,0.83949393,-0.99723464,-0.85069126,-0.776372,0.8427891,-0.49237925,-0.7969901,-0.99947524,-0.61551493,-0.16189948,-0.26498213,-0.6771976,-0.58234656,0.31923097,0.11671874,0.036062125,-0.9689723,-0.42719144,-0.33335072,0.5381117,0.61724275,0.39473307,-0.29830387,0.9982151,-0.99645436,0.42603278,-0.86252815,-0.85908794,0.1600388,0.8364152,-0.33031803,0.9992394,-0.86526644,0.4941809,0.778822,0.88648874,0.8875751,0.82209444,0.41470826,-0.41268367,-0.5093411,-0.92915905,-0.9991768,-0.3710695,-0.7072831,0.9999548,-0.22124384,0.9834898,-0.7118456,-0.76145834,-0.11882528,-0.3128065,0.6454088,-0.13160154,-0.27509987,0.99900544,0.6764279,-0.16310748,-0.71646875,-0.9898422,-0.5801468,-0.60899806,0.41124797,-0.9584913,0.90357715,0.70964,0.6324259,0.97740173,-0.2352908,0.22761354,0.9567143,-0.2652117,0.46276522,0.90834033,-0.8988132,0.47913602,0.25470635,0.17417507,-0.7525857,0.21416411,0.3976139,-0.09195306,-0.88369304,0.8978883,0.35841352,0.78943324,0.6655686,0.26819673,0.05944615,0.58800817,-0.7662244,-0.9703205,-0.0960255,-0.5703406,0.5623984,0.5709619,-0.921317,0.984383,-0.51024616,-0.87672013,-0.57777065,-0.4545165,0.05475786,0.98669755,-0.95076376,0.9846971,0.6468212,0.99871373,0.87551016,0.95024675,-0.064097226,-0.12866397,0.30125877,0.23068093,-0.39765227,-0.5152876,0.3352503,-0.70635486,0.9309683,-0.5199057,-0.96649903,-0.71898586,0.9443436,0.26651183,-0.8394848,0.27904248,-0.98678803,-0.5562325,0.29278138,0.8512853,-0.45866632,0.73489803,0.2891682,-0.9593706,-0.21510927,-0.99587744,0.4959689,0.64650446,-0.10993524,-0.015078136,0.54330695,0.3747331,-0.38059744,0.22199644,-0.69473565,-0.7348014,0.8612405,0.9057968,0.9122496,-0.9738732,0.68677,0.7272934,0.60872704,0.24651502,-0.08665354,0.10475984,-0.11442546,0.79763204,-0.48822066,0.1096977,0.6042276,-0.2512836,0.21258824,-0.74822766,-0.46263835,-0.8811552,-0.9955529,0.97043884,0.7331208,-0.8425765,-0.57842875,0.4570563,0.9847718,0.24693875,-0.6201801,-0.8941829,-0.7407347,-0.81789917,0.2081466,-0.47678328,0.7918904,-0.15740186,0.65058947,0.59373784,0.35935616,0.610036,0.2272059,-0.9602205,-0.5259929,0.9873392,0.017330743,-0.25959814,0.97767186,-0.7807717,-0.948779,0.97540903,0.758639,0.83514935,1.0,0.9800296,-0.4715152,-0.037760742,0.1756495,-0.5392509,-0.52905977,0.40528715,-0.22027685,0.13268667,-0.6770535,-0.20592356,-0.5162297,0.92721856,-0.8313953,-0.9920149,-0.5695893,0.45364138,-0.94008535,-0.5999494,0.31627485,0.9237922,0.9407805,-0.49025056,0.98606217
UPF1_HepG2,0.714679,-0.99209756,-0.9382322,-0.6355362,0.932989,-0.30946946,-0.9011788,-0.98595655,-0.44650283,0.03756195,-0.067946896,-0.5173582,-0.7323716,0.12440856,0.31188044,-0.16338046,-0.9004715,-0.23886634,-0.1392157,0.6949723,0.76136726,0.20414591,-0.10254841,0.9664045,-0.9598244,0.5974274,-0.94592386,-0.9437095,0.35313135,0.92870146,-0.13603145,0.9870385,-0.94767356,0.65718544,0.8879973,0.96080387,0.9614535,0.6924604,0.5873723,-0.5855709,-0.6702941,-0.8370918,-0.9711559,-0.17900446,-0.55258393,0.98187566,-0.022901602,0.999834,-0.5579689,-0.87515014,0.080990516,-0.11768701,0.78441006,0.068148755,-0.4607851,0.9879214,0.8093754,0.036338508,-0.5634377,-0.99834543,-0.73052824,-0.4391126,0.5842931,-0.88265294,0.8003392,0.55536443,0.46576145,0.9158473,-0.42386082,0.029436162,0.9954799,-0.068184525,0.6298018,0.8070345,-0.7937005,0.6441077,0.05732683,0.36650887,-0.8684989,0.404125,0.5721303,0.107892565,-0.7729695,0.79241794,0.53689635,0.8957303,0.5038666,0.45440727,0.25675908,0.73710763,-0.8786993,-0.99902964,0.103825,-0.39561212,0.38674328,0.72281194,-0.825602,0.92971855,-0.6710742,-0.7635639,-0.40392974,-0.62256444,0.25221738,0.93466616,-0.9934041,0.9303775,0.4822513,0.98885167,0.954111,0.99321187,0.13562566,-0.32329357,0.105628915,0.41956264,-0.20725743,-0.6754164,0.5158992,-0.55148995,0.98497725,-0.6793869,-0.99823695,-0.84283435,0.9908991,0.06952985,-0.7146674,0.464423,-0.99929875,-0.37987328,0.09679684,0.72994673,-0.6262079,0.85507864,0.47374988,-0.9963174,-0.016616933,-0.99402696,0.6587351,0.7852995,0.08990656,0.184052,0.6993997,0.5516115,-0.18911044,0.023673188,-0.5378344,-0.58524936,0.94509715,0.9719636,0.9754882,-0.9995823,0.81759524,0.8492462,0.75433546,0.048877023,-0.28302678,-0.09508984,0.08540533,0.9016392,-0.30492872,0.30515856,0.7506083,-0.05379408,0.40264904,-0.8652119,-0.2771078,-0.7695357,-0.99440396,0.90306646,0.8537188,-0.7186531,-0.40466735,0.6247949,0.9996763,0.049313758,-0.4518037,-0.78729934,-0.5923537,-0.91597694,0.39848626,-0.64205664,0.8975074,0.04211451,0.78861076,0.7418884,0.5377482,0.44028848,0.029017385,-0.99657243,-0.6846099,0.9991641,0.21580619,-0.4464482,0.99993354,-0.8894253,-0.9926568,0.9997571,0.87304276,0.70909804,0.9800296,1.0,-0.28673986,0.16170329,0.36790186,-0.695944,-0.34975168,0.5789816,-0.021910388,0.32713026,-0.5171908,-0.007221322,-0.6762271,0.9831757,-0.7042939,-0.9972833,-0.39477232,0.26736876,-0.9891078,-0.7470572,0.4986029,0.98148286,0.8545788,-0.3071446,0.9332857
UPF1_K562,-0.8750084,0.40467393,-0.062448837,0.9218842,0.077266805,0.99971646,-0.15684253,0.44270265,0.98523915,0.9465619,0.97527754,0.96818113,-0.44231266,-0.98623866,0.8207958,-0.8982882,0.67485344,0.998769,0.98859817,0.48956683,0.4027826,-0.99637,0.9823626,-0.52333987,0.54403853,0.5969427,-0.03953301,-0.046286654,0.7950308,0.08896086,0.98810893,-0.43676797,-0.03409963,0.53363746,0.18591473,-0.009912969,-0.012265657,-0.8897169,0.6069094,-0.6086754,-0.51873374,0.76411813,0.50690174,0.9938627,0.9569069,-0.4631107,0.96432406,-0.3041463,0.9550066,-0.21259327,0.93163806,0.9850966,0.369276,0.9362403,-0.71811825,-0.43172526,0.33055022,0.94695604,0.95302695,0.34135154,-0.44473577,0.9866166,0.6099247,0.7033801,-0.8038606,-0.9559318,-0.981304,-0.64727604,-0.74615663,-0.9660338,-0.19445916,0.9753301,0.5635494,-0.79711723,0.8103505,0.54812264,-0.9728709,0.7862524,-0.22584286,0.76041526,0.62167025,0.92147905,0.8294432,-0.8115825,0.6542725,0.16908686,-0.9719887,0.72309154,0.85226864,0.43604037,-0.20537175,0.24426793,0.92306024,0.9932897,-0.9943581,0.4547677,0.77729225,-0.6193938,-0.5178343,0.83756125,0.99219936,-0.5711932,0.8547158,-0.60860354,0.1749972,-0.61798507,-0.9775277,-0.4261946,0.013297241,-0.17335868,0.91026735,-0.81386113,-0.98293704,0.74930423,0.9966357,-0.51280165,0.67274845,0.95728713,-0.11699919,-0.5081605,0.22937231,-0.2739,-0.15517579,-0.97562695,0.8750165,0.71525675,0.32241,0.9951196,-0.9812653,-0.86410755,-0.5673584,0.25154072,0.7078363,0.20354265,0.96264094,0.38957927,0.53189594,0.36794177,0.9283489,0.8888673,0.48417237,0.640907,0.9949475,-0.964528,0.9618681,0.9446187,0.042070203,-0.0534428,-0.068900004,0.25893262,0.31717786,0.26231292,0.41262412,-0.9708785,-0.83768237,-0.92640144,0.9300191,0.15579218,0.99981874,0.8248118,0.41777226,0.97204626,0.7614618,-0.23226102,0.99994963,0.83244455,0.3863435,-0.6704105,0.2540726,0.8722358,0.9920985,0.5688488,-0.31102216,-0.97098315,0.98420614,0.8164303,0.9416978,-0.12173535,0.7643989,-0.550361,0.16512989,0.94508266,0.3629463,0.42963815,0.65350837,-0.9864023,-0.9659255,0.20650601,-0.5019968,-0.3256623,0.8735539,-0.7292205,-0.27567562,-0.1828538,0.16874912,-0.26555648,0.21683057,-0.8788279,-0.4715152,-0.28673986,1.0,0.8990338,0.78532606,-0.48838717,0.99779075,0.61508614,0.9640611,0.81149685,0.96823007,0.96005416,-0.5118573,-0.10692351,0.8820476,0.35652953,0.99339503,-0.99979675,0.14260465,-0.4226345,0.6874617,-0.09792374,-0.74255645,0.9997717,-0.6116644
UTP18_HepG2,-0.5746814,-0.03660807,-0.4931683,0.65914184,0.50603575,0.88835263,-0.5734667,0.005372034,0.8108054,0.9922169,0.97357154,0.760848,-0.79037106,-0.9590555,0.9880493,-0.99999857,0.28358215,0.9196474,0.95471805,0.82195294,0.76290417,-0.933046,0.9650544,-0.09737254,0.121701896,0.8879752,-0.47307852,-0.47902328,0.98036355,0.516122,0.9556696,0.0012356795,-0.46828142,0.85007846,0.5973889,0.42894575,0.42681918,-0.5999881,0.8936458,-0.89464164,-0.8407179,0.40450236,0.0782681,0.9419547,0.7331338,-0.028259372,0.9828773,0.14369716,0.72871494,-0.6189983,0.99669397,0.96095127,0.7389215,0.99556506,-0.950342,0.006833814,0.71044123,0.9920637,0.72417605,-0.10469188,-0.79202425,0.8156022,0.89534444,0.32111177,-0.46223944,-0.73085845,-0.79794925,-0.24814683,-0.9623471,-0.9816519,0.25469515,0.9735171,0.86837435,-0.452233,0.47195905,0.85902214,-0.9759466,0.97743547,-0.62960654,0.96801406,0.90188426,0.9985254,0.5011019,-0.4738144,0.9193632,0.5835892,-0.7709368,0.9525498,0.99527484,0.7860745,-0.61318165,-0.2050099,0.99829495,0.842359,-0.8475133,0.7988313,0.42332464,-0.21308556,-0.8401479,0.51376325,0.83743405,-0.8729402,0.99571985,-0.19970912,-0.273794,-0.21133314,-0.78652227,0.012956094,0.4497953,0.27539402,0.99965227,-0.98612255,-0.9642381,0.96362484,0.9318974,-0.8369485,0.9287979,0.73402554,0.32968578,-0.8339824,-0.21999148,-0.66737956,0.29306698,-0.97320795,0.57469505,0.9490571,-0.124639176,0.85143775,-0.96655303,-0.55647403,-0.8706553,0.64994365,0.9456764,-0.24572109,0.9840162,-0.053038895,0.8489929,0.73795366,0.9973811,0.99974257,0.81841975,0.9123213,0.93845296,-0.98273486,0.7449859,0.70554525,0.4753142,0.3892067,0.37489533,-0.19015649,0.7004235,0.6583742,0.7698279,-0.9777564,-0.9922559,-0.9977441,0.99704415,0.5725952,0.8905334,0.98911387,0.7734275,0.9767118,0.9684175,-0.6347154,0.9033844,0.50576305,-0.056544334,-0.27781948,0.6519302,0.5700089,0.83699304,0.87154466,0.13654225,-0.9776646,0.80731845,0.4811475,0.6992892,-0.54406685,0.9695403,-0.86039025,0.58032537,0.99277395,0.73432136,0.7816647,0.9189654,-0.81484395,-0.98173165,-0.24278513,-0.83002055,0.121227406,0.99848235,-0.95522535,0.17307012,-0.5948885,-0.2798886,0.18341315,0.6223999,-0.5811668,-0.037760742,0.16170329,0.8990338,1.0,0.977118,-0.8211821,0.86795706,0.89823353,0.9830595,0.9854408,0.76097494,0.985646,-0.83634615,0.33924124,0.58667916,-0.08857161,0.84285134,-0.9076785,-0.3051977,-0.77681285,0.93604827,0.34773812,-0.37429896,0.8894721,-0.20349301
UTP18_K562,-0.3874645,-0.2483257,-0.66691655,0.48410657,0.6779112,0.7703626,-0.7345929,-0.20744593,0.6677571,0.94302756,0.9027178,0.6054122,-0.9025906,-0.87687045,0.9982256,-0.97747815,0.07312728,0.81506795,0.869592,0.9242883,0.88295907,-0.83517647,0.8872346,0.11654269,-0.09219973,0.9654745,-0.64964473,-0.654769,0.9998746,0.6864911,0.87117493,0.21390513,-0.64550185,0.9426456,0.7542929,0.61126703,0.60940325,-0.4160988,0.96865046,-0.96920055,-0.9366508,0.20072643,-0.13556823,0.8489896,0.5717057,0.1850002,0.9211952,0.35089955,0.5663813,-0.7718857,0.9566065,0.8801055,0.86532754,0.9527749,-0.9947895,0.21937037,0.8438725,0.9426195,0.5609258,-0.31382537,-0.9037511,0.6738698,0.9695874,0.11233039,-0.26305163,-0.56896245,-0.65149236,-0.036423538,-0.99814296,-0.9186321,0.45455062,0.9026154,0.95398307,-0.25218,0.27364087,0.9482542,-0.90724486,0.99999887,-0.7804479,0.999229,0.97312814,0.96413046,0.3055695,-0.27566543,0.9820038,0.74295664,-0.6178263,0.99549514,0.99315345,0.8995629,-0.76716983,-0.40849882,0.96303666,0.7084577,-0.7152258,0.90850204,0.22093828,-0.00039677223,-0.9362819,0.31952706,0.70202434,-0.9567254,0.9925939,0.013273759,-0.4720994,0.0013964927,-0.6371708,0.22533967,0.6294702,0.4735656,0.97116977,-0.99887,-0.88580155,0.99842054,0.83342355,-0.9342031,0.9863682,0.57278174,0.52294797,-0.93226403,-0.4224448,-0.8105085,0.48971975,-0.9020341,0.3874798,0.9943628,-0.33282647,0.7204045,-0.88988644,-0.36701754,-0.9553577,0.79671836,0.99318755,-0.44627517,0.92362285,-0.26422375,0.9419567,0.8646073,0.95917565,0.9816924,0.9219133,0.97854006,0.84351194,-0.9208946,0.58605254,0.5386694,0.6515731,0.5762276,0.56350225,-0.39462227,0.83620477,0.80340505,0.88796747,-0.9107713,-0.9959704,-0.9606348,0.95788795,0.7338709,0.77339613,0.9977799,0.89055586,0.9087273,0.99929106,-0.78455323,0.7915016,0.31070185,-0.26760808,-0.06713777,0.7982971,0.3822052,0.7014498,0.9558912,0.34412372,-0.91059065,0.66332895,0.2836785,0.5312434,-0.71007997,0.99945176,-0.94910127,0.7402643,0.94453365,0.86189836,0.8964381,0.98181254,-0.672902,-0.91879755,-0.4435637,-0.9296566,0.3295827,0.987349,-0.9963008,0.37859812,-0.7522445,-0.47768128,0.38830596,0.7746367,-0.39477825,0.1756495,0.36790186,0.78532606,0.977118,1.0,-0.92377126,0.74246234,0.9711648,0.92158055,0.9990546,0.6055679,0.9271836,-0.93381023,0.53156346,0.4010079,-0.29840684,0.70910263,-0.7976469,-0.5007641,-0.8929804,0.989472,0.53920496,-0.16849782,0.7719186,0.009410795
UTP3_K562,0.0048977695,0.60034573,0.90142286,-0.11212371,-0.90775436,-0.467471,0.9384268,0.5662467,-0.33179867,-0.74373055,-0.66914934,-0.2544721,0.99864495,0.625936,-0.8993298,0.8221509,0.31436673,-0.5310714,-0.6142172,-0.9999991,-0.9954256,0.5608993,-0.64294237,-0.48799407,0.46648476,-0.9916338,0.8912521,0.8942975,-0.9175916,-0.9126144,-0.616751,-0.57168055,0.8887734,-0.998614,-0.94821185,-0.8677427,-0.86657083,0.03616112,-0.98994553,0.98962843,0.9993831,0.18972564,0.5046434,-0.58192074,-0.21393497,-0.54723245,-0.70196956,-0.68274534,-0.20760547,0.95650727,-0.7721021,-0.6312025,-0.9912992,-0.76385456,0.9579994,-0.57626486,-0.98501176,-0.7429116,-0.20114021,0.65350145,0.998782,-0.33956298,-0.9894009,0.27675316,-0.12645847,0.21067142,0.31130692,-0.34904352,0.9453827,0.697299,-0.76099765,-0.6689725,-0.99609214,-0.1376114,0.11554697,-0.9975596,0.6770189,-0.9231968,0.96038026,-0.9380936,-0.98712635,-0.7889915,0.08235179,-0.11345514,-0.9794703,-0.94264203,0.26961532,-0.9559177,-0.87271225,-0.9982573,0.9543269,0.7268958,-0.7864717,-0.38418838,0.3930677,-0.9992732,0.16938458,-0.3825781,0.99941945,0.067699604,-0.3757949,0.9952294,-0.8704098,-0.39517283,0.773695,-0.3842343,0.29345608,-0.58125776,-0.879044,-0.774748,-0.80584896,0.9045276,0.64056706,-0.9438269,-0.5582643,0.99960226,-0.97419345,-0.21521667,-0.8094928,0.99973994,0.73733896,0.97302544,-0.78627074,0.6679694,-0.004914252,-0.95916796,0.66856784,-0.39989626,0.64735925,-0.017180236,0.99567366,-0.96741843,-0.96210146,0.75495166,-0.7064327,0.6134177,-0.9987202,-0.99110925,-0.77775806,-0.8339186,-0.9999884,-0.9828555,-0.5735283,0.7014197,-0.23108889,-0.17496988,-0.8924009,-0.84527904,-0.83690333,0.71640676,-0.98247546,-0.97018033,-0.9963975,0.68322223,0.8857055,0.7810195,-0.7749098,-0.938059,-0.4716839,-0.8962174,-0.99686146,-0.6796187,-0.9375337,0.962197,-0.497123,0.07697454,0.6161867,-0.32006067,-0.96807766,0.0008001446,-0.37504753,-0.9955037,-0.6774477,0.6829029,-0.32619616,0.10515906,-0.16630928,0.9255908,-0.9359434,0.997369,-0.9412948,-0.74676836,-0.99038094,-0.997813,-0.9796734,0.3383312,0.69759935,0.7529628,0.9998773,-0.66600734,-0.8513642,0.9532622,-0.7041768,0.94721794,0.7776977,-0.7116011,-0.95776385,0.012844285,-0.5392509,-0.695944,-0.48838717,-0.8211821,-0.92377126,1.0,-0.42933565,-0.9884317,-0.7026754,-0.90625036,-0.25466117,-0.7130518,0.9996327,-0.8154043,-0.019633928,0.6411569,-0.38503218,0.50588,0.7940623,0.99727136,-0.9694673,-0.82060826,-0.2218159,-0.46962994,-0.3916211
WDR3_K562,-0.905237,0.46453214,0.003994943,0.94558877,0.010859709,0.9990897,-0.09088325,0.5012948,0.9944351,0.9230439,0.9584419,0.98266757,-0.38175297,-0.9730763,0.78103334,-0.8671117,0.7223884,0.99326706,0.97641045,0.43055624,0.34108508,-0.98851335,0.9677699,-0.57879454,0.5985796,0.5423242,0.0269374,0.02017941,0.7529769,0.022592725,0.9757112,-0.49556628,0.0323716,0.4762736,0.12022722,-0.07632281,-0.07866857,-0.91807973,0.55276793,-0.55461985,-0.46079004,0.80528563,0.5630491,0.9843179,0.9740853,-0.520969,0.9446066,-0.366762,0.97260034,-0.14720725,0.9054382,0.9714933,0.3067208,0.9108293,-0.6702982,-0.49069622,0.26711935,0.92351425,0.97104365,0.40304205,-0.38424996,0.99526966,0.55593014,0.7490491,-0.84160143,-0.9733245,-0.9919224,-0.69648653,-0.7002777,-0.9467318,-0.25919634,0.9585098,0.5074235,-0.83547133,0.8474875,0.49134558,-0.9553519,0.74346477,-0.16062534,0.71558994,0.56825966,0.8936381,0.86472076,-0.84860337,0.602585,0.10323489,-0.9854554,0.675604,0.8156333,0.3752904,-0.13989915,0.3081508,0.8954664,0.9987787,-0.99920845,0.39459532,0.8173719,-0.6701823,-0.45985636,0.8720072,0.9982892,-0.5154004,0.8183414,-0.65997344,0.24002042,-0.66885036,-0.989373,-0.48535225,-0.05316127,-0.23840478,0.88075083,-0.7734604,-0.96854526,0.7036538,0.9889889,-0.4546338,0.6221088,0.9743812,-0.18271944,-0.44981983,0.29352936,-0.20940094,-0.22046323,-0.95889336,0.9052441,0.66724765,0.3845851,0.9994767,-0.966298,-0.8956357,-0.51139766,0.18668608,0.6593443,0.26813725,0.94252485,0.44990474,0.47446308,0.3053544,0.9016034,0.8564654,0.42497393,0.58849436,0.9860796,-0.9448596,0.977914,0.9643338,-0.024398929,-0.119664796,-0.13502492,0.32252982,0.25347242,0.19762473,0.3511968,-0.95281756,-0.79954773,-0.8993395,0.90354884,0.08982416,0.99887484,0.7854268,0.35648966,0.9543005,0.71671575,-0.16712965,0.99707353,0.86741763,0.44676664,-0.7182235,0.18925633,0.9028012,0.9982417,0.51295304,-0.37347504,-0.9529502,0.99379253,0.8529891,0.96197003,-0.055525504,0.7198766,-0.49367672,0.09924209,0.9212817,0.30023965,0.36869806,0.6017786,-0.99514157,-0.9465968,0.2710528,-0.44343013,-0.38775623,0.83928823,-0.6821494,-0.3389273,-0.117134444,0.23385857,-0.3290195,0.15149705,-0.90858513,-0.52905977,-0.34975168,0.99779075,0.86795706,0.74246234,-0.42933565,1.0,0.56134593,0.94428074,0.7708823,0.9827038,0.9393437,-0.45365405,-0.17274144,0.91140044,0.41781104,0.9988234,-0.99624866,0.20804563,-0.36149076,0.63769644,-0.16382311,-0.785413,0.9989825,-0.662871
WDR43_HepG2,-0.15650617,-0.47210655,-0.8253323,0.26153713,0.83362854,0.59613794,-0.8751733,-0.4346867,0.4710354,0.83651304,0.77411634,0.3982023,-0.97919935,-0.7369761,0.95524555,-0.8989793,-0.16675219,0.65343934,0.7267977,0.98863584,0.96941996,-0.67997324,0.7516686,0.3499667,-0.32693475,0.9997399,-0.8121598,-0.8160851,0.9672679,0.84005237,0.72900206,0.44062817,-0.80897576,0.99504405,0.88906735,0.78232384,0.7808562,-0.18731047,0.99994665,-0.99996716,-0.99314857,-0.038618423,-0.36786723,0.6985312,0.35961556,0.41395953,0.8018672,0.5640306,0.3535663,-0.9011995,0.85955423,0.7415361,0.95986795,0.852902,-0.9904105,0.44564658,0.9474562,0.8358415,0.34738055,-0.53114104,-0.97974426,0.47829002,0.99997866,-0.1278089,-0.025453722,-0.3564973,-0.45183605,0.20287769,-0.9838839,-0.7979444,0.6537996,0.77396566,0.99796426,-0.014204489,0.03644084,0.9966089,-0.7808087,0.97080666,-0.9070019,0.9797761,0.9999649,0.87304896,0.06975235,-0.038544923,0.9987138,0.88110995,-0.41254663,0.989394,0.9366655,0.9777588,-0.8979745,-0.61432976,0.87104696,0.5197711,-0.5279798,0.9819316,-0.017949559,0.23802379,-0.9930251,0.08440236,0.5119976,-0.9985133,0.9350105,0.25127915,-0.6686548,0.23976512,-0.43505073,0.4511193,0.7965691,0.6698911,0.8863318,-0.9587368,-0.7496221,0.98302525,0.6776385,-0.99231565,0.9971571,0.36083964,0.71108013,-0.99163336,-0.6263549,-0.92678,0.68346274,-0.7731109,0.15652256,0.990969,-0.54804635,0.53428185,-0.7554685,-0.13466299,-0.99824816,0.91782755,0.9923299,-0.64675814,0.80560726,-0.48654124,0.99483734,0.95946443,0.864093,0.9079745,0.98768854,0.99944943,0.691137,-0.8014058,0.37597713,0.32227302,0.8136386,0.75446117,0.7442068,-0.602304,0.94284034,0.9221953,0.9720086,-0.78606725,-0.9458703,-0.8667013,0.86180973,0.8746583,0.59996206,0.9531314,0.9733226,0.7830143,0.9794521,-0.9097588,0.62297064,0.07513304,-0.4896054,0.17266938,0.91886324,0.15087569,0.5113047,0.99835366,0.55804896,-0.7857969,0.46579352,0.046883393,0.31394008,-0.85747355,0.9785257,-0.99682575,0.8792049,0.8390008,0.9579381,0.9762447,0.99876446,-0.47713986,-0.7981968,-0.64444596,-0.9906862,0.5451675,0.92107606,-0.9880598,0.5883433,-0.8876373,-0.6733574,0.5968103,0.90307134,-0.16435005,0.40528715,0.5789816,0.61508614,0.89823353,0.9711648,-0.9884317,0.56134593,1.0,0.8024592,0.9598824,0.39838174,0.8111384,-0.992179,0.7181726,0.17104419,-0.5173492,0.5205519,-0.6308563,-0.6926875,-0.974538,0.99544406,0.72443897,0.07136123,0.59809834,0.24753803
WDR43_K562,-0.71494347,0.14717574,-0.3253662,0.78581053,0.33937636,0.9574617,-0.4135983,0.1885649,0.90435046,0.9982314,0.99893814,0.866899,-0.66469526,-0.99471873,0.94305986,-0.9827466,0.45454037,0.976053,0.99307466,0.7036368,0.6314834,-0.9831784,0.9967361,-0.27813852,0.3015643,0.7886406,-0.30358523,-0.3100191,0.9276119,0.35039103,0.9934472,-0.18207163,-0.2984008,0.7391488,0.44028196,0.25611097,0.2538359,-0.73645484,0.796253,-0.79759645,-0.72723097,0.56527215,0.25966647,0.98753417,0.84536445,-0.21099395,0.9999995,-0.040121436,0.8418879,-0.46456036,0.9947011,0.9953909,0.60290694,0.9959425,-0.8772027,-0.17656419,0.56941694,0.9983035,0.83830535,0.07936094,-0.6667125,0.90783745,0.79854584,0.48925185,-0.6169392,-0.8435757,-0.89490294,-0.42149696,-0.8962229,-0.9999717,0.07313851,0.9989272,0.76277024,-0.60804516,0.62555295,0.75063854,-0.9993718,0.92216086,-0.4765428,0.90562963,0.80743027,0.9915599,0.65122706,-0.6271944,0.8316821,0.42486528,-0.87461406,0.880624,0.9606177,0.65946287,-0.45800835,-0.02214345,0.992082,0.9268652,-0.9304398,0.67504174,0.5822069,-0.38855284,-0.7265086,0.66230726,0.92342067,-0.76874006,0.9619121,-0.37592018,-0.092872985,-0.38689986,-0.886389,-0.1705345,0.27847657,0.094529614,0.9875507,-0.9389881,-0.9964813,0.89831567,0.9825927,-0.7224609,0.8451401,0.8460647,0.15106165,-0.7187185,-0.037468407,-0.5195773,0.11286354,-0.9988638,0.7149552,0.87522525,0.059329532,0.9331396,-0.99718606,-0.6993334,-0.7657485,0.4996388,0.870068,-0.06389142,0.999986,0.13088813,0.7377612,0.6017612,0.9937412,0.9786479,0.6992351,0.82181495,0.98586357,-0.99999845,0.85463226,0.8234817,0.30600375,0.2137789,0.19862552,-0.006992923,0.55774134,0.509263,0.63980377,-0.99963593,-0.9526805,-0.99314624,0.9942358,0.41262987,0.9588277,0.94538677,0.6441427,0.999491,0.9063125,-0.4823291,0.9666797,0.65531147,0.12740682,-0.44918412,0.5019039,0.71094793,0.92311084,0.766912,-0.047340736,-0.9996241,0.9018024,0.63367283,0.81846327,-0.38106504,0.90822315,-0.7524055,0.4212287,0.9979502,0.59746635,0.6541074,0.83112085,-0.9072877,-0.9999747,-0.060869638,-0.7137347,-0.062760964,0.9714734,-0.8848128,-0.010382391,-0.4374832,-0.09918613,0.00012882153,0.4683979,-0.7204772,-0.22027685,-0.021910388,0.9640611,0.9830595,0.92158055,-0.7026754,0.94428074,0.8024592,1.0,0.9375848,0.8669965,0.9998921,-0.72170013,0.16107681,0.72516954,0.09549499,0.927208,-0.9692211,-0.12548578,-0.648232,0.8556979,0.16999935,-0.53792125,0.95816404,-0.37949723
WRN_K562,-0.42717505,-0.20598002,-0.633893,0.52168787,0.6453117,0.7973528,-0.7044019,-0.16472262,0.699486,0.95660007,0.9205678,0.6394403,-0.88302225,-0.89693993,0.9998705,-0.9857284,0.11641417,0.839484,0.8902355,0.90682113,0.86171603,-0.8582961,0.9064506,0.07325598,-0.04882508,0.9532372,-0.61598104,-0.62129205,0.99961776,0.65423137,0.8916952,0.17123634,-0.6116888,0.9272435,0.7250383,0.57628375,0.57435936,-0.45523608,0.9569349,-0.9575782,-0.9205384,0.24312454,-0.09236876,0.8711584,0.60683274,0.14210294,0.9372396,0.30985934,0.6016736,-0.74351776,0.9683693,0.8999134,0.8427207,0.96507585,-0.98941696,0.17674913,0.81974965,0.95624256,0.59638506,-0.27225223,-0.88428783,0.70535254,0.958031,0.1554217,-0.3047447,-0.6041749,-0.6838572,-0.07983303,-0.99455124,-0.9349403,0.4153989,0.9204748,0.9400454,-0.294009,0.31519568,0.93355465,-0.9246719,0.9991186,-0.75253004,0.9965776,0.9621979,0.9747579,0.34667397,-0.31719318,0.9728651,0.7131562,-0.6514256,0.99043226,0.9972929,0.87972397,-0.73855925,-0.3684328,0.9738365,0.73846895,-0.7449326,0.88947666,0.26312798,-0.043869168,-0.92012703,0.36041877,0.7323199,-0.9431707,0.99693656,-0.03020773,-0.43332997,-0.042077437,-0.670074,0.18277209,0.5950958,0.4348289,0.980615,-0.9999918,-0.9051382,0.9950342,0.8566602,-0.91781145,0.97828203,0.60787517,0.48539895,-0.9156552,-0.3826423,-0.78427917,0.45135376,-0.9199469,0.4271901,0.9888132,-0.29151762,0.7498741,-0.9088766,-0.4071094,-0.94161046,0.76969236,0.98718286,-0.4069498,0.9394129,-0.22204629,0.92647094,0.84194714,0.9705634,0.98904467,0.9042006,0.96865714,0.86606413,-0.9369702,0.62072325,0.57478666,0.6179793,0.540153,0.5270561,-0.35430464,0.811573,0.7767604,0.86713463,-0.9278606,-0.9989276,-0.971804,0.96946526,0.7036466,0.80022335,0.99973184,0.8699393,0.92601323,0.99670964,-0.75685585,0.8173224,0.35172895,-0.22546798,-0.11044898,0.7713604,0.42201596,0.7317705,0.94221866,0.30298084,-0.9276975,0.6952337,0.32509708,0.56757206,-0.6787987,0.99706763,-0.9345114,0.71033716,0.95791775,0.8390393,0.8763249,0.9726309,-0.7044239,-0.9350888,-0.40418229,-0.9127612,0.2882274,0.9933087,-0.9916231,0.3380035,-0.72288984,-0.4390373,0.34787738,0.7464119,-0.43434668,0.13268667,0.32713026,0.81149685,0.9854408,0.9990546,-0.90625036,0.7708823,0.9598824,0.9375848,1.0,0.6395907,0.94259226,-0.9173743,0.4942387,0.440453,-0.25663275,0.7390851,-0.8231122,-0.4626614,-0.8725693,0.98224497,0.50208354,-0.2111896,0.7988253,-0.03406883
XPO5_HepG2,-0.968266,0.6204886,0.18910854,0.98948604,-0.1745015,0.9739097,0.095106594,0.65285987,0.9967445,0.8358394,0.8890337,1.0,-0.20399049,-0.91356397,0.6518788,-0.7598711,0.83794636,0.95463425,0.91953677,0.25596863,0.16110635,-0.9434283,0.9043951,-0.71979636,0.73657084,0.37735793,0.21158858,0.20497696,0.61809325,-0.16293506,0.91826856,-0.6478405,0.21689928,0.30520386,-0.06569329,-0.25964683,-0.26191825,-0.9756067,0.38888657,-0.39093447,-0.2884675,0.90115064,0.70635116,0.9346258,0.9991225,-0.6700269,0.8674902,-0.5326983,0.9988304,0.03850558,0.8111709,0.9107891,0.12515737,0.81863445,-0.52128094,-0.6435659,0.08404386,0.8365109,0.9984892,0.5655482,-0.20663638,0.9960461,0.39238414,0.8587807,-0.9270628,-0.99897707,-0.99825585,-0.81732255,-0.55596805,-0.87072337,-0.4335687,0.8891427,0.33907437,-0.9227859,0.9311279,0.32155824,-0.8841115,0.606759,0.02493262,0.5738579,0.40605226,0.795073,0.94277376,-0.9318937,0.44437546,-0.08274553,-0.99987996,0.52738875,0.69438404,0.19715062,0.045883708,0.47899362,0.79754734,0.9906532,-0.98929274,0.21761292,0.90992105,-0.79603386,-0.28746018,0.9475712,0.9918502,-0.34779248,0.6977558,-0.7876854,0.41563994,-0.79494727,-0.99918634,-0.6388675,-0.23716432,-0.41412595,0.77781767,-0.64270437,-0.9057123,0.5599019,0.9444778,-0.28183082,0.4663622,0.99917656,-0.3616259,-0.276648,0.46547934,-0.024700025,-0.39727792,-0.88975906,0.9682701,0.5177748,0.5488749,0.9881798,-0.9019135,-0.9625125,-0.34341547,0.0015284573,0.50871104,0.44190246,0.864346,0.6075069,0.3032435,0.12373325,0.80590516,0.7460589,0.24999367,0.4285939,0.93823284,-0.8678738,0.9997048,0.9966708,-0.20910607,-0.30144864,-0.3161778,0.49223918,0.06995165,0.012674545,0.17173406,-0.880126,-0.67449653,-0.8028124,0.8085722,-0.09616516,0.9728158,0.6572212,0.17730619,0.8824527,0.57517815,0.018340709,0.9656709,0.94455874,0.6047145,-0.83465457,0.0041453284,0.9668262,0.9919526,0.34511566,-0.5387997,-0.8803335,0.9972053,0.9348886,0.99591565,0.13033347,0.57888865,-0.32409328,-0.08674451,0.83332956,0.11840605,0.19018307,0.44347036,-0.9961616,-0.8705173,0.44461647,-0.26977816,-0.5517455,0.7240896,-0.5349418,-0.507289,0.068800904,0.40986285,-0.49820265,-0.0341701,-0.97022146,-0.6770535,-0.5171908,0.96823007,0.76097494,0.6055679,-0.25466117,0.9827038,0.39838174,0.8669965,0.6395907,1.0,0.8595826,-0.28077543,-0.35215423,0.97184384,0.5788307,0.9905281,-0.96299225,0.38557953,-0.18257703,0.48402146,-0.34367198,-0.8864524,0.9733522,-0.79005945
XRCC6_HepG2,-0.7045953,0.1326296,-0.3392221,0.77664036,0.35315812,0.95311934,-0.42692864,0.17411773,0.89798325,0.998997,0.99815357,0.85948265,-0.67559874,-0.99310356,0.9478444,-0.9853576,0.44140625,0.9727521,0.9912416,0.7139992,0.6428059,-0.9803892,0.9954426,-0.26399794,0.28752542,0.7975879,-0.31754938,-0.32395208,0.93299925,0.36411214,0.991661,-0.16760729,-0.3123892,0.74896353,0.45342422,0.27028358,0.2680176,-0.72643757,0.8050542,-0.8063715,-0.73723584,0.55309314,0.2454521,0.98511523,0.8374259,-0.19661167,0.99987704,-0.025438827,0.83386946,-0.47751915,0.996104,0.9938747,0.6145619,0.99715704,-0.8841611,-0.16208582,0.58143157,0.9990511,0.83020574,0.064708486,-0.67758936,0.90157956,0.8073022,0.4763871,-0.60531133,-0.83559585,-0.88825065,-0.40812984,-0.9026429,-0.9997532,0.08778162,0.9981391,0.77218765,-0.5963168,0.6140244,0.76026356,-0.9987434,0.9277436,-0.48940644,0.9117616,0.8160098,0.99335754,0.6400086,-0.615685,0.8397491,0.43811786,-0.86739755,0.88748944,0.9645961,0.6704349,-0.4710179,-0.036827806,0.9938199,0.9212506,-0.9249562,0.68580717,0.5702002,-0.37497497,-0.7365248,0.6512294,0.91768306,-0.77805245,0.965824,-0.3622669,-0.1074897,-0.37331194,-0.8794926,-0.15604107,0.29255554,0.10914386,0.9897549,-0.94393945,-0.99514246,0.9046729,0.9797576,-0.73254,0.8529015,0.8381423,0.16556688,-0.728855,-0.052144278,-0.53207266,0.12744772,-0.99805593,0.70460707,0.8822367,0.04465878,0.9277576,-0.9959772,-0.68875754,-0.7751138,0.51231,0.8772154,-0.078544736,0.99995583,0.11631016,0.7475984,0.613429,0.99527496,0.9815618,0.70966154,0.83009607,0.98329586,-0.99986464,0.84691244,0.81505847,0.31995627,0.22810645,0.21300174,-0.021682037,0.5698743,0.5218506,0.65102476,-0.99913174,-0.95704323,-0.9947561,0.9957036,0.42596668,0.95455235,0.95007306,0.65530986,0.9989145,0.9124229,-0.49514544,0.96281487,0.64414424,0.112822555,-0.43601093,0.5145557,0.7005404,0.91736233,0.77625674,-0.03266175,-0.9991134,0.8953567,0.6222401,0.80993456,-0.39460573,0.9142728,-0.76200074,0.4345066,0.99878263,0.6091819,0.6651485,0.83920026,-0.90101236,-0.99976236,-0.07552606,-0.72394687,-0.048092924,0.9748524,-0.89156216,0.0043080472,-0.45064592,-0.113793336,0.014818917,0.48132637,-0.71021205,-0.20592356,-0.007221322,0.96005416,0.985646,0.9271836,-0.7130518,0.9393437,0.8111384,0.9998921,0.94259226,0.8595826,1.0,-0.73179084,0.17555772,0.714976,0.0808616,0.9216058,-0.96549994,-0.14004634,-0.6593477,0.8632074,0.1844574,-0.52547956,0.95385605,-0.365865
XRCC6_K562,0.031997,0.5784512,0.8893585,-0.13901287,-0.89605194,-0.491257,0.92871934,0.5437007,-0.35724285,-0.761574,-0.6890432,-0.28058767,0.9968677,0.6468418,-0.91085005,0.83727694,0.28852424,-0.55384,-0.63537824,-0.9996684,-0.99247074,0.58313,-0.6634635,-0.46415958,0.44234183,-0.99476784,0.8786342,0.88184196,-0.9280279,-0.90119964,-0.63785744,-0.5492346,0.8760252,-0.9996736,-0.9392552,-0.8539543,-0.8527276,0.06323124,-0.99341536,0.9931581,0.9999678,0.1630467,0.48106074,-0.60374695,-0.24033017,-0.52434826,-0.72101337,-0.6626929,-0.23403999,0.9482503,-0.7890413,-0.6519909,-0.9873678,-0.78106475,0.9654193,-0.5539041,-0.97997534,-0.76078,-0.22761369,0.6327478,0.9970779,-0.36492908,-0.9929729,0.25060907,-0.09952823,0.23708728,0.33694735,-0.32351872,0.9538694,0.7164687,-0.7431361,-0.6888708,-0.99811983,-0.11071769,0.0885847,-0.99908537,0.696716,-0.93327343,0.95247465,-0.9471364,-0.9910984,-0.8053528,0.055312596,-0.08648733,-0.98457384,-0.93324924,0.29561377,-0.96352446,-0.88562346,-0.9962913,0.94587964,0.70801723,-0.80292124,-0.4090686,0.417843,-0.997873,0.1426125,-0.35739803,0.9999757,0.040635794,-0.4007715,0.9975079,-0.88343287,-0.3701322,0.7562406,-0.3590724,0.3192562,-0.5589917,-0.86580086,-0.75732815,-0.82160014,0.91575176,0.6611429,-0.9524356,-0.5805442,0.9999994,-0.9799528,-0.24160366,-0.7932836,0.99999076,0.7187608,0.9664159,-0.7692366,0.6878923,-0.032013472,-0.9664809,0.6481684,-0.42458928,0.6677774,0.009923307,0.99782616,-0.9602015,-0.9691384,0.73690206,-0.7253549,0.59178895,-0.9997241,-0.9871394,-0.7945072,-0.84856904,-0.9994903,-0.98749137,-0.59551877,0.7204785,-0.25737157,-0.20158878,-0.8798439,-0.8304877,-0.8217621,0.6972357,-0.9770631,-0.96325505,-0.99373317,0.70276105,0.8979619,0.7976574,-0.7917551,-0.9283245,-0.49540743,-0.90791076,-0.99434984,-0.6992496,-0.9466177,0.9544624,-0.52045584,0.04992568,0.5946152,-0.2942674,-0.96092916,-0.026301136,-0.40003252,-0.99770516,-0.65726393,0.7024496,-0.35169506,0.078169465,-0.192972,0.9149924,-0.9451434,0.9989673,-0.9318,-0.7645186,-0.98626727,-0.99565506,-0.98475003,0.3637101,0.71676064,0.73485196,0.99993455,-0.6455467,-0.86526823,0.96110046,-0.6846756,0.93818164,0.760375,-0.6922988,-0.94961894,0.039938804,-0.5162297,-0.6762271,-0.5118573,-0.83634615,-0.93381023,0.9996327,-0.45365405,-0.992179,-0.72170013,-0.9173743,-0.28077543,-0.73179084,1.0,-0.7994161,-0.046722487,0.6201237,-0.40990266,0.5290716,0.7772974,0.99490434,-0.975757,-0.80481875,-0.19530831,-0.49338412,-0.36654052
XRN2_HepG2,0.5748913,-0.9524878,-0.9856494,-0.48381543,0.9830332,-0.13056746,-0.96519166,-0.93886346,-0.27554774,0.21946353,0.115436435,-0.3523372,-0.8444257,-0.058927875,0.4801847,-0.3408397,-0.80587906,-0.057472892,0.044010203,0.8146208,0.8669816,0.021895643,0.08087621,0.90319645,-0.89242065,0.7338573,-0.989263,-0.98825246,0.51808435,0.9808131,0.04722169,0.94111794,-0.9900429,0.7838067,0.95705444,0.9952783,0.99550396,0.5490274,0.7253219,-0.7237892,-0.7945699,-0.7230805,-0.9112619,0.0037191582,-0.39104584,0.930737,0.1600981,0.9796846,-0.39699697,-0.94880784,0.2616903,0.06568606,0.8845079,0.24923988,-0.6151479,0.9429958,0.9030343,0.21826881,-0.40305018,-0.9710458,-0.84297454,-0.2676152,0.72270113,-0.78194684,0.67735934,0.39411741,0.29628545,0.82709503,-0.58217216,-0.15364248,0.99607956,0.11519996,0.7610899,0.6855936,-0.669232,0.7729958,-0.12599981,0.53029436,-0.9444312,0.5644079,0.7123175,0.2876735,-0.6440758,0.6676659,0.6819663,0.96187156,0.3376091,0.60947675,0.42897806,0.848145,-0.9511144,-0.9902667,0.28375348,-0.22119583,0.21178769,0.83687913,-0.70864385,0.84680754,-0.7952081,-0.63276654,-0.23003627,-0.7550362,0.42473117,0.85399973,-0.99763596,0.84776,0.31411958,0.9450157,0.99275756,0.9977489,0.31431854,-0.49070728,-0.07778877,0.5783113,-0.0250744,-0.798755,0.6636972,-0.38983795,0.9999486,-0.80199075,-0.9922841,-0.9269582,0.99881554,-0.11386031,-0.57487786,0.6183776,-0.97564673,-0.20451252,-0.0866365,0.59281534,-0.75808626,0.93540263,0.62664264,-0.99521685,0.16629985,-0.9573683,0.785083,0.8851766,0.27031663,0.3604973,0.81818724,0.69468987,-0.006562349,-0.15933634,-0.37479216,-0.4272906,0.9888887,0.99856067,0.99927145,-0.98804414,0.90901554,0.93140346,0.86156017,-0.13438942,-0.4534588,-0.27532473,0.2659635,0.96546924,-0.12583536,0.4739742,0.8586736,0.1295088,0.5630756,-0.94224334,-0.09693652,-0.6399398,-0.9583765,0.8094194,0.9344742,-0.57954437,-0.23082091,0.75690395,0.97820985,-0.1339561,-0.28124622,-0.66142935,-0.43522075,-0.9738561,0.5593152,-0.77129394,0.9629615,0.22390622,0.88766074,0.85188603,0.6827046,0.2688763,-0.15405633,-0.9949165,-0.80623615,0.9748869,0.39053372,-0.6023852,0.9852163,-0.95795274,-0.99805176,0.9869626,0.9474286,0.56837094,0.92721856,0.9831757,-0.10692351,0.33924124,0.53156346,-0.8154043,-0.17274144,0.7181726,0.16107681,0.4942387,-0.35215423,0.17555772,-0.7994161,1.0,-0.56277096,-0.9670494,-0.22030428,0.0868579,-0.99935335,-0.85591507,0.6485515,0.99995905,0.7453406,-0.1281442,0.8519834
XRN2_K562,-0.9998914,0.7877995,0.4151583,0.9957041,-0.40159878,0.8930162,0.32698652,0.81295943,0.9496828,0.68295294,0.7561226,0.9718899,0.03242402,-0.7920136,0.45484388,-0.5853018,0.94294643,0.8575906,0.8010443,0.02098557,-0.07597763,-0.83873695,0.7783902,-0.8630977,0.8751998,0.14852756,0.43592203,0.42982835,0.41546354,-0.39082453,0.7991157,-0.80909383,0.44080842,0.07222707,-0.29896045,-0.47988093,-0.4819437,-0.9998633,0.16085833,-0.16305292,-0.054735936,0.9779229,0.8532535,0.8245141,0.98085994,-0.8260753,0.7258519,-0.7171108,0.9821001,0.2728726,0.6505353,0.78786147,-0.11213965,0.66026145,-0.305524,-0.80579126,-0.15311468,0.6838468,0.98332274,0.74394876,0.029722204,0.9470689,0.16460712,0.9553221,-0.9892978,-0.98150474,-0.9562383,-0.9300729,-0.34446096,-0.7303326,-0.63368845,0.75627834,0.10786009,-0.98759353,0.9908419,0.0893927,-0.749116,0.4023794,0.2597832,0.36473337,0.17929277,0.6297765,0.9947943,-0.9911241,0.22078022,-0.3152335,-0.968076,0.31234613,0.50527537,-0.039401624,0.27996945,0.6723438,0.63294864,0.9306198,-0.92704964,-0.018493412,0.9820344,-0.9162336,-0.053685755,0.99618423,0.9339025,-0.11708377,0.5093224,-0.910671,0.61824566,-0.9155137,-0.9615499,-0.8021504,-0.45938987,-0.6169369,0.60782886,-0.44409204,-0.78033096,0.3489073,0.8404641,-0.047820907,0.24479808,0.9806036,-0.5711233,-0.04242903,0.6609159,0.21154901,-0.6023255,-0.75716,0.99989164,0.30161455,0.73038137,0.9242352,-0.7747483,-0.99932235,-0.112450175,-0.23414013,0.29152864,0.6408314,0.72151375,0.7775628,0.07017439,-0.11356576,0.64371294,0.56815416,0.0148106925,0.20363906,0.83028823,-0.72638255,0.9772822,0.9878193,-0.43363526,-0.5176262,-0.53081375,0.68348247,-0.16706654,-0.22328922,-0.06522651,-0.74348396,-0.48154783,-0.6397206,0.64716434,-0.32799128,0.89085877,0.46112567,-0.059578564,0.7467676,0.36623478,0.2534105,0.8772731,0.99532956,0.77535045,-0.9409304,-0.23159519,0.9997912,0.9341906,0.114249505,-0.7221284,-0.74377626,0.9515244,0.99219906,0.98914886,0.36027977,0.37045854,-0.092060134,-0.31903976,0.6796178,-0.11889606,-0.04649707,0.2197951,-0.9474884,-0.73004645,0.6431528,-0.03529285,-0.73272526,0.5411894,-0.3208021,-0.69606227,0.30193132,0.61324817,-0.688477,-0.26869622,-0.99997693,-0.8313953,-0.7042939,0.8820476,0.58667916,0.4010079,-0.019633928,0.91140044,0.17104419,0.72516954,0.440453,0.97184384,0.714976,-0.046722487,-0.56277096,1.0,0.7546736,0.9302848,-0.87237,0.59212905,0.054228947,0.2642076,-0.55526924,-0.97054553,0.8919137,-0.91226023
YBX3_HepG2,-0.76426035,0.9986446,0.91019577,0.6906818,-0.903943,0.37867448,0.86680204,0.99557966,0.5112011,0.036149804,0.141254,0.5789902,0.6802252,-0.19716035,-0.24104546,0.090264335,0.9300617,0.3097469,0.21178186,-0.6401187,-0.7115423,-0.27570185,0.17554341,-0.9827121,0.9778864,-0.5367333,0.919459,0.9167801,-0.28325602,-0.8988626,0.20863886,-0.9961785,0.9215831,-0.59987897,-0.8517116,-0.9377724,-0.9385869,-0.74372303,-0.5261609,0.52426827,0.6138089,0.8751153,0.9860819,0.2509902,0.61247677,-0.99316907,0.096482,-0.9984598,0.61758226,0.83713144,-0.00735078,0.19051708,-0.7365908,0.005526948,0.3941579,-0.9966518,-0.76391554,0.037373375,0.6227634,0.99986887,0.67824113,0.5040998,-0.52292615,0.9148779,-0.84232867,-0.61511356,-0.52968043,-0.9429364,0.3559921,-0.10298597,-0.9857796,0.14148955,-0.57087356,-0.8483395,0.8363534,-0.5860114,-0.13071164,-0.2969771,0.829626,-0.33564833,-0.5101614,-0.034367632,0.8176037,-0.8351974,-0.4732932,-0.860547,-0.5661256,-0.38755524,-0.1848692,-0.6853262,0.84114784,0.99307126,-0.030279223,0.4621897,-0.4536227,-0.6699446,0.864923,-0.95432025,0.61463904,0.8090553,0.4702175,0.56322753,-0.1802517,-0.9583156,0.98225874,-0.95485455,-0.54547143,-0.99713373,-0.9294606,-0.98194534,-0.062276017,0.25270906,-0.17859167,-0.35155812,0.27875674,0.6192608,-0.4513953,0.611439,-0.96958107,0.6234895,0.9911529,0.8009018,-0.97829175,-0.14282426,0.7642497,-0.39792526,0.9993421,0.4469813,-0.16984966,-0.7783118,0.5670756,-0.8145621,-0.40759182,0.9872948,0.09022331,0.9993655,-0.6015243,-0.73756075,-0.016298927,-0.11114858,-0.6448513,-0.4886715,0.26092935,-0.097250044,0.5984739,0.64338845,-0.9184576,-0.9520029,-0.9566287,0.9947378,-0.77295995,-0.8080459,-0.70392793,-0.122318245,0.21160774,0.02150371,-0.011780629,-0.8673318,0.37425405,-0.23418137,-0.69989735,0.12720321,-0.33412847,0.8259268,0.34713215,0.8144856,0.9994844,-0.93225086,-0.81304127,0.76792276,0.4709291,-0.56558317,-0.9988346,-0.12275174,0.51629126,0.8305783,0.65009224,0.8839332,-0.32984295,0.5838389,-0.8625843,0.03159648,-0.7411742,-0.690481,-0.4741826,-0.5052303,-0.10256911,0.9877714,0.6290571,-0.9994609,-0.14329372,0.37932238,-0.99636775,0.8533395,0.98104954,-0.9954176,-0.8347502,-0.75911134,-0.9920149,-0.9972833,0.35652953,-0.08857161,-0.29840684,0.6411569,0.41781104,-0.5173492,0.09549499,-0.25663275,0.5788307,0.0808616,0.6201237,-0.9670494,0.7546736,1.0,0.46137878,-0.3376224,0.9755782,0.6960601,-0.43339592,-0.96470654,-0.89051133,0.37641144,-0.95720476
YBX3_K562,-0.92477787,0.5069306,0.052484717,0.9602548,-0.03764519,0.99584556,-0.04248203,0.54266644,0.99837404,0.90330213,0.9434792,0.9905012,-0.33648127,-0.96075416,0.74982977,-0.84193546,0.755072,0.9864804,0.96479046,0.38627985,0.2950969,-0.98002106,0.9544185,-0.6176598,0.6367229,0.5009421,0.07538309,0.06864077,0.72017896,-0.025916459,0.9639399,-0.5371046,0.08080343,0.43307173,0.071942545,-0.12458654,-0.1269207,-0.93622273,0.511705,-0.51361454,-0.41720825,0.8330902,0.602464,0.9746051,0.9839078,-0.56175005,0.9275789,-0.4114462,0.98273027,-0.09906751,0.8837878,0.9588537,0.26020244,0.88973975,-0.6335219,-0.53237414,0.22007221,0.9038267,0.98148674,0.44694954,-0.33902588,0.99881,0.5149656,0.78029644,-0.86680335,-0.98330563,-0.9969067,-0.7304655,-0.66483474,-0.93000144,-0.3057289,0.9435581,0.46503857,-0.86113787,0.87223226,0.4485301,-0.9398991,0.7101578,-0.11257106,0.6808732,0.5276871,0.87082267,0.8880601,-0.87326014,0.56317437,0.05487755,-0.99253684,0.63905543,0.78661597,0.32989848,-0.09171648,0.35392323,0.8728263,0.9999996,-0.999962,0.34957132,0.8443486,-0.70538664,-0.4162522,0.8947192,0.9999501,-0.47323635,0.789507,-0.6956308,0.2868154,-0.7041145,-0.9952601,-0.5271812,-0.10152525,-0.28522095,0.85674834,-0.741812,-0.9553383,0.66836816,0.9806485,-0.41090557,0.5834086,0.9841414,-0.23018314,-0.4059788,0.33954278,-0.16173437,-0.26750562,-0.94400394,0.9247842,0.63034177,0.42889783,0.9998694,-0.95267725,-0.916152,-0.46912217,0.13882402,0.62210804,0.3145409,0.925212,0.4926851,0.43121588,0.25881633,0.8795655,0.83042437,0.380576,0.54859364,0.97685593,-0.92786694,0.9868992,0.97603524,-0.072850764,-0.16767052,-0.1829168,0.36805373,0.20626292,0.14985366,0.30537766,-0.9369762,-0.7694809,-0.8770769,0.88170636,0.04141953,0.9953997,0.75448644,0.3107614,0.93868506,0.68205374,-0.11912012,0.99219304,0.8905272,0.48962703,-0.751122,0.14141509,0.92259467,0.9999417,0.47072065,-0.4180214,-0.9371289,0.99801826,0.8772964,0.97408485,-0.0070400094,0.68536913,-0.4509223,0.050869748,0.9013382,0.2536288,0.3231858,0.5623395,-0.99874526,-0.92984736,0.31741345,-0.39944193,-0.43200094,0.81193477,-0.6458867,-0.3841533,-0.0688356,0.28073353,-0.3744274,0.10338357,-0.9277724,-0.5695893,-0.39477232,0.99339503,0.84285134,0.70910263,-0.38503218,0.9988234,0.5205519,0.927208,0.7390851,0.9905281,0.9216058,-0.40990266,-0.22030428,0.9302848,0.46137878,1.0,-0.99087995,0.25523472,-0.3158499,0.599591,-0.21147017,-0.81450605,0.99562,-0.69840086
YWHAG_K562,0.86507124,-0.38615665,0.082555786,-0.9138858,-0.09735017,-0.99903333,0.17672062,-0.4245359,-0.98158795,-0.9528714,-0.97953427,-0.96293944,0.46030343,0.9893712,-0.8321445,0.9069638,-0.65983963,-0.999566,-0.9914328,-0.5070455,-0.4211526,0.9978837,-0.9859325,0.5060551,-0.527013,-0.6129951,0.059668675,0.0664151,-0.80709726,-0.10902243,-0.99100775,0.41854426,0.054240912,-0.550578,-0.2056847,-0.0102475155,-0.007894899,0.88033307,-0.6228083,0.6245466,0.53586334,-0.75095844,-0.48942122,-0.9958908,-0.9508583,0.4451492,-0.9694648,0.28488007,-0.9488335,0.2322487,-0.9387744,-0.98836386,-0.38793564,-0.9431333,0.7320017,0.4134536,-0.34950906,-0.9532422,-0.9467273,-0.32233354,0.46270147,-0.9831289,-0.6257764,-0.68890756,0.7917061,0.9498189,0.9772246,0.6317778,0.75942653,0.97104704,0.17464502,-0.97958213,-0.58008814,0.78478247,-0.7983735,-0.5648726,0.977337,-0.7985492,0.24543558,-0.77335304,-0.6373346,-0.9291223,-0.8180137,0.7996397,-0.6693853,-0.18892169,0.9670531,-0.73686975,-0.8626409,-0.4540939,0.22505976,-0.2246695,-0.9306271,-0.99075633,0.9920176,-0.47262993,-0.76445085,0.6034412,0.53497505,-0.826377,-0.9894846,0.5876243,-0.86500657,0.5924838,-0.15511325,0.60201013,0.97307926,0.4078711,-0.033451978,0.15346912,-0.9184288,0.8254096,0.9864455,-0.762502,-0.9980854,0.53000444,-0.6875271,-0.95126367,0.096954405,0.5254198,-0.20970371,0.29323334,0.13522887,0.9798524,-0.8650797,-0.7292001,-0.3032615,-0.9929281,0.9849498,0.8537854,0.58384377,-0.27100086,-0.7219327,-0.18376385,-0.9679041,-0.37093332,-0.5488592,-0.38661236,-0.9356537,-0.89792305,-0.5017131,-0.65625155,-0.99676925,0.96965367,-0.9561587,-0.937811,-0.062203266,0.033301406,0.048774444,-0.23940805,-0.33623207,-0.28171325,-0.43090343,0.97551084,0.84852237,0.9338039,-0.93723893,-0.17567359,-0.9992317,-0.83604246,-0.43600327,-0.97658193,-0.77437454,0.251822,-0.9999488,-0.8211048,-0.3676708,0.6553161,-0.2735189,-0.8621988,-0.98936766,-0.585313,0.29179913,0.9756069,-0.98043734,-0.80462337,-0.93472356,0.14172013,-0.77724123,0.5670808,-0.1849789,-0.9514793,-0.38165733,-0.44775495,-0.66863465,0.98288864,0.9709469,-0.18673912,0.5193301,0.30653542,-0.8831887,0.742867,0.25624153,0.20263575,-0.14884494,0.24606714,-0.23646647,0.8690305,0.45364138,0.26736876,-0.99979675,-0.9076785,-0.7976469,0.50588,-0.99624866,-0.6308563,-0.9692211,-0.8231122,-0.96299225,-0.96549994,0.5290716,0.0868579,-0.87237,-0.3376224,-0.99087995,1.0,-0.12262225,0.44081917,-0.70196223,0.07784115,0.72890294,-0.99913776,0.5955916
ZC3H11A_HepG2,-0.6039403,0.9628234,0.97894233,0.51497054,-0.9758021,0.16613163,0.95516336,0.95063573,0.30993393,-0.1842419,-0.07964575,0.38576004,0.82461894,0.02299584,-0.44833443,0.30681592,0.826647,0.09333258,-0.008060292,-0.79323953,-0.84850246,-0.057829037,-0.04498529,-0.9180458,0.9080672,-0.7089575,0.9833684,0.9821182,-0.48699486,-0.97316915,-0.011274977,-0.95266545,0.9843413,-0.7609707,-0.9460115,-0.9911447,-0.9914544,-0.5787248,-0.7001003,0.69851047,0.77222437,0.74745035,0.9254805,0.032239288,0.42388624,-0.943284,-0.12450197,-0.9862619,0.4297418,0.9368374,-0.22681777,-0.029764947,-0.86716133,-0.21425712,0.58640164,-0.95435244,-0.8870047,-0.18303834,0.4356961,0.9790076,0.8230865,0.30208698,-0.6973823,0.80385447,-0.7033728,-0.42690867,-0.3304358,-0.84676987,0.55256075,0.11801364,-0.9986162,-0.07940856,-0.73727477,-0.711326,0.6955167,-0.74968493,0.09024849,-0.49946725,0.9320013,-0.53436106,-0.6866207,-0.25305098,0.6711646,-0.6940022,-0.6552275,-0.9514155,-0.37123585,-0.5805764,-0.39622065,-0.82854813,0.93939465,0.9946309,-0.24909146,0.25611857,-0.24679127,-0.8166558,0.73355526,-0.8653852,0.7728922,0.6601998,0.26487955,0.73097193,-0.39190447,-0.8721547,0.99946177,-0.86628234,-0.34805265,-0.9561633,-0.98779595,-0.999515,-0.2799812,0.4590605,0.041891243,-0.54860365,0.06100317,0.77660507,-0.6363726,0.42269745,-0.9996666,0.779994,0.99610054,0.91286933,-0.9999192,0.07806411,0.60392696,-0.5897203,0.98290277,0.2395766,0.050759263,-0.6213889,0.73414695,-0.9220842,-0.5982164,0.9980859,-0.13073671,0.96713597,-0.7623042,-0.8678753,-0.23552415,-0.32672554,-0.796985,-0.668377,0.04251374,0.12373603,0.40788522,0.45952302,-0.982904,-0.99598646,-0.99725306,0.99294865,-0.89344245,-0.9177135,-0.84274954,0.09867228,0.42111844,0.24057998,-0.23113012,-0.9554777,0.16142459,-0.4420068,-0.83968985,-0.09377146,-0.532997,0.92959124,0.13266091,0.66715574,0.96802264,-0.8300108,-0.9210683,0.60847193,0.26565713,-0.732916,-0.9850425,0.09823714,0.3155693,0.6879692,0.46731174,0.9650583,-0.5291474,0.74790967,-0.9526436,-0.18871793,-0.8705289,-0.8325039,-0.65599006,-0.30333474,0.11842955,0.99789405,0.7844432,-0.982264,-0.35718012,0.57329506,-0.9907391,0.94701636,0.99964976,-0.99211156,-0.9353111,-0.5975873,-0.94008535,-0.9891078,0.14260465,-0.3051977,-0.5007641,0.7940623,0.20804563,-0.6926875,-0.12548578,-0.4626614,0.38557953,-0.14004634,0.7772974,-0.99935335,0.59212905,0.9755782,0.25523472,-0.12262225,1.0,0.8367679,-0.62076324,-0.99898714,-0.7688301,0.16372119,-0.87025815
ZC3H11A_K562,-0.068937875,0.65774703,0.9309242,-0.03845999,-0.93624645,-0.400935,0.9613706,0.6255492,-0.2612522,-0.6923518,-0.6124633,-0.1823847,0.9997618,0.5666553,-0.86459506,0.7778823,0.3835897,-0.4670698,-0.5542846,-0.9971706,-0.9997625,0.49825168,-0.5846457,-0.55109894,0.53051096,-0.9793986,0.92229974,0.9248912,-0.88574123,-0.9403047,-0.5569575,-0.6306909,0.9201849,-0.9920038,-0.96907365,-0.9020661,-0.90104806,-0.03771268,-0.97680205,0.97632337,0.9940634,0.26169017,0.5670001,-0.5202964,-0.1412371,-0.6075279,-0.6474767,-0.73482186,-0.13482411,0.9754322,-0.72308064,-0.5722215,-0.99831146,-0.7141255,0.93421495,-0.63502526,-0.9950576,-0.6914679,-0.12827685,0.70759696,0.9996992,-0.26919934,-0.97598135,0.34693804,-0.1993439,0.13793035,0.24030273,-0.41727152,0.9187394,0.6424814,-0.8068144,-0.6122752,-0.986854,-0.2103571,0.18856038,-0.9896832,0.6208403,-0.8923054,0.9783338,-0.90996283,-0.9726253,-0.74148124,0.15569985,-0.1864923,-0.96191573,-0.96471244,0.19779003,-0.9316323,-0.83428776,-0.99988985,0.9737787,0.77561045,-0.73873043,-0.31498235,0.3241138,-0.9993606,0.2416787,-0.44974113,0.9941772,0.1411689,-0.3063571,0.9853114,-0.8316896,-0.46190903,0.81835514,-0.4513422,0.22208217,-0.6397433,-0.91183996,-0.8193103,-0.7599377,0.87058014,0.58213013,-0.91685736,-0.49549255,0.9947928,-0.95487225,-0.14253595,-0.8506279,0.9953284,0.7851965,0.98740125,-0.8297394,0.61120814,0.06892144,-0.9356708,0.7216423,-0.33114144,0.5893256,-0.09094575,0.9860972,-0.9834695,-0.93934524,0.8013036,-0.6522544,0.67004645,-0.9922614,-0.99822706,-0.72923315,-0.7909009,-0.9976159,-0.9665623,-0.51148856,0.6468884,-0.15863313,-0.10180797,-0.92327815,-0.8824182,-0.87502694,0.76595736,-0.9935547,-0.98542666,-0.9999393,0.6274516,0.8490165,0.73278505,-0.7261337,-0.9610773,-0.4053016,-0.8610228,-0.99998564,-0.62361,-0.90929276,0.97967756,-0.4317117,0.150369,0.6726484,-0.38912722,-0.98393995,0.07462147,-0.3055893,-0.9857946,-0.72990143,0.6271107,-0.2555206,0.17828609,-0.09306028,0.9510092,-0.9073927,0.9892959,-0.96364796,-0.695632,-0.9978933,-0.99997,-0.96219134,0.26793846,0.6428021,0.79948866,0.99599254,-0.7192581,-0.8103154,0.9283557,-0.7546717,0.96830034,0.82198364,-0.76152647,-0.97637874,-0.061007727,-0.5999494,-0.7470572,-0.4226345,-0.77681285,-0.8929804,0.99727136,-0.36149076,-0.974538,-0.648232,-0.8725693,-0.18257703,-0.6593477,0.99490434,-0.85591507,0.054228947,0.6960601,-0.3158499,0.44081917,0.8367679,1.0,-0.94871897,-0.86055845,-0.2931949,-0.40317267,-0.4584791
ZC3H8_K562,-0.24996579,-0.3859026,-0.7677342,0.3523746,0.7771676,0.6699749,-0.8250559,-0.34683824,0.55299693,0.88494736,0.8309487,0.48385036,-0.955392,-0.7980658,0.9790987,-0.93664503,-0.07198015,0.7226385,0.78897613,0.969798,0.9416042,-0.7467878,0.8111297,0.2590542,-0.23533715,0.99301034,-0.7528303,-0.7572626,0.9870562,0.78449845,0.7909473,0.3530281,-0.7492407,0.9810298,0.84136885,0.7193702,0.71773386,-0.28011715,0.9944061,-0.9946385,-0.9774816,0.056834172,-0.27752942,0.7635776,0.44694623,0.32527903,0.8551844,0.4827272,0.44114465,-0.8557696,0.904365,0.80212766,0.9287543,0.8987945,-0.99907106,0.35826015,0.91263926,0.8843765,0.4352078,-0.44793457,-0.9561869,0.5598455,0.9948002,-0.0326608,-0.12065452,-0.44395617,-0.53483737,0.10858856,-0.99645036,-0.8517781,0.5786744,0.83081627,0.9873367,-0.10947745,0.13155915,0.9842228,-0.8368218,0.9892541,-0.86271614,0.994391,0.9962079,0.915566,0.1645501,-0.13364612,0.9989981,0.83200467,-0.4975228,0.99873626,0.9657912,0.95330673,-0.85192573,-0.53629714,0.91391325,0.59885913,-0.6065489,0.95941484,0.07746416,0.14433207,-0.97725916,0.17902526,0.59156734,-0.98876673,0.9645627,0.15784593,-0.5947104,0.1461062,-0.5189202,0.36396956,0.7352978,0.59604734,0.92644453,-0.9814757,-0.8093143,0.9960401,0.74466944,-0.9759971,0.9997986,0.44811952,0.6408005,-0.9748074,-0.549174,-0.8867445,0.61074644,-0.83006495,0.2499819,0.99923944,-0.465796,0.6124457,-0.814497,-0.22852877,-0.98805875,0.87579495,0.9995955,-0.5710902,0.8584256,-0.40102324,0.9806288,0.9282213,0.90814775,0.9437909,0.96827316,0.99805945,0.7568983,-0.85478413,0.4626161,0.4110654,0.7544993,0.6884429,0.6771288,-0.5234469,0.90677065,0.88112056,0.9451787,-0.8414243,-0.97250557,-0.91031474,0.9062467,0.82445455,0.67350954,0.977637,0.94701153,0.8387535,0.9942191,-0.8660316,0.6947177,0.16986854,-0.40423682,0.07796719,0.87705505,0.24444461,0.590917,0.9883362,0.47638628,-0.84118795,0.5480439,0.14191271,0.403037,-0.8045078,0.99372107,-0.98469317,0.82977146,0.88705987,0.92621136,0.95113784,0.9989524,-0.5587603,-0.85199744,-0.5686022,-0.97318965,0.46275115,0.9540063,-0.9982485,0.50856364,-0.8396815,-0.59979755,0.51758593,0.85800606,-0.25765252,0.31627485,0.4986029,0.6874617,0.93604827,0.989472,-0.9694673,0.63769644,0.99544406,0.8556979,0.98224497,0.48402146,0.8632074,-0.975757,0.6485515,0.2642076,-0.43339592,0.599591,-0.70196223,-0.62076324,-0.94871897,1.0,0.6554116,-0.024068577,0.6717872,0.15402986
ZNF622_K562,0.567465,-0.9496933,-0.98713624,-0.4758778,0.98465246,-0.1215923,-0.96751845,-0.9357101,-0.26683933,0.22828124,0.12441861,-0.34385568,-0.84923744,-0.06795701,0.48810104,-0.3493313,-0.8004893,-0.04843811,0.0530469,0.8198348,0.8714548,0.0128496485,0.08989065,0.89927614,-0.88830185,0.7399731,-0.99054474,-0.9895947,0.52580154,0.98253673,0.05625693,0.9380207,-0.99127597,0.789393,0.9596381,0.99611574,0.9963201,0.54144317,0.73152053,-0.73000246,-0.8000307,-0.7168013,-0.9074988,0.012766329,-0.38270298,0.9273904,0.16902223,0.97783005,-0.38867697,-0.95162666,0.27041155,0.0747111,0.8886925,0.25799155,-0.6222558,0.9399462,0.9068838,0.22708912,-0.3947538,-0.9688448,-0.847807,-0.25888684,0.7289247,-0.7762752,0.67067593,0.38578632,0.2876323,0.821976,-0.5895044,-0.16257615,0.9952385,0.12418228,0.7669273,0.6789792,-0.66248196,0.778704,-0.13496993,0.53794307,-0.9473665,0.5718533,0.7186383,0.29632655,-0.63712853,0.6609032,0.6885554,0.96430665,0.3290791,0.61662453,0.437133,0.85290325,-0.9538697,-0.9889669,0.29241726,-0.21236362,0.20293686,0.8417973,-0.70223135,0.8419606,-0.80066127,-0.62573487,-0.2212221,-0.76093745,0.43290454,0.8492577,-0.9969734,0.8429268,0.3055173,0.94201833,0.9938038,0.99710137,0.3228944,-0.4985704,-0.08680543,0.58566856,-0.016028833,-0.8041657,0.6704374,-0.3814904,0.99981594,-0.8073621,-0.99112177,-0.9303145,0.9983344,-0.12284408,-0.56745136,0.6254624,-0.9736223,-0.195648,-0.09564632,0.58550495,-0.7639556,0.93856335,0.6336677,-0.99429226,0.17521432,-0.95471567,0.79065466,0.8893497,0.27901602,0.36892158,0.8233555,0.7011693,0.0024849905,-0.1682615,-0.36638892,-0.41909346,0.9901932,0.999005,0.99957585,-0.98660886,0.91274893,0.93465847,0.86611784,-0.14334911,-0.46150395,-0.28401107,0.27467403,0.9677867,-0.11685487,0.48192126,0.86327535,0.13847469,0.5705293,-0.94523495,-0.08792789,-0.63296133,-0.9557542,0.8040734,0.93765706,-0.5721476,-0.2220085,0.7627856,0.9762914,-0.14291635,-0.27255252,-0.6546169,-0.42705756,-0.9758715,0.5667922,-0.7770207,0.9653616,0.23271473,0.8917907,0.8565895,0.68928754,0.2601512,-0.16298929,-0.9939647,-0.8115554,0.97283214,0.39884663,-0.60958225,0.98362607,-0.96050936,-0.9974464,0.98546606,0.95028466,0.5609038,0.9237922,0.98148286,-0.09792374,0.34773812,0.53920496,-0.82060826,-0.16382311,0.72443897,0.16999935,0.50208354,-0.34367198,0.1844574,-0.80481875,0.99995905,-0.55526924,-0.96470654,-0.21147017,0.07784115,-0.99898714,-0.86055845,0.6554116,1.0,0.7392784,-0.119166166,0.84721166
ZNF800_HepG2,0.97399044,-0.91298413,-0.6221046,-0.9440691,0.61040616,-0.758294,-0.54502976,-0.92930543,-0.8462518,-0.48685554,-0.5761877,-0.8865428,-0.27226025,0.6216041,-0.2268923,0.37272224,-0.9953847,-0.70841885,-0.63323534,0.22049722,0.31396112,0.68284386,-0.60421973,0.95934796,-0.965968,0.09409276,-0.6399046,-0.6346952,-0.18408513,0.6010694,-0.6307439,0.92684484,-0.6440729,0.17018883,0.5200542,0.6771115,0.67884105,0.9664297,0.08166003,-0.07944308,-0.18743284,-0.9994623,-0.9537591,-0.6639072,-0.90505904,0.9375152,-0.5387569,0.8638986,-0.90779376,-0.49661025,-0.44840282,-0.6162856,0.34823477,-0.45987582,0.067126855,0.9247286,0.3866817,-0.48792458,-0.91054404,-0.8830262,-0.26965806,-0.84183156,0.0778727,-0.99839085,0.99531096,0.9064743,0.85758305,0.99118525,0.10814132,0.54425234,0.80139464,-0.5763821,0.1348291,0.9963363,-0.9941876,0.15319352,0.5674581,-0.16997384,-0.48477793,-0.12966894,0.063002035,-0.42408755,-0.99004346,0.9939587,0.020695478,0.5345828,0.87917423,-0.074281916,-0.28249085,0.27897173,-0.5030065,-0.83087695,-0.42778847,-0.81503606,0.8094146,0.25882497,-0.99857074,0.9857688,-0.18846606,-0.9878683,-0.8202601,-0.12562557,-0.2869929,0.9833786,-0.7893933,0.98546576,0.8670647,0.9223808,0.65985036,0.7883707,-0.3986205,0.21515383,0.6066847,-0.11285261,-0.6851632,-0.19422974,-0.004000101,-0.9045002,0.75206196,-0.19952147,-0.82224816,-0.4407833,0.77689713,0.57748365,-0.97398674,-0.06303246,-0.87342477,-0.8050242,0.59960335,0.9787555,-0.13025165,0.46146455,-0.052489035,-0.8069042,-0.5334504,-0.90615046,0.17221636,0.34957987,-0.44038627,-0.35316297,0.22651684,0.038228568,-0.6715608,0.53940684,-0.8974363,-0.92123556,0.63795096,0.7085106,0.7193539,-0.8392129,0.3996775,0.45154744,0.30371,0.56047034,0.25621903,0.43570682,-0.44443873,0.54592085,-0.75517476,-0.23376878,0.2983135,-0.5645412,-0.13126817,-0.47900033,-0.73579496,-0.98926973,-0.90466,0.99479055,0.4591414,-0.9752658,-0.82072115,0.12845586,0.8675155,0.5608324,-0.8493978,-0.9930081,-0.9246191,-0.57440686,-0.13577066,-0.1505461,0.5379703,-0.48287097,0.35460287,0.2857847,0.021705192,0.8425376,0.5439007,-0.80868894,-0.20651431,0.8750937,-0.3226613,0.08316872,0.8485346,-0.52271193,-0.7854839,0.84292585,0.49283987,0.9721591,0.9407805,0.8545788,-0.74255645,-0.37429896,-0.16849782,-0.2218159,-0.785413,0.07136123,-0.53792125,-0.2111896,-0.8864524,-0.52547956,-0.19530831,0.7453406,-0.97054553,-0.89051133,-0.81450605,0.72890294,-0.7688301,-0.2931949,-0.024068577,0.7392784,1.0,-0.7566986,0.9840727
ZNF800_K562,-0.8851529,0.4241213,-0.041108456,0.92995286,0.05594557,0.999997,-0.1357037,0.461761,0.98867196,0.9394543,0.97033304,0.9733073,-0.42304814,-0.9824809,0.80840284,-0.8886941,0.6904674,0.99748105,0.985155,0.47082338,0.38313308,-0.9943236,0.9781429,-0.541428,0.5618429,0.5796637,-0.018173214,-0.024931513,0.78188837,0.0676578,0.984598,-0.45588997,-0.0127369175,0.5154449,0.16487733,-0.03127713,-0.033628725,-0.89926827,0.58978856,-0.5915832,-0.50034755,0.7777273,0.52520484,0.9912721,0.9628935,-0.48194286,0.9584474,-0.32443216,0.9611258,-0.19166583,0.9236607,0.9811964,0.34933448,0.9285189,-0.7030843,-0.45090038,0.31030837,0.93987316,0.95928127,0.36135766,-0.4254961,0.98987544,0.59285253,0.71840787,-0.8163869,-0.9619867,-0.98519236,-0.6634157,-0.7317605,-0.9602916,-0.21537423,0.97039056,0.54576945,-0.8098374,0.82268566,0.5301258,-0.9677054,0.77286977,-0.20497587,0.7463648,0.60479164,0.91296893,0.8411895,-0.82388085,0.6379638,0.14798845,-0.97678864,0.70816684,0.8408966,0.41671166,-0.18441285,0.26493222,0.91463035,0.9955341,-0.9963976,0.4356339,0.79055786,-0.6360277,-0.49943668,0.84904397,0.99463654,-0.55352414,0.84342897,-0.6254192,0.19599499,-0.63464296,-0.9818089,-0.44542688,-0.008071498,-0.19436304,0.90121293,-0.80125946,-0.97878224,0.734983,0.99465686,-0.49434054,0.65678567,0.96324676,-0.13819331,-0.48964137,0.25011775,-0.25328726,-0.17624901,-0.97071546,0.88516057,0.7001605,0.34256285,0.9970008,-0.9769246,-0.8746647,-0.54963344,0.23080283,0.6925812,0.22441635,0.95663524,0.40916958,0.51368034,0.34798926,0.92019445,0.87887454,0.46536592,0.6243586,0.9925751,-0.9586672,0.9674928,0.9514152,0.020712044,-0.07476754,-0.09020085,0.27951226,0.29684126,0.24163376,0.39306626,-0.9655378,-0.8258212,-0.9181443,0.921954,0.13465002,0.9999973,0.8125422,0.39826342,0.9668075,0.74743736,-0.21142484,0.9995068,0.8440943,0.40596372,-0.686112,0.23334828,0.8824872,0.9945528,0.5511454,-0.33125874,-0.96565145,0.98776406,0.82858235,0.94867206,-0.100499004,0.7504478,-0.53239495,0.14401804,0.9378833,0.342953,0.41024518,0.6371857,-0.98968875,-0.9601747,0.22736576,-0.483402,-0.34579062,0.8629544,-0.7144328,-0.2961523,-0.16180448,0.18977152,-0.28609627,0.19592193,-0.8888225,-0.49025056,-0.3071446,0.9997717,0.8894721,0.7719186,-0.46962994,0.9989825,0.59809834,0.95816404,0.7988253,0.9733522,0.95385605,-0.49338412,-0.1281442,0.8919137,0.37641144,0.99562,-0.99913776,0.16372119,-0.40317267,0.6717872,-0.119166166,-0.7566986,1.0,-0.6284289
ZRANB2_K562,0.91819745,-0.97097063,-0.7513756,-0.87041444,0.74149096,-0.6303281,-0.6853912,-0.98015547,-0.7380621,-0.3238252,-0.42171878,-0.79017943,-0.4389751,0.47245345,-0.05014811,0.20182851,-0.9965903,-0.5716692,-0.48556548,0.39037663,0.47773853,0.54209805,-0.4529485,0.99423844,-0.9965641,0.26957205,-0.766318,-0.7619576,-0.006424546,0.73356646,-0.4827526,0.9788242,-0.7697996,0.34265143,0.6636075,0.7971419,0.7985603,0.9053633,0.2575323,-0.25538275,-0.35906363,-0.97771496,-0.9919999,-0.5203966,-0.81504226,0.984436,-0.38041446,0.9396739,-0.8187767,-0.6429973,-0.2823676,-0.46647456,0.509328,-0.2946976,-0.11130792,0.9776629,0.5444616,-0.3249834,-0.8225507,-0.95239204,-0.43654475,-0.7324758,0.2538592,-0.9925698,0.9622635,0.81697273,0.7524906,0.9989494,-0.07030516,0.3864514,0.89495915,-0.42193452,0.30882502,0.9652643,-0.95921415,0.32642183,0.41204637,0.007913224,-0.63253784,0.048662107,0.23941201,-0.25634378,-0.94925195,0.95861685,0.19809437,0.6763018,0.7804655,0.104176655,-0.1074654,0.44523758,-0.6486353,-0.9165626,-0.26029548,-0.69905496,0.6921316,0.42641187,-0.97316533,0.9999519,-0.36004505,-0.9445282,-0.7055149,-0.29998294,-0.11213319,0.99999255,-0.88594913,0.9999679,0.7646922,0.97635776,0.782914,0.8851762,-0.22923896,0.038123436,0.45570764,0.06557579,-0.5447672,-0.36551738,0.17382877,-0.81428134,0.85724825,-0.37053618,-0.91032404,-0.59332854,0.87644994,0.4231569,-0.91819084,0.11538457,-0.9460785,-0.686744,0.44778734,0.9267189,-0.30442926,0.61182183,0.12586851,-0.89905596,-0.37459344,-0.96690524,0.34458402,0.51056266,-0.27377173,-0.18122642,0.396055,0.21525633,-0.5291486,0.381128,-0.804722,-0.83741057,0.7646841,0.8226758,0.83138096,-0.92251647,0.55626243,0.6029672,0.4682424,0.40432182,0.08030563,0.2687615,-0.27811503,0.68616515,-0.6266167,-0.0572044,0.46323466,-0.40882012,0.047050934,-0.62741745,-0.60369146,-0.9475415,-0.9660036,0.9970677,0.6097498,-0.9204397,-0.7060861,0.30270377,0.9421212,0.4047217,-0.74205244,-0.95620733,-0.84218234,-0.71077234,0.042512313,-0.32388866,0.6792527,-0.3195114,0.51516974,0.45158553,0.19908419,0.73336643,0.3860651,-0.90037745,-0.37715948,0.9471865,-0.1492633,-0.09530664,0.9290831,-0.6659342,-0.8829898,0.925144,0.63966846,0.9150206,0.98606217,0.9332857,-0.6116644,-0.20349301,0.009410795,-0.3916211,-0.662871,0.24753803,-0.37949723,-0.03406883,-0.79005945,-0.365865,-0.36654052,0.8519834,-0.91226023,-0.95720476,-0.69840086,0.5955916,-0.87025815,-0.4584791,0.15402986,0.84721166,0.9840727,-0.6284289,1.0
