sequence_index,pearson_r
0,0.4031652510166168
1,0.3356786370277405
2,0.6270604133605957
3,0.6284725666046143
4,0.18516652286052704
5,0.15890273451805115
6,0.6170199513435364
7,0.6016769409179688
8,0.4742298424243927
9,0.42668473720550537
10,0.27314478158950806
11,0.19570720195770264
12,0.6094520688056946
13,0.1269417405128479
14,0.3331065773963928
15,0.4049643874168396
16,0.6919482350349426
17,0.34989503026008606
18,0.6003315448760986
19,0.48672792315483093
20,0.509937584400177
21,0.4694117307662964
22,0.2899588644504547
23,0.5600059628486633
24,0.08877085894346237
25,0.24088959395885468
26,0.5052706003189087
27,0.7704260945320129
28,0.4350179433822632
29,0.6007753014564514
30,0.230033278465271
31,0.08083658665418625
32,0.31955474615097046
33,0.5753240585327148
34,0.3446125388145447
35,0.25592121481895447
36,0.5402663350105286
37,0.13008113205432892
38,0.19442878663539886
39,0.6809055805206299
40,0.5301879048347473
41,0.6057080030441284
42,0.39627525210380554
43,0.6009337306022644
44,0.5916783213615417
45,0.49425631761550903
46,0.1686811000108719
47,0.18279911577701569
48,0.5168780088424683
49,0.16661354899406433
50,0.5351555943489075
51,0.4444674551486969
52,0.6285262703895569
53,0.24073509871959686
54,0.6360249519348145
55,0.7219024896621704
56,0.21348804235458374
57,0.3776225745677948
58,0.43641772866249084
59,0.5716763138771057
60,0.4569653570652008
61,0.15141929686069489
62,0.3114834725856781
63,0.3678884506225586
64,0.5097383856773376
65,0.5899495482444763
66,0.44241341948509216
67,0.3238908052444458
68,0.479452908039093
69,0.41187340021133423
70,0.39148691296577454
71,0.3755156099796295
72,0.38784387707710266
73,0.39164799451828003
74,0.4917256534099579
75,0.049064114689826965
76,0.6204067468643188
77,0.619028627872467
78,0.5069690942764282
79,0.6021842360496521
80,0.5227358341217041
81,0.8697646260261536
82,0.6415255665779114
83,0.06969470530748367
84,0.7467533349990845
85,0.27997151017189026
86,0.3447284996509552
87,0.566346287727356
88,0.5588651299476624
89,0.5163083672523499
90,0.48110049962997437
91,0.31762832403182983
92,0.4427725374698639
93,0.4079630672931671
94,0.5819539427757263
95,0.6097525954246521
96,0.44212573766708374
97,0.43187281489372253
98,0.4182029664516449
99,0.22120189666748047
100,0.4660354256629944
101,0.6075243949890137
102,0.23646262288093567
103,0.26514121890068054
104,0.44333887100219727
105,0.6422259211540222
106,0.2674272954463959
107,0.4861081838607788
108,0.3467317521572113
109,0.3419305980205536
110,0.23644347488880157
111,0.022937003523111343
112,0.4399430751800537
113,0.3014298677444458
114,0.47190701961517334
115,0.4265766143798828
116,0.08236397802829742
117,0.46147850155830383
118,0.5116735100746155
119,0.6377198100090027
120,0.7293609380722046
121,0.3994830250740051
122,0.4438890218734741
123,0.3969087600708008
124,0.20490188896656036
125,0.42102178931236267
126,0.2897396385669708
127,0.6188244223594666
128,0.19152233004570007
129,0.523742139339447
130,0.6039652824401855
131,0.4838903248310089
132,0.40525248646736145
133,0.40227359533309937
134,0.6638492941856384
135,0.6074374318122864
136,0.30711913108825684
137,0.25247031450271606
138,0.3053121268749237
139,0.6971710324287415
140,0.41023918986320496
141,0.45003119111061096
142,0.40736833214759827
143,0.6488910913467407
144,0.1959395408630371
145,0.4670346975326538
146,0.21542038023471832
147,0.5124814510345459
148,0.5964375138282776
149,0.522901177406311
150,0.6674284934997559
151,0.5414296984672546
152,0.29488980770111084
153,-0.0005296268500387669
154,0.37734049558639526
155,0.4954909384250641
156,0.5336489081382751
157,0.31621262431144714
158,0.6915982961654663
159,0.1779884696006775
160,0.6539198160171509
161,0.6731027960777283
162,0.46850883960723877
163,0.7115407586097717
164,0.34794551134109497
165,0.37650588154792786
166,0.24989573657512665
167,0.40197721123695374
168,0.15672755241394043
169,0.7462371587753296
170,0.5566734075546265
171,0.4998294711112976
172,0.5708780288696289
173,0.3719231188297272
174,0.385330468416214
175,0.33999115228652954
176,0.5024012327194214
177,0.5305159687995911
178,0.4568959176540375
179,0.28494155406951904
180,0.43446171283721924
181,0.6783208847045898
182,0.4704046845436096
183,0.5326434373855591
184,0.35337120294570923
185,0.5392275452613831
186,-0.08170630037784576
187,0.6834959387779236
188,0.3088163435459137
189,0.3655417561531067
190,0.4383973181247711
191,0.2337646633386612
192,0.5746302008628845
193,0.4893461763858795
194,0.5665997266769409
195,0.40475475788116455
196,0.4643830358982086
197,0.3228316307067871
198,0.6592066884040833
199,0.42921552062034607
200,0.5309921503067017
201,0.4208792448043823
202,0.7889770269393921
203,0.5790077447891235
204,0.15299347043037415
205,0.43829673528671265
206,0.4491710960865021
207,0.43660804629325867
208,0.481129914522171
209,0.5095527768135071
210,0.5133920907974243
211,0.645038902759552
212,0.25032222270965576
213,0.4107530415058136
214,0.3270547389984131
215,0.33792150020599365
216,0.2199595421552658
217,0.3957798480987549
218,0.04818426072597504
219,0.573128879070282
220,0.6481260061264038
221,0.569159746170044
222,0.6520724296569824
223,0.3609273135662079
224,0.7337917685508728
225,0.16663740575313568
226,0.29679372906684875
227,0.457525372505188
228,0.40592557191848755
229,0.3738304376602173
230,0.4609229862689972
231,0.6178807616233826
232,0.2653868496417999
233,0.26643675565719604
234,0.14551755785942078
235,0.16367830336093903
236,0.44488292932510376
237,0.45175549387931824
238,0.4361379146575928
239,0.5461939573287964
240,0.592919647693634
241,0.3819299638271332
242,0.28594300150871277
243,0.6851787567138672
244,0.39719071984291077
245,0.5930575132369995
246,0.5019931793212891
247,0.4732871353626251
248,0.35693496465682983
249,0.621806800365448
250,0.5223281383514404
251,0.38974374532699585
252,0.631310760974884
253,0.6675027012825012
254,0.4184303283691406
255,0.574302077293396
256,0.14540880918502808
257,0.4262119233608246
258,0.37956592440605164
259,0.7096071243286133
260,0.6829892992973328
261,0.388655424118042
262,0.7378490567207336
263,0.4031960666179657
264,0.5456194281578064
265,0.5887553691864014
266,0.27660611271858215
267,0.33169224858283997
268,0.28326326608657837
269,0.26720020174980164
270,0.5439870953559875
271,0.48815056681632996
272,0.23782891035079956
273,0.5349233746528625
274,0.2403065413236618
275,0.4341050088405609
276,0.41897594928741455
277,0.5254324078559875
278,0.5130797028541565
279,0.5272970199584961
280,0.561676561832428
281,0.3839849829673767
282,0.3256596326828003
283,0.7935470342636108
284,0.6041038632392883
285,0.42033687233924866
286,0.5127698183059692
287,0.44918546080589294
288,0.8223843574523926
289,0.25697633624076843
290,0.2737540304660797
291,0.3594520092010498
292,0.7132082581520081
293,0.38972577452659607
294,0.6629817485809326
295,0.6581369042396545
296,0.5505223274230957
297,0.1796731948852539
298,0.6801000833511353
299,0.5359378457069397
300,0.3794560730457306
301,0.4562202990055084
302,0.5195011496543884
303,0.46973085403442383
304,0.48415860533714294
305,0.7058217525482178
306,0.20904937386512756
307,0.5369203090667725
308,0.6537971496582031
309,0.5126921534538269
310,0.35539889335632324
311,0.6957889199256897
312,0.19123844802379608
313,0.339732825756073
314,0.29964548349380493
315,0.21545006334781647
316,0.9079776406288147
317,0.7463568449020386
318,0.3947341740131378
319,0.4696427583694458
320,0.7311661839485168
321,0.39632636308670044
322,0.38439372181892395
323,0.6000218987464905
324,0.27506372332572937
325,0.3144339621067047
326,0.3720172941684723
327,0.4957931935787201
328,0.3821962773799896
329,0.620861828327179
330,0.6823366284370422
331,0.3775795102119446
332,0.739787757396698
333,0.6394084095954895
334,0.13333582878112793
335,0.4202444553375244
336,0.3410727083683014
337,0.3257136046886444
338,0.5177567601203918
339,0.6067265868186951
340,0.49206578731536865
341,0.1633327305316925
342,0.3884444236755371
343,0.7510520815849304
344,0.6238464117050171
345,0.7089048624038696
346,0.32274240255355835
347,0.5386712551116943
348,0.4307187497615814
349,0.631222665309906
350,0.3014320731163025
351,0.6838264465332031
352,0.29926759004592896
353,0.41931796073913574
354,0.48132801055908203
355,0.4699248671531677
356,0.43848857283592224
357,0.5203858613967896
358,0.22158648073673248
359,0.4452635943889618
360,0.8054808974266052
361,0.46555855870246887
362,0.304670125246048
363,0.479213684797287
364,0.36180201172828674
365,0.3643454909324646
366,0.3346632122993469
367,0.7637908458709717
368,0.5219184160232544
369,0.14064279198646545
370,0.673862636089325
371,0.4655948579311371
372,0.10431941598653793
373,0.6517257690429688
374,0.5881543159484863
375,0.44406479597091675
376,0.31932079792022705
377,0.4309978485107422
378,0.4505864083766937
379,0.5094736218452454
380,0.6790593862533569
381,0.19725744426250458
382,0.5255319476127625
383,0.11843287944793701
384,0.3193744122982025
385,0.32783418893814087
386,0.5224884748458862
387,0.7037906050682068
388,0.26433074474334717
389,0.40155503153800964
390,0.6053743958473206
391,0.4494749903678894
392,0.43554171919822693
393,0.16615869104862213
394,0.5207807421684265
395,0.7122185826301575
396,0.02060740999877453
397,0.6708762645721436
398,0.5814019441604614
399,0.23643891513347626
400,0.4057203531265259
401,0.6531378030776978
402,0.40813371539115906
403,0.6551368832588196
404,0.320221871137619
405,0.48962149024009705
406,0.6898217797279358
407,0.5239579677581787
408,0.1946220099925995
409,0.2980753183364868
410,0.19583742320537567
411,0.3468547761440277
412,0.5543609261512756
413,0.1331975758075714
414,0.343554824590683
415,0.6186150908470154
416,0.5374235510826111
417,0.6111932396888733
418,0.050049152225255966
419,0.7770636677742004
420,0.5440726280212402
421,0.2789865732192993
422,0.7346186637878418
423,0.25742384791374207
424,0.60023033618927
425,0.6483563184738159
426,0.3435707688331604
427,0.31947362422943115
428,0.579865574836731
429,0.4608924686908722
430,0.06451038271188736
431,0.4178803265094757
432,0.5562959909439087
433,0.4145646095275879
434,0.30243173241615295
435,0.49781906604766846
436,0.39292627573013306
437,0.5553247928619385
438,0.23289251327514648
439,0.6956043839454651
440,0.4284842908382416
441,0.33484241366386414
442,0.3309995234012604
443,0.6300185322761536
444,0.6211445927619934
445,0.4321554899215698
446,0.5577072501182556
447,0.2832699418067932
448,0.3473426401615143
449,0.5030997395515442
450,0.5329745411872864
451,0.5391599535942078
452,0.7286802530288696
453,0.7278540134429932
454,0.44389107823371887
455,0.272970050573349
456,0.47917571663856506
457,0.7642787098884583
458,0.477959007024765
459,0.5649436712265015
460,0.3515867590904236
461,0.33319348096847534
462,0.2968178987503052
463,0.49525490403175354
464,0.42174455523490906
465,0.5363051891326904
466,0.7427972555160522
467,0.3463856279850006
468,0.37753742933273315
469,0.5729138851165771
470,0.23216471076011658
471,0.6060047745704651
472,0.6290971636772156
473,0.42750510573387146
474,0.23315300047397614
475,0.7123168706893921
476,0.38030126690864563
477,0.23453325033187866
478,0.3594719171524048
479,0.32281288504600525
480,0.6423078179359436
481,0.7220524549484253
482,0.4546525478363037
483,0.33844470977783203
484,0.5678979158401489
485,0.3313043415546417
486,0.3270110785961151
487,0.46026331186294556
488,0.3768240213394165
489,0.35302671790122986
490,0.4988133907318115
491,0.607550323009491
492,0.6323715448379517
493,0.5041598677635193
494,0.5690445303916931
495,0.5547332763671875
496,0.11433177441358566
497,0.4874597191810608
498,0.23511312901973724
499,0.6005428433418274
500,0.4191775321960449
501,0.5648724436759949
502,0.32528311014175415
503,0.7221741676330566
504,0.7280645966529846
505,0.5772373676300049
506,0.6837217807769775
507,0.34329673647880554
508,0.42405474185943604
509,0.4285917580127716
510,0.20407795906066895
511,0.30250394344329834
512,0.2444194108247757
513,0.4669862389564514
514,0.16148775815963745
515,0.5377888679504395
516,0.6852889657020569
517,0.3696109652519226
518,0.18643660843372345
519,0.5303051471710205
520,0.34712639451026917
521,0.44369420409202576
522,0.42487969994544983
523,0.49905073642730713
524,0.48731452226638794
525,0.4420326054096222
526,0.15479084849357605
527,0.30519095063209534
528,0.2822577953338623
529,0.19150616228580475
530,0.4167698621749878
531,0.3562714457511902
532,0.4292524456977844
533,0.4262748956680298
534,0.3058929741382599
535,0.58990478515625
536,0.5986611247062683
537,0.44436413049697876
538,0.501903772354126
539,0.6110747456550598
540,0.6198551654815674
541,0.5882707238197327
542,0.41783106327056885
543,0.33478519320487976
544,0.32130393385887146
545,0.3572159707546234
546,0.3324354887008667
547,0.44572433829307556
548,0.1798010915517807
549,0.4864868223667145
550,0.460012286901474
551,0.34887805581092834
552,0.49293652176856995
553,0.3092272877693176
554,0.19352221488952637
555,0.5121963620185852
556,0.3330079913139343
557,0.42398911714553833
558,0.6764993071556091
559,0.5536961555480957
560,0.24020607769489288
561,0.23331274092197418
562,0.6067312955856323
563,0.23318986594676971
564,0.46893978118896484
565,0.4773382246494293
566,0.6576796770095825
567,0.39816227555274963
568,0.3697948455810547
569,0.3123546540737152
570,0.28060227632522583
571,0.4325472414493561
572,0.7061777114868164
573,0.6318140029907227
574,0.566257655620575
575,0.47233256697654724
576,0.33430707454681396
577,0.16138897836208344
578,0.5437799692153931
579,0.48064401745796204
580,0.2354010045528412
581,0.5668888688087463
582,0.6539273858070374
583,0.43131834268569946
584,0.4914078414440155
585,0.49021750688552856
586,0.6180649399757385
587,0.14022137224674225
588,0.39014026522636414
589,0.6843522787094116
590,0.3737371265888214
591,0.4627515971660614
592,0.5058763027191162
593,0.41185635328292847
594,0.7681360840797424
595,0.5503784418106079
596,0.33686527609825134
597,0.7003869414329529
598,0.43529418110847473
599,0.2248356193304062
600,0.3801146149635315
601,-0.04883098602294922
602,0.4764411151409149
603,0.8106750845909119
604,0.5572120547294617
605,0.5955876708030701
606,0.3968798518180847
607,0.5776351094245911
608,0.4460160434246063
609,0.474816232919693
610,0.3298388421535492
611,0.44956186413764954
612,0.4763334393501282
613,0.6069196462631226
614,0.6956113576889038
615,0.28945407271385193
616,0.4201805889606476
617,0.14216335117816925
618,0.4654674232006073
619,0.1359689086675644
620,0.36839982867240906
621,0.47606566548347473
622,0.5758779048919678
623,0.5844889879226685
624,0.3747631013393402
625,0.333714097738266
626,0.5658519268035889
627,0.4405340850353241
628,0.425142377614975
629,0.8259792923927307
630,0.37788882851600647
631,0.4171443283557892
632,0.5834084749221802
633,0.6793307662010193
634,0.4243115782737732
635,0.519341230392456
636,0.5178812742233276
637,0.2587345242500305
638,0.3816632628440857
639,0.23057132959365845
640,0.6349353790283203
641,0.7156978249549866
642,0.5292345285415649
643,0.3764028549194336
644,0.3670409023761749
645,0.298183411359787
646,-0.007033622823655605
647,0.3075566589832306
648,0.5275903940200806
649,0.3793351948261261
650,0.46211010217666626
651,0.35995563864707947
652,0.6518747210502625
653,0.4623863995075226
654,0.6100320219993591
655,0.6364010572433472
656,0.4222484529018402
657,0.5767065286636353
658,0.5536009073257446
659,0.45643845200538635
660,0.362047404050827
661,0.6274105906486511
662,0.38526731729507446
663,0.5631552338600159
664,0.5751484036445618
665,0.4824523329734802
666,0.5720598697662354
667,0.29563286900520325
668,0.479623943567276
669,0.6248370409011841
670,0.538101077079773
671,0.5971970558166504
672,0.21590206027030945
673,0.28981074690818787
674,0.6292046904563904
675,0.45380982756614685
676,0.44586196541786194
677,0.5301743745803833
678,0.24867753684520721
679,0.4199226498603821
680,0.48375198245048523
681,0.7337223291397095
682,0.18529312312602997
683,0.5285518169403076
684,0.5636265277862549
685,0.40871161222457886
686,0.8316633701324463
687,0.577808678150177
688,0.6019318699836731
689,0.40027323365211487
690,0.7404718995094299
691,0.24714143574237823
692,0.43941667675971985
693,0.13636845350265503
694,0.26376521587371826
695,0.4016042649745941
696,0.5796404480934143
697,0.2811342477798462
698,0.4221784770488739
699,0.26948779821395874
700,0.6313031315803528
701,-0.0033494634553790092
702,0.3153831660747528
703,0.4267936050891876
704,0.3962506055831909
705,0.29224470257759094
706,0.16347984969615936
707,0.7121806740760803
708,0.44394174218177795
709,0.6781174540519714
710,0.5564450621604919
711,0.5747071504592896
712,0.46671485900878906
713,0.29062795639038086
714,0.41619449853897095
715,0.5631719827651978
716,0.6163974404335022
717,0.5768885016441345
718,0.4899783432483673
719,0.5921573042869568
720,0.40031731128692627
721,0.48347213864326477
722,0.028464218601584435
723,0.31765875220298767
724,0.4961060881614685
725,0.4281196892261505
726,0.6258043050765991
727,0.05177824944257736
728,0.5241293907165527
729,0.49365928769111633
730,0.4754064381122589
731,0.6215277910232544
732,0.5963826775550842
733,0.33620795607566833
734,0.39948102831840515
735,0.6467281579971313
736,0.4110731780529022
737,0.36934900283813477
738,0.3003617823123932
739,0.44202739000320435
740,0.5245718955993652
741,0.44431886076927185
742,0.7416362166404724
743,0.7021206021308899
744,0.5513727068901062
745,0.45074936747550964
746,0.5722978115081787
747,0.3195204436779022
748,0.4132285416126251
749,0.7127023339271545
750,0.31820985674858093
751,0.23480771481990814
752,0.3784521222114563
753,0.6338047981262207
754,0.5670181512832642
755,0.47303876280784607
756,0.6803981065750122
757,0.7936986088752747
758,0.04340018704533577
759,0.4804587662220001
760,0.5400998592376709
761,0.5784501433372498
762,0.34743040800094604
763,0.5278589725494385
764,0.47782596945762634
765,0.5241199135780334
766,0.4701327681541443
767,0.5884179472923279
768,0.5678132176399231
769,0.5702247023582458
770,0.2205541580915451
771,0.3197363018989563
772,0.17184211313724518
773,0.49610576033592224
774,0.4914836287498474
775,0.6092473268508911
776,0.48541852831840515
777,0.31775251030921936
778,0.7680783867835999
779,0.48820760846138
780,0.5793715119361877
781,0.5757523775100708
782,0.6504391431808472
783,0.4073862135410309
784,0.3436295688152313
785,0.5532529950141907
786,0.800780713558197
787,0.19721919298171997
788,0.2746492326259613
789,0.5034098625183105
790,0.6046257019042969
791,0.502005934715271
792,0.5183355212211609
793,0.4203060567378998
794,0.0328591912984848
795,0.5178764462471008
796,0.3547286093235016
797,0.4098244607448578
798,0.5061023831367493
799,0.48347604274749756
800,0.8376911282539368
801,0.44972100853919983
802,0.382361501455307
803,0.8054275512695312
804,0.5471880435943604
805,0.40421438217163086
806,0.3957699239253998
807,0.40569135546684265
808,0.5752801299095154
809,0.5021522641181946
810,0.5146320462226868
811,0.5551073551177979
812,0.3887002170085907
813,0.3466053009033203
814,0.49962908029556274
815,0.4906229078769684
816,0.4693997800350189
817,0.45868730545043945
818,0.585241973400116
819,0.4091251790523529
820,0.43888965249061584
821,0.4855554699897766
822,0.5834550857543945
823,0.32319411635398865
824,0.5764780640602112
825,0.42931458353996277
826,0.31856656074523926
827,0.38488346338272095
828,0.461300790309906
829,0.5952386260032654
830,0.3734699785709381
831,0.09297946095466614
832,0.5158565044403076
833,0.5746955275535583
834,0.7304988503456116
835,0.4905416667461395
836,0.2575511038303375
837,0.5924655199050903
838,0.41390347480773926
839,0.5090691447257996
840,0.5677043795585632
841,0.5943298935890198
842,0.5649885535240173
843,0.5714636445045471
844,0.2216198593378067
845,0.36565643548965454
846,0.556922197341919
847,0.7026852369308472
848,0.6770071387290955
849,0.6692396402359009
850,0.3873072564601898
851,0.534964382648468
852,0.42465147376060486
853,0.2220051884651184
854,0.45128095149993896
855,0.6058126091957092
856,0.18848168849945068
857,0.4482373595237732
858,0.472035676240921
859,0.42279499769210815
860,0.5184932947158813
861,0.3184039890766144
862,0.25543731451034546
863,0.5568318963050842
864,0.7408952713012695
865,0.32796698808670044
866,0.4129684567451477
867,0.640362560749054
868,0.44010910391807556
869,0.5587660670280457
870,0.5853548645973206
871,0.48210248351097107
872,0.19429944455623627
873,0.5052716732025146
874,0.39895179867744446
875,0.591443657875061
876,0.4845356047153473
877,0.5186412334442139
878,0.30026209354400635
879,0.4934858977794647
880,0.5194857716560364
881,0.6302274465560913
882,0.043276187032461166
883,0.4074002504348755
884,0.3885302245616913
885,0.4822281002998352
886,0.5536882281303406
887,0.5010666251182556
888,0.5855429768562317
889,0.586800754070282
890,0.25801387429237366
891,0.5293064117431641
892,0.28273600339889526
893,0.2820362448692322
894,0.1589161455631256
895,0.5679346919059753
896,0.4070311486721039
897,0.26343604922294617
898,0.2367134690284729
899,-0.004501769784837961
900,0.7168816924095154
901,0.620750367641449
902,0.1409139782190323
903,0.41786855459213257
904,0.6293602585792542
905,0.5375694632530212
906,0.5170560479164124
907,0.6593455672264099
908,0.22324545681476593
909,0.5906190872192383
910,0.3894483745098114
911,0.34831491112709045
912,0.5006461143493652
913,0.1748252511024475
914,0.5923694372177124
915,0.21594274044036865
916,0.21565084159374237
917,0.2550768554210663
918,0.08657018840312958
919,0.33365532755851746
920,0.3894989788532257
921,0.7262349724769592
922,0.5236089825630188
923,0.6810958981513977
924,0.11517895013093948
925,0.32072508335113525
926,0.5374850034713745
927,0.14400739967823029
928,0.6077804565429688
929,0.5432062149047852
930,0.4054722487926483
931,0.33506202697753906
932,0.28886401653289795
933,0.5324990749359131
934,0.6164546012878418
935,0.6414338946342468
936,0.42073890566825867
937,0.5459814667701721
938,0.07202839851379395
939,0.3929300606250763
940,0.5593734383583069
941,0.5340926051139832
942,0.44434118270874023
943,0.4987577199935913
944,0.516794741153717
945,0.185088649392128
946,0.42061588168144226
947,0.20104368031024933
948,0.5374638438224792
949,0.5227355360984802
950,0.2548358142375946
951,0.8035592436790466
952,0.7373653054237366
953,0.0677759125828743
954,0.6147043108940125
955,0.4562116861343384
956,0.5878333449363708
957,0.32294631004333496
958,0.4244228005409241
959,0.15363313257694244
960,0.23166917264461517
961,0.6509076356887817
962,0.44911909103393555
963,0.3076750338077545
964,0.5151959657669067
965,0.6813606023788452
966,0.7140069007873535
967,0.3581544756889343
968,0.13293705880641937
969,0.39027225971221924
970,0.37531784176826477
971,0.3735581040382385
972,0.3059523105621338
973,0.4732639491558075
974,0.40981948375701904
975,0.5391101837158203
976,0.2955743968486786
977,0.2532878816127777
978,0.36382627487182617
979,0.39419516921043396
980,0.37924444675445557
981,0.2781456410884857
982,0.499031126499176
983,0.1939101368188858
984,0.4646693766117096
985,0.2922205924987793
986,0.31073492765426636
987,0.7190955877304077
988,0.45615682005882263
989,0.23292706906795502
990,0.4185386002063751
991,0.4866797924041748
992,0.541046679019928
993,0.5062296986579895
994,0.5087266564369202
995,0.5184100270271301
996,0.6364807486534119
997,0.6969810128211975
998,0.7124266028404236
999,0.4461260735988617
1000,0.5399250984191895
1001,0.18260248005390167
1002,0.4324345588684082
1003,0.32227110862731934
1004,0.24964623153209686
1005,0.3880595266819
1006,0.474015474319458
1007,0.5131941437721252
1008,0.5334568023681641
1009,0.6095658540725708
1010,0.7664806246757507
1011,0.24464812874794006
1012,0.6108652949333191
1013,0.483364999294281
1014,0.36622169613838196
1015,0.32522931694984436
1016,0.6084893345832825
1017,0.3887760043144226
1018,0.3205254077911377
1019,0.24123716354370117
1020,0.47446414828300476
1021,0.3572259545326233
1022,0.5182123184204102
1023,0.2804219126701355
1024,0.5278557538986206
1025,0.6879229545593262
1026,0.23802301287651062
1027,0.4819214344024658
1028,0.3336922526359558
1029,0.3922666907310486
1030,0.4314521551132202
1031,0.3921307623386383
1032,0.5931100249290466
1033,0.46757054328918457
1034,0.09501530975103378
1035,0.548494815826416
1036,0.6593798398971558
1037,0.6345039010047913
1038,0.40906572341918945
1039,0.2679160535335541
1040,0.14041030406951904
1041,0.44732677936553955
1042,0.30266982316970825
1043,0.5765368342399597
1044,0.5075617432594299
1045,0.2858964800834656
1046,0.065925233066082
1047,0.6397467851638794
1048,0.5802279114723206
1049,0.14561736583709717
1050,0.6110794544219971
1051,0.4833817481994629
1052,0.14935541152954102
1053,0.6719731688499451
1054,0.505767822265625
1055,0.38268721103668213
1056,0.7094893455505371
1057,0.16654755175113678
1058,0.47320976853370667
1059,0.22280186414718628
1060,0.44676685333251953
1061,0.5632465481758118
1062,0.45643338561058044
1063,0.20924676954746246
1064,0.5425349473953247
1065,0.5221877694129944
1066,0.27991601824760437
1067,0.4418478012084961
1068,0.49516627192497253
1069,0.5042020678520203
1070,0.22789433598518372
1071,0.2249867171049118
1072,0.3421197831630707
1073,0.14041423797607422
1074,0.6782207489013672
1075,0.5115236639976501
1076,0.3508012592792511
1077,0.34685322642326355
1078,0.6210348606109619
1079,0.7358771562576294
1080,0.6599003672599792
1081,0.0989142432808876
1082,0.47232356667518616
1083,0.36290979385375977
1084,0.6101132035255432
1085,0.4251159131526947
1086,0.26355767250061035
1087,0.36754781007766724
1088,0.39731696248054504
1089,0.5279847979545593
1090,0.3634079694747925
1091,0.4632665812969208
1092,0.3190270960330963
1093,0.4807937741279602
1094,0.448790043592453
1095,0.4770747721195221
1096,0.5328059792518616
1097,0.5357161164283752
1098,0.5626013278961182
1099,0.4078397750854492
1100,0.5863165855407715
1101,0.2618187367916107
1102,0.45594921708106995
1103,0.4795115292072296
1104,0.46275532245635986
1105,0.45566147565841675
1106,0.462443470954895
1107,0.5860061049461365
1108,0.09273679554462433
1109,0.5133055448532104
1110,0.37406712770462036
1111,0.7485744953155518
1112,0.5208543539047241
1113,0.19597811996936798
1114,0.42330020666122437
1115,0.5292768478393555
1116,0.4117223024368286
1117,0.20944395661354065
1118,0.4224855899810791
1119,0.5710417628288269
1120,0.5221236348152161
1121,0.4786086678504944
1122,0.6389980912208557
1123,0.3255384862422943
1124,0.17524956166744232
1125,0.49033859372138977
1126,0.5736119151115417
1127,0.5032002329826355
1128,0.4684883654117584
1129,0.31662335991859436
1130,0.4144513010978699
1131,0.43626683950424194
1132,0.6117203831672668
1133,0.561898410320282
1134,0.5558017492294312
1135,0.41717153787612915
1136,0.30673736333847046
1137,0.5460968017578125
1138,0.3635433614253998
1139,0.4438191056251526
1140,0.4005819261074066
1141,0.28519442677497864
1142,0.22276228666305542
1143,0.2299983948469162
1144,0.6776731014251709
1145,0.5425830483436584
1146,0.4328483045101166
1147,0.395202100276947
1148,0.4913788437843323
1149,0.5357905030250549
1150,0.7299185991287231
1151,0.545722246170044
1152,0.34253057837486267
1153,0.543974757194519
1154,0.5902625918388367
1155,0.3507237136363983
1156,0.6022812724113464
1157,0.31310123205184937
1158,0.1626274734735489
1159,0.19808223843574524
1160,0.48840758204460144
1161,0.48324185609817505
1162,0.32435673475265503
1163,0.11981888860464096
1164,0.37372544407844543
1165,0.8610693216323853
1166,0.3998969495296478
1167,0.34305456280708313
1168,0.23225291073322296
1169,0.6937856078147888
1170,0.4877394735813141
1171,0.4039074778556824
1172,0.49284982681274414
1173,0.4569445848464966
1174,0.605072021484375
1175,0.12726424634456635
1176,0.4931861162185669
1177,0.6240267753601074
1178,0.6102834343910217
1179,0.3906782269477844
1180,0.3894616961479187
1181,0.79130619764328
1182,0.24186968803405762
1183,0.1282082498073578
1184,0.5658067464828491
1185,0.3788501024246216
1186,0.28302788734436035
1187,0.37883448600769043
1188,0.5098275542259216
1189,0.7730617523193359
1190,0.5314154028892517
1191,0.4550907015800476
1192,0.3941369652748108
1193,0.18040035665035248
1194,-0.01900363527238369
1195,0.4054509699344635
1196,0.6040310859680176
1197,0.47601452469825745
1198,0.3393707275390625
1199,0.6330397725105286
1200,0.18425127863883972
1201,0.40360766649246216
1202,0.47139185667037964
1203,0.3389359712600708
1204,0.5495557188987732
1205,0.4644210636615753
1206,0.6571611762046814
1207,0.33272257447242737
1208,0.2280072718858719
1209,0.2834571301937103
1210,0.4790608882904053
1211,0.39782246947288513
1212,0.33383357524871826
1213,0.5835807919502258
1214,0.6358417868614197
1215,0.6429897546768188
1216,0.34689411520957947
1217,0.16232579946517944
1218,0.4208484888076782
1219,0.5441763997077942
1220,0.3855099081993103
1221,0.6713837385177612
1222,0.20441998541355133
1223,0.47145962715148926
1224,0.7017738223075867
1225,0.6617269515991211
1226,0.2598646581172943
1227,0.493692010641098
1228,0.40509292483329773
1229,0.2759685814380646
1230,0.5540493130683899
1231,0.19605469703674316
1232,0.21458572149276733
1233,0.4524742364883423
1234,0.4871581196784973
1235,0.4845409095287323
1236,0.5270119309425354
1237,0.3771899342536926
1238,0.5968419909477234
1239,0.2762632966041565
1240,0.5996520519256592
1241,0.45908400416374207
1242,0.2112635374069214
1243,0.48216164112091064
1244,0.42383110523223877
1245,0.506213366985321
1246,0.05663004517555237
1247,0.5203796029090881
1248,0.4883338212966919
1249,0.5454985499382019
1250,0.2978120446205139
1251,0.3122168481349945
1252,0.510260820388794
1253,0.5440218448638916
1254,0.477211058139801
1255,0.4214298725128174
1256,0.39949649572372437
1257,0.6400970816612244
1258,0.6389058232307434
1259,0.5900699496269226
1260,0.4020364284515381
1261,0.7150039076805115
1262,0.6560428142547607
1263,0.5043847560882568
1264,0.7037965059280396
1265,0.22803601622581482
1266,0.3373674154281616
1267,0.3230798840522766
1268,0.5255431532859802
1269,0.26982077956199646
1270,0.6242083311080933
1271,0.4125710725784302
1272,0.5207117795944214
1273,0.391802042722702
1274,0.12948328256607056
1275,0.39282530546188354
1276,0.07698682695627213
1277,0.6184484362602234
1278,0.21296998858451843
1279,0.3957507312297821
1280,0.5885456800460815
1281,0.734764575958252
1282,0.36589133739471436
1283,0.625378429889679
1284,0.6199555993080139
1285,0.47075018286705017
1286,0.5585409998893738
1287,0.1501215547323227
1288,0.48724785447120667
1289,0.3909608721733093
1290,0.43620744347572327
1291,0.3292696177959442
1292,0.6730530261993408
1293,0.5449705719947815
1294,0.6848856210708618
1295,0.5379158854484558
1296,0.23208944499492645
1297,0.5543220639228821
1298,0.36525285243988037
1299,0.5711230039596558
1300,0.3287823796272278
1301,0.5498961210250854
1302,0.18446461856365204
1303,0.6104110479354858
1304,0.15695689618587494
1305,0.2759667932987213
1306,0.2343277484178543
1307,0.34351858496665955
1308,0.513408899307251
1309,0.4002832770347595
1310,0.22882017493247986
1311,0.4274759888648987
1312,0.4584982395172119
1313,0.2907520830631256
1314,0.45572230219841003
1315,0.4581361711025238
1316,0.3802702724933624
1317,0.4221619963645935
1318,0.33463847637176514
1319,0.28094482421875
1320,0.4064479172229767
1321,0.34282559156417847
1322,0.36980733275413513
1323,0.41852137446403503
1324,0.8092218637466431
1325,0.27430251240730286
1326,0.6221018433570862
1327,0.4447944164276123
1328,0.5158660411834717
1329,0.41458818316459656
1330,0.6111801862716675
1331,0.2800713777542114
1332,0.37369632720947266
1333,0.3967495262622833
1334,0.5235186815261841
1335,0.38238927721977234
1336,0.4735396206378937
1337,0.4980444610118866
1338,0.28968262672424316
1339,0.2968849241733551
1340,0.3703676164150238
1341,0.43068715929985046
1342,0.6683156490325928
1343,0.38205981254577637
1344,0.30025190114974976
1345,0.5872029662132263
1346,0.5968376398086548
1347,0.6253343820571899
1348,0.3038301169872284
1349,0.21714399755001068
1350,0.28794804215431213
1351,0.3323058784008026
1352,0.4427068531513214
1353,0.42088449001312256
1354,0.3492646813392639
1355,0.20774976909160614
1356,0.3434871733188629
1357,0.5701790452003479
1358,0.28898337483406067
1359,0.17473077774047852
1360,0.5142878293991089
1361,0.048562437295913696
1362,0.4984195828437805
1363,0.6396180391311646
1364,0.14123883843421936
1365,0.40111762285232544
1366,0.3303859531879425
1367,0.29995012283325195
1368,0.5470399856567383
1369,0.4541677236557007
1370,0.18718887865543365
1371,0.17640303075313568
1372,0.24526888132095337
1373,0.2807353734970093
1374,0.6558851599693298
1375,0.3951849937438965
1376,0.3967190384864807
1377,0.6658740043640137
1378,0.47835248708724976
1379,0.7582559585571289
1380,0.2943606972694397
1381,0.4698275625705719
1382,0.22669504582881927
1383,0.5295302867889404
1384,0.33116647601127625
1385,0.18493813276290894
1386,0.6333211660385132
1387,0.5863124132156372
1388,0.2143787145614624
1389,0.43275347352027893
1390,0.504237949848175
1391,0.4770132601261139
1392,0.6231906414031982
1393,0.15334130823612213
1394,0.33417898416519165
1395,0.6481428146362305
1396,0.5388076305389404
1397,0.19081228971481323
1398,0.8329440951347351
1399,0.5625532865524292
1400,0.7522414326667786
1401,0.3578535318374634
1402,0.6902898550033569
1403,0.4261968433856964
1404,0.15289092063903809
1405,0.5730976462364197
1406,0.453643798828125
1407,0.5081874132156372
1408,0.3160627782344818
1409,0.6656246781349182
1410,0.336800217628479
1411,0.4298531711101532
1412,0.3107365369796753
1413,0.3994227647781372
1414,0.3722929060459137
1415,0.3816002309322357
1416,0.3340873420238495
1417,0.3655521869659424
1418,0.09230197966098785
1419,0.16806337237358093
1420,0.5302666425704956
1421,0.38473474979400635
1422,0.28694382309913635
1423,0.3248145580291748
1424,0.5446906685829163
1425,0.16228897869586945
1426,0.4876416325569153
1427,0.7159680128097534
1428,0.4493701756000519
1429,0.544082760810852
1430,0.39214298129081726
1431,0.23381341993808746
1432,0.14178162813186646
1433,0.17427806556224823
1434,0.5431041121482849
1435,0.2906040549278259
1436,0.6182512640953064
1437,0.6767172813415527
1438,0.3091621398925781
1439,0.3323906362056732
1440,0.6916903257369995
1441,0.5244378447532654
1442,0.3453145921230316
1443,0.5755712985992432
1444,0.5045986175537109
1445,0.3998926877975464
1446,0.360615074634552
1447,0.46659618616104126
1448,0.3136204183101654
1449,0.4351769685745239
1450,0.5003782510757446
1451,0.3300975263118744
1452,0.09725318849086761
1453,0.4430600106716156
1454,0.33746102452278137
1455,0.53122878074646
1456,0.3793569505214691
1457,0.5640019178390503
1458,0.4065043330192566
1459,0.5615666508674622
1460,0.4817555844783783
1461,0.6297607421875
1462,0.4812897741794586
1463,0.3271656632423401
1464,0.7982165217399597
1465,0.49332502484321594
1466,0.28973227739334106
1467,0.20541319251060486
1468,0.3804704546928406
1469,0.36346837878227234
1470,0.7704423666000366
1471,0.49022698402404785
1472,0.1922134906053543
1473,0.43465983867645264
1474,0.5618760585784912
1475,0.520402193069458
1476,0.5670723915100098
1477,0.3733818829059601
1478,0.20432926714420319
1479,0.4225742220878601
1480,0.2693149149417877
1481,0.29297110438346863
1482,0.6165520548820496
1483,0.5681942701339722
1484,0.14956775307655334
1485,0.4458479881286621
1486,0.2106190025806427
1487,0.480269193649292
1488,0.3360402286052704
1489,0.4089580476284027
1490,0.26657402515411377
1491,0.426630437374115
1492,0.5603041052818298
1493,0.31328514218330383
1494,0.5082693099975586
1495,0.37195080518722534
1496,0.5515969395637512
1497,0.06124977394938469
1498,0.4123968780040741
1499,0.47363677620887756
1500,0.6180716156959534
1501,0.470156729221344
1502,0.045422740280628204
1503,0.3981517255306244
1504,0.5410020351409912
1505,0.13667339086532593
1506,0.5052086710929871
1507,0.3629191517829895
1508,0.3663569390773773
1509,0.5056856274604797
1510,0.4421028196811676
1511,0.46836137771606445
1512,0.23369984328746796
1513,0.1626591682434082
1514,0.39209213852882385
1515,0.5119242072105408
1516,0.29969456791877747
1517,0.47454941272735596
1518,0.1505575180053711
1519,0.6670147776603699
1520,0.334896981716156
1521,0.2512126863002777
1522,0.4999281167984009
1523,0.35417288541793823
1524,0.42840373516082764
1525,0.4017280042171478
1526,0.3321339786052704
1527,0.28583741188049316
1528,0.2475961297750473
1529,0.48668238520622253
1530,0.46851274371147156
1531,0.484018474817276
1532,0.5164451599121094
1533,0.41141629219055176
1534,0.37253275513648987
1535,0.4956830143928528
1536,0.5049808621406555
1537,0.5421854853630066
1538,0.26250016689300537
1539,0.6884637475013733
1540,0.2338971495628357
1541,0.6464971899986267
1542,0.3274792730808258
1543,0.44108542799949646
1544,0.2909322679042816
1545,0.26768958568573
1546,0.40164753794670105
1547,0.5343718528747559
1548,0.341359943151474
1549,0.6439658403396606
1550,0.5029104948043823
1551,0.3614124655723572
1552,0.31153011322021484
1553,0.44676142930984497
1554,0.2507050931453705
1555,0.38294339179992676
1556,0.5570502281188965
1557,0.4526408016681671
1558,0.1948220431804657
1559,0.2553131878376007
1560,0.45767709612846375
1561,0.3657124936580658
1562,0.36806315183639526
1563,0.6528912782669067
1564,0.8331806659698486
1565,0.5003411173820496
1566,0.6701180934906006
1567,0.41251692175865173
1568,0.4580206274986267
1569,0.25745126605033875
1570,0.3854513168334961
1571,0.36799484491348267
1572,0.2437923550605774
1573,0.3738000988960266
1574,0.48893070220947266
1575,0.433054655790329
1576,0.4745301306247711
1577,0.47525009512901306
1578,0.4057025611400604
1579,0.43192407488822937
1580,0.4724813997745514
1581,0.24661244451999664
1582,0.21545815467834473
1583,0.4777260422706604
1584,0.5074329376220703
1585,0.5350629687309265
1586,0.21153998374938965
1587,0.46586963534355164
1588,0.7346188426017761
1589,0.525467574596405
1590,0.4260052740573883
1591,0.23189853131771088
1592,0.6148974299430847
1593,0.5861464738845825
1594,0.5680307745933533
1595,0.4072035551071167
1596,0.42094340920448303
1597,0.29002824425697327
1598,0.36508455872535706
1599,0.4213714003562927
1600,0.4009699821472168
1601,0.5059590339660645
1602,0.5323767066001892
1603,0.428404301404953
1604,0.6373297572135925
1605,0.8868346214294434
1606,0.5393089652061462
1607,0.689558207988739
1608,0.6287078261375427
1609,0.21645456552505493
1610,0.3853326141834259
1611,0.6499215364456177
1612,0.7721676826477051
1613,0.5338809490203857
1614,0.32880064845085144
1615,0.38319307565689087
1616,0.36379504203796387
1617,0.7505298852920532
1618,0.19438089430332184
1619,0.43494912981987
1620,0.44296130537986755
1621,0.5362623929977417
1622,0.43733713030815125
1623,0.3838350772857666
1624,0.08669599890708923
1625,0.6875869631767273
1626,0.2723293900489807
1627,0.5084678530693054
1628,0.13128891587257385
1629,0.12559281289577484
1630,0.44775307178497314
1631,0.5045554041862488
1632,0.5485809445381165
1633,0.48036816716194153
1634,0.5161173343658447
1635,0.5512569546699524
1636,0.6124926805496216
1637,0.4397313594818115
1638,0.6320050358772278
1639,0.34580814838409424
1640,0.47632256150245667
1641,0.2664843797683716
1642,0.42381376028060913
1643,0.21604283154010773
1644,0.6915018558502197
1645,0.36004921793937683
1646,0.43754103779792786
1647,0.528465747833252
1648,0.7348648309707642
1649,0.4999330937862396
1650,0.4694605767726898
1651,0.15605942904949188
1652,0.6054039001464844
1653,0.46077442169189453
1654,0.24913878738880157
1655,0.6555179357528687
1656,0.17865563929080963
1657,0.561931848526001
1658,0.534508466720581
1659,0.3243013620376587
1660,0.4599790871143341
1661,0.40133750438690186
1662,0.7409152984619141
1663,0.316834419965744
1664,0.6169919967651367
1665,0.37282589077949524
1666,0.23563694953918457
1667,0.16524259746074677
1668,0.6066937446594238
1669,0.6819048523902893
1670,0.3557579219341278
1671,0.7120215892791748
1672,0.6969100832939148
1673,0.34025073051452637
1674,0.6408371329307556
1675,0.45778194069862366
1676,0.18525241315364838
1677,0.46278223395347595
1678,0.5765690207481384
1679,0.37145084142684937
1680,0.6441383361816406
1681,0.4879453778266907
1682,0.5354477167129517
1683,0.4299071729183197
1684,0.5205209255218506
1685,0.479722797870636
1686,0.7507335543632507
1687,0.6165395975112915
1688,0.14577724039554596
1689,0.7534635066986084
1690,0.5776295065879822
1691,0.3209840655326843
1692,0.439692884683609
1693,0.127081498503685
1694,0.7155643701553345
1695,0.49972134828567505
1696,0.2940651774406433
1697,0.23389679193496704
1698,0.21357907354831696
1699,0.3197554349899292
1700,0.4905969798564911
1701,0.5783050060272217
1702,0.32518675923347473
1703,0.31258702278137207
1704,-0.0393226258456707
1705,0.15064552426338196
1706,0.313381165266037
1707,0.457277774810791
1708,0.3770580291748047
1709,0.379791796207428
1710,0.4012996256351471
1711,0.4019607603549957
1712,0.7150248885154724
1713,0.29682761430740356
1714,0.1319875717163086
1715,0.28190407156944275
1716,0.42116108536720276
1717,0.09982658922672272
1718,0.32485225796699524
1719,0.21614055335521698
1720,0.2860308885574341
1721,0.24680383503437042
1722,0.045256439596414566
1723,0.6079888343811035
1724,0.2666071355342865
1725,0.4178876578807831
1726,0.2644735872745514
1727,0.31807100772857666
1728,0.4099355936050415
1729,0.41846391558647156
1730,0.7835373282432556
1731,0.33252274990081787
1732,0.643668532371521
1733,0.07852976024150848
1734,0.539746105670929
1735,0.27218732237815857
1736,0.6290352940559387
1737,0.36270493268966675
1738,0.6195591688156128
1739,0.4155252277851105
1740,0.28257665038108826
1741,0.5662523508071899
1742,0.33795079588890076
1743,0.5107221007347107
1744,0.3812583088874817
1745,0.5314818620681763
1746,0.6315398812294006
1747,0.3478994071483612
1748,0.664345383644104
1749,0.4579320251941681
1750,0.4842109978199005
1751,0.5069659352302551
1752,0.5307820439338684
1753,0.3369176685810089
1754,0.3685406744480133
1755,0.3002716600894928
1756,0.5093709230422974
1757,0.7253979444503784
1758,0.41707339882850647
1759,0.40721073746681213
1760,0.42204222083091736
1761,0.26345643401145935
1762,0.46272239089012146
1763,0.5178706645965576
1764,0.7789433598518372
1765,0.3913929760456085
1766,0.4181416630744934
1767,0.6195895075798035
1768,0.6439399123191833
1769,0.5314408540725708
1770,0.4514906704425812
1771,0.4838752746582031
1772,0.4777586758136749
1773,0.32687216997146606
1774,0.35408684611320496
1775,0.19174824655056
1776,0.6408926248550415
1777,0.5204153060913086
1778,0.36637425422668457
1779,0.5997880101203918
1780,0.5293810963630676
1781,0.520664393901825
1782,0.46748122572898865
1783,0.5781891345977783
1784,0.4843575358390808
1785,0.15453888475894928
1786,0.39312949776649475
1787,0.4799906313419342
1788,0.31988778710365295
1789,0.4314967393875122
1790,0.5186302065849304
1791,0.3118988573551178
1792,0.606162428855896
1793,0.42279210686683655
1794,0.34224218130111694
1795,0.5187390446662903
1796,0.46735280752182007
1797,0.5192683935165405
1798,0.6054148077964783
1799,0.3659738004207611
1800,0.5083379745483398
1801,0.29200729727745056
1802,0.5436896681785583
1803,0.6384922862052917
1804,0.620631992816925
1805,0.45878878235816956
1806,0.7183155417442322
1807,0.4832054376602173
1808,0.294509619474411
1809,0.3244764506816864
1810,0.15952780842781067
1811,0.24057206511497498
1812,0.3537922501564026
1813,0.34994855523109436
1814,0.4812934696674347
1815,0.4191325604915619
1816,0.5535216927528381
1817,0.5733129978179932
1818,0.16711001098155975
1819,0.2768373489379883
1820,0.5560545921325684
1821,0.4532497823238373
1822,0.7030612826347351
1823,0.2505795359611511
1824,-0.04631815850734711
1825,0.5297185182571411
1826,0.44092658162117004
1827,0.5579217672348022
1828,0.46911048889160156
1829,0.488627165555954
1830,0.5628564953804016
1831,0.3329133689403534
1832,0.17492318153381348
1833,0.20727312564849854
1834,0.3771704137325287
1835,0.8469533324241638
1836,0.2621579170227051
1837,0.4263531565666199
1838,0.5614113807678223
1839,0.031012747436761856
1840,0.3673125207424164
1841,0.2663436233997345
1842,0.5055330991744995
1843,0.7301221489906311
1844,0.6718810796737671
1845,0.6012333035469055
1846,0.23436668515205383
1847,0.5119056701660156
1848,0.5357527732849121
1849,0.4988727271556854
1850,0.5286994576454163
1851,0.5812593698501587
1852,0.1655745506286621
1853,0.44132259488105774
1854,0.540364682674408
1855,0.5897485017776489
1856,0.7479263544082642
1857,0.5435610413551331
1858,0.47139057517051697
1859,0.6756415367126465
1860,0.448492169380188
1861,0.6532779932022095
1862,0.37609484791755676
1863,0.3605368733406067
1864,0.4450301229953766
1865,0.4273448884487152
1866,0.3472544252872467
1867,0.5311375260353088
1868,0.14563773572444916
1869,0.6595185399055481
1870,0.48497650027275085
1871,0.4529888331890106
1872,0.7323133945465088
1873,0.5365733504295349
1874,0.24159857630729675
1875,0.40308958292007446
1876,0.8017656207084656
1877,0.3806687593460083
1878,0.15405787527561188
1879,0.7000561952590942
1880,0.2958158850669861
1881,0.4434012174606323
1882,0.20762036740779877
1883,0.08699797093868256
1884,0.5804951786994934
1885,0.2718921899795532
1886,0.32507896423339844
1887,0.4765043556690216
1888,0.45195773243904114
1889,0.4364892840385437
1890,0.3791334629058838
1891,0.4098610281944275
1892,0.2391754388809204
1893,0.7971566915512085
1894,0.3726171553134918
1895,0.13971537351608276
1896,0.29627302289009094
1897,0.23135311901569366
1898,0.5340063571929932
1899,0.5598046183586121
1900,0.595453143119812
1901,0.21677233278751373
1902,0.36682841181755066
1903,0.43611592054367065
1904,0.3549328148365021
1905,0.502825915813446
1906,0.4389309585094452
1907,0.5074030756950378
1908,0.4670841097831726
1909,0.0932246521115303
1910,0.5118509531021118
1911,0.5403865575790405
1912,0.49047791957855225
1913,0.33904725313186646
1914,0.720263659954071
1915,0.5131634473800659
1916,0.38408219814300537
1917,0.729209840297699
1918,0.6097099184989929
1919,0.46401190757751465
1920,0.40884798765182495
1921,0.22166495025157928
1922,0.4418320059776306
1923,0.4567594826221466
1924,0.22514575719833374
1925,0.48871099948883057
1926,0.32290223240852356
1927,0.5719882249832153
1928,0.5025783777236938
1929,0.5861981511116028
1930,0.24400575459003448
1931,0.39042484760284424
1932,0.5139584541320801
1933,0.4441549479961395
1934,0.1388586461544037
1935,0.41651418805122375
1936,0.27110856771469116
1937,0.6253726482391357
1938,0.5549201965332031
1939,0.5483335256576538
1940,0.008820964023470879
1941,0.24751900136470795
1942,0.31730109453201294
1943,0.6418536901473999
1944,0.471590131521225
1945,0.27715906500816345
1946,0.5917720198631287
1947,0.2784980535507202
1948,0.7882809638977051
1949,0.35003089904785156
1950,0.6843162178993225
1951,0.4450288414955139
1952,0.18447986245155334
1953,0.5569771528244019
1954,0.4281758964061737
1955,0.6351736783981323
1956,0.5591626167297363
1957,0.37181779742240906
1958,0.737396240234375
1959,0.2717188894748688
1960,0.4620651304721832
1961,0.7758530974388123
1962,0.4433170258998871
1963,0.2954642176628113
1964,0.1734485626220703
1965,0.4784925580024719
1966,0.42965999245643616
1967,0.44913554191589355
1968,0.15658092498779297
1969,0.4347864091396332
1970,0.662224531173706
1971,0.7028530240058899
1972,0.4892851412296295
1973,0.46931442618370056
1974,0.46686622500419617
1975,0.41706499457359314
1976,0.22288790345191956
1977,0.6435622572898865
1978,0.47839951515197754
1979,0.6178495287895203
1980,0.2880317270755768
1981,0.6164774894714355
1982,0.271335244178772
1983,0.44226059317588806
1984,0.6537197828292847
1985,0.4304080605506897
1986,0.6113578677177429
1987,0.6102114319801331
1988,0.6482120156288147
1989,0.6105549931526184
1990,0.4455516040325165
1991,0.5031007528305054
1992,0.5722950100898743
1993,0.49726366996765137
1994,0.5946000814437866
1995,0.6372538805007935
1996,0.31991642713546753
1997,0.20308873057365417
1998,0.3799237906932831
1999,0.35745954513549805
2000,0.4296560287475586
2001,0.34357911348342896
2002,0.4274422526359558
2003,0.49520161747932434
2004,0.6739388108253479
2005,0.26009270548820496
2006,0.6468815207481384
2007,0.4565596580505371
2008,0.4667178690433502
2009,0.5617701411247253
2010,0.4386850595474243
2011,0.2847592532634735
2012,0.603168249130249
2013,0.2646665871143341
2014,0.3247199058532715
2015,0.6546567678451538
2016,0.3637923002243042
2017,0.22928516566753387
2018,0.5245896577835083
2019,0.3690924048423767
2020,0.04849255457520485
2021,0.49342069029808044
2022,0.33257848024368286
2023,0.40316492319107056
2024,0.5054240226745605
2025,0.6142354607582092
2026,0.20506587624549866
2027,0.42382165789604187
2028,0.5070117115974426
2029,0.6049576997756958
2030,0.521710991859436
2031,0.38938671350479126
2032,0.5214321613311768
2033,0.4091477692127228
2034,0.43669626116752625
2035,0.624130368232727
2036,0.7096648216247559
2037,0.33781537413597107
2038,0.8267382383346558
2039,0.676517903804779
2040,0.5958518385887146
2041,0.31087568402290344
2042,0.4304296374320984
2043,0.5374322533607483
2044,0.35092100501060486
2045,0.23190796375274658
2046,0.5837844014167786
2047,0.32120463252067566
2048,0.48756083846092224
2049,0.28017541766166687
2050,0.5129344463348389
2051,0.7073515057563782
2052,0.6762474775314331
2053,0.07394511252641678
2054,0.553773045539856
2055,0.7461691498756409
2056,0.4950498342514038
2057,0.486076682806015
2058,0.3519168496131897
2059,0.7418257594108582
2060,0.3711365759372711
2061,0.4956686496734619
2062,0.49940556287765503
2063,0.6296085119247437
2064,0.4728090763092041
2065,0.6577344536781311
2066,0.35835933685302734
2067,0.5059755444526672
2068,0.31041184067726135
2069,0.5158637166023254
2070,0.807930588722229
2071,0.2648477852344513
2072,0.23143084347248077
2073,0.3815740644931793
2074,0.7928522229194641
2075,0.4483318030834198
2076,0.6144086718559265
2077,0.30778464674949646
2078,0.5257652401924133
2079,0.5246421694755554
2080,0.7472291588783264
2081,0.4226705729961395
2082,0.2162785530090332
2083,0.3916967511177063
2084,0.36995452642440796
2085,0.5634655356407166
2086,0.5081868171691895
2087,0.38125094771385193
2088,0.2640303075313568
2089,0.4812890887260437
2090,0.5278398394584656
2091,0.23066705465316772
2092,0.3033210039138794
2093,0.3278615176677704
2094,0.6447864770889282
2095,0.6503360271453857
2096,0.26260697841644287
2097,0.6014545559883118
2098,0.3902159333229065
2099,0.39570489525794983
2100,0.1843699961900711
2101,0.3232007324695587
2102,0.27075397968292236
2103,0.29072192311286926
2104,0.27980735898017883
2105,0.3931995630264282
2106,0.5092484354972839
2107,0.4117133319377899
2108,0.5225270390510559
2109,0.44646990299224854
2110,0.36996233463287354
2111,0.6212180852890015
2112,0.42074161767959595
2113,0.34997379779815674
2114,0.3679809868335724
2115,0.5714057683944702
2116,0.2891314625740051
2117,0.08006029576063156
2118,0.513028621673584
2119,0.4594578742980957
2120,0.21379761397838593
2121,0.4213774800300598
2122,0.6360194087028503
2123,0.372710645198822
2124,0.5434255599975586
2125,0.4357379972934723
2126,0.21788181364536285
2127,0.25575146079063416
2128,0.5212200880050659
2129,0.3971017003059387
2130,0.5465536713600159
2131,0.5258726477622986
2132,0.41173237562179565
2133,0.5502771139144897
2134,0.3956819176673889
2135,0.3180510401725769
2136,0.4534209668636322
2137,0.6297655701637268
2138,0.22105059027671814
2139,0.6392516493797302
2140,0.47973111271858215
2141,0.09729728102684021
2142,0.051527880132198334
2143,0.26438412070274353
2144,0.43776240944862366
2145,0.49198922514915466
2146,0.437420517206192
2147,0.3773861229419708
2148,0.030596764758229256
2149,0.49081742763519287
2150,0.6454831957817078
2151,0.3422863483428955
2152,0.421967476606369
2153,0.1137550100684166
2154,0.5535058975219727
2155,0.6564273238182068
2156,0.6197710633277893
2157,0.6764910817146301
2158,0.43110132217407227
2159,0.7406661510467529
2160,0.264627069234848
2161,0.5916429162025452
2162,0.3667186200618744
2163,0.0015632871072739363
2164,0.681080162525177
2165,0.13973845541477203
2166,0.5201488733291626
2167,0.6518636345863342
2168,0.1981646865606308
2169,0.4935360550880432
2170,0.2288120836019516
2171,0.6090793013572693
2172,0.4520415961742401
2173,0.5739482045173645
2174,0.034160468727350235
2175,0.45300039649009705
2176,0.511428952217102
2177,0.38039588928222656
2178,0.3596126139163971
2179,0.2677380442619324
2180,0.1884082853794098
2181,0.426891952753067
2182,0.4485873281955719
2183,0.2059115469455719
2184,0.2812272310256958
2185,0.19449655711650848
2186,0.36809372901916504
2187,0.5295038223266602
2188,0.1816447526216507
2189,0.3693709969520569
2190,0.2535180449485779
2191,0.3900705873966217
2192,0.5967333912849426
2193,0.4796028435230255
2194,0.4310210943222046
2195,0.5327858328819275
2196,0.5141199827194214
2197,0.4647364020347595
2198,0.4337970018386841
2199,0.414958119392395
2200,0.29637908935546875
2201,0.26926273107528687
2202,0.5794311165809631
2203,0.46245136857032776
2204,0.6152445077896118
2205,0.07221263647079468
2206,0.6411692500114441
2207,0.6126919388771057
2208,0.41994187235832214
2209,0.31044042110443115
2210,0.2897527813911438
2211,0.29662325978279114
2212,0.2487369328737259
2213,0.5385854244232178
2214,0.28063151240348816
2215,0.36441320180892944
2216,0.4972749948501587
2217,0.45058661699295044
2218,0.37154027819633484
2219,0.7835167646408081
2220,0.3947129547595978
2221,0.3858277499675751
2222,0.27807921171188354
2223,0.6556909680366516
2224,0.6895449161529541
2225,0.668470561504364
2226,0.2312697023153305
2227,0.49192067980766296
2228,0.15942925214767456
2229,0.5104777216911316
2230,0.36027222871780396
2231,0.30403274297714233
2232,0.6419799327850342
2233,0.6679876446723938
2234,0.2456451654434204
2235,0.2342369556427002
2236,0.7410825490951538
2237,0.5927277207374573
2238,0.2537904381752014
2239,0.624908447265625
2240,0.2598341405391693
2241,-0.05880862474441528
2242,0.33523961901664734
2243,0.3951645791530609
2244,0.6273210048675537
2245,0.698366641998291
2246,0.544279932975769
2247,0.45354822278022766
2248,0.330819696187973
2249,0.28467944264411926
2250,0.33066627383232117
2251,0.5498682856559753
2252,0.6531789302825928
2253,0.6141735911369324
2254,0.46604853868484497
2255,0.30595195293426514
2256,0.5581995844841003
2257,0.44559788703918457
2258,0.3599506616592407
2259,0.5638676285743713
2260,0.36399683356285095
2261,0.193020299077034
2262,0.1316351294517517
2263,0.843094527721405
2264,0.5830139517784119
2265,0.7143773436546326
2266,0.44396084547042847
2267,0.5244023203849792
2268,0.5145146250724792
2269,0.3186247646808624
2270,0.2864835858345032
2271,0.5696074962615967
2272,0.28498756885528564
2273,0.6535237431526184
2274,0.46377766132354736
2275,0.4243543744087219
2276,0.61098712682724
2277,0.35343483090400696
2278,0.503139853477478
2279,0.31976181268692017
2280,0.512062132358551
2281,0.5708279013633728
2282,0.08073204755783081
2283,0.1079324334859848
2284,0.2563093304634094
2285,0.8186030983924866
2286,0.44260790944099426
2287,0.445764422416687
2288,0.30761927366256714
2289,0.6724081635475159
2290,0.4137363135814667
2291,0.10651663690805435
2292,0.49250078201293945
2293,0.5009635090827942
2294,0.48715224862098694
2295,0.3212665021419525
2296,0.26259493827819824
2297,0.5003547072410583
2298,0.3864139914512634
2299,0.1762002855539322
2300,0.3930996358394623
2301,0.7128866910934448
2302,0.1744183450937271
2303,0.32514622807502747
2304,0.30764612555503845
2305,0.19549933075904846
2306,0.3776818513870239
2307,0.7346384525299072
2308,0.21683207154273987
2309,0.4572216868400574
2310,0.6411280632019043
2311,0.3699673116207123
2312,0.646259069442749
2313,0.22823359072208405
2314,0.42318907380104065
2315,0.5588492155075073
2316,0.5202919840812683
2317,0.5519583225250244
2318,0.2195623517036438
2319,0.4559019207954407
2320,0.4125456213951111
2321,0.3667824864387512
2322,0.5299609899520874
2323,0.6086797714233398
2324,0.13930532336235046
2325,0.41213616728782654
2326,0.6019748449325562
2327,0.48152783513069153
2328,0.39539894461631775
2329,0.48171600699424744
2330,0.25783076882362366
2331,0.4950529634952545
2332,0.562263011932373
2333,0.6224862933158875
2334,0.37848642468452454
2335,0.4440842568874359
2336,0.3696902096271515
2337,0.255409300327301
2338,0.5270742177963257
2339,0.43762314319610596
2340,0.4336831271648407
2341,0.430696576833725
2342,0.6742184162139893
2343,0.3674468994140625
2344,0.34381797909736633
2345,0.48088935017585754
2346,0.2986331284046173
2347,0.3436894714832306
2348,0.3509204685688019
2349,0.3517928421497345
2350,0.4735851287841797
2351,0.37321236729621887
2352,0.34142249822616577
2353,0.5014908909797668
2354,0.37859371304512024
2355,0.3688870072364807
2356,0.3003741502761841
2357,0.7283415794372559
2358,0.46289095282554626
2359,0.29749518632888794
2360,0.649637758731842
2361,0.24318188428878784
2362,0.324050635099411
2363,0.2403300702571869
2364,0.5648139715194702
2365,0.35290202498435974
2366,0.560789167881012
2367,0.4287478029727936
2368,0.3636237382888794
2369,0.44044575095176697
2370,0.5702146887779236
2371,0.5111937522888184
2372,0.3825843036174774
2373,0.4220374524593353
2374,0.4000830054283142
2375,0.5953630208969116
2376,0.3602723777294159
2377,0.235026553273201
2378,0.38855648040771484
2379,0.6457981467247009
2380,0.6593053340911865
2381,0.3530676066875458
2382,0.6493921875953674
2383,0.5122928619384766
2384,0.45200735330581665
2385,0.15576404333114624
2386,0.4260338544845581
2387,0.103010393679142
2388,0.06675545126199722
2389,0.06927845627069473
2390,0.3854731321334839
2391,0.47338414192199707
2392,0.40422800183296204
2393,0.5374221205711365
2394,0.5411956906318665
2395,0.3607586920261383
2396,0.5796982049942017
2397,0.3294307589530945
2398,0.16305489838123322
2399,0.5956599712371826
2400,0.1266225427389145
2401,0.6015548706054688
2402,0.5557488203048706
2403,0.3916846811771393
2404,0.5614866614341736
2405,0.7011733055114746
2406,0.355440616607666
2407,0.41198551654815674
2408,0.4366406202316284
2409,0.5678603053092957
2410,0.4181923568248749
2411,0.21798989176750183
2412,0.6608202457427979
2413,0.6836625933647156
2414,0.22492516040802002
2415,0.5245601534843445
2416,0.5159338712692261
2417,0.606669008731842
2418,0.5322997570037842
2419,0.35595250129699707
2420,0.2364685982465744
2421,0.5518977046012878
2422,0.2197009176015854
2423,0.26632973551750183
2424,0.15652132034301758
2425,0.4035884737968445
2426,0.2615929841995239
2427,0.24076592922210693
2428,0.4829810857772827
2429,0.4391306936740875
2430,0.49591925740242004
2431,0.580650269985199
2432,0.47437670826911926
2433,0.6324397325515747
2434,0.4522748291492462
2435,0.4931272268295288
2436,0.5401992201805115
2437,0.46313416957855225
2438,0.39985391497612
2439,0.6117050647735596
2440,0.3248959481716156
2441,0.27501124143600464
2442,0.3774290084838867
2443,0.5989534258842468
2444,0.5672841668128967
2445,0.2479581981897354
2446,0.6913034319877625
2447,0.4614364802837372
2448,0.40785452723503113
2449,0.2046196311712265
2450,0.2233208864927292
2451,0.41847699880599976
2452,0.3976075351238251
2453,0.43724191188812256
2454,0.44287484884262085
2455,0.6676039695739746
2456,0.39546459913253784
2457,0.11425286531448364
2458,0.3879736065864563
2459,0.4249708652496338
2460,0.33321765065193176
2461,0.3950038254261017
2462,0.30053550004959106
2463,0.8134317398071289
2464,0.5800325274467468
2465,0.6510293483734131
2466,0.2971062660217285
2467,0.38852986693382263
2468,0.5275394320487976
2469,0.6268875002861023
2470,0.41926902532577515
2471,0.31524658203125
2472,0.45414283871650696
2473,0.3377290368080139
2474,0.5321263074874878
2475,0.4435439109802246
2476,0.42963626980781555
2477,0.23516881465911865
2478,0.5182127952575684
2479,0.49071383476257324
2480,0.3035413920879364
2481,0.4841027557849884
2482,0.575508177280426
2483,0.4066639840602875
2484,0.6252676248550415
2485,0.2763255834579468
2486,0.67706698179245
2487,0.4255399703979492
2488,0.3447522521018982
2489,0.5886051058769226
2490,0.2672160565853119
2491,0.41140493750572205
2492,0.6617859601974487
2493,0.5115876793861389
2494,0.6049826741218567
2495,0.37428992986679077
2496,0.38768208026885986
2497,0.38378894329071045
2498,0.4842430055141449
2499,0.8123576641082764
2500,0.7384873628616333
2501,0.2032187581062317
2502,0.540656328201294
2503,0.518366813659668
2504,0.06267798691987991
2505,0.47506576776504517
2506,0.49697306752204895
2507,0.4865514039993286
2508,0.5645361542701721
2509,0.4418727159500122
2510,0.36579418182373047
2511,0.6473559737205505
2512,0.7506375312805176
2513,0.2364562749862671
2514,0.6264328956604004
2515,0.26272985339164734
2516,0.7317375540733337
2517,0.7038528919219971
2518,0.30524972081184387
2519,0.3393357992172241
2520,0.4072972536087036
2521,0.7223665714263916
2522,0.4214956760406494
2523,0.2122674137353897
2524,0.4334764778614044
2525,0.34310951828956604
2526,0.45604878664016724
2527,0.516940712928772
2528,0.4642370045185089
2529,0.2896077036857605
2530,0.3105478286743164
2531,0.6216995120048523
2532,0.36345645785331726
2533,0.5084232687950134
2534,0.378745973110199
2535,0.8428398966789246
2536,0.26851680874824524
2537,0.6300241947174072
2538,0.6394689679145813
2539,0.5298408269882202
2540,0.24678365886211395
2541,0.43912583589553833
2542,0.48962438106536865
2543,0.5881321430206299
2544,0.8018279075622559
2545,0.3448539078235626
2546,0.37905624508857727
2547,0.2619423568248749
2548,0.2844928503036499
2549,0.39530643820762634
2550,0.34490472078323364
2551,0.39476069808006287
2552,0.37200865149497986
2553,0.09318388998508453
2554,0.4498106837272644
2555,0.6211416125297546
2556,0.1520366072654724
2557,0.25243398547172546
2558,0.4001586139202118
2559,0.6050288081169128
2560,0.48414352536201477
2561,0.5413901209831238
2562,0.7439233660697937
2563,0.244680717587471
2564,0.29308485984802246
2565,0.23573799431324005
2566,0.555383026599884
2567,0.08912568539381027
2568,0.4434061646461487
2569,0.43007099628448486
2570,0.6239561438560486
2571,0.4655652344226837
2572,0.2541360855102539
2573,0.46328678727149963
2574,0.43176746368408203
2575,0.39927589893341064
2576,0.3544907569885254
2577,0.40025997161865234
2578,0.551886796951294
2579,0.24492503702640533
2580,0.5204832553863525
2581,0.5034005045890808
2582,0.4062572419643402
2583,0.6361668705940247
2584,0.5274737477302551
2585,0.579232931137085
2586,0.035822417587041855
2587,0.5057798624038696
2588,0.7866670489311218
2589,0.7066652774810791
2590,0.3479820489883423
2591,0.35651761293411255
2592,0.20902903378009796
2593,0.31668224930763245
2594,0.07739359140396118
2595,0.49485787749290466
2596,0.8055242300033569
2597,0.27417123317718506
2598,0.03350922092795372
2599,0.0718398466706276
2600,0.2432405948638916
2601,0.2386733889579773
2602,0.481960654258728
2603,0.5540370345115662
2604,0.1742725521326065
2605,0.7192746996879578
2606,0.3802303373813629
2607,0.5686283111572266
2608,0.2468070089817047
2609,0.5561808347702026
2610,0.5683718323707581
2611,0.25800469517707825
2612,0.2208283394575119
2613,0.39793717861175537
2614,0.42506831884384155
2615,0.47866126894950867
2616,0.44382309913635254
2617,0.38899022340774536
2618,0.38250455260276794
2619,0.36657533049583435
2620,0.6471027731895447
2621,0.24345265328884125
2622,0.41150954365730286
2623,0.16965912282466888
2624,-0.08713342994451523
2625,0.6288132667541504
2626,0.656195342540741
2627,0.5550625324249268
2628,0.38648971915245056
2629,0.652910053730011
2630,0.2688804566860199
2631,0.40907788276672363
2632,0.20268391072750092
2633,0.6104949116706848
2634,0.4366934597492218
2635,0.37255892157554626
2636,0.21123360097408295
2637,0.3687867820262909
2638,0.459648996591568
2639,0.7153448462486267
2640,0.3582913279533386
2641,0.5584427118301392
2642,0.5766352415084839
2643,0.2858218848705292
2644,0.70386803150177
2645,0.34998953342437744
2646,0.7239075303077698
2647,0.6422582268714905
2648,0.3606649339199066
2649,0.43023547530174255
2650,0.5635678768157959
2651,0.5002696514129639
2652,0.45142868161201477
2653,0.4421350061893463
2654,0.7089663743972778
2655,0.563025712966919
2656,0.1601245403289795
2657,0.30474191904067993
2658,0.35778746008872986
2659,0.560457170009613
2660,0.5759766697883606
2661,0.5184552669525146
2662,0.36743927001953125
2663,0.31084954738616943
2664,0.5289885997772217
2665,0.6859973073005676
2666,0.7179659605026245
2667,0.7645301818847656
2668,0.41420698165893555
2669,0.26998013257980347
2670,0.6361299753189087
2671,0.34216365218162537
2672,0.198942169547081
2673,0.5661542415618896
2674,0.4404289126396179
2675,0.38914793729782104
2676,0.37551581859588623
2677,0.6921544671058655
2678,0.4711337685585022
2679,0.16711218655109406
2680,0.6525035500526428
2681,0.30859676003456116
2682,0.24237968027591705
2683,0.5666051506996155
2684,0.3352351188659668
2685,0.7706314921379089
2686,0.4914729595184326
2687,0.40833401679992676
2688,0.7423549294471741
2689,0.36844396591186523
2690,0.4138221740722656
2691,0.5677432417869568
2692,0.14489197731018066
2693,0.3531208038330078
2694,0.4725085496902466
2695,0.34303173422813416
2696,0.41838374733924866
2697,0.7445130944252014
2698,0.5716801881790161
2699,0.42269110679626465
2700,0.6154607534408569
2701,0.19733010232448578
2702,0.25060299038887024
2703,0.6121233105659485
2704,0.6905350685119629
2705,0.4589005708694458
2706,0.26892903447151184
2707,0.6540932655334473
2708,0.5916606783866882
2709,0.42047446966171265
2710,0.18949492275714874
2711,0.6407162547111511
2712,0.5638445615768433
2713,0.30296164751052856
2714,0.3288176953792572
2715,0.3138352036476135
2716,0.5419864058494568
2717,0.11887413263320923
2718,0.3399519920349121
2719,0.6400823593139648
2720,0.4822368025779724
2721,0.34687620401382446
2722,0.6946426033973694
2723,0.646799623966217
2724,0.2819899320602417
2725,0.4743511974811554
2726,0.617875874042511
2727,0.5303025245666504
2728,0.4028579294681549
2729,0.3837532699108124
2730,0.3134971261024475
2731,0.8232954740524292
2732,0.39372727274894714
2733,0.3736220598220825
2734,0.40254539251327515
2735,0.6073150038719177
2736,0.5661582946777344
2737,0.6067121624946594
2738,0.4291418790817261
2739,0.24522268772125244
2740,0.6495307683944702
2741,0.30592799186706543
2742,0.37113118171691895
2743,0.4375222623348236
2744,0.2815707325935364
2745,0.2227226048707962
2746,0.5469046235084534
2747,0.15401393175125122
2748,0.5928329229354858
2749,0.6103746891021729
2750,0.6765537261962891
2751,0.3417946696281433
2752,0.3801606297492981
2753,0.2697726786136627
2754,0.20189890265464783
2755,0.43321728706359863
2756,0.2895570397377014
2757,0.7759570479393005
2758,0.6682068705558777
2759,0.12306714057922363
2760,0.49444761872291565
2761,0.3299505114555359
2762,0.61167973279953
2763,0.3240683674812317
2764,0.7526717782020569
2765,0.41208383440971375
2766,0.7340211272239685
2767,0.22393859922885895
2768,0.3436303734779358
2769,0.4458023011684418
2770,0.41435620188713074
2771,0.37763655185699463
2772,0.35027167201042175
2773,0.39378976821899414
2774,0.4383382499217987
2775,0.3198084831237793
2776,0.6877685785293579
2777,0.39526113867759705
2778,0.4213930666446686
2779,0.3450000286102295
2780,0.5810604691505432
2781,0.7678584456443787
2782,0.5174609422683716
2783,0.43835538625717163
2784,0.2404782921075821
2785,0.6394597887992859
2786,0.12472432851791382
2787,0.44923070073127747
2788,0.5576030611991882
2789,0.7679147720336914
2790,0.5332549810409546
2791,0.28731170296669006
2792,0.42380115389823914
2793,0.25190043449401855
2794,0.4165121912956238
2795,0.5851132869720459
2796,0.29965341091156006
2797,0.4154548943042755
2798,0.5861841440200806
2799,0.4347643554210663
2800,0.35857388377189636
2801,0.4068014323711395
2802,0.43401870131492615
2803,0.4495360553264618
2804,0.5484305024147034
2805,0.38612672686576843
2806,0.5434607267379761
2807,0.5718386173248291
2808,0.3770913779735565
2809,0.5737049579620361
2810,0.4712982475757599
2811,0.278373658657074
2812,0.36694464087486267
2813,0.4278278052806854
2814,0.37685221433639526
2815,0.17991416156291962
2816,0.32430028915405273
2817,0.706146776676178
2818,0.22579342126846313
2819,0.6547268629074097
2820,0.4555266797542572
2821,0.4861191213130951
2822,0.4527806341648102
2823,0.8062041401863098
2824,0.5616433620452881
2825,0.33849766850471497
2826,0.5530648231506348
2827,0.5278871655464172
2828,0.43640586733818054
2829,0.4613020122051239
2830,0.12725621461868286
2831,0.5400736927986145
2832,0.571121335029602
2833,0.4406934976577759
2834,0.5533581376075745
2835,0.48343566060066223
2836,0.5150969624519348
2837,0.5934875011444092
2838,0.48437899351119995
2839,0.332487016916275
2840,0.5638030767440796
2841,0.43558385968208313
2842,0.3237924873828888
2843,0.6169402003288269
2844,0.7462689876556396
2845,0.5514103770256042
2846,0.6310614943504333
2847,0.345278263092041
2848,0.6054428219795227
2849,0.2713741958141327
2850,0.10309736430644989
2851,0.45716604590415955
2852,0.44002312421798706
2853,0.06757340580224991
2854,0.5333298444747925
2855,0.3468327820301056
2856,0.3275207281112671
2857,0.4042491316795349
2858,0.18189071118831635
2859,0.8271185159683228
2860,0.5686913728713989
2861,0.4892526865005493
2862,0.5794211030006409
2863,0.6731938123703003
2864,0.45927026867866516
2865,0.29913416504859924
2866,0.5552482008934021
2867,0.6957771182060242
2868,0.3733989894390106
2869,0.44780248403549194
2870,0.6158061623573303
2871,0.8858973979949951
2872,0.4085060656070709
2873,0.48356929421424866
2874,0.6513640880584717
2875,0.6864044666290283
2876,0.6903105974197388
2877,0.1569688469171524
2878,0.354654461145401
2879,0.6253265738487244
2880,0.35504665970802307
2881,0.41929906606674194
2882,0.3483496904373169
2883,0.2565060555934906
2884,0.5364583134651184
2885,0.36357495188713074
2886,0.20117798447608948
2887,0.455670565366745
2888,0.35731130838394165
2889,0.31419122219085693
2890,0.2961607873439789
2891,0.5912099480628967
2892,0.3060528635978699
2893,0.5477177500724792
2894,0.6194082498550415
2895,0.2578592598438263
2896,0.5748677253723145
2897,0.4010767340660095
2898,0.5933364033699036
2899,0.5658907890319824
2900,0.20702065527439117
2901,0.4012724459171295
2902,0.3409833610057831
2903,0.42216745018959045
2904,0.17118015885353088
2905,0.3734617829322815
2906,0.6265923380851746
2907,0.2836069166660309
2908,0.320067822933197
2909,0.6013582348823547
2910,0.33387359976768494
2911,0.5314965844154358
2912,0.6073312759399414
2913,0.4817439913749695
2914,0.45130065083503723
2915,0.34490036964416504
2916,0.45333704352378845
2917,0.30776363611221313
2918,0.2759035527706146
2919,0.5144261717796326
2920,0.1741032898426056
2921,0.43694135546684265
2922,0.37822988629341125
2923,0.3410658836364746
2924,0.5399078130722046
2925,0.27892014384269714
2926,0.4749784469604492
2927,0.5637030005455017
2928,0.15685155987739563
2929,0.3448280692100525
2930,0.5849060416221619
2931,0.545369029045105
2932,0.42242318391799927
2933,0.21281586587429047
2934,0.22086121141910553
2935,0.5379047393798828
2936,0.5307359099388123
2937,0.31529492139816284
2938,0.6142147779464722
2939,0.2818882167339325
2940,0.7718892097473145
2941,0.4472072124481201
2942,0.593694806098938
2943,0.6235343217849731
2944,0.6453855037689209
2945,0.5743318796157837
2946,0.286906361579895
2947,0.4250318109989166
2948,0.5200436115264893
2949,0.5115485191345215
2950,0.4386235177516937
2951,0.5224245190620422
2952,0.19469115138053894
2953,0.4465315639972687
2954,0.2438206523656845
2955,0.642000138759613
2956,0.4045349657535553
2957,0.43223193287849426
2958,0.5634313225746155
2959,0.41374507546424866
2960,0.37760600447654724
2961,0.3997099697589874
2962,0.47759345173835754
2963,0.5153332948684692
2964,0.5077611804008484
2965,0.5093836784362793
2966,0.24620141088962555
2967,0.8627915978431702
2968,0.32482269406318665
2969,0.32877838611602783
2970,0.6195183992385864
2971,0.4282819628715515
2972,0.3477773070335388
2973,0.16893604397773743
2974,0.5986166596412659
2975,0.1718081682920456
2976,0.2495133876800537
2977,0.644136905670166
2978,0.34163400530815125
2979,0.5130808353424072
2980,0.5674673318862915
2981,0.2836674749851227
2982,0.5329982042312622
2983,0.6376761794090271
2984,0.48689645528793335
2985,0.4608787000179291
2986,0.19525685906410217
2987,0.41824057698249817
2988,0.6090966463088989
2989,0.4872771203517914
2990,0.32061266899108887
2991,0.6509181261062622
2992,0.6184587478637695
2993,0.408673495054245
2994,0.5319675803184509
2995,0.3800992965698242
2996,0.5468531847000122
2997,0.4256749153137207
2998,0.4676547944545746
2999,0.7533794641494751
3000,0.5284104347229004
3001,0.49283161759376526
3002,0.328019380569458
3003,0.38426682353019714
3004,0.4559040665626526
3005,0.5953033566474915
3006,0.3477647304534912
3007,0.5489663481712341
3008,0.544060468673706
3009,0.037016745656728745
3010,0.9026504755020142
3011,0.44184932112693787
3012,0.4999763071537018
3013,0.36038535833358765
3014,0.36895108222961426
3015,0.31291070580482483
3016,0.4246501326560974
3017,0.4356912076473236
3018,0.3428649604320526
3019,0.19959571957588196
3020,0.5013788342475891
3021,0.6156987547874451
3022,0.394437313079834
3023,0.34964823722839355
3024,0.308979868888855
3025,0.27821215987205505
3026,0.4306434690952301
3027,0.5744358897209167
3028,0.6309874653816223
3029,0.3287371098995209
3030,0.24474398791790009
3031,0.6032364368438721
3032,0.561453104019165
3033,0.19593380391597748
3034,0.3230352997779846
3035,0.6376630067825317
3036,0.6475533843040466
3037,0.587785005569458
3038,0.3727688193321228
3039,0.5059422254562378
3040,0.45836836099624634
3041,0.2977040708065033
3042,0.5517266392707825
3043,0.4862253963947296
3044,0.5352848172187805
3045,0.4902160167694092
3046,0.5791842341423035
3047,0.3315410017967224
3048,0.26384201645851135
3049,0.766730010509491
3050,0.6807575225830078
3051,0.611748218536377
3052,0.6449685096740723
3053,0.5529218316078186
3054,0.5059849619865417
3055,0.40339165925979614
3056,0.4152308404445648
3057,0.5971462726593018
3058,0.5680166482925415
3059,0.3658521771430969
3060,0.6480197906494141
3061,0.4519249498844147
3062,0.2897970676422119
3063,0.32308825850486755
3064,0.8133975267410278
3065,0.4537683129310608
3066,0.2560437023639679
3067,0.4068134129047394
3068,0.4821350872516632
3069,0.4597420394420624
3070,0.4939456284046173
3071,0.34829410910606384
3072,0.4476582407951355
3073,0.5069162249565125
3074,0.2544475495815277
3075,0.5174583792686462
3076,0.4719489812850952
3077,0.32172486186027527
3078,0.43812116980552673
3079,0.5764681696891785
3080,0.6192305684089661
3081,0.44582024216651917
3082,0.39636313915252686
3083,0.385630339384079
3084,0.864069402217865
3085,0.45331600308418274
3086,0.6580227613449097
3087,0.5873891711235046
3088,0.4279426336288452
3089,0.7213393449783325
3090,0.16742852330207825
3091,0.558201253414154
3092,0.42934268712997437
3093,0.2639366090297699
3094,0.5371543765068054
3095,0.4001360237598419
3096,0.47754597663879395
3097,0.3438979685306549
3098,0.11135641485452652
3099,0.7365231513977051
3100,0.25217610597610474
3101,0.37151578068733215
3102,0.09741677343845367
3103,0.4078812301158905
3104,0.33788222074508667
3105,0.507042407989502
3106,0.3906280994415283
3107,0.27411437034606934
3108,0.6864794492721558
3109,0.275255411863327
3110,0.38471779227256775
3111,0.4040910303592682
3112,0.11509785056114197
3113,0.6358355283737183
3114,0.14178477227687836
3115,0.6786332130432129
3116,0.2892635762691498
3117,0.5691717267036438
3118,0.6626509428024292
3119,0.24663275480270386
3120,0.30707597732543945
3121,0.5326488018035889
3122,0.23169825971126556
3123,0.5970335006713867
3124,0.5118205547332764
3125,0.5520385503768921
3126,0.5583518147468567
3127,0.38421717286109924
3128,0.4778980016708374
3129,0.2613835632801056
3130,0.5493403673171997
3131,0.30342498421669006
3132,0.4141964316368103
3133,0.4864421486854553
3134,0.4953036904335022
3135,0.206416517496109
3136,0.43282827734947205
3137,0.6584029793739319
3138,0.6516790986061096
3139,0.5396261811256409
3140,0.5904890894889832
3141,0.3805232346057892
3142,0.06778664141893387
3143,0.25492265820503235
3144,0.6785760521888733
3145,0.29925552010536194
3146,0.40301311016082764
3147,0.6006940007209778
3148,0.6160774230957031
3149,0.3423044979572296
3150,0.4824886620044708
3151,0.3419925570487976
3152,0.57461017370224
3153,0.37103161215782166
3154,0.5685652494430542
3155,0.4820158779621124
3156,0.6220734119415283
3157,0.3531452417373657
3158,0.6065569519996643
3159,0.4376179873943329
3160,0.5184561610221863
3161,0.4479143023490906
3162,0.5609288811683655
3163,0.8701803684234619
3164,0.37540924549102783
3165,0.5727093815803528
3166,0.5745468139648438
3167,0.09159599244594574
3168,0.477653831243515
3169,0.2737967371940613
3170,0.4563125967979431
3171,0.4168870747089386
3172,0.7646245360374451
3173,0.617274284362793
3174,0.5155602693557739
3175,0.3112218677997589
3176,0.3939278721809387
3177,0.2967183291912079
3178,0.4653426706790924
3179,0.5810606479644775
3180,0.42011791467666626
3181,0.6427518725395203
3182,0.2887631356716156
3183,0.8663268089294434
3184,0.5698807835578918
3185,0.4437667727470398
3186,0.26806777715682983
3187,0.3654959201812744
3188,0.21249021589756012
3189,0.7818022966384888
3190,0.3919818103313446
3191,0.20845180749893188
3192,0.5048795938491821
3193,0.6190624237060547
3194,0.6813352108001709
3195,0.7550992369651794
3196,0.5954220294952393
3197,0.44647732377052307
3198,0.6826696395874023
3199,0.23581689596176147
3200,0.47392845153808594
3201,0.44805505871772766
3202,0.3385169506072998
3203,0.5350300669670105
3204,0.35317859053611755
3205,0.4797481894493103
3206,0.19081497192382812
3207,0.3021948039531708
3208,0.4111960232257843
3209,0.5655435919761658
3210,0.6085910201072693
3211,0.35337793827056885
3212,0.5402660369873047
3213,0.18656741082668304
3214,0.5610689520835876
3215,0.5792180299758911
3216,0.3540530204772949
3217,0.5475437641143799
3218,0.32485610246658325
3219,0.2758224308490753
3220,0.29775646328926086
3221,0.665488064289093
3222,0.4504930078983307
3223,0.4960149824619293
3224,0.6344906091690063
3225,0.3666326403617859
3226,0.682494580745697
3227,0.6344930529594421
3228,0.591962456703186
3229,0.3128017485141754
3230,0.6539435982704163
3231,0.36832791566848755
3232,0.6110684275627136
3233,0.45635494589805603
3234,0.2331695258617401
3235,0.3022692799568176
3236,0.5098630785942078
3237,0.32894405722618103
3238,0.5263049602508545
3239,0.3146427571773529
3240,0.5017716884613037
3241,0.27821189165115356
3242,0.6122844815254211
3243,0.4833141267299652
3244,0.4346526563167572
3245,0.3700162172317505
3246,0.5141056180000305
3247,0.44302988052368164
3248,0.34622180461883545
3249,0.3399186432361603
3250,0.12247582525014877
3251,0.4994753897190094
3252,0.2914348542690277
3253,0.6779974102973938
3254,0.26878196001052856
3255,0.5880020260810852
3256,0.3847854733467102
3257,0.3607654571533203
3258,0.32948556542396545
3259,0.5008097887039185
3260,0.24850516021251678
3261,0.3746093213558197
3262,0.7348847389221191
3263,0.26710790395736694
3264,0.26394379138946533
3265,0.06529663503170013
3266,0.5184630751609802
3267,0.6899363994598389
3268,0.3748113214969635
3269,0.3895103931427002
3270,0.36396485567092896
3271,0.40225014090538025
3272,0.4281263053417206
3273,0.1770322173833847
3274,0.5128021836280823
3275,0.7202678322792053
3276,0.24734370410442352
3277,0.42063239216804504
3278,0.36420783400535583
3279,0.43971675634384155
3280,0.3006828725337982
3281,0.2721858620643616
3282,0.5861168503761292
3283,0.2685728073120117
3284,0.33430391550064087
3285,0.7429155707359314
3286,0.3581421375274658
3287,0.5575308799743652
3288,0.2540162205696106
3289,0.482970654964447
3290,0.25963374972343445
3291,0.4090310037136078
3292,0.2338198572397232
3293,0.32521748542785645
3294,0.25577765703201294
3295,0.3686181902885437
3296,0.22612535953521729
3297,0.27509555220603943
3298,0.3909238874912262
3299,0.45426589250564575
3300,0.5976768732070923
3301,0.5149083733558655
3302,0.6616949439048767
3303,0.2326703518629074
3304,0.6163004040718079
3305,0.4705793261528015
3306,0.34983402490615845
3307,0.44188132882118225
3308,0.5186996459960938
3309,0.6687607765197754
3310,0.6922066807746887
3311,0.4060998558998108
3312,0.6124168634414673
3313,0.4974375367164612
3314,0.41510796546936035
3315,0.2435334026813507
3316,0.44506826996803284
3317,0.5135109424591064
3318,0.3353963792324066
3319,0.5632321834564209
3320,0.5669535994529724
3321,0.6185972094535828
3322,0.37491166591644287
3323,0.5688621401786804
3324,0.31268835067749023
3325,0.38835376501083374
3326,-0.04158616065979004
3327,0.4597926735877991
3328,0.49817726016044617
3329,0.3463455140590668
3330,0.48042431473731995
3331,0.6034642457962036
3332,0.5746701955795288
3333,0.36453020572662354
3334,0.5512497425079346
3335,0.3611151874065399
3336,0.547676682472229
3337,0.4529322683811188
3338,0.1991972029209137
3339,0.5471651554107666
3340,0.3821866512298584
3341,0.2041509747505188
3342,0.6599850654602051
3343,0.07204769551753998
3344,0.2777787148952484
3345,0.6979472637176514
3346,0.3785245716571808
3347,0.4923940896987915
3348,0.6060001850128174
3349,0.5392926335334778
3350,0.3170003592967987
3351,0.5742520689964294
3352,0.401960164308548
3353,0.3835732042789459
3354,0.2508825361728668
3355,0.19297651946544647
3356,0.5436635613441467
3357,0.31910619139671326
3358,0.3997625410556793
3359,0.5381529331207275
3360,0.20245778560638428
3361,0.6289709806442261
3362,0.505620002746582
3363,0.7295050024986267
3364,0.6404032707214355
3365,0.5139649510383606
3366,0.7691560983657837
3367,0.549735963344574
3368,0.7160560488700867
3369,0.41580072045326233
3370,0.3004341125488281
3371,0.5576136708259583
3372,0.12151254713535309
3373,0.3816187381744385
3374,0.3722015917301178
3375,0.5407713651657104
3376,0.7165845632553101
3377,0.39821726083755493
3378,0.5134993195533752
3379,0.3567963242530823
3380,0.08185547590255737
3381,0.2761244475841522
3382,0.4796942174434662
3383,0.5368049144744873
3384,0.53005051612854
3385,0.25826385617256165
3386,0.5173189043998718
3387,0.6357289552688599
3388,0.5498998761177063
3389,0.6982224583625793
3390,0.36202940344810486
3391,0.512080192565918
3392,0.6773492097854614
3393,0.4410282075405121
3394,0.4600721001625061
3395,0.7622042894363403
3396,0.38473132252693176
3397,0.314230352640152
3398,0.20892803370952606
3399,0.4213671386241913
3400,0.4383001923561096
3401,0.1998654007911682
3402,0.46169304847717285
3403,0.2599194645881653
3404,0.057673584669828415
3405,0.38831084966659546
3406,0.5217506289482117
3407,0.5831701159477234
3408,0.3545478880405426
3409,0.2310430258512497
3410,0.3207494020462036
3411,0.5471102595329285
3412,0.7334585189819336
3413,0.6253456473350525
3414,0.3669526278972626
3415,0.46566832065582275
3416,0.5592528581619263
3417,0.5196826457977295
3418,0.5898020267486572
3419,0.46389150619506836
3420,0.2287912219762802
3421,0.6744334697723389
3422,0.5756986141204834
3423,0.326988160610199
3424,0.49511003494262695
3425,0.7036778330802917
3426,0.41391435265541077
3427,0.519969642162323
3428,0.3612314462661743
3429,0.38290292024612427
3430,0.4701058566570282
3431,0.6091612577438354
3432,0.6748526692390442
3433,0.29128769040107727
3434,0.07193121314048767
3435,0.22904746234416962
3436,0.7943971753120422
3437,0.7653716802597046
3438,0.657262921333313
3439,0.47266921401023865
3440,0.4813871681690216
3441,0.3618573546409607
3442,0.6053125858306885
3443,0.698110044002533
3444,0.2110084742307663
3445,0.5429934859275818
3446,0.33575427532196045
3447,0.4167965352535248
3448,0.4769122898578644
3449,0.6558486223220825
3450,0.5970939993858337
3451,0.4281054139137268
3452,0.7898367047309875
3453,0.4676366448402405
3454,0.6404616236686707
3455,0.3619491755962372
3456,0.47184520959854126
3457,0.6150620579719543
3458,0.29896634817123413
3459,0.4969596266746521
3460,0.6133232116699219
3461,0.547482430934906
3462,0.3411851227283478
3463,0.43797746300697327
3464,0.25329098105430603
3465,0.8663655519485474
3466,0.2940306067466736
3467,0.2512538433074951
3468,0.5217012166976929
3469,0.4644274115562439
3470,0.07876967638731003
3471,0.5808939337730408
3472,0.3693443238735199
3473,0.5299504995346069
3474,0.328526109457016
3475,0.2975548803806305
3476,0.5134934782981873
3477,0.6497117280960083
3478,0.5394881963729858
3479,0.32028114795684814
3480,0.5121350288391113
3481,0.43006664514541626
3482,0.3646361529827118
3483,0.23989331722259521
3484,0.5207977294921875
3485,0.16835789382457733
3486,0.6449134349822998
3487,0.4930349886417389
3488,0.3376125991344452
3489,0.30851972103118896
3490,0.367093026638031
3491,0.3331652283668518
3492,0.13371959328651428
3493,0.5580496788024902
3494,0.48773619532585144
3495,0.3526078760623932
3496,0.3273632526397705
3497,0.44955241680145264
3498,0.4240052402019501
3499,0.34082889556884766
3500,0.27126187086105347
3501,0.3799994885921478
3502,0.4239825904369354
3503,0.5426557660102844
3504,0.4558156430721283
3505,0.48625996708869934
3506,0.44115790724754333
3507,0.32066985964775085
3508,0.8537129759788513
3509,0.5146035552024841
3510,0.6501646637916565
3511,0.46847543120384216
3512,0.2506578266620636
3513,0.34916040301322937
3514,0.5849397778511047
3515,0.3826812207698822
3516,0.3591793477535248
3517,0.39922574162483215
3518,0.07410968840122223
3519,0.6665005087852478
3520,0.3119705319404602
3521,0.7243754267692566
3522,0.4633809030056
3523,0.3935113847255707
3524,0.5363456010818481
3525,0.6044086217880249
3526,0.30664345622062683
3527,0.4731350839138031
3528,0.45152294635772705
3529,0.2059060037136078
3530,0.3593149185180664
3531,0.5423303842544556
3532,0.16379837691783905
3533,0.27229762077331543
3534,0.1948583424091339
3535,0.379134863615036
3536,0.8724074959754944
3537,0.4257949888706207
3538,0.642507791519165
3539,0.31897345185279846
3540,0.6079373359680176
3541,0.43232789635658264
3542,0.42815396189689636
3543,0.6723937392234802
3544,0.7078648805618286
3545,0.4589482843875885
3546,0.4443022310733795
3547,0.37482941150665283
3548,0.3382284939289093
3549,0.508908212184906
3550,0.35168591141700745
3551,0.34268683195114136
3552,0.2744421064853668
3553,0.3724004626274109
3554,0.34012913703918457
3555,0.43595460057258606
3556,0.5828477740287781
3557,0.4332791268825531
3558,0.5568885207176208
3559,0.42610618472099304
3560,0.3607579171657562
3561,0.7992223501205444
3562,0.3202145993709564
3563,0.2534296214580536
3564,0.06642123311758041
3565,0.6153274774551392
3566,0.26384076476097107
3567,0.23958329856395721
3568,0.3433884382247925
3569,0.25771981477737427
3570,0.38635390996932983
3571,0.32052603363990784
3572,0.16345025599002838
3573,0.4264327883720398
3574,0.6045321822166443
3575,0.48628512024879456
3576,0.40801629424095154
3577,0.31899768114089966
3578,0.4350304901599884
3579,0.6777455806732178
3580,0.4881824553012848
3581,0.3292822241783142
3582,0.5587719678878784
3583,0.5472562313079834
3584,0.6621708273887634
3585,0.534607470035553
3586,0.6168540716171265
3587,0.1942635327577591
3588,0.36402571201324463
3589,0.6636348962783813
3590,0.4127836525440216
3591,0.5610947012901306
3592,0.44400668144226074
3593,0.40462177991867065
3594,0.3176566958427429
3595,0.40659570693969727
3596,0.7147393226623535
3597,0.32551175355911255
3598,0.4646342396736145
3599,0.6640887260437012
3600,0.4494946002960205
3601,0.3497779071331024
3602,0.2792980372905731
3603,0.20928798615932465
3604,0.7884472608566284
3605,0.2886827290058136
3606,0.3955831229686737
3607,0.47257474064826965
3608,0.3788975477218628
3609,0.3842007517814636
3610,0.40631037950515747
3611,0.466914564371109
3612,0.30015286803245544
3613,0.502794623374939
3614,0.27692198753356934
3615,0.20667293667793274
3616,0.3562515079975128
3617,0.24323058128356934
3618,0.2690635025501251
3619,0.3115306496620178
3620,0.33018603920936584
3621,0.6066049337387085
3622,0.1777547299861908
3623,0.5407823920249939
3624,0.279822438955307
3625,0.5036418437957764
3626,0.40780580043792725
3627,0.245936319231987
3628,0.3348934054374695
3629,0.23468413949012756
3630,0.5657276511192322
3631,0.3390226364135742
3632,0.453723281621933
3633,0.4636273980140686
3634,0.510877251625061
3635,0.35589608550071716
3636,0.45841947197914124
3637,0.2561558485031128
3638,0.4045564532279968
3639,0.3263077437877655
3640,0.23896737396717072
3641,0.39093247056007385
3642,0.6654185652732849
3643,0.5195577144622803
3644,0.3971354067325592
3645,0.39474689960479736
3646,0.7005478739738464
3647,0.5332353711128235
3648,0.3563523292541504
3649,0.3178515136241913
3650,0.3304691016674042
3651,0.38482069969177246
3652,0.2852635383605957
3653,0.7771158218383789
3654,0.6940126419067383
3655,0.10001055896282196
3656,0.3512907028198242
3657,0.47538477182388306
3658,0.47643160820007324
3659,0.4293286204338074
3660,0.12395736575126648
3661,0.437526136636734
3662,0.5996775031089783
3663,0.3998471796512604
3664,0.6562879085540771
3665,0.6547009348869324
3666,0.5239461064338684
3667,0.4213343560695648
3668,0.043235160410404205
3669,0.4784797132015228
3670,0.22519207000732422
3671,0.6170350909233093
3672,0.15545441210269928
3673,0.37741243839263916
3674,0.5676757097244263
3675,0.7984616160392761
3676,0.5670015215873718
3677,0.6215405464172363
3678,0.523425817489624
3679,0.46590328216552734
3680,0.3634851276874542
3681,0.17532627284526825
3682,0.3904038965702057
3683,0.24394220113754272
3684,0.5611456632614136
3685,0.6717362999916077
3686,0.5197194814682007
3687,0.5930683612823486
3688,0.45891833305358887
3689,0.712356686592102
3690,0.42700856924057007
3691,0.34389930963516235
3692,0.1588231325149536
3693,0.33930909633636475
3694,0.1688041090965271
3695,0.48141273856163025
3696,0.36146384477615356
3697,0.49666091799736023
3698,0.7964731454849243
3699,0.46014082431793213
3700,0.16467241942882538
3701,0.5474646091461182
3702,0.5071438550949097
3703,0.42572563886642456
3704,0.29703205823898315
3705,0.3117903172969818
3706,0.3084068298339844
3707,0.3448200523853302
3708,0.711540699005127
3709,0.3071311414241791
3710,0.32563671469688416
3711,0.34974929690361023
3712,0.5840718150138855
3713,0.6953825950622559
3714,0.29018011689186096
3715,0.4426451623439789
3716,0.6587658524513245
3717,0.27493059635162354
3718,0.35383734107017517
3719,0.7822239995002747
3720,0.5666750073432922
3721,0.4263065755367279
3722,0.7251067757606506
3723,0.5008577704429626
3724,-0.03136690706014633
3725,0.47631585597991943
3726,0.40826353430747986
3727,0.46080371737480164
3728,0.6042239665985107
3729,0.49920299649238586
3730,0.41053637862205505
3731,0.4997742772102356
3732,0.7100332975387573
3733,0.25490033626556396
3734,0.6603328585624695
3735,0.5487135648727417
3736,0.35852551460266113
3737,0.23898041248321533
3738,0.2841692268848419
3739,0.5430609583854675
3740,0.6439769268035889
3741,0.54677414894104
3742,0.5693274736404419
3743,0.6147400140762329
3744,0.3535269796848297
3745,0.551006019115448
3746,0.4572446048259735
3747,0.10518445074558258
3748,0.4689818024635315
3749,0.35304874181747437
3750,0.688625693321228
3751,0.4084748327732086
3752,0.6408940553665161
3753,0.5143538117408752
3754,0.30658069252967834
3755,0.3516487777233124
3756,0.6995434761047363
3757,0.5184777975082397
3758,0.18861360847949982
3759,0.7446365356445312
3760,0.40338435769081116
3761,0.26281484961509705
3762,0.6392166614532471
3763,0.08835627138614655
3764,0.6480383276939392
3765,0.2072218954563141
3766,0.42486995458602905
3767,0.6395987272262573
3768,0.39925339818000793
3769,0.2176620364189148
3770,0.39581188559532166
3771,0.5006777048110962
3772,0.5531290173530579
3773,0.6574795246124268
3774,0.25875428318977356
3775,0.5588502883911133
3776,0.16508403420448303
3777,0.3239438235759735
3778,0.2797672152519226
3779,0.31371042132377625
3780,0.205051451921463
3781,0.41351228952407837
3782,0.3649294078350067
3783,0.600315511226654
3784,0.5714172720909119
3785,0.48123544454574585
3786,0.6001725792884827
3787,0.06938564777374268
3788,0.4366571307182312
3789,0.5681111812591553
3790,0.22856710851192474
3791,0.7416902184486389
3792,0.6321612596511841
3793,0.5267326831817627
3794,0.47595930099487305
3795,0.44974878430366516
3796,0.500379204750061
3797,0.28108665347099304
3798,0.4091833829879761
3799,0.32583093643188477
3800,0.5153151750564575
3801,0.4232720732688904
3802,0.34089192748069763
3803,0.4480131268501282
3804,0.6789104342460632
3805,0.46589866280555725
3806,0.721220850944519
3807,0.669609546661377
3808,0.4390237033367157
3809,0.3906726539134979
3810,0.45038387179374695
3811,0.29839351773262024
3812,0.5426130294799805
3813,0.26266178488731384
3814,0.33946341276168823
3815,0.20990535616874695
3816,0.6435086131095886
3817,0.6863787770271301
3818,0.22792215645313263
3819,0.5501720309257507
3820,0.4604649245738983
3821,0.445169597864151
3822,0.5103431940078735
3823,0.5520859956741333
3824,0.3585033416748047
3825,0.18279579281806946
3826,0.6687851548194885
3827,0.5586318969726562
3828,0.43488362431526184
3829,0.48325806856155396
3830,0.5320466160774231
3831,0.49426621198654175
3832,0.49954983592033386
3833,0.5431957244873047
3834,0.36889636516571045
3835,0.3401157259941101
3836,0.377408504486084
3837,0.18528692424297333
3838,0.17088347673416138
3839,0.4295405447483063
3840,0.43651339411735535
3841,0.5244826078414917
3842,0.5731430053710938
3843,0.603803277015686
3844,0.3240134119987488
3845,0.39916113018989563
3846,0.2303474098443985
3847,0.22878068685531616
3848,0.6577327251434326
3849,0.22587449848651886
3850,0.4799885153770447
3851,0.41028037667274475
3852,0.4675750434398651
3853,0.7433286309242249
3854,0.5586499571800232
3855,0.2562409043312073
3856,0.42826688289642334
3857,0.2465798556804657
3858,0.3015986382961273
3859,0.4311486482620239
3860,0.27859896421432495
3861,0.5271785855293274
3862,0.510125994682312
3863,0.46260005235671997
3864,0.7127546072006226
3865,0.414608359336853
3866,0.3776264190673828
3867,0.32709410786628723
3868,0.6476563215255737
3869,0.8980141878128052
3870,0.5322465896606445
3871,0.219858318567276
3872,0.3336215019226074
3873,0.6254862546920776
3874,0.46954384446144104
3875,0.524349570274353
3876,0.004016366321593523
3877,0.6138637661933899
3878,0.344148188829422
3879,0.4616791903972626
3880,0.3800618648529053
3881,0.4332294166088104
3882,0.5505750775337219
3883,0.4288947284221649
3884,0.3424503207206726
3885,0.4111661911010742
3886,0.5986762046813965
3887,0.42618757486343384
3888,0.48032841086387634
3889,0.525181770324707
3890,0.6148292422294617
3891,0.5874665975570679
3892,0.541033923625946
3893,0.3105302155017853
3894,0.501366376876831
3895,0.6057547926902771
3896,0.4003276824951172
3897,0.5269742012023926
3898,0.5855286717414856
3899,0.5139824151992798
3900,0.3953659236431122
3901,0.657884418964386
3902,0.14492490887641907
3903,0.42952680587768555
3904,0.5051991939544678
3905,0.6674548387527466
3906,0.6956894993782043
3907,0.5274057984352112
3908,0.2628958523273468
3909,0.13985714316368103
3910,0.1654888540506363
3911,0.37108099460601807
3912,0.25626567006111145
3913,0.7456073760986328
3914,0.6230818033218384
3915,0.17910875380039215
3916,0.3582543134689331
3917,0.1829860806465149
3918,0.31601864099502563
3919,0.21852165460586548
3920,0.22656424343585968
3921,0.6608728766441345
3922,0.4669433534145355
3923,0.6826462745666504
3924,0.284482479095459
3925,0.31709054112434387
3926,0.08238982409238815
3927,0.16624467074871063
3928,0.6074197888374329
3929,0.2819281220436096
3930,0.388447642326355
3931,0.5986751914024353
3932,0.7484450936317444
3933,0.48804715275764465
3934,0.4708818793296814
3935,0.5961959958076477
3936,0.23473447561264038
3937,0.41102802753448486
3938,0.3107776343822479
3939,0.33139392733573914
3940,0.5387604832649231
3941,0.5412901639938354
3942,0.7181246876716614
3943,0.44132837653160095
3944,0.25395509600639343
3945,0.6598718762397766
3946,0.5471362471580505
3947,0.3211674988269806
3948,0.36719781160354614
3949,0.400844544172287
3950,0.22181661427021027
3951,0.611108124256134
3952,0.3807598948478699
3953,0.5814223289489746
3954,0.2800861597061157
3955,0.5064858198165894
3956,0.26928749680519104
3957,0.1459336131811142
3958,0.5755903124809265
3959,0.38546332716941833
3960,0.25535348057746887
3961,0.44909796118736267
3962,0.2928411066532135
3963,0.3330858647823334
3964,0.5656960010528564
3965,0.4764243960380554
3966,0.33858048915863037
3967,0.4291824996471405
3968,0.6006582379341125
3969,0.665719211101532
3970,0.4213102459907532
3971,0.6343161463737488
3972,0.3597411513328552
3973,0.5433799028396606
3974,0.392240434885025
3975,0.6878045201301575
3976,0.39791375398635864
3977,0.7355638146400452
3978,0.35412293672561646
3979,0.4248862862586975
3980,0.37623870372772217
3981,0.5060547590255737
3982,0.7860414385795593
3983,0.33189886808395386
3984,0.37137413024902344
3985,-0.07473412901163101
3986,0.4903910458087921
3987,0.44254839420318604
3988,0.35536038875579834
3989,0.48602133989334106
3990,0.49680376052856445
3991,0.6520938277244568
3992,0.531923770904541
3993,0.5402774810791016
3994,0.4098875820636749
3995,0.46247535943984985
3996,0.5235915780067444
3997,0.48440948128700256
3998,0.4663301408290863
3999,0.3237796723842621
4000,0.6388348340988159
4001,0.4711056351661682
4002,0.8276007771492004
4003,0.5715126991271973
4004,0.48720449209213257
4005,0.3042728900909424
4006,0.5125204920768738
4007,0.4907895028591156
4008,0.18187473714351654
4009,0.7219738364219666
4010,0.25017496943473816
4011,0.38319504261016846
4012,0.6831174492835999
4013,0.4629022777080536
4014,0.5391512513160706
4015,0.40765225887298584
4016,0.405108243227005
4017,0.6211624145507812
4018,0.4679136574268341
4019,0.6819326281547546
4020,0.452522873878479
4021,0.374681293964386
4022,0.3587724268436432
4023,0.5228595733642578
4024,0.6581242680549622
4025,0.39703476428985596
4026,0.48112595081329346
4027,0.4761223793029785
4028,0.2592225968837738
4029,0.4901341497898102
4030,0.16988873481750488
4031,0.20844268798828125
4032,0.48785749077796936
4033,0.35390061140060425
4034,0.3450257480144501
4035,0.4802279472351074
4036,0.518031895160675
4037,0.35312455892562866
4038,0.4062183201313019
4039,0.49708497524261475
4040,0.36266419291496277
4041,0.8207620978355408
4042,0.5686964988708496
4043,0.3295058012008667
4044,0.33871224522590637
4045,0.544157862663269
4046,0.11449098587036133
4047,0.36495861411094666
4048,0.24382038414478302
4049,0.44950053095817566
4050,0.2831313908100128
4051,0.4117412567138672
4052,0.2807067334651947
4053,0.27557089924812317
4054,0.6100154519081116
4055,0.45680901408195496
4056,0.5600879788398743
4057,0.4322837293148041
4058,0.23681773245334625
4059,0.48208799958229065
4060,0.27541854977607727
4061,0.4663234353065491
4062,0.47001758217811584
4063,0.4198330342769623
4064,0.44574809074401855
4065,0.21168290078639984
4066,0.4591248333454132
4067,0.5757193565368652
4068,0.5271246433258057
4069,0.5725100040435791
4070,0.3625064492225647
4071,0.38172590732574463
4072,0.4609314799308777
4073,0.45620137453079224
4074,0.5279920101165771
4075,0.4944946765899658
4076,0.031184375286102295
4077,0.1444326788187027
4078,0.4972441792488098
4079,0.5212859511375427
4080,0.26857683062553406
4081,0.435573935508728
4082,0.340200275182724
4083,0.27141740918159485
4084,0.5363724827766418
4085,0.4711838662624359
4086,0.22716794908046722
4087,0.306043416261673
4088,0.3878623843193054
4089,0.5037934184074402
4090,0.6612889766693115
4091,0.0884644091129303
4092,0.4437922537326813
4093,0.24973484873771667
4094,0.5064990520477295
4095,0.6658671498298645
4096,0.4619686007499695
4097,0.4569217264652252
4098,0.5220391154289246
4099,0.4761163890361786
4100,0.428356409072876
4101,0.33794406056404114
4102,0.3438502848148346
4103,0.5153137445449829
4104,0.5560101866722107
4105,0.67023104429245
4106,0.7014808058738708
4107,0.5386142134666443
4108,0.2908138632774353
4109,0.2515561878681183
4110,0.3550736606121063
4111,0.20222234725952148
4112,0.4864310920238495
4113,0.6955486536026001
4114,0.4949280619621277
4115,0.5964769124984741
4116,0.4345584213733673
4117,0.698276698589325
4118,0.3399251103401184
4119,0.30185869336128235
4120,0.6128712296485901
4121,0.602397084236145
4122,0.3843936622142792
4123,0.5670335292816162
4124,0.44167307019233704
4125,0.7543960213661194
4126,0.1710136979818344
4127,0.5017912983894348
4128,0.8087601661682129
4129,0.4068785607814789
4130,0.5230252742767334
4131,0.4880872666835785
4132,0.8673240542411804
4133,0.658963143825531
4134,0.28365853428840637
4135,0.2920910120010376
4136,0.5075365900993347
4137,0.48624664545059204
4138,0.3219112753868103
4139,0.2877034842967987
4140,0.5002666115760803
4141,0.4051298201084137
4142,0.7724259495735168
4143,0.5495488047599792
4144,0.5178215503692627
4145,0.5569091439247131
4146,0.33173248171806335
4147,0.4768996238708496
4148,0.12711156904697418
4149,0.5235844254493713
4150,0.5900982618331909
4151,0.3152921497821808
4152,0.7840871214866638
4153,0.5995801687240601
4154,0.2287602573633194
4155,0.5988305807113647
4156,0.3176502585411072
4157,0.23744769394397736
4158,0.3139219880104065
4159,0.2533206641674042
4160,0.29077422618865967
4161,0.4820573031902313
4162,0.3767048716545105
4163,0.36221471428871155
4164,0.4448428750038147
4165,0.713610827922821
4166,0.22351303696632385
4167,0.3202604353427887
4168,0.43502116203308105
4169,0.2792451083660126
4170,0.38237258791923523
4171,0.4779587388038635
4172,0.5355414152145386
4173,0.3819054067134857
4174,0.29517433047294617
4175,0.24023865163326263
4176,0.4234572649002075
4177,0.5129561424255371
4178,0.4796605408191681
4179,0.5402253866195679
4180,0.3333795666694641
4181,0.5830143690109253
4182,0.3813476264476776
4183,0.3508132994174957
4184,0.4298132658004761
4185,0.38830673694610596
4186,0.6708395481109619
4187,0.37928202748298645
4188,0.46617424488067627
4189,0.293100506067276
4190,0.32693469524383545
4191,0.19662445783615112
4192,0.578217625617981
4193,0.29850640892982483
4194,0.4678850769996643
4195,0.5614178776741028
4196,0.4799444079399109
4197,0.17442627251148224
4198,0.47180986404418945
4199,0.5883360505104065
4200,0.6624802947044373
4201,0.31741800904273987
4202,0.4444241225719452
4203,0.5022796392440796
4204,0.43062475323677063
4205,0.3876299262046814
4206,0.3857424259185791
4207,0.44285228848457336
4208,0.3093371093273163
4209,0.3510938584804535
4210,0.061121176928281784
4211,0.4054640531539917
4212,0.47853362560272217
4213,0.5065097808837891
4214,0.471508651971817
4215,0.5476803183555603
4216,0.40021342039108276
4217,0.11085258424282074
4218,0.24212561547756195
4219,0.3892044425010681
4220,0.7693363428115845
4221,0.2861657440662384
4222,0.3107815384864807
4223,0.8674705624580383
4224,0.39737558364868164
4225,0.7711259126663208
4226,0.7046601176261902
4227,0.08890371769666672
4228,0.472392737865448
4229,0.3681161403656006
4230,0.323593407869339
4231,0.5584819912910461
4232,0.43150895833969116
4233,0.3545575737953186
4234,0.6829900741577148
4235,0.20757606625556946
4236,0.5490609407424927
4237,0.36196473240852356
4238,0.5382102727890015
4239,0.3757694661617279
4240,0.3946770131587982
4241,0.5407970547676086
4242,0.5116669535636902
4243,0.4386746883392334
4244,0.4764673709869385
4245,0.7427818775177002
4246,0.12707839906215668
4247,0.4216063618659973
4248,0.4469359815120697
4249,0.6443173885345459
4250,0.42274150252342224
4251,0.39758333563804626
4252,0.449070006608963
4253,0.2055208534002304
4254,0.23158840835094452
4255,0.20695461332798004
4256,0.3294351398944855
4257,0.29814258217811584
4258,0.1459900587797165
4259,0.6655556559562683
4260,0.6077537536621094
4261,0.4924417734146118
4262,0.4847518801689148
4263,0.5768132209777832
4264,0.46428975462913513
4265,0.30375319719314575
4266,0.46128684282302856
4267,0.389478862285614
4268,0.2481015920639038
4269,0.1864510476589203
4270,0.345244824886322
4271,0.5063713192939758
4272,0.4655589163303375
4273,0.20200546085834503
4274,0.1444917619228363
4275,0.4438994824886322
4276,0.72760409116745
4277,0.4561634361743927
4278,0.6639769673347473
4279,0.5573311448097229
4280,0.12414026260375977
4281,0.10286767780780792
4282,0.6527289748191833
4283,0.3535546362400055
4284,0.3415357768535614
4285,0.5774146318435669
4286,0.4637863337993622
4287,0.7079928517341614
4288,0.4092295467853546
4289,0.6147323846817017
4290,0.25501748919487
4291,0.24024498462677002
4292,0.4584072530269623
4293,0.5566709041595459
4294,0.42123302817344666
4295,0.4824393093585968
4296,0.4668419063091278
4297,0.7961639761924744
4298,0.09996967017650604
4299,0.23325598239898682
4300,0.4856647253036499
4301,0.6079320907592773
4302,0.5777411460876465
4303,0.6190080642700195
4304,0.45074811577796936
4305,0.4775405824184418
4306,0.20720793306827545
4307,0.42735055088996887
4308,0.5234087109565735
4309,0.5648573040962219
4310,0.673507571220398
4311,0.4648438096046448
4312,0.37811148166656494
4313,0.38806816935539246
4314,0.15278594195842743
4315,0.35682037472724915
4316,0.3752659261226654
4317,0.43624985218048096
4318,0.5071243643760681
4319,0.3780058026313782
4320,0.34713688492774963
4321,0.4045025706291199
4322,0.5857459306716919
4323,0.6174619793891907
4324,0.3950282037258148
4325,0.40403375029563904
4326,0.48010653257369995
4327,0.6591721177101135
4328,0.48474982380867004
4329,0.29767370223999023
4330,0.4994679391384125
4331,0.576248288154602
4332,0.5318703055381775
4333,0.47662800550460815
4334,0.47392088174819946
4335,0.7549878358840942
4336,0.27840691804885864
4337,0.49276119470596313
4338,0.23067478835582733
4339,0.5229693651199341
4340,0.39098605513572693
4341,0.6536462306976318
4342,0.3370072841644287
4343,0.3930460214614868
4344,0.3333677351474762
4345,0.24310241639614105
4346,0.18086491525173187
4347,0.27586129307746887
4348,0.674209713935852
4349,0.41618481278419495
4350,0.5975552797317505
4351,0.6445704698562622
4352,0.6860420107841492
4353,0.4478442072868347
4354,0.7319155931472778
4355,0.6623585820198059
4356,0.3504447042942047
4357,0.4174686670303345
4358,0.24015654623508453
4359,0.4192110300064087
4360,0.5920707583427429
4361,0.1493699997663498
4362,0.5674379467964172
4363,0.525883674621582
4364,0.16191790997982025
4365,0.2547171115875244
4366,0.5045373439788818
4367,0.4780445992946625
4368,0.36625444889068604
4369,0.2794007658958435
4370,0.87225741147995
4371,0.2580556273460388
4372,0.5472508668899536
4373,0.5461330413818359
4374,0.28113681077957153
4375,0.3580203950405121
4376,0.45579153299331665
4377,0.2602696418762207
4378,0.7918043732643127
4379,0.30958467721939087
4380,0.3614024221897125
4381,0.5951173901557922
4382,0.5652467012405396
4383,0.43406951427459717
4384,0.4474472105503082
4385,0.5551201105117798
4386,0.646084725856781
4387,0.17708425223827362
4388,0.31583863496780396
4389,0.16723531484603882
4390,0.5400176644325256
4391,0.5795547366142273
4392,0.4769537150859833
4393,0.3774431347846985
4394,0.5778008103370667
4395,0.7952925562858582
4396,0.258506178855896
4397,0.6520004272460938
4398,0.511664867401123
4399,0.6818428039550781
4400,0.379476934671402
4401,0.48135969042778015
4402,0.4225755035877228
4403,0.3831656575202942
4404,0.38027119636535645
4405,0.6524257659912109
4406,0.47029489278793335
4407,0.5335615873336792
4408,0.3656546473503113
4409,0.45118895173072815
4410,0.37451645731925964
4411,0.5821356177330017
4412,0.6273627877235413
4413,0.4888254702091217
4414,0.21191978454589844
4415,0.38047757744789124
4416,0.45377424359321594
4417,0.3083738088607788
4418,0.26336124539375305
4419,0.3231911063194275
4420,0.20096832513809204
4421,0.4499439597129822
4422,0.38230252265930176
4423,0.3024277687072754
4424,0.4316008388996124
4425,0.23231889307498932
4426,0.42929357290267944
4427,0.46107929944992065
4428,0.5393719673156738
4429,0.8901510238647461
4430,0.4478638768196106
4431,0.6596982479095459
4432,0.37630608677864075
4433,0.49063071608543396
4434,0.6260944604873657
4435,0.7383388876914978
4436,0.3425957262516022
4437,0.25058192014694214
4438,0.35843437910079956
4439,0.3764212429523468
4440,0.0808047205209732
4441,0.5216450691223145
4442,0.26287412643432617
4443,0.481187105178833
4444,0.6096498370170593
4445,0.3799062967300415
4446,0.5679844617843628
4447,0.2987029552459717
4448,0.5917612910270691
4449,0.5423981547355652
4450,0.4785331189632416
4451,0.5055364370346069
4452,0.5960590243339539
4453,0.5629130005836487
4454,0.5412651300430298
4455,0.5656747817993164
4456,0.4718141257762909
4457,0.3782551884651184
4458,0.4870268702507019
4459,0.6626951694488525
4460,0.3878450393676758
4461,0.5514248609542847
4462,0.22812725603580475
4463,0.5495381951332092
4464,0.44183477759361267
4465,0.37864795327186584
4466,0.23220142722129822
4467,0.3607846200466156
4468,0.49972090125083923
4469,0.7224236726760864
4470,0.36224445700645447
4471,0.5308181047439575
4472,0.4686828851699829
4473,0.633303165435791
4474,0.5326845049858093
4475,0.42166393995285034
4476,0.46714434027671814
4477,0.5310249328613281
4478,0.6499437689781189
4479,0.36202844977378845
4480,0.6549668312072754
4481,0.40530017018318176
4482,0.22826090455055237
4483,0.48699963092803955
4484,0.8253055810928345
4485,0.22950612008571625
4486,0.4357534646987915
4487,0.1420273780822754
4488,0.5914153456687927
4489,0.3849140703678131
4490,0.33917883038520813
4491,0.2949475646018982
4492,0.5782986879348755
4493,0.5260493159294128
4494,0.22453178465366364
4495,0.3484863042831421
4496,0.2592640519142151
4497,0.5078635811805725
4498,0.530471920967102
4499,0.3816382884979248
4500,0.3257792592048645
4501,0.4910055994987488
4502,0.18163910508155823
4503,0.2841827869415283
4504,0.21874414384365082
4505,0.3391963243484497
4506,0.3237725496292114
4507,0.2188195139169693
4508,0.6073064804077148
4509,0.2964785099029541
4510,0.782357394695282
4511,0.4863066077232361
4512,0.126806378364563
4513,0.2956940233707428
4514,0.5710317492485046
4515,0.361127644777298
4516,0.23478896915912628
4517,0.6738033890724182
4518,0.5112100839614868
4519,0.537316620349884
4520,0.2475125789642334
4521,0.6483769416809082
4522,0.5669514536857605
4523,0.7188233733177185
4524,0.31570419669151306
4525,0.41518592834472656
4526,0.4671969413757324
4527,0.09306667745113373
4528,0.364744633436203
4529,0.42989131808280945
4530,0.5617942810058594
4531,0.4272690415382385
4532,0.1859644651412964
4533,0.36023202538490295
4534,0.29112008213996887
4535,0.2730868458747864
4536,0.13925936818122864
4537,0.32002079486846924
4538,0.5834221243858337
4539,0.5458775162696838
4540,0.6121617555618286
4541,0.40460872650146484
4542,0.1710994690656662
4543,0.5645235776901245
4544,0.1905868798494339
4545,0.23724445700645447
4546,0.5111295580863953
4547,0.5056480765342712
4548,0.21017584204673767
4549,0.4817231297492981
4550,0.5074160099029541
4551,0.25033894181251526
4552,0.651819109916687
4553,0.5841735005378723
4554,0.3059186041355133
4555,0.2935958206653595
4556,0.3575098216533661
4557,0.5662816762924194
4558,0.1840112805366516
4559,0.5654407143592834
4560,0.5743581056594849
4561,0.31114810705184937
4562,0.6456963419914246
4563,0.4965659976005554
4564,0.8222522139549255
4565,0.6877173185348511
4566,0.3131103813648224
4567,0.6121852993965149
4568,0.48250797390937805
4569,0.48007431626319885
4570,0.3165135979652405
4571,0.21102388203144073
4572,0.4636897146701813
4573,0.4166559875011444
4574,0.49438637495040894
4575,0.3529539704322815
4576,0.6859477758407593
4577,0.36006587743759155
4578,0.6519943475723267
4579,0.4966238737106323
4580,0.6527842879295349
4581,0.6592655777931213
4582,0.47266536951065063
4583,0.3239164650440216
4584,0.4546666443347931
4585,0.608977198600769
4586,0.6372802257537842
4587,0.5583921074867249
4588,0.4614940285682678
4589,0.3714092969894409
4590,0.4727558195590973
4591,0.5163503885269165
4592,0.3799976408481598
4593,0.39862504601478577
4594,0.48114854097366333
4595,0.3725178837776184
4596,0.6605368256568909
4597,0.1516588032245636
4598,0.38458865880966187
4599,0.4107421338558197
4600,0.3192290663719177
4601,0.7712981700897217
4602,0.453204482793808
4603,0.22114025056362152
4604,0.06237167492508888
4605,0.39171794056892395
4606,0.5075506567955017
4607,0.4367315173149109
4608,0.2420135885477066
4609,0.13282565772533417
4610,0.21145747601985931
4611,0.45098191499710083
4612,0.3944881558418274
4613,0.36472272872924805
4614,0.8307086229324341
4615,0.5337875485420227
4616,0.4747275412082672
4617,0.38179272413253784
4618,0.36449792981147766
4619,0.482827365398407
4620,0.4124373197555542
4621,0.3515359163284302
4622,0.5191686153411865
4623,0.31867876648902893
4624,0.28744590282440186
4625,0.6674748063087463
4626,0.32851865887641907
4627,0.5985721945762634
4628,0.3668517768383026
4629,0.45868176221847534
4630,0.4565950036048889
4631,0.4341621994972229
4632,0.39227598905563354
4633,0.7444279193878174
4634,0.5473120212554932
4635,0.2525225579738617
4636,0.5141748189926147
4637,0.5438196063041687
4638,0.20658142864704132
4639,0.25475579500198364
4640,0.37283238768577576
4641,0.38160550594329834
4642,0.6335362792015076
4643,0.8478898406028748
4644,0.3178570866584778
4645,0.2512107491493225
4646,0.5563966631889343
4647,0.3545154929161072
4648,0.3806992769241333
4649,0.6784681081771851
4650,0.38329488039016724
4651,0.5247511863708496
4652,0.44018006324768066
4653,0.6074538230895996
4654,0.685799241065979
4655,0.4114631712436676
4656,0.535178005695343
4657,0.48706838488578796
4658,0.41044601798057556
4659,0.4155316948890686
4660,0.7732723951339722
4661,-0.00013380374002736062
4662,0.7639134526252747
4663,0.4156206250190735
4664,0.6101418137550354
4665,0.4591721296310425
4666,0.6703996062278748
4667,0.39476582407951355
4668,0.2651035189628601
4669,0.5525076389312744
4670,0.5338463187217712
4671,0.8452610969543457
4672,0.349628210067749
4673,0.5803359150886536
4674,0.5162022113800049
4675,0.5559023022651672
4676,0.22569097578525543
4677,0.1701040118932724
4678,0.49585428833961487
4679,0.312681645154953
4680,0.6041310429573059
4681,0.5161591172218323
4682,0.7288581132888794
4683,0.3487545847892761
4684,0.1456993669271469
4685,0.28283172845840454
4686,0.4517563581466675
4687,0.41573575139045715
4688,0.24297930300235748
4689,0.2744496762752533
4690,0.15761029720306396
4691,0.3779642581939697
4692,0.5634264349937439
4693,0.2475881278514862
4694,0.5055047273635864
4695,0.5874631404876709
4696,0.5247400999069214
4697,0.4947358965873718
4698,0.4013368785381317
4699,0.7423624396324158
4700,0.29083800315856934
4701,0.43559613823890686
4702,0.36953768134117126
4703,0.5480506420135498
4704,0.8973592519760132
4705,0.5896371603012085
4706,0.46682271361351013
4707,0.42360439896583557
4708,0.44166114926338196
4709,0.3887158930301666
4710,0.3687898516654968
4711,0.5420753955841064
4712,0.3484795093536377
4713,0.6595967411994934
4714,0.24669475853443146
4715,0.5136289596557617
4716,0.24969947338104248
4717,0.2785350978374481
4718,0.37389811873435974
4719,0.5566504597663879
4720,0.5450607538223267
4721,0.44358813762664795
4722,0.5047683715820312
4723,0.43538129329681396
4724,0.46587446331977844
4725,0.29385605454444885
4726,0.4447365701198578
4727,0.2810925841331482
4728,0.38078880310058594
4729,0.6536124348640442
4730,0.6045730113983154
4731,0.27104490995407104
4732,0.32098710536956787
4733,0.29197898507118225
4734,0.30136561393737793
4735,0.7745004892349243
4736,0.3737291395664215
4737,0.5636138916015625
4738,0.2623531222343445
4739,0.3658179044723511
4740,0.4241964817047119
4741,0.4949077069759369
4742,0.2938956320285797
4743,0.013802972622215748
4744,0.5742424130439758
4745,0.34276798367500305
4746,0.2477082759141922
4747,0.4940381646156311
4748,0.7406077980995178
4749,0.663780927658081
4750,0.6188145279884338
4751,0.811154305934906
4752,0.7609756588935852
4753,0.3552703261375427
4754,0.8472898006439209
4755,0.5189767479896545
4756,0.1685267835855484
4757,0.417760968208313
4758,0.43969619274139404
4759,0.2731187045574188
4760,0.4536655843257904
4761,0.5625821948051453
4762,0.37937402725219727
4763,0.47934308648109436
4764,0.3581045866012573
4765,0.17050111293792725
4766,0.5598372220993042
4767,0.22802047431468964
4768,0.23103059828281403
4769,0.19172298908233643
4770,0.1349581927061081
4771,0.5486298203468323
4772,0.4095625877380371
4773,0.4909667372703552
4774,0.3429030179977417
4775,0.3087778091430664
4776,0.3873867988586426
4777,0.45079368352890015
4778,0.6893741488456726
4779,0.4205995798110962
4780,0.38279831409454346
4781,0.5541406869888306
4782,0.43595385551452637
4783,0.4855848550796509
4784,0.3805600702762604
4785,0.5169538259506226
4786,0.5793022513389587
4787,0.08812640607357025
4788,0.5574600696563721
4789,0.3428109288215637
4790,0.48149845004081726
4791,0.21874336898326874
4792,0.798470139503479
4793,0.5902189612388611
4794,0.46410563588142395
4795,0.45153555274009705
4796,0.6119375824928284
4797,0.3446226716041565
4798,0.3160635828971863
4799,0.24702660739421844
4800,0.4813583195209503
4801,0.6072613596916199
4802,0.3560684025287628
4803,0.31657522916793823
4804,0.393576055765152
4805,0.5099698305130005
4806,0.30541348457336426
4807,0.581367015838623
4808,0.559758722782135
4809,0.5364170074462891
4810,0.2916392683982849
4811,0.570989727973938
4812,0.45288899540901184
4813,0.6466501951217651
4814,0.38843610882759094
4815,0.39120376110076904
4816,0.5853043794631958
4817,0.42781391739845276
4818,0.46178916096687317
4819,0.3481753468513489
4820,0.5785073637962341
4821,0.24981410801410675
4822,0.3964553773403168
4823,0.2116168737411499
4824,0.46515849232673645
4825,0.7104096412658691
4826,0.45265841484069824
4827,0.8878893852233887
4828,0.2696111798286438
4829,0.25161319971084595
4830,0.3809349536895752
4831,0.4305350184440613
4832,0.7697071433067322
4833,0.44327279925346375
4834,0.3790600895881653
4835,0.6210457682609558
4836,0.5855486392974854
4837,0.6081041693687439
4838,0.21444202959537506
4839,0.5539810061454773
4840,0.5994515419006348
4841,0.5490060448646545
4842,0.37496206164360046
4843,0.21496327221393585
4844,0.5185325741767883
4845,0.478607177734375
4846,0.09123938530683517
4847,0.5847926139831543
4848,0.29026922583580017
4849,0.6011937856674194
4850,0.6458389759063721
4851,0.41459453105926514
4852,0.25720685720443726
4853,0.5701562166213989
4854,0.5565459728240967
4855,0.47681814432144165
4856,0.6719807982444763
4857,0.4564110040664673
4858,0.5690215229988098
4859,0.31641697883605957
4860,0.3347380459308624
4861,0.36478984355926514
4862,0.4544277787208557
4863,0.43599987030029297
4864,0.6220138669013977
4865,0.454984188079834
4866,0.5284047722816467
4867,0.2906346321105957
4868,0.33616185188293457
4869,0.26056769490242004
4870,0.49615851044654846
4871,0.7442314624786377
4872,0.6490076184272766
4873,0.49536383152008057
4874,0.5585790276527405
4875,0.3397168815135956
4876,0.48078519105911255
4877,0.2886045277118683
4878,0.559481143951416
4879,0.6716273427009583
4880,0.38832327723503113
4881,0.4394051134586334
4882,0.19463077187538147
4883,0.47864553332328796
4884,0.5531711578369141
4885,0.4587741792201996
4886,0.37013688683509827
4887,0.20527958869934082
4888,0.5177611708641052
4889,0.26605382561683655
4890,0.7043182849884033
4891,0.3533155620098114
4892,0.3802673816680908
4893,0.7237756848335266
4894,0.5757351517677307
4895,0.5811174511909485
