protein,AARS_K562,AATF_K562,ABCF1_K562,AGGF1_HepG2,AGGF1_K562,AKAP1_HepG2,AKAP1_K562,AKAP8L_K562,APOBEC3C_K562,AQR_HepG2,AQR_K562,BCCIP_HepG2,BCLAF1_HepG2,BUD13_HepG2,BUD13_K562,CDC40_HepG2,CPEB4_K562,CPSF6_K562,CSTF2_HepG2,CSTF2T_HepG2,CSTF2T_K562,DDX21_K562,DDX24_K562,DDX3X_HepG2,DDX3X_K562,DDX42_K562,DDX51_K562,DDX52_HepG2,DDX52_K562,DDX55_HepG2,DDX55_K562,DDX59_HepG2,DDX6_HepG2,DDX6_K562,DGCR8_HepG2,DGCR8_K562,DHX30_HepG2,DHX30_K562,DKC1_HepG2,DROSHA_HepG2,DROSHA_K562,EFTUD2_HepG2,EFTUD2_K562,EIF3D_HepG2,EIF3G_K562,EIF3H_HepG2,EIF4G2_K562,EWSR1_K562,EXOSC5_HepG2,EXOSC5_K562,FAM120A_HepG2,FAM120A_K562,FASTKD2_HepG2,FASTKD2_K562,FKBP4_HepG2,FMR1_K562,FTO_HepG2,FTO_K562,FUBP3_HepG2,FUS_HepG2,FUS_K562,FXR1_K562,FXR2_HepG2,FXR2_K562,G3BP1_HepG2,GEMIN5_K562,GNL3_K562,GPKOW_K562,GRSF1_HepG2,GRWD1_HepG2,GRWD1_K562,GTF2F1_HepG2,GTF2F1_K562,HLTF_HepG2,HLTF_K562,HNRNPA1_HepG2,HNRNPA1_K562,HNRNPC_HepG2,HNRNPC_K562,HNRNPK_HepG2,HNRNPK_K562,HNRNPL_HepG2,HNRNPL_K562,HNRNPM_HepG2,HNRNPM_K562,HNRNPU_HepG2,HNRNPU_K562,HNRNPUL1_HepG2,HNRNPUL1_K562,IGF2BP1_HepG2,IGF2BP1_K562,IGF2BP2_K562,IGF2BP3_HepG2,ILF3_HepG2,ILF3_K562,KHDRBS1_K562,KHSRP_HepG2,KHSRP_K562,LARP4_HepG2,LARP4_K562,LARP7_HepG2,LARP7_K562,LIN28B_HepG2,LIN28B_K562,LSM11_HepG2,LSM11_K562,MATR3_HepG2,MATR3_K562,METAP2_K562,MTPAP_K562,NCBP2_HepG2,NCBP2_K562,NIP7_HepG2,NIPBL_K562,NKRF_HepG2,NOL12_HepG2,NOLC1_HepG2,NOLC1_K562,NONO_K562,NPM1_K562,NSUN2_K562,PABPC4_K562,PABPN1_HepG2,PCBP1_HepG2,PCBP1_K562,PCBP2_HepG2,PHF6_K562,POLR2G_HepG2,PPIG_HepG2,PPIL4_K562,PRPF4_HepG2,PRPF8_HepG2,PRPF8_K562,PTBP1_HepG2,PTBP1_K562,PUM1_K562,PUM2_K562,PUS1_K562,QKI_HepG2,QKI_K562,RBFOX2_HepG2,RBFOX2_K562,RBM15_HepG2,RBM15_K562,RBM22_HepG2,RBM22_K562,RBM5_HepG2,RPS11_K562,RPS3_HepG2,RPS3_K562,SAFB_HepG2,SAFB_K562,SAFB2_K562,SBDS_K562,SDAD1_HepG2,SDAD1_K562,SERBP1_K562,SF3A3_HepG2,SF3B1_K562,SF3B4_HepG2,SF3B4_K562,SFPQ_HepG2,SLBP_K562,SLTM_HepG2,SLTM_K562,SMNDC1_HepG2,SMNDC1_K562,SND1_HepG2,SND1_K562,SRSF1_HepG2,SRSF1_K562,SRSF7_HepG2,SRSF7_K562,SRSF9_HepG2,SSB_HepG2,SSB_K562,STAU2_HepG2,SUB1_HepG2,SUGP2_HepG2,SUPV3L1_HepG2,SUPV3L1_K562,TAF15_HepG2,TAF15_K562,TARDBP_K562,TBRG4_HepG2,TBRG4_K562,TIA1_HepG2,TIA1_K562,TIAL1_HepG2,TRA2A_HepG2,TRA2A_K562,TROVE2_HepG2,TROVE2_K562,U2AF1_HepG2,U2AF1_K562,U2AF2_HepG2,U2AF2_K562,UCHL5_HepG2,UCHL5_K562,UPF1_HepG2,UPF1_K562,UTP18_HepG2,UTP18_K562,UTP3_K562,WDR3_K562,WDR43_HepG2,WDR43_K562,WRN_K562,XPO5_HepG2,XRCC6_HepG2,XRCC6_K562,XRN2_HepG2,XRN2_K562,YBX3_HepG2,YBX3_K562,YWHAG_K562,ZC3H11A_HepG2,ZC3H11A_K562,ZC3H8_K562,ZNF622_K562,ZNF800_HepG2,ZNF800_K562,ZRANB2_K562
AARS_K562,1.0,1.0,1.0,1.0,1.0,1.0,1.0,1.0,1.0,1.0,1.0,1.0,0.99874306,1.0,1.0,1.0,1.0,1.0,1.0,1.0,1.0,1.0,1.0,1.0,0.9969827,1.0,1.0,1.0,1.0,0.9907125,1.0,1.0,1.0,1.0,1.0,0.9450228,1.0,1.0,1.0,1.0,1.0,1.0,1.0,1.0,1.0,1.0,1.0,1.0,0.99101704,1.0,1.0,1.0,1.0,1.0,1.0,1.0,0.99995613,1.0,1.0,1.0,1.0,1.0,1.0,1.0,1.0,1.0,1.0,1.0,1.0,0.9869788,1.0,1.0,1.0,1.0,1.0,1.0,1.0,1.0,1.0,1.0,1.0,1.0,1.0,1.0,1.0,0.99192286,1.0,1.0,1.0,1.0,0.999999,0.99999994,1.0,1.0,0.98761225,1.0,1.0,1.0,1.0,1.0,1.0,1.0,1.0,1.0,1.0,0.97468305,1.0,1.0,1.0,1.0,1.0,1.0,1.0,1.0,1.0,1.0,1.0,1.0,0.9521908,1.0,1.0,1.0,0.99594486,1.0,1.0,1.0,1.0,1.0,1.0,1.0,1.0,1.0,1.0,1.0,1.0,1.0,1.0,1.0,1.0,1.0,1.0,1.0,1.0,1.0,1.0,1.0,1.0,1.0,1.0,1.0,1.0,1.0,1.0,1.0,1.0,1.0,1.0,1.0,1.0,1.0,1.0,1.0,1.0,1.0,1.0,1.0,1.0,0.9828627,1.0,1.0,1.0,0.93813276,1.0,1.0,1.0,1.0,1.0,1.0,1.0,1.0,1.0,1.0,1.0,0.9994196,1.0,1.0,1.0,1.0,1.0,1.0,1.0,1.0,1.0,1.0,1.0,1.0,1.0,1.0,1.0,1.0,1.0,1.0,1.0,1.0,1.0,1.0,1.0,1.0,1.0,1.0,1.0,1.0,1.0,1.0,0.9937815,1.0,1.0,1.0,1.0,0.9842461,1.0,1.0,1.0
AATF_K562,1.0,1.0,1.0,1.0,1.0,1.0,1.0,1.0,1.0,1.0,1.0,1.0,0.998743,1.0,1.0,1.0,1.0,1.0,1.0,1.0,1.0,1.0,1.0,1.0,0.9969827,1.0,1.0,1.0,1.0,0.99071246,1.0,1.0,1.0,1.0,1.0,0.94502294,1.0,1.0,1.0,1.0,1.0,1.0,1.0,1.0,1.0,1.0,1.0,1.0,0.9910171,1.0,1.0,1.0,1.0,1.0,1.0,1.0,0.99995613,1.0,1.0,1.0,1.0,1.0,1.0,1.0,1.0,1.0,1.0,1.0,1.0,0.98697877,1.0,1.0,1.0,1.0,1.0,1.0,1.0,1.0,1.0,1.0,1.0,1.0,1.0,1.0,1.0,0.9919229,1.0,1.0,1.0,1.0,0.999999,0.99999994,1.0,1.0,0.9876123,1.0,1.0,1.0,1.0,1.0,1.0,1.0,1.0,1.0,1.0,0.97468317,1.0,1.0,1.0,1.0,1.0,1.0,1.0,1.0,1.0,1.0,1.0,1.0,0.95219094,1.0,1.0,1.0,0.9959448,1.0,1.0,1.0,1.0,1.0,1.0,1.0,1.0,1.0,1.0,1.0,1.0,1.0,1.0,1.0,1.0,1.0,1.0,1.0,1.0,1.0,1.0,1.0,1.0,1.0,1.0,1.0,1.0,1.0,1.0,1.0,1.0,1.0,1.0,1.0,1.0,1.0,1.0,1.0,1.0,1.0,1.0,1.0,1.0,0.98286265,1.0,1.0,1.0,0.93813264,1.0,1.0,1.0,1.0,1.0,1.0,1.0,1.0,1.0,1.0,1.0,0.9994196,1.0,1.0,1.0,1.0,1.0,1.0,1.0,1.0,1.0,1.0,1.0,1.0,1.0,1.0,1.0,1.0,1.0,1.0,1.0,1.0,1.0,1.0,1.0,1.0,1.0,1.0,1.0,1.0,1.0,1.0,0.99378145,1.0,1.0,1.0,1.0,0.984246,1.0,1.0,1.0
ABCF1_K562,1.0,1.0,1.0,1.0,1.0,1.0,1.0,1.0,1.0,1.0,1.0,1.0,0.998743,1.0,1.0,1.0,1.0,1.0,1.0,1.0,1.0,1.0,1.0,1.0,0.9969827,1.0,1.0,1.0,1.0,0.99071246,1.0,1.0,1.0,1.0,1.0,0.945023,1.0,1.0,1.0,1.0,1.0,1.0,1.0,1.0,1.0,1.0,1.0,1.0,0.99101716,1.0,1.0,1.0,1.0,1.0,1.0,1.0,0.99995613,1.0,1.0,1.0,1.0,1.0,1.0,1.0,1.0,1.0,1.0,1.0,1.0,0.98697877,1.0,1.0,1.0,1.0,1.0,1.0,1.0,1.0,1.0,1.0,1.0,1.0,1.0,1.0,1.0,0.9919229,1.0,1.0,1.0,1.0,0.999999,0.99999994,1.0,1.0,0.9876123,1.0,1.0,1.0,1.0,1.0,1.0,1.0,1.0,1.0,1.0,0.97468317,1.0,1.0,1.0,1.0,1.0,1.0,1.0,1.0,1.0,1.0,1.0,1.0,0.95219094,1.0,1.0,1.0,0.9959448,1.0,1.0,1.0,1.0,1.0,1.0,1.0,1.0,1.0,1.0,1.0,1.0,1.0,1.0,1.0,1.0,1.0,1.0,1.0,1.0,1.0,1.0,1.0,1.0,1.0,1.0,1.0,1.0,1.0,1.0,1.0,1.0,1.0,1.0,1.0,1.0,1.0,1.0,1.0,1.0,1.0,1.0,1.0,1.0,0.98286265,1.0,1.0,1.0,0.9381326,1.0,1.0,1.0,1.0,1.0,1.0,1.0,1.0,1.0,1.0,1.0,0.9994196,1.0,1.0,1.0,1.0,1.0,1.0,1.0,1.0,1.0,1.0,1.0,1.0,1.0,1.0,1.0,1.0,1.0,1.0,1.0,1.0,1.0,1.0,1.0,1.0,1.0,1.0,1.0,1.0,1.0,1.0,0.99378145,1.0,1.0,1.0,1.0,0.984246,1.0,1.0,1.0
AGGF1_HepG2,1.0,1.0,1.0,1.0,1.0,1.0,1.0,1.0,1.0,1.0,1.0,1.0,0.998743,1.0,1.0,1.0,1.0,1.0,1.0,1.0,1.0,1.0,1.0,1.0,0.9969827,1.0,1.0,1.0,1.0,0.9907124,1.0,1.0,1.0,1.0,1.0,0.945023,1.0,1.0,1.0,1.0,1.0,1.0,1.0,1.0,1.0,1.0,1.0,1.0,0.99101716,1.0,1.0,1.0,1.0,1.0,1.0,1.0,0.99995613,1.0,1.0,1.0,1.0,1.0,1.0,1.0,1.0,1.0,1.0,1.0,1.0,0.9869787,1.0,1.0,1.0,1.0,1.0,1.0,1.0,1.0,1.0,1.0,1.0,1.0,1.0,1.0,1.0,0.9919229,1.0,1.0,1.0,1.0,0.999999,0.99999994,1.0,1.0,0.9876123,1.0,1.0,1.0,1.0,1.0,1.0,1.0,1.0,1.0,1.0,0.97468317,1.0,1.0,1.0,1.0,1.0,1.0,1.0,1.0,1.0,1.0,1.0,1.0,0.952191,1.0,1.0,1.0,0.9959448,1.0,1.0,1.0,1.0,1.0,1.0,1.0,1.0,1.0,1.0,1.0,1.0,1.0,1.0,1.0,1.0,1.0,1.0,1.0,1.0,1.0,1.0,1.0,1.0,1.0,1.0,1.0,1.0,1.0,1.0,1.0,1.0,1.0,1.0,1.0,1.0,1.0,1.0,1.0,1.0,1.0,1.0,1.0,1.0,0.98286265,1.0,1.0,1.0,0.9381326,1.0,1.0,1.0,1.0,1.0,1.0,1.0,1.0,1.0,1.0,1.0,0.9994196,1.0,1.0,1.0,1.0,1.0,1.0,1.0,1.0,1.0,1.0,1.0,1.0,1.0,1.0,1.0,1.0,1.0,1.0,1.0,1.0,1.0,1.0,1.0,1.0,1.0,1.0,1.0,1.0,1.0,1.0,0.99378145,1.0,1.0,1.0,1.0,0.984246,1.0,1.0,1.0
AGGF1_K562,1.0,1.0,1.0,1.0,1.0,1.0,1.0,1.0,1.0,1.0,1.0,1.0,0.998743,1.0,1.0,1.0,1.0,1.0,1.0,1.0,1.0,1.0,1.0,1.0,0.9969827,1.0,1.0,1.0,1.0,0.99071246,1.0,1.0,1.0,1.0,1.0,0.94502294,1.0,1.0,1.0,1.0,1.0,1.0,1.0,1.0,1.0,1.0,1.0,1.0,0.9910171,1.0,1.0,1.0,1.0,1.0,1.0,1.0,0.99995613,1.0,1.0,1.0,1.0,1.0,1.0,1.0,1.0,1.0,1.0,1.0,1.0,0.98697877,1.0,1.0,1.0,1.0,1.0,1.0,1.0,1.0,1.0,1.0,1.0,1.0,1.0,1.0,1.0,0.9919229,1.0,1.0,1.0,1.0,0.999999,0.99999994,1.0,1.0,0.9876123,1.0,1.0,1.0,1.0,1.0,1.0,1.0,1.0,1.0,1.0,0.97468317,1.0,1.0,1.0,1.0,1.0,1.0,1.0,1.0,1.0,1.0,1.0,1.0,0.95219094,1.0,1.0,1.0,0.9959448,1.0,1.0,1.0,1.0,1.0,1.0,1.0,1.0,1.0,1.0,1.0,1.0,1.0,1.0,1.0,1.0,1.0,1.0,1.0,1.0,1.0,1.0,1.0,1.0,1.0,1.0,1.0,1.0,1.0,1.0,1.0,1.0,1.0,1.0,1.0,1.0,1.0,1.0,1.0,1.0,1.0,1.0,1.0,1.0,0.98286265,1.0,1.0,1.0,0.93813264,1.0,1.0,1.0,1.0,1.0,1.0,1.0,1.0,1.0,1.0,1.0,0.9994196,1.0,1.0,1.0,1.0,1.0,1.0,1.0,1.0,1.0,1.0,1.0,1.0,1.0,1.0,1.0,1.0,1.0,1.0,1.0,1.0,1.0,1.0,1.0,1.0,1.0,1.0,1.0,1.0,1.0,1.0,0.99378145,1.0,1.0,1.0,1.0,0.984246,1.0,1.0,1.0
AKAP1_HepG2,1.0,1.0,1.0,1.0,1.0,1.0,1.0,1.0,1.0,1.0,1.0,1.0,0.99874306,1.0,1.0,1.0,1.0,1.0,1.0,1.0,1.0,1.0,1.0,1.0,0.99698275,1.0,1.0,1.0,1.0,0.9907125,1.0,1.0,1.0,1.0,1.0,0.94502276,1.0,1.0,1.0,1.0,1.0,1.0,1.0,1.0,1.0,1.0,1.0,1.0,0.99101704,1.0,1.0,1.0,1.0,1.0,1.0,1.0,0.99995613,1.0,1.0,1.0,1.0,1.0,1.0,1.0,1.0,1.0,1.0,1.0,1.0,0.9869788,1.0,1.0,1.0,1.0,1.0,1.0,1.0,1.0,1.0,1.0,1.0,1.0,1.0,1.0,1.0,0.99192286,1.0,1.0,1.0,1.0,0.999999,0.99999994,1.0,1.0,0.98761225,1.0,1.0,1.0,1.0,1.0,1.0,1.0,1.0,1.0,1.0,0.97468305,1.0,1.0,1.0,1.0,1.0,1.0,1.0,1.0,1.0,1.0,1.0,1.0,0.95219076,1.0,1.0,1.0,0.99594486,1.0,1.0,1.0,1.0,1.0,1.0,1.0,1.0,1.0,1.0,1.0,1.0,1.0,1.0,1.0,1.0,1.0,1.0,1.0,1.0,1.0,1.0,1.0,1.0,1.0,1.0,1.0,1.0,1.0,1.0,1.0,1.0,1.0,1.0,1.0,1.0,1.0,1.0,1.0,1.0,1.0,1.0,1.0,1.0,0.9828628,1.0,1.0,1.0,0.9381328,1.0,1.0,1.0,1.0,1.0,1.0,1.0,1.0,1.0,1.0,1.0,0.9994196,1.0,1.0,1.0,1.0,1.0,1.0,1.0,1.0,1.0,1.0,1.0,1.0,1.0,1.0,1.0,1.0,1.0,1.0,1.0,1.0,1.0,1.0,1.0,1.0,1.0,1.0,1.0,1.0,1.0,1.0,0.9937815,1.0,1.0,1.0,1.0,0.98424613,1.0,1.0,1.0
AKAP1_K562,1.0,1.0,1.0,1.0,1.0,1.0,1.0,1.0,1.0,1.0,1.0,1.0,0.99874306,1.0,1.0,1.0,1.0,1.0,1.0,1.0,1.0,1.0,1.0,1.0,0.99698275,1.0,1.0,1.0,1.0,0.9907126,1.0,1.0,1.0,1.0,1.0,0.9450227,1.0,1.0,1.0,1.0,1.0,1.0,1.0,1.0,1.0,1.0,1.0,1.0,0.99101704,1.0,1.0,1.0,1.0,1.0,1.0,1.0,0.99995613,1.0,1.0,1.0,1.0,1.0,1.0,1.0,1.0,1.0,1.0,1.0,1.0,0.9869789,1.0,1.0,1.0,1.0,1.0,1.0,1.0,1.0,1.0,1.0,1.0,1.0,1.0,1.0,1.0,0.9919228,1.0,1.0,1.0,1.0,0.999999,0.99999994,1.0,1.0,0.9876122,1.0,1.0,1.0,1.0,1.0,1.0,1.0,1.0,1.0,1.0,0.974683,1.0,1.0,1.0,1.0,1.0,1.0,1.0,1.0,1.0,1.0,1.0,1.0,0.9521907,1.0,1.0,1.0,0.99594486,1.0,1.0,1.0,1.0,1.0,1.0,1.0,1.0,1.0,1.0,1.0,1.0,1.0,1.0,1.0,1.0,1.0,1.0,1.0,1.0,1.0,1.0,1.0,1.0,1.0,1.0,1.0,1.0,1.0,1.0,1.0,1.0,1.0,1.0,1.0,1.0,1.0,1.0,1.0,1.0,1.0,1.0,1.0,1.0,0.98286283,1.0,1.0,1.0,0.93813294,1.0,1.0,1.0,1.0,1.0,1.0,1.0,1.0,1.0,1.0,1.0,0.9994196,1.0,1.0,1.0,1.0,1.0,1.0,1.0,1.0,1.0,1.0,1.0,1.0,1.0,1.0,1.0,1.0,1.0,1.0,1.0,1.0,1.0,1.0,1.0,1.0,1.0,1.0,1.0,1.0,1.0,1.0,0.99378157,1.0,1.0,1.0,1.0,0.9842462,1.0,1.0,1.0
AKAP8L_K562,1.0,1.0,1.0,1.0,1.0,1.0,1.0,1.0,1.0,1.0,1.0,1.0,0.99874306,1.0,1.0,1.0,1.0,1.0,1.0,1.0,1.0,1.0,1.0,1.0,0.99698275,1.0,1.0,1.0,1.0,0.9907125,1.0,1.0,1.0,1.0,1.0,0.94502276,1.0,1.0,1.0,1.0,1.0,1.0,1.0,1.0,1.0,1.0,1.0,1.0,0.99101704,1.0,1.0,1.0,1.0,1.0,1.0,1.0,0.99995613,1.0,1.0,1.0,1.0,1.0,1.0,1.0,1.0,1.0,1.0,1.0,1.0,0.9869788,1.0,1.0,1.0,1.0,1.0,1.0,1.0,1.0,1.0,1.0,1.0,1.0,1.0,1.0,1.0,0.9919228,1.0,1.0,1.0,1.0,0.999999,0.99999994,1.0,1.0,0.9876122,1.0,1.0,1.0,1.0,1.0,1.0,1.0,1.0,1.0,1.0,0.97468305,1.0,1.0,1.0,1.0,1.0,1.0,1.0,1.0,1.0,1.0,1.0,1.0,0.95219076,1.0,1.0,1.0,0.99594486,1.0,1.0,1.0,1.0,1.0,1.0,1.0,1.0,1.0,1.0,1.0,1.0,1.0,1.0,1.0,1.0,1.0,1.0,1.0,1.0,1.0,1.0,1.0,1.0,1.0,1.0,1.0,1.0,1.0,1.0,1.0,1.0,1.0,1.0,1.0,1.0,1.0,1.0,1.0,1.0,1.0,1.0,1.0,1.0,0.9828628,1.0,1.0,1.0,0.9381328,1.0,1.0,1.0,1.0,1.0,1.0,1.0,1.0,1.0,1.0,1.0,0.9994196,1.0,1.0,1.0,1.0,1.0,1.0,1.0,1.0,1.0,1.0,1.0,1.0,1.0,1.0,1.0,1.0,1.0,1.0,1.0,1.0,1.0,1.0,1.0,1.0,1.0,1.0,1.0,1.0,1.0,1.0,0.9937815,1.0,1.0,1.0,1.0,0.98424613,1.0,1.0,1.0
APOBEC3C_K562,1.0,1.0,1.0,1.0,1.0,1.0,1.0,1.0,1.0,1.0,1.0,1.0,0.99874306,1.0,1.0,1.0,1.0,1.0,1.0,1.0,1.0,1.0,1.0,1.0,0.9969827,1.0,1.0,1.0,1.0,0.9907125,1.0,1.0,1.0,1.0,1.0,0.9450228,1.0,1.0,1.0,1.0,1.0,1.0,1.0,1.0,1.0,1.0,1.0,1.0,0.9910171,1.0,1.0,1.0,1.0,1.0,1.0,1.0,0.99995613,1.0,1.0,1.0,1.0,1.0,1.0,1.0,1.0,1.0,1.0,1.0,1.0,0.9869788,1.0,1.0,1.0,1.0,1.0,1.0,1.0,1.0,1.0,1.0,1.0,1.0,1.0,1.0,1.0,0.99192286,1.0,1.0,1.0,1.0,0.999999,0.99999994,1.0,1.0,0.98761225,1.0,1.0,1.0,1.0,1.0,1.0,1.0,1.0,1.0,1.0,0.9746831,1.0,1.0,1.0,1.0,1.0,1.0,1.0,1.0,1.0,1.0,1.0,1.0,0.9521908,1.0,1.0,1.0,0.9959448,1.0,1.0,1.0,1.0,1.0,1.0,1.0,1.0,1.0,1.0,1.0,1.0,1.0,1.0,1.0,1.0,1.0,1.0,1.0,1.0,1.0,1.0,1.0,1.0,1.0,1.0,1.0,1.0,1.0,1.0,1.0,1.0,1.0,1.0,1.0,1.0,1.0,1.0,1.0,1.0,1.0,1.0,1.0,1.0,0.9828627,1.0,1.0,1.0,0.93813276,1.0,1.0,1.0,1.0,1.0,1.0,1.0,1.0,1.0,1.0,1.0,0.9994196,1.0,1.0,1.0,1.0,1.0,1.0,1.0,1.0,1.0,1.0,1.0,1.0,1.0,1.0,1.0,1.0,1.0,1.0,1.0,1.0,1.0,1.0,1.0,1.0,1.0,1.0,1.0,1.0,1.0,1.0,0.9937815,1.0,1.0,1.0,1.0,0.9842461,1.0,1.0,1.0
AQR_HepG2,1.0,1.0,1.0,1.0,1.0,1.0,1.0,1.0,1.0,1.0,1.0,1.0,0.99874306,1.0,1.0,1.0,1.0,1.0,1.0,1.0,1.0,1.0,1.0,1.0,0.99698275,1.0,1.0,1.0,1.0,0.9907125,1.0,1.0,1.0,1.0,1.0,0.94502276,1.0,1.0,1.0,1.0,1.0,1.0,1.0,1.0,1.0,1.0,1.0,1.0,0.99101704,1.0,1.0,1.0,1.0,1.0,1.0,1.0,0.99995613,1.0,1.0,1.0,1.0,1.0,1.0,1.0,1.0,1.0,1.0,1.0,1.0,0.9869789,1.0,1.0,1.0,1.0,1.0,1.0,1.0,1.0,1.0,1.0,1.0,1.0,1.0,1.0,1.0,0.9919228,1.0,1.0,1.0,1.0,0.999999,0.99999994,1.0,1.0,0.9876122,1.0,1.0,1.0,1.0,1.0,1.0,1.0,1.0,1.0,1.0,0.974683,1.0,1.0,1.0,1.0,1.0,1.0,1.0,1.0,1.0,1.0,1.0,1.0,0.95219076,1.0,1.0,1.0,0.99594486,1.0,1.0,1.0,1.0,1.0,1.0,1.0,1.0,1.0,1.0,1.0,1.0,1.0,1.0,1.0,1.0,1.0,1.0,1.0,1.0,1.0,1.0,1.0,1.0,1.0,1.0,1.0,1.0,1.0,1.0,1.0,1.0,1.0,1.0,1.0,1.0,1.0,1.0,1.0,1.0,1.0,1.0,1.0,1.0,0.9828628,1.0,1.0,1.0,0.9381328,1.0,1.0,1.0,1.0,1.0,1.0,1.0,1.0,1.0,1.0,1.0,0.9994196,1.0,1.0,1.0,1.0,1.0,1.0,1.0,1.0,1.0,1.0,1.0,1.0,1.0,1.0,1.0,1.0,1.0,1.0,1.0,1.0,1.0,1.0,1.0,1.0,1.0,1.0,1.0,1.0,1.0,1.0,0.9937815,1.0,1.0,1.0,1.0,0.98424613,1.0,1.0,1.0
AQR_K562,1.0,1.0,1.0,1.0,1.0,1.0,1.0,1.0,1.0,1.0,1.0,1.0,0.99874306,1.0,1.0,1.0,1.0,1.0,1.0,1.0,1.0,1.0,1.0,1.0,0.99698275,1.0,1.0,1.0,1.0,0.9907126,1.0,1.0,1.0,1.0,1.0,0.9450227,1.0,1.0,1.0,1.0,1.0,1.0,1.0,1.0,1.0,1.0,1.0,1.0,0.99101704,1.0,1.0,1.0,1.0,1.0,1.0,1.0,0.99995613,1.0,1.0,1.0,1.0,1.0,1.0,1.0,1.0,1.0,1.0,1.0,1.0,0.9869789,1.0,1.0,1.0,1.0,1.0,1.0,1.0,1.0,1.0,1.0,1.0,1.0,1.0,1.0,1.0,0.9919228,1.0,1.0,1.0,1.0,0.999999,0.99999994,1.0,1.0,0.9876122,1.0,1.0,1.0,1.0,1.0,1.0,1.0,1.0,1.0,1.0,0.974683,1.0,1.0,1.0,1.0,1.0,1.0,1.0,1.0,1.0,1.0,1.0,1.0,0.9521907,1.0,1.0,1.0,0.99594486,1.0,1.0,1.0,1.0,1.0,1.0,1.0,1.0,1.0,1.0,1.0,1.0,1.0,1.0,1.0,1.0,1.0,1.0,1.0,1.0,1.0,1.0,1.0,1.0,1.0,1.0,1.0,1.0,1.0,1.0,1.0,1.0,1.0,1.0,1.0,1.0,1.0,1.0,1.0,1.0,1.0,1.0,1.0,1.0,0.98286283,1.0,1.0,1.0,0.9381329,1.0,1.0,1.0,1.0,1.0,1.0,1.0,1.0,1.0,1.0,1.0,0.9994196,1.0,1.0,1.0,1.0,1.0,1.0,1.0,1.0,1.0,1.0,1.0,1.0,1.0,1.0,1.0,1.0,1.0,1.0,1.0,1.0,1.0,1.0,1.0,1.0,1.0,1.0,1.0,1.0,1.0,1.0,0.99378157,1.0,1.0,1.0,1.0,0.9842462,1.0,1.0,1.0
BCCIP_HepG2,1.0,1.0,1.0,1.0,1.0,1.0,1.0,1.0,1.0,1.0,1.0,1.0,0.99874306,1.0,1.0,1.0,1.0,1.0,1.0,1.0,1.0,1.0,1.0,1.0,0.99698275,1.0,1.0,1.0,1.0,0.9907126,1.0,1.0,1.0,1.0,1.0,0.94502264,1.0,1.0,1.0,1.0,1.0,1.0,1.0,1.0,1.0,1.0,1.0,1.0,0.991017,1.0,1.0,1.0,1.0,1.0,1.0,1.0,0.99995613,1.0,1.0,1.0,1.0,1.0,1.0,1.0,1.0,1.0,1.0,1.0,1.0,0.9869789,1.0,1.0,1.0,1.0,1.0,1.0,1.0,1.0,1.0,1.0,1.0,1.0,1.0,1.0,1.0,0.9919228,1.0,1.0,1.0,1.0,0.999999,0.99999994,1.0,1.0,0.9876121,1.0,1.0,1.0,1.0,1.0,1.0,1.0,1.0,1.0,1.0,0.9746829,1.0,1.0,1.0,1.0,1.0,1.0,1.0,1.0,1.0,1.0,1.0,1.0,0.95219064,1.0,1.0,1.0,0.99594486,1.0,1.0,1.0,1.0,1.0,1.0,1.0,1.0,1.0,1.0,1.0,1.0,1.0,1.0,1.0,1.0,1.0,1.0,1.0,1.0,1.0,1.0,1.0,1.0,1.0,1.0,1.0,1.0,1.0,1.0,1.0,1.0,1.0,1.0,1.0,1.0,1.0,1.0,1.0,1.0,1.0,1.0,1.0,1.0,0.98286283,1.0,1.0,1.0,0.938133,1.0,1.0,1.0,1.0,1.0,1.0,1.0,1.0,1.0,1.0,1.0,0.9994196,1.0,1.0,1.0,1.0,1.0,1.0,1.0,1.0,1.0,1.0,1.0,1.0,1.0,1.0,1.0,1.0,1.0,1.0,1.0,1.0,1.0,1.0,1.0,1.0,1.0,1.0,1.0,1.0,1.0,1.0,0.99378157,1.0,1.0,1.0,1.0,0.9842462,1.0,1.0,1.0
BCLAF1_HepG2,0.99874306,0.998743,0.998743,0.998743,0.998743,0.99874306,0.99874306,0.99874306,0.99874306,0.99874306,0.99874306,0.99874306,1.0,0.998743,0.99874306,0.99874306,0.99874306,0.99874306,0.99874306,0.99874306,0.998743,0.99874306,0.99874306,0.99874306,0.9996203,0.99874306,0.99874306,0.99874306,0.99874306,0.99628264,0.99874306,0.99874306,0.99874306,0.99874306,0.9987431,0.92744446,0.99874306,0.99874306,0.99874306,0.99874306,0.99874306,0.99874306,0.99874306,0.998743,0.99874306,0.99874306,0.998743,0.998743,0.98306817,0.99874306,0.99874306,0.998743,0.998743,0.99874306,0.99874306,0.99874306,0.99822974,0.99874294,0.99874306,0.998743,0.99874306,0.99874306,0.998743,0.99874306,0.99874485,0.99874306,0.99874306,0.998743,0.99874306,0.9938006,0.99874264,0.998743,0.99874306,0.99874294,0.99874306,0.99874306,0.99874306,0.99874306,0.99874306,0.99874306,0.99874306,0.99874306,0.99874306,0.998743,0.99874306,0.98431826,0.998743,0.99874306,0.99874306,0.9987431,0.9986699,0.99875927,0.99874306,0.998743,0.9785058,0.998743,0.998743,0.99874294,0.99874306,0.99874306,0.99874306,0.99874306,0.99874324,0.99874085,0.9987429,0.9622508,0.99874306,0.99874306,0.99874306,0.99874306,0.998743,0.99874306,0.998743,0.99874306,0.99874306,0.99874306,0.99874306,0.99874306,0.9356811,0.99874306,0.99874306,0.998743,0.9992024,0.998743,0.99874306,0.99874306,0.99874306,0.99874306,0.998744,0.99874306,0.99874306,0.99874306,0.99874306,0.99874306,0.99874306,0.99874306,0.99874306,0.99874306,0.99874306,0.99874306,0.998743,0.99874306,0.99874306,0.99874306,0.998743,0.99874306,0.99874306,0.99874306,0.99874306,0.99874306,0.99874306,0.99874306,0.99874306,0.99874306,0.99874306,0.99874306,0.998743,0.99874306,0.99874306,0.998743,0.99874306,0.99874306,0.99874306,0.99874306,0.9987431,0.99874306,0.99874306,0.99086696,0.998743,0.99874383,0.99874306,0.95431006,0.99874306,0.9987428,0.99874306,0.99874306,0.99874306,0.99874306,0.99874306,0.99874306,0.99874306,0.998743,0.99874306,0.99987084,0.99874306,0.99874306,0.99874306,0.99874306,0.99874306,0.9987429,0.998743,0.99874306,0.99874306,0.99874306,0.99874306,0.99874306,0.998743,0.99874306,0.9987429,0.99874306,0.99874294,0.99874306,0.99874306,0.99874306,0.99874306,0.99874306,0.99874306,0.99874306,0.99874306,0.99874306,0.99874306,0.99874306,0.99874306,0.99874294,0.99811345,0.99874306,0.99874306,0.99874306,0.998743,0.99187094,0.99874306,0.998743,0.99874306
BUD13_HepG2,1.0,1.0,1.0,1.0,1.0,1.0,1.0,1.0,1.0,1.0,1.0,1.0,0.998743,1.0,1.0,1.0,1.0,1.0,1.0,1.0,1.0,1.0,1.0,1.0,0.9969827,1.0,1.0,1.0,1.0,0.9907124,1.0,1.0,1.0,1.0,1.0,0.945023,1.0,1.0,1.0,1.0,1.0,1.0,1.0,1.0,1.0,1.0,1.0,1.0,0.99101716,1.0,1.0,1.0,1.0,1.0,1.0,1.0,0.99995613,1.0,1.0,1.0,1.0,1.0,1.0,1.0,1.0,1.0,1.0,1.0,1.0,0.9869787,1.0,1.0,1.0,1.0,1.0,1.0,1.0,1.0,1.0,1.0,1.0,1.0,1.0,1.0,1.0,0.9919229,1.0,1.0,1.0,1.0,0.999999,0.99999994,1.0,1.0,0.98761237,1.0,1.0,1.0,1.0,1.0,1.0,1.0,1.0,1.0,1.0,0.9746832,1.0,1.0,1.0,1.0,1.0,1.0,1.0,1.0,1.0,1.0,1.0,1.0,0.952191,1.0,1.0,1.0,0.9959448,1.0,1.0,1.0,1.0,1.0,1.0,1.0,1.0,1.0,1.0,1.0,1.0,1.0,1.0,1.0,1.0,1.0,1.0,1.0,1.0,1.0,1.0,1.0,1.0,1.0,1.0,1.0,1.0,1.0,1.0,1.0,1.0,1.0,1.0,1.0,1.0,1.0,1.0,1.0,1.0,1.0,1.0,1.0,1.0,0.98286265,1.0,1.0,1.0,0.9381326,1.0,1.0,1.0,1.0,1.0,1.0,1.0,1.0,1.0,1.0,1.0,0.9994196,1.0,1.0,1.0,1.0,1.0,1.0,1.0,1.0,1.0,1.0,1.0,1.0,1.0,1.0,1.0,1.0,1.0,1.0,1.0,1.0,1.0,1.0,1.0,1.0,1.0,1.0,1.0,1.0,1.0,1.0,0.99378145,1.0,1.0,1.0,1.0,0.984246,1.0,1.0,1.0
BUD13_K562,1.0,1.0,1.0,1.0,1.0,1.0,1.0,1.0,1.0,1.0,1.0,1.0,0.99874306,1.0,1.0,1.0,1.0,1.0,1.0,1.0,1.0,1.0,1.0,1.0,0.9969827,1.0,1.0,1.0,1.0,0.99071246,1.0,1.0,1.0,1.0,1.0,0.9450229,1.0,1.0,1.0,1.0,1.0,1.0,1.0,1.0,1.0,1.0,1.0,1.0,0.9910171,1.0,1.0,1.0,1.0,1.0,1.0,1.0,0.99995613,1.0,1.0,1.0,1.0,1.0,1.0,1.0,1.0,1.0,1.0,1.0,1.0,0.98697877,1.0,1.0,1.0,1.0,1.0,1.0,1.0,1.0,1.0,1.0,1.0,1.0,1.0,1.0,1.0,0.99192286,1.0,1.0,1.0,1.0,0.999999,0.99999994,1.0,1.0,0.9876123,1.0,1.0,1.0,1.0,1.0,1.0,1.0,1.0,1.0,1.0,0.9746831,1.0,1.0,1.0,1.0,1.0,1.0,1.0,1.0,1.0,1.0,1.0,1.0,0.9521909,1.0,1.0,1.0,0.9959448,1.0,1.0,1.0,1.0,1.0,1.0,1.0,1.0,1.0,1.0,1.0,1.0,1.0,1.0,1.0,1.0,1.0,1.0,1.0,1.0,1.0,1.0,1.0,1.0,1.0,1.0,1.0,1.0,1.0,1.0,1.0,1.0,1.0,1.0,1.0,1.0,1.0,1.0,1.0,1.0,1.0,1.0,1.0,1.0,0.9828627,1.0,1.0,1.0,0.9381327,1.0,1.0,1.0,1.0,1.0,1.0,1.0,1.0,1.0,1.0,1.0,0.9994196,1.0,1.0,1.0,1.0,1.0,1.0,1.0,1.0,1.0,1.0,1.0,1.0,1.0,1.0,1.0,1.0,1.0,1.0,1.0,1.0,1.0,1.0,1.0,1.0,1.0,1.0,1.0,1.0,1.0,1.0,0.99378145,1.0,1.0,1.0,1.0,0.9842461,1.0,1.0,1.0
CDC40_HepG2,1.0,1.0,1.0,1.0,1.0,1.0,1.0,1.0,1.0,1.0,1.0,1.0,0.99874306,1.0,1.0,1.0,1.0,1.0,1.0,1.0,1.0,1.0,1.0,1.0,0.9969827,1.0,1.0,1.0,1.0,0.9907125,1.0,1.0,1.0,1.0,1.0,0.94502276,1.0,1.0,1.0,1.0,1.0,1.0,1.0,1.0,1.0,1.0,1.0,1.0,0.99101704,1.0,1.0,1.0,1.0,1.0,1.0,1.0,0.99995613,1.0,1.0,1.0,1.0,1.0,1.0,1.0,1.0,1.0,1.0,1.0,1.0,0.9869788,1.0,1.0,1.0,1.0,1.0,1.0,1.0,1.0,1.0,1.0,1.0,1.0,1.0,1.0,1.0,0.99192286,1.0,1.0,1.0,1.0,0.999999,0.99999994,1.0,1.0,0.98761225,1.0,1.0,1.0,1.0,1.0,1.0,1.0,1.0,1.0,1.0,0.97468305,1.0,1.0,1.0,1.0,1.0,1.0,1.0,1.0,1.0,1.0,1.0,1.0,0.95219076,1.0,1.0,1.0,0.99594486,1.0,1.0,1.0,1.0,1.0,1.0,1.0,1.0,1.0,1.0,1.0,1.0,1.0,1.0,1.0,1.0,1.0,1.0,1.0,1.0,1.0,1.0,1.0,1.0,1.0,1.0,1.0,1.0,1.0,1.0,1.0,1.0,1.0,1.0,1.0,1.0,1.0,1.0,1.0,1.0,1.0,1.0,1.0,1.0,0.9828628,1.0,1.0,1.0,0.9381328,1.0,1.0,1.0,1.0,1.0,1.0,1.0,1.0,1.0,1.0,1.0,0.9994196,1.0,1.0,1.0,1.0,1.0,1.0,1.0,1.0,1.0,1.0,1.0,1.0,1.0,1.0,1.0,1.0,1.0,1.0,1.0,1.0,1.0,1.0,1.0,1.0,1.0,1.0,1.0,1.0,1.0,1.0,0.9937815,1.0,1.0,1.0,1.0,0.98424613,1.0,1.0,1.0
CPEB4_K562,1.0,1.0,1.0,1.0,1.0,1.0,1.0,1.0,1.0,1.0,1.0,1.0,0.99874306,1.0,1.0,1.0,1.0,1.0,1.0,1.0,1.0,1.0,1.0,1.0,0.99698275,1.0,1.0,1.0,1.0,0.9907125,1.0,1.0,1.0,1.0,1.0,0.9450227,1.0,1.0,1.0,1.0,1.0,1.0,1.0,1.0,1.0,1.0,1.0,1.0,0.99101704,1.0,1.0,1.0,1.0,1.0,1.0,1.0,0.99995613,1.0,1.0,1.0,1.0,1.0,1.0,1.0,1.0,1.0,1.0,1.0,1.0,0.9869789,1.0,1.0,1.0,1.0,1.0,1.0,1.0,1.0,1.0,1.0,1.0,1.0,1.0,1.0,1.0,0.9919228,1.0,1.0,1.0,1.0,0.999999,0.99999994,1.0,1.0,0.9876122,1.0,1.0,1.0,1.0,1.0,1.0,1.0,1.0,1.0,1.0,0.974683,1.0,1.0,1.0,1.0,1.0,1.0,1.0,1.0,1.0,1.0,1.0,1.0,0.9521907,1.0,1.0,1.0,0.99594486,1.0,1.0,1.0,1.0,1.0,1.0,1.0,1.0,1.0,1.0,1.0,1.0,1.0,1.0,1.0,1.0,1.0,1.0,1.0,1.0,1.0,1.0,1.0,1.0,1.0,1.0,1.0,1.0,1.0,1.0,1.0,1.0,1.0,1.0,1.0,1.0,1.0,1.0,1.0,1.0,1.0,1.0,1.0,1.0,0.9828628,1.0,1.0,1.0,0.9381329,1.0,1.0,1.0,1.0,1.0,1.0,1.0,1.0,1.0,1.0,1.0,0.9994196,1.0,1.0,1.0,1.0,1.0,1.0,1.0,1.0,1.0,1.0,1.0,1.0,1.0,1.0,1.0,1.0,1.0,1.0,1.0,1.0,1.0,1.0,1.0,1.0,1.0,1.0,1.0,1.0,1.0,1.0,0.9937815,1.0,1.0,1.0,1.0,0.98424613,1.0,1.0,1.0
CPSF6_K562,1.0,1.0,1.0,1.0,1.0,1.0,1.0,1.0,1.0,1.0,1.0,1.0,0.99874306,1.0,1.0,1.0,1.0,1.0,1.0,1.0,1.0,1.0,1.0,1.0,0.99698275,1.0,1.0,1.0,1.0,0.9907125,1.0,1.0,1.0,1.0,1.0,0.94502276,1.0,1.0,1.0,1.0,1.0,1.0,1.0,1.0,1.0,1.0,1.0,1.0,0.99101704,1.0,1.0,1.0,1.0,1.0,1.0,1.0,0.99995613,1.0,1.0,1.0,1.0,1.0,1.0,1.0,1.0,1.0,1.0,1.0,1.0,0.9869788,1.0,1.0,1.0,1.0,1.0,1.0,1.0,1.0,1.0,1.0,1.0,1.0,1.0,1.0,1.0,0.9919228,1.0,1.0,1.0,1.0,0.999999,0.99999994,1.0,1.0,0.9876122,1.0,1.0,1.0,1.0,1.0,1.0,1.0,1.0,1.0,1.0,0.97468305,1.0,1.0,1.0,1.0,1.0,1.0,1.0,1.0,1.0,1.0,1.0,1.0,0.95219076,1.0,1.0,1.0,0.99594486,1.0,1.0,1.0,1.0,1.0,1.0,1.0,1.0,1.0,1.0,1.0,1.0,1.0,1.0,1.0,1.0,1.0,1.0,1.0,1.0,1.0,1.0,1.0,1.0,1.0,1.0,1.0,1.0,1.0,1.0,1.0,1.0,1.0,1.0,1.0,1.0,1.0,1.0,1.0,1.0,1.0,1.0,1.0,1.0,0.9828628,1.0,1.0,1.0,0.9381328,1.0,1.0,1.0,1.0,1.0,1.0,1.0,1.0,1.0,1.0,1.0,0.9994196,1.0,1.0,1.0,1.0,1.0,1.0,1.0,1.0,1.0,1.0,1.0,1.0,1.0,1.0,1.0,1.0,1.0,1.0,1.0,1.0,1.0,1.0,1.0,1.0,1.0,1.0,1.0,1.0,1.0,1.0,0.9937815,1.0,1.0,1.0,1.0,0.98424613,1.0,1.0,1.0
CSTF2_HepG2,1.0,1.0,1.0,1.0,1.0,1.0,1.0,1.0,1.0,1.0,1.0,1.0,0.99874306,1.0,1.0,1.0,1.0,1.0,1.0,1.0,1.0,1.0,1.0,1.0,0.99698275,1.0,1.0,1.0,1.0,0.9907126,1.0,1.0,1.0,1.0,1.0,0.9450227,1.0,1.0,1.0,1.0,1.0,1.0,1.0,1.0,1.0,1.0,1.0,1.0,0.99101704,1.0,1.0,1.0,1.0,1.0,1.0,1.0,0.99995613,1.0,1.0,1.0,1.0,1.0,1.0,1.0,1.0,1.0,1.0,1.0,1.0,0.9869789,1.0,1.0,1.0,1.0,1.0,1.0,1.0,1.0,1.0,1.0,1.0,1.0,1.0,1.0,1.0,0.9919228,1.0,1.0,1.0,1.0,0.999999,0.99999994,1.0,1.0,0.9876122,1.0,1.0,1.0,1.0,1.0,1.0,1.0,1.0,1.0,1.0,0.974683,1.0,1.0,1.0,1.0,1.0,1.0,1.0,1.0,1.0,1.0,1.0,1.0,0.9521907,1.0,1.0,1.0,0.99594486,1.0,1.0,1.0,1.0,1.0,1.0,1.0,1.0,1.0,1.0,1.0,1.0,1.0,1.0,1.0,1.0,1.0,1.0,1.0,1.0,1.0,1.0,1.0,1.0,1.0,1.0,1.0,1.0,1.0,1.0,1.0,1.0,1.0,1.0,1.0,1.0,1.0,1.0,1.0,1.0,1.0,1.0,1.0,1.0,0.98286283,1.0,1.0,1.0,0.93813294,1.0,1.0,1.0,1.0,1.0,1.0,1.0,1.0,1.0,1.0,1.0,0.9994196,1.0,1.0,1.0,1.0,1.0,1.0,1.0,1.0,1.0,1.0,1.0,1.0,1.0,1.0,1.0,1.0,1.0,1.0,1.0,1.0,1.0,1.0,1.0,1.0,1.0,1.0,1.0,1.0,1.0,1.0,0.99378157,1.0,1.0,1.0,1.0,0.9842462,1.0,1.0,1.0
CSTF2T_HepG2,1.0,1.0,1.0,1.0,1.0,1.0,1.0,1.0,1.0,1.0,1.0,1.0,0.99874306,1.0,1.0,1.0,1.0,1.0,1.0,1.0,1.0,1.0,1.0,1.0,0.99698275,1.0,1.0,1.0,1.0,0.9907126,1.0,1.0,1.0,1.0,1.0,0.9450226,1.0,1.0,1.0,1.0,1.0,1.0,1.0,1.0,1.0,1.0,1.0,1.0,0.991017,1.0,1.0,1.0,1.0,1.0,1.0,1.0,0.99995613,1.0,1.0,1.0,1.0,1.0,1.0,1.0,1.0,1.0,1.0,1.0,1.0,0.98697895,1.0,1.0,1.0,1.0,1.0,1.0,1.0,1.0,1.0,1.0,1.0,1.0,1.0,1.0,1.0,0.99192274,1.0,1.0,1.0,1.0,0.999999,0.99999994,1.0,1.0,0.9876121,1.0,1.0,1.0,1.0,1.0,1.0,1.0,1.0,1.0,1.0,0.9746829,1.0,1.0,1.0,1.0,1.0,1.0,1.0,1.0,1.0,1.0,1.0,1.0,0.9521906,1.0,1.0,1.0,0.9959449,1.0,1.0,1.0,1.0,1.0,1.0,1.0,1.0,1.0,1.0,1.0,1.0,1.0,1.0,1.0,1.0,1.0,1.0,1.0,1.0,1.0,1.0,1.0,1.0,1.0,1.0,1.0,1.0,1.0,1.0,1.0,1.0,1.0,1.0,1.0,1.0,1.0,1.0,1.0,1.0,1.0,1.0,1.0,1.0,0.9828629,1.0,1.0,1.0,0.938133,1.0,1.0,1.0,1.0,1.0,1.0,1.0,1.0,1.0,1.0,1.0,0.9994197,1.0,1.0,1.0,1.0,1.0,1.0,1.0,1.0,1.0,1.0,1.0,1.0,1.0,1.0,1.0,1.0,1.0,1.0,1.0,1.0,1.0,1.0,1.0,1.0,1.0,1.0,1.0,1.0,1.0,1.0,0.99378157,1.0,1.0,1.0,1.0,0.98424625,1.0,1.0,1.0
CSTF2T_K562,1.0,1.0,1.0,1.0,1.0,1.0,1.0,1.0,1.0,1.0,1.0,1.0,0.998743,1.0,1.0,1.0,1.0,1.0,1.0,1.0,1.0,1.0,1.0,1.0,0.99698263,1.0,1.0,1.0,1.0,0.9907124,1.0,1.0,1.0,1.0,1.0,0.94502306,1.0,1.0,1.0,1.0,1.0,1.0,1.0,1.0,1.0,1.0,1.0,1.0,0.99101716,1.0,1.0,1.0,1.0,1.0,1.0,1.0,0.99995613,1.0,1.0,1.0,1.0,1.0,1.0,1.0,1.0,1.0,1.0,1.0,1.0,0.9869787,1.0,1.0,1.0,1.0,1.0,1.0,1.0,1.0,1.0,1.0,1.0,1.0,1.0,1.0,1.0,0.991923,1.0,1.0,1.0,1.0,0.999999,0.99999994,1.0,1.0,0.98761237,1.0,1.0,1.0,1.0,1.0,1.0,1.0,1.0,1.0,1.0,0.9746832,1.0,1.0,1.0,1.0,1.0,1.0,1.0,1.0,1.0,1.0,1.0,1.0,0.95219105,1.0,1.0,1.0,0.99594474,1.0,1.0,1.0,1.0,1.0,1.0,1.0,1.0,1.0,1.0,1.0,1.0,1.0,1.0,1.0,1.0,1.0,1.0,1.0,1.0,1.0,1.0,1.0,1.0,1.0,1.0,1.0,1.0,1.0,1.0,1.0,1.0,1.0,1.0,1.0,1.0,1.0,1.0,1.0,1.0,1.0,1.0,1.0,1.0,0.9828626,1.0,1.0,1.0,0.9381325,1.0,1.0,1.0,1.0,1.0,1.0,1.0,1.0,1.0,1.0,1.0,0.9994196,1.0,1.0,1.0,1.0,1.0,1.0,1.0,1.0,1.0,1.0,1.0,1.0,1.0,1.0,1.0,1.0,1.0,1.0,1.0,1.0,1.0,1.0,1.0,1.0,1.0,1.0,1.0,1.0,1.0,1.0,0.9937814,1.0,1.0,1.0,1.0,0.98424596,1.0,1.0,1.0
DDX21_K562,1.0,1.0,1.0,1.0,1.0,1.0,1.0,1.0,1.0,1.0,1.0,1.0,0.99874306,1.0,1.0,1.0,1.0,1.0,1.0,1.0,1.0,1.0,1.0,1.0,0.99698275,1.0,1.0,1.0,1.0,0.9907125,1.0,1.0,1.0,1.0,1.0,0.9450227,1.0,1.0,1.0,1.0,1.0,1.0,1.0,1.0,1.0,1.0,1.0,1.0,0.99101704,1.0,1.0,1.0,1.0,1.0,1.0,1.0,0.99995613,1.0,1.0,1.0,1.0,1.0,1.0,1.0,1.0,1.0,1.0,1.0,1.0,0.9869789,1.0,1.0,1.0,1.0,1.0,1.0,1.0,1.0,1.0,1.0,1.0,1.0,1.0,1.0,1.0,0.9919228,1.0,1.0,1.0,1.0,0.999999,0.99999994,1.0,1.0,0.9876122,1.0,1.0,1.0,1.0,1.0,1.0,1.0,1.0,1.0,1.0,0.974683,1.0,1.0,1.0,1.0,1.0,1.0,1.0,1.0,1.0,1.0,1.0,1.0,0.9521907,1.0,1.0,1.0,0.99594486,1.0,1.0,1.0,1.0,1.0,1.0,1.0,1.0,1.0,1.0,1.0,1.0,1.0,1.0,1.0,1.0,1.0,1.0,1.0,1.0,1.0,1.0,1.0,1.0,1.0,1.0,1.0,1.0,1.0,1.0,1.0,1.0,1.0,1.0,1.0,1.0,1.0,1.0,1.0,1.0,1.0,1.0,1.0,1.0,0.9828628,1.0,1.0,1.0,0.9381329,1.0,1.0,1.0,1.0,1.0,1.0,1.0,1.0,1.0,1.0,1.0,0.9994196,1.0,1.0,1.0,1.0,1.0,1.0,1.0,1.0,1.0,1.0,1.0,1.0,1.0,1.0,1.0,1.0,1.0,1.0,1.0,1.0,1.0,1.0,1.0,1.0,1.0,1.0,1.0,1.0,1.0,1.0,0.9937815,1.0,1.0,1.0,1.0,0.98424613,1.0,1.0,1.0
DDX24_K562,1.0,1.0,1.0,1.0,1.0,1.0,1.0,1.0,1.0,1.0,1.0,1.0,0.99874306,1.0,1.0,1.0,1.0,1.0,1.0,1.0,1.0,1.0,1.0,1.0,0.9969827,1.0,1.0,1.0,1.0,0.9907125,1.0,1.0,1.0,1.0,1.0,0.94502276,1.0,1.0,1.0,1.0,1.0,1.0,1.0,1.0,1.0,1.0,1.0,1.0,0.99101704,1.0,1.0,1.0,1.0,1.0,1.0,1.0,0.99995613,1.0,1.0,1.0,1.0,1.0,1.0,1.0,1.0,1.0,1.0,1.0,1.0,0.9869788,1.0,1.0,1.0,1.0,1.0,1.0,1.0,1.0,1.0,1.0,1.0,1.0,1.0,1.0,1.0,0.99192286,1.0,1.0,1.0,1.0,0.999999,0.99999994,1.0,1.0,0.98761225,1.0,1.0,1.0,1.0,1.0,1.0,1.0,1.0,1.0,1.0,0.97468305,1.0,1.0,1.0,1.0,1.0,1.0,1.0,1.0,1.0,1.0,1.0,1.0,0.95219076,1.0,1.0,1.0,0.99594486,1.0,1.0,1.0,1.0,1.0,1.0,1.0,1.0,1.0,1.0,1.0,1.0,1.0,1.0,1.0,1.0,1.0,1.0,1.0,1.0,1.0,1.0,1.0,1.0,1.0,1.0,1.0,1.0,1.0,1.0,1.0,1.0,1.0,1.0,1.0,1.0,1.0,1.0,1.0,1.0,1.0,1.0,1.0,1.0,0.9828628,1.0,1.0,1.0,0.9381328,1.0,1.0,1.0,1.0,1.0,1.0,1.0,1.0,1.0,1.0,1.0,0.9994196,1.0,1.0,1.0,1.0,1.0,1.0,1.0,1.0,1.0,1.0,1.0,1.0,1.0,1.0,1.0,1.0,1.0,1.0,1.0,1.0,1.0,1.0,1.0,1.0,1.0,1.0,1.0,1.0,1.0,1.0,0.9937815,1.0,1.0,1.0,1.0,0.98424613,1.0,1.0,1.0
DDX3X_HepG2,1.0,1.0,1.0,1.0,1.0,1.0,1.0,1.0,1.0,1.0,1.0,1.0,0.99874306,1.0,1.0,1.0,1.0,1.0,1.0,1.0,1.0,1.0,1.0,1.0,0.9969827,1.0,1.0,1.0,1.0,0.9907125,1.0,1.0,1.0,1.0,1.0,0.9450228,1.0,1.0,1.0,1.0,1.0,1.0,1.0,1.0,1.0,1.0,1.0,1.0,0.9910171,1.0,1.0,1.0,1.0,1.0,1.0,1.0,0.99995613,1.0,1.0,1.0,1.0,1.0,1.0,1.0,1.0,1.0,1.0,1.0,1.0,0.9869788,1.0,1.0,1.0,1.0,1.0,1.0,1.0,1.0,1.0,1.0,1.0,1.0,1.0,1.0,1.0,0.99192286,1.0,1.0,1.0,1.0,0.999999,0.99999994,1.0,1.0,0.98761225,1.0,1.0,1.0,1.0,1.0,1.0,1.0,1.0,1.0,1.0,0.9746831,1.0,1.0,1.0,1.0,1.0,1.0,1.0,1.0,1.0,1.0,1.0,1.0,0.9521908,1.0,1.0,1.0,0.9959448,1.0,1.0,1.0,1.0,1.0,1.0,1.0,1.0,1.0,1.0,1.0,1.0,1.0,1.0,1.0,1.0,1.0,1.0,1.0,1.0,1.0,1.0,1.0,1.0,1.0,1.0,1.0,1.0,1.0,1.0,1.0,1.0,1.0,1.0,1.0,1.0,1.0,1.0,1.0,1.0,1.0,1.0,1.0,1.0,0.9828627,1.0,1.0,1.0,0.93813276,1.0,1.0,1.0,1.0,1.0,1.0,1.0,1.0,1.0,1.0,1.0,0.9994196,1.0,1.0,1.0,1.0,1.0,1.0,1.0,1.0,1.0,1.0,1.0,1.0,1.0,1.0,1.0,1.0,1.0,1.0,1.0,1.0,1.0,1.0,1.0,1.0,1.0,1.0,1.0,1.0,1.0,1.0,0.9937815,1.0,1.0,1.0,1.0,0.9842461,1.0,1.0,1.0
DDX3X_K562,0.9969827,0.9969827,0.9969827,0.9969827,0.9969827,0.99698275,0.99698275,0.99698275,0.9969827,0.99698275,0.99698275,0.99698275,0.9996203,0.9969827,0.9969827,0.9969827,0.99698275,0.99698275,0.99698275,0.99698275,0.99698263,0.99698275,0.9969827,0.9969827,1.0,0.99698275,0.99698275,0.99698275,0.99698275,0.998278,0.99698275,0.9969827,0.9969827,0.99698275,0.9969828,0.91678804,0.9969827,0.99698275,0.99698275,0.9969827,0.99698275,0.99698275,0.9969827,0.9969827,0.9969827,0.9969827,0.9969827,0.99698263,0.9776458,0.9969827,0.9969827,0.9969827,0.9969827,0.99698275,0.9969827,0.9969827,0.9962119,0.9969826,0.99698275,0.99698263,0.9969827,0.9969827,0.9969827,0.9969827,0.9969855,0.99698275,0.99698275,0.9969827,0.9969827,0.99648666,0.99698204,0.9969827,0.99698275,0.9969826,0.9969827,0.9969827,0.9969827,0.9969827,0.9969827,0.99698275,0.99698275,0.9969827,0.9969827,0.99698263,0.99698275,0.9790839,0.9969827,0.9969827,0.99698275,0.9969829,0.9968701,0.99700785,0.99698275,0.99698263,0.97245204,0.9969827,0.99698263,0.9969826,0.99698275,0.99698275,0.9969827,0.99698275,0.996983,0.9969793,0.9969825,0.9543862,0.9969827,0.99698275,0.9969827,0.99698275,0.99698263,0.99698275,0.9969827,0.99698275,0.99698275,0.9969827,0.9969827,0.9969827,0.92560333,0.99698275,0.99698275,0.9969827,0.9999233,0.9969827,0.9969827,0.9969827,0.99698275,0.9969827,0.9969842,0.9969827,0.9969827,0.99698275,0.9969827,0.99698275,0.99698275,0.99698275,0.99698275,0.99698275,0.99698275,0.99698275,0.99698263,0.9969827,0.9969827,0.9969827,0.99698263,0.99698275,0.9969827,0.99698275,0.9969827,0.99698275,0.99698275,0.99698275,0.99698275,0.9969827,0.99698275,0.9969827,0.9969827,0.9969827,0.99698275,0.9969827,0.99698275,0.9969827,0.99698275,0.99698275,0.9969828,0.99698275,0.9969827,0.99420625,0.9969827,0.99698395,0.9969827,0.96218145,0.9969827,0.99698234,0.99698275,0.9969827,0.99698275,0.99698275,0.9969827,0.99698275,0.9969827,0.9969827,0.99698275,0.9990483,0.9969827,0.99698275,0.9969827,0.99698275,0.99698275,0.99698246,0.9969827,0.9969827,0.9969827,0.9969827,0.99698275,0.9969827,0.9969827,0.9969827,0.99698246,0.9969827,0.9969826,0.9969827,0.99698275,0.99698275,0.9969827,0.99698275,0.99698275,0.9969827,0.99698275,0.9969827,0.9969827,0.99698275,0.9969827,0.9969826,0.99942625,0.9969827,0.9969827,0.99698275,0.99698263,0.99500054,0.99698275,0.99698263,0.99698275
DDX42_K562,1.0,1.0,1.0,1.0,1.0,1.0,1.0,1.0,1.0,1.0,1.0,1.0,0.99874306,1.0,1.0,1.0,1.0,1.0,1.0,1.0,1.0,1.0,1.0,1.0,0.99698275,1.0,1.0,1.0,1.0,0.9907125,1.0,1.0,1.0,1.0,1.0,0.9450227,1.0,1.0,1.0,1.0,1.0,1.0,1.0,1.0,1.0,1.0,1.0,1.0,0.99101704,1.0,1.0,1.0,1.0,1.0,1.0,1.0,0.99995613,1.0,1.0,1.0,1.0,1.0,1.0,1.0,1.0,1.0,1.0,1.0,1.0,0.9869789,1.0,1.0,1.0,1.0,1.0,1.0,1.0,1.0,1.0,1.0,1.0,1.0,1.0,1.0,1.0,0.9919228,1.0,1.0,1.0,1.0,0.999999,0.99999994,1.0,1.0,0.9876122,1.0,1.0,1.0,1.0,1.0,1.0,1.0,1.0,1.0,1.0,0.974683,1.0,1.0,1.0,1.0,1.0,1.0,1.0,1.0,1.0,1.0,1.0,1.0,0.9521907,1.0,1.0,1.0,0.99594486,1.0,1.0,1.0,1.0,1.0,1.0,1.0,1.0,1.0,1.0,1.0,1.0,1.0,1.0,1.0,1.0,1.0,1.0,1.0,1.0,1.0,1.0,1.0,1.0,1.0,1.0,1.0,1.0,1.0,1.0,1.0,1.0,1.0,1.0,1.0,1.0,1.0,1.0,1.0,1.0,1.0,1.0,1.0,1.0,0.9828628,1.0,1.0,1.0,0.9381329,1.0,1.0,1.0,1.0,1.0,1.0,1.0,1.0,1.0,1.0,1.0,0.9994196,1.0,1.0,1.0,1.0,1.0,1.0,1.0,1.0,1.0,1.0,1.0,1.0,1.0,1.0,1.0,1.0,1.0,1.0,1.0,1.0,1.0,1.0,1.0,1.0,1.0,1.0,1.0,1.0,1.0,1.0,0.9937815,1.0,1.0,1.0,1.0,0.98424613,1.0,1.0,1.0
DDX51_K562,1.0,1.0,1.0,1.0,1.0,1.0,1.0,1.0,1.0,1.0,1.0,1.0,0.99874306,1.0,1.0,1.0,1.0,1.0,1.0,1.0,1.0,1.0,1.0,1.0,0.99698275,1.0,1.0,1.0,1.0,0.9907126,1.0,1.0,1.0,1.0,1.0,0.9450227,1.0,1.0,1.0,1.0,1.0,1.0,1.0,1.0,1.0,1.0,1.0,1.0,0.99101704,1.0,1.0,1.0,1.0,1.0,1.0,1.0,0.99995613,1.0,1.0,1.0,1.0,1.0,1.0,1.0,1.0,1.0,1.0,1.0,1.0,0.9869789,1.0,1.0,1.0,1.0,1.0,1.0,1.0,1.0,1.0,1.0,1.0,1.0,1.0,1.0,1.0,0.9919228,1.0,1.0,1.0,1.0,0.999999,0.99999994,1.0,1.0,0.9876122,1.0,1.0,1.0,1.0,1.0,1.0,1.0,1.0,1.0,1.0,0.974683,1.0,1.0,1.0,1.0,1.0,1.0,1.0,1.0,1.0,1.0,1.0,1.0,0.9521907,1.0,1.0,1.0,0.99594486,1.0,1.0,1.0,1.0,1.0,1.0,1.0,1.0,1.0,1.0,1.0,1.0,1.0,1.0,1.0,1.0,1.0,1.0,1.0,1.0,1.0,1.0,1.0,1.0,1.0,1.0,1.0,1.0,1.0,1.0,1.0,1.0,1.0,1.0,1.0,1.0,1.0,1.0,1.0,1.0,1.0,1.0,1.0,1.0,0.9828628,1.0,1.0,1.0,0.9381329,1.0,1.0,1.0,1.0,1.0,1.0,1.0,1.0,1.0,1.0,1.0,0.9994196,1.0,1.0,1.0,1.0,1.0,1.0,1.0,1.0,1.0,1.0,1.0,1.0,1.0,1.0,1.0,1.0,1.0,1.0,1.0,1.0,1.0,1.0,1.0,1.0,1.0,1.0,1.0,1.0,1.0,1.0,0.9937815,1.0,1.0,1.0,1.0,0.98424613,1.0,1.0,1.0
DDX52_HepG2,1.0,1.0,1.0,1.0,1.0,1.0,1.0,1.0,1.0,1.0,1.0,1.0,0.99874306,1.0,1.0,1.0,1.0,1.0,1.0,1.0,1.0,1.0,1.0,1.0,0.99698275,1.0,1.0,1.0,1.0,0.9907125,1.0,1.0,1.0,1.0,1.0,0.9450227,1.0,1.0,1.0,1.0,1.0,1.0,1.0,1.0,1.0,1.0,1.0,1.0,0.99101704,1.0,1.0,1.0,1.0,1.0,1.0,1.0,0.99995613,1.0,1.0,1.0,1.0,1.0,1.0,1.0,1.0,1.0,1.0,1.0,1.0,0.9869789,1.0,1.0,1.0,1.0,1.0,1.0,1.0,1.0,1.0,1.0,1.0,1.0,1.0,1.0,1.0,0.9919228,1.0,1.0,1.0,1.0,0.999999,0.99999994,1.0,1.0,0.9876122,1.0,1.0,1.0,1.0,1.0,1.0,1.0,1.0,1.0,1.0,0.974683,1.0,1.0,1.0,1.0,1.0,1.0,1.0,1.0,1.0,1.0,1.0,1.0,0.9521907,1.0,1.0,1.0,0.99594486,1.0,1.0,1.0,1.0,1.0,1.0,1.0,1.0,1.0,1.0,1.0,1.0,1.0,1.0,1.0,1.0,1.0,1.0,1.0,1.0,1.0,1.0,1.0,1.0,1.0,1.0,1.0,1.0,1.0,1.0,1.0,1.0,1.0,1.0,1.0,1.0,1.0,1.0,1.0,1.0,1.0,1.0,1.0,1.0,0.9828628,1.0,1.0,1.0,0.9381329,1.0,1.0,1.0,1.0,1.0,1.0,1.0,1.0,1.0,1.0,1.0,0.9994196,1.0,1.0,1.0,1.0,1.0,1.0,1.0,1.0,1.0,1.0,1.0,1.0,1.0,1.0,1.0,1.0,1.0,1.0,1.0,1.0,1.0,1.0,1.0,1.0,1.0,1.0,1.0,1.0,1.0,1.0,0.9937815,1.0,1.0,1.0,1.0,0.98424613,1.0,1.0,1.0
DDX52_K562,1.0,1.0,1.0,1.0,1.0,1.0,1.0,1.0,1.0,1.0,1.0,1.0,0.99874306,1.0,1.0,1.0,1.0,1.0,1.0,1.0,1.0,1.0,1.0,1.0,0.99698275,1.0,1.0,1.0,1.0,0.9907125,1.0,1.0,1.0,1.0,1.0,0.94502276,1.0,1.0,1.0,1.0,1.0,1.0,1.0,1.0,1.0,1.0,1.0,1.0,0.99101704,1.0,1.0,1.0,1.0,1.0,1.0,1.0,0.99995613,1.0,1.0,1.0,1.0,1.0,1.0,1.0,1.0,1.0,1.0,1.0,1.0,0.9869789,1.0,1.0,1.0,1.0,1.0,1.0,1.0,1.0,1.0,1.0,1.0,1.0,1.0,1.0,1.0,0.9919228,1.0,1.0,1.0,1.0,0.999999,0.99999994,1.0,1.0,0.9876122,1.0,1.0,1.0,1.0,1.0,1.0,1.0,1.0,1.0,1.0,0.974683,1.0,1.0,1.0,1.0,1.0,1.0,1.0,1.0,1.0,1.0,1.0,1.0,0.95219076,1.0,1.0,1.0,0.99594486,1.0,1.0,1.0,1.0,1.0,1.0,1.0,1.0,1.0,1.0,1.0,1.0,1.0,1.0,1.0,1.0,1.0,1.0,1.0,1.0,1.0,1.0,1.0,1.0,1.0,1.0,1.0,1.0,1.0,1.0,1.0,1.0,1.0,1.0,1.0,1.0,1.0,1.0,1.0,1.0,1.0,1.0,1.0,1.0,0.9828628,1.0,1.0,1.0,0.9381328,1.0,1.0,1.0,1.0,1.0,1.0,1.0,1.0,1.0,1.0,1.0,0.9994196,1.0,1.0,1.0,1.0,1.0,1.0,1.0,1.0,1.0,1.0,1.0,1.0,1.0,1.0,1.0,1.0,1.0,1.0,1.0,1.0,1.0,1.0,1.0,1.0,1.0,1.0,1.0,1.0,1.0,1.0,0.9937815,1.0,1.0,1.0,1.0,0.98424613,1.0,1.0,1.0
DDX55_HepG2,0.9907125,0.99071246,0.99071246,0.9907124,0.99071246,0.9907125,0.9907126,0.9907125,0.9907125,0.9907125,0.9907126,0.9907126,0.99628264,0.9907124,0.99071246,0.9907125,0.9907125,0.9907125,0.9907126,0.9907126,0.9907124,0.9907125,0.9907125,0.9907125,0.998278,0.9907125,0.9907126,0.9907125,0.9907125,1.0,0.9907125,0.9907125,0.9907125,0.9907125,0.99071264,0.8917821,0.9907125,0.9907125,0.9907125,0.9907125,0.9907125,0.9907125,0.99071246,0.99071246,0.9907125,0.9907125,0.99071246,0.99071234,0.9636286,0.9907125,0.9907125,0.99071246,0.9907124,0.9907125,0.99071246,0.9907125,0.98939544,0.9907123,0.9907125,0.9907124,0.9907125,0.9907125,0.9907124,0.9907125,0.9907174,0.9907126,0.9907125,0.99071246,0.99071246,0.9996836,0.9907114,0.99071246,0.9907125,0.9907122,0.9907125,0.9907125,0.9907125,0.9907125,0.9907125,0.9907125,0.9907126,0.9907125,0.99071246,0.9907124,0.9907125,0.96546316,0.99071246,0.9907125,0.9907125,0.99071276,0.990516,0.9907566,0.9907125,0.9907124,0.95710367,0.99071246,0.9907124,0.9907123,0.9907126,0.9907125,0.9907125,0.9907125,0.99071294,0.99070656,0.99071217,0.9352283,0.9907125,0.9907125,0.9907125,0.9907125,0.9907124,0.9907125,0.99071246,0.9907126,0.9907125,0.9907125,0.9907125,0.9907125,0.90180695,0.9907125,0.9907125,0.99071246,0.998928,0.99071246,0.9907125,0.9907125,0.9907125,0.99071246,0.9907151,0.99071246,0.9907125,0.9907126,0.9907125,0.9907126,0.9907126,0.9907126,0.9907126,0.9907125,0.9907125,0.9907125,0.99071234,0.99071246,0.9907125,0.9907125,0.9907124,0.9907125,0.9907125,0.9907126,0.9907125,0.9907125,0.9907125,0.9907125,0.9907125,0.9907125,0.9907126,0.9907125,0.99071246,0.9907125,0.9907125,0.99071246,0.9907126,0.9907125,0.9907125,0.9907125,0.99071264,0.9907125,0.9907125,0.99879956,0.99071246,0.9907146,0.99071246,0.9765041,0.9907125,0.99071187,0.9907126,0.99071246,0.9907125,0.9907126,0.9907125,0.9907125,0.9907125,0.9907124,0.9907126,0.9947694,0.9907125,0.9907125,0.99071246,0.9907125,0.9907126,0.99071205,0.99071246,0.9907125,0.9907125,0.9907125,0.9907125,0.9907125,0.99071246,0.9907125,0.99071205,0.99071246,0.9907123,0.9907125,0.9907125,0.9907126,0.9907125,0.9907125,0.9907126,0.9907125,0.9907125,0.9907125,0.9907125,0.9907126,0.9907125,0.9907123,0.9996921,0.99071246,0.9907125,0.9907125,0.99071234,0.9991455,0.9907125,0.99071234,0.9907125
DDX55_K562,1.0,1.0,1.0,1.0,1.0,1.0,1.0,1.0,1.0,1.0,1.0,1.0,0.99874306,1.0,1.0,1.0,1.0,1.0,1.0,1.0,1.0,1.0,1.0,1.0,0.99698275,1.0,1.0,1.0,1.0,0.9907125,1.0,1.0,1.0,1.0,1.0,0.9450227,1.0,1.0,1.0,1.0,1.0,1.0,1.0,1.0,1.0,1.0,1.0,1.0,0.99101704,1.0,1.0,1.0,1.0,1.0,1.0,1.0,0.99995613,1.0,1.0,1.0,1.0,1.0,1.0,1.0,1.0,1.0,1.0,1.0,1.0,0.9869789,1.0,1.0,1.0,1.0,1.0,1.0,1.0,1.0,1.0,1.0,1.0,1.0,1.0,1.0,1.0,0.9919228,1.0,1.0,1.0,1.0,0.999999,0.99999994,1.0,1.0,0.9876122,1.0,1.0,1.0,1.0,1.0,1.0,1.0,1.0,1.0,1.0,0.974683,1.0,1.0,1.0,1.0,1.0,1.0,1.0,1.0,1.0,1.0,1.0,1.0,0.9521907,1.0,1.0,1.0,0.99594486,1.0,1.0,1.0,1.0,1.0,1.0,1.0,1.0,1.0,1.0,1.0,1.0,1.0,1.0,1.0,1.0,1.0,1.0,1.0,1.0,1.0,1.0,1.0,1.0,1.0,1.0,1.0,1.0,1.0,1.0,1.0,1.0,1.0,1.0,1.0,1.0,1.0,1.0,1.0,1.0,1.0,1.0,1.0,1.0,0.9828628,1.0,1.0,1.0,0.9381329,1.0,1.0,1.0,1.0,1.0,1.0,1.0,1.0,1.0,1.0,1.0,0.9994196,1.0,1.0,1.0,1.0,1.0,1.0,1.0,1.0,1.0,1.0,1.0,1.0,1.0,1.0,1.0,1.0,1.0,1.0,1.0,1.0,1.0,1.0,1.0,1.0,1.0,1.0,1.0,1.0,1.0,1.0,0.9937815,1.0,1.0,1.0,1.0,0.98424613,1.0,1.0,1.0
DDX59_HepG2,1.0,1.0,1.0,1.0,1.0,1.0,1.0,1.0,1.0,1.0,1.0,1.0,0.99874306,1.0,1.0,1.0,1.0,1.0,1.0,1.0,1.0,1.0,1.0,1.0,0.9969827,1.0,1.0,1.0,1.0,0.9907125,1.0,1.0,1.0,1.0,1.0,0.9450228,1.0,1.0,1.0,1.0,1.0,1.0,1.0,1.0,1.0,1.0,1.0,1.0,0.9910171,1.0,1.0,1.0,1.0,1.0,1.0,1.0,0.99995613,1.0,1.0,1.0,1.0,1.0,1.0,1.0,1.0,1.0,1.0,1.0,1.0,0.9869788,1.0,1.0,1.0,1.0,1.0,1.0,1.0,1.0,1.0,1.0,1.0,1.0,1.0,1.0,1.0,0.99192286,1.0,1.0,1.0,1.0,0.999999,0.99999994,1.0,1.0,0.98761225,1.0,1.0,1.0,1.0,1.0,1.0,1.0,1.0,1.0,1.0,0.97468305,1.0,1.0,1.0,1.0,1.0,1.0,1.0,1.0,1.0,1.0,1.0,1.0,0.9521908,1.0,1.0,1.0,0.9959448,1.0,1.0,1.0,1.0,1.0,1.0,1.0,1.0,1.0,1.0,1.0,1.0,1.0,1.0,1.0,1.0,1.0,1.0,1.0,1.0,1.0,1.0,1.0,1.0,1.0,1.0,1.0,1.0,1.0,1.0,1.0,1.0,1.0,1.0,1.0,1.0,1.0,1.0,1.0,1.0,1.0,1.0,1.0,1.0,0.9828627,1.0,1.0,1.0,0.93813276,1.0,1.0,1.0,1.0,1.0,1.0,1.0,1.0,1.0,1.0,1.0,0.9994196,1.0,1.0,1.0,1.0,1.0,1.0,1.0,1.0,1.0,1.0,1.0,1.0,1.0,1.0,1.0,1.0,1.0,1.0,1.0,1.0,1.0,1.0,1.0,1.0,1.0,1.0,1.0,1.0,1.0,1.0,0.9937815,1.0,1.0,1.0,1.0,0.9842461,1.0,1.0,1.0
DDX6_HepG2,1.0,1.0,1.0,1.0,1.0,1.0,1.0,1.0,1.0,1.0,1.0,1.0,0.99874306,1.0,1.0,1.0,1.0,1.0,1.0,1.0,1.0,1.0,1.0,1.0,0.9969827,1.0,1.0,1.0,1.0,0.9907125,1.0,1.0,1.0,1.0,1.0,0.9450228,1.0,1.0,1.0,1.0,1.0,1.0,1.0,1.0,1.0,1.0,1.0,1.0,0.9910171,1.0,1.0,1.0,1.0,1.0,1.0,1.0,0.99995613,1.0,1.0,1.0,1.0,1.0,1.0,1.0,1.0,1.0,1.0,1.0,1.0,0.9869788,1.0,1.0,1.0,1.0,1.0,1.0,1.0,1.0,1.0,1.0,1.0,1.0,1.0,1.0,1.0,0.99192286,1.0,1.0,1.0,1.0,0.999999,0.99999994,1.0,1.0,0.98761225,1.0,1.0,1.0,1.0,1.0,1.0,1.0,1.0,1.0,1.0,0.9746831,1.0,1.0,1.0,1.0,1.0,1.0,1.0,1.0,1.0,1.0,1.0,1.0,0.9521908,1.0,1.0,1.0,0.9959448,1.0,1.0,1.0,1.0,1.0,1.0,1.0,1.0,1.0,1.0,1.0,1.0,1.0,1.0,1.0,1.0,1.0,1.0,1.0,1.0,1.0,1.0,1.0,1.0,1.0,1.0,1.0,1.0,1.0,1.0,1.0,1.0,1.0,1.0,1.0,1.0,1.0,1.0,1.0,1.0,1.0,1.0,1.0,1.0,0.9828627,1.0,1.0,1.0,0.93813276,1.0,1.0,1.0,1.0,1.0,1.0,1.0,1.0,1.0,1.0,1.0,0.9994196,1.0,1.0,1.0,1.0,1.0,1.0,1.0,1.0,1.0,1.0,1.0,1.0,1.0,1.0,1.0,1.0,1.0,1.0,1.0,1.0,1.0,1.0,1.0,1.0,1.0,1.0,1.0,1.0,1.0,1.0,0.9937815,1.0,1.0,1.0,1.0,0.9842461,1.0,1.0,1.0
DDX6_K562,1.0,1.0,1.0,1.0,1.0,1.0,1.0,1.0,1.0,1.0,1.0,1.0,0.99874306,1.0,1.0,1.0,1.0,1.0,1.0,1.0,1.0,1.0,1.0,1.0,0.99698275,1.0,1.0,1.0,1.0,0.9907125,1.0,1.0,1.0,1.0,1.0,0.9450227,1.0,1.0,1.0,1.0,1.0,1.0,1.0,1.0,1.0,1.0,1.0,1.0,0.99101704,1.0,1.0,1.0,1.0,1.0,1.0,1.0,0.99995613,1.0,1.0,1.0,1.0,1.0,1.0,1.0,1.0,1.0,1.0,1.0,1.0,0.9869789,1.0,1.0,1.0,1.0,1.0,1.0,1.0,1.0,1.0,1.0,1.0,1.0,1.0,1.0,1.0,0.9919228,1.0,1.0,1.0,1.0,0.999999,0.99999994,1.0,1.0,0.9876122,1.0,1.0,1.0,1.0,1.0,1.0,1.0,1.0,1.0,1.0,0.974683,1.0,1.0,1.0,1.0,1.0,1.0,1.0,1.0,1.0,1.0,1.0,1.0,0.9521907,1.0,1.0,1.0,0.99594486,1.0,1.0,1.0,1.0,1.0,1.0,1.0,1.0,1.0,1.0,1.0,1.0,1.0,1.0,1.0,1.0,1.0,1.0,1.0,1.0,1.0,1.0,1.0,1.0,1.0,1.0,1.0,1.0,1.0,1.0,1.0,1.0,1.0,1.0,1.0,1.0,1.0,1.0,1.0,1.0,1.0,1.0,1.0,1.0,0.9828628,1.0,1.0,1.0,0.9381329,1.0,1.0,1.0,1.0,1.0,1.0,1.0,1.0,1.0,1.0,1.0,0.9994196,1.0,1.0,1.0,1.0,1.0,1.0,1.0,1.0,1.0,1.0,1.0,1.0,1.0,1.0,1.0,1.0,1.0,1.0,1.0,1.0,1.0,1.0,1.0,1.0,1.0,1.0,1.0,1.0,1.0,1.0,0.9937815,1.0,1.0,1.0,1.0,0.98424613,1.0,1.0,1.0
DGCR8_HepG2,1.0,1.0,1.0,1.0,1.0,1.0,1.0,1.0,1.0,1.0,1.0,1.0,0.9987431,1.0,1.0,1.0,1.0,1.0,1.0,1.0,1.0,1.0,1.0,1.0,0.9969828,1.0,1.0,1.0,1.0,0.99071264,1.0,1.0,1.0,1.0,1.0,0.94502246,1.0,1.0,1.0,1.0,1.0,1.0,1.0,1.0,1.0,1.0,1.0,1.0,0.9910169,1.0,1.0,1.0,1.0,1.0,1.0,1.0,0.99995613,1.0,1.0,1.0,1.0,1.0,1.0,1.0,1.0,1.0,1.0,1.0,1.0,0.986979,1.0,1.0,1.0,1.0,1.0,1.0,1.0,1.0,1.0,1.0,1.0,1.0,1.0,1.0,1.0,0.99192274,1.0,1.0,1.0,1.0,0.999999,0.99999994,1.0,1.0,0.98761207,1.0,1.0,1.0,1.0,1.0,1.0,1.0,1.0,1.0,1.0,0.9746828,1.0,1.0,1.0,1.0,1.0,1.0,1.0,1.0,1.0,1.0,1.0,1.0,0.95219046,1.0,1.0,1.0,0.9959449,1.0,1.0,1.0,1.0,1.0,1.0,1.0,1.0,1.0,1.0,1.0,1.0,1.0,1.0,1.0,1.0,1.0,1.0,1.0,1.0,1.0,1.0,1.0,1.0,1.0,1.0,1.0,1.0,1.0,1.0,1.0,1.0,1.0,1.0,1.0,1.0,1.0,1.0,1.0,1.0,1.0,1.0,1.0,1.0,0.98286295,1.0,1.0,1.0,0.9381331,1.0,1.0,1.0,1.0,1.0,1.0,1.0,1.0,1.0,1.0,1.0,0.9994197,1.0,1.0,1.0,1.0,1.0,1.0,1.0,1.0,1.0,1.0,1.0,1.0,1.0,1.0,1.0,1.0,1.0,1.0,1.0,1.0,1.0,1.0,1.0,1.0,1.0,1.0,1.0,1.0,1.0,1.0,0.9937816,1.0,1.0,1.0,1.0,0.98424625,1.0,1.0,1.0
DGCR8_K562,0.9450228,0.94502294,0.945023,0.945023,0.94502294,0.94502276,0.9450227,0.94502276,0.9450228,0.94502276,0.9450227,0.94502264,0.92744446,0.945023,0.9450229,0.94502276,0.9450227,0.94502276,0.9450227,0.9450226,0.94502306,0.9450227,0.94502276,0.9450228,0.91678804,0.9450227,0.9450227,0.9450227,0.94502276,0.8917821,0.9450227,0.9450228,0.9450228,0.9450227,0.94502246,1.0,0.9450228,0.9450227,0.9450227,0.9450228,0.94502276,0.9450227,0.9450229,0.94502294,0.94502276,0.9450228,0.94502294,0.94502324,0.9802658,0.9450228,0.94502276,0.94502294,0.945023,0.94502276,0.9450229,0.9450228,0.9480443,0.94502336,0.9450227,0.94502306,0.94502276,0.9450228,0.945023,0.9450228,0.945011,0.9450227,0.94502276,0.94502294,0.9450229,0.8801188,0.94502556,0.94502294,0.94502276,0.94502354,0.9450228,0.94502276,0.9450228,0.9450228,0.9450228,0.94502276,0.9450227,0.94502276,0.9450229,0.94502306,0.9450227,0.9788678,0.94502294,0.9450228,0.9450227,0.94502217,0.945492,0.9449167,0.94502276,0.9450231,0.9846277,0.94502294,0.94502306,0.94502336,0.94502264,0.94502276,0.9450228,0.94502276,0.94502175,0.9450371,0.94502366,0.994213,0.9450228,0.94502276,0.9450228,0.9450227,0.94502306,0.94502276,0.94502294,0.9450226,0.94502276,0.9450228,0.94502276,0.94502276,0.99974316,0.9450227,0.94502276,0.94502294,0.9117713,0.94502294,0.9450228,0.94502276,0.9450227,0.9450229,0.9450166,0.9450229,0.94502276,0.94502264,0.94502276,0.9450227,0.9450227,0.9450227,0.9450227,0.9450227,0.9450227,0.94502276,0.94502324,0.9450229,0.9450228,0.9450228,0.9450231,0.94502276,0.94502276,0.9450227,0.94502276,0.9450227,0.9450227,0.94502276,0.94502276,0.9450228,0.9450226,0.94502276,0.9450229,0.94502276,0.9450227,0.9450229,0.94502264,0.9450228,0.9450227,0.94502276,0.9450225,0.9450227,0.9450228,0.86854804,0.9450229,0.94501776,0.9450229,0.7733232,0.9450228,0.9450243,0.94502264,0.9450229,0.94502276,0.94502264,0.9450228,0.9450227,0.9450228,0.945023,0.9450227,0.9333351,0.9450228,0.9450227,0.9450229,0.94502276,0.9450227,0.94502395,0.94502294,0.9450228,0.9450228,0.9450228,0.94502276,0.94502276,0.9450229,0.9450228,0.94502395,0.9450229,0.94502336,0.9450228,0.94502276,0.9450227,0.94502276,0.9450227,0.94502264,0.94502276,0.94502276,0.94502276,0.9450228,0.94502264,0.94502276,0.9450233,0.90273494,0.9450229,0.9450228,0.9450227,0.94502324,0.87231934,0.9450227,0.9450232,0.9450227
DHX30_HepG2,1.0,1.0,1.0,1.0,1.0,1.0,1.0,1.0,1.0,1.0,1.0,1.0,0.99874306,1.0,1.0,1.0,1.0,1.0,1.0,1.0,1.0,1.0,1.0,1.0,0.9969827,1.0,1.0,1.0,1.0,0.9907125,1.0,1.0,1.0,1.0,1.0,0.9450228,1.0,1.0,1.0,1.0,1.0,1.0,1.0,1.0,1.0,1.0,1.0,1.0,0.99101704,1.0,1.0,1.0,1.0,1.0,1.0,1.0,0.99995613,1.0,1.0,1.0,1.0,1.0,1.0,1.0,1.0,1.0,1.0,1.0,1.0,0.9869788,1.0,1.0,1.0,1.0,1.0,1.0,1.0,1.0,1.0,1.0,1.0,1.0,1.0,1.0,1.0,0.99192286,1.0,1.0,1.0,1.0,0.999999,0.99999994,1.0,1.0,0.98761225,1.0,1.0,1.0,1.0,1.0,1.0,1.0,1.0,1.0,1.0,0.97468305,1.0,1.0,1.0,1.0,1.0,1.0,1.0,1.0,1.0,1.0,1.0,1.0,0.9521908,1.0,1.0,1.0,0.99594486,1.0,1.0,1.0,1.0,1.0,1.0,1.0,1.0,1.0,1.0,1.0,1.0,1.0,1.0,1.0,1.0,1.0,1.0,1.0,1.0,1.0,1.0,1.0,1.0,1.0,1.0,1.0,1.0,1.0,1.0,1.0,1.0,1.0,1.0,1.0,1.0,1.0,1.0,1.0,1.0,1.0,1.0,1.0,1.0,0.9828627,1.0,1.0,1.0,0.93813276,1.0,1.0,1.0,1.0,1.0,1.0,1.0,1.0,1.0,1.0,1.0,0.9994196,1.0,1.0,1.0,1.0,1.0,1.0,1.0,1.0,1.0,1.0,1.0,1.0,1.0,1.0,1.0,1.0,1.0,1.0,1.0,1.0,1.0,1.0,1.0,1.0,1.0,1.0,1.0,1.0,1.0,1.0,0.9937815,1.0,1.0,1.0,1.0,0.9842461,1.0,1.0,1.0
DHX30_K562,1.0,1.0,1.0,1.0,1.0,1.0,1.0,1.0,1.0,1.0,1.0,1.0,0.99874306,1.0,1.0,1.0,1.0,1.0,1.0,1.0,1.0,1.0,1.0,1.0,0.99698275,1.0,1.0,1.0,1.0,0.9907125,1.0,1.0,1.0,1.0,1.0,0.9450227,1.0,1.0,1.0,1.0,1.0,1.0,1.0,1.0,1.0,1.0,1.0,1.0,0.99101704,1.0,1.0,1.0,1.0,1.0,1.0,1.0,0.99995613,1.0,1.0,1.0,1.0,1.0,1.0,1.0,1.0,1.0,1.0,1.0,1.0,0.9869789,1.0,1.0,1.0,1.0,1.0,1.0,1.0,1.0,1.0,1.0,1.0,1.0,1.0,1.0,1.0,0.9919228,1.0,1.0,1.0,1.0,0.999999,0.99999994,1.0,1.0,0.9876122,1.0,1.0,1.0,1.0,1.0,1.0,1.0,1.0,1.0,1.0,0.974683,1.0,1.0,1.0,1.0,1.0,1.0,1.0,1.0,1.0,1.0,1.0,1.0,0.9521907,1.0,1.0,1.0,0.99594486,1.0,1.0,1.0,1.0,1.0,1.0,1.0,1.0,1.0,1.0,1.0,1.0,1.0,1.0,1.0,1.0,1.0,1.0,1.0,1.0,1.0,1.0,1.0,1.0,1.0,1.0,1.0,1.0,1.0,1.0,1.0,1.0,1.0,1.0,1.0,1.0,1.0,1.0,1.0,1.0,1.0,1.0,1.0,1.0,0.9828628,1.0,1.0,1.0,0.9381329,1.0,1.0,1.0,1.0,1.0,1.0,1.0,1.0,1.0,1.0,1.0,0.9994196,1.0,1.0,1.0,1.0,1.0,1.0,1.0,1.0,1.0,1.0,1.0,1.0,1.0,1.0,1.0,1.0,1.0,1.0,1.0,1.0,1.0,1.0,1.0,1.0,1.0,1.0,1.0,1.0,1.0,1.0,0.9937815,1.0,1.0,1.0,1.0,0.98424613,1.0,1.0,1.0
DKC1_HepG2,1.0,1.0,1.0,1.0,1.0,1.0,1.0,1.0,1.0,1.0,1.0,1.0,0.99874306,1.0,1.0,1.0,1.0,1.0,1.0,1.0,1.0,1.0,1.0,1.0,0.99698275,1.0,1.0,1.0,1.0,0.9907125,1.0,1.0,1.0,1.0,1.0,0.9450227,1.0,1.0,1.0,1.0,1.0,1.0,1.0,1.0,1.0,1.0,1.0,1.0,0.99101704,1.0,1.0,1.0,1.0,1.0,1.0,1.0,0.99995613,1.0,1.0,1.0,1.0,1.0,1.0,1.0,1.0,1.0,1.0,1.0,1.0,0.9869789,1.0,1.0,1.0,1.0,1.0,1.0,1.0,1.0,1.0,1.0,1.0,1.0,1.0,1.0,1.0,0.9919228,1.0,1.0,1.0,1.0,0.999999,0.99999994,1.0,1.0,0.9876122,1.0,1.0,1.0,1.0,1.0,1.0,1.0,1.0,1.0,1.0,0.974683,1.0,1.0,1.0,1.0,1.0,1.0,1.0,1.0,1.0,1.0,1.0,1.0,0.9521907,1.0,1.0,1.0,0.99594486,1.0,1.0,1.0,1.0,1.0,1.0,1.0,1.0,1.0,1.0,1.0,1.0,1.0,1.0,1.0,1.0,1.0,1.0,1.0,1.0,1.0,1.0,1.0,1.0,1.0,1.0,1.0,1.0,1.0,1.0,1.0,1.0,1.0,1.0,1.0,1.0,1.0,1.0,1.0,1.0,1.0,1.0,1.0,1.0,0.9828628,1.0,1.0,1.0,0.9381329,1.0,1.0,1.0,1.0,1.0,1.0,1.0,1.0,1.0,1.0,1.0,0.9994196,1.0,1.0,1.0,1.0,1.0,1.0,1.0,1.0,1.0,1.0,1.0,1.0,1.0,1.0,1.0,1.0,1.0,1.0,1.0,1.0,1.0,1.0,1.0,1.0,1.0,1.0,1.0,1.0,1.0,1.0,0.9937815,1.0,1.0,1.0,1.0,0.98424613,1.0,1.0,1.0
DROSHA_HepG2,1.0,1.0,1.0,1.0,1.0,1.0,1.0,1.0,1.0,1.0,1.0,1.0,0.99874306,1.0,1.0,1.0,1.0,1.0,1.0,1.0,1.0,1.0,1.0,1.0,0.9969827,1.0,1.0,1.0,1.0,0.9907125,1.0,1.0,1.0,1.0,1.0,0.9450228,1.0,1.0,1.0,1.0,1.0,1.0,1.0,1.0,1.0,1.0,1.0,1.0,0.9910171,1.0,1.0,1.0,1.0,1.0,1.0,1.0,0.99995613,1.0,1.0,1.0,1.0,1.0,1.0,1.0,1.0,1.0,1.0,1.0,1.0,0.9869788,1.0,1.0,1.0,1.0,1.0,1.0,1.0,1.0,1.0,1.0,1.0,1.0,1.0,1.0,1.0,0.99192286,1.0,1.0,1.0,1.0,0.999999,0.99999994,1.0,1.0,0.98761225,1.0,1.0,1.0,1.0,1.0,1.0,1.0,1.0,1.0,1.0,0.9746831,1.0,1.0,1.0,1.0,1.0,1.0,1.0,1.0,1.0,1.0,1.0,1.0,0.9521908,1.0,1.0,1.0,0.9959448,1.0,1.0,1.0,1.0,1.0,1.0,1.0,1.0,1.0,1.0,1.0,1.0,1.0,1.0,1.0,1.0,1.0,1.0,1.0,1.0,1.0,1.0,1.0,1.0,1.0,1.0,1.0,1.0,1.0,1.0,1.0,1.0,1.0,1.0,1.0,1.0,1.0,1.0,1.0,1.0,1.0,1.0,1.0,1.0,0.9828627,1.0,1.0,1.0,0.93813276,1.0,1.0,1.0,1.0,1.0,1.0,1.0,1.0,1.0,1.0,1.0,0.9994196,1.0,1.0,1.0,1.0,1.0,1.0,1.0,1.0,1.0,1.0,1.0,1.0,1.0,1.0,1.0,1.0,1.0,1.0,1.0,1.0,1.0,1.0,1.0,1.0,1.0,1.0,1.0,1.0,1.0,1.0,0.9937815,1.0,1.0,1.0,1.0,0.9842461,1.0,1.0,1.0
DROSHA_K562,1.0,1.0,1.0,1.0,1.0,1.0,1.0,1.0,1.0,1.0,1.0,1.0,0.99874306,1.0,1.0,1.0,1.0,1.0,1.0,1.0,1.0,1.0,1.0,1.0,0.99698275,1.0,1.0,1.0,1.0,0.9907125,1.0,1.0,1.0,1.0,1.0,0.94502276,1.0,1.0,1.0,1.0,1.0,1.0,1.0,1.0,1.0,1.0,1.0,1.0,0.99101704,1.0,1.0,1.0,1.0,1.0,1.0,1.0,0.99995613,1.0,1.0,1.0,1.0,1.0,1.0,1.0,1.0,1.0,1.0,1.0,1.0,0.9869789,1.0,1.0,1.0,1.0,1.0,1.0,1.0,1.0,1.0,1.0,1.0,1.0,1.0,1.0,1.0,0.9919228,1.0,1.0,1.0,1.0,0.999999,0.99999994,1.0,1.0,0.9876122,1.0,1.0,1.0,1.0,1.0,1.0,1.0,1.0,1.0,1.0,0.974683,1.0,1.0,1.0,1.0,1.0,1.0,1.0,1.0,1.0,1.0,1.0,1.0,0.95219076,1.0,1.0,1.0,0.99594486,1.0,1.0,1.0,1.0,1.0,1.0,1.0,1.0,1.0,1.0,1.0,1.0,1.0,1.0,1.0,1.0,1.0,1.0,1.0,1.0,1.0,1.0,1.0,1.0,1.0,1.0,1.0,1.0,1.0,1.0,1.0,1.0,1.0,1.0,1.0,1.0,1.0,1.0,1.0,1.0,1.0,1.0,1.0,1.0,0.9828628,1.0,1.0,1.0,0.9381328,1.0,1.0,1.0,1.0,1.0,1.0,1.0,1.0,1.0,1.0,1.0,0.9994196,1.0,1.0,1.0,1.0,1.0,1.0,1.0,1.0,1.0,1.0,1.0,1.0,1.0,1.0,1.0,1.0,1.0,1.0,1.0,1.0,1.0,1.0,1.0,1.0,1.0,1.0,1.0,1.0,1.0,1.0,0.9937815,1.0,1.0,1.0,1.0,0.98424613,1.0,1.0,1.0
EFTUD2_HepG2,1.0,1.0,1.0,1.0,1.0,1.0,1.0,1.0,1.0,1.0,1.0,1.0,0.99874306,1.0,1.0,1.0,1.0,1.0,1.0,1.0,1.0,1.0,1.0,1.0,0.99698275,1.0,1.0,1.0,1.0,0.9907125,1.0,1.0,1.0,1.0,1.0,0.9450227,1.0,1.0,1.0,1.0,1.0,1.0,1.0,1.0,1.0,1.0,1.0,1.0,0.99101704,1.0,1.0,1.0,1.0,1.0,1.0,1.0,0.99995613,1.0,1.0,1.0,1.0,1.0,1.0,1.0,1.0,1.0,1.0,1.0,1.0,0.9869789,1.0,1.0,1.0,1.0,1.0,1.0,1.0,1.0,1.0,1.0,1.0,1.0,1.0,1.0,1.0,0.9919228,1.0,1.0,1.0,1.0,0.999999,0.99999994,1.0,1.0,0.9876122,1.0,1.0,1.0,1.0,1.0,1.0,1.0,1.0,1.0,1.0,0.974683,1.0,1.0,1.0,1.0,1.0,1.0,1.0,1.0,1.0,1.0,1.0,1.0,0.9521907,1.0,1.0,1.0,0.99594486,1.0,1.0,1.0,1.0,1.0,1.0,1.0,1.0,1.0,1.0,1.0,1.0,1.0,1.0,1.0,1.0,1.0,1.0,1.0,1.0,1.0,1.0,1.0,1.0,1.0,1.0,1.0,1.0,1.0,1.0,1.0,1.0,1.0,1.0,1.0,1.0,1.0,1.0,1.0,1.0,1.0,1.0,1.0,1.0,0.9828628,1.0,1.0,1.0,0.9381329,1.0,1.0,1.0,1.0,1.0,1.0,1.0,1.0,1.0,1.0,1.0,0.9994196,1.0,1.0,1.0,1.0,1.0,1.0,1.0,1.0,1.0,1.0,1.0,1.0,1.0,1.0,1.0,1.0,1.0,1.0,1.0,1.0,1.0,1.0,1.0,1.0,1.0,1.0,1.0,1.0,1.0,1.0,0.9937815,1.0,1.0,1.0,1.0,0.98424613,1.0,1.0,1.0
EFTUD2_K562,1.0,1.0,1.0,1.0,1.0,1.0,1.0,1.0,1.0,1.0,1.0,1.0,0.99874306,1.0,1.0,1.0,1.0,1.0,1.0,1.0,1.0,1.0,1.0,1.0,0.9969827,1.0,1.0,1.0,1.0,0.99071246,1.0,1.0,1.0,1.0,1.0,0.9450229,1.0,1.0,1.0,1.0,1.0,1.0,1.0,1.0,1.0,1.0,1.0,1.0,0.9910171,1.0,1.0,1.0,1.0,1.0,1.0,1.0,0.99995613,1.0,1.0,1.0,1.0,1.0,1.0,1.0,1.0,1.0,1.0,1.0,1.0,0.9869788,1.0,1.0,1.0,1.0,1.0,1.0,1.0,1.0,1.0,1.0,1.0,1.0,1.0,1.0,1.0,0.99192286,1.0,1.0,1.0,1.0,0.999999,0.99999994,1.0,1.0,0.98761225,1.0,1.0,1.0,1.0,1.0,1.0,1.0,1.0,1.0,1.0,0.9746831,1.0,1.0,1.0,1.0,1.0,1.0,1.0,1.0,1.0,1.0,1.0,1.0,0.9521908,1.0,1.0,1.0,0.9959448,1.0,1.0,1.0,1.0,1.0,1.0,1.0,1.0,1.0,1.0,1.0,1.0,1.0,1.0,1.0,1.0,1.0,1.0,1.0,1.0,1.0,1.0,1.0,1.0,1.0,1.0,1.0,1.0,1.0,1.0,1.0,1.0,1.0,1.0,1.0,1.0,1.0,1.0,1.0,1.0,1.0,1.0,1.0,1.0,0.9828627,1.0,1.0,1.0,0.9381327,1.0,1.0,1.0,1.0,1.0,1.0,1.0,1.0,1.0,1.0,1.0,0.9994196,1.0,1.0,1.0,1.0,1.0,1.0,1.0,1.0,1.0,1.0,1.0,1.0,1.0,1.0,1.0,1.0,1.0,1.0,1.0,1.0,1.0,1.0,1.0,1.0,1.0,1.0,1.0,1.0,1.0,1.0,0.9937815,1.0,1.0,1.0,1.0,0.9842461,1.0,1.0,1.0
EIF3D_HepG2,1.0,1.0,1.0,1.0,1.0,1.0,1.0,1.0,1.0,1.0,1.0,1.0,0.998743,1.0,1.0,1.0,1.0,1.0,1.0,1.0,1.0,1.0,1.0,1.0,0.9969827,1.0,1.0,1.0,1.0,0.99071246,1.0,1.0,1.0,1.0,1.0,0.94502294,1.0,1.0,1.0,1.0,1.0,1.0,1.0,1.0,1.0,1.0,1.0,1.0,0.9910171,1.0,1.0,1.0,1.0,1.0,1.0,1.0,0.99995613,1.0,1.0,1.0,1.0,1.0,1.0,1.0,1.0,1.0,1.0,1.0,1.0,0.98697877,1.0,1.0,1.0,1.0,1.0,1.0,1.0,1.0,1.0,1.0,1.0,1.0,1.0,1.0,1.0,0.9919229,1.0,1.0,1.0,1.0,0.999999,0.99999994,1.0,1.0,0.9876123,1.0,1.0,1.0,1.0,1.0,1.0,1.0,1.0,1.0,1.0,0.97468317,1.0,1.0,1.0,1.0,1.0,1.0,1.0,1.0,1.0,1.0,1.0,1.0,0.95219094,1.0,1.0,1.0,0.9959448,1.0,1.0,1.0,1.0,1.0,1.0,1.0,1.0,1.0,1.0,1.0,1.0,1.0,1.0,1.0,1.0,1.0,1.0,1.0,1.0,1.0,1.0,1.0,1.0,1.0,1.0,1.0,1.0,1.0,1.0,1.0,1.0,1.0,1.0,1.0,1.0,1.0,1.0,1.0,1.0,1.0,1.0,1.0,1.0,0.98286265,1.0,1.0,1.0,0.93813264,1.0,1.0,1.0,1.0,1.0,1.0,1.0,1.0,1.0,1.0,1.0,0.9994196,1.0,1.0,1.0,1.0,1.0,1.0,1.0,1.0,1.0,1.0,1.0,1.0,1.0,1.0,1.0,1.0,1.0,1.0,1.0,1.0,1.0,1.0,1.0,1.0,1.0,1.0,1.0,1.0,1.0,1.0,0.99378145,1.0,1.0,1.0,1.0,0.984246,1.0,1.0,1.0
EIF3G_K562,1.0,1.0,1.0,1.0,1.0,1.0,1.0,1.0,1.0,1.0,1.0,1.0,0.99874306,1.0,1.0,1.0,1.0,1.0,1.0,1.0,1.0,1.0,1.0,1.0,0.9969827,1.0,1.0,1.0,1.0,0.9907125,1.0,1.0,1.0,1.0,1.0,0.94502276,1.0,1.0,1.0,1.0,1.0,1.0,1.0,1.0,1.0,1.0,1.0,1.0,0.99101704,1.0,1.0,1.0,1.0,1.0,1.0,1.0,0.99995613,1.0,1.0,1.0,1.0,1.0,1.0,1.0,1.0,1.0,1.0,1.0,1.0,0.9869788,1.0,1.0,1.0,1.0,1.0,1.0,1.0,1.0,1.0,1.0,1.0,1.0,1.0,1.0,1.0,0.99192286,1.0,1.0,1.0,1.0,0.999999,0.99999994,1.0,1.0,0.98761225,1.0,1.0,1.0,1.0,1.0,1.0,1.0,1.0,1.0,1.0,0.97468305,1.0,1.0,1.0,1.0,1.0,1.0,1.0,1.0,1.0,1.0,1.0,1.0,0.95219076,1.0,1.0,1.0,0.99594486,1.0,1.0,1.0,1.0,1.0,1.0,1.0,1.0,1.0,1.0,1.0,1.0,1.0,1.0,1.0,1.0,1.0,1.0,1.0,1.0,1.0,1.0,1.0,1.0,1.0,1.0,1.0,1.0,1.0,1.0,1.0,1.0,1.0,1.0,1.0,1.0,1.0,1.0,1.0,1.0,1.0,1.0,1.0,1.0,0.9828628,1.0,1.0,1.0,0.9381328,1.0,1.0,1.0,1.0,1.0,1.0,1.0,1.0,1.0,1.0,1.0,0.9994196,1.0,1.0,1.0,1.0,1.0,1.0,1.0,1.0,1.0,1.0,1.0,1.0,1.0,1.0,1.0,1.0,1.0,1.0,1.0,1.0,1.0,1.0,1.0,1.0,1.0,1.0,1.0,1.0,1.0,1.0,0.9937815,1.0,1.0,1.0,1.0,0.98424613,1.0,1.0,1.0
EIF3H_HepG2,1.0,1.0,1.0,1.0,1.0,1.0,1.0,1.0,1.0,1.0,1.0,1.0,0.99874306,1.0,1.0,1.0,1.0,1.0,1.0,1.0,1.0,1.0,1.0,1.0,0.9969827,1.0,1.0,1.0,1.0,0.9907125,1.0,1.0,1.0,1.0,1.0,0.9450228,1.0,1.0,1.0,1.0,1.0,1.0,1.0,1.0,1.0,1.0,1.0,1.0,0.99101704,1.0,1.0,1.0,1.0,1.0,1.0,1.0,0.99995613,1.0,1.0,1.0,1.0,1.0,1.0,1.0,1.0,1.0,1.0,1.0,1.0,0.9869788,1.0,1.0,1.0,1.0,1.0,1.0,1.0,1.0,1.0,1.0,1.0,1.0,1.0,1.0,1.0,0.99192286,1.0,1.0,1.0,1.0,0.999999,0.99999994,1.0,1.0,0.98761225,1.0,1.0,1.0,1.0,1.0,1.0,1.0,1.0,1.0,1.0,0.97468305,1.0,1.0,1.0,1.0,1.0,1.0,1.0,1.0,1.0,1.0,1.0,1.0,0.9521908,1.0,1.0,1.0,0.99594486,1.0,1.0,1.0,1.0,1.0,1.0,1.0,1.0,1.0,1.0,1.0,1.0,1.0,1.0,1.0,1.0,1.0,1.0,1.0,1.0,1.0,1.0,1.0,1.0,1.0,1.0,1.0,1.0,1.0,1.0,1.0,1.0,1.0,1.0,1.0,1.0,1.0,1.0,1.0,1.0,1.0,1.0,1.0,1.0,0.9828628,1.0,1.0,1.0,0.93813276,1.0,1.0,1.0,1.0,1.0,1.0,1.0,1.0,1.0,1.0,1.0,0.9994196,1.0,1.0,1.0,1.0,1.0,1.0,1.0,1.0,1.0,1.0,1.0,1.0,1.0,1.0,1.0,1.0,1.0,1.0,1.0,1.0,1.0,1.0,1.0,1.0,1.0,1.0,1.0,1.0,1.0,1.0,0.9937815,1.0,1.0,1.0,1.0,0.98424613,1.0,1.0,1.0
EIF4G2_K562,1.0,1.0,1.0,1.0,1.0,1.0,1.0,1.0,1.0,1.0,1.0,1.0,0.998743,1.0,1.0,1.0,1.0,1.0,1.0,1.0,1.0,1.0,1.0,1.0,0.9969827,1.0,1.0,1.0,1.0,0.99071246,1.0,1.0,1.0,1.0,1.0,0.94502294,1.0,1.0,1.0,1.0,1.0,1.0,1.0,1.0,1.0,1.0,1.0,1.0,0.9910171,1.0,1.0,1.0,1.0,1.0,1.0,1.0,0.99995613,1.0,1.0,1.0,1.0,1.0,1.0,1.0,1.0,1.0,1.0,1.0,1.0,0.98697877,1.0,1.0,1.0,1.0,1.0,1.0,1.0,1.0,1.0,1.0,1.0,1.0,1.0,1.0,1.0,0.9919229,1.0,1.0,1.0,1.0,0.999999,0.99999994,1.0,1.0,0.9876123,1.0,1.0,1.0,1.0,1.0,1.0,1.0,1.0,1.0,1.0,0.97468317,1.0,1.0,1.0,1.0,1.0,1.0,1.0,1.0,1.0,1.0,1.0,1.0,0.95219094,1.0,1.0,1.0,0.9959448,1.0,1.0,1.0,1.0,1.0,1.0,1.0,1.0,1.0,1.0,1.0,1.0,1.0,1.0,1.0,1.0,1.0,1.0,1.0,1.0,1.0,1.0,1.0,1.0,1.0,1.0,1.0,1.0,1.0,1.0,1.0,1.0,1.0,1.0,1.0,1.0,1.0,1.0,1.0,1.0,1.0,1.0,1.0,1.0,0.98286265,1.0,1.0,1.0,0.93813264,1.0,1.0,1.0,1.0,1.0,1.0,1.0,1.0,1.0,1.0,1.0,0.9994196,1.0,1.0,1.0,1.0,1.0,1.0,1.0,1.0,1.0,1.0,1.0,1.0,1.0,1.0,1.0,1.0,1.0,1.0,1.0,1.0,1.0,1.0,1.0,1.0,1.0,1.0,1.0,1.0,1.0,1.0,0.99378145,1.0,1.0,1.0,1.0,0.984246,1.0,1.0,1.0
EWSR1_K562,1.0,1.0,1.0,1.0,1.0,1.0,1.0,1.0,1.0,1.0,1.0,1.0,0.998743,1.0,1.0,1.0,1.0,1.0,1.0,1.0,1.0,1.0,1.0,1.0,0.99698263,1.0,1.0,1.0,1.0,0.99071234,1.0,1.0,1.0,1.0,1.0,0.94502324,1.0,1.0,1.0,1.0,1.0,1.0,1.0,1.0,1.0,1.0,1.0,1.0,0.9910172,1.0,1.0,1.0,1.0,1.0,1.0,1.0,0.99995613,1.0,1.0,1.0,1.0,1.0,1.0,1.0,1.0,1.0,1.0,1.0,1.0,0.9869786,1.0,1.0,1.0,1.0,1.0,1.0,1.0,1.0,1.0,1.0,1.0,1.0,1.0,1.0,1.0,0.99192303,1.0,1.0,1.0,1.0,0.999999,0.99999994,1.0,1.0,0.9876124,1.0,1.0,1.0,1.0,1.0,1.0,1.0,1.0,1.0,1.0,0.97468334,1.0,1.0,1.0,1.0,1.0,1.0,1.0,1.0,1.0,1.0,1.0,1.0,0.95219123,1.0,1.0,1.0,0.99594474,1.0,1.0,1.0,1.0,1.0,1.0,1.0,1.0,1.0,1.0,1.0,1.0,1.0,1.0,1.0,1.0,1.0,1.0,1.0,1.0,1.0,1.0,1.0,1.0,1.0,1.0,1.0,1.0,1.0,1.0,1.0,1.0,1.0,1.0,1.0,1.0,1.0,1.0,1.0,1.0,1.0,1.0,1.0,1.0,0.9828625,1.0,1.0,1.0,0.9381323,1.0,1.0,1.0,1.0,1.0,1.0,1.0,1.0,1.0,1.0,1.0,0.99941957,1.0,1.0,1.0,1.0,1.0,1.0,1.0,1.0,1.0,1.0,1.0,1.0,1.0,1.0,1.0,1.0,1.0,1.0,1.0,1.0,1.0,1.0,1.0,1.0,1.0,1.0,1.0,1.0,1.0,1.0,0.9937813,1.0,1.0,1.0,1.0,0.98424584,1.0,1.0,1.0
EXOSC5_HepG2,0.99101704,0.9910171,0.99101716,0.99101716,0.9910171,0.99101704,0.99101704,0.99101704,0.9910171,0.99101704,0.99101704,0.991017,0.98306817,0.99101716,0.9910171,0.99101704,0.99101704,0.99101704,0.99101704,0.991017,0.99101716,0.99101704,0.99101704,0.9910171,0.9776458,0.99101704,0.99101704,0.99101704,0.99101704,0.9636286,0.99101704,0.9910171,0.9910171,0.99101704,0.9910169,0.9802658,0.99101704,0.99101704,0.99101704,0.9910171,0.99101704,0.99101704,0.9910171,0.9910171,0.99101704,0.99101704,0.9910171,0.9910172,1.0,0.99101704,0.99101704,0.9910171,0.99101716,0.99101704,0.9910171,0.9910171,0.99222624,0.9910173,0.99101704,0.99101716,0.99101704,0.9910171,0.99101716,0.9910171,0.9910123,0.99101704,0.99101704,0.9910171,0.9910171,0.9566015,0.9910182,0.9910171,0.99101704,0.99101734,0.9910171,0.99101704,0.9910171,0.9910171,0.99101704,0.99101704,0.99101704,0.99101704,0.9910171,0.99101716,0.99101704,0.99997586,0.9910171,0.9910171,0.99101704,0.9910168,0.9912083,0.99097365,0.99101704,0.9910172,0.9997256,0.9910171,0.99101716,0.9910173,0.991017,0.99101704,0.9910171,0.99101704,0.9910166,0.99102294,0.9910174,0.9958296,0.9910171,0.99101704,0.9910171,0.99101704,0.99101716,0.99101704,0.9910171,0.991017,0.99101704,0.9910171,0.99101704,0.99101704,0.98449403,0.99101704,0.99101704,0.9910171,0.9749667,0.9910171,0.9910171,0.99101704,0.99101704,0.9910171,0.99101454,0.9910171,0.99101704,0.99101704,0.99101704,0.99101704,0.99101704,0.99101704,0.99101704,0.99101704,0.99101704,0.99101704,0.9910172,0.9910171,0.99101704,0.9910171,0.99101716,0.99101704,0.99101704,0.99101704,0.99101704,0.99101704,0.99101704,0.99101704,0.99101704,0.9910171,0.991017,0.99101704,0.9910171,0.99101704,0.99101704,0.9910171,0.991017,0.9910171,0.99101704,0.99101704,0.9910169,0.99101704,0.99101704,0.9493811,0.9910171,0.991015,0.9910171,0.88339627,0.9910171,0.9910177,0.991017,0.9910171,0.99101704,0.991017,0.9910171,0.99101704,0.9910171,0.99101716,0.99101704,0.9858863,0.9910171,0.99101704,0.9910171,0.99101704,0.99101704,0.9910175,0.9910171,0.9910171,0.99101704,0.9910171,0.99101704,0.99101704,0.9910171,0.9910171,0.9910175,0.9910171,0.9910173,0.9910171,0.99101704,0.99101704,0.99101704,0.99101704,0.991017,0.99101704,0.99101704,0.99101704,0.9910171,0.991017,0.99101704,0.9910173,0.96996325,0.9910171,0.9910171,0.99101704,0.9910172,0.95175976,0.99101704,0.9910172,0.99101704
EXOSC5_K562,1.0,1.0,1.0,1.0,1.0,1.0,1.0,1.0,1.0,1.0,1.0,1.0,0.99874306,1.0,1.0,1.0,1.0,1.0,1.0,1.0,1.0,1.0,1.0,1.0,0.9969827,1.0,1.0,1.0,1.0,0.9907125,1.0,1.0,1.0,1.0,1.0,0.9450228,1.0,1.0,1.0,1.0,1.0,1.0,1.0,1.0,1.0,1.0,1.0,1.0,0.99101704,1.0,1.0,1.0,1.0,1.0,1.0,1.0,0.99995613,1.0,1.0,1.0,1.0,1.0,1.0,1.0,1.0,1.0,1.0,1.0,1.0,0.9869788,1.0,1.0,1.0,1.0,1.0,1.0,1.0,1.0,1.0,1.0,1.0,1.0,1.0,1.0,1.0,0.99192286,1.0,1.0,1.0,1.0,0.999999,0.99999994,1.0,1.0,0.98761225,1.0,1.0,1.0,1.0,1.0,1.0,1.0,1.0,1.0,1.0,0.97468305,1.0,1.0,1.0,1.0,1.0,1.0,1.0,1.0,1.0,1.0,1.0,1.0,0.9521908,1.0,1.0,1.0,0.99594486,1.0,1.0,1.0,1.0,1.0,1.0,1.0,1.0,1.0,1.0,1.0,1.0,1.0,1.0,1.0,1.0,1.0,1.0,1.0,1.0,1.0,1.0,1.0,1.0,1.0,1.0,1.0,1.0,1.0,1.0,1.0,1.0,1.0,1.0,1.0,1.0,1.0,1.0,1.0,1.0,1.0,1.0,1.0,1.0,0.9828627,1.0,1.0,1.0,0.93813276,1.0,1.0,1.0,1.0,1.0,1.0,1.0,1.0,1.0,1.0,1.0,0.9994196,1.0,1.0,1.0,1.0,1.0,1.0,1.0,1.0,1.0,1.0,1.0,1.0,1.0,1.0,1.0,1.0,1.0,1.0,1.0,1.0,1.0,1.0,1.0,1.0,1.0,1.0,1.0,1.0,1.0,1.0,0.9937815,1.0,1.0,1.0,1.0,0.9842461,1.0,1.0,1.0
FAM120A_HepG2,1.0,1.0,1.0,1.0,1.0,1.0,1.0,1.0,1.0,1.0,1.0,1.0,0.99874306,1.0,1.0,1.0,1.0,1.0,1.0,1.0,1.0,1.0,1.0,1.0,0.9969827,1.0,1.0,1.0,1.0,0.9907125,1.0,1.0,1.0,1.0,1.0,0.94502276,1.0,1.0,1.0,1.0,1.0,1.0,1.0,1.0,1.0,1.0,1.0,1.0,0.99101704,1.0,1.0,1.0,1.0,1.0,1.0,1.0,0.99995613,1.0,1.0,1.0,1.0,1.0,1.0,1.0,1.0,1.0,1.0,1.0,1.0,0.9869788,1.0,1.0,1.0,1.0,1.0,1.0,1.0,1.0,1.0,1.0,1.0,1.0,1.0,1.0,1.0,0.99192286,1.0,1.0,1.0,1.0,0.999999,0.99999994,1.0,1.0,0.98761225,1.0,1.0,1.0,1.0,1.0,1.0,1.0,1.0,1.0,1.0,0.97468305,1.0,1.0,1.0,1.0,1.0,1.0,1.0,1.0,1.0,1.0,1.0,1.0,0.95219076,1.0,1.0,1.0,0.99594486,1.0,1.0,1.0,1.0,1.0,1.0,1.0,1.0,1.0,1.0,1.0,1.0,1.0,1.0,1.0,1.0,1.0,1.0,1.0,1.0,1.0,1.0,1.0,1.0,1.0,1.0,1.0,1.0,1.0,1.0,1.0,1.0,1.0,1.0,1.0,1.0,1.0,1.0,1.0,1.0,1.0,1.0,1.0,1.0,0.9828628,1.0,1.0,1.0,0.9381328,1.0,1.0,1.0,1.0,1.0,1.0,1.0,1.0,1.0,1.0,1.0,0.9994196,1.0,1.0,1.0,1.0,1.0,1.0,1.0,1.0,1.0,1.0,1.0,1.0,1.0,1.0,1.0,1.0,1.0,1.0,1.0,1.0,1.0,1.0,1.0,1.0,1.0,1.0,1.0,1.0,1.0,1.0,0.9937815,1.0,1.0,1.0,1.0,0.98424613,1.0,1.0,1.0
FAM120A_K562,1.0,1.0,1.0,1.0,1.0,1.0,1.0,1.0,1.0,1.0,1.0,1.0,0.998743,1.0,1.0,1.0,1.0,1.0,1.0,1.0,1.0,1.0,1.0,1.0,0.9969827,1.0,1.0,1.0,1.0,0.99071246,1.0,1.0,1.0,1.0,1.0,0.94502294,1.0,1.0,1.0,1.0,1.0,1.0,1.0,1.0,1.0,1.0,1.0,1.0,0.9910171,1.0,1.0,1.0,1.0,1.0,1.0,1.0,0.99995613,1.0,1.0,1.0,1.0,1.0,1.0,1.0,1.0,1.0,1.0,1.0,1.0,0.98697877,1.0,1.0,1.0,1.0,1.0,1.0,1.0,1.0,1.0,1.0,1.0,1.0,1.0,1.0,1.0,0.9919229,1.0,1.0,1.0,1.0,0.999999,0.99999994,1.0,1.0,0.9876123,1.0,1.0,1.0,1.0,1.0,1.0,1.0,1.0,1.0,1.0,0.9746831,1.0,1.0,1.0,1.0,1.0,1.0,1.0,1.0,1.0,1.0,1.0,1.0,0.9521909,1.0,1.0,1.0,0.9959448,1.0,1.0,1.0,1.0,1.0,1.0,1.0,1.0,1.0,1.0,1.0,1.0,1.0,1.0,1.0,1.0,1.0,1.0,1.0,1.0,1.0,1.0,1.0,1.0,1.0,1.0,1.0,1.0,1.0,1.0,1.0,1.0,1.0,1.0,1.0,1.0,1.0,1.0,1.0,1.0,1.0,1.0,1.0,1.0,0.9828627,1.0,1.0,1.0,0.93813264,1.0,1.0,1.0,1.0,1.0,1.0,1.0,1.0,1.0,1.0,1.0,0.9994196,1.0,1.0,1.0,1.0,1.0,1.0,1.0,1.0,1.0,1.0,1.0,1.0,1.0,1.0,1.0,1.0,1.0,1.0,1.0,1.0,1.0,1.0,1.0,1.0,1.0,1.0,1.0,1.0,1.0,1.0,0.99378145,1.0,1.0,1.0,1.0,0.9842461,1.0,1.0,1.0
FASTKD2_HepG2,1.0,1.0,1.0,1.0,1.0,1.0,1.0,1.0,1.0,1.0,1.0,1.0,0.998743,1.0,1.0,1.0,1.0,1.0,1.0,1.0,1.0,1.0,1.0,1.0,0.9969827,1.0,1.0,1.0,1.0,0.9907124,1.0,1.0,1.0,1.0,1.0,0.945023,1.0,1.0,1.0,1.0,1.0,1.0,1.0,1.0,1.0,1.0,1.0,1.0,0.99101716,1.0,1.0,1.0,1.0,1.0,1.0,1.0,0.99995613,1.0,1.0,1.0,1.0,1.0,1.0,1.0,1.0,1.0,1.0,1.0,1.0,0.9869787,1.0,1.0,1.0,1.0,1.0,1.0,1.0,1.0,1.0,1.0,1.0,1.0,1.0,1.0,1.0,0.9919229,1.0,1.0,1.0,1.0,0.999999,0.99999994,1.0,1.0,0.9876123,1.0,1.0,1.0,1.0,1.0,1.0,1.0,1.0,1.0,1.0,0.97468317,1.0,1.0,1.0,1.0,1.0,1.0,1.0,1.0,1.0,1.0,1.0,1.0,0.952191,1.0,1.0,1.0,0.9959448,1.0,1.0,1.0,1.0,1.0,1.0,1.0,1.0,1.0,1.0,1.0,1.0,1.0,1.0,1.0,1.0,1.0,1.0,1.0,1.0,1.0,1.0,1.0,1.0,1.0,1.0,1.0,1.0,1.0,1.0,1.0,1.0,1.0,1.0,1.0,1.0,1.0,1.0,1.0,1.0,1.0,1.0,1.0,1.0,0.98286265,1.0,1.0,1.0,0.9381326,1.0,1.0,1.0,1.0,1.0,1.0,1.0,1.0,1.0,1.0,1.0,0.9994196,1.0,1.0,1.0,1.0,1.0,1.0,1.0,1.0,1.0,1.0,1.0,1.0,1.0,1.0,1.0,1.0,1.0,1.0,1.0,1.0,1.0,1.0,1.0,1.0,1.0,1.0,1.0,1.0,1.0,1.0,0.99378145,1.0,1.0,1.0,1.0,0.984246,1.0,1.0,1.0
FASTKD2_K562,1.0,1.0,1.0,1.0,1.0,1.0,1.0,1.0,1.0,1.0,1.0,1.0,0.99874306,1.0,1.0,1.0,1.0,1.0,1.0,1.0,1.0,1.0,1.0,1.0,0.99698275,1.0,1.0,1.0,1.0,0.9907125,1.0,1.0,1.0,1.0,1.0,0.94502276,1.0,1.0,1.0,1.0,1.0,1.0,1.0,1.0,1.0,1.0,1.0,1.0,0.99101704,1.0,1.0,1.0,1.0,1.0,1.0,1.0,0.99995613,1.0,1.0,1.0,1.0,1.0,1.0,1.0,1.0,1.0,1.0,1.0,1.0,0.9869789,1.0,1.0,1.0,1.0,1.0,1.0,1.0,1.0,1.0,1.0,1.0,1.0,1.0,1.0,1.0,0.9919228,1.0,1.0,1.0,1.0,0.999999,0.99999994,1.0,1.0,0.9876122,1.0,1.0,1.0,1.0,1.0,1.0,1.0,1.0,1.0,1.0,0.974683,1.0,1.0,1.0,1.0,1.0,1.0,1.0,1.0,1.0,1.0,1.0,1.0,0.95219076,1.0,1.0,1.0,0.99594486,1.0,1.0,1.0,1.0,1.0,1.0,1.0,1.0,1.0,1.0,1.0,1.0,1.0,1.0,1.0,1.0,1.0,1.0,1.0,1.0,1.0,1.0,1.0,1.0,1.0,1.0,1.0,1.0,1.0,1.0,1.0,1.0,1.0,1.0,1.0,1.0,1.0,1.0,1.0,1.0,1.0,1.0,1.0,1.0,0.9828628,1.0,1.0,1.0,0.9381328,1.0,1.0,1.0,1.0,1.0,1.0,1.0,1.0,1.0,1.0,1.0,0.9994196,1.0,1.0,1.0,1.0,1.0,1.0,1.0,1.0,1.0,1.0,1.0,1.0,1.0,1.0,1.0,1.0,1.0,1.0,1.0,1.0,1.0,1.0,1.0,1.0,1.0,1.0,1.0,1.0,1.0,1.0,0.9937815,1.0,1.0,1.0,1.0,0.98424613,1.0,1.0,1.0
FKBP4_HepG2,1.0,1.0,1.0,1.0,1.0,1.0,1.0,1.0,1.0,1.0,1.0,1.0,0.99874306,1.0,1.0,1.0,1.0,1.0,1.0,1.0,1.0,1.0,1.0,1.0,0.9969827,1.0,1.0,1.0,1.0,0.99071246,1.0,1.0,1.0,1.0,1.0,0.9450229,1.0,1.0,1.0,1.0,1.0,1.0,1.0,1.0,1.0,1.0,1.0,1.0,0.9910171,1.0,1.0,1.0,1.0,1.0,1.0,1.0,0.99995613,1.0,1.0,1.0,1.0,1.0,1.0,1.0,1.0,1.0,1.0,1.0,1.0,0.98697877,1.0,1.0,1.0,1.0,1.0,1.0,1.0,1.0,1.0,1.0,1.0,1.0,1.0,1.0,1.0,0.99192286,1.0,1.0,1.0,1.0,0.999999,0.99999994,1.0,1.0,0.98761225,1.0,1.0,1.0,1.0,1.0,1.0,1.0,1.0,1.0,1.0,0.9746831,1.0,1.0,1.0,1.0,1.0,1.0,1.0,1.0,1.0,1.0,1.0,1.0,0.9521909,1.0,1.0,1.0,0.9959448,1.0,1.0,1.0,1.0,1.0,1.0,1.0,1.0,1.0,1.0,1.0,1.0,1.0,1.0,1.0,1.0,1.0,1.0,1.0,1.0,1.0,1.0,1.0,1.0,1.0,1.0,1.0,1.0,1.0,1.0,1.0,1.0,1.0,1.0,1.0,1.0,1.0,1.0,1.0,1.0,1.0,1.0,1.0,1.0,0.9828627,1.0,1.0,1.0,0.9381327,1.0,1.0,1.0,1.0,1.0,1.0,1.0,1.0,1.0,1.0,1.0,0.9994196,1.0,1.0,1.0,1.0,1.0,1.0,1.0,1.0,1.0,1.0,1.0,1.0,1.0,1.0,1.0,1.0,1.0,1.0,1.0,1.0,1.0,1.0,1.0,1.0,1.0,1.0,1.0,1.0,1.0,1.0,0.99378145,1.0,1.0,1.0,1.0,0.9842461,1.0,1.0,1.0
FMR1_K562,1.0,1.0,1.0,1.0,1.0,1.0,1.0,1.0,1.0,1.0,1.0,1.0,0.99874306,1.0,1.0,1.0,1.0,1.0,1.0,1.0,1.0,1.0,1.0,1.0,0.9969827,1.0,1.0,1.0,1.0,0.9907125,1.0,1.0,1.0,1.0,1.0,0.9450228,1.0,1.0,1.0,1.0,1.0,1.0,1.0,1.0,1.0,1.0,1.0,1.0,0.9910171,1.0,1.0,1.0,1.0,1.0,1.0,1.0,0.99995613,1.0,1.0,1.0,1.0,1.0,1.0,1.0,1.0,1.0,1.0,1.0,1.0,0.9869788,1.0,1.0,1.0,1.0,1.0,1.0,1.0,1.0,1.0,1.0,1.0,1.0,1.0,1.0,1.0,0.99192286,1.0,1.0,1.0,1.0,0.999999,0.99999994,1.0,1.0,0.98761225,1.0,1.0,1.0,1.0,1.0,1.0,1.0,1.0,1.0,1.0,0.97468305,1.0,1.0,1.0,1.0,1.0,1.0,1.0,1.0,1.0,1.0,1.0,1.0,0.9521908,1.0,1.0,1.0,0.99594486,1.0,1.0,1.0,1.0,1.0,1.0,1.0,1.0,1.0,1.0,1.0,1.0,1.0,1.0,1.0,1.0,1.0,1.0,1.0,1.0,1.0,1.0,1.0,1.0,1.0,1.0,1.0,1.0,1.0,1.0,1.0,1.0,1.0,1.0,1.0,1.0,1.0,1.0,1.0,1.0,1.0,1.0,1.0,1.0,0.9828627,1.0,1.0,1.0,0.93813276,1.0,1.0,1.0,1.0,1.0,1.0,1.0,1.0,1.0,1.0,1.0,0.9994196,1.0,1.0,1.0,1.0,1.0,1.0,1.0,1.0,1.0,1.0,1.0,1.0,1.0,1.0,1.0,1.0,1.0,1.0,1.0,1.0,1.0,1.0,1.0,1.0,1.0,1.0,1.0,1.0,1.0,1.0,0.9937815,1.0,1.0,1.0,1.0,0.9842461,1.0,1.0,1.0
FTO_HepG2,0.99995613,0.99995613,0.99995613,0.99995613,0.99995613,0.99995613,0.99995613,0.99995613,0.99995613,0.99995613,0.99995613,0.99995613,0.99822974,0.99995613,0.99995613,0.99995613,0.99995613,0.99995613,0.99995613,0.99995613,0.99995613,0.99995613,0.99995613,0.99995613,0.9962119,0.99995613,0.99995613,0.99995613,0.99995613,0.98939544,0.99995613,0.99995613,0.99995613,0.99995613,0.99995613,0.9480443,0.99995613,0.99995613,0.99995613,0.99995613,0.99995613,0.99995613,0.99995613,0.99995613,0.99995613,0.99995613,0.99995613,0.99995613,0.99222624,0.99995613,0.99995613,0.99995613,0.99995613,0.99995613,0.99995613,0.99995613,1.0,0.99995613,0.99995613,0.99995613,0.99995613,0.99995613,0.99995613,0.99995613,0.9999558,0.99995613,0.99995613,0.99995613,0.99995613,0.9854289,0.9999562,0.99995613,0.99995613,0.99995613,0.99995613,0.99995613,0.99995613,0.99995613,0.99995613,0.99995613,0.99995613,0.99995613,0.99995613,0.99995613,0.99995613,0.99306744,0.99995613,0.99995613,0.99995613,0.99995613,0.9999686,0.99995303,0.99995613,0.99995613,0.98903865,0.99995613,0.99995613,0.99995613,0.99995613,0.99995613,0.99995613,0.99995613,0.99995613,0.99995655,0.99995613,0.9767346,0.99995613,0.99995613,0.99995613,0.99995613,0.99995613,0.99995613,0.99995613,0.99995613,0.99995613,0.99995613,0.99995613,0.99995613,0.95501053,0.99995613,0.99995613,0.99995613,0.9950585,0.99995613,0.99995613,0.99995613,0.99995613,0.99995613,0.99995595,0.99995613,0.99995613,0.99995613,0.99995613,0.99995613,0.99995613,0.99995613,0.99995613,0.99995613,0.99995613,0.99995613,0.99995613,0.99995613,0.99995613,0.99995613,0.99995613,0.99995613,0.99995613,0.99995613,0.99995613,0.99995613,0.99995613,0.99995613,0.99995613,0.99995613,0.99995613,0.99995613,0.99995613,0.99995613,0.99995613,0.99995613,0.99995613,0.99995613,0.99995613,0.99995613,0.99995613,0.99995613,0.99995613,0.981093,0.99995613,0.999956,0.99995613,0.9348482,0.99995613,0.9999562,0.99995613,0.99995613,0.99995613,0.99995613,0.99995613,0.99995613,0.99995613,0.99995613,0.99995613,0.99905676,0.99995613,0.99995613,0.99995613,0.99995613,0.99995613,0.9999562,0.99995613,0.99995613,0.99995613,0.99995613,0.99995613,0.99995613,0.99995613,0.99995613,0.9999562,0.99995613,0.99995613,0.99995613,0.99995613,0.99995613,0.99995613,0.99995613,0.99995613,0.99995613,0.99995613,0.99995613,0.99995613,0.99995613,0.99995613,0.99995613,0.992695,0.99995613,0.99995613,0.99995613,0.99995613,0.98254687,0.99995613,0.99995613,0.99995613
FTO_K562,1.0,1.0,1.0,1.0,1.0,1.0,1.0,1.0,1.0,1.0,1.0,1.0,0.99874294,1.0,1.0,1.0,1.0,1.0,1.0,1.0,1.0,1.0,1.0,1.0,0.9969826,1.0,1.0,1.0,1.0,0.9907123,1.0,1.0,1.0,1.0,1.0,0.94502336,1.0,1.0,1.0,1.0,1.0,1.0,1.0,1.0,1.0,1.0,1.0,1.0,0.9910173,1.0,1.0,1.0,1.0,1.0,1.0,1.0,0.99995613,1.0,1.0,1.0,1.0,1.0,1.0,1.0,1.0,1.0,1.0,1.0,1.0,0.9869786,1.0,1.0,1.0,1.0,1.0,1.0,1.0,1.0,1.0,1.0,1.0,1.0,1.0,1.0,1.0,0.99192303,1.0,1.0,1.0,1.0,0.999999,0.99999994,1.0,1.0,0.9876125,1.0,1.0,1.0,1.0,1.0,1.0,1.0,1.0,1.0,1.0,0.9746834,1.0,1.0,1.0,1.0,1.0,1.0,1.0,1.0,1.0,1.0,1.0,1.0,0.9521913,1.0,1.0,1.0,0.9959447,1.0,1.0,1.0,1.0,1.0,1.0,1.0,1.0,1.0,1.0,1.0,1.0,1.0,1.0,1.0,1.0,1.0,1.0,1.0,1.0,1.0,1.0,1.0,1.0,1.0,1.0,1.0,1.0,1.0,1.0,1.0,1.0,1.0,1.0,1.0,1.0,1.0,1.0,1.0,1.0,1.0,1.0,1.0,1.0,0.9828624,1.0,1.0,1.0,0.9381322,1.0,1.0,1.0,1.0,1.0,1.0,1.0,1.0,1.0,1.0,1.0,0.99941957,1.0,1.0,1.0,1.0,1.0,1.0,1.0,1.0,1.0,1.0,1.0,1.0,1.0,1.0,1.0,1.0,1.0,1.0,1.0,1.0,1.0,1.0,1.0,1.0,1.0,1.0,1.0,1.0,1.0,1.0,0.9937813,1.0,1.0,1.0,1.0,0.98424584,1.0,1.0,1.0
FUBP3_HepG2,1.0,1.0,1.0,1.0,1.0,1.0,1.0,1.0,1.0,1.0,1.0,1.0,0.99874306,1.0,1.0,1.0,1.0,1.0,1.0,1.0,1.0,1.0,1.0,1.0,0.99698275,1.0,1.0,1.0,1.0,0.9907125,1.0,1.0,1.0,1.0,1.0,0.9450227,1.0,1.0,1.0,1.0,1.0,1.0,1.0,1.0,1.0,1.0,1.0,1.0,0.99101704,1.0,1.0,1.0,1.0,1.0,1.0,1.0,0.99995613,1.0,1.0,1.0,1.0,1.0,1.0,1.0,1.0,1.0,1.0,1.0,1.0,0.9869789,1.0,1.0,1.0,1.0,1.0,1.0,1.0,1.0,1.0,1.0,1.0,1.0,1.0,1.0,1.0,0.9919228,1.0,1.0,1.0,1.0,0.999999,0.99999994,1.0,1.0,0.9876122,1.0,1.0,1.0,1.0,1.0,1.0,1.0,1.0,1.0,1.0,0.974683,1.0,1.0,1.0,1.0,1.0,1.0,1.0,1.0,1.0,1.0,1.0,1.0,0.9521907,1.0,1.0,1.0,0.99594486,1.0,1.0,1.0,1.0,1.0,1.0,1.0,1.0,1.0,1.0,1.0,1.0,1.0,1.0,1.0,1.0,1.0,1.0,1.0,1.0,1.0,1.0,1.0,1.0,1.0,1.0,1.0,1.0,1.0,1.0,1.0,1.0,1.0,1.0,1.0,1.0,1.0,1.0,1.0,1.0,1.0,1.0,1.0,1.0,0.9828628,1.0,1.0,1.0,0.9381329,1.0,1.0,1.0,1.0,1.0,1.0,1.0,1.0,1.0,1.0,1.0,0.9994196,1.0,1.0,1.0,1.0,1.0,1.0,1.0,1.0,1.0,1.0,1.0,1.0,1.0,1.0,1.0,1.0,1.0,1.0,1.0,1.0,1.0,1.0,1.0,1.0,1.0,1.0,1.0,1.0,1.0,1.0,0.9937815,1.0,1.0,1.0,1.0,0.98424613,1.0,1.0,1.0
FUS_HepG2,1.0,1.0,1.0,1.0,1.0,1.0,1.0,1.0,1.0,1.0,1.0,1.0,0.998743,1.0,1.0,1.0,1.0,1.0,1.0,1.0,1.0,1.0,1.0,1.0,0.99698263,1.0,1.0,1.0,1.0,0.9907124,1.0,1.0,1.0,1.0,1.0,0.94502306,1.0,1.0,1.0,1.0,1.0,1.0,1.0,1.0,1.0,1.0,1.0,1.0,0.99101716,1.0,1.0,1.0,1.0,1.0,1.0,1.0,0.99995613,1.0,1.0,1.0,1.0,1.0,1.0,1.0,1.0,1.0,1.0,1.0,1.0,0.9869787,1.0,1.0,1.0,1.0,1.0,1.0,1.0,1.0,1.0,1.0,1.0,1.0,1.0,1.0,1.0,0.991923,1.0,1.0,1.0,1.0,0.999999,0.99999994,1.0,1.0,0.98761237,1.0,1.0,1.0,1.0,1.0,1.0,1.0,1.0,1.0,1.0,0.9746832,1.0,1.0,1.0,1.0,1.0,1.0,1.0,1.0,1.0,1.0,1.0,1.0,0.95219105,1.0,1.0,1.0,0.99594474,1.0,1.0,1.0,1.0,1.0,1.0,1.0,1.0,1.0,1.0,1.0,1.0,1.0,1.0,1.0,1.0,1.0,1.0,1.0,1.0,1.0,1.0,1.0,1.0,1.0,1.0,1.0,1.0,1.0,1.0,1.0,1.0,1.0,1.0,1.0,1.0,1.0,1.0,1.0,1.0,1.0,1.0,1.0,1.0,0.9828626,1.0,1.0,1.0,0.9381325,1.0,1.0,1.0,1.0,1.0,1.0,1.0,1.0,1.0,1.0,1.0,0.9994196,1.0,1.0,1.0,1.0,1.0,1.0,1.0,1.0,1.0,1.0,1.0,1.0,1.0,1.0,1.0,1.0,1.0,1.0,1.0,1.0,1.0,1.0,1.0,1.0,1.0,1.0,1.0,1.0,1.0,1.0,0.9937814,1.0,1.0,1.0,1.0,0.98424596,1.0,1.0,1.0
FUS_K562,1.0,1.0,1.0,1.0,1.0,1.0,1.0,1.0,1.0,1.0,1.0,1.0,0.99874306,1.0,1.0,1.0,1.0,1.0,1.0,1.0,1.0,1.0,1.0,1.0,0.9969827,1.0,1.0,1.0,1.0,0.9907125,1.0,1.0,1.0,1.0,1.0,0.94502276,1.0,1.0,1.0,1.0,1.0,1.0,1.0,1.0,1.0,1.0,1.0,1.0,0.99101704,1.0,1.0,1.0,1.0,1.0,1.0,1.0,0.99995613,1.0,1.0,1.0,1.0,1.0,1.0,1.0,1.0,1.0,1.0,1.0,1.0,0.9869788,1.0,1.0,1.0,1.0,1.0,1.0,1.0,1.0,1.0,1.0,1.0,1.0,1.0,1.0,1.0,0.99192286,1.0,1.0,1.0,1.0,0.999999,0.99999994,1.0,1.0,0.98761225,1.0,1.0,1.0,1.0,1.0,1.0,1.0,1.0,1.0,1.0,0.97468305,1.0,1.0,1.0,1.0,1.0,1.0,1.0,1.0,1.0,1.0,1.0,1.0,0.95219076,1.0,1.0,1.0,0.99594486,1.0,1.0,1.0,1.0,1.0,1.0,1.0,1.0,1.0,1.0,1.0,1.0,1.0,1.0,1.0,1.0,1.0,1.0,1.0,1.0,1.0,1.0,1.0,1.0,1.0,1.0,1.0,1.0,1.0,1.0,1.0,1.0,1.0,1.0,1.0,1.0,1.0,1.0,1.0,1.0,1.0,1.0,1.0,1.0,0.9828628,1.0,1.0,1.0,0.9381328,1.0,1.0,1.0,1.0,1.0,1.0,1.0,1.0,1.0,1.0,1.0,0.9994196,1.0,1.0,1.0,1.0,1.0,1.0,1.0,1.0,1.0,1.0,1.0,1.0,1.0,1.0,1.0,1.0,1.0,1.0,1.0,1.0,1.0,1.0,1.0,1.0,1.0,1.0,1.0,1.0,1.0,1.0,0.9937815,1.0,1.0,1.0,1.0,0.98424613,1.0,1.0,1.0
FXR1_K562,1.0,1.0,1.0,1.0,1.0,1.0,1.0,1.0,1.0,1.0,1.0,1.0,0.99874306,1.0,1.0,1.0,1.0,1.0,1.0,1.0,1.0,1.0,1.0,1.0,0.9969827,1.0,1.0,1.0,1.0,0.9907125,1.0,1.0,1.0,1.0,1.0,0.9450228,1.0,1.0,1.0,1.0,1.0,1.0,1.0,1.0,1.0,1.0,1.0,1.0,0.9910171,1.0,1.0,1.0,1.0,1.0,1.0,1.0,0.99995613,1.0,1.0,1.0,1.0,1.0,1.0,1.0,1.0,1.0,1.0,1.0,1.0,0.9869788,1.0,1.0,1.0,1.0,1.0,1.0,1.0,1.0,1.0,1.0,1.0,1.0,1.0,1.0,1.0,0.99192286,1.0,1.0,1.0,1.0,0.999999,0.99999994,1.0,1.0,0.98761225,1.0,1.0,1.0,1.0,1.0,1.0,1.0,1.0,1.0,1.0,0.9746831,1.0,1.0,1.0,1.0,1.0,1.0,1.0,1.0,1.0,1.0,1.0,1.0,0.9521908,1.0,1.0,1.0,0.9959448,1.0,1.0,1.0,1.0,1.0,1.0,1.0,1.0,1.0,1.0,1.0,1.0,1.0,1.0,1.0,1.0,1.0,1.0,1.0,1.0,1.0,1.0,1.0,1.0,1.0,1.0,1.0,1.0,1.0,1.0,1.0,1.0,1.0,1.0,1.0,1.0,1.0,1.0,1.0,1.0,1.0,1.0,1.0,1.0,0.9828627,1.0,1.0,1.0,0.93813276,1.0,1.0,1.0,1.0,1.0,1.0,1.0,1.0,1.0,1.0,1.0,0.9994196,1.0,1.0,1.0,1.0,1.0,1.0,1.0,1.0,1.0,1.0,1.0,1.0,1.0,1.0,1.0,1.0,1.0,1.0,1.0,1.0,1.0,1.0,1.0,1.0,1.0,1.0,1.0,1.0,1.0,1.0,0.9937815,1.0,1.0,1.0,1.0,0.9842461,1.0,1.0,1.0
FXR2_HepG2,1.0,1.0,1.0,1.0,1.0,1.0,1.0,1.0,1.0,1.0,1.0,1.0,0.998743,1.0,1.0,1.0,1.0,1.0,1.0,1.0,1.0,1.0,1.0,1.0,0.9969827,1.0,1.0,1.0,1.0,0.9907124,1.0,1.0,1.0,1.0,1.0,0.945023,1.0,1.0,1.0,1.0,1.0,1.0,1.0,1.0,1.0,1.0,1.0,1.0,0.99101716,1.0,1.0,1.0,1.0,1.0,1.0,1.0,0.99995613,1.0,1.0,1.0,1.0,1.0,1.0,1.0,1.0,1.0,1.0,1.0,1.0,0.9869787,1.0,1.0,1.0,1.0,1.0,1.0,1.0,1.0,1.0,1.0,1.0,1.0,1.0,1.0,1.0,0.9919229,1.0,1.0,1.0,1.0,0.999999,0.99999994,1.0,1.0,0.9876123,1.0,1.0,1.0,1.0,1.0,1.0,1.0,1.0,1.0,1.0,0.97468317,1.0,1.0,1.0,1.0,1.0,1.0,1.0,1.0,1.0,1.0,1.0,1.0,0.952191,1.0,1.0,1.0,0.9959448,1.0,1.0,1.0,1.0,1.0,1.0,1.0,1.0,1.0,1.0,1.0,1.0,1.0,1.0,1.0,1.0,1.0,1.0,1.0,1.0,1.0,1.0,1.0,1.0,1.0,1.0,1.0,1.0,1.0,1.0,1.0,1.0,1.0,1.0,1.0,1.0,1.0,1.0,1.0,1.0,1.0,1.0,1.0,1.0,0.98286265,1.0,1.0,1.0,0.9381326,1.0,1.0,1.0,1.0,1.0,1.0,1.0,1.0,1.0,1.0,1.0,0.9994196,1.0,1.0,1.0,1.0,1.0,1.0,1.0,1.0,1.0,1.0,1.0,1.0,1.0,1.0,1.0,1.0,1.0,1.0,1.0,1.0,1.0,1.0,1.0,1.0,1.0,1.0,1.0,1.0,1.0,1.0,0.99378145,1.0,1.0,1.0,1.0,0.984246,1.0,1.0,1.0
FXR2_K562,1.0,1.0,1.0,1.0,1.0,1.0,1.0,1.0,1.0,1.0,1.0,1.0,0.99874306,1.0,1.0,1.0,1.0,1.0,1.0,1.0,1.0,1.0,1.0,1.0,0.9969827,1.0,1.0,1.0,1.0,0.9907125,1.0,1.0,1.0,1.0,1.0,0.9450228,1.0,1.0,1.0,1.0,1.0,1.0,1.0,1.0,1.0,1.0,1.0,1.0,0.9910171,1.0,1.0,1.0,1.0,1.0,1.0,1.0,0.99995613,1.0,1.0,1.0,1.0,1.0,1.0,1.0,1.0,1.0,1.0,1.0,1.0,0.9869788,1.0,1.0,1.0,1.0,1.0,1.0,1.0,1.0,1.0,1.0,1.0,1.0,1.0,1.0,1.0,0.99192286,1.0,1.0,1.0,1.0,0.999999,0.99999994,1.0,1.0,0.98761225,1.0,1.0,1.0,1.0,1.0,1.0,1.0,1.0,1.0,1.0,0.9746831,1.0,1.0,1.0,1.0,1.0,1.0,1.0,1.0,1.0,1.0,1.0,1.0,0.9521908,1.0,1.0,1.0,0.9959448,1.0,1.0,1.0,1.0,1.0,1.0,1.0,1.0,1.0,1.0,1.0,1.0,1.0,1.0,1.0,1.0,1.0,1.0,1.0,1.0,1.0,1.0,1.0,1.0,1.0,1.0,1.0,1.0,1.0,1.0,1.0,1.0,1.0,1.0,1.0,1.0,1.0,1.0,1.0,1.0,1.0,1.0,1.0,1.0,0.9828627,1.0,1.0,1.0,0.93813276,1.0,1.0,1.0,1.0,1.0,1.0,1.0,1.0,1.0,1.0,1.0,0.9994196,1.0,1.0,1.0,1.0,1.0,1.0,1.0,1.0,1.0,1.0,1.0,1.0,1.0,1.0,1.0,1.0,1.0,1.0,1.0,1.0,1.0,1.0,1.0,1.0,1.0,1.0,1.0,1.0,1.0,1.0,0.9937815,1.0,1.0,1.0,1.0,0.9842461,1.0,1.0,1.0
G3BP1_HepG2,1.0,1.0,1.0,1.0,1.0,1.0,1.0,1.0,1.0,1.0,1.0,1.0,0.99874485,1.0,1.0,1.0,1.0,1.0,1.0,1.0,1.0,1.0,1.0,1.0,0.9969855,1.0,1.0,1.0,1.0,0.9907174,1.0,1.0,1.0,1.0,1.0,0.945011,1.0,1.0,1.0,1.0,1.0,1.0,1.0,1.0,1.0,1.0,1.0,1.0,0.9910123,1.0,1.0,1.0,1.0,1.0,1.0,1.0,0.9999558,1.0,1.0,1.0,1.0,1.0,1.0,1.0,1.0,1.0,1.0,1.0,1.0,0.9869846,1.0,1.0,1.0,1.0,1.0,1.0,1.0,1.0,1.0,1.0,1.0,1.0,1.0,1.0,1.0,0.99191827,1.0,1.0,1.0,1.0,0.9999989,0.99999994,1.0,1.0,0.9876066,1.0,1.0,1.0,1.0,1.0,1.0,1.0,1.0,1.0,1.0,0.974675,1.0,1.0,1.0,1.0,1.0,1.0,1.0,1.0,1.0,1.0,1.0,1.0,0.9521798,1.0,1.0,1.0,0.9959481,1.0,1.0,1.0,1.0,1.0,1.0,1.0,1.0,1.0,1.0,1.0,1.0,1.0,1.0,1.0,1.0,1.0,1.0,1.0,1.0,1.0,1.0,1.0,1.0,1.0,1.0,1.0,1.0,1.0,1.0,1.0,1.0,1.0,1.0,1.0,1.0,1.0,1.0,1.0,1.0,1.0,1.0,1.0,1.0,0.9828694,1.0,1.0,1.0,0.9381453,1.0,1.0,1.0,1.0,1.0,1.0,1.0,1.0,1.0,1.0,1.0,0.9994209,1.0,1.0,1.0,1.0,1.0,1.0,1.0,1.0,1.0,1.0,1.0,1.0,1.0,1.0,1.0,1.0,1.0,1.0,1.0,1.0,1.0,1.0,1.0,1.0,1.0,1.0,1.0,1.0,1.0,1.0,0.9937855,1.0,1.0,1.0,1.0,0.98425245,1.0,1.0,1.0
GEMIN5_K562,1.0,1.0,1.0,1.0,1.0,1.0,1.0,1.0,1.0,1.0,1.0,1.0,0.99874306,1.0,1.0,1.0,1.0,1.0,1.0,1.0,1.0,1.0,1.0,1.0,0.99698275,1.0,1.0,1.0,1.0,0.9907126,1.0,1.0,1.0,1.0,1.0,0.9450227,1.0,1.0,1.0,1.0,1.0,1.0,1.0,1.0,1.0,1.0,1.0,1.0,0.99101704,1.0,1.0,1.0,1.0,1.0,1.0,1.0,0.99995613,1.0,1.0,1.0,1.0,1.0,1.0,1.0,1.0,1.0,1.0,1.0,1.0,0.9869789,1.0,1.0,1.0,1.0,1.0,1.0,1.0,1.0,1.0,1.0,1.0,1.0,1.0,1.0,1.0,0.9919228,1.0,1.0,1.0,1.0,0.999999,0.99999994,1.0,1.0,0.9876122,1.0,1.0,1.0,1.0,1.0,1.0,1.0,1.0,1.0,1.0,0.974683,1.0,1.0,1.0,1.0,1.0,1.0,1.0,1.0,1.0,1.0,1.0,1.0,0.9521907,1.0,1.0,1.0,0.99594486,1.0,1.0,1.0,1.0,1.0,1.0,1.0,1.0,1.0,1.0,1.0,1.0,1.0,1.0,1.0,1.0,1.0,1.0,1.0,1.0,1.0,1.0,1.0,1.0,1.0,1.0,1.0,1.0,1.0,1.0,1.0,1.0,1.0,1.0,1.0,1.0,1.0,1.0,1.0,1.0,1.0,1.0,1.0,1.0,0.9828628,1.0,1.0,1.0,0.9381329,1.0,1.0,1.0,1.0,1.0,1.0,1.0,1.0,1.0,1.0,1.0,0.9994196,1.0,1.0,1.0,1.0,1.0,1.0,1.0,1.0,1.0,1.0,1.0,1.0,1.0,1.0,1.0,1.0,1.0,1.0,1.0,1.0,1.0,1.0,1.0,1.0,1.0,1.0,1.0,1.0,1.0,1.0,0.9937815,1.0,1.0,1.0,1.0,0.98424613,1.0,1.0,1.0
GNL3_K562,1.0,1.0,1.0,1.0,1.0,1.0,1.0,1.0,1.0,1.0,1.0,1.0,0.99874306,1.0,1.0,1.0,1.0,1.0,1.0,1.0,1.0,1.0,1.0,1.0,0.99698275,1.0,1.0,1.0,1.0,0.9907125,1.0,1.0,1.0,1.0,1.0,0.94502276,1.0,1.0,1.0,1.0,1.0,1.0,1.0,1.0,1.0,1.0,1.0,1.0,0.99101704,1.0,1.0,1.0,1.0,1.0,1.0,1.0,0.99995613,1.0,1.0,1.0,1.0,1.0,1.0,1.0,1.0,1.0,1.0,1.0,1.0,0.9869788,1.0,1.0,1.0,1.0,1.0,1.0,1.0,1.0,1.0,1.0,1.0,1.0,1.0,1.0,1.0,0.99192286,1.0,1.0,1.0,1.0,0.999999,0.99999994,1.0,1.0,0.98761225,1.0,1.0,1.0,1.0,1.0,1.0,1.0,1.0,1.0,1.0,0.97468305,1.0,1.0,1.0,1.0,1.0,1.0,1.0,1.0,1.0,1.0,1.0,1.0,0.95219076,1.0,1.0,1.0,0.99594486,1.0,1.0,1.0,1.0,1.0,1.0,1.0,1.0,1.0,1.0,1.0,1.0,1.0,1.0,1.0,1.0,1.0,1.0,1.0,1.0,1.0,1.0,1.0,1.0,1.0,1.0,1.0,1.0,1.0,1.0,1.0,1.0,1.0,1.0,1.0,1.0,1.0,1.0,1.0,1.0,1.0,1.0,1.0,1.0,0.9828628,1.0,1.0,1.0,0.9381328,1.0,1.0,1.0,1.0,1.0,1.0,1.0,1.0,1.0,1.0,1.0,0.9994196,1.0,1.0,1.0,1.0,1.0,1.0,1.0,1.0,1.0,1.0,1.0,1.0,1.0,1.0,1.0,1.0,1.0,1.0,1.0,1.0,1.0,1.0,1.0,1.0,1.0,1.0,1.0,1.0,1.0,1.0,0.9937815,1.0,1.0,1.0,1.0,0.98424613,1.0,1.0,1.0
GPKOW_K562,1.0,1.0,1.0,1.0,1.0,1.0,1.0,1.0,1.0,1.0,1.0,1.0,0.998743,1.0,1.0,1.0,1.0,1.0,1.0,1.0,1.0,1.0,1.0,1.0,0.9969827,1.0,1.0,1.0,1.0,0.99071246,1.0,1.0,1.0,1.0,1.0,0.94502294,1.0,1.0,1.0,1.0,1.0,1.0,1.0,1.0,1.0,1.0,1.0,1.0,0.9910171,1.0,1.0,1.0,1.0,1.0,1.0,1.0,0.99995613,1.0,1.0,1.0,1.0,1.0,1.0,1.0,1.0,1.0,1.0,1.0,1.0,0.98697877,1.0,1.0,1.0,1.0,1.0,1.0,1.0,1.0,1.0,1.0,1.0,1.0,1.0,1.0,1.0,0.9919229,1.0,1.0,1.0,1.0,0.999999,0.99999994,1.0,1.0,0.9876123,1.0,1.0,1.0,1.0,1.0,1.0,1.0,1.0,1.0,1.0,0.97468317,1.0,1.0,1.0,1.0,1.0,1.0,1.0,1.0,1.0,1.0,1.0,1.0,0.95219094,1.0,1.0,1.0,0.9959448,1.0,1.0,1.0,1.0,1.0,1.0,1.0,1.0,1.0,1.0,1.0,1.0,1.0,1.0,1.0,1.0,1.0,1.0,1.0,1.0,1.0,1.0,1.0,1.0,1.0,1.0,1.0,1.0,1.0,1.0,1.0,1.0,1.0,1.0,1.0,1.0,1.0,1.0,1.0,1.0,1.0,1.0,1.0,1.0,0.98286265,1.0,1.0,1.0,0.93813264,1.0,1.0,1.0,1.0,1.0,1.0,1.0,1.0,1.0,1.0,1.0,0.9994196,1.0,1.0,1.0,1.0,1.0,1.0,1.0,1.0,1.0,1.0,1.0,1.0,1.0,1.0,1.0,1.0,1.0,1.0,1.0,1.0,1.0,1.0,1.0,1.0,1.0,1.0,1.0,1.0,1.0,1.0,0.99378145,1.0,1.0,1.0,1.0,0.984246,1.0,1.0,1.0
GRSF1_HepG2,1.0,1.0,1.0,1.0,1.0,1.0,1.0,1.0,1.0,1.0,1.0,1.0,0.99874306,1.0,1.0,1.0,1.0,1.0,1.0,1.0,1.0,1.0,1.0,1.0,0.9969827,1.0,1.0,1.0,1.0,0.99071246,1.0,1.0,1.0,1.0,1.0,0.9450229,1.0,1.0,1.0,1.0,1.0,1.0,1.0,1.0,1.0,1.0,1.0,1.0,0.9910171,1.0,1.0,1.0,1.0,1.0,1.0,1.0,0.99995613,1.0,1.0,1.0,1.0,1.0,1.0,1.0,1.0,1.0,1.0,1.0,1.0,0.98697877,1.0,1.0,1.0,1.0,1.0,1.0,1.0,1.0,1.0,1.0,1.0,1.0,1.0,1.0,1.0,0.99192286,1.0,1.0,1.0,1.0,0.999999,0.99999994,1.0,1.0,0.9876123,1.0,1.0,1.0,1.0,1.0,1.0,1.0,1.0,1.0,1.0,0.9746831,1.0,1.0,1.0,1.0,1.0,1.0,1.0,1.0,1.0,1.0,1.0,1.0,0.9521909,1.0,1.0,1.0,0.9959448,1.0,1.0,1.0,1.0,1.0,1.0,1.0,1.0,1.0,1.0,1.0,1.0,1.0,1.0,1.0,1.0,1.0,1.0,1.0,1.0,1.0,1.0,1.0,1.0,1.0,1.0,1.0,1.0,1.0,1.0,1.0,1.0,1.0,1.0,1.0,1.0,1.0,1.0,1.0,1.0,1.0,1.0,1.0,1.0,0.9828627,1.0,1.0,1.0,0.9381327,1.0,1.0,1.0,1.0,1.0,1.0,1.0,1.0,1.0,1.0,1.0,0.9994196,1.0,1.0,1.0,1.0,1.0,1.0,1.0,1.0,1.0,1.0,1.0,1.0,1.0,1.0,1.0,1.0,1.0,1.0,1.0,1.0,1.0,1.0,1.0,1.0,1.0,1.0,1.0,1.0,1.0,1.0,0.99378145,1.0,1.0,1.0,1.0,0.9842461,1.0,1.0,1.0
GRWD1_HepG2,0.9869788,0.98697877,0.98697877,0.9869787,0.98697877,0.9869788,0.9869789,0.9869788,0.9869788,0.9869789,0.9869789,0.9869789,0.9938006,0.9869787,0.98697877,0.9869788,0.9869789,0.9869788,0.9869789,0.98697895,0.9869787,0.9869789,0.9869788,0.9869788,0.99648666,0.9869789,0.9869789,0.9869789,0.9869789,0.9996836,0.9869789,0.9869788,0.9869788,0.9869789,0.986979,0.8801188,0.9869788,0.9869789,0.9869789,0.9869788,0.9869789,0.9869789,0.9869788,0.98697877,0.9869788,0.9869788,0.98697877,0.9869786,0.9566015,0.9869788,0.9869788,0.98697877,0.9869787,0.9869789,0.98697877,0.9869788,0.9854289,0.9869786,0.9869789,0.9869787,0.9869788,0.9869788,0.9869787,0.9869788,0.9869846,0.9869789,0.9869788,0.98697877,0.98697877,1.0,0.9869775,0.98697877,0.9869788,0.9869785,0.9869788,0.9869788,0.9869788,0.9869788,0.9869788,0.9869789,0.9869789,0.9869788,0.98697877,0.9869787,0.9869789,0.95860416,0.98697877,0.9869788,0.9869789,0.9869791,0.98674655,0.9870309,0.9869789,0.98697865,0.9495127,0.98697877,0.9869787,0.9869786,0.9869789,0.9869789,0.9869788,0.9869788,0.98697937,0.9869718,0.9869784,0.9260269,0.9869788,0.9869788,0.9869788,0.9869789,0.9869787,0.9869789,0.98697877,0.98697895,0.9869788,0.9869788,0.9869788,0.9869788,0.89065176,0.9869789,0.9869789,0.98697877,0.99744755,0.98697877,0.9869788,0.9869788,0.9869789,0.9869788,0.98698187,0.98697877,0.9869788,0.9869789,0.9869788,0.9869789,0.9869789,0.9869789,0.9869789,0.9869789,0.9869789,0.9869789,0.9869786,0.98697877,0.9869788,0.9869788,0.9869787,0.9869788,0.9869788,0.9869789,0.9869788,0.9869789,0.9869789,0.9869788,0.9869788,0.9869788,0.98697895,0.9869788,0.98697877,0.9869788,0.9869789,0.98697877,0.9869789,0.9869788,0.9869789,0.9869788,0.986979,0.9869789,0.9869788,0.9997157,0.98697877,0.98698133,0.98697877,0.9816157,0.9869788,0.98697805,0.9869789,0.9869788,0.9869788,0.9869789,0.9869788,0.9869789,0.9869788,0.9869787,0.9869789,0.9918853,0.9869788,0.9869789,0.9869788,0.9869788,0.9869789,0.9869783,0.98697877,0.9869788,0.9869788,0.9869788,0.9869789,0.9869788,0.98697877,0.9869788,0.9869783,0.9869788,0.98697853,0.9869788,0.9869789,0.9869789,0.9869788,0.9869789,0.9869789,0.9869788,0.9869788,0.9869788,0.9869788,0.9869789,0.9869788,0.9869786,0.99875164,0.98697877,0.9869788,0.9869789,0.9869786,0.999869,0.9869789,0.98697865,0.9869789
GRWD1_K562,1.0,1.0,1.0,1.0,1.0,1.0,1.0,1.0,1.0,1.0,1.0,1.0,0.99874264,1.0,1.0,1.0,1.0,1.0,1.0,1.0,1.0,1.0,1.0,1.0,0.99698204,1.0,1.0,1.0,1.0,0.9907114,1.0,1.0,1.0,1.0,1.0,0.94502556,1.0,1.0,1.0,1.0,1.0,1.0,1.0,1.0,1.0,1.0,1.0,1.0,0.9910182,1.0,1.0,1.0,1.0,1.0,1.0,1.0,0.9999562,1.0,1.0,1.0,1.0,1.0,1.0,1.0,1.0,1.0,1.0,1.0,1.0,0.9869775,1.0,1.0,1.0,1.0,1.0,1.0,1.0,1.0,1.0,1.0,1.0,1.0,1.0,1.0,1.0,0.9919239,1.0,1.0,1.0,1.0,0.999999,0.99999994,1.0,1.0,0.98761356,1.0,1.0,1.0,1.0,1.0,1.0,1.0,1.0,1.0,1.0,0.9746849,1.0,1.0,1.0,1.0,1.0,1.0,1.0,1.0,1.0,1.0,1.0,1.0,0.9521933,1.0,1.0,1.0,0.9959441,1.0,1.0,1.0,1.0,1.0,1.0,1.0,1.0,1.0,1.0,1.0,1.0,1.0,1.0,1.0,1.0,1.0,1.0,1.0,1.0,1.0,1.0,1.0,1.0,1.0,1.0,1.0,1.0,1.0,1.0,1.0,1.0,1.0,1.0,1.0,1.0,1.0,1.0,1.0,1.0,1.0,1.0,1.0,1.0,0.9828612,1.0,1.0,1.0,0.9381299,1.0,1.0,1.0,1.0,1.0,1.0,1.0,1.0,1.0,1.0,1.0,0.99941933,1.0,1.0,1.0,1.0,1.0,1.0,1.0,1.0,1.0,1.0,1.0,1.0,1.0,1.0,1.0,1.0,1.0,1.0,1.0,1.0,1.0,1.0,1.0,1.0,1.0,1.0,1.0,1.0,1.0,1.0,0.99378055,1.0,1.0,1.0,1.0,0.98424464,1.0,1.0,1.0
GTF2F1_HepG2,1.0,1.0,1.0,1.0,1.0,1.0,1.0,1.0,1.0,1.0,1.0,1.0,0.998743,1.0,1.0,1.0,1.0,1.0,1.0,1.0,1.0,1.0,1.0,1.0,0.9969827,1.0,1.0,1.0,1.0,0.99071246,1.0,1.0,1.0,1.0,1.0,0.94502294,1.0,1.0,1.0,1.0,1.0,1.0,1.0,1.0,1.0,1.0,1.0,1.0,0.9910171,1.0,1.0,1.0,1.0,1.0,1.0,1.0,0.99995613,1.0,1.0,1.0,1.0,1.0,1.0,1.0,1.0,1.0,1.0,1.0,1.0,0.98697877,1.0,1.0,1.0,1.0,1.0,1.0,1.0,1.0,1.0,1.0,1.0,1.0,1.0,1.0,1.0,0.9919229,1.0,1.0,1.0,1.0,0.999999,0.99999994,1.0,1.0,0.9876123,1.0,1.0,1.0,1.0,1.0,1.0,1.0,1.0,1.0,1.0,0.97468317,1.0,1.0,1.0,1.0,1.0,1.0,1.0,1.0,1.0,1.0,1.0,1.0,0.95219094,1.0,1.0,1.0,0.9959448,1.0,1.0,1.0,1.0,1.0,1.0,1.0,1.0,1.0,1.0,1.0,1.0,1.0,1.0,1.0,1.0,1.0,1.0,1.0,1.0,1.0,1.0,1.0,1.0,1.0,1.0,1.0,1.0,1.0,1.0,1.0,1.0,1.0,1.0,1.0,1.0,1.0,1.0,1.0,1.0,1.0,1.0,1.0,1.0,0.98286265,1.0,1.0,1.0,0.93813264,1.0,1.0,1.0,1.0,1.0,1.0,1.0,1.0,1.0,1.0,1.0,0.9994196,1.0,1.0,1.0,1.0,1.0,1.0,1.0,1.0,1.0,1.0,1.0,1.0,1.0,1.0,1.0,1.0,1.0,1.0,1.0,1.0,1.0,1.0,1.0,1.0,1.0,1.0,1.0,1.0,1.0,1.0,0.99378145,1.0,1.0,1.0,1.0,0.984246,1.0,1.0,1.0
GTF2F1_K562,1.0,1.0,1.0,1.0,1.0,1.0,1.0,1.0,1.0,1.0,1.0,1.0,0.99874306,1.0,1.0,1.0,1.0,1.0,1.0,1.0,1.0,1.0,1.0,1.0,0.99698275,1.0,1.0,1.0,1.0,0.9907125,1.0,1.0,1.0,1.0,1.0,0.94502276,1.0,1.0,1.0,1.0,1.0,1.0,1.0,1.0,1.0,1.0,1.0,1.0,0.99101704,1.0,1.0,1.0,1.0,1.0,1.0,1.0,0.99995613,1.0,1.0,1.0,1.0,1.0,1.0,1.0,1.0,1.0,1.0,1.0,1.0,0.9869788,1.0,1.0,1.0,1.0,1.0,1.0,1.0,1.0,1.0,1.0,1.0,1.0,1.0,1.0,1.0,0.99192286,1.0,1.0,1.0,1.0,0.999999,0.99999994,1.0,1.0,0.98761225,1.0,1.0,1.0,1.0,1.0,1.0,1.0,1.0,1.0,1.0,0.97468305,1.0,1.0,1.0,1.0,1.0,1.0,1.0,1.0,1.0,1.0,1.0,1.0,0.95219076,1.0,1.0,1.0,0.99594486,1.0,1.0,1.0,1.0,1.0,1.0,1.0,1.0,1.0,1.0,1.0,1.0,1.0,1.0,1.0,1.0,1.0,1.0,1.0,1.0,1.0,1.0,1.0,1.0,1.0,1.0,1.0,1.0,1.0,1.0,1.0,1.0,1.0,1.0,1.0,1.0,1.0,1.0,1.0,1.0,1.0,1.0,1.0,1.0,0.9828628,1.0,1.0,1.0,0.9381328,1.0,1.0,1.0,1.0,1.0,1.0,1.0,1.0,1.0,1.0,1.0,0.9994196,1.0,1.0,1.0,1.0,1.0,1.0,1.0,1.0,1.0,1.0,1.0,1.0,1.0,1.0,1.0,1.0,1.0,1.0,1.0,1.0,1.0,1.0,1.0,1.0,1.0,1.0,1.0,1.0,1.0,1.0,0.9937815,1.0,1.0,1.0,1.0,0.98424613,1.0,1.0,1.0
HLTF_HepG2,1.0,1.0,1.0,1.0,1.0,1.0,1.0,1.0,1.0,1.0,1.0,1.0,0.99874294,1.0,1.0,1.0,1.0,1.0,1.0,1.0,1.0,1.0,1.0,1.0,0.9969826,1.0,1.0,1.0,1.0,0.9907122,1.0,1.0,1.0,1.0,1.0,0.94502354,1.0,1.0,1.0,1.0,1.0,1.0,1.0,1.0,1.0,1.0,1.0,1.0,0.99101734,1.0,1.0,1.0,1.0,1.0,1.0,1.0,0.99995613,1.0,1.0,1.0,1.0,1.0,1.0,1.0,1.0,1.0,1.0,1.0,1.0,0.9869785,1.0,1.0,1.0,1.0,1.0,1.0,1.0,1.0,1.0,1.0,1.0,1.0,1.0,1.0,1.0,0.9919231,1.0,1.0,1.0,1.0,0.999999,0.99999994,1.0,1.0,0.9876126,1.0,1.0,1.0,1.0,1.0,1.0,1.0,1.0,1.0,1.0,0.9746835,1.0,1.0,1.0,1.0,1.0,1.0,1.0,1.0,1.0,1.0,1.0,1.0,0.9521915,1.0,1.0,1.0,0.9959446,1.0,1.0,1.0,1.0,1.0,1.0,1.0,1.0,1.0,1.0,1.0,1.0,1.0,1.0,1.0,1.0,1.0,1.0,1.0,1.0,1.0,1.0,1.0,1.0,1.0,1.0,1.0,1.0,1.0,1.0,1.0,1.0,1.0,1.0,1.0,1.0,1.0,1.0,1.0,1.0,1.0,1.0,1.0,1.0,0.98286235,1.0,1.0,1.0,0.93813205,1.0,1.0,1.0,1.0,1.0,1.0,1.0,1.0,1.0,1.0,1.0,0.99941957,1.0,1.0,1.0,1.0,1.0,1.0,1.0,1.0,1.0,1.0,1.0,1.0,1.0,1.0,1.0,1.0,1.0,1.0,1.0,1.0,1.0,1.0,1.0,1.0,1.0,1.0,1.0,1.0,1.0,1.0,0.99378127,1.0,1.0,1.0,1.0,0.9842457,1.0,1.0,1.0
HLTF_K562,1.0,1.0,1.0,1.0,1.0,1.0,1.0,1.0,1.0,1.0,1.0,1.0,0.99874306,1.0,1.0,1.0,1.0,1.0,1.0,1.0,1.0,1.0,1.0,1.0,0.9969827,1.0,1.0,1.0,1.0,0.9907125,1.0,1.0,1.0,1.0,1.0,0.9450228,1.0,1.0,1.0,1.0,1.0,1.0,1.0,1.0,1.0,1.0,1.0,1.0,0.9910171,1.0,1.0,1.0,1.0,1.0,1.0,1.0,0.99995613,1.0,1.0,1.0,1.0,1.0,1.0,1.0,1.0,1.0,1.0,1.0,1.0,0.9869788,1.0,1.0,1.0,1.0,1.0,1.0,1.0,1.0,1.0,1.0,1.0,1.0,1.0,1.0,1.0,0.99192286,1.0,1.0,1.0,1.0,0.999999,0.99999994,1.0,1.0,0.98761225,1.0,1.0,1.0,1.0,1.0,1.0,1.0,1.0,1.0,1.0,0.97468305,1.0,1.0,1.0,1.0,1.0,1.0,1.0,1.0,1.0,1.0,1.0,1.0,0.9521908,1.0,1.0,1.0,0.9959448,1.0,1.0,1.0,1.0,1.0,1.0,1.0,1.0,1.0,1.0,1.0,1.0,1.0,1.0,1.0,1.0,1.0,1.0,1.0,1.0,1.0,1.0,1.0,1.0,1.0,1.0,1.0,1.0,1.0,1.0,1.0,1.0,1.0,1.0,1.0,1.0,1.0,1.0,1.0,1.0,1.0,1.0,1.0,1.0,0.9828627,1.0,1.0,1.0,0.93813276,1.0,1.0,1.0,1.0,1.0,1.0,1.0,1.0,1.0,1.0,1.0,0.9994196,1.0,1.0,1.0,1.0,1.0,1.0,1.0,1.0,1.0,1.0,1.0,1.0,1.0,1.0,1.0,1.0,1.0,1.0,1.0,1.0,1.0,1.0,1.0,1.0,1.0,1.0,1.0,1.0,1.0,1.0,0.9937815,1.0,1.0,1.0,1.0,0.9842461,1.0,1.0,1.0
HNRNPA1_HepG2,1.0,1.0,1.0,1.0,1.0,1.0,1.0,1.0,1.0,1.0,1.0,1.0,0.99874306,1.0,1.0,1.0,1.0,1.0,1.0,1.0,1.0,1.0,1.0,1.0,0.9969827,1.0,1.0,1.0,1.0,0.9907125,1.0,1.0,1.0,1.0,1.0,0.94502276,1.0,1.0,1.0,1.0,1.0,1.0,1.0,1.0,1.0,1.0,1.0,1.0,0.99101704,1.0,1.0,1.0,1.0,1.0,1.0,1.0,0.99995613,1.0,1.0,1.0,1.0,1.0,1.0,1.0,1.0,1.0,1.0,1.0,1.0,0.9869788,1.0,1.0,1.0,1.0,1.0,1.0,1.0,1.0,1.0,1.0,1.0,1.0,1.0,1.0,1.0,0.99192286,1.0,1.0,1.0,1.0,0.999999,0.99999994,1.0,1.0,0.98761225,1.0,1.0,1.0,1.0,1.0,1.0,1.0,1.0,1.0,1.0,0.97468305,1.0,1.0,1.0,1.0,1.0,1.0,1.0,1.0,1.0,1.0,1.0,1.0,0.95219076,1.0,1.0,1.0,0.99594486,1.0,1.0,1.0,1.0,1.0,1.0,1.0,1.0,1.0,1.0,1.0,1.0,1.0,1.0,1.0,1.0,1.0,1.0,1.0,1.0,1.0,1.0,1.0,1.0,1.0,1.0,1.0,1.0,1.0,1.0,1.0,1.0,1.0,1.0,1.0,1.0,1.0,1.0,1.0,1.0,1.0,1.0,1.0,1.0,0.9828628,1.0,1.0,1.0,0.9381328,1.0,1.0,1.0,1.0,1.0,1.0,1.0,1.0,1.0,1.0,1.0,0.9994196,1.0,1.0,1.0,1.0,1.0,1.0,1.0,1.0,1.0,1.0,1.0,1.0,1.0,1.0,1.0,1.0,1.0,1.0,1.0,1.0,1.0,1.0,1.0,1.0,1.0,1.0,1.0,1.0,1.0,1.0,0.9937815,1.0,1.0,1.0,1.0,0.98424613,1.0,1.0,1.0
HNRNPA1_K562,1.0,1.0,1.0,1.0,1.0,1.0,1.0,1.0,1.0,1.0,1.0,1.0,0.99874306,1.0,1.0,1.0,1.0,1.0,1.0,1.0,1.0,1.0,1.0,1.0,0.9969827,1.0,1.0,1.0,1.0,0.9907125,1.0,1.0,1.0,1.0,1.0,0.9450228,1.0,1.0,1.0,1.0,1.0,1.0,1.0,1.0,1.0,1.0,1.0,1.0,0.9910171,1.0,1.0,1.0,1.0,1.0,1.0,1.0,0.99995613,1.0,1.0,1.0,1.0,1.0,1.0,1.0,1.0,1.0,1.0,1.0,1.0,0.9869788,1.0,1.0,1.0,1.0,1.0,1.0,1.0,1.0,1.0,1.0,1.0,1.0,1.0,1.0,1.0,0.99192286,1.0,1.0,1.0,1.0,0.999999,0.99999994,1.0,1.0,0.98761225,1.0,1.0,1.0,1.0,1.0,1.0,1.0,1.0,1.0,1.0,0.9746831,1.0,1.0,1.0,1.0,1.0,1.0,1.0,1.0,1.0,1.0,1.0,1.0,0.9521908,1.0,1.0,1.0,0.9959448,1.0,1.0,1.0,1.0,1.0,1.0,1.0,1.0,1.0,1.0,1.0,1.0,1.0,1.0,1.0,1.0,1.0,1.0,1.0,1.0,1.0,1.0,1.0,1.0,1.0,1.0,1.0,1.0,1.0,1.0,1.0,1.0,1.0,1.0,1.0,1.0,1.0,1.0,1.0,1.0,1.0,1.0,1.0,1.0,0.9828627,1.0,1.0,1.0,0.93813276,1.0,1.0,1.0,1.0,1.0,1.0,1.0,1.0,1.0,1.0,1.0,0.9994196,1.0,1.0,1.0,1.0,1.0,1.0,1.0,1.0,1.0,1.0,1.0,1.0,1.0,1.0,1.0,1.0,1.0,1.0,1.0,1.0,1.0,1.0,1.0,1.0,1.0,1.0,1.0,1.0,1.0,1.0,0.9937815,1.0,1.0,1.0,1.0,0.9842461,1.0,1.0,1.0
HNRNPC_HepG2,1.0,1.0,1.0,1.0,1.0,1.0,1.0,1.0,1.0,1.0,1.0,1.0,0.99874306,1.0,1.0,1.0,1.0,1.0,1.0,1.0,1.0,1.0,1.0,1.0,0.9969827,1.0,1.0,1.0,1.0,0.9907125,1.0,1.0,1.0,1.0,1.0,0.9450228,1.0,1.0,1.0,1.0,1.0,1.0,1.0,1.0,1.0,1.0,1.0,1.0,0.9910171,1.0,1.0,1.0,1.0,1.0,1.0,1.0,0.99995613,1.0,1.0,1.0,1.0,1.0,1.0,1.0,1.0,1.0,1.0,1.0,1.0,0.9869788,1.0,1.0,1.0,1.0,1.0,1.0,1.0,1.0,1.0,1.0,1.0,1.0,1.0,1.0,1.0,0.99192286,1.0,1.0,1.0,1.0,0.999999,0.99999994,1.0,1.0,0.98761225,1.0,1.0,1.0,1.0,1.0,1.0,1.0,1.0,1.0,1.0,0.97468305,1.0,1.0,1.0,1.0,1.0,1.0,1.0,1.0,1.0,1.0,1.0,1.0,0.9521908,1.0,1.0,1.0,0.99594486,1.0,1.0,1.0,1.0,1.0,1.0,1.0,1.0,1.0,1.0,1.0,1.0,1.0,1.0,1.0,1.0,1.0,1.0,1.0,1.0,1.0,1.0,1.0,1.0,1.0,1.0,1.0,1.0,1.0,1.0,1.0,1.0,1.0,1.0,1.0,1.0,1.0,1.0,1.0,1.0,1.0,1.0,1.0,1.0,0.9828627,1.0,1.0,1.0,0.93813276,1.0,1.0,1.0,1.0,1.0,1.0,1.0,1.0,1.0,1.0,1.0,0.9994196,1.0,1.0,1.0,1.0,1.0,1.0,1.0,1.0,1.0,1.0,1.0,1.0,1.0,1.0,1.0,1.0,1.0,1.0,1.0,1.0,1.0,1.0,1.0,1.0,1.0,1.0,1.0,1.0,1.0,1.0,0.9937815,1.0,1.0,1.0,1.0,0.9842461,1.0,1.0,1.0
HNRNPC_K562,1.0,1.0,1.0,1.0,1.0,1.0,1.0,1.0,1.0,1.0,1.0,1.0,0.99874306,1.0,1.0,1.0,1.0,1.0,1.0,1.0,1.0,1.0,1.0,1.0,0.9969827,1.0,1.0,1.0,1.0,0.9907125,1.0,1.0,1.0,1.0,1.0,0.9450228,1.0,1.0,1.0,1.0,1.0,1.0,1.0,1.0,1.0,1.0,1.0,1.0,0.99101704,1.0,1.0,1.0,1.0,1.0,1.0,1.0,0.99995613,1.0,1.0,1.0,1.0,1.0,1.0,1.0,1.0,1.0,1.0,1.0,1.0,0.9869788,1.0,1.0,1.0,1.0,1.0,1.0,1.0,1.0,1.0,1.0,1.0,1.0,1.0,1.0,1.0,0.99192286,1.0,1.0,1.0,1.0,0.999999,0.99999994,1.0,1.0,0.98761225,1.0,1.0,1.0,1.0,1.0,1.0,1.0,1.0,1.0,1.0,0.97468305,1.0,1.0,1.0,1.0,1.0,1.0,1.0,1.0,1.0,1.0,1.0,1.0,0.9521908,1.0,1.0,1.0,0.99594486,1.0,1.0,1.0,1.0,1.0,1.0,1.0,1.0,1.0,1.0,1.0,1.0,1.0,1.0,1.0,1.0,1.0,1.0,1.0,1.0,1.0,1.0,1.0,1.0,1.0,1.0,1.0,1.0,1.0,1.0,1.0,1.0,1.0,1.0,1.0,1.0,1.0,1.0,1.0,1.0,1.0,1.0,1.0,1.0,0.9828628,1.0,1.0,1.0,0.93813276,1.0,1.0,1.0,1.0,1.0,1.0,1.0,1.0,1.0,1.0,1.0,0.9994196,1.0,1.0,1.0,1.0,1.0,1.0,1.0,1.0,1.0,1.0,1.0,1.0,1.0,1.0,1.0,1.0,1.0,1.0,1.0,1.0,1.0,1.0,1.0,1.0,1.0,1.0,1.0,1.0,1.0,1.0,0.9937815,1.0,1.0,1.0,1.0,0.98424613,1.0,1.0,1.0
HNRNPK_HepG2,1.0,1.0,1.0,1.0,1.0,1.0,1.0,1.0,1.0,1.0,1.0,1.0,0.99874306,1.0,1.0,1.0,1.0,1.0,1.0,1.0,1.0,1.0,1.0,1.0,0.99698275,1.0,1.0,1.0,1.0,0.9907125,1.0,1.0,1.0,1.0,1.0,0.94502276,1.0,1.0,1.0,1.0,1.0,1.0,1.0,1.0,1.0,1.0,1.0,1.0,0.99101704,1.0,1.0,1.0,1.0,1.0,1.0,1.0,0.99995613,1.0,1.0,1.0,1.0,1.0,1.0,1.0,1.0,1.0,1.0,1.0,1.0,0.9869789,1.0,1.0,1.0,1.0,1.0,1.0,1.0,1.0,1.0,1.0,1.0,1.0,1.0,1.0,1.0,0.9919228,1.0,1.0,1.0,1.0,0.999999,0.99999994,1.0,1.0,0.9876122,1.0,1.0,1.0,1.0,1.0,1.0,1.0,1.0,1.0,1.0,0.974683,1.0,1.0,1.0,1.0,1.0,1.0,1.0,1.0,1.0,1.0,1.0,1.0,0.95219076,1.0,1.0,1.0,0.99594486,1.0,1.0,1.0,1.0,1.0,1.0,1.0,1.0,1.0,1.0,1.0,1.0,1.0,1.0,1.0,1.0,1.0,1.0,1.0,1.0,1.0,1.0,1.0,1.0,1.0,1.0,1.0,1.0,1.0,1.0,1.0,1.0,1.0,1.0,1.0,1.0,1.0,1.0,1.0,1.0,1.0,1.0,1.0,1.0,0.9828628,1.0,1.0,1.0,0.9381328,1.0,1.0,1.0,1.0,1.0,1.0,1.0,1.0,1.0,1.0,1.0,0.9994196,1.0,1.0,1.0,1.0,1.0,1.0,1.0,1.0,1.0,1.0,1.0,1.0,1.0,1.0,1.0,1.0,1.0,1.0,1.0,1.0,1.0,1.0,1.0,1.0,1.0,1.0,1.0,1.0,1.0,1.0,0.9937815,1.0,1.0,1.0,1.0,0.98424613,1.0,1.0,1.0
HNRNPK_K562,1.0,1.0,1.0,1.0,1.0,1.0,1.0,1.0,1.0,1.0,1.0,1.0,0.99874306,1.0,1.0,1.0,1.0,1.0,1.0,1.0,1.0,1.0,1.0,1.0,0.99698275,1.0,1.0,1.0,1.0,0.9907126,1.0,1.0,1.0,1.0,1.0,0.9450227,1.0,1.0,1.0,1.0,1.0,1.0,1.0,1.0,1.0,1.0,1.0,1.0,0.99101704,1.0,1.0,1.0,1.0,1.0,1.0,1.0,0.99995613,1.0,1.0,1.0,1.0,1.0,1.0,1.0,1.0,1.0,1.0,1.0,1.0,0.9869789,1.0,1.0,1.0,1.0,1.0,1.0,1.0,1.0,1.0,1.0,1.0,1.0,1.0,1.0,1.0,0.9919228,1.0,1.0,1.0,1.0,0.999999,0.99999994,1.0,1.0,0.9876122,1.0,1.0,1.0,1.0,1.0,1.0,1.0,1.0,1.0,1.0,0.974683,1.0,1.0,1.0,1.0,1.0,1.0,1.0,1.0,1.0,1.0,1.0,1.0,0.9521907,1.0,1.0,1.0,0.99594486,1.0,1.0,1.0,1.0,1.0,1.0,1.0,1.0,1.0,1.0,1.0,1.0,1.0,1.0,1.0,1.0,1.0,1.0,1.0,1.0,1.0,1.0,1.0,1.0,1.0,1.0,1.0,1.0,1.0,1.0,1.0,1.0,1.0,1.0,1.0,1.0,1.0,1.0,1.0,1.0,1.0,1.0,1.0,1.0,0.98286283,1.0,1.0,1.0,0.93813294,1.0,1.0,1.0,1.0,1.0,1.0,1.0,1.0,1.0,1.0,1.0,0.9994196,1.0,1.0,1.0,1.0,1.0,1.0,1.0,1.0,1.0,1.0,1.0,1.0,1.0,1.0,1.0,1.0,1.0,1.0,1.0,1.0,1.0,1.0,1.0,1.0,1.0,1.0,1.0,1.0,1.0,1.0,0.99378157,1.0,1.0,1.0,1.0,0.9842462,1.0,1.0,1.0
HNRNPL_HepG2,1.0,1.0,1.0,1.0,1.0,1.0,1.0,1.0,1.0,1.0,1.0,1.0,0.99874306,1.0,1.0,1.0,1.0,1.0,1.0,1.0,1.0,1.0,1.0,1.0,0.9969827,1.0,1.0,1.0,1.0,0.9907125,1.0,1.0,1.0,1.0,1.0,0.94502276,1.0,1.0,1.0,1.0,1.0,1.0,1.0,1.0,1.0,1.0,1.0,1.0,0.99101704,1.0,1.0,1.0,1.0,1.0,1.0,1.0,0.99995613,1.0,1.0,1.0,1.0,1.0,1.0,1.0,1.0,1.0,1.0,1.0,1.0,0.9869788,1.0,1.0,1.0,1.0,1.0,1.0,1.0,1.0,1.0,1.0,1.0,1.0,1.0,1.0,1.0,0.99192286,1.0,1.0,1.0,1.0,0.999999,0.99999994,1.0,1.0,0.98761225,1.0,1.0,1.0,1.0,1.0,1.0,1.0,1.0,1.0,1.0,0.97468305,1.0,1.0,1.0,1.0,1.0,1.0,1.0,1.0,1.0,1.0,1.0,1.0,0.95219076,1.0,1.0,1.0,0.99594486,1.0,1.0,1.0,1.0,1.0,1.0,1.0,1.0,1.0,1.0,1.0,1.0,1.0,1.0,1.0,1.0,1.0,1.0,1.0,1.0,1.0,1.0,1.0,1.0,1.0,1.0,1.0,1.0,1.0,1.0,1.0,1.0,1.0,1.0,1.0,1.0,1.0,1.0,1.0,1.0,1.0,1.0,1.0,1.0,0.9828628,1.0,1.0,1.0,0.9381328,1.0,1.0,1.0,1.0,1.0,1.0,1.0,1.0,1.0,1.0,1.0,0.9994196,1.0,1.0,1.0,1.0,1.0,1.0,1.0,1.0,1.0,1.0,1.0,1.0,1.0,1.0,1.0,1.0,1.0,1.0,1.0,1.0,1.0,1.0,1.0,1.0,1.0,1.0,1.0,1.0,1.0,1.0,0.9937815,1.0,1.0,1.0,1.0,0.98424613,1.0,1.0,1.0
HNRNPL_K562,1.0,1.0,1.0,1.0,1.0,1.0,1.0,1.0,1.0,1.0,1.0,1.0,0.99874306,1.0,1.0,1.0,1.0,1.0,1.0,1.0,1.0,1.0,1.0,1.0,0.9969827,1.0,1.0,1.0,1.0,0.99071246,1.0,1.0,1.0,1.0,1.0,0.9450229,1.0,1.0,1.0,1.0,1.0,1.0,1.0,1.0,1.0,1.0,1.0,1.0,0.9910171,1.0,1.0,1.0,1.0,1.0,1.0,1.0,0.99995613,1.0,1.0,1.0,1.0,1.0,1.0,1.0,1.0,1.0,1.0,1.0,1.0,0.98697877,1.0,1.0,1.0,1.0,1.0,1.0,1.0,1.0,1.0,1.0,1.0,1.0,1.0,1.0,1.0,0.99192286,1.0,1.0,1.0,1.0,0.999999,0.99999994,1.0,1.0,0.98761225,1.0,1.0,1.0,1.0,1.0,1.0,1.0,1.0,1.0,1.0,0.9746831,1.0,1.0,1.0,1.0,1.0,1.0,1.0,1.0,1.0,1.0,1.0,1.0,0.9521909,1.0,1.0,1.0,0.9959448,1.0,1.0,1.0,1.0,1.0,1.0,1.0,1.0,1.0,1.0,1.0,1.0,1.0,1.0,1.0,1.0,1.0,1.0,1.0,1.0,1.0,1.0,1.0,1.0,1.0,1.0,1.0,1.0,1.0,1.0,1.0,1.0,1.0,1.0,1.0,1.0,1.0,1.0,1.0,1.0,1.0,1.0,1.0,1.0,0.9828627,1.0,1.0,1.0,0.9381327,1.0,1.0,1.0,1.0,1.0,1.0,1.0,1.0,1.0,1.0,1.0,0.9994196,1.0,1.0,1.0,1.0,1.0,1.0,1.0,1.0,1.0,1.0,1.0,1.0,1.0,1.0,1.0,1.0,1.0,1.0,1.0,1.0,1.0,1.0,1.0,1.0,1.0,1.0,1.0,1.0,1.0,1.0,0.99378145,1.0,1.0,1.0,1.0,0.9842461,1.0,1.0,1.0
HNRNPM_HepG2,1.0,1.0,1.0,1.0,1.0,1.0,1.0,1.0,1.0,1.0,1.0,1.0,0.998743,1.0,1.0,1.0,1.0,1.0,1.0,1.0,1.0,1.0,1.0,1.0,0.99698263,1.0,1.0,1.0,1.0,0.9907124,1.0,1.0,1.0,1.0,1.0,0.94502306,1.0,1.0,1.0,1.0,1.0,1.0,1.0,1.0,1.0,1.0,1.0,1.0,0.99101716,1.0,1.0,1.0,1.0,1.0,1.0,1.0,0.99995613,1.0,1.0,1.0,1.0,1.0,1.0,1.0,1.0,1.0,1.0,1.0,1.0,0.9869787,1.0,1.0,1.0,1.0,1.0,1.0,1.0,1.0,1.0,1.0,1.0,1.0,1.0,1.0,1.0,0.9919229,1.0,1.0,1.0,1.0,0.999999,0.99999994,1.0,1.0,0.98761237,1.0,1.0,1.0,1.0,1.0,1.0,1.0,1.0,1.0,1.0,0.9746832,1.0,1.0,1.0,1.0,1.0,1.0,1.0,1.0,1.0,1.0,1.0,1.0,0.952191,1.0,1.0,1.0,0.9959448,1.0,1.0,1.0,1.0,1.0,1.0,1.0,1.0,1.0,1.0,1.0,1.0,1.0,1.0,1.0,1.0,1.0,1.0,1.0,1.0,1.0,1.0,1.0,1.0,1.0,1.0,1.0,1.0,1.0,1.0,1.0,1.0,1.0,1.0,1.0,1.0,1.0,1.0,1.0,1.0,1.0,1.0,1.0,1.0,0.9828626,1.0,1.0,1.0,0.9381325,1.0,1.0,1.0,1.0,1.0,1.0,1.0,1.0,1.0,1.0,1.0,0.9994196,1.0,1.0,1.0,1.0,1.0,1.0,1.0,1.0,1.0,1.0,1.0,1.0,1.0,1.0,1.0,1.0,1.0,1.0,1.0,1.0,1.0,1.0,1.0,1.0,1.0,1.0,1.0,1.0,1.0,1.0,0.99378145,1.0,1.0,1.0,1.0,0.98424596,1.0,1.0,1.0
HNRNPM_K562,1.0,1.0,1.0,1.0,1.0,1.0,1.0,1.0,1.0,1.0,1.0,1.0,0.99874306,1.0,1.0,1.0,1.0,1.0,1.0,1.0,1.0,1.0,1.0,1.0,0.99698275,1.0,1.0,1.0,1.0,0.9907125,1.0,1.0,1.0,1.0,1.0,0.9450227,1.0,1.0,1.0,1.0,1.0,1.0,1.0,1.0,1.0,1.0,1.0,1.0,0.99101704,1.0,1.0,1.0,1.0,1.0,1.0,1.0,0.99995613,1.0,1.0,1.0,1.0,1.0,1.0,1.0,1.0,1.0,1.0,1.0,1.0,0.9869789,1.0,1.0,1.0,1.0,1.0,1.0,1.0,1.0,1.0,1.0,1.0,1.0,1.0,1.0,1.0,0.9919228,1.0,1.0,1.0,1.0,0.999999,0.99999994,1.0,1.0,0.9876122,1.0,1.0,1.0,1.0,1.0,1.0,1.0,1.0,1.0,1.0,0.974683,1.0,1.0,1.0,1.0,1.0,1.0,1.0,1.0,1.0,1.0,1.0,1.0,0.9521907,1.0,1.0,1.0,0.99594486,1.0,1.0,1.0,1.0,1.0,1.0,1.0,1.0,1.0,1.0,1.0,1.0,1.0,1.0,1.0,1.0,1.0,1.0,1.0,1.0,1.0,1.0,1.0,1.0,1.0,1.0,1.0,1.0,1.0,1.0,1.0,1.0,1.0,1.0,1.0,1.0,1.0,1.0,1.0,1.0,1.0,1.0,1.0,1.0,0.9828628,1.0,1.0,1.0,0.9381329,1.0,1.0,1.0,1.0,1.0,1.0,1.0,1.0,1.0,1.0,1.0,0.9994196,1.0,1.0,1.0,1.0,1.0,1.0,1.0,1.0,1.0,1.0,1.0,1.0,1.0,1.0,1.0,1.0,1.0,1.0,1.0,1.0,1.0,1.0,1.0,1.0,1.0,1.0,1.0,1.0,1.0,1.0,0.9937815,1.0,1.0,1.0,1.0,0.98424613,1.0,1.0,1.0
HNRNPU_HepG2,0.99192286,0.9919229,0.9919229,0.9919229,0.9919229,0.99192286,0.9919228,0.9919228,0.99192286,0.9919228,0.9919228,0.9919228,0.98431826,0.9919229,0.99192286,0.99192286,0.9919228,0.9919228,0.9919228,0.99192274,0.991923,0.9919228,0.99192286,0.99192286,0.9790839,0.9919228,0.9919228,0.9919228,0.9919228,0.96546316,0.9919228,0.99192286,0.99192286,0.9919228,0.99192274,0.9788678,0.99192286,0.9919228,0.9919228,0.99192286,0.9919228,0.9919228,0.99192286,0.9919229,0.99192286,0.99192286,0.9919229,0.99192303,0.99997586,0.99192286,0.99192286,0.9919229,0.9919229,0.9919228,0.99192286,0.99192286,0.99306744,0.99192303,0.9919228,0.991923,0.99192286,0.99192286,0.9919229,0.99192286,0.99191827,0.9919228,0.99192286,0.9919229,0.99192286,0.95860416,0.9919239,0.9919229,0.99192286,0.9919231,0.99192286,0.99192286,0.99192286,0.99192286,0.99192286,0.9919228,0.9919228,0.99192286,0.99192286,0.9919229,0.9919228,1.0,0.9919229,0.99192286,0.9919228,0.9919226,0.9921042,0.99188167,0.9919228,0.991923,0.99953854,0.9919229,0.991923,0.99192303,0.9919228,0.9919228,0.99192286,0.9919228,0.99192244,0.9919284,0.9919232,0.99517125,0.99192286,0.9919228,0.99192286,0.9919228,0.9919229,0.9919228,0.9919229,0.99192274,0.9919228,0.99192286,0.99192286,0.99192286,0.98325074,0.9919228,0.9919228,0.9919229,0.9764889,0.9919229,0.99192286,0.99192286,0.9919228,0.99192286,0.9919205,0.99192286,0.99192286,0.9919228,0.99192286,0.9919228,0.9919228,0.9919228,0.9919228,0.9919228,0.9919228,0.9919228,0.99192303,0.99192286,0.99192286,0.99192286,0.991923,0.9919228,0.99192286,0.9919228,0.99192286,0.9919228,0.9919228,0.9919228,0.99192286,0.99192286,0.9919228,0.99192286,0.99192286,0.99192286,0.9919228,0.9919229,0.9919228,0.99192286,0.9919228,0.9919228,0.99192274,0.9919228,0.99192286,0.95154196,0.9919229,0.9919209,0.99192286,0.8866328,0.99192286,0.99192345,0.9919228,0.99192286,0.9919228,0.9919228,0.99192286,0.9919228,0.99192286,0.9919229,0.9919228,0.98702633,0.99192286,0.9919228,0.99192286,0.9919228,0.9919228,0.9919233,0.9919229,0.99192286,0.99192286,0.99192286,0.9919228,0.99192286,0.99192286,0.99192286,0.9919233,0.99192286,0.9919231,0.99192286,0.9919228,0.9919228,0.99192286,0.9919228,0.9919228,0.99192286,0.9919228,0.99192286,0.99192286,0.9919228,0.99192286,0.99192303,0.97163093,0.99192286,0.99192286,0.9919228,0.99192303,0.95386994,0.9919228,0.991923,0.9919228
HNRNPU_K562,1.0,1.0,1.0,1.0,1.0,1.0,1.0,1.0,1.0,1.0,1.0,1.0,0.998743,1.0,1.0,1.0,1.0,1.0,1.0,1.0,1.0,1.0,1.0,1.0,0.9969827,1.0,1.0,1.0,1.0,0.99071246,1.0,1.0,1.0,1.0,1.0,0.94502294,1.0,1.0,1.0,1.0,1.0,1.0,1.0,1.0,1.0,1.0,1.0,1.0,0.9910171,1.0,1.0,1.0,1.0,1.0,1.0,1.0,0.99995613,1.0,1.0,1.0,1.0,1.0,1.0,1.0,1.0,1.0,1.0,1.0,1.0,0.98697877,1.0,1.0,1.0,1.0,1.0,1.0,1.0,1.0,1.0,1.0,1.0,1.0,1.0,1.0,1.0,0.9919229,1.0,1.0,1.0,1.0,0.999999,0.99999994,1.0,1.0,0.9876123,1.0,1.0,1.0,1.0,1.0,1.0,1.0,1.0,1.0,1.0,0.97468317,1.0,1.0,1.0,1.0,1.0,1.0,1.0,1.0,1.0,1.0,1.0,1.0,0.95219094,1.0,1.0,1.0,0.9959448,1.0,1.0,1.0,1.0,1.0,1.0,1.0,1.0,1.0,1.0,1.0,1.0,1.0,1.0,1.0,1.0,1.0,1.0,1.0,1.0,1.0,1.0,1.0,1.0,1.0,1.0,1.0,1.0,1.0,1.0,1.0,1.0,1.0,1.0,1.0,1.0,1.0,1.0,1.0,1.0,1.0,1.0,1.0,1.0,0.98286265,1.0,1.0,1.0,0.93813264,1.0,1.0,1.0,1.0,1.0,1.0,1.0,1.0,1.0,1.0,1.0,0.9994196,1.0,1.0,1.0,1.0,1.0,1.0,1.0,1.0,1.0,1.0,1.0,1.0,1.0,1.0,1.0,1.0,1.0,1.0,1.0,1.0,1.0,1.0,1.0,1.0,1.0,1.0,1.0,1.0,1.0,1.0,0.99378145,1.0,1.0,1.0,1.0,0.984246,1.0,1.0,1.0
HNRNPUL1_HepG2,1.0,1.0,1.0,1.0,1.0,1.0,1.0,1.0,1.0,1.0,1.0,1.0,0.99874306,1.0,1.0,1.0,1.0,1.0,1.0,1.0,1.0,1.0,1.0,1.0,0.9969827,1.0,1.0,1.0,1.0,0.9907125,1.0,1.0,1.0,1.0,1.0,0.9450228,1.0,1.0,1.0,1.0,1.0,1.0,1.0,1.0,1.0,1.0,1.0,1.0,0.9910171,1.0,1.0,1.0,1.0,1.0,1.0,1.0,0.99995613,1.0,1.0,1.0,1.0,1.0,1.0,1.0,1.0,1.0,1.0,1.0,1.0,0.9869788,1.0,1.0,1.0,1.0,1.0,1.0,1.0,1.0,1.0,1.0,1.0,1.0,1.0,1.0,1.0,0.99192286,1.0,1.0,1.0,1.0,0.999999,0.99999994,1.0,1.0,0.98761225,1.0,1.0,1.0,1.0,1.0,1.0,1.0,1.0,1.0,1.0,0.9746831,1.0,1.0,1.0,1.0,1.0,1.0,1.0,1.0,1.0,1.0,1.0,1.0,0.9521908,1.0,1.0,1.0,0.9959448,1.0,1.0,1.0,1.0,1.0,1.0,1.0,1.0,1.0,1.0,1.0,1.0,1.0,1.0,1.0,1.0,1.0,1.0,1.0,1.0,1.0,1.0,1.0,1.0,1.0,1.0,1.0,1.0,1.0,1.0,1.0,1.0,1.0,1.0,1.0,1.0,1.0,1.0,1.0,1.0,1.0,1.0,1.0,1.0,0.9828627,1.0,1.0,1.0,0.93813276,1.0,1.0,1.0,1.0,1.0,1.0,1.0,1.0,1.0,1.0,1.0,0.9994196,1.0,1.0,1.0,1.0,1.0,1.0,1.0,1.0,1.0,1.0,1.0,1.0,1.0,1.0,1.0,1.0,1.0,1.0,1.0,1.0,1.0,1.0,1.0,1.0,1.0,1.0,1.0,1.0,1.0,1.0,0.9937815,1.0,1.0,1.0,1.0,0.9842461,1.0,1.0,1.0
HNRNPUL1_K562,1.0,1.0,1.0,1.0,1.0,1.0,1.0,1.0,1.0,1.0,1.0,1.0,0.99874306,1.0,1.0,1.0,1.0,1.0,1.0,1.0,1.0,1.0,1.0,1.0,0.99698275,1.0,1.0,1.0,1.0,0.9907125,1.0,1.0,1.0,1.0,1.0,0.9450227,1.0,1.0,1.0,1.0,1.0,1.0,1.0,1.0,1.0,1.0,1.0,1.0,0.99101704,1.0,1.0,1.0,1.0,1.0,1.0,1.0,0.99995613,1.0,1.0,1.0,1.0,1.0,1.0,1.0,1.0,1.0,1.0,1.0,1.0,0.9869789,1.0,1.0,1.0,1.0,1.0,1.0,1.0,1.0,1.0,1.0,1.0,1.0,1.0,1.0,1.0,0.9919228,1.0,1.0,1.0,1.0,0.999999,0.99999994,1.0,1.0,0.9876122,1.0,1.0,1.0,1.0,1.0,1.0,1.0,1.0,1.0,1.0,0.974683,1.0,1.0,1.0,1.0,1.0,1.0,1.0,1.0,1.0,1.0,1.0,1.0,0.9521907,1.0,1.0,1.0,0.99594486,1.0,1.0,1.0,1.0,1.0,1.0,1.0,1.0,1.0,1.0,1.0,1.0,1.0,1.0,1.0,1.0,1.0,1.0,1.0,1.0,1.0,1.0,1.0,1.0,1.0,1.0,1.0,1.0,1.0,1.0,1.0,1.0,1.0,1.0,1.0,1.0,1.0,1.0,1.0,1.0,1.0,1.0,1.0,1.0,0.9828628,1.0,1.0,1.0,0.9381329,1.0,1.0,1.0,1.0,1.0,1.0,1.0,1.0,1.0,1.0,1.0,0.9994196,1.0,1.0,1.0,1.0,1.0,1.0,1.0,1.0,1.0,1.0,1.0,1.0,1.0,1.0,1.0,1.0,1.0,1.0,1.0,1.0,1.0,1.0,1.0,1.0,1.0,1.0,1.0,1.0,1.0,1.0,0.9937815,1.0,1.0,1.0,1.0,0.98424613,1.0,1.0,1.0
IGF2BP1_HepG2,1.0,1.0,1.0,1.0,1.0,1.0,1.0,1.0,1.0,1.0,1.0,1.0,0.9987431,1.0,1.0,1.0,1.0,1.0,1.0,1.0,1.0,1.0,1.0,1.0,0.9969829,1.0,1.0,1.0,1.0,0.99071276,1.0,1.0,1.0,1.0,1.0,0.94502217,1.0,1.0,1.0,1.0,1.0,1.0,1.0,1.0,1.0,1.0,1.0,1.0,0.9910168,1.0,1.0,1.0,1.0,1.0,1.0,1.0,0.99995613,1.0,1.0,1.0,1.0,1.0,1.0,1.0,1.0,1.0,1.0,1.0,1.0,0.9869791,1.0,1.0,1.0,1.0,1.0,1.0,1.0,1.0,1.0,1.0,1.0,1.0,1.0,1.0,1.0,0.9919226,1.0,1.0,1.0,1.0,0.999999,0.99999994,1.0,1.0,0.98761195,1.0,1.0,1.0,1.0,1.0,1.0,1.0,1.0,1.0,1.0,0.9746826,1.0,1.0,1.0,1.0,1.0,1.0,1.0,1.0,1.0,1.0,1.0,1.0,0.9521902,1.0,1.0,1.0,0.995945,1.0,1.0,1.0,1.0,1.0,1.0,1.0,1.0,1.0,1.0,1.0,1.0,1.0,1.0,1.0,1.0,1.0,1.0,1.0,1.0,1.0,1.0,1.0,1.0,1.0,1.0,1.0,1.0,1.0,1.0,1.0,1.0,1.0,1.0,1.0,1.0,1.0,1.0,1.0,1.0,1.0,1.0,1.0,1.0,0.98286307,1.0,1.0,1.0,0.9381334,1.0,1.0,1.0,1.0,1.0,1.0,1.0,1.0,1.0,1.0,1.0,0.9994197,1.0,1.0,1.0,1.0,1.0,1.0,1.0,1.0,1.0,1.0,1.0,1.0,1.0,1.0,1.0,1.0,1.0,1.0,1.0,1.0,1.0,1.0,1.0,1.0,1.0,1.0,1.0,1.0,1.0,1.0,0.9937817,1.0,1.0,1.0,1.0,0.98424643,1.0,1.0,1.0
IGF2BP1_K562,0.999999,0.999999,0.999999,0.999999,0.999999,0.999999,0.999999,0.999999,0.999999,0.999999,0.999999,0.999999,0.9986699,0.999999,0.999999,0.999999,0.999999,0.999999,0.999999,0.999999,0.999999,0.999999,0.999999,0.999999,0.9968701,0.999999,0.999999,0.999999,0.999999,0.990516,0.999999,0.999999,0.999999,0.999999,0.999999,0.945492,0.999999,0.999999,0.999999,0.999999,0.999999,0.999999,0.999999,0.999999,0.999999,0.999999,0.999999,0.999999,0.9912083,0.999999,0.999999,0.999999,0.999999,0.999999,0.999999,0.999999,0.9999686,0.999999,0.999999,0.999999,0.999999,0.999999,0.999999,0.999999,0.9999989,0.999999,0.999999,0.999999,0.999999,0.98674655,0.999999,0.999999,0.999999,0.999999,0.999999,0.999999,0.999999,0.999999,0.999999,0.999999,0.999999,0.999999,0.999999,0.999999,0.999999,0.9921042,0.999999,0.999999,0.999999,0.999999,1.0,0.99999845,0.999999,0.999999,0.98783684,0.999999,0.999999,0.999999,0.999999,0.999999,0.999999,0.999999,0.999999,0.99999905,0.999999,0.97500354,0.999999,0.999999,0.999999,0.999999,0.999999,0.999999,0.999999,0.999999,0.999999,0.999999,0.999999,0.999999,0.9526291,0.999999,0.999999,0.999999,0.99581444,0.999999,0.999999,0.999999,0.999999,0.999999,0.9999989,0.999999,0.999999,0.999999,0.999999,0.999999,0.999999,0.999999,0.999999,0.999999,0.999999,0.999999,0.999999,0.999999,0.999999,0.999999,0.999999,0.999999,0.999999,0.999999,0.999999,0.999999,0.999999,0.999999,0.999999,0.999999,0.999999,0.999999,0.999999,0.999999,0.999999,0.999999,0.999999,0.999999,0.999999,0.999999,0.999999,0.999999,0.999999,0.9825967,0.999999,0.9999989,0.999999,0.93763393,0.999999,0.999999,0.999999,0.999999,0.999999,0.999999,0.999999,0.999999,0.999999,0.999999,0.999999,0.9993696,0.999999,0.999999,0.999999,0.999999,0.999999,0.999999,0.999999,0.999999,0.999999,0.999999,0.999999,0.999999,0.999999,0.999999,0.999999,0.999999,0.999999,0.999999,0.999999,0.999999,0.999999,0.999999,0.999999,0.999999,0.999999,0.999999,0.999999,0.999999,0.999999,0.999999,0.9936204,0.999999,0.999999,0.999999,0.999999,0.98399085,0.999999,0.999999,0.999999
IGF2BP2_K562,0.99999994,0.99999994,0.99999994,0.99999994,0.99999994,0.99999994,0.99999994,0.99999994,0.99999994,0.99999994,0.99999994,0.99999994,0.99875927,0.99999994,0.99999994,0.99999994,0.99999994,0.99999994,0.99999994,0.99999994,0.99999994,0.99999994,0.99999994,0.99999994,0.99700785,0.99999994,0.99999994,0.99999994,0.99999994,0.9907566,0.99999994,0.99999994,0.99999994,0.99999994,0.99999994,0.9449167,0.99999994,0.99999994,0.99999994,0.99999994,0.99999994,0.99999994,0.99999994,0.99999994,0.99999994,0.99999994,0.99999994,0.99999994,0.99097365,0.99999994,0.99999994,0.99999994,0.99999994,0.99999994,0.99999994,0.99999994,0.99995303,0.99999994,0.99999994,0.99999994,0.99999994,0.99999994,0.99999994,0.99999994,0.99999994,0.99999994,0.99999994,0.99999994,0.99999994,0.9870309,0.99999994,0.99999994,0.99999994,0.99999994,0.99999994,0.99999994,0.99999994,0.99999994,0.99999994,0.99999994,0.99999994,0.99999994,0.99999994,0.99999994,0.99999994,0.99188167,0.99999994,0.99999994,0.99999994,0.99999994,0.99999845,1.0,0.99999994,0.99999994,0.9875613,0.99999994,0.99999994,0.99999994,0.99999994,0.99999994,0.99999994,0.99999994,0.99999994,0.99999994,0.99999994,0.9746105,0.99999994,0.99999994,0.99999994,0.99999994,0.99999994,0.99999994,0.99999994,0.99999994,0.99999994,0.99999994,0.99999994,0.99999994,0.95209163,0.99999994,0.99999994,0.99999994,0.99597394,0.99999994,0.99999994,0.99999994,0.99999994,0.99999994,0.99999994,0.99999994,0.99999994,0.99999994,0.99999994,0.99999994,0.99999994,0.99999994,0.99999994,0.99999994,0.99999994,0.99999994,0.99999994,0.99999994,0.99999994,0.99999994,0.99999994,0.99999994,0.99999994,0.99999994,0.99999994,0.99999994,0.99999994,0.99999994,0.99999994,0.99999994,0.99999994,0.99999994,0.99999994,0.99999994,0.99999994,0.99999994,0.99999994,0.99999994,0.99999994,0.99999994,0.99999994,0.99999994,0.99999994,0.9829225,0.99999994,0.99999994,0.99999994,0.93824506,0.99999994,0.99999994,0.99999994,0.99999994,0.99999994,0.99999994,0.99999994,0.99999994,0.99999994,0.99999994,0.99999994,0.99943066,0.99999994,0.99999994,0.99999994,0.99999994,0.99999994,0.99999994,0.99999994,0.99999994,0.99999994,0.99999994,0.99999994,0.99999994,0.99999994,0.99999994,0.99999994,0.99999994,0.99999994,0.99999994,0.99999994,0.99999994,0.99999994,0.99999994,0.99999994,0.99999994,0.99999994,0.99999994,0.99999994,0.99999994,0.99999994,0.99999994,0.99381757,0.99999994,0.99999994,0.99999994,0.99999994,0.9843034,0.99999994,0.99999994,0.99999994
IGF2BP3_HepG2,1.0,1.0,1.0,1.0,1.0,1.0,1.0,1.0,1.0,1.0,1.0,1.0,0.99874306,1.0,1.0,1.0,1.0,1.0,1.0,1.0,1.0,1.0,1.0,1.0,0.99698275,1.0,1.0,1.0,1.0,0.9907125,1.0,1.0,1.0,1.0,1.0,0.94502276,1.0,1.0,1.0,1.0,1.0,1.0,1.0,1.0,1.0,1.0,1.0,1.0,0.99101704,1.0,1.0,1.0,1.0,1.0,1.0,1.0,0.99995613,1.0,1.0,1.0,1.0,1.0,1.0,1.0,1.0,1.0,1.0,1.0,1.0,0.9869789,1.0,1.0,1.0,1.0,1.0,1.0,1.0,1.0,1.0,1.0,1.0,1.0,1.0,1.0,1.0,0.9919228,1.0,1.0,1.0,1.0,0.999999,0.99999994,1.0,1.0,0.9876122,1.0,1.0,1.0,1.0,1.0,1.0,1.0,1.0,1.0,1.0,0.974683,1.0,1.0,1.0,1.0,1.0,1.0,1.0,1.0,1.0,1.0,1.0,1.0,0.95219076,1.0,1.0,1.0,0.99594486,1.0,1.0,1.0,1.0,1.0,1.0,1.0,1.0,1.0,1.0,1.0,1.0,1.0,1.0,1.0,1.0,1.0,1.0,1.0,1.0,1.0,1.0,1.0,1.0,1.0,1.0,1.0,1.0,1.0,1.0,1.0,1.0,1.0,1.0,1.0,1.0,1.0,1.0,1.0,1.0,1.0,1.0,1.0,1.0,0.9828628,1.0,1.0,1.0,0.9381328,1.0,1.0,1.0,1.0,1.0,1.0,1.0,1.0,1.0,1.0,1.0,0.9994196,1.0,1.0,1.0,1.0,1.0,1.0,1.0,1.0,1.0,1.0,1.0,1.0,1.0,1.0,1.0,1.0,1.0,1.0,1.0,1.0,1.0,1.0,1.0,1.0,1.0,1.0,1.0,1.0,1.0,1.0,0.9937815,1.0,1.0,1.0,1.0,0.98424613,1.0,1.0,1.0
ILF3_HepG2,1.0,1.0,1.0,1.0,1.0,1.0,1.0,1.0,1.0,1.0,1.0,1.0,0.998743,1.0,1.0,1.0,1.0,1.0,1.0,1.0,1.0,1.0,1.0,1.0,0.99698263,1.0,1.0,1.0,1.0,0.9907124,1.0,1.0,1.0,1.0,1.0,0.9450231,1.0,1.0,1.0,1.0,1.0,1.0,1.0,1.0,1.0,1.0,1.0,1.0,0.9910172,1.0,1.0,1.0,1.0,1.0,1.0,1.0,0.99995613,1.0,1.0,1.0,1.0,1.0,1.0,1.0,1.0,1.0,1.0,1.0,1.0,0.98697865,1.0,1.0,1.0,1.0,1.0,1.0,1.0,1.0,1.0,1.0,1.0,1.0,1.0,1.0,1.0,0.991923,1.0,1.0,1.0,1.0,0.999999,0.99999994,1.0,1.0,0.98761237,1.0,1.0,1.0,1.0,1.0,1.0,1.0,1.0,1.0,1.0,0.9746833,1.0,1.0,1.0,1.0,1.0,1.0,1.0,1.0,1.0,1.0,1.0,1.0,0.9521911,1.0,1.0,1.0,0.99594474,1.0,1.0,1.0,1.0,1.0,1.0,1.0,1.0,1.0,1.0,1.0,1.0,1.0,1.0,1.0,1.0,1.0,1.0,1.0,1.0,1.0,1.0,1.0,1.0,1.0,1.0,1.0,1.0,1.0,1.0,1.0,1.0,1.0,1.0,1.0,1.0,1.0,1.0,1.0,1.0,1.0,1.0,1.0,1.0,0.98286253,1.0,1.0,1.0,0.93813246,1.0,1.0,1.0,1.0,1.0,1.0,1.0,1.0,1.0,1.0,1.0,0.9994196,1.0,1.0,1.0,1.0,1.0,1.0,1.0,1.0,1.0,1.0,1.0,1.0,1.0,1.0,1.0,1.0,1.0,1.0,1.0,1.0,1.0,1.0,1.0,1.0,1.0,1.0,1.0,1.0,1.0,1.0,0.9937814,1.0,1.0,1.0,1.0,0.98424596,1.0,1.0,1.0
ILF3_K562,0.98761225,0.9876123,0.9876123,0.9876123,0.9876123,0.98761225,0.9876122,0.9876122,0.98761225,0.9876122,0.9876122,0.9876121,0.9785058,0.98761237,0.9876123,0.98761225,0.9876122,0.9876122,0.9876122,0.9876121,0.98761237,0.9876122,0.98761225,0.98761225,0.97245204,0.9876122,0.9876122,0.9876122,0.9876122,0.95710367,0.9876122,0.98761225,0.98761225,0.9876122,0.98761207,0.9846277,0.98761225,0.9876122,0.9876122,0.98761225,0.9876122,0.9876122,0.98761225,0.9876123,0.98761225,0.98761225,0.9876123,0.9876124,0.9997256,0.98761225,0.98761225,0.9876123,0.9876123,0.9876122,0.98761225,0.98761225,0.98903865,0.9876125,0.9876122,0.98761237,0.98761225,0.98761225,0.9876123,0.98761225,0.9876066,0.9876122,0.98761225,0.9876123,0.9876123,0.9495127,0.98761356,0.9876123,0.98761225,0.9876126,0.98761225,0.98761225,0.98761225,0.98761225,0.98761225,0.9876122,0.9876122,0.98761225,0.98761225,0.98761237,0.9876122,0.99953854,0.9876123,0.98761225,0.9876122,0.98761195,0.98783684,0.9875613,0.9876122,0.98761237,1.0,0.9876123,0.98761237,0.9876125,0.9876122,0.9876122,0.98761225,0.9876122,0.9876117,0.9876191,0.98761266,0.99769354,0.98761225,0.9876122,0.98761225,0.9876122,0.98761237,0.9876122,0.9876123,0.9876121,0.9876122,0.98761225,0.98761225,0.98761225,0.98833317,0.9876122,0.9876122,0.9876123,0.96949035,0.9876123,0.98761225,0.98761225,0.9876122,0.98761225,0.98760927,0.9876123,0.98761225,0.9876122,0.98761225,0.9876122,0.9876122,0.9876122,0.9876122,0.9876122,0.9876122,0.9876122,0.9876124,0.98761225,0.98761225,0.98761225,0.98761237,0.9876122,0.98761225,0.9876122,0.98761225,0.9876122,0.9876122,0.9876122,0.98761225,0.98761225,0.9876121,0.98761225,0.9876123,0.98761225,0.9876122,0.9876123,0.9876122,0.98761225,0.9876122,0.9876122,0.98761207,0.9876122,0.98761225,0.94176185,0.9876123,0.9876098,0.98761225,0.8721758,0.98761225,0.98761296,0.9876121,0.98761225,0.9876122,0.9876122,0.98761225,0.9876122,0.98761225,0.9876123,0.9876122,0.98169386,0.98761225,0.9876122,0.98761225,0.9876122,0.9876122,0.9876128,0.9876123,0.98761225,0.98761225,0.98761225,0.9876122,0.98761225,0.9876123,0.98761225,0.9876128,0.98761225,0.9876125,0.98761225,0.9876122,0.9876122,0.98761225,0.9876122,0.9876122,0.98761225,0.9876122,0.98761225,0.98761225,0.9876122,0.98761225,0.9876125,0.96399873,0.98761225,0.98761225,0.9876122,0.9876124,0.9443105,0.9876122,0.9876124,0.9876122
KHDRBS1_K562,1.0,1.0,1.0,1.0,1.0,1.0,1.0,1.0,1.0,1.0,1.0,1.0,0.998743,1.0,1.0,1.0,1.0,1.0,1.0,1.0,1.0,1.0,1.0,1.0,0.9969827,1.0,1.0,1.0,1.0,0.99071246,1.0,1.0,1.0,1.0,1.0,0.94502294,1.0,1.0,1.0,1.0,1.0,1.0,1.0,1.0,1.0,1.0,1.0,1.0,0.9910171,1.0,1.0,1.0,1.0,1.0,1.0,1.0,0.99995613,1.0,1.0,1.0,1.0,1.0,1.0,1.0,1.0,1.0,1.0,1.0,1.0,0.98697877,1.0,1.0,1.0,1.0,1.0,1.0,1.0,1.0,1.0,1.0,1.0,1.0,1.0,1.0,1.0,0.9919229,1.0,1.0,1.0,1.0,0.999999,0.99999994,1.0,1.0,0.9876123,1.0,1.0,1.0,1.0,1.0,1.0,1.0,1.0,1.0,1.0,0.97468317,1.0,1.0,1.0,1.0,1.0,1.0,1.0,1.0,1.0,1.0,1.0,1.0,0.95219094,1.0,1.0,1.0,0.9959448,1.0,1.0,1.0,1.0,1.0,1.0,1.0,1.0,1.0,1.0,1.0,1.0,1.0,1.0,1.0,1.0,1.0,1.0,1.0,1.0,1.0,1.0,1.0,1.0,1.0,1.0,1.0,1.0,1.0,1.0,1.0,1.0,1.0,1.0,1.0,1.0,1.0,1.0,1.0,1.0,1.0,1.0,1.0,1.0,0.98286265,1.0,1.0,1.0,0.93813264,1.0,1.0,1.0,1.0,1.0,1.0,1.0,1.0,1.0,1.0,1.0,0.9994196,1.0,1.0,1.0,1.0,1.0,1.0,1.0,1.0,1.0,1.0,1.0,1.0,1.0,1.0,1.0,1.0,1.0,1.0,1.0,1.0,1.0,1.0,1.0,1.0,1.0,1.0,1.0,1.0,1.0,1.0,0.99378145,1.0,1.0,1.0,1.0,0.984246,1.0,1.0,1.0
KHSRP_HepG2,1.0,1.0,1.0,1.0,1.0,1.0,1.0,1.0,1.0,1.0,1.0,1.0,0.998743,1.0,1.0,1.0,1.0,1.0,1.0,1.0,1.0,1.0,1.0,1.0,0.99698263,1.0,1.0,1.0,1.0,0.9907124,1.0,1.0,1.0,1.0,1.0,0.94502306,1.0,1.0,1.0,1.0,1.0,1.0,1.0,1.0,1.0,1.0,1.0,1.0,0.99101716,1.0,1.0,1.0,1.0,1.0,1.0,1.0,0.99995613,1.0,1.0,1.0,1.0,1.0,1.0,1.0,1.0,1.0,1.0,1.0,1.0,0.9869787,1.0,1.0,1.0,1.0,1.0,1.0,1.0,1.0,1.0,1.0,1.0,1.0,1.0,1.0,1.0,0.991923,1.0,1.0,1.0,1.0,0.999999,0.99999994,1.0,1.0,0.98761237,1.0,1.0,1.0,1.0,1.0,1.0,1.0,1.0,1.0,1.0,0.9746832,1.0,1.0,1.0,1.0,1.0,1.0,1.0,1.0,1.0,1.0,1.0,1.0,0.95219105,1.0,1.0,1.0,0.99594474,1.0,1.0,1.0,1.0,1.0,1.0,1.0,1.0,1.0,1.0,1.0,1.0,1.0,1.0,1.0,1.0,1.0,1.0,1.0,1.0,1.0,1.0,1.0,1.0,1.0,1.0,1.0,1.0,1.0,1.0,1.0,1.0,1.0,1.0,1.0,1.0,1.0,1.0,1.0,1.0,1.0,1.0,1.0,1.0,0.9828626,1.0,1.0,1.0,0.9381325,1.0,1.0,1.0,1.0,1.0,1.0,1.0,1.0,1.0,1.0,1.0,0.9994196,1.0,1.0,1.0,1.0,1.0,1.0,1.0,1.0,1.0,1.0,1.0,1.0,1.0,1.0,1.0,1.0,1.0,1.0,1.0,1.0,1.0,1.0,1.0,1.0,1.0,1.0,1.0,1.0,1.0,1.0,0.9937814,1.0,1.0,1.0,1.0,0.98424596,1.0,1.0,1.0
KHSRP_K562,1.0,1.0,1.0,1.0,1.0,1.0,1.0,1.0,1.0,1.0,1.0,1.0,0.99874294,1.0,1.0,1.0,1.0,1.0,1.0,1.0,1.0,1.0,1.0,1.0,0.9969826,1.0,1.0,1.0,1.0,0.9907123,1.0,1.0,1.0,1.0,1.0,0.94502336,1.0,1.0,1.0,1.0,1.0,1.0,1.0,1.0,1.0,1.0,1.0,1.0,0.9910173,1.0,1.0,1.0,1.0,1.0,1.0,1.0,0.99995613,1.0,1.0,1.0,1.0,1.0,1.0,1.0,1.0,1.0,1.0,1.0,1.0,0.9869786,1.0,1.0,1.0,1.0,1.0,1.0,1.0,1.0,1.0,1.0,1.0,1.0,1.0,1.0,1.0,0.99192303,1.0,1.0,1.0,1.0,0.999999,0.99999994,1.0,1.0,0.9876125,1.0,1.0,1.0,1.0,1.0,1.0,1.0,1.0,1.0,1.0,0.9746834,1.0,1.0,1.0,1.0,1.0,1.0,1.0,1.0,1.0,1.0,1.0,1.0,0.9521913,1.0,1.0,1.0,0.9959447,1.0,1.0,1.0,1.0,1.0,1.0,1.0,1.0,1.0,1.0,1.0,1.0,1.0,1.0,1.0,1.0,1.0,1.0,1.0,1.0,1.0,1.0,1.0,1.0,1.0,1.0,1.0,1.0,1.0,1.0,1.0,1.0,1.0,1.0,1.0,1.0,1.0,1.0,1.0,1.0,1.0,1.0,1.0,1.0,0.9828624,1.0,1.0,1.0,0.9381322,1.0,1.0,1.0,1.0,1.0,1.0,1.0,1.0,1.0,1.0,1.0,0.99941957,1.0,1.0,1.0,1.0,1.0,1.0,1.0,1.0,1.0,1.0,1.0,1.0,1.0,1.0,1.0,1.0,1.0,1.0,1.0,1.0,1.0,1.0,1.0,1.0,1.0,1.0,1.0,1.0,1.0,1.0,0.9937813,1.0,1.0,1.0,1.0,0.98424584,1.0,1.0,1.0
LARP4_HepG2,1.0,1.0,1.0,1.0,1.0,1.0,1.0,1.0,1.0,1.0,1.0,1.0,0.99874306,1.0,1.0,1.0,1.0,1.0,1.0,1.0,1.0,1.0,1.0,1.0,0.99698275,1.0,1.0,1.0,1.0,0.9907126,1.0,1.0,1.0,1.0,1.0,0.94502264,1.0,1.0,1.0,1.0,1.0,1.0,1.0,1.0,1.0,1.0,1.0,1.0,0.991017,1.0,1.0,1.0,1.0,1.0,1.0,1.0,0.99995613,1.0,1.0,1.0,1.0,1.0,1.0,1.0,1.0,1.0,1.0,1.0,1.0,0.9869789,1.0,1.0,1.0,1.0,1.0,1.0,1.0,1.0,1.0,1.0,1.0,1.0,1.0,1.0,1.0,0.9919228,1.0,1.0,1.0,1.0,0.999999,0.99999994,1.0,1.0,0.9876122,1.0,1.0,1.0,1.0,1.0,1.0,1.0,1.0,1.0,1.0,0.9746829,1.0,1.0,1.0,1.0,1.0,1.0,1.0,1.0,1.0,1.0,1.0,1.0,0.95219064,1.0,1.0,1.0,0.99594486,1.0,1.0,1.0,1.0,1.0,1.0,1.0,1.0,1.0,1.0,1.0,1.0,1.0,1.0,1.0,1.0,1.0,1.0,1.0,1.0,1.0,1.0,1.0,1.0,1.0,1.0,1.0,1.0,1.0,1.0,1.0,1.0,1.0,1.0,1.0,1.0,1.0,1.0,1.0,1.0,1.0,1.0,1.0,1.0,0.98286283,1.0,1.0,1.0,0.93813294,1.0,1.0,1.0,1.0,1.0,1.0,1.0,1.0,1.0,1.0,1.0,0.9994196,1.0,1.0,1.0,1.0,1.0,1.0,1.0,1.0,1.0,1.0,1.0,1.0,1.0,1.0,1.0,1.0,1.0,1.0,1.0,1.0,1.0,1.0,1.0,1.0,1.0,1.0,1.0,1.0,1.0,1.0,0.99378157,1.0,1.0,1.0,1.0,0.9842462,1.0,1.0,1.0
LARP4_K562,1.0,1.0,1.0,1.0,1.0,1.0,1.0,1.0,1.0,1.0,1.0,1.0,0.99874306,1.0,1.0,1.0,1.0,1.0,1.0,1.0,1.0,1.0,1.0,1.0,0.99698275,1.0,1.0,1.0,1.0,0.9907125,1.0,1.0,1.0,1.0,1.0,0.94502276,1.0,1.0,1.0,1.0,1.0,1.0,1.0,1.0,1.0,1.0,1.0,1.0,0.99101704,1.0,1.0,1.0,1.0,1.0,1.0,1.0,0.99995613,1.0,1.0,1.0,1.0,1.0,1.0,1.0,1.0,1.0,1.0,1.0,1.0,0.9869789,1.0,1.0,1.0,1.0,1.0,1.0,1.0,1.0,1.0,1.0,1.0,1.0,1.0,1.0,1.0,0.9919228,1.0,1.0,1.0,1.0,0.999999,0.99999994,1.0,1.0,0.9876122,1.0,1.0,1.0,1.0,1.0,1.0,1.0,1.0,1.0,1.0,0.974683,1.0,1.0,1.0,1.0,1.0,1.0,1.0,1.0,1.0,1.0,1.0,1.0,0.95219076,1.0,1.0,1.0,0.99594486,1.0,1.0,1.0,1.0,1.0,1.0,1.0,1.0,1.0,1.0,1.0,1.0,1.0,1.0,1.0,1.0,1.0,1.0,1.0,1.0,1.0,1.0,1.0,1.0,1.0,1.0,1.0,1.0,1.0,1.0,1.0,1.0,1.0,1.0,1.0,1.0,1.0,1.0,1.0,1.0,1.0,1.0,1.0,1.0,0.9828628,1.0,1.0,1.0,0.9381328,1.0,1.0,1.0,1.0,1.0,1.0,1.0,1.0,1.0,1.0,1.0,0.9994196,1.0,1.0,1.0,1.0,1.0,1.0,1.0,1.0,1.0,1.0,1.0,1.0,1.0,1.0,1.0,1.0,1.0,1.0,1.0,1.0,1.0,1.0,1.0,1.0,1.0,1.0,1.0,1.0,1.0,1.0,0.9937815,1.0,1.0,1.0,1.0,0.98424613,1.0,1.0,1.0
LARP7_HepG2,1.0,1.0,1.0,1.0,1.0,1.0,1.0,1.0,1.0,1.0,1.0,1.0,0.99874306,1.0,1.0,1.0,1.0,1.0,1.0,1.0,1.0,1.0,1.0,1.0,0.9969827,1.0,1.0,1.0,1.0,0.9907125,1.0,1.0,1.0,1.0,1.0,0.9450228,1.0,1.0,1.0,1.0,1.0,1.0,1.0,1.0,1.0,1.0,1.0,1.0,0.9910171,1.0,1.0,1.0,1.0,1.0,1.0,1.0,0.99995613,1.0,1.0,1.0,1.0,1.0,1.0,1.0,1.0,1.0,1.0,1.0,1.0,0.9869788,1.0,1.0,1.0,1.0,1.0,1.0,1.0,1.0,1.0,1.0,1.0,1.0,1.0,1.0,1.0,0.99192286,1.0,1.0,1.0,1.0,0.999999,0.99999994,1.0,1.0,0.98761225,1.0,1.0,1.0,1.0,1.0,1.0,1.0,1.0,1.0,1.0,0.9746831,1.0,1.0,1.0,1.0,1.0,1.0,1.0,1.0,1.0,1.0,1.0,1.0,0.9521908,1.0,1.0,1.0,0.9959448,1.0,1.0,1.0,1.0,1.0,1.0,1.0,1.0,1.0,1.0,1.0,1.0,1.0,1.0,1.0,1.0,1.0,1.0,1.0,1.0,1.0,1.0,1.0,1.0,1.0,1.0,1.0,1.0,1.0,1.0,1.0,1.0,1.0,1.0,1.0,1.0,1.0,1.0,1.0,1.0,1.0,1.0,1.0,1.0,0.9828627,1.0,1.0,1.0,0.93813276,1.0,1.0,1.0,1.0,1.0,1.0,1.0,1.0,1.0,1.0,1.0,0.9994196,1.0,1.0,1.0,1.0,1.0,1.0,1.0,1.0,1.0,1.0,1.0,1.0,1.0,1.0,1.0,1.0,1.0,1.0,1.0,1.0,1.0,1.0,1.0,1.0,1.0,1.0,1.0,1.0,1.0,1.0,0.9937815,1.0,1.0,1.0,1.0,0.9842461,1.0,1.0,1.0
LARP7_K562,1.0,1.0,1.0,1.0,1.0,1.0,1.0,1.0,1.0,1.0,1.0,1.0,0.99874306,1.0,1.0,1.0,1.0,1.0,1.0,1.0,1.0,1.0,1.0,1.0,0.99698275,1.0,1.0,1.0,1.0,0.9907125,1.0,1.0,1.0,1.0,1.0,0.94502276,1.0,1.0,1.0,1.0,1.0,1.0,1.0,1.0,1.0,1.0,1.0,1.0,0.99101704,1.0,1.0,1.0,1.0,1.0,1.0,1.0,0.99995613,1.0,1.0,1.0,1.0,1.0,1.0,1.0,1.0,1.0,1.0,1.0,1.0,0.9869788,1.0,1.0,1.0,1.0,1.0,1.0,1.0,1.0,1.0,1.0,1.0,1.0,1.0,1.0,1.0,0.9919228,1.0,1.0,1.0,1.0,0.999999,0.99999994,1.0,1.0,0.9876122,1.0,1.0,1.0,1.0,1.0,1.0,1.0,1.0,1.0,1.0,0.97468305,1.0,1.0,1.0,1.0,1.0,1.0,1.0,1.0,1.0,1.0,1.0,1.0,0.95219076,1.0,1.0,1.0,0.99594486,1.0,1.0,1.0,1.0,1.0,1.0,1.0,1.0,1.0,1.0,1.0,1.0,1.0,1.0,1.0,1.0,1.0,1.0,1.0,1.0,1.0,1.0,1.0,1.0,1.0,1.0,1.0,1.0,1.0,1.0,1.0,1.0,1.0,1.0,1.0,1.0,1.0,1.0,1.0,1.0,1.0,1.0,1.0,1.0,0.9828628,1.0,1.0,1.0,0.9381328,1.0,1.0,1.0,1.0,1.0,1.0,1.0,1.0,1.0,1.0,1.0,0.9994196,1.0,1.0,1.0,1.0,1.0,1.0,1.0,1.0,1.0,1.0,1.0,1.0,1.0,1.0,1.0,1.0,1.0,1.0,1.0,1.0,1.0,1.0,1.0,1.0,1.0,1.0,1.0,1.0,1.0,1.0,0.9937815,1.0,1.0,1.0,1.0,0.98424613,1.0,1.0,1.0
LIN28B_HepG2,1.0,1.0,1.0,1.0,1.0,1.0,1.0,1.0,1.0,1.0,1.0,1.0,0.99874324,1.0,1.0,1.0,1.0,1.0,1.0,1.0,1.0,1.0,1.0,1.0,0.996983,1.0,1.0,1.0,1.0,0.99071294,1.0,1.0,1.0,1.0,1.0,0.94502175,1.0,1.0,1.0,1.0,1.0,1.0,1.0,1.0,1.0,1.0,1.0,1.0,0.9910166,1.0,1.0,1.0,1.0,1.0,1.0,1.0,0.99995613,1.0,1.0,1.0,1.0,1.0,1.0,1.0,1.0,1.0,1.0,1.0,1.0,0.98697937,1.0,1.0,1.0,1.0,1.0,1.0,1.0,1.0,1.0,1.0,1.0,1.0,1.0,1.0,1.0,0.99192244,1.0,1.0,1.0,1.0,0.999999,0.99999994,1.0,1.0,0.9876117,1.0,1.0,1.0,1.0,1.0,1.0,1.0,1.0,1.0,1.0,0.97468233,1.0,1.0,1.0,1.0,1.0,1.0,1.0,1.0,1.0,1.0,1.0,1.0,0.9521898,1.0,1.0,1.0,0.99594516,1.0,1.0,1.0,1.0,1.0,1.0,1.0,1.0,1.0,1.0,1.0,1.0,1.0,1.0,1.0,1.0,1.0,1.0,1.0,1.0,1.0,1.0,1.0,1.0,1.0,1.0,1.0,1.0,1.0,1.0,1.0,1.0,1.0,1.0,1.0,1.0,1.0,1.0,1.0,1.0,1.0,1.0,1.0,1.0,0.98286337,1.0,1.0,1.0,0.93813396,1.0,1.0,1.0,1.0,1.0,1.0,1.0,1.0,1.0,1.0,1.0,0.99941975,1.0,1.0,1.0,1.0,1.0,1.0,1.0,1.0,1.0,1.0,1.0,1.0,1.0,1.0,1.0,1.0,1.0,1.0,1.0,1.0,1.0,1.0,1.0,1.0,1.0,1.0,1.0,1.0,1.0,1.0,0.99378186,1.0,1.0,1.0,1.0,0.9842467,1.0,1.0,1.0
LIN28B_K562,1.0,1.0,1.0,1.0,1.0,1.0,1.0,1.0,1.0,1.0,1.0,1.0,0.99874085,1.0,1.0,1.0,1.0,1.0,1.0,1.0,1.0,1.0,1.0,1.0,0.9969793,1.0,1.0,1.0,1.0,0.99070656,1.0,1.0,1.0,1.0,1.0,0.9450371,1.0,1.0,1.0,1.0,1.0,1.0,1.0,1.0,1.0,1.0,1.0,1.0,0.99102294,1.0,1.0,1.0,1.0,1.0,1.0,1.0,0.99995655,1.0,1.0,1.0,1.0,1.0,1.0,1.0,1.0,1.0,1.0,1.0,1.0,0.9869718,1.0,1.0,1.0,1.0,1.0,1.0,1.0,1.0,1.0,1.0,1.0,1.0,1.0,1.0,1.0,0.9919284,1.0,1.0,1.0,1.0,0.99999905,0.99999994,1.0,1.0,0.9876191,1.0,1.0,1.0,1.0,1.0,1.0,1.0,1.0,1.0,1.0,0.9746928,1.0,1.0,1.0,1.0,1.0,1.0,1.0,1.0,1.0,1.0,1.0,1.0,0.95220417,1.0,1.0,1.0,0.99594086,1.0,1.0,1.0,1.0,1.0,1.0,1.0,1.0,1.0,1.0,1.0,1.0,1.0,1.0,1.0,1.0,1.0,1.0,1.0,1.0,1.0,1.0,1.0,1.0,1.0,1.0,1.0,1.0,1.0,1.0,1.0,1.0,1.0,1.0,1.0,1.0,1.0,1.0,1.0,1.0,1.0,1.0,1.0,1.0,0.98285466,1.0,1.0,1.0,0.9381176,1.0,1.0,1.0,1.0,1.0,1.0,1.0,1.0,1.0,1.0,1.0,0.99941814,1.0,1.0,1.0,1.0,1.0,1.0,1.0,1.0,1.0,1.0,1.0,1.0,1.0,1.0,1.0,1.0,1.0,1.0,1.0,1.0,1.0,1.0,1.0,1.0,1.0,1.0,1.0,1.0,1.0,1.0,0.9937766,1.0,1.0,1.0,1.0,0.9842384,1.0,1.0,1.0
LSM11_HepG2,1.0,1.0,1.0,1.0,1.0,1.0,1.0,1.0,1.0,1.0,1.0,1.0,0.9987429,1.0,1.0,1.0,1.0,1.0,1.0,1.0,1.0,1.0,1.0,1.0,0.9969825,1.0,1.0,1.0,1.0,0.99071217,1.0,1.0,1.0,1.0,1.0,0.94502366,1.0,1.0,1.0,1.0,1.0,1.0,1.0,1.0,1.0,1.0,1.0,1.0,0.9910174,1.0,1.0,1.0,1.0,1.0,1.0,1.0,0.99995613,1.0,1.0,1.0,1.0,1.0,1.0,1.0,1.0,1.0,1.0,1.0,1.0,0.9869784,1.0,1.0,1.0,1.0,1.0,1.0,1.0,1.0,1.0,1.0,1.0,1.0,1.0,1.0,1.0,0.9919232,1.0,1.0,1.0,1.0,0.999999,0.99999994,1.0,1.0,0.98761266,1.0,1.0,1.0,1.0,1.0,1.0,1.0,1.0,1.0,1.0,0.97468364,1.0,1.0,1.0,1.0,1.0,1.0,1.0,1.0,1.0,1.0,1.0,1.0,0.9521916,1.0,1.0,1.0,0.9959446,1.0,1.0,1.0,1.0,1.0,1.0,1.0,1.0,1.0,1.0,1.0,1.0,1.0,1.0,1.0,1.0,1.0,1.0,1.0,1.0,1.0,1.0,1.0,1.0,1.0,1.0,1.0,1.0,1.0,1.0,1.0,1.0,1.0,1.0,1.0,1.0,1.0,1.0,1.0,1.0,1.0,1.0,1.0,1.0,0.98286223,1.0,1.0,1.0,0.93813187,1.0,1.0,1.0,1.0,1.0,1.0,1.0,1.0,1.0,1.0,1.0,0.99941957,1.0,1.0,1.0,1.0,1.0,1.0,1.0,1.0,1.0,1.0,1.0,1.0,1.0,1.0,1.0,1.0,1.0,1.0,1.0,1.0,1.0,1.0,1.0,1.0,1.0,1.0,1.0,1.0,1.0,1.0,0.9937812,1.0,1.0,1.0,1.0,0.9842456,1.0,1.0,1.0
LSM11_K562,0.97468305,0.97468317,0.97468317,0.97468317,0.97468317,0.97468305,0.974683,0.97468305,0.9746831,0.974683,0.974683,0.9746829,0.9622508,0.9746832,0.9746831,0.97468305,0.974683,0.97468305,0.974683,0.9746829,0.9746832,0.974683,0.97468305,0.9746831,0.9543862,0.974683,0.974683,0.974683,0.974683,0.9352283,0.974683,0.97468305,0.9746831,0.974683,0.9746828,0.994213,0.97468305,0.974683,0.974683,0.9746831,0.974683,0.974683,0.9746831,0.97468317,0.97468305,0.97468305,0.97468317,0.97468334,0.9958296,0.97468305,0.97468305,0.9746831,0.97468317,0.974683,0.9746831,0.97468305,0.9767346,0.9746834,0.974683,0.9746832,0.97468305,0.9746831,0.97468317,0.9746831,0.974675,0.974683,0.97468305,0.97468317,0.9746831,0.9260269,0.9746849,0.97468317,0.97468305,0.9746835,0.97468305,0.97468305,0.9746831,0.97468305,0.97468305,0.974683,0.974683,0.97468305,0.9746831,0.9746832,0.974683,0.99517125,0.97468317,0.9746831,0.974683,0.9746826,0.97500354,0.9746105,0.974683,0.9746833,0.99769354,0.97468317,0.9746832,0.9746834,0.9746829,0.974683,0.9746831,0.97468305,0.97468233,0.9746928,0.97468364,1.0,0.9746831,0.97468305,0.9746831,0.974683,0.9746832,0.974683,0.97468317,0.9746829,0.97468305,0.97468305,0.97468305,0.97468305,0.9963922,0.974683,0.974683,0.9746831,0.950615,0.97468317,0.97468305,0.97468305,0.974683,0.9746831,0.9746788,0.9746831,0.97468305,0.974683,0.97468305,0.974683,0.974683,0.974683,0.974683,0.974683,0.974683,0.974683,0.97468334,0.9746831,0.97468305,0.9746831,0.9746832,0.97468305,0.97468305,0.974683,0.97468305,0.974683,0.974683,0.97468305,0.97468305,0.9746831,0.9746829,0.97468305,0.9746831,0.97468305,0.974683,0.9746831,0.974683,0.9746831,0.974683,0.97468305,0.97468287,0.974683,0.97468305,0.9167631,0.9746831,0.9746796,0.9746831,0.836958,0.97468305,0.9746841,0.9746829,0.9746831,0.97468305,0.974683,0.9746831,0.974683,0.9746831,0.97468317,0.974683,0.9665009,0.9746831,0.974683,0.9746831,0.97468305,0.974683,0.9746838,0.97468317,0.9746831,0.97468305,0.97468305,0.974683,0.97468305,0.9746831,0.97468305,0.9746838,0.9746831,0.97468346,0.9746831,0.974683,0.974683,0.97468305,0.974683,0.974683,0.97468305,0.97468305,0.97468305,0.97468305,0.9746829,0.97468305,0.9746834,0.94372565,0.9746831,0.9746831,0.974683,0.97468334,0.9197962,0.974683,0.97468334,0.974683
MATR3_HepG2,1.0,1.0,1.0,1.0,1.0,1.0,1.0,1.0,1.0,1.0,1.0,1.0,0.99874306,1.0,1.0,1.0,1.0,1.0,1.0,1.0,1.0,1.0,1.0,1.0,0.9969827,1.0,1.0,1.0,1.0,0.9907125,1.0,1.0,1.0,1.0,1.0,0.9450228,1.0,1.0,1.0,1.0,1.0,1.0,1.0,1.0,1.0,1.0,1.0,1.0,0.9910171,1.0,1.0,1.0,1.0,1.0,1.0,1.0,0.99995613,1.0,1.0,1.0,1.0,1.0,1.0,1.0,1.0,1.0,1.0,1.0,1.0,0.9869788,1.0,1.0,1.0,1.0,1.0,1.0,1.0,1.0,1.0,1.0,1.0,1.0,1.0,1.0,1.0,0.99192286,1.0,1.0,1.0,1.0,0.999999,0.99999994,1.0,1.0,0.98761225,1.0,1.0,1.0,1.0,1.0,1.0,1.0,1.0,1.0,1.0,0.9746831,1.0,1.0,1.0,1.0,1.0,1.0,1.0,1.0,1.0,1.0,1.0,1.0,0.9521908,1.0,1.0,1.0,0.9959448,1.0,1.0,1.0,1.0,1.0,1.0,1.0,1.0,1.0,1.0,1.0,1.0,1.0,1.0,1.0,1.0,1.0,1.0,1.0,1.0,1.0,1.0,1.0,1.0,1.0,1.0,1.0,1.0,1.0,1.0,1.0,1.0,1.0,1.0,1.0,1.0,1.0,1.0,1.0,1.0,1.0,1.0,1.0,1.0,0.9828627,1.0,1.0,1.0,0.93813276,1.0,1.0,1.0,1.0,1.0,1.0,1.0,1.0,1.0,1.0,1.0,0.9994196,1.0,1.0,1.0,1.0,1.0,1.0,1.0,1.0,1.0,1.0,1.0,1.0,1.0,1.0,1.0,1.0,1.0,1.0,1.0,1.0,1.0,1.0,1.0,1.0,1.0,1.0,1.0,1.0,1.0,1.0,0.9937815,1.0,1.0,1.0,1.0,0.9842461,1.0,1.0,1.0
MATR3_K562,1.0,1.0,1.0,1.0,1.0,1.0,1.0,1.0,1.0,1.0,1.0,1.0,0.99874306,1.0,1.0,1.0,1.0,1.0,1.0,1.0,1.0,1.0,1.0,1.0,0.99698275,1.0,1.0,1.0,1.0,0.9907125,1.0,1.0,1.0,1.0,1.0,0.94502276,1.0,1.0,1.0,1.0,1.0,1.0,1.0,1.0,1.0,1.0,1.0,1.0,0.99101704,1.0,1.0,1.0,1.0,1.0,1.0,1.0,0.99995613,1.0,1.0,1.0,1.0,1.0,1.0,1.0,1.0,1.0,1.0,1.0,1.0,0.9869788,1.0,1.0,1.0,1.0,1.0,1.0,1.0,1.0,1.0,1.0,1.0,1.0,1.0,1.0,1.0,0.9919228,1.0,1.0,1.0,1.0,0.999999,0.99999994,1.0,1.0,0.9876122,1.0,1.0,1.0,1.0,1.0,1.0,1.0,1.0,1.0,1.0,0.97468305,1.0,1.0,1.0,1.0,1.0,1.0,1.0,1.0,1.0,1.0,1.0,1.0,0.95219076,1.0,1.0,1.0,0.99594486,1.0,1.0,1.0,1.0,1.0,1.0,1.0,1.0,1.0,1.0,1.0,1.0,1.0,1.0,1.0,1.0,1.0,1.0,1.0,1.0,1.0,1.0,1.0,1.0,1.0,1.0,1.0,1.0,1.0,1.0,1.0,1.0,1.0,1.0,1.0,1.0,1.0,1.0,1.0,1.0,1.0,1.0,1.0,1.0,0.9828628,1.0,1.0,1.0,0.9381328,1.0,1.0,1.0,1.0,1.0,1.0,1.0,1.0,1.0,1.0,1.0,0.9994196,1.0,1.0,1.0,1.0,1.0,1.0,1.0,1.0,1.0,1.0,1.0,1.0,1.0,1.0,1.0,1.0,1.0,1.0,1.0,1.0,1.0,1.0,1.0,1.0,1.0,1.0,1.0,1.0,1.0,1.0,0.9937815,1.0,1.0,1.0,1.0,0.98424613,1.0,1.0,1.0
METAP2_K562,1.0,1.0,1.0,1.0,1.0,1.0,1.0,1.0,1.0,1.0,1.0,1.0,0.99874306,1.0,1.0,1.0,1.0,1.0,1.0,1.0,1.0,1.0,1.0,1.0,0.9969827,1.0,1.0,1.0,1.0,0.9907125,1.0,1.0,1.0,1.0,1.0,0.9450228,1.0,1.0,1.0,1.0,1.0,1.0,1.0,1.0,1.0,1.0,1.0,1.0,0.9910171,1.0,1.0,1.0,1.0,1.0,1.0,1.0,0.99995613,1.0,1.0,1.0,1.0,1.0,1.0,1.0,1.0,1.0,1.0,1.0,1.0,0.9869788,1.0,1.0,1.0,1.0,1.0,1.0,1.0,1.0,1.0,1.0,1.0,1.0,1.0,1.0,1.0,0.99192286,1.0,1.0,1.0,1.0,0.999999,0.99999994,1.0,1.0,0.98761225,1.0,1.0,1.0,1.0,1.0,1.0,1.0,1.0,1.0,1.0,0.9746831,1.0,1.0,1.0,1.0,1.0,1.0,1.0,1.0,1.0,1.0,1.0,1.0,0.9521908,1.0,1.0,1.0,0.9959448,1.0,1.0,1.0,1.0,1.0,1.0,1.0,1.0,1.0,1.0,1.0,1.0,1.0,1.0,1.0,1.0,1.0,1.0,1.0,1.0,1.0,1.0,1.0,1.0,1.0,1.0,1.0,1.0,1.0,1.0,1.0,1.0,1.0,1.0,1.0,1.0,1.0,1.0,1.0,1.0,1.0,1.0,1.0,1.0,0.9828627,1.0,1.0,1.0,0.93813276,1.0,1.0,1.0,1.0,1.0,1.0,1.0,1.0,1.0,1.0,1.0,0.9994196,1.0,1.0,1.0,1.0,1.0,1.0,1.0,1.0,1.0,1.0,1.0,1.0,1.0,1.0,1.0,1.0,1.0,1.0,1.0,1.0,1.0,1.0,1.0,1.0,1.0,1.0,1.0,1.0,1.0,1.0,0.9937815,1.0,1.0,1.0,1.0,0.9842461,1.0,1.0,1.0
MTPAP_K562,1.0,1.0,1.0,1.0,1.0,1.0,1.0,1.0,1.0,1.0,1.0,1.0,0.99874306,1.0,1.0,1.0,1.0,1.0,1.0,1.0,1.0,1.0,1.0,1.0,0.99698275,1.0,1.0,1.0,1.0,0.9907125,1.0,1.0,1.0,1.0,1.0,0.9450227,1.0,1.0,1.0,1.0,1.0,1.0,1.0,1.0,1.0,1.0,1.0,1.0,0.99101704,1.0,1.0,1.0,1.0,1.0,1.0,1.0,0.99995613,1.0,1.0,1.0,1.0,1.0,1.0,1.0,1.0,1.0,1.0,1.0,1.0,0.9869789,1.0,1.0,1.0,1.0,1.0,1.0,1.0,1.0,1.0,1.0,1.0,1.0,1.0,1.0,1.0,0.9919228,1.0,1.0,1.0,1.0,0.999999,0.99999994,1.0,1.0,0.9876122,1.0,1.0,1.0,1.0,1.0,1.0,1.0,1.0,1.0,1.0,0.974683,1.0,1.0,1.0,1.0,1.0,1.0,1.0,1.0,1.0,1.0,1.0,1.0,0.9521907,1.0,1.0,1.0,0.99594486,1.0,1.0,1.0,1.0,1.0,1.0,1.0,1.0,1.0,1.0,1.0,1.0,1.0,1.0,1.0,1.0,1.0,1.0,1.0,1.0,1.0,1.0,1.0,1.0,1.0,1.0,1.0,1.0,1.0,1.0,1.0,1.0,1.0,1.0,1.0,1.0,1.0,1.0,1.0,1.0,1.0,1.0,1.0,1.0,0.9828628,1.0,1.0,1.0,0.9381329,1.0,1.0,1.0,1.0,1.0,1.0,1.0,1.0,1.0,1.0,1.0,0.9994196,1.0,1.0,1.0,1.0,1.0,1.0,1.0,1.0,1.0,1.0,1.0,1.0,1.0,1.0,1.0,1.0,1.0,1.0,1.0,1.0,1.0,1.0,1.0,1.0,1.0,1.0,1.0,1.0,1.0,1.0,0.9937815,1.0,1.0,1.0,1.0,0.98424613,1.0,1.0,1.0
NCBP2_HepG2,1.0,1.0,1.0,1.0,1.0,1.0,1.0,1.0,1.0,1.0,1.0,1.0,0.998743,1.0,1.0,1.0,1.0,1.0,1.0,1.0,1.0,1.0,1.0,1.0,0.99698263,1.0,1.0,1.0,1.0,0.9907124,1.0,1.0,1.0,1.0,1.0,0.94502306,1.0,1.0,1.0,1.0,1.0,1.0,1.0,1.0,1.0,1.0,1.0,1.0,0.99101716,1.0,1.0,1.0,1.0,1.0,1.0,1.0,0.99995613,1.0,1.0,1.0,1.0,1.0,1.0,1.0,1.0,1.0,1.0,1.0,1.0,0.9869787,1.0,1.0,1.0,1.0,1.0,1.0,1.0,1.0,1.0,1.0,1.0,1.0,1.0,1.0,1.0,0.9919229,1.0,1.0,1.0,1.0,0.999999,0.99999994,1.0,1.0,0.98761237,1.0,1.0,1.0,1.0,1.0,1.0,1.0,1.0,1.0,1.0,0.9746832,1.0,1.0,1.0,1.0,1.0,1.0,1.0,1.0,1.0,1.0,1.0,1.0,0.952191,1.0,1.0,1.0,0.99594474,1.0,1.0,1.0,1.0,1.0,1.0,1.0,1.0,1.0,1.0,1.0,1.0,1.0,1.0,1.0,1.0,1.0,1.0,1.0,1.0,1.0,1.0,1.0,1.0,1.0,1.0,1.0,1.0,1.0,1.0,1.0,1.0,1.0,1.0,1.0,1.0,1.0,1.0,1.0,1.0,1.0,1.0,1.0,1.0,0.9828626,1.0,1.0,1.0,0.9381325,1.0,1.0,1.0,1.0,1.0,1.0,1.0,1.0,1.0,1.0,1.0,0.9994196,1.0,1.0,1.0,1.0,1.0,1.0,1.0,1.0,1.0,1.0,1.0,1.0,1.0,1.0,1.0,1.0,1.0,1.0,1.0,1.0,1.0,1.0,1.0,1.0,1.0,1.0,1.0,1.0,1.0,1.0,0.9937814,1.0,1.0,1.0,1.0,0.98424596,1.0,1.0,1.0
NCBP2_K562,1.0,1.0,1.0,1.0,1.0,1.0,1.0,1.0,1.0,1.0,1.0,1.0,0.99874306,1.0,1.0,1.0,1.0,1.0,1.0,1.0,1.0,1.0,1.0,1.0,0.99698275,1.0,1.0,1.0,1.0,0.9907125,1.0,1.0,1.0,1.0,1.0,0.94502276,1.0,1.0,1.0,1.0,1.0,1.0,1.0,1.0,1.0,1.0,1.0,1.0,0.99101704,1.0,1.0,1.0,1.0,1.0,1.0,1.0,0.99995613,1.0,1.0,1.0,1.0,1.0,1.0,1.0,1.0,1.0,1.0,1.0,1.0,0.9869789,1.0,1.0,1.0,1.0,1.0,1.0,1.0,1.0,1.0,1.0,1.0,1.0,1.0,1.0,1.0,0.9919228,1.0,1.0,1.0,1.0,0.999999,0.99999994,1.0,1.0,0.9876122,1.0,1.0,1.0,1.0,1.0,1.0,1.0,1.0,1.0,1.0,0.974683,1.0,1.0,1.0,1.0,1.0,1.0,1.0,1.0,1.0,1.0,1.0,1.0,0.95219076,1.0,1.0,1.0,0.99594486,1.0,1.0,1.0,1.0,1.0,1.0,1.0,1.0,1.0,1.0,1.0,1.0,1.0,1.0,1.0,1.0,1.0,1.0,1.0,1.0,1.0,1.0,1.0,1.0,1.0,1.0,1.0,1.0,1.0,1.0,1.0,1.0,1.0,1.0,1.0,1.0,1.0,1.0,1.0,1.0,1.0,1.0,1.0,1.0,0.9828628,1.0,1.0,1.0,0.9381328,1.0,1.0,1.0,1.0,1.0,1.0,1.0,1.0,1.0,1.0,1.0,0.9994196,1.0,1.0,1.0,1.0,1.0,1.0,1.0,1.0,1.0,1.0,1.0,1.0,1.0,1.0,1.0,1.0,1.0,1.0,1.0,1.0,1.0,1.0,1.0,1.0,1.0,1.0,1.0,1.0,1.0,1.0,0.9937815,1.0,1.0,1.0,1.0,0.98424613,1.0,1.0,1.0
NIP7_HepG2,1.0,1.0,1.0,1.0,1.0,1.0,1.0,1.0,1.0,1.0,1.0,1.0,0.998743,1.0,1.0,1.0,1.0,1.0,1.0,1.0,1.0,1.0,1.0,1.0,0.9969827,1.0,1.0,1.0,1.0,0.99071246,1.0,1.0,1.0,1.0,1.0,0.94502294,1.0,1.0,1.0,1.0,1.0,1.0,1.0,1.0,1.0,1.0,1.0,1.0,0.9910171,1.0,1.0,1.0,1.0,1.0,1.0,1.0,0.99995613,1.0,1.0,1.0,1.0,1.0,1.0,1.0,1.0,1.0,1.0,1.0,1.0,0.98697877,1.0,1.0,1.0,1.0,1.0,1.0,1.0,1.0,1.0,1.0,1.0,1.0,1.0,1.0,1.0,0.9919229,1.0,1.0,1.0,1.0,0.999999,0.99999994,1.0,1.0,0.9876123,1.0,1.0,1.0,1.0,1.0,1.0,1.0,1.0,1.0,1.0,0.97468317,1.0,1.0,1.0,1.0,1.0,1.0,1.0,1.0,1.0,1.0,1.0,1.0,0.95219094,1.0,1.0,1.0,0.9959448,1.0,1.0,1.0,1.0,1.0,1.0,1.0,1.0,1.0,1.0,1.0,1.0,1.0,1.0,1.0,1.0,1.0,1.0,1.0,1.0,1.0,1.0,1.0,1.0,1.0,1.0,1.0,1.0,1.0,1.0,1.0,1.0,1.0,1.0,1.0,1.0,1.0,1.0,1.0,1.0,1.0,1.0,1.0,1.0,0.98286265,1.0,1.0,1.0,0.93813264,1.0,1.0,1.0,1.0,1.0,1.0,1.0,1.0,1.0,1.0,1.0,0.9994196,1.0,1.0,1.0,1.0,1.0,1.0,1.0,1.0,1.0,1.0,1.0,1.0,1.0,1.0,1.0,1.0,1.0,1.0,1.0,1.0,1.0,1.0,1.0,1.0,1.0,1.0,1.0,1.0,1.0,1.0,0.99378145,1.0,1.0,1.0,1.0,0.984246,1.0,1.0,1.0
NIPBL_K562,1.0,1.0,1.0,1.0,1.0,1.0,1.0,1.0,1.0,1.0,1.0,1.0,0.99874306,1.0,1.0,1.0,1.0,1.0,1.0,1.0,1.0,1.0,1.0,1.0,0.99698275,1.0,1.0,1.0,1.0,0.9907126,1.0,1.0,1.0,1.0,1.0,0.9450226,1.0,1.0,1.0,1.0,1.0,1.0,1.0,1.0,1.0,1.0,1.0,1.0,0.991017,1.0,1.0,1.0,1.0,1.0,1.0,1.0,0.99995613,1.0,1.0,1.0,1.0,1.0,1.0,1.0,1.0,1.0,1.0,1.0,1.0,0.98697895,1.0,1.0,1.0,1.0,1.0,1.0,1.0,1.0,1.0,1.0,1.0,1.0,1.0,1.0,1.0,0.99192274,1.0,1.0,1.0,1.0,0.999999,0.99999994,1.0,1.0,0.9876121,1.0,1.0,1.0,1.0,1.0,1.0,1.0,1.0,1.0,1.0,0.9746829,1.0,1.0,1.0,1.0,1.0,1.0,1.0,1.0,1.0,1.0,1.0,1.0,0.9521906,1.0,1.0,1.0,0.9959449,1.0,1.0,1.0,1.0,1.0,1.0,1.0,1.0,1.0,1.0,1.0,1.0,1.0,1.0,1.0,1.0,1.0,1.0,1.0,1.0,1.0,1.0,1.0,1.0,1.0,1.0,1.0,1.0,1.0,1.0,1.0,1.0,1.0,1.0,1.0,1.0,1.0,1.0,1.0,1.0,1.0,1.0,1.0,1.0,0.98286283,1.0,1.0,1.0,0.938133,1.0,1.0,1.0,1.0,1.0,1.0,1.0,1.0,1.0,1.0,1.0,0.9994197,1.0,1.0,1.0,1.0,1.0,1.0,1.0,1.0,1.0,1.0,1.0,1.0,1.0,1.0,1.0,1.0,1.0,1.0,1.0,1.0,1.0,1.0,1.0,1.0,1.0,1.0,1.0,1.0,1.0,1.0,0.99378157,1.0,1.0,1.0,1.0,0.9842462,1.0,1.0,1.0
NKRF_HepG2,1.0,1.0,1.0,1.0,1.0,1.0,1.0,1.0,1.0,1.0,1.0,1.0,0.99874306,1.0,1.0,1.0,1.0,1.0,1.0,1.0,1.0,1.0,1.0,1.0,0.99698275,1.0,1.0,1.0,1.0,0.9907125,1.0,1.0,1.0,1.0,1.0,0.94502276,1.0,1.0,1.0,1.0,1.0,1.0,1.0,1.0,1.0,1.0,1.0,1.0,0.99101704,1.0,1.0,1.0,1.0,1.0,1.0,1.0,0.99995613,1.0,1.0,1.0,1.0,1.0,1.0,1.0,1.0,1.0,1.0,1.0,1.0,0.9869788,1.0,1.0,1.0,1.0,1.0,1.0,1.0,1.0,1.0,1.0,1.0,1.0,1.0,1.0,1.0,0.9919228,1.0,1.0,1.0,1.0,0.999999,0.99999994,1.0,1.0,0.9876122,1.0,1.0,1.0,1.0,1.0,1.0,1.0,1.0,1.0,1.0,0.97468305,1.0,1.0,1.0,1.0,1.0,1.0,1.0,1.0,1.0,1.0,1.0,1.0,0.95219076,1.0,1.0,1.0,0.99594486,1.0,1.0,1.0,1.0,1.0,1.0,1.0,1.0,1.0,1.0,1.0,1.0,1.0,1.0,1.0,1.0,1.0,1.0,1.0,1.0,1.0,1.0,1.0,1.0,1.0,1.0,1.0,1.0,1.0,1.0,1.0,1.0,1.0,1.0,1.0,1.0,1.0,1.0,1.0,1.0,1.0,1.0,1.0,1.0,0.9828628,1.0,1.0,1.0,0.9381328,1.0,1.0,1.0,1.0,1.0,1.0,1.0,1.0,1.0,1.0,1.0,0.9994196,1.0,1.0,1.0,1.0,1.0,1.0,1.0,1.0,1.0,1.0,1.0,1.0,1.0,1.0,1.0,1.0,1.0,1.0,1.0,1.0,1.0,1.0,1.0,1.0,1.0,1.0,1.0,1.0,1.0,1.0,0.9937815,1.0,1.0,1.0,1.0,0.98424613,1.0,1.0,1.0
NOL12_HepG2,1.0,1.0,1.0,1.0,1.0,1.0,1.0,1.0,1.0,1.0,1.0,1.0,0.99874306,1.0,1.0,1.0,1.0,1.0,1.0,1.0,1.0,1.0,1.0,1.0,0.9969827,1.0,1.0,1.0,1.0,0.9907125,1.0,1.0,1.0,1.0,1.0,0.9450228,1.0,1.0,1.0,1.0,1.0,1.0,1.0,1.0,1.0,1.0,1.0,1.0,0.9910171,1.0,1.0,1.0,1.0,1.0,1.0,1.0,0.99995613,1.0,1.0,1.0,1.0,1.0,1.0,1.0,1.0,1.0,1.0,1.0,1.0,0.9869788,1.0,1.0,1.0,1.0,1.0,1.0,1.0,1.0,1.0,1.0,1.0,1.0,1.0,1.0,1.0,0.99192286,1.0,1.0,1.0,1.0,0.999999,0.99999994,1.0,1.0,0.98761225,1.0,1.0,1.0,1.0,1.0,1.0,1.0,1.0,1.0,1.0,0.97468305,1.0,1.0,1.0,1.0,1.0,1.0,1.0,1.0,1.0,1.0,1.0,1.0,0.9521908,1.0,1.0,1.0,0.9959448,1.0,1.0,1.0,1.0,1.0,1.0,1.0,1.0,1.0,1.0,1.0,1.0,1.0,1.0,1.0,1.0,1.0,1.0,1.0,1.0,1.0,1.0,1.0,1.0,1.0,1.0,1.0,1.0,1.0,1.0,1.0,1.0,1.0,1.0,1.0,1.0,1.0,1.0,1.0,1.0,1.0,1.0,1.0,1.0,0.9828627,1.0,1.0,1.0,0.93813276,1.0,1.0,1.0,1.0,1.0,1.0,1.0,1.0,1.0,1.0,1.0,0.9994196,1.0,1.0,1.0,1.0,1.0,1.0,1.0,1.0,1.0,1.0,1.0,1.0,1.0,1.0,1.0,1.0,1.0,1.0,1.0,1.0,1.0,1.0,1.0,1.0,1.0,1.0,1.0,1.0,1.0,1.0,0.9937815,1.0,1.0,1.0,1.0,0.9842461,1.0,1.0,1.0
NOLC1_HepG2,1.0,1.0,1.0,1.0,1.0,1.0,1.0,1.0,1.0,1.0,1.0,1.0,0.99874306,1.0,1.0,1.0,1.0,1.0,1.0,1.0,1.0,1.0,1.0,1.0,0.9969827,1.0,1.0,1.0,1.0,0.9907125,1.0,1.0,1.0,1.0,1.0,0.94502276,1.0,1.0,1.0,1.0,1.0,1.0,1.0,1.0,1.0,1.0,1.0,1.0,0.99101704,1.0,1.0,1.0,1.0,1.0,1.0,1.0,0.99995613,1.0,1.0,1.0,1.0,1.0,1.0,1.0,1.0,1.0,1.0,1.0,1.0,0.9869788,1.0,1.0,1.0,1.0,1.0,1.0,1.0,1.0,1.0,1.0,1.0,1.0,1.0,1.0,1.0,0.99192286,1.0,1.0,1.0,1.0,0.999999,0.99999994,1.0,1.0,0.98761225,1.0,1.0,1.0,1.0,1.0,1.0,1.0,1.0,1.0,1.0,0.97468305,1.0,1.0,1.0,1.0,1.0,1.0,1.0,1.0,1.0,1.0,1.0,1.0,0.95219076,1.0,1.0,1.0,0.99594486,1.0,1.0,1.0,1.0,1.0,1.0,1.0,1.0,1.0,1.0,1.0,1.0,1.0,1.0,1.0,1.0,1.0,1.0,1.0,1.0,1.0,1.0,1.0,1.0,1.0,1.0,1.0,1.0,1.0,1.0,1.0,1.0,1.0,1.0,1.0,1.0,1.0,1.0,1.0,1.0,1.0,1.0,1.0,1.0,0.9828628,1.0,1.0,1.0,0.9381328,1.0,1.0,1.0,1.0,1.0,1.0,1.0,1.0,1.0,1.0,1.0,0.9994196,1.0,1.0,1.0,1.0,1.0,1.0,1.0,1.0,1.0,1.0,1.0,1.0,1.0,1.0,1.0,1.0,1.0,1.0,1.0,1.0,1.0,1.0,1.0,1.0,1.0,1.0,1.0,1.0,1.0,1.0,0.9937815,1.0,1.0,1.0,1.0,0.98424613,1.0,1.0,1.0
NOLC1_K562,1.0,1.0,1.0,1.0,1.0,1.0,1.0,1.0,1.0,1.0,1.0,1.0,0.99874306,1.0,1.0,1.0,1.0,1.0,1.0,1.0,1.0,1.0,1.0,1.0,0.9969827,1.0,1.0,1.0,1.0,0.9907125,1.0,1.0,1.0,1.0,1.0,0.94502276,1.0,1.0,1.0,1.0,1.0,1.0,1.0,1.0,1.0,1.0,1.0,1.0,0.99101704,1.0,1.0,1.0,1.0,1.0,1.0,1.0,0.99995613,1.0,1.0,1.0,1.0,1.0,1.0,1.0,1.0,1.0,1.0,1.0,1.0,0.9869788,1.0,1.0,1.0,1.0,1.0,1.0,1.0,1.0,1.0,1.0,1.0,1.0,1.0,1.0,1.0,0.99192286,1.0,1.0,1.0,1.0,0.999999,0.99999994,1.0,1.0,0.98761225,1.0,1.0,1.0,1.0,1.0,1.0,1.0,1.0,1.0,1.0,0.97468305,1.0,1.0,1.0,1.0,1.0,1.0,1.0,1.0,1.0,1.0,1.0,1.0,0.95219076,1.0,1.0,1.0,0.99594486,1.0,1.0,1.0,1.0,1.0,1.0,1.0,1.0,1.0,1.0,1.0,1.0,1.0,1.0,1.0,1.0,1.0,1.0,1.0,1.0,1.0,1.0,1.0,1.0,1.0,1.0,1.0,1.0,1.0,1.0,1.0,1.0,1.0,1.0,1.0,1.0,1.0,1.0,1.0,1.0,1.0,1.0,1.0,1.0,0.9828628,1.0,1.0,1.0,0.9381328,1.0,1.0,1.0,1.0,1.0,1.0,1.0,1.0,1.0,1.0,1.0,0.9994196,1.0,1.0,1.0,1.0,1.0,1.0,1.0,1.0,1.0,1.0,1.0,1.0,1.0,1.0,1.0,1.0,1.0,1.0,1.0,1.0,1.0,1.0,1.0,1.0,1.0,1.0,1.0,1.0,1.0,1.0,0.9937815,1.0,1.0,1.0,1.0,0.98424613,1.0,1.0,1.0
NONO_K562,0.9521908,0.95219094,0.95219094,0.952191,0.95219094,0.95219076,0.9521907,0.95219076,0.9521908,0.95219076,0.9521907,0.95219064,0.9356811,0.952191,0.9521909,0.95219076,0.9521907,0.95219076,0.9521907,0.9521906,0.95219105,0.9521907,0.95219076,0.9521908,0.92560333,0.9521907,0.9521907,0.9521907,0.95219076,0.90180695,0.9521907,0.9521908,0.9521908,0.9521907,0.95219046,0.99974316,0.9521908,0.9521907,0.9521907,0.9521908,0.95219076,0.9521907,0.9521908,0.95219094,0.95219076,0.9521908,0.95219094,0.95219123,0.98449403,0.9521908,0.95219076,0.9521909,0.952191,0.95219076,0.9521909,0.9521908,0.95501053,0.9521913,0.9521907,0.95219105,0.95219076,0.9521908,0.952191,0.9521908,0.9521798,0.9521907,0.95219076,0.95219094,0.9521909,0.89065176,0.9521933,0.95219094,0.95219076,0.9521915,0.9521908,0.95219076,0.9521908,0.9521908,0.9521908,0.95219076,0.9521907,0.95219076,0.9521909,0.952191,0.9521907,0.98325074,0.95219094,0.9521908,0.9521907,0.9521902,0.9526291,0.95209163,0.95219076,0.9521911,0.98833317,0.95219094,0.95219105,0.9521913,0.95219064,0.95219076,0.9521908,0.95219076,0.9521898,0.95220417,0.9521916,0.9963922,0.9521908,0.95219076,0.9521908,0.9521907,0.952191,0.95219076,0.95219094,0.9521906,0.95219076,0.9521908,0.95219076,0.95219076,1.0,0.9521907,0.95219076,0.9521909,0.9208445,0.95219094,0.9521908,0.95219076,0.9521907,0.9521908,0.95218503,0.9521909,0.95219076,0.9521907,0.95219076,0.9521907,0.9521907,0.9521907,0.9521907,0.9521907,0.9521907,0.95219076,0.9521912,0.9521909,0.9521908,0.9521908,0.95219105,0.95219076,0.95219076,0.9521907,0.95219076,0.9521907,0.9521907,0.95219076,0.95219076,0.9521908,0.95219064,0.95219076,0.9521909,0.95219076,0.9521907,0.9521909,0.95219064,0.9521908,0.9521907,0.95219076,0.9521905,0.9521907,0.9521908,0.8795566,0.9521909,0.95218605,0.9521909,0.7874928,0.9521908,0.95219225,0.95219064,0.9521908,0.95219076,0.95219064,0.9521908,0.9521907,0.9521908,0.952191,0.9521907,0.94123137,0.9521908,0.9521907,0.9521909,0.95219076,0.9521907,0.9521918,0.95219094,0.9521908,0.9521908,0.9521908,0.95219076,0.95219076,0.9521909,0.9521908,0.9521919,0.9521908,0.95219135,0.9521908,0.95219076,0.9521907,0.95219076,0.9521907,0.95219064,0.95219076,0.95219076,0.95219076,0.9521908,0.95219064,0.95219076,0.9521913,0.91225237,0.9521909,0.9521908,0.9521907,0.9521912,0.8831758,0.9521907,0.9521912,0.9521907
NPM1_K562,1.0,1.0,1.0,1.0,1.0,1.0,1.0,1.0,1.0,1.0,1.0,1.0,0.99874306,1.0,1.0,1.0,1.0,1.0,1.0,1.0,1.0,1.0,1.0,1.0,0.99698275,1.0,1.0,1.0,1.0,0.9907125,1.0,1.0,1.0,1.0,1.0,0.9450227,1.0,1.0,1.0,1.0,1.0,1.0,1.0,1.0,1.0,1.0,1.0,1.0,0.99101704,1.0,1.0,1.0,1.0,1.0,1.0,1.0,0.99995613,1.0,1.0,1.0,1.0,1.0,1.0,1.0,1.0,1.0,1.0,1.0,1.0,0.9869789,1.0,1.0,1.0,1.0,1.0,1.0,1.0,1.0,1.0,1.0,1.0,1.0,1.0,1.0,1.0,0.9919228,1.0,1.0,1.0,1.0,0.999999,0.99999994,1.0,1.0,0.9876122,1.0,1.0,1.0,1.0,1.0,1.0,1.0,1.0,1.0,1.0,0.974683,1.0,1.0,1.0,1.0,1.0,1.0,1.0,1.0,1.0,1.0,1.0,1.0,0.9521907,1.0,1.0,1.0,0.99594486,1.0,1.0,1.0,1.0,1.0,1.0,1.0,1.0,1.0,1.0,1.0,1.0,1.0,1.0,1.0,1.0,1.0,1.0,1.0,1.0,1.0,1.0,1.0,1.0,1.0,1.0,1.0,1.0,1.0,1.0,1.0,1.0,1.0,1.0,1.0,1.0,1.0,1.0,1.0,1.0,1.0,1.0,1.0,1.0,0.9828628,1.0,1.0,1.0,0.9381329,1.0,1.0,1.0,1.0,1.0,1.0,1.0,1.0,1.0,1.0,1.0,0.9994196,1.0,1.0,1.0,1.0,1.0,1.0,1.0,1.0,1.0,1.0,1.0,1.0,1.0,1.0,1.0,1.0,1.0,1.0,1.0,1.0,1.0,1.0,1.0,1.0,1.0,1.0,1.0,1.0,1.0,1.0,0.9937815,1.0,1.0,1.0,1.0,0.98424613,1.0,1.0,1.0
NSUN2_K562,1.0,1.0,1.0,1.0,1.0,1.0,1.0,1.0,1.0,1.0,1.0,1.0,0.99874306,1.0,1.0,1.0,1.0,1.0,1.0,1.0,1.0,1.0,1.0,1.0,0.99698275,1.0,1.0,1.0,1.0,0.9907125,1.0,1.0,1.0,1.0,1.0,0.94502276,1.0,1.0,1.0,1.0,1.0,1.0,1.0,1.0,1.0,1.0,1.0,1.0,0.99101704,1.0,1.0,1.0,1.0,1.0,1.0,1.0,0.99995613,1.0,1.0,1.0,1.0,1.0,1.0,1.0,1.0,1.0,1.0,1.0,1.0,0.9869789,1.0,1.0,1.0,1.0,1.0,1.0,1.0,1.0,1.0,1.0,1.0,1.0,1.0,1.0,1.0,0.9919228,1.0,1.0,1.0,1.0,0.999999,0.99999994,1.0,1.0,0.9876122,1.0,1.0,1.0,1.0,1.0,1.0,1.0,1.0,1.0,1.0,0.974683,1.0,1.0,1.0,1.0,1.0,1.0,1.0,1.0,1.0,1.0,1.0,1.0,0.95219076,1.0,1.0,1.0,0.99594486,1.0,1.0,1.0,1.0,1.0,1.0,1.0,1.0,1.0,1.0,1.0,1.0,1.0,1.0,1.0,1.0,1.0,1.0,1.0,1.0,1.0,1.0,1.0,1.0,1.0,1.0,1.0,1.0,1.0,1.0,1.0,1.0,1.0,1.0,1.0,1.0,1.0,1.0,1.0,1.0,1.0,1.0,1.0,1.0,0.9828628,1.0,1.0,1.0,0.9381328,1.0,1.0,1.0,1.0,1.0,1.0,1.0,1.0,1.0,1.0,1.0,0.9994196,1.0,1.0,1.0,1.0,1.0,1.0,1.0,1.0,1.0,1.0,1.0,1.0,1.0,1.0,1.0,1.0,1.0,1.0,1.0,1.0,1.0,1.0,1.0,1.0,1.0,1.0,1.0,1.0,1.0,1.0,0.9937815,1.0,1.0,1.0,1.0,0.98424613,1.0,1.0,1.0
PABPC4_K562,1.0,1.0,1.0,1.0,1.0,1.0,1.0,1.0,1.0,1.0,1.0,1.0,0.998743,1.0,1.0,1.0,1.0,1.0,1.0,1.0,1.0,1.0,1.0,1.0,0.9969827,1.0,1.0,1.0,1.0,0.99071246,1.0,1.0,1.0,1.0,1.0,0.94502294,1.0,1.0,1.0,1.0,1.0,1.0,1.0,1.0,1.0,1.0,1.0,1.0,0.9910171,1.0,1.0,1.0,1.0,1.0,1.0,1.0,0.99995613,1.0,1.0,1.0,1.0,1.0,1.0,1.0,1.0,1.0,1.0,1.0,1.0,0.98697877,1.0,1.0,1.0,1.0,1.0,1.0,1.0,1.0,1.0,1.0,1.0,1.0,1.0,1.0,1.0,0.9919229,1.0,1.0,1.0,1.0,0.999999,0.99999994,1.0,1.0,0.9876123,1.0,1.0,1.0,1.0,1.0,1.0,1.0,1.0,1.0,1.0,0.9746831,1.0,1.0,1.0,1.0,1.0,1.0,1.0,1.0,1.0,1.0,1.0,1.0,0.9521909,1.0,1.0,1.0,0.9959448,1.0,1.0,1.0,1.0,1.0,1.0,1.0,1.0,1.0,1.0,1.0,1.0,1.0,1.0,1.0,1.0,1.0,1.0,1.0,1.0,1.0,1.0,1.0,1.0,1.0,1.0,1.0,1.0,1.0,1.0,1.0,1.0,1.0,1.0,1.0,1.0,1.0,1.0,1.0,1.0,1.0,1.0,1.0,1.0,0.98286265,1.0,1.0,1.0,0.93813264,1.0,1.0,1.0,1.0,1.0,1.0,1.0,1.0,1.0,1.0,1.0,0.9994196,1.0,1.0,1.0,1.0,1.0,1.0,1.0,1.0,1.0,1.0,1.0,1.0,1.0,1.0,1.0,1.0,1.0,1.0,1.0,1.0,1.0,1.0,1.0,1.0,1.0,1.0,1.0,1.0,1.0,1.0,0.99378145,1.0,1.0,1.0,1.0,0.984246,1.0,1.0,1.0
PABPN1_HepG2,0.99594486,0.9959448,0.9959448,0.9959448,0.9959448,0.99594486,0.99594486,0.99594486,0.9959448,0.99594486,0.99594486,0.99594486,0.9992024,0.9959448,0.9959448,0.99594486,0.99594486,0.99594486,0.99594486,0.9959449,0.99594474,0.99594486,0.99594486,0.9959448,0.9999233,0.99594486,0.99594486,0.99594486,0.99594486,0.998928,0.99594486,0.9959448,0.9959448,0.99594486,0.9959449,0.9117713,0.99594486,0.99594486,0.99594486,0.9959448,0.99594486,0.99594486,0.9959448,0.9959448,0.99594486,0.99594486,0.9959448,0.99594474,0.9749667,0.99594486,0.99594486,0.9959448,0.9959448,0.99594486,0.9959448,0.99594486,0.9950585,0.9959447,0.99594486,0.99594474,0.99594486,0.9959448,0.9959448,0.9959448,0.9959481,0.99594486,0.99594486,0.9959448,0.9959448,0.99744755,0.9959441,0.9959448,0.99594486,0.9959446,0.9959448,0.99594486,0.9959448,0.99594486,0.99594486,0.99594486,0.99594486,0.99594486,0.9959448,0.9959448,0.99594486,0.9764889,0.9959448,0.9959448,0.99594486,0.995945,0.99581444,0.99597394,0.99594486,0.99594474,0.96949035,0.9959448,0.99594474,0.9959447,0.99594486,0.99594486,0.9959448,0.99594486,0.99594516,0.99594086,0.9959446,0.950615,0.9959448,0.99594486,0.9959448,0.99594486,0.99594474,0.99594486,0.9959448,0.9959449,0.99594486,0.9959448,0.99594486,0.99594486,0.9208445,0.99594486,0.99594486,0.9959448,1.0,0.9959448,0.99594486,0.99594486,0.99594486,0.9959448,0.9959465,0.9959448,0.99594486,0.99594486,0.99594486,0.99594486,0.99594486,0.99594486,0.99594486,0.99594486,0.99594486,0.99594486,0.99594474,0.9959448,0.99594486,0.9959448,0.99594474,0.99594486,0.99594486,0.99594486,0.99594486,0.99594486,0.99594486,0.99594486,0.99594486,0.9959448,0.99594486,0.99594486,0.9959448,0.99594486,0.99594486,0.9959448,0.99594486,0.9959448,0.99594486,0.99594486,0.9959449,0.99594486,0.99594486,0.9954613,0.9959448,0.9959462,0.9959448,0.9654816,0.99594486,0.99594444,0.99594486,0.9959448,0.99594486,0.99594486,0.9959448,0.99594486,0.9959448,0.9959448,0.99594486,0.99843144,0.9959448,0.99594486,0.9959448,0.99594486,0.99594486,0.9959445,0.9959448,0.9959448,0.99594486,0.99594486,0.99594486,0.99594486,0.9959448,0.99594486,0.9959445,0.9959448,0.9959447,0.9959448,0.99594486,0.99594486,0.99594486,0.99594486,0.99594486,0.99594486,0.99594486,0.99594486,0.99594486,0.99594486,0.99594486,0.9959447,0.9997691,0.9959448,0.9959448,0.99594486,0.99594474,0.99616116,0.99594486,0.99594474,0.99594486
PCBP1_HepG2,1.0,1.0,1.0,1.0,1.0,1.0,1.0,1.0,1.0,1.0,1.0,1.0,0.998743,1.0,1.0,1.0,1.0,1.0,1.0,1.0,1.0,1.0,1.0,1.0,0.9969827,1.0,1.0,1.0,1.0,0.99071246,1.0,1.0,1.0,1.0,1.0,0.94502294,1.0,1.0,1.0,1.0,1.0,1.0,1.0,1.0,1.0,1.0,1.0,1.0,0.9910171,1.0,1.0,1.0,1.0,1.0,1.0,1.0,0.99995613,1.0,1.0,1.0,1.0,1.0,1.0,1.0,1.0,1.0,1.0,1.0,1.0,0.98697877,1.0,1.0,1.0,1.0,1.0,1.0,1.0,1.0,1.0,1.0,1.0,1.0,1.0,1.0,1.0,0.9919229,1.0,1.0,1.0,1.0,0.999999,0.99999994,1.0,1.0,0.9876123,1.0,1.0,1.0,1.0,1.0,1.0,1.0,1.0,1.0,1.0,0.97468317,1.0,1.0,1.0,1.0,1.0,1.0,1.0,1.0,1.0,1.0,1.0,1.0,0.95219094,1.0,1.0,1.0,0.9959448,1.0,1.0,1.0,1.0,1.0,1.0,1.0,1.0,1.0,1.0,1.0,1.0,1.0,1.0,1.0,1.0,1.0,1.0,1.0,1.0,1.0,1.0,1.0,1.0,1.0,1.0,1.0,1.0,1.0,1.0,1.0,1.0,1.0,1.0,1.0,1.0,1.0,1.0,1.0,1.0,1.0,1.0,1.0,1.0,0.98286265,1.0,1.0,1.0,0.93813264,1.0,1.0,1.0,1.0,1.0,1.0,1.0,1.0,1.0,1.0,1.0,0.9994196,1.0,1.0,1.0,1.0,1.0,1.0,1.0,1.0,1.0,1.0,1.0,1.0,1.0,1.0,1.0,1.0,1.0,1.0,1.0,1.0,1.0,1.0,1.0,1.0,1.0,1.0,1.0,1.0,1.0,1.0,0.99378145,1.0,1.0,1.0,1.0,0.984246,1.0,1.0,1.0
PCBP1_K562,1.0,1.0,1.0,1.0,1.0,1.0,1.0,1.0,1.0,1.0,1.0,1.0,0.99874306,1.0,1.0,1.0,1.0,1.0,1.0,1.0,1.0,1.0,1.0,1.0,0.9969827,1.0,1.0,1.0,1.0,0.9907125,1.0,1.0,1.0,1.0,1.0,0.9450228,1.0,1.0,1.0,1.0,1.0,1.0,1.0,1.0,1.0,1.0,1.0,1.0,0.9910171,1.0,1.0,1.0,1.0,1.0,1.0,1.0,0.99995613,1.0,1.0,1.0,1.0,1.0,1.0,1.0,1.0,1.0,1.0,1.0,1.0,0.9869788,1.0,1.0,1.0,1.0,1.0,1.0,1.0,1.0,1.0,1.0,1.0,1.0,1.0,1.0,1.0,0.99192286,1.0,1.0,1.0,1.0,0.999999,0.99999994,1.0,1.0,0.98761225,1.0,1.0,1.0,1.0,1.0,1.0,1.0,1.0,1.0,1.0,0.97468305,1.0,1.0,1.0,1.0,1.0,1.0,1.0,1.0,1.0,1.0,1.0,1.0,0.9521908,1.0,1.0,1.0,0.99594486,1.0,1.0,1.0,1.0,1.0,1.0,1.0,1.0,1.0,1.0,1.0,1.0,1.0,1.0,1.0,1.0,1.0,1.0,1.0,1.0,1.0,1.0,1.0,1.0,1.0,1.0,1.0,1.0,1.0,1.0,1.0,1.0,1.0,1.0,1.0,1.0,1.0,1.0,1.0,1.0,1.0,1.0,1.0,1.0,0.9828627,1.0,1.0,1.0,0.93813276,1.0,1.0,1.0,1.0,1.0,1.0,1.0,1.0,1.0,1.0,1.0,0.9994196,1.0,1.0,1.0,1.0,1.0,1.0,1.0,1.0,1.0,1.0,1.0,1.0,1.0,1.0,1.0,1.0,1.0,1.0,1.0,1.0,1.0,1.0,1.0,1.0,1.0,1.0,1.0,1.0,1.0,1.0,0.9937815,1.0,1.0,1.0,1.0,0.9842461,1.0,1.0,1.0
PCBP2_HepG2,1.0,1.0,1.0,1.0,1.0,1.0,1.0,1.0,1.0,1.0,1.0,1.0,0.99874306,1.0,1.0,1.0,1.0,1.0,1.0,1.0,1.0,1.0,1.0,1.0,0.9969827,1.0,1.0,1.0,1.0,0.9907125,1.0,1.0,1.0,1.0,1.0,0.94502276,1.0,1.0,1.0,1.0,1.0,1.0,1.0,1.0,1.0,1.0,1.0,1.0,0.99101704,1.0,1.0,1.0,1.0,1.0,1.0,1.0,0.99995613,1.0,1.0,1.0,1.0,1.0,1.0,1.0,1.0,1.0,1.0,1.0,1.0,0.9869788,1.0,1.0,1.0,1.0,1.0,1.0,1.0,1.0,1.0,1.0,1.0,1.0,1.0,1.0,1.0,0.99192286,1.0,1.0,1.0,1.0,0.999999,0.99999994,1.0,1.0,0.98761225,1.0,1.0,1.0,1.0,1.0,1.0,1.0,1.0,1.0,1.0,0.97468305,1.0,1.0,1.0,1.0,1.0,1.0,1.0,1.0,1.0,1.0,1.0,1.0,0.95219076,1.0,1.0,1.0,0.99594486,1.0,1.0,1.0,1.0,1.0,1.0,1.0,1.0,1.0,1.0,1.0,1.0,1.0,1.0,1.0,1.0,1.0,1.0,1.0,1.0,1.0,1.0,1.0,1.0,1.0,1.0,1.0,1.0,1.0,1.0,1.0,1.0,1.0,1.0,1.0,1.0,1.0,1.0,1.0,1.0,1.0,1.0,1.0,1.0,0.9828628,1.0,1.0,1.0,0.9381328,1.0,1.0,1.0,1.0,1.0,1.0,1.0,1.0,1.0,1.0,1.0,0.9994196,1.0,1.0,1.0,1.0,1.0,1.0,1.0,1.0,1.0,1.0,1.0,1.0,1.0,1.0,1.0,1.0,1.0,1.0,1.0,1.0,1.0,1.0,1.0,1.0,1.0,1.0,1.0,1.0,1.0,1.0,0.9937815,1.0,1.0,1.0,1.0,0.98424613,1.0,1.0,1.0
PHF6_K562,1.0,1.0,1.0,1.0,1.0,1.0,1.0,1.0,1.0,1.0,1.0,1.0,0.99874306,1.0,1.0,1.0,1.0,1.0,1.0,1.0,1.0,1.0,1.0,1.0,0.99698275,1.0,1.0,1.0,1.0,0.9907125,1.0,1.0,1.0,1.0,1.0,0.9450227,1.0,1.0,1.0,1.0,1.0,1.0,1.0,1.0,1.0,1.0,1.0,1.0,0.99101704,1.0,1.0,1.0,1.0,1.0,1.0,1.0,0.99995613,1.0,1.0,1.0,1.0,1.0,1.0,1.0,1.0,1.0,1.0,1.0,1.0,0.9869789,1.0,1.0,1.0,1.0,1.0,1.0,1.0,1.0,1.0,1.0,1.0,1.0,1.0,1.0,1.0,0.9919228,1.0,1.0,1.0,1.0,0.999999,0.99999994,1.0,1.0,0.9876122,1.0,1.0,1.0,1.0,1.0,1.0,1.0,1.0,1.0,1.0,0.974683,1.0,1.0,1.0,1.0,1.0,1.0,1.0,1.0,1.0,1.0,1.0,1.0,0.9521907,1.0,1.0,1.0,0.99594486,1.0,1.0,1.0,1.0,1.0,1.0,1.0,1.0,1.0,1.0,1.0,1.0,1.0,1.0,1.0,1.0,1.0,1.0,1.0,1.0,1.0,1.0,1.0,1.0,1.0,1.0,1.0,1.0,1.0,1.0,1.0,1.0,1.0,1.0,1.0,1.0,1.0,1.0,1.0,1.0,1.0,1.0,1.0,1.0,0.9828628,1.0,1.0,1.0,0.9381329,1.0,1.0,1.0,1.0,1.0,1.0,1.0,1.0,1.0,1.0,1.0,0.9994196,1.0,1.0,1.0,1.0,1.0,1.0,1.0,1.0,1.0,1.0,1.0,1.0,1.0,1.0,1.0,1.0,1.0,1.0,1.0,1.0,1.0,1.0,1.0,1.0,1.0,1.0,1.0,1.0,1.0,1.0,0.9937815,1.0,1.0,1.0,1.0,0.98424613,1.0,1.0,1.0
POLR2G_HepG2,1.0,1.0,1.0,1.0,1.0,1.0,1.0,1.0,1.0,1.0,1.0,1.0,0.99874306,1.0,1.0,1.0,1.0,1.0,1.0,1.0,1.0,1.0,1.0,1.0,0.9969827,1.0,1.0,1.0,1.0,0.99071246,1.0,1.0,1.0,1.0,1.0,0.9450229,1.0,1.0,1.0,1.0,1.0,1.0,1.0,1.0,1.0,1.0,1.0,1.0,0.9910171,1.0,1.0,1.0,1.0,1.0,1.0,1.0,0.99995613,1.0,1.0,1.0,1.0,1.0,1.0,1.0,1.0,1.0,1.0,1.0,1.0,0.9869788,1.0,1.0,1.0,1.0,1.0,1.0,1.0,1.0,1.0,1.0,1.0,1.0,1.0,1.0,1.0,0.99192286,1.0,1.0,1.0,1.0,0.999999,0.99999994,1.0,1.0,0.98761225,1.0,1.0,1.0,1.0,1.0,1.0,1.0,1.0,1.0,1.0,0.9746831,1.0,1.0,1.0,1.0,1.0,1.0,1.0,1.0,1.0,1.0,1.0,1.0,0.9521908,1.0,1.0,1.0,0.9959448,1.0,1.0,1.0,1.0,1.0,1.0,1.0,1.0,1.0,1.0,1.0,1.0,1.0,1.0,1.0,1.0,1.0,1.0,1.0,1.0,1.0,1.0,1.0,1.0,1.0,1.0,1.0,1.0,1.0,1.0,1.0,1.0,1.0,1.0,1.0,1.0,1.0,1.0,1.0,1.0,1.0,1.0,1.0,1.0,0.9828627,1.0,1.0,1.0,0.9381327,1.0,1.0,1.0,1.0,1.0,1.0,1.0,1.0,1.0,1.0,1.0,0.9994196,1.0,1.0,1.0,1.0,1.0,1.0,1.0,1.0,1.0,1.0,1.0,1.0,1.0,1.0,1.0,1.0,1.0,1.0,1.0,1.0,1.0,1.0,1.0,1.0,1.0,1.0,1.0,1.0,1.0,1.0,0.9937815,1.0,1.0,1.0,1.0,0.9842461,1.0,1.0,1.0
PPIG_HepG2,1.0,1.0,1.0,1.0,1.0,1.0,1.0,1.0,1.0,1.0,1.0,1.0,0.998744,1.0,1.0,1.0,1.0,1.0,1.0,1.0,1.0,1.0,1.0,1.0,0.9969842,1.0,1.0,1.0,1.0,0.9907151,1.0,1.0,1.0,1.0,1.0,0.9450166,1.0,1.0,1.0,1.0,1.0,1.0,1.0,1.0,1.0,1.0,1.0,1.0,0.99101454,1.0,1.0,1.0,1.0,1.0,1.0,1.0,0.99995595,1.0,1.0,1.0,1.0,1.0,1.0,1.0,1.0,1.0,1.0,1.0,1.0,0.98698187,1.0,1.0,1.0,1.0,1.0,1.0,1.0,1.0,1.0,1.0,1.0,1.0,1.0,1.0,1.0,0.9919205,1.0,1.0,1.0,1.0,0.9999989,0.99999994,1.0,1.0,0.98760927,1.0,1.0,1.0,1.0,1.0,1.0,1.0,1.0,1.0,1.0,0.9746788,1.0,1.0,1.0,1.0,1.0,1.0,1.0,1.0,1.0,1.0,1.0,1.0,0.95218503,1.0,1.0,1.0,0.9959465,1.0,1.0,1.0,1.0,1.0,1.0,1.0,1.0,1.0,1.0,1.0,1.0,1.0,1.0,1.0,1.0,1.0,1.0,1.0,1.0,1.0,1.0,1.0,1.0,1.0,1.0,1.0,1.0,1.0,1.0,1.0,1.0,1.0,1.0,1.0,1.0,1.0,1.0,1.0,1.0,1.0,1.0,1.0,1.0,0.9828662,1.0,1.0,1.0,0.9381393,1.0,1.0,1.0,1.0,1.0,1.0,1.0,1.0,1.0,1.0,1.0,0.9994203,1.0,1.0,1.0,1.0,1.0,1.0,1.0,1.0,1.0,1.0,1.0,1.0,1.0,1.0,1.0,1.0,1.0,1.0,1.0,1.0,1.0,1.0,1.0,1.0,1.0,1.0,1.0,1.0,1.0,1.0,0.9937836,1.0,1.0,1.0,1.0,0.9842494,1.0,1.0,1.0
PPIL4_K562,1.0,1.0,1.0,1.0,1.0,1.0,1.0,1.0,1.0,1.0,1.0,1.0,0.99874306,1.0,1.0,1.0,1.0,1.0,1.0,1.0,1.0,1.0,1.0,1.0,0.9969827,1.0,1.0,1.0,1.0,0.99071246,1.0,1.0,1.0,1.0,1.0,0.9450229,1.0,1.0,1.0,1.0,1.0,1.0,1.0,1.0,1.0,1.0,1.0,1.0,0.9910171,1.0,1.0,1.0,1.0,1.0,1.0,1.0,0.99995613,1.0,1.0,1.0,1.0,1.0,1.0,1.0,1.0,1.0,1.0,1.0,1.0,0.98697877,1.0,1.0,1.0,1.0,1.0,1.0,1.0,1.0,1.0,1.0,1.0,1.0,1.0,1.0,1.0,0.99192286,1.0,1.0,1.0,1.0,0.999999,0.99999994,1.0,1.0,0.9876123,1.0,1.0,1.0,1.0,1.0,1.0,1.0,1.0,1.0,1.0,0.9746831,1.0,1.0,1.0,1.0,1.0,1.0,1.0,1.0,1.0,1.0,1.0,1.0,0.9521909,1.0,1.0,1.0,0.9959448,1.0,1.0,1.0,1.0,1.0,1.0,1.0,1.0,1.0,1.0,1.0,1.0,1.0,1.0,1.0,1.0,1.0,1.0,1.0,1.0,1.0,1.0,1.0,1.0,1.0,1.0,1.0,1.0,1.0,1.0,1.0,1.0,1.0,1.0,1.0,1.0,1.0,1.0,1.0,1.0,1.0,1.0,1.0,1.0,0.9828627,1.0,1.0,1.0,0.9381327,1.0,1.0,1.0,1.0,1.0,1.0,1.0,1.0,1.0,1.0,1.0,0.9994196,1.0,1.0,1.0,1.0,1.0,1.0,1.0,1.0,1.0,1.0,1.0,1.0,1.0,1.0,1.0,1.0,1.0,1.0,1.0,1.0,1.0,1.0,1.0,1.0,1.0,1.0,1.0,1.0,1.0,1.0,0.99378145,1.0,1.0,1.0,1.0,0.9842461,1.0,1.0,1.0
PRPF4_HepG2,1.0,1.0,1.0,1.0,1.0,1.0,1.0,1.0,1.0,1.0,1.0,1.0,0.99874306,1.0,1.0,1.0,1.0,1.0,1.0,1.0,1.0,1.0,1.0,1.0,0.9969827,1.0,1.0,1.0,1.0,0.9907125,1.0,1.0,1.0,1.0,1.0,0.94502276,1.0,1.0,1.0,1.0,1.0,1.0,1.0,1.0,1.0,1.0,1.0,1.0,0.99101704,1.0,1.0,1.0,1.0,1.0,1.0,1.0,0.99995613,1.0,1.0,1.0,1.0,1.0,1.0,1.0,1.0,1.0,1.0,1.0,1.0,0.9869788,1.0,1.0,1.0,1.0,1.0,1.0,1.0,1.0,1.0,1.0,1.0,1.0,1.0,1.0,1.0,0.99192286,1.0,1.0,1.0,1.0,0.999999,0.99999994,1.0,1.0,0.98761225,1.0,1.0,1.0,1.0,1.0,1.0,1.0,1.0,1.0,1.0,0.97468305,1.0,1.0,1.0,1.0,1.0,1.0,1.0,1.0,1.0,1.0,1.0,1.0,0.95219076,1.0,1.0,1.0,0.99594486,1.0,1.0,1.0,1.0,1.0,1.0,1.0,1.0,1.0,1.0,1.0,1.0,1.0,1.0,1.0,1.0,1.0,1.0,1.0,1.0,1.0,1.0,1.0,1.0,1.0,1.0,1.0,1.0,1.0,1.0,1.0,1.0,1.0,1.0,1.0,1.0,1.0,1.0,1.0,1.0,1.0,1.0,1.0,1.0,0.9828628,1.0,1.0,1.0,0.9381328,1.0,1.0,1.0,1.0,1.0,1.0,1.0,1.0,1.0,1.0,1.0,0.9994196,1.0,1.0,1.0,1.0,1.0,1.0,1.0,1.0,1.0,1.0,1.0,1.0,1.0,1.0,1.0,1.0,1.0,1.0,1.0,1.0,1.0,1.0,1.0,1.0,1.0,1.0,1.0,1.0,1.0,1.0,0.9937815,1.0,1.0,1.0,1.0,0.98424613,1.0,1.0,1.0
PRPF8_HepG2,1.0,1.0,1.0,1.0,1.0,1.0,1.0,1.0,1.0,1.0,1.0,1.0,0.99874306,1.0,1.0,1.0,1.0,1.0,1.0,1.0,1.0,1.0,1.0,1.0,0.99698275,1.0,1.0,1.0,1.0,0.9907126,1.0,1.0,1.0,1.0,1.0,0.94502264,1.0,1.0,1.0,1.0,1.0,1.0,1.0,1.0,1.0,1.0,1.0,1.0,0.99101704,1.0,1.0,1.0,1.0,1.0,1.0,1.0,0.99995613,1.0,1.0,1.0,1.0,1.0,1.0,1.0,1.0,1.0,1.0,1.0,1.0,0.9869789,1.0,1.0,1.0,1.0,1.0,1.0,1.0,1.0,1.0,1.0,1.0,1.0,1.0,1.0,1.0,0.9919228,1.0,1.0,1.0,1.0,0.999999,0.99999994,1.0,1.0,0.9876122,1.0,1.0,1.0,1.0,1.0,1.0,1.0,1.0,1.0,1.0,0.974683,1.0,1.0,1.0,1.0,1.0,1.0,1.0,1.0,1.0,1.0,1.0,1.0,0.9521907,1.0,1.0,1.0,0.99594486,1.0,1.0,1.0,1.0,1.0,1.0,1.0,1.0,1.0,1.0,1.0,1.0,1.0,1.0,1.0,1.0,1.0,1.0,1.0,1.0,1.0,1.0,1.0,1.0,1.0,1.0,1.0,1.0,1.0,1.0,1.0,1.0,1.0,1.0,1.0,1.0,1.0,1.0,1.0,1.0,1.0,1.0,1.0,1.0,0.98286283,1.0,1.0,1.0,0.93813294,1.0,1.0,1.0,1.0,1.0,1.0,1.0,1.0,1.0,1.0,1.0,0.9994196,1.0,1.0,1.0,1.0,1.0,1.0,1.0,1.0,1.0,1.0,1.0,1.0,1.0,1.0,1.0,1.0,1.0,1.0,1.0,1.0,1.0,1.0,1.0,1.0,1.0,1.0,1.0,1.0,1.0,1.0,0.99378157,1.0,1.0,1.0,1.0,0.9842462,1.0,1.0,1.0
PRPF8_K562,1.0,1.0,1.0,1.0,1.0,1.0,1.0,1.0,1.0,1.0,1.0,1.0,0.99874306,1.0,1.0,1.0,1.0,1.0,1.0,1.0,1.0,1.0,1.0,1.0,0.9969827,1.0,1.0,1.0,1.0,0.9907125,1.0,1.0,1.0,1.0,1.0,0.94502276,1.0,1.0,1.0,1.0,1.0,1.0,1.0,1.0,1.0,1.0,1.0,1.0,0.99101704,1.0,1.0,1.0,1.0,1.0,1.0,1.0,0.99995613,1.0,1.0,1.0,1.0,1.0,1.0,1.0,1.0,1.0,1.0,1.0,1.0,0.9869788,1.0,1.0,1.0,1.0,1.0,1.0,1.0,1.0,1.0,1.0,1.0,1.0,1.0,1.0,1.0,0.99192286,1.0,1.0,1.0,1.0,0.999999,0.99999994,1.0,1.0,0.98761225,1.0,1.0,1.0,1.0,1.0,1.0,1.0,1.0,1.0,1.0,0.97468305,1.0,1.0,1.0,1.0,1.0,1.0,1.0,1.0,1.0,1.0,1.0,1.0,0.95219076,1.0,1.0,1.0,0.99594486,1.0,1.0,1.0,1.0,1.0,1.0,1.0,1.0,1.0,1.0,1.0,1.0,1.0,1.0,1.0,1.0,1.0,1.0,1.0,1.0,1.0,1.0,1.0,1.0,1.0,1.0,1.0,1.0,1.0,1.0,1.0,1.0,1.0,1.0,1.0,1.0,1.0,1.0,1.0,1.0,1.0,1.0,1.0,1.0,0.9828628,1.0,1.0,1.0,0.9381328,1.0,1.0,1.0,1.0,1.0,1.0,1.0,1.0,1.0,1.0,1.0,0.9994196,1.0,1.0,1.0,1.0,1.0,1.0,1.0,1.0,1.0,1.0,1.0,1.0,1.0,1.0,1.0,1.0,1.0,1.0,1.0,1.0,1.0,1.0,1.0,1.0,1.0,1.0,1.0,1.0,1.0,1.0,0.9937815,1.0,1.0,1.0,1.0,0.98424613,1.0,1.0,1.0
PTBP1_HepG2,1.0,1.0,1.0,1.0,1.0,1.0,1.0,1.0,1.0,1.0,1.0,1.0,0.99874306,1.0,1.0,1.0,1.0,1.0,1.0,1.0,1.0,1.0,1.0,1.0,0.99698275,1.0,1.0,1.0,1.0,0.9907126,1.0,1.0,1.0,1.0,1.0,0.9450227,1.0,1.0,1.0,1.0,1.0,1.0,1.0,1.0,1.0,1.0,1.0,1.0,0.99101704,1.0,1.0,1.0,1.0,1.0,1.0,1.0,0.99995613,1.0,1.0,1.0,1.0,1.0,1.0,1.0,1.0,1.0,1.0,1.0,1.0,0.9869789,1.0,1.0,1.0,1.0,1.0,1.0,1.0,1.0,1.0,1.0,1.0,1.0,1.0,1.0,1.0,0.9919228,1.0,1.0,1.0,1.0,0.999999,0.99999994,1.0,1.0,0.9876122,1.0,1.0,1.0,1.0,1.0,1.0,1.0,1.0,1.0,1.0,0.974683,1.0,1.0,1.0,1.0,1.0,1.0,1.0,1.0,1.0,1.0,1.0,1.0,0.9521907,1.0,1.0,1.0,0.99594486,1.0,1.0,1.0,1.0,1.0,1.0,1.0,1.0,1.0,1.0,1.0,1.0,1.0,1.0,1.0,1.0,1.0,1.0,1.0,1.0,1.0,1.0,1.0,1.0,1.0,1.0,1.0,1.0,1.0,1.0,1.0,1.0,1.0,1.0,1.0,1.0,1.0,1.0,1.0,1.0,1.0,1.0,1.0,1.0,0.98286283,1.0,1.0,1.0,0.9381329,1.0,1.0,1.0,1.0,1.0,1.0,1.0,1.0,1.0,1.0,1.0,0.9994196,1.0,1.0,1.0,1.0,1.0,1.0,1.0,1.0,1.0,1.0,1.0,1.0,1.0,1.0,1.0,1.0,1.0,1.0,1.0,1.0,1.0,1.0,1.0,1.0,1.0,1.0,1.0,1.0,1.0,1.0,0.9937815,1.0,1.0,1.0,1.0,0.98424613,1.0,1.0,1.0
PTBP1_K562,1.0,1.0,1.0,1.0,1.0,1.0,1.0,1.0,1.0,1.0,1.0,1.0,0.99874306,1.0,1.0,1.0,1.0,1.0,1.0,1.0,1.0,1.0,1.0,1.0,0.99698275,1.0,1.0,1.0,1.0,0.9907126,1.0,1.0,1.0,1.0,1.0,0.9450227,1.0,1.0,1.0,1.0,1.0,1.0,1.0,1.0,1.0,1.0,1.0,1.0,0.99101704,1.0,1.0,1.0,1.0,1.0,1.0,1.0,0.99995613,1.0,1.0,1.0,1.0,1.0,1.0,1.0,1.0,1.0,1.0,1.0,1.0,0.9869789,1.0,1.0,1.0,1.0,1.0,1.0,1.0,1.0,1.0,1.0,1.0,1.0,1.0,1.0,1.0,0.9919228,1.0,1.0,1.0,1.0,0.999999,0.99999994,1.0,1.0,0.9876122,1.0,1.0,1.0,1.0,1.0,1.0,1.0,1.0,1.0,1.0,0.974683,1.0,1.0,1.0,1.0,1.0,1.0,1.0,1.0,1.0,1.0,1.0,1.0,0.9521907,1.0,1.0,1.0,0.99594486,1.0,1.0,1.0,1.0,1.0,1.0,1.0,1.0,1.0,1.0,1.0,1.0,1.0,1.0,1.0,1.0,1.0,1.0,1.0,1.0,1.0,1.0,1.0,1.0,1.0,1.0,1.0,1.0,1.0,1.0,1.0,1.0,1.0,1.0,1.0,1.0,1.0,1.0,1.0,1.0,1.0,1.0,1.0,1.0,0.98286283,1.0,1.0,1.0,0.9381329,1.0,1.0,1.0,1.0,1.0,1.0,1.0,1.0,1.0,1.0,1.0,0.9994196,1.0,1.0,1.0,1.0,1.0,1.0,1.0,1.0,1.0,1.0,1.0,1.0,1.0,1.0,1.0,1.0,1.0,1.0,1.0,1.0,1.0,1.0,1.0,1.0,1.0,1.0,1.0,1.0,1.0,1.0,0.99378157,1.0,1.0,1.0,1.0,0.98424613,1.0,1.0,1.0
PUM1_K562,1.0,1.0,1.0,1.0,1.0,1.0,1.0,1.0,1.0,1.0,1.0,1.0,0.99874306,1.0,1.0,1.0,1.0,1.0,1.0,1.0,1.0,1.0,1.0,1.0,0.99698275,1.0,1.0,1.0,1.0,0.9907126,1.0,1.0,1.0,1.0,1.0,0.9450227,1.0,1.0,1.0,1.0,1.0,1.0,1.0,1.0,1.0,1.0,1.0,1.0,0.99101704,1.0,1.0,1.0,1.0,1.0,1.0,1.0,0.99995613,1.0,1.0,1.0,1.0,1.0,1.0,1.0,1.0,1.0,1.0,1.0,1.0,0.9869789,1.0,1.0,1.0,1.0,1.0,1.0,1.0,1.0,1.0,1.0,1.0,1.0,1.0,1.0,1.0,0.9919228,1.0,1.0,1.0,1.0,0.999999,0.99999994,1.0,1.0,0.9876122,1.0,1.0,1.0,1.0,1.0,1.0,1.0,1.0,1.0,1.0,0.974683,1.0,1.0,1.0,1.0,1.0,1.0,1.0,1.0,1.0,1.0,1.0,1.0,0.9521907,1.0,1.0,1.0,0.99594486,1.0,1.0,1.0,1.0,1.0,1.0,1.0,1.0,1.0,1.0,1.0,1.0,1.0,1.0,1.0,1.0,1.0,1.0,1.0,1.0,1.0,1.0,1.0,1.0,1.0,1.0,1.0,1.0,1.0,1.0,1.0,1.0,1.0,1.0,1.0,1.0,1.0,1.0,1.0,1.0,1.0,1.0,1.0,1.0,0.98286283,1.0,1.0,1.0,0.9381329,1.0,1.0,1.0,1.0,1.0,1.0,1.0,1.0,1.0,1.0,1.0,0.9994196,1.0,1.0,1.0,1.0,1.0,1.0,1.0,1.0,1.0,1.0,1.0,1.0,1.0,1.0,1.0,1.0,1.0,1.0,1.0,1.0,1.0,1.0,1.0,1.0,1.0,1.0,1.0,1.0,1.0,1.0,0.99378157,1.0,1.0,1.0,1.0,0.9842462,1.0,1.0,1.0
PUM2_K562,1.0,1.0,1.0,1.0,1.0,1.0,1.0,1.0,1.0,1.0,1.0,1.0,0.99874306,1.0,1.0,1.0,1.0,1.0,1.0,1.0,1.0,1.0,1.0,1.0,0.99698275,1.0,1.0,1.0,1.0,0.9907126,1.0,1.0,1.0,1.0,1.0,0.9450227,1.0,1.0,1.0,1.0,1.0,1.0,1.0,1.0,1.0,1.0,1.0,1.0,0.99101704,1.0,1.0,1.0,1.0,1.0,1.0,1.0,0.99995613,1.0,1.0,1.0,1.0,1.0,1.0,1.0,1.0,1.0,1.0,1.0,1.0,0.9869789,1.0,1.0,1.0,1.0,1.0,1.0,1.0,1.0,1.0,1.0,1.0,1.0,1.0,1.0,1.0,0.9919228,1.0,1.0,1.0,1.0,0.999999,0.99999994,1.0,1.0,0.9876122,1.0,1.0,1.0,1.0,1.0,1.0,1.0,1.0,1.0,1.0,0.974683,1.0,1.0,1.0,1.0,1.0,1.0,1.0,1.0,1.0,1.0,1.0,1.0,0.9521907,1.0,1.0,1.0,0.99594486,1.0,1.0,1.0,1.0,1.0,1.0,1.0,1.0,1.0,1.0,1.0,1.0,1.0,1.0,1.0,1.0,1.0,1.0,1.0,1.0,1.0,1.0,1.0,1.0,1.0,1.0,1.0,1.0,1.0,1.0,1.0,1.0,1.0,1.0,1.0,1.0,1.0,1.0,1.0,1.0,1.0,1.0,1.0,1.0,0.98286283,1.0,1.0,1.0,0.9381329,1.0,1.0,1.0,1.0,1.0,1.0,1.0,1.0,1.0,1.0,1.0,0.9994196,1.0,1.0,1.0,1.0,1.0,1.0,1.0,1.0,1.0,1.0,1.0,1.0,1.0,1.0,1.0,1.0,1.0,1.0,1.0,1.0,1.0,1.0,1.0,1.0,1.0,1.0,1.0,1.0,1.0,1.0,0.99378157,1.0,1.0,1.0,1.0,0.9842462,1.0,1.0,1.0
PUS1_K562,1.0,1.0,1.0,1.0,1.0,1.0,1.0,1.0,1.0,1.0,1.0,1.0,0.99874306,1.0,1.0,1.0,1.0,1.0,1.0,1.0,1.0,1.0,1.0,1.0,0.99698275,1.0,1.0,1.0,1.0,0.9907125,1.0,1.0,1.0,1.0,1.0,0.9450227,1.0,1.0,1.0,1.0,1.0,1.0,1.0,1.0,1.0,1.0,1.0,1.0,0.99101704,1.0,1.0,1.0,1.0,1.0,1.0,1.0,0.99995613,1.0,1.0,1.0,1.0,1.0,1.0,1.0,1.0,1.0,1.0,1.0,1.0,0.9869789,1.0,1.0,1.0,1.0,1.0,1.0,1.0,1.0,1.0,1.0,1.0,1.0,1.0,1.0,1.0,0.9919228,1.0,1.0,1.0,1.0,0.999999,0.99999994,1.0,1.0,0.9876122,1.0,1.0,1.0,1.0,1.0,1.0,1.0,1.0,1.0,1.0,0.974683,1.0,1.0,1.0,1.0,1.0,1.0,1.0,1.0,1.0,1.0,1.0,1.0,0.9521907,1.0,1.0,1.0,0.99594486,1.0,1.0,1.0,1.0,1.0,1.0,1.0,1.0,1.0,1.0,1.0,1.0,1.0,1.0,1.0,1.0,1.0,1.0,1.0,1.0,1.0,1.0,1.0,1.0,1.0,1.0,1.0,1.0,1.0,1.0,1.0,1.0,1.0,1.0,1.0,1.0,1.0,1.0,1.0,1.0,1.0,1.0,1.0,1.0,0.9828628,1.0,1.0,1.0,0.9381329,1.0,1.0,1.0,1.0,1.0,1.0,1.0,1.0,1.0,1.0,1.0,0.9994196,1.0,1.0,1.0,1.0,1.0,1.0,1.0,1.0,1.0,1.0,1.0,1.0,1.0,1.0,1.0,1.0,1.0,1.0,1.0,1.0,1.0,1.0,1.0,1.0,1.0,1.0,1.0,1.0,1.0,1.0,0.9937815,1.0,1.0,1.0,1.0,0.98424613,1.0,1.0,1.0
QKI_HepG2,1.0,1.0,1.0,1.0,1.0,1.0,1.0,1.0,1.0,1.0,1.0,1.0,0.99874306,1.0,1.0,1.0,1.0,1.0,1.0,1.0,1.0,1.0,1.0,1.0,0.99698275,1.0,1.0,1.0,1.0,0.9907125,1.0,1.0,1.0,1.0,1.0,0.9450227,1.0,1.0,1.0,1.0,1.0,1.0,1.0,1.0,1.0,1.0,1.0,1.0,0.99101704,1.0,1.0,1.0,1.0,1.0,1.0,1.0,0.99995613,1.0,1.0,1.0,1.0,1.0,1.0,1.0,1.0,1.0,1.0,1.0,1.0,0.9869789,1.0,1.0,1.0,1.0,1.0,1.0,1.0,1.0,1.0,1.0,1.0,1.0,1.0,1.0,1.0,0.9919228,1.0,1.0,1.0,1.0,0.999999,0.99999994,1.0,1.0,0.9876122,1.0,1.0,1.0,1.0,1.0,1.0,1.0,1.0,1.0,1.0,0.974683,1.0,1.0,1.0,1.0,1.0,1.0,1.0,1.0,1.0,1.0,1.0,1.0,0.9521907,1.0,1.0,1.0,0.99594486,1.0,1.0,1.0,1.0,1.0,1.0,1.0,1.0,1.0,1.0,1.0,1.0,1.0,1.0,1.0,1.0,1.0,1.0,1.0,1.0,1.0,1.0,1.0,1.0,1.0,1.0,1.0,1.0,1.0,1.0,1.0,1.0,1.0,1.0,1.0,1.0,1.0,1.0,1.0,1.0,1.0,1.0,1.0,1.0,0.9828628,1.0,1.0,1.0,0.9381329,1.0,1.0,1.0,1.0,1.0,1.0,1.0,1.0,1.0,1.0,1.0,0.9994196,1.0,1.0,1.0,1.0,1.0,1.0,1.0,1.0,1.0,1.0,1.0,1.0,1.0,1.0,1.0,1.0,1.0,1.0,1.0,1.0,1.0,1.0,1.0,1.0,1.0,1.0,1.0,1.0,1.0,1.0,0.9937815,1.0,1.0,1.0,1.0,0.98424613,1.0,1.0,1.0
QKI_K562,1.0,1.0,1.0,1.0,1.0,1.0,1.0,1.0,1.0,1.0,1.0,1.0,0.99874306,1.0,1.0,1.0,1.0,1.0,1.0,1.0,1.0,1.0,1.0,1.0,0.99698275,1.0,1.0,1.0,1.0,0.9907125,1.0,1.0,1.0,1.0,1.0,0.94502276,1.0,1.0,1.0,1.0,1.0,1.0,1.0,1.0,1.0,1.0,1.0,1.0,0.99101704,1.0,1.0,1.0,1.0,1.0,1.0,1.0,0.99995613,1.0,1.0,1.0,1.0,1.0,1.0,1.0,1.0,1.0,1.0,1.0,1.0,0.9869789,1.0,1.0,1.0,1.0,1.0,1.0,1.0,1.0,1.0,1.0,1.0,1.0,1.0,1.0,1.0,0.9919228,1.0,1.0,1.0,1.0,0.999999,0.99999994,1.0,1.0,0.9876122,1.0,1.0,1.0,1.0,1.0,1.0,1.0,1.0,1.0,1.0,0.974683,1.0,1.0,1.0,1.0,1.0,1.0,1.0,1.0,1.0,1.0,1.0,1.0,0.95219076,1.0,1.0,1.0,0.99594486,1.0,1.0,1.0,1.0,1.0,1.0,1.0,1.0,1.0,1.0,1.0,1.0,1.0,1.0,1.0,1.0,1.0,1.0,1.0,1.0,1.0,1.0,1.0,1.0,1.0,1.0,1.0,1.0,1.0,1.0,1.0,1.0,1.0,1.0,1.0,1.0,1.0,1.0,1.0,1.0,1.0,1.0,1.0,1.0,0.9828628,1.0,1.0,1.0,0.9381328,1.0,1.0,1.0,1.0,1.0,1.0,1.0,1.0,1.0,1.0,1.0,0.9994196,1.0,1.0,1.0,1.0,1.0,1.0,1.0,1.0,1.0,1.0,1.0,1.0,1.0,1.0,1.0,1.0,1.0,1.0,1.0,1.0,1.0,1.0,1.0,1.0,1.0,1.0,1.0,1.0,1.0,1.0,0.9937815,1.0,1.0,1.0,1.0,0.98424613,1.0,1.0,1.0
RBFOX2_HepG2,1.0,1.0,1.0,1.0,1.0,1.0,1.0,1.0,1.0,1.0,1.0,1.0,0.998743,1.0,1.0,1.0,1.0,1.0,1.0,1.0,1.0,1.0,1.0,1.0,0.99698263,1.0,1.0,1.0,1.0,0.99071234,1.0,1.0,1.0,1.0,1.0,0.94502324,1.0,1.0,1.0,1.0,1.0,1.0,1.0,1.0,1.0,1.0,1.0,1.0,0.9910172,1.0,1.0,1.0,1.0,1.0,1.0,1.0,0.99995613,1.0,1.0,1.0,1.0,1.0,1.0,1.0,1.0,1.0,1.0,1.0,1.0,0.9869786,1.0,1.0,1.0,1.0,1.0,1.0,1.0,1.0,1.0,1.0,1.0,1.0,1.0,1.0,1.0,0.99192303,1.0,1.0,1.0,1.0,0.999999,0.99999994,1.0,1.0,0.9876124,1.0,1.0,1.0,1.0,1.0,1.0,1.0,1.0,1.0,1.0,0.97468334,1.0,1.0,1.0,1.0,1.0,1.0,1.0,1.0,1.0,1.0,1.0,1.0,0.9521912,1.0,1.0,1.0,0.99594474,1.0,1.0,1.0,1.0,1.0,1.0,1.0,1.0,1.0,1.0,1.0,1.0,1.0,1.0,1.0,1.0,1.0,1.0,1.0,1.0,1.0,1.0,1.0,1.0,1.0,1.0,1.0,1.0,1.0,1.0,1.0,1.0,1.0,1.0,1.0,1.0,1.0,1.0,1.0,1.0,1.0,1.0,1.0,1.0,0.9828625,1.0,1.0,1.0,0.93813235,1.0,1.0,1.0,1.0,1.0,1.0,1.0,1.0,1.0,1.0,1.0,0.99941957,1.0,1.0,1.0,1.0,1.0,1.0,1.0,1.0,1.0,1.0,1.0,1.0,1.0,1.0,1.0,1.0,1.0,1.0,1.0,1.0,1.0,1.0,1.0,1.0,1.0,1.0,1.0,1.0,1.0,1.0,0.9937813,1.0,1.0,1.0,1.0,0.9842459,1.0,1.0,1.0
RBFOX2_K562,1.0,1.0,1.0,1.0,1.0,1.0,1.0,1.0,1.0,1.0,1.0,1.0,0.99874306,1.0,1.0,1.0,1.0,1.0,1.0,1.0,1.0,1.0,1.0,1.0,0.9969827,1.0,1.0,1.0,1.0,0.99071246,1.0,1.0,1.0,1.0,1.0,0.9450229,1.0,1.0,1.0,1.0,1.0,1.0,1.0,1.0,1.0,1.0,1.0,1.0,0.9910171,1.0,1.0,1.0,1.0,1.0,1.0,1.0,0.99995613,1.0,1.0,1.0,1.0,1.0,1.0,1.0,1.0,1.0,1.0,1.0,1.0,0.98697877,1.0,1.0,1.0,1.0,1.0,1.0,1.0,1.0,1.0,1.0,1.0,1.0,1.0,1.0,1.0,0.99192286,1.0,1.0,1.0,1.0,0.999999,0.99999994,1.0,1.0,0.98761225,1.0,1.0,1.0,1.0,1.0,1.0,1.0,1.0,1.0,1.0,0.9746831,1.0,1.0,1.0,1.0,1.0,1.0,1.0,1.0,1.0,1.0,1.0,1.0,0.9521909,1.0,1.0,1.0,0.9959448,1.0,1.0,1.0,1.0,1.0,1.0,1.0,1.0,1.0,1.0,1.0,1.0,1.0,1.0,1.0,1.0,1.0,1.0,1.0,1.0,1.0,1.0,1.0,1.0,1.0,1.0,1.0,1.0,1.0,1.0,1.0,1.0,1.0,1.0,1.0,1.0,1.0,1.0,1.0,1.0,1.0,1.0,1.0,1.0,0.9828627,1.0,1.0,1.0,0.9381327,1.0,1.0,1.0,1.0,1.0,1.0,1.0,1.0,1.0,1.0,1.0,0.9994196,1.0,1.0,1.0,1.0,1.0,1.0,1.0,1.0,1.0,1.0,1.0,1.0,1.0,1.0,1.0,1.0,1.0,1.0,1.0,1.0,1.0,1.0,1.0,1.0,1.0,1.0,1.0,1.0,1.0,1.0,0.99378145,1.0,1.0,1.0,1.0,0.9842461,1.0,1.0,1.0
RBM15_HepG2,1.0,1.0,1.0,1.0,1.0,1.0,1.0,1.0,1.0,1.0,1.0,1.0,0.99874306,1.0,1.0,1.0,1.0,1.0,1.0,1.0,1.0,1.0,1.0,1.0,0.9969827,1.0,1.0,1.0,1.0,0.9907125,1.0,1.0,1.0,1.0,1.0,0.9450228,1.0,1.0,1.0,1.0,1.0,1.0,1.0,1.0,1.0,1.0,1.0,1.0,0.99101704,1.0,1.0,1.0,1.0,1.0,1.0,1.0,0.99995613,1.0,1.0,1.0,1.0,1.0,1.0,1.0,1.0,1.0,1.0,1.0,1.0,0.9869788,1.0,1.0,1.0,1.0,1.0,1.0,1.0,1.0,1.0,1.0,1.0,1.0,1.0,1.0,1.0,0.99192286,1.0,1.0,1.0,1.0,0.999999,0.99999994,1.0,1.0,0.98761225,1.0,1.0,1.0,1.0,1.0,1.0,1.0,1.0,1.0,1.0,0.97468305,1.0,1.0,1.0,1.0,1.0,1.0,1.0,1.0,1.0,1.0,1.0,1.0,0.9521908,1.0,1.0,1.0,0.99594486,1.0,1.0,1.0,1.0,1.0,1.0,1.0,1.0,1.0,1.0,1.0,1.0,1.0,1.0,1.0,1.0,1.0,1.0,1.0,1.0,1.0,1.0,1.0,1.0,1.0,1.0,1.0,1.0,1.0,1.0,1.0,1.0,1.0,1.0,1.0,1.0,1.0,1.0,1.0,1.0,1.0,1.0,1.0,1.0,0.9828628,1.0,1.0,1.0,0.93813276,1.0,1.0,1.0,1.0,1.0,1.0,1.0,1.0,1.0,1.0,1.0,0.9994196,1.0,1.0,1.0,1.0,1.0,1.0,1.0,1.0,1.0,1.0,1.0,1.0,1.0,1.0,1.0,1.0,1.0,1.0,1.0,1.0,1.0,1.0,1.0,1.0,1.0,1.0,1.0,1.0,1.0,1.0,0.9937815,1.0,1.0,1.0,1.0,0.98424613,1.0,1.0,1.0
RBM15_K562,1.0,1.0,1.0,1.0,1.0,1.0,1.0,1.0,1.0,1.0,1.0,1.0,0.99874306,1.0,1.0,1.0,1.0,1.0,1.0,1.0,1.0,1.0,1.0,1.0,0.9969827,1.0,1.0,1.0,1.0,0.9907125,1.0,1.0,1.0,1.0,1.0,0.9450228,1.0,1.0,1.0,1.0,1.0,1.0,1.0,1.0,1.0,1.0,1.0,1.0,0.9910171,1.0,1.0,1.0,1.0,1.0,1.0,1.0,0.99995613,1.0,1.0,1.0,1.0,1.0,1.0,1.0,1.0,1.0,1.0,1.0,1.0,0.9869788,1.0,1.0,1.0,1.0,1.0,1.0,1.0,1.0,1.0,1.0,1.0,1.0,1.0,1.0,1.0,0.99192286,1.0,1.0,1.0,1.0,0.999999,0.99999994,1.0,1.0,0.98761225,1.0,1.0,1.0,1.0,1.0,1.0,1.0,1.0,1.0,1.0,0.9746831,1.0,1.0,1.0,1.0,1.0,1.0,1.0,1.0,1.0,1.0,1.0,1.0,0.9521908,1.0,1.0,1.0,0.9959448,1.0,1.0,1.0,1.0,1.0,1.0,1.0,1.0,1.0,1.0,1.0,1.0,1.0,1.0,1.0,1.0,1.0,1.0,1.0,1.0,1.0,1.0,1.0,1.0,1.0,1.0,1.0,1.0,1.0,1.0,1.0,1.0,1.0,1.0,1.0,1.0,1.0,1.0,1.0,1.0,1.0,1.0,1.0,1.0,0.9828627,1.0,1.0,1.0,0.93813276,1.0,1.0,1.0,1.0,1.0,1.0,1.0,1.0,1.0,1.0,1.0,0.9994196,1.0,1.0,1.0,1.0,1.0,1.0,1.0,1.0,1.0,1.0,1.0,1.0,1.0,1.0,1.0,1.0,1.0,1.0,1.0,1.0,1.0,1.0,1.0,1.0,1.0,1.0,1.0,1.0,1.0,1.0,0.9937815,1.0,1.0,1.0,1.0,0.9842461,1.0,1.0,1.0
RBM22_HepG2,1.0,1.0,1.0,1.0,1.0,1.0,1.0,1.0,1.0,1.0,1.0,1.0,0.998743,1.0,1.0,1.0,1.0,1.0,1.0,1.0,1.0,1.0,1.0,1.0,0.99698263,1.0,1.0,1.0,1.0,0.9907124,1.0,1.0,1.0,1.0,1.0,0.9450231,1.0,1.0,1.0,1.0,1.0,1.0,1.0,1.0,1.0,1.0,1.0,1.0,0.99101716,1.0,1.0,1.0,1.0,1.0,1.0,1.0,0.99995613,1.0,1.0,1.0,1.0,1.0,1.0,1.0,1.0,1.0,1.0,1.0,1.0,0.9869787,1.0,1.0,1.0,1.0,1.0,1.0,1.0,1.0,1.0,1.0,1.0,1.0,1.0,1.0,1.0,0.991923,1.0,1.0,1.0,1.0,0.999999,0.99999994,1.0,1.0,0.98761237,1.0,1.0,1.0,1.0,1.0,1.0,1.0,1.0,1.0,1.0,0.9746832,1.0,1.0,1.0,1.0,1.0,1.0,1.0,1.0,1.0,1.0,1.0,1.0,0.95219105,1.0,1.0,1.0,0.99594474,1.0,1.0,1.0,1.0,1.0,1.0,1.0,1.0,1.0,1.0,1.0,1.0,1.0,1.0,1.0,1.0,1.0,1.0,1.0,1.0,1.0,1.0,1.0,1.0,1.0,1.0,1.0,1.0,1.0,1.0,1.0,1.0,1.0,1.0,1.0,1.0,1.0,1.0,1.0,1.0,1.0,1.0,1.0,1.0,0.9828626,1.0,1.0,1.0,0.93813246,1.0,1.0,1.0,1.0,1.0,1.0,1.0,1.0,1.0,1.0,1.0,0.9994196,1.0,1.0,1.0,1.0,1.0,1.0,1.0,1.0,1.0,1.0,1.0,1.0,1.0,1.0,1.0,1.0,1.0,1.0,1.0,1.0,1.0,1.0,1.0,1.0,1.0,1.0,1.0,1.0,1.0,1.0,0.9937814,1.0,1.0,1.0,1.0,0.98424596,1.0,1.0,1.0
RBM22_K562,1.0,1.0,1.0,1.0,1.0,1.0,1.0,1.0,1.0,1.0,1.0,1.0,0.99874306,1.0,1.0,1.0,1.0,1.0,1.0,1.0,1.0,1.0,1.0,1.0,0.99698275,1.0,1.0,1.0,1.0,0.9907125,1.0,1.0,1.0,1.0,1.0,0.94502276,1.0,1.0,1.0,1.0,1.0,1.0,1.0,1.0,1.0,1.0,1.0,1.0,0.99101704,1.0,1.0,1.0,1.0,1.0,1.0,1.0,0.99995613,1.0,1.0,1.0,1.0,1.0,1.0,1.0,1.0,1.0,1.0,1.0,1.0,0.9869788,1.0,1.0,1.0,1.0,1.0,1.0,1.0,1.0,1.0,1.0,1.0,1.0,1.0,1.0,1.0,0.9919228,1.0,1.0,1.0,1.0,0.999999,0.99999994,1.0,1.0,0.9876122,1.0,1.0,1.0,1.0,1.0,1.0,1.0,1.0,1.0,1.0,0.97468305,1.0,1.0,1.0,1.0,1.0,1.0,1.0,1.0,1.0,1.0,1.0,1.0,0.95219076,1.0,1.0,1.0,0.99594486,1.0,1.0,1.0,1.0,1.0,1.0,1.0,1.0,1.0,1.0,1.0,1.0,1.0,1.0,1.0,1.0,1.0,1.0,1.0,1.0,1.0,1.0,1.0,1.0,1.0,1.0,1.0,1.0,1.0,1.0,1.0,1.0,1.0,1.0,1.0,1.0,1.0,1.0,1.0,1.0,1.0,1.0,1.0,1.0,0.9828628,1.0,1.0,1.0,0.9381328,1.0,1.0,1.0,1.0,1.0,1.0,1.0,1.0,1.0,1.0,1.0,0.9994196,1.0,1.0,1.0,1.0,1.0,1.0,1.0,1.0,1.0,1.0,1.0,1.0,1.0,1.0,1.0,1.0,1.0,1.0,1.0,1.0,1.0,1.0,1.0,1.0,1.0,1.0,1.0,1.0,1.0,1.0,0.9937815,1.0,1.0,1.0,1.0,0.98424613,1.0,1.0,1.0
RBM5_HepG2,1.0,1.0,1.0,1.0,1.0,1.0,1.0,1.0,1.0,1.0,1.0,1.0,0.99874306,1.0,1.0,1.0,1.0,1.0,1.0,1.0,1.0,1.0,1.0,1.0,0.9969827,1.0,1.0,1.0,1.0,0.9907125,1.0,1.0,1.0,1.0,1.0,0.94502276,1.0,1.0,1.0,1.0,1.0,1.0,1.0,1.0,1.0,1.0,1.0,1.0,0.99101704,1.0,1.0,1.0,1.0,1.0,1.0,1.0,0.99995613,1.0,1.0,1.0,1.0,1.0,1.0,1.0,1.0,1.0,1.0,1.0,1.0,0.9869788,1.0,1.0,1.0,1.0,1.0,1.0,1.0,1.0,1.0,1.0,1.0,1.0,1.0,1.0,1.0,0.99192286,1.0,1.0,1.0,1.0,0.999999,0.99999994,1.0,1.0,0.98761225,1.0,1.0,1.0,1.0,1.0,1.0,1.0,1.0,1.0,1.0,0.97468305,1.0,1.0,1.0,1.0,1.0,1.0,1.0,1.0,1.0,1.0,1.0,1.0,0.95219076,1.0,1.0,1.0,0.99594486,1.0,1.0,1.0,1.0,1.0,1.0,1.0,1.0,1.0,1.0,1.0,1.0,1.0,1.0,1.0,1.0,1.0,1.0,1.0,1.0,1.0,1.0,1.0,1.0,1.0,1.0,1.0,1.0,1.0,1.0,1.0,1.0,1.0,1.0,1.0,1.0,1.0,1.0,1.0,1.0,1.0,1.0,1.0,1.0,0.9828628,1.0,1.0,1.0,0.9381328,1.0,1.0,1.0,1.0,1.0,1.0,1.0,1.0,1.0,1.0,1.0,0.9994196,1.0,1.0,1.0,1.0,1.0,1.0,1.0,1.0,1.0,1.0,1.0,1.0,1.0,1.0,1.0,1.0,1.0,1.0,1.0,1.0,1.0,1.0,1.0,1.0,1.0,1.0,1.0,1.0,1.0,1.0,0.9937815,1.0,1.0,1.0,1.0,0.98424613,1.0,1.0,1.0
RPS11_K562,1.0,1.0,1.0,1.0,1.0,1.0,1.0,1.0,1.0,1.0,1.0,1.0,0.99874306,1.0,1.0,1.0,1.0,1.0,1.0,1.0,1.0,1.0,1.0,1.0,0.99698275,1.0,1.0,1.0,1.0,0.9907126,1.0,1.0,1.0,1.0,1.0,0.9450227,1.0,1.0,1.0,1.0,1.0,1.0,1.0,1.0,1.0,1.0,1.0,1.0,0.99101704,1.0,1.0,1.0,1.0,1.0,1.0,1.0,0.99995613,1.0,1.0,1.0,1.0,1.0,1.0,1.0,1.0,1.0,1.0,1.0,1.0,0.9869789,1.0,1.0,1.0,1.0,1.0,1.0,1.0,1.0,1.0,1.0,1.0,1.0,1.0,1.0,1.0,0.9919228,1.0,1.0,1.0,1.0,0.999999,0.99999994,1.0,1.0,0.9876122,1.0,1.0,1.0,1.0,1.0,1.0,1.0,1.0,1.0,1.0,0.974683,1.0,1.0,1.0,1.0,1.0,1.0,1.0,1.0,1.0,1.0,1.0,1.0,0.9521907,1.0,1.0,1.0,0.99594486,1.0,1.0,1.0,1.0,1.0,1.0,1.0,1.0,1.0,1.0,1.0,1.0,1.0,1.0,1.0,1.0,1.0,1.0,1.0,1.0,1.0,1.0,1.0,1.0,1.0,1.0,1.0,1.0,1.0,1.0,1.0,1.0,1.0,1.0,1.0,1.0,1.0,1.0,1.0,1.0,1.0,1.0,1.0,1.0,0.98286283,1.0,1.0,1.0,0.93813294,1.0,1.0,1.0,1.0,1.0,1.0,1.0,1.0,1.0,1.0,1.0,0.9994196,1.0,1.0,1.0,1.0,1.0,1.0,1.0,1.0,1.0,1.0,1.0,1.0,1.0,1.0,1.0,1.0,1.0,1.0,1.0,1.0,1.0,1.0,1.0,1.0,1.0,1.0,1.0,1.0,1.0,1.0,0.99378157,1.0,1.0,1.0,1.0,0.9842462,1.0,1.0,1.0
RPS3_HepG2,1.0,1.0,1.0,1.0,1.0,1.0,1.0,1.0,1.0,1.0,1.0,1.0,0.99874306,1.0,1.0,1.0,1.0,1.0,1.0,1.0,1.0,1.0,1.0,1.0,0.9969827,1.0,1.0,1.0,1.0,0.9907125,1.0,1.0,1.0,1.0,1.0,0.94502276,1.0,1.0,1.0,1.0,1.0,1.0,1.0,1.0,1.0,1.0,1.0,1.0,0.99101704,1.0,1.0,1.0,1.0,1.0,1.0,1.0,0.99995613,1.0,1.0,1.0,1.0,1.0,1.0,1.0,1.0,1.0,1.0,1.0,1.0,0.9869788,1.0,1.0,1.0,1.0,1.0,1.0,1.0,1.0,1.0,1.0,1.0,1.0,1.0,1.0,1.0,0.99192286,1.0,1.0,1.0,1.0,0.999999,0.99999994,1.0,1.0,0.98761225,1.0,1.0,1.0,1.0,1.0,1.0,1.0,1.0,1.0,1.0,0.97468305,1.0,1.0,1.0,1.0,1.0,1.0,1.0,1.0,1.0,1.0,1.0,1.0,0.95219076,1.0,1.0,1.0,0.99594486,1.0,1.0,1.0,1.0,1.0,1.0,1.0,1.0,1.0,1.0,1.0,1.0,1.0,1.0,1.0,1.0,1.0,1.0,1.0,1.0,1.0,1.0,1.0,1.0,1.0,1.0,1.0,1.0,1.0,1.0,1.0,1.0,1.0,1.0,1.0,1.0,1.0,1.0,1.0,1.0,1.0,1.0,1.0,1.0,0.9828628,1.0,1.0,1.0,0.9381328,1.0,1.0,1.0,1.0,1.0,1.0,1.0,1.0,1.0,1.0,1.0,0.9994196,1.0,1.0,1.0,1.0,1.0,1.0,1.0,1.0,1.0,1.0,1.0,1.0,1.0,1.0,1.0,1.0,1.0,1.0,1.0,1.0,1.0,1.0,1.0,1.0,1.0,1.0,1.0,1.0,1.0,1.0,0.9937815,1.0,1.0,1.0,1.0,0.98424613,1.0,1.0,1.0
RPS3_K562,1.0,1.0,1.0,1.0,1.0,1.0,1.0,1.0,1.0,1.0,1.0,1.0,0.99874306,1.0,1.0,1.0,1.0,1.0,1.0,1.0,1.0,1.0,1.0,1.0,0.99698275,1.0,1.0,1.0,1.0,0.9907125,1.0,1.0,1.0,1.0,1.0,0.9450227,1.0,1.0,1.0,1.0,1.0,1.0,1.0,1.0,1.0,1.0,1.0,1.0,0.99101704,1.0,1.0,1.0,1.0,1.0,1.0,1.0,0.99995613,1.0,1.0,1.0,1.0,1.0,1.0,1.0,1.0,1.0,1.0,1.0,1.0,0.9869789,1.0,1.0,1.0,1.0,1.0,1.0,1.0,1.0,1.0,1.0,1.0,1.0,1.0,1.0,1.0,0.9919228,1.0,1.0,1.0,1.0,0.999999,0.99999994,1.0,1.0,0.9876122,1.0,1.0,1.0,1.0,1.0,1.0,1.0,1.0,1.0,1.0,0.974683,1.0,1.0,1.0,1.0,1.0,1.0,1.0,1.0,1.0,1.0,1.0,1.0,0.9521907,1.0,1.0,1.0,0.99594486,1.0,1.0,1.0,1.0,1.0,1.0,1.0,1.0,1.0,1.0,1.0,1.0,1.0,1.0,1.0,1.0,1.0,1.0,1.0,1.0,1.0,1.0,1.0,1.0,1.0,1.0,1.0,1.0,1.0,1.0,1.0,1.0,1.0,1.0,1.0,1.0,1.0,1.0,1.0,1.0,1.0,1.0,1.0,1.0,0.9828628,1.0,1.0,1.0,0.9381329,1.0,1.0,1.0,1.0,1.0,1.0,1.0,1.0,1.0,1.0,1.0,0.9994196,1.0,1.0,1.0,1.0,1.0,1.0,1.0,1.0,1.0,1.0,1.0,1.0,1.0,1.0,1.0,1.0,1.0,1.0,1.0,1.0,1.0,1.0,1.0,1.0,1.0,1.0,1.0,1.0,1.0,1.0,0.9937815,1.0,1.0,1.0,1.0,0.98424613,1.0,1.0,1.0
SAFB_HepG2,1.0,1.0,1.0,1.0,1.0,1.0,1.0,1.0,1.0,1.0,1.0,1.0,0.99874306,1.0,1.0,1.0,1.0,1.0,1.0,1.0,1.0,1.0,1.0,1.0,0.99698275,1.0,1.0,1.0,1.0,0.9907125,1.0,1.0,1.0,1.0,1.0,0.9450227,1.0,1.0,1.0,1.0,1.0,1.0,1.0,1.0,1.0,1.0,1.0,1.0,0.99101704,1.0,1.0,1.0,1.0,1.0,1.0,1.0,0.99995613,1.0,1.0,1.0,1.0,1.0,1.0,1.0,1.0,1.0,1.0,1.0,1.0,0.9869789,1.0,1.0,1.0,1.0,1.0,1.0,1.0,1.0,1.0,1.0,1.0,1.0,1.0,1.0,1.0,0.9919228,1.0,1.0,1.0,1.0,0.999999,0.99999994,1.0,1.0,0.9876122,1.0,1.0,1.0,1.0,1.0,1.0,1.0,1.0,1.0,1.0,0.974683,1.0,1.0,1.0,1.0,1.0,1.0,1.0,1.0,1.0,1.0,1.0,1.0,0.9521907,1.0,1.0,1.0,0.99594486,1.0,1.0,1.0,1.0,1.0,1.0,1.0,1.0,1.0,1.0,1.0,1.0,1.0,1.0,1.0,1.0,1.0,1.0,1.0,1.0,1.0,1.0,1.0,1.0,1.0,1.0,1.0,1.0,1.0,1.0,1.0,1.0,1.0,1.0,1.0,1.0,1.0,1.0,1.0,1.0,1.0,1.0,1.0,1.0,0.9828628,1.0,1.0,1.0,0.9381329,1.0,1.0,1.0,1.0,1.0,1.0,1.0,1.0,1.0,1.0,1.0,0.9994196,1.0,1.0,1.0,1.0,1.0,1.0,1.0,1.0,1.0,1.0,1.0,1.0,1.0,1.0,1.0,1.0,1.0,1.0,1.0,1.0,1.0,1.0,1.0,1.0,1.0,1.0,1.0,1.0,1.0,1.0,0.9937815,1.0,1.0,1.0,1.0,0.98424613,1.0,1.0,1.0
SAFB_K562,1.0,1.0,1.0,1.0,1.0,1.0,1.0,1.0,1.0,1.0,1.0,1.0,0.99874306,1.0,1.0,1.0,1.0,1.0,1.0,1.0,1.0,1.0,1.0,1.0,0.99698275,1.0,1.0,1.0,1.0,0.9907125,1.0,1.0,1.0,1.0,1.0,0.94502276,1.0,1.0,1.0,1.0,1.0,1.0,1.0,1.0,1.0,1.0,1.0,1.0,0.99101704,1.0,1.0,1.0,1.0,1.0,1.0,1.0,0.99995613,1.0,1.0,1.0,1.0,1.0,1.0,1.0,1.0,1.0,1.0,1.0,1.0,0.9869788,1.0,1.0,1.0,1.0,1.0,1.0,1.0,1.0,1.0,1.0,1.0,1.0,1.0,1.0,1.0,0.9919228,1.0,1.0,1.0,1.0,0.999999,0.99999994,1.0,1.0,0.9876122,1.0,1.0,1.0,1.0,1.0,1.0,1.0,1.0,1.0,1.0,0.97468305,1.0,1.0,1.0,1.0,1.0,1.0,1.0,1.0,1.0,1.0,1.0,1.0,0.95219076,1.0,1.0,1.0,0.99594486,1.0,1.0,1.0,1.0,1.0,1.0,1.0,1.0,1.0,1.0,1.0,1.0,1.0,1.0,1.0,1.0,1.0,1.0,1.0,1.0,1.0,1.0,1.0,1.0,1.0,1.0,1.0,1.0,1.0,1.0,1.0,1.0,1.0,1.0,1.0,1.0,1.0,1.0,1.0,1.0,1.0,1.0,1.0,1.0,0.9828628,1.0,1.0,1.0,0.9381328,1.0,1.0,1.0,1.0,1.0,1.0,1.0,1.0,1.0,1.0,1.0,0.9994196,1.0,1.0,1.0,1.0,1.0,1.0,1.0,1.0,1.0,1.0,1.0,1.0,1.0,1.0,1.0,1.0,1.0,1.0,1.0,1.0,1.0,1.0,1.0,1.0,1.0,1.0,1.0,1.0,1.0,1.0,0.9937815,1.0,1.0,1.0,1.0,0.98424613,1.0,1.0,1.0
SAFB2_K562,1.0,1.0,1.0,1.0,1.0,1.0,1.0,1.0,1.0,1.0,1.0,1.0,0.99874306,1.0,1.0,1.0,1.0,1.0,1.0,1.0,1.0,1.0,1.0,1.0,0.99698275,1.0,1.0,1.0,1.0,0.9907125,1.0,1.0,1.0,1.0,1.0,0.94502276,1.0,1.0,1.0,1.0,1.0,1.0,1.0,1.0,1.0,1.0,1.0,1.0,0.99101704,1.0,1.0,1.0,1.0,1.0,1.0,1.0,0.99995613,1.0,1.0,1.0,1.0,1.0,1.0,1.0,1.0,1.0,1.0,1.0,1.0,0.9869788,1.0,1.0,1.0,1.0,1.0,1.0,1.0,1.0,1.0,1.0,1.0,1.0,1.0,1.0,1.0,0.99192286,1.0,1.0,1.0,1.0,0.999999,0.99999994,1.0,1.0,0.98761225,1.0,1.0,1.0,1.0,1.0,1.0,1.0,1.0,1.0,1.0,0.97468305,1.0,1.0,1.0,1.0,1.0,1.0,1.0,1.0,1.0,1.0,1.0,1.0,0.95219076,1.0,1.0,1.0,0.99594486,1.0,1.0,1.0,1.0,1.0,1.0,1.0,1.0,1.0,1.0,1.0,1.0,1.0,1.0,1.0,1.0,1.0,1.0,1.0,1.0,1.0,1.0,1.0,1.0,1.0,1.0,1.0,1.0,1.0,1.0,1.0,1.0,1.0,1.0,1.0,1.0,1.0,1.0,1.0,1.0,1.0,1.0,1.0,1.0,0.9828628,1.0,1.0,1.0,0.9381328,1.0,1.0,1.0,1.0,1.0,1.0,1.0,1.0,1.0,1.0,1.0,0.9994196,1.0,1.0,1.0,1.0,1.0,1.0,1.0,1.0,1.0,1.0,1.0,1.0,1.0,1.0,1.0,1.0,1.0,1.0,1.0,1.0,1.0,1.0,1.0,1.0,1.0,1.0,1.0,1.0,1.0,1.0,0.9937815,1.0,1.0,1.0,1.0,0.98424613,1.0,1.0,1.0
SBDS_K562,1.0,1.0,1.0,1.0,1.0,1.0,1.0,1.0,1.0,1.0,1.0,1.0,0.99874306,1.0,1.0,1.0,1.0,1.0,1.0,1.0,1.0,1.0,1.0,1.0,0.9969827,1.0,1.0,1.0,1.0,0.9907125,1.0,1.0,1.0,1.0,1.0,0.9450228,1.0,1.0,1.0,1.0,1.0,1.0,1.0,1.0,1.0,1.0,1.0,1.0,0.9910171,1.0,1.0,1.0,1.0,1.0,1.0,1.0,0.99995613,1.0,1.0,1.0,1.0,1.0,1.0,1.0,1.0,1.0,1.0,1.0,1.0,0.9869788,1.0,1.0,1.0,1.0,1.0,1.0,1.0,1.0,1.0,1.0,1.0,1.0,1.0,1.0,1.0,0.99192286,1.0,1.0,1.0,1.0,0.999999,0.99999994,1.0,1.0,0.98761225,1.0,1.0,1.0,1.0,1.0,1.0,1.0,1.0,1.0,1.0,0.9746831,1.0,1.0,1.0,1.0,1.0,1.0,1.0,1.0,1.0,1.0,1.0,1.0,0.9521908,1.0,1.0,1.0,0.9959448,1.0,1.0,1.0,1.0,1.0,1.0,1.0,1.0,1.0,1.0,1.0,1.0,1.0,1.0,1.0,1.0,1.0,1.0,1.0,1.0,1.0,1.0,1.0,1.0,1.0,1.0,1.0,1.0,1.0,1.0,1.0,1.0,1.0,1.0,1.0,1.0,1.0,1.0,1.0,1.0,1.0,1.0,1.0,1.0,0.9828627,1.0,1.0,1.0,0.93813276,1.0,1.0,1.0,1.0,1.0,1.0,1.0,1.0,1.0,1.0,1.0,0.9994196,1.0,1.0,1.0,1.0,1.0,1.0,1.0,1.0,1.0,1.0,1.0,1.0,1.0,1.0,1.0,1.0,1.0,1.0,1.0,1.0,1.0,1.0,1.0,1.0,1.0,1.0,1.0,1.0,1.0,1.0,0.9937815,1.0,1.0,1.0,1.0,0.9842461,1.0,1.0,1.0
SDAD1_HepG2,1.0,1.0,1.0,1.0,1.0,1.0,1.0,1.0,1.0,1.0,1.0,1.0,0.99874306,1.0,1.0,1.0,1.0,1.0,1.0,1.0,1.0,1.0,1.0,1.0,0.99698275,1.0,1.0,1.0,1.0,0.9907126,1.0,1.0,1.0,1.0,1.0,0.9450226,1.0,1.0,1.0,1.0,1.0,1.0,1.0,1.0,1.0,1.0,1.0,1.0,0.991017,1.0,1.0,1.0,1.0,1.0,1.0,1.0,0.99995613,1.0,1.0,1.0,1.0,1.0,1.0,1.0,1.0,1.0,1.0,1.0,1.0,0.98697895,1.0,1.0,1.0,1.0,1.0,1.0,1.0,1.0,1.0,1.0,1.0,1.0,1.0,1.0,1.0,0.9919228,1.0,1.0,1.0,1.0,0.999999,0.99999994,1.0,1.0,0.9876121,1.0,1.0,1.0,1.0,1.0,1.0,1.0,1.0,1.0,1.0,0.9746829,1.0,1.0,1.0,1.0,1.0,1.0,1.0,1.0,1.0,1.0,1.0,1.0,0.95219064,1.0,1.0,1.0,0.99594486,1.0,1.0,1.0,1.0,1.0,1.0,1.0,1.0,1.0,1.0,1.0,1.0,1.0,1.0,1.0,1.0,1.0,1.0,1.0,1.0,1.0,1.0,1.0,1.0,1.0,1.0,1.0,1.0,1.0,1.0,1.0,1.0,1.0,1.0,1.0,1.0,1.0,1.0,1.0,1.0,1.0,1.0,1.0,1.0,0.98286283,1.0,1.0,1.0,0.938133,1.0,1.0,1.0,1.0,1.0,1.0,1.0,1.0,1.0,1.0,1.0,0.9994197,1.0,1.0,1.0,1.0,1.0,1.0,1.0,1.0,1.0,1.0,1.0,1.0,1.0,1.0,1.0,1.0,1.0,1.0,1.0,1.0,1.0,1.0,1.0,1.0,1.0,1.0,1.0,1.0,1.0,1.0,0.99378157,1.0,1.0,1.0,1.0,0.9842462,1.0,1.0,1.0
SDAD1_K562,1.0,1.0,1.0,1.0,1.0,1.0,1.0,1.0,1.0,1.0,1.0,1.0,0.99874306,1.0,1.0,1.0,1.0,1.0,1.0,1.0,1.0,1.0,1.0,1.0,0.9969827,1.0,1.0,1.0,1.0,0.9907125,1.0,1.0,1.0,1.0,1.0,0.94502276,1.0,1.0,1.0,1.0,1.0,1.0,1.0,1.0,1.0,1.0,1.0,1.0,0.99101704,1.0,1.0,1.0,1.0,1.0,1.0,1.0,0.99995613,1.0,1.0,1.0,1.0,1.0,1.0,1.0,1.0,1.0,1.0,1.0,1.0,0.9869788,1.0,1.0,1.0,1.0,1.0,1.0,1.0,1.0,1.0,1.0,1.0,1.0,1.0,1.0,1.0,0.99192286,1.0,1.0,1.0,1.0,0.999999,0.99999994,1.0,1.0,0.98761225,1.0,1.0,1.0,1.0,1.0,1.0,1.0,1.0,1.0,1.0,0.97468305,1.0,1.0,1.0,1.0,1.0,1.0,1.0,1.0,1.0,1.0,1.0,1.0,0.95219076,1.0,1.0,1.0,0.99594486,1.0,1.0,1.0,1.0,1.0,1.0,1.0,1.0,1.0,1.0,1.0,1.0,1.0,1.0,1.0,1.0,1.0,1.0,1.0,1.0,1.0,1.0,1.0,1.0,1.0,1.0,1.0,1.0,1.0,1.0,1.0,1.0,1.0,1.0,1.0,1.0,1.0,1.0,1.0,1.0,1.0,1.0,1.0,1.0,0.9828628,1.0,1.0,1.0,0.9381328,1.0,1.0,1.0,1.0,1.0,1.0,1.0,1.0,1.0,1.0,1.0,0.9994196,1.0,1.0,1.0,1.0,1.0,1.0,1.0,1.0,1.0,1.0,1.0,1.0,1.0,1.0,1.0,1.0,1.0,1.0,1.0,1.0,1.0,1.0,1.0,1.0,1.0,1.0,1.0,1.0,1.0,1.0,0.9937815,1.0,1.0,1.0,1.0,0.98424613,1.0,1.0,1.0
SERBP1_K562,1.0,1.0,1.0,1.0,1.0,1.0,1.0,1.0,1.0,1.0,1.0,1.0,0.998743,1.0,1.0,1.0,1.0,1.0,1.0,1.0,1.0,1.0,1.0,1.0,0.9969827,1.0,1.0,1.0,1.0,0.99071246,1.0,1.0,1.0,1.0,1.0,0.9450229,1.0,1.0,1.0,1.0,1.0,1.0,1.0,1.0,1.0,1.0,1.0,1.0,0.9910171,1.0,1.0,1.0,1.0,1.0,1.0,1.0,0.99995613,1.0,1.0,1.0,1.0,1.0,1.0,1.0,1.0,1.0,1.0,1.0,1.0,0.98697877,1.0,1.0,1.0,1.0,1.0,1.0,1.0,1.0,1.0,1.0,1.0,1.0,1.0,1.0,1.0,0.99192286,1.0,1.0,1.0,1.0,0.999999,0.99999994,1.0,1.0,0.9876123,1.0,1.0,1.0,1.0,1.0,1.0,1.0,1.0,1.0,1.0,0.9746831,1.0,1.0,1.0,1.0,1.0,1.0,1.0,1.0,1.0,1.0,1.0,1.0,0.9521909,1.0,1.0,1.0,0.9959448,1.0,1.0,1.0,1.0,1.0,1.0,1.0,1.0,1.0,1.0,1.0,1.0,1.0,1.0,1.0,1.0,1.0,1.0,1.0,1.0,1.0,1.0,1.0,1.0,1.0,1.0,1.0,1.0,1.0,1.0,1.0,1.0,1.0,1.0,1.0,1.0,1.0,1.0,1.0,1.0,1.0,1.0,1.0,1.0,0.9828627,1.0,1.0,1.0,0.9381327,1.0,1.0,1.0,1.0,1.0,1.0,1.0,1.0,1.0,1.0,1.0,0.9994196,1.0,1.0,1.0,1.0,1.0,1.0,1.0,1.0,1.0,1.0,1.0,1.0,1.0,1.0,1.0,1.0,1.0,1.0,1.0,1.0,1.0,1.0,1.0,1.0,1.0,1.0,1.0,1.0,1.0,1.0,0.99378145,1.0,1.0,1.0,1.0,0.9842461,1.0,1.0,1.0
SF3A3_HepG2,1.0,1.0,1.0,1.0,1.0,1.0,1.0,1.0,1.0,1.0,1.0,1.0,0.99874306,1.0,1.0,1.0,1.0,1.0,1.0,1.0,1.0,1.0,1.0,1.0,0.9969827,1.0,1.0,1.0,1.0,0.9907125,1.0,1.0,1.0,1.0,1.0,0.94502276,1.0,1.0,1.0,1.0,1.0,1.0,1.0,1.0,1.0,1.0,1.0,1.0,0.99101704,1.0,1.0,1.0,1.0,1.0,1.0,1.0,0.99995613,1.0,1.0,1.0,1.0,1.0,1.0,1.0,1.0,1.0,1.0,1.0,1.0,0.9869788,1.0,1.0,1.0,1.0,1.0,1.0,1.0,1.0,1.0,1.0,1.0,1.0,1.0,1.0,1.0,0.99192286,1.0,1.0,1.0,1.0,0.999999,0.99999994,1.0,1.0,0.98761225,1.0,1.0,1.0,1.0,1.0,1.0,1.0,1.0,1.0,1.0,0.97468305,1.0,1.0,1.0,1.0,1.0,1.0,1.0,1.0,1.0,1.0,1.0,1.0,0.95219076,1.0,1.0,1.0,0.99594486,1.0,1.0,1.0,1.0,1.0,1.0,1.0,1.0,1.0,1.0,1.0,1.0,1.0,1.0,1.0,1.0,1.0,1.0,1.0,1.0,1.0,1.0,1.0,1.0,1.0,1.0,1.0,1.0,1.0,1.0,1.0,1.0,1.0,1.0,1.0,1.0,1.0,1.0,1.0,1.0,1.0,1.0,1.0,1.0,0.9828628,1.0,1.0,1.0,0.9381328,1.0,1.0,1.0,1.0,1.0,1.0,1.0,1.0,1.0,1.0,1.0,0.9994196,1.0,1.0,1.0,1.0,1.0,1.0,1.0,1.0,1.0,1.0,1.0,1.0,1.0,1.0,1.0,1.0,1.0,1.0,1.0,1.0,1.0,1.0,1.0,1.0,1.0,1.0,1.0,1.0,1.0,1.0,0.9937815,1.0,1.0,1.0,1.0,0.98424613,1.0,1.0,1.0
SF3B1_K562,1.0,1.0,1.0,1.0,1.0,1.0,1.0,1.0,1.0,1.0,1.0,1.0,0.99874306,1.0,1.0,1.0,1.0,1.0,1.0,1.0,1.0,1.0,1.0,1.0,0.99698275,1.0,1.0,1.0,1.0,0.9907125,1.0,1.0,1.0,1.0,1.0,0.9450227,1.0,1.0,1.0,1.0,1.0,1.0,1.0,1.0,1.0,1.0,1.0,1.0,0.99101704,1.0,1.0,1.0,1.0,1.0,1.0,1.0,0.99995613,1.0,1.0,1.0,1.0,1.0,1.0,1.0,1.0,1.0,1.0,1.0,1.0,0.9869789,1.0,1.0,1.0,1.0,1.0,1.0,1.0,1.0,1.0,1.0,1.0,1.0,1.0,1.0,1.0,0.9919228,1.0,1.0,1.0,1.0,0.999999,0.99999994,1.0,1.0,0.9876122,1.0,1.0,1.0,1.0,1.0,1.0,1.0,1.0,1.0,1.0,0.974683,1.0,1.0,1.0,1.0,1.0,1.0,1.0,1.0,1.0,1.0,1.0,1.0,0.9521907,1.0,1.0,1.0,0.99594486,1.0,1.0,1.0,1.0,1.0,1.0,1.0,1.0,1.0,1.0,1.0,1.0,1.0,1.0,1.0,1.0,1.0,1.0,1.0,1.0,1.0,1.0,1.0,1.0,1.0,1.0,1.0,1.0,1.0,1.0,1.0,1.0,1.0,1.0,1.0,1.0,1.0,1.0,1.0,1.0,1.0,1.0,1.0,1.0,0.9828628,1.0,1.0,1.0,0.9381329,1.0,1.0,1.0,1.0,1.0,1.0,1.0,1.0,1.0,1.0,1.0,0.9994196,1.0,1.0,1.0,1.0,1.0,1.0,1.0,1.0,1.0,1.0,1.0,1.0,1.0,1.0,1.0,1.0,1.0,1.0,1.0,1.0,1.0,1.0,1.0,1.0,1.0,1.0,1.0,1.0,1.0,1.0,0.9937815,1.0,1.0,1.0,1.0,0.98424613,1.0,1.0,1.0
SF3B4_HepG2,1.0,1.0,1.0,1.0,1.0,1.0,1.0,1.0,1.0,1.0,1.0,1.0,0.998743,1.0,1.0,1.0,1.0,1.0,1.0,1.0,1.0,1.0,1.0,1.0,0.9969827,1.0,1.0,1.0,1.0,0.99071246,1.0,1.0,1.0,1.0,1.0,0.9450229,1.0,1.0,1.0,1.0,1.0,1.0,1.0,1.0,1.0,1.0,1.0,1.0,0.9910171,1.0,1.0,1.0,1.0,1.0,1.0,1.0,0.99995613,1.0,1.0,1.0,1.0,1.0,1.0,1.0,1.0,1.0,1.0,1.0,1.0,0.98697877,1.0,1.0,1.0,1.0,1.0,1.0,1.0,1.0,1.0,1.0,1.0,1.0,1.0,1.0,1.0,0.9919229,1.0,1.0,1.0,1.0,0.999999,0.99999994,1.0,1.0,0.9876123,1.0,1.0,1.0,1.0,1.0,1.0,1.0,1.0,1.0,1.0,0.9746831,1.0,1.0,1.0,1.0,1.0,1.0,1.0,1.0,1.0,1.0,1.0,1.0,0.9521909,1.0,1.0,1.0,0.9959448,1.0,1.0,1.0,1.0,1.0,1.0,1.0,1.0,1.0,1.0,1.0,1.0,1.0,1.0,1.0,1.0,1.0,1.0,1.0,1.0,1.0,1.0,1.0,1.0,1.0,1.0,1.0,1.0,1.0,1.0,1.0,1.0,1.0,1.0,1.0,1.0,1.0,1.0,1.0,1.0,1.0,1.0,1.0,1.0,0.9828627,1.0,1.0,1.0,0.9381327,1.0,1.0,1.0,1.0,1.0,1.0,1.0,1.0,1.0,1.0,1.0,0.9994196,1.0,1.0,1.0,1.0,1.0,1.0,1.0,1.0,1.0,1.0,1.0,1.0,1.0,1.0,1.0,1.0,1.0,1.0,1.0,1.0,1.0,1.0,1.0,1.0,1.0,1.0,1.0,1.0,1.0,1.0,0.99378145,1.0,1.0,1.0,1.0,0.9842461,1.0,1.0,1.0
SF3B4_K562,1.0,1.0,1.0,1.0,1.0,1.0,1.0,1.0,1.0,1.0,1.0,1.0,0.99874306,1.0,1.0,1.0,1.0,1.0,1.0,1.0,1.0,1.0,1.0,1.0,0.99698275,1.0,1.0,1.0,1.0,0.9907126,1.0,1.0,1.0,1.0,1.0,0.94502264,1.0,1.0,1.0,1.0,1.0,1.0,1.0,1.0,1.0,1.0,1.0,1.0,0.991017,1.0,1.0,1.0,1.0,1.0,1.0,1.0,0.99995613,1.0,1.0,1.0,1.0,1.0,1.0,1.0,1.0,1.0,1.0,1.0,1.0,0.9869789,1.0,1.0,1.0,1.0,1.0,1.0,1.0,1.0,1.0,1.0,1.0,1.0,1.0,1.0,1.0,0.9919228,1.0,1.0,1.0,1.0,0.999999,0.99999994,1.0,1.0,0.9876122,1.0,1.0,1.0,1.0,1.0,1.0,1.0,1.0,1.0,1.0,0.974683,1.0,1.0,1.0,1.0,1.0,1.0,1.0,1.0,1.0,1.0,1.0,1.0,0.95219064,1.0,1.0,1.0,0.99594486,1.0,1.0,1.0,1.0,1.0,1.0,1.0,1.0,1.0,1.0,1.0,1.0,1.0,1.0,1.0,1.0,1.0,1.0,1.0,1.0,1.0,1.0,1.0,1.0,1.0,1.0,1.0,1.0,1.0,1.0,1.0,1.0,1.0,1.0,1.0,1.0,1.0,1.0,1.0,1.0,1.0,1.0,1.0,1.0,0.98286283,1.0,1.0,1.0,0.93813294,1.0,1.0,1.0,1.0,1.0,1.0,1.0,1.0,1.0,1.0,1.0,0.9994196,1.0,1.0,1.0,1.0,1.0,1.0,1.0,1.0,1.0,1.0,1.0,1.0,1.0,1.0,1.0,1.0,1.0,1.0,1.0,1.0,1.0,1.0,1.0,1.0,1.0,1.0,1.0,1.0,1.0,1.0,0.99378157,1.0,1.0,1.0,1.0,0.9842462,1.0,1.0,1.0
SFPQ_HepG2,1.0,1.0,1.0,1.0,1.0,1.0,1.0,1.0,1.0,1.0,1.0,1.0,0.99874306,1.0,1.0,1.0,1.0,1.0,1.0,1.0,1.0,1.0,1.0,1.0,0.9969827,1.0,1.0,1.0,1.0,0.9907125,1.0,1.0,1.0,1.0,1.0,0.9450228,1.0,1.0,1.0,1.0,1.0,1.0,1.0,1.0,1.0,1.0,1.0,1.0,0.9910171,1.0,1.0,1.0,1.0,1.0,1.0,1.0,0.99995613,1.0,1.0,1.0,1.0,1.0,1.0,1.0,1.0,1.0,1.0,1.0,1.0,0.9869788,1.0,1.0,1.0,1.0,1.0,1.0,1.0,1.0,1.0,1.0,1.0,1.0,1.0,1.0,1.0,0.99192286,1.0,1.0,1.0,1.0,0.999999,0.99999994,1.0,1.0,0.98761225,1.0,1.0,1.0,1.0,1.0,1.0,1.0,1.0,1.0,1.0,0.9746831,1.0,1.0,1.0,1.0,1.0,1.0,1.0,1.0,1.0,1.0,1.0,1.0,0.9521908,1.0,1.0,1.0,0.9959448,1.0,1.0,1.0,1.0,1.0,1.0,1.0,1.0,1.0,1.0,1.0,1.0,1.0,1.0,1.0,1.0,1.0,1.0,1.0,1.0,1.0,1.0,1.0,1.0,1.0,1.0,1.0,1.0,1.0,1.0,1.0,1.0,1.0,1.0,1.0,1.0,1.0,1.0,1.0,1.0,1.0,1.0,1.0,1.0,0.9828627,1.0,1.0,1.0,0.93813276,1.0,1.0,1.0,1.0,1.0,1.0,1.0,1.0,1.0,1.0,1.0,0.9994196,1.0,1.0,1.0,1.0,1.0,1.0,1.0,1.0,1.0,1.0,1.0,1.0,1.0,1.0,1.0,1.0,1.0,1.0,1.0,1.0,1.0,1.0,1.0,1.0,1.0,1.0,1.0,1.0,1.0,1.0,0.9937815,1.0,1.0,1.0,1.0,0.9842461,1.0,1.0,1.0
SLBP_K562,1.0,1.0,1.0,1.0,1.0,1.0,1.0,1.0,1.0,1.0,1.0,1.0,0.99874306,1.0,1.0,1.0,1.0,1.0,1.0,1.0,1.0,1.0,1.0,1.0,0.99698275,1.0,1.0,1.0,1.0,0.9907125,1.0,1.0,1.0,1.0,1.0,0.9450227,1.0,1.0,1.0,1.0,1.0,1.0,1.0,1.0,1.0,1.0,1.0,1.0,0.99101704,1.0,1.0,1.0,1.0,1.0,1.0,1.0,0.99995613,1.0,1.0,1.0,1.0,1.0,1.0,1.0,1.0,1.0,1.0,1.0,1.0,0.9869789,1.0,1.0,1.0,1.0,1.0,1.0,1.0,1.0,1.0,1.0,1.0,1.0,1.0,1.0,1.0,0.9919228,1.0,1.0,1.0,1.0,0.999999,0.99999994,1.0,1.0,0.9876122,1.0,1.0,1.0,1.0,1.0,1.0,1.0,1.0,1.0,1.0,0.974683,1.0,1.0,1.0,1.0,1.0,1.0,1.0,1.0,1.0,1.0,1.0,1.0,0.9521907,1.0,1.0,1.0,0.99594486,1.0,1.0,1.0,1.0,1.0,1.0,1.0,1.0,1.0,1.0,1.0,1.0,1.0,1.0,1.0,1.0,1.0,1.0,1.0,1.0,1.0,1.0,1.0,1.0,1.0,1.0,1.0,1.0,1.0,1.0,1.0,1.0,1.0,1.0,1.0,1.0,1.0,1.0,1.0,1.0,1.0,1.0,1.0,1.0,0.9828628,1.0,1.0,1.0,0.9381329,1.0,1.0,1.0,1.0,1.0,1.0,1.0,1.0,1.0,1.0,1.0,0.9994196,1.0,1.0,1.0,1.0,1.0,1.0,1.0,1.0,1.0,1.0,1.0,1.0,1.0,1.0,1.0,1.0,1.0,1.0,1.0,1.0,1.0,1.0,1.0,1.0,1.0,1.0,1.0,1.0,1.0,1.0,0.9937815,1.0,1.0,1.0,1.0,0.98424613,1.0,1.0,1.0
SLTM_HepG2,1.0,1.0,1.0,1.0,1.0,1.0,1.0,1.0,1.0,1.0,1.0,1.0,0.99874306,1.0,1.0,1.0,1.0,1.0,1.0,1.0,1.0,1.0,1.0,1.0,0.99698275,1.0,1.0,1.0,1.0,0.9907125,1.0,1.0,1.0,1.0,1.0,0.94502276,1.0,1.0,1.0,1.0,1.0,1.0,1.0,1.0,1.0,1.0,1.0,1.0,0.99101704,1.0,1.0,1.0,1.0,1.0,1.0,1.0,0.99995613,1.0,1.0,1.0,1.0,1.0,1.0,1.0,1.0,1.0,1.0,1.0,1.0,0.9869788,1.0,1.0,1.0,1.0,1.0,1.0,1.0,1.0,1.0,1.0,1.0,1.0,1.0,1.0,1.0,0.9919228,1.0,1.0,1.0,1.0,0.999999,0.99999994,1.0,1.0,0.9876122,1.0,1.0,1.0,1.0,1.0,1.0,1.0,1.0,1.0,1.0,0.97468305,1.0,1.0,1.0,1.0,1.0,1.0,1.0,1.0,1.0,1.0,1.0,1.0,0.95219076,1.0,1.0,1.0,0.99594486,1.0,1.0,1.0,1.0,1.0,1.0,1.0,1.0,1.0,1.0,1.0,1.0,1.0,1.0,1.0,1.0,1.0,1.0,1.0,1.0,1.0,1.0,1.0,1.0,1.0,1.0,1.0,1.0,1.0,1.0,1.0,1.0,1.0,1.0,1.0,1.0,1.0,1.0,1.0,1.0,1.0,1.0,1.0,1.0,0.9828628,1.0,1.0,1.0,0.9381328,1.0,1.0,1.0,1.0,1.0,1.0,1.0,1.0,1.0,1.0,1.0,0.9994196,1.0,1.0,1.0,1.0,1.0,1.0,1.0,1.0,1.0,1.0,1.0,1.0,1.0,1.0,1.0,1.0,1.0,1.0,1.0,1.0,1.0,1.0,1.0,1.0,1.0,1.0,1.0,1.0,1.0,1.0,0.9937815,1.0,1.0,1.0,1.0,0.98424613,1.0,1.0,1.0
SLTM_K562,1.0,1.0,1.0,1.0,1.0,1.0,1.0,1.0,1.0,1.0,1.0,1.0,0.9987431,1.0,1.0,1.0,1.0,1.0,1.0,1.0,1.0,1.0,1.0,1.0,0.9969828,1.0,1.0,1.0,1.0,0.99071264,1.0,1.0,1.0,1.0,1.0,0.9450225,1.0,1.0,1.0,1.0,1.0,1.0,1.0,1.0,1.0,1.0,1.0,1.0,0.9910169,1.0,1.0,1.0,1.0,1.0,1.0,1.0,0.99995613,1.0,1.0,1.0,1.0,1.0,1.0,1.0,1.0,1.0,1.0,1.0,1.0,0.986979,1.0,1.0,1.0,1.0,1.0,1.0,1.0,1.0,1.0,1.0,1.0,1.0,1.0,1.0,1.0,0.99192274,1.0,1.0,1.0,1.0,0.999999,0.99999994,1.0,1.0,0.98761207,1.0,1.0,1.0,1.0,1.0,1.0,1.0,1.0,1.0,1.0,0.97468287,1.0,1.0,1.0,1.0,1.0,1.0,1.0,1.0,1.0,1.0,1.0,1.0,0.9521905,1.0,1.0,1.0,0.9959449,1.0,1.0,1.0,1.0,1.0,1.0,1.0,1.0,1.0,1.0,1.0,1.0,1.0,1.0,1.0,1.0,1.0,1.0,1.0,1.0,1.0,1.0,1.0,1.0,1.0,1.0,1.0,1.0,1.0,1.0,1.0,1.0,1.0,1.0,1.0,1.0,1.0,1.0,1.0,1.0,1.0,1.0,1.0,1.0,0.9828629,1.0,1.0,1.0,0.9381331,1.0,1.0,1.0,1.0,1.0,1.0,1.0,1.0,1.0,1.0,1.0,0.9994197,1.0,1.0,1.0,1.0,1.0,1.0,1.0,1.0,1.0,1.0,1.0,1.0,1.0,1.0,1.0,1.0,1.0,1.0,1.0,1.0,1.0,1.0,1.0,1.0,1.0,1.0,1.0,1.0,1.0,1.0,0.9937816,1.0,1.0,1.0,1.0,0.98424625,1.0,1.0,1.0
SMNDC1_HepG2,1.0,1.0,1.0,1.0,1.0,1.0,1.0,1.0,1.0,1.0,1.0,1.0,0.99874306,1.0,1.0,1.0,1.0,1.0,1.0,1.0,1.0,1.0,1.0,1.0,0.99698275,1.0,1.0,1.0,1.0,0.9907125,1.0,1.0,1.0,1.0,1.0,0.9450227,1.0,1.0,1.0,1.0,1.0,1.0,1.0,1.0,1.0,1.0,1.0,1.0,0.99101704,1.0,1.0,1.0,1.0,1.0,1.0,1.0,0.99995613,1.0,1.0,1.0,1.0,1.0,1.0,1.0,1.0,1.0,1.0,1.0,1.0,0.9869789,1.0,1.0,1.0,1.0,1.0,1.0,1.0,1.0,1.0,1.0,1.0,1.0,1.0,1.0,1.0,0.9919228,1.0,1.0,1.0,1.0,0.999999,0.99999994,1.0,1.0,0.9876122,1.0,1.0,1.0,1.0,1.0,1.0,1.0,1.0,1.0,1.0,0.974683,1.0,1.0,1.0,1.0,1.0,1.0,1.0,1.0,1.0,1.0,1.0,1.0,0.9521907,1.0,1.0,1.0,0.99594486,1.0,1.0,1.0,1.0,1.0,1.0,1.0,1.0,1.0,1.0,1.0,1.0,1.0,1.0,1.0,1.0,1.0,1.0,1.0,1.0,1.0,1.0,1.0,1.0,1.0,1.0,1.0,1.0,1.0,1.0,1.0,1.0,1.0,1.0,1.0,1.0,1.0,1.0,1.0,1.0,1.0,1.0,1.0,1.0,0.9828628,1.0,1.0,1.0,0.9381329,1.0,1.0,1.0,1.0,1.0,1.0,1.0,1.0,1.0,1.0,1.0,0.9994196,1.0,1.0,1.0,1.0,1.0,1.0,1.0,1.0,1.0,1.0,1.0,1.0,1.0,1.0,1.0,1.0,1.0,1.0,1.0,1.0,1.0,1.0,1.0,1.0,1.0,1.0,1.0,1.0,1.0,1.0,0.9937815,1.0,1.0,1.0,1.0,0.98424613,1.0,1.0,1.0
SMNDC1_K562,1.0,1.0,1.0,1.0,1.0,1.0,1.0,1.0,1.0,1.0,1.0,1.0,0.99874306,1.0,1.0,1.0,1.0,1.0,1.0,1.0,1.0,1.0,1.0,1.0,0.9969827,1.0,1.0,1.0,1.0,0.9907125,1.0,1.0,1.0,1.0,1.0,0.9450228,1.0,1.0,1.0,1.0,1.0,1.0,1.0,1.0,1.0,1.0,1.0,1.0,0.99101704,1.0,1.0,1.0,1.0,1.0,1.0,1.0,0.99995613,1.0,1.0,1.0,1.0,1.0,1.0,1.0,1.0,1.0,1.0,1.0,1.0,0.9869788,1.0,1.0,1.0,1.0,1.0,1.0,1.0,1.0,1.0,1.0,1.0,1.0,1.0,1.0,1.0,0.99192286,1.0,1.0,1.0,1.0,0.999999,0.99999994,1.0,1.0,0.98761225,1.0,1.0,1.0,1.0,1.0,1.0,1.0,1.0,1.0,1.0,0.97468305,1.0,1.0,1.0,1.0,1.0,1.0,1.0,1.0,1.0,1.0,1.0,1.0,0.9521908,1.0,1.0,1.0,0.99594486,1.0,1.0,1.0,1.0,1.0,1.0,1.0,1.0,1.0,1.0,1.0,1.0,1.0,1.0,1.0,1.0,1.0,1.0,1.0,1.0,1.0,1.0,1.0,1.0,1.0,1.0,1.0,1.0,1.0,1.0,1.0,1.0,1.0,1.0,1.0,1.0,1.0,1.0,1.0,1.0,1.0,1.0,1.0,1.0,0.9828627,1.0,1.0,1.0,0.93813276,1.0,1.0,1.0,1.0,1.0,1.0,1.0,1.0,1.0,1.0,1.0,0.9994196,1.0,1.0,1.0,1.0,1.0,1.0,1.0,1.0,1.0,1.0,1.0,1.0,1.0,1.0,1.0,1.0,1.0,1.0,1.0,1.0,1.0,1.0,1.0,1.0,1.0,1.0,1.0,1.0,1.0,1.0,0.9937815,1.0,1.0,1.0,1.0,0.9842461,1.0,1.0,1.0
SND1_HepG2,0.9828627,0.98286265,0.98286265,0.98286265,0.98286265,0.9828628,0.98286283,0.9828628,0.9828627,0.9828628,0.98286283,0.98286283,0.99086696,0.98286265,0.9828627,0.9828628,0.9828628,0.9828628,0.98286283,0.9828629,0.9828626,0.9828628,0.9828628,0.9828627,0.99420625,0.9828628,0.9828628,0.9828628,0.9828628,0.99879956,0.9828628,0.9828627,0.9828627,0.9828628,0.98286295,0.86854804,0.9828627,0.9828628,0.9828628,0.9828627,0.9828628,0.9828628,0.9828627,0.98286265,0.9828628,0.9828628,0.98286265,0.9828625,0.9493811,0.9828627,0.9828628,0.9828627,0.98286265,0.9828628,0.9828627,0.9828627,0.981093,0.9828624,0.9828628,0.9828626,0.9828628,0.9828627,0.98286265,0.9828627,0.9828694,0.9828628,0.9828628,0.98286265,0.9828627,0.9997157,0.9828612,0.98286265,0.9828628,0.98286235,0.9828627,0.9828628,0.9828627,0.9828627,0.9828628,0.9828628,0.98286283,0.9828628,0.9828627,0.9828626,0.9828628,0.95154196,0.98286265,0.9828627,0.9828628,0.98286307,0.9825967,0.9829225,0.9828628,0.98286253,0.94176185,0.98286265,0.9828626,0.9828624,0.98286283,0.9828628,0.9828627,0.9828628,0.98286337,0.98285466,0.98286223,0.9167631,0.9828627,0.9828628,0.9828627,0.9828628,0.9828626,0.9828628,0.98286265,0.98286283,0.9828628,0.9828627,0.9828628,0.9828628,0.8795566,0.9828628,0.9828628,0.98286265,0.9954613,0.98286265,0.9828627,0.9828628,0.9828628,0.9828627,0.9828662,0.9828627,0.9828628,0.98286283,0.9828628,0.98286283,0.98286283,0.98286283,0.98286283,0.9828628,0.9828628,0.9828628,0.9828625,0.9828627,0.9828628,0.9828627,0.9828626,0.9828628,0.9828628,0.98286283,0.9828628,0.9828628,0.9828628,0.9828628,0.9828628,0.9828627,0.98286283,0.9828628,0.9828627,0.9828628,0.9828628,0.9828627,0.98286283,0.9828627,0.9828628,0.9828628,0.9828629,0.9828628,0.9828627,1.0,0.9828627,0.98286563,0.9828627,0.9858878,0.9828627,0.9828619,0.98286283,0.9828627,0.9828628,0.98286283,0.9828627,0.9828628,0.9828627,0.98286265,0.9828628,0.9885717,0.9828627,0.9828628,0.9828627,0.9828628,0.9828628,0.9828621,0.98286265,0.9828627,0.9828628,0.9828627,0.9828628,0.9828628,0.9828627,0.9828627,0.9828621,0.9828627,0.9828624,0.9828627,0.9828628,0.9828628,0.9828628,0.9828628,0.98286283,0.9828628,0.9828628,0.9828628,0.9828627,0.98286283,0.9828628,0.9828625,0.99727654,0.9828627,0.9828627,0.9828628,0.9828625,0.9999707,0.9828628,0.98286253,0.9828628
SND1_K562,1.0,1.0,1.0,1.0,1.0,1.0,1.0,1.0,1.0,1.0,1.0,1.0,0.998743,1.0,1.0,1.0,1.0,1.0,1.0,1.0,1.0,1.0,1.0,1.0,0.9969827,1.0,1.0,1.0,1.0,0.99071246,1.0,1.0,1.0,1.0,1.0,0.9450229,1.0,1.0,1.0,1.0,1.0,1.0,1.0,1.0,1.0,1.0,1.0,1.0,0.9910171,1.0,1.0,1.0,1.0,1.0,1.0,1.0,0.99995613,1.0,1.0,1.0,1.0,1.0,1.0,1.0,1.0,1.0,1.0,1.0,1.0,0.98697877,1.0,1.0,1.0,1.0,1.0,1.0,1.0,1.0,1.0,1.0,1.0,1.0,1.0,1.0,1.0,0.9919229,1.0,1.0,1.0,1.0,0.999999,0.99999994,1.0,1.0,0.9876123,1.0,1.0,1.0,1.0,1.0,1.0,1.0,1.0,1.0,1.0,0.9746831,1.0,1.0,1.0,1.0,1.0,1.0,1.0,1.0,1.0,1.0,1.0,1.0,0.9521909,1.0,1.0,1.0,0.9959448,1.0,1.0,1.0,1.0,1.0,1.0,1.0,1.0,1.0,1.0,1.0,1.0,1.0,1.0,1.0,1.0,1.0,1.0,1.0,1.0,1.0,1.0,1.0,1.0,1.0,1.0,1.0,1.0,1.0,1.0,1.0,1.0,1.0,1.0,1.0,1.0,1.0,1.0,1.0,1.0,1.0,1.0,1.0,1.0,0.9828627,1.0,1.0,1.0,0.9381327,1.0,1.0,1.0,1.0,1.0,1.0,1.0,1.0,1.0,1.0,1.0,0.9994196,1.0,1.0,1.0,1.0,1.0,1.0,1.0,1.0,1.0,1.0,1.0,1.0,1.0,1.0,1.0,1.0,1.0,1.0,1.0,1.0,1.0,1.0,1.0,1.0,1.0,1.0,1.0,1.0,1.0,1.0,0.99378145,1.0,1.0,1.0,1.0,0.9842461,1.0,1.0,1.0
SRSF1_HepG2,1.0,1.0,1.0,1.0,1.0,1.0,1.0,1.0,1.0,1.0,1.0,1.0,0.99874383,1.0,1.0,1.0,1.0,1.0,1.0,1.0,1.0,1.0,1.0,1.0,0.99698395,1.0,1.0,1.0,1.0,0.9907146,1.0,1.0,1.0,1.0,1.0,0.94501776,1.0,1.0,1.0,1.0,1.0,1.0,1.0,1.0,1.0,1.0,1.0,1.0,0.991015,1.0,1.0,1.0,1.0,1.0,1.0,1.0,0.999956,1.0,1.0,1.0,1.0,1.0,1.0,1.0,1.0,1.0,1.0,1.0,1.0,0.98698133,1.0,1.0,1.0,1.0,1.0,1.0,1.0,1.0,1.0,1.0,1.0,1.0,1.0,1.0,1.0,0.9919209,1.0,1.0,1.0,1.0,0.9999989,0.99999994,1.0,1.0,0.9876098,1.0,1.0,1.0,1.0,1.0,1.0,1.0,1.0,1.0,1.0,0.9746796,1.0,1.0,1.0,1.0,1.0,1.0,1.0,1.0,1.0,1.0,1.0,1.0,0.95218605,1.0,1.0,1.0,0.9959462,1.0,1.0,1.0,1.0,1.0,1.0,1.0,1.0,1.0,1.0,1.0,1.0,1.0,1.0,1.0,1.0,1.0,1.0,1.0,1.0,1.0,1.0,1.0,1.0,1.0,1.0,1.0,1.0,1.0,1.0,1.0,1.0,1.0,1.0,1.0,1.0,1.0,1.0,1.0,1.0,1.0,1.0,1.0,1.0,0.98286563,1.0,1.0,1.0,0.9381381,1.0,1.0,1.0,1.0,1.0,1.0,1.0,1.0,1.0,1.0,1.0,0.99942017,1.0,1.0,1.0,1.0,1.0,1.0,1.0,1.0,1.0,1.0,1.0,1.0,1.0,1.0,1.0,1.0,1.0,1.0,1.0,1.0,1.0,1.0,1.0,1.0,1.0,1.0,1.0,1.0,1.0,1.0,0.99378324,1.0,1.0,1.0,1.0,0.9842489,1.0,1.0,1.0
SRSF1_K562,1.0,1.0,1.0,1.0,1.0,1.0,1.0,1.0,1.0,1.0,1.0,1.0,0.99874306,1.0,1.0,1.0,1.0,1.0,1.0,1.0,1.0,1.0,1.0,1.0,0.9969827,1.0,1.0,1.0,1.0,0.99071246,1.0,1.0,1.0,1.0,1.0,0.9450229,1.0,1.0,1.0,1.0,1.0,1.0,1.0,1.0,1.0,1.0,1.0,1.0,0.9910171,1.0,1.0,1.0,1.0,1.0,1.0,1.0,0.99995613,1.0,1.0,1.0,1.0,1.0,1.0,1.0,1.0,1.0,1.0,1.0,1.0,0.98697877,1.0,1.0,1.0,1.0,1.0,1.0,1.0,1.0,1.0,1.0,1.0,1.0,1.0,1.0,1.0,0.99192286,1.0,1.0,1.0,1.0,0.999999,0.99999994,1.0,1.0,0.98761225,1.0,1.0,1.0,1.0,1.0,1.0,1.0,1.0,1.0,1.0,0.9746831,1.0,1.0,1.0,1.0,1.0,1.0,1.0,1.0,1.0,1.0,1.0,1.0,0.9521909,1.0,1.0,1.0,0.9959448,1.0,1.0,1.0,1.0,1.0,1.0,1.0,1.0,1.0,1.0,1.0,1.0,1.0,1.0,1.0,1.0,1.0,1.0,1.0,1.0,1.0,1.0,1.0,1.0,1.0,1.0,1.0,1.0,1.0,1.0,1.0,1.0,1.0,1.0,1.0,1.0,1.0,1.0,1.0,1.0,1.0,1.0,1.0,1.0,0.9828627,1.0,1.0,1.0,0.9381327,1.0,1.0,1.0,1.0,1.0,1.0,1.0,1.0,1.0,1.0,1.0,0.9994196,1.0,1.0,1.0,1.0,1.0,1.0,1.0,1.0,1.0,1.0,1.0,1.0,1.0,1.0,1.0,1.0,1.0,1.0,1.0,1.0,1.0,1.0,1.0,1.0,1.0,1.0,1.0,1.0,1.0,1.0,0.99378145,1.0,1.0,1.0,1.0,0.9842461,1.0,1.0,1.0
SRSF7_HepG2,0.93813276,0.93813264,0.9381326,0.9381326,0.93813264,0.9381328,0.93813294,0.9381328,0.93813276,0.9381328,0.9381329,0.938133,0.95431006,0.9381326,0.9381327,0.9381328,0.9381329,0.9381328,0.93813294,0.938133,0.9381325,0.9381329,0.9381328,0.93813276,0.96218145,0.9381329,0.9381329,0.9381329,0.9381328,0.9765041,0.9381329,0.93813276,0.93813276,0.9381329,0.9381331,0.7733232,0.93813276,0.9381329,0.9381329,0.93813276,0.9381328,0.9381329,0.9381327,0.93813264,0.9381328,0.93813276,0.93813264,0.9381323,0.88339627,0.93813276,0.9381328,0.93813264,0.9381326,0.9381328,0.9381327,0.93813276,0.9348482,0.9381322,0.9381329,0.9381325,0.9381328,0.93813276,0.9381326,0.93813276,0.9381453,0.9381329,0.9381328,0.93813264,0.9381327,0.9816157,0.9381299,0.93813264,0.9381328,0.93813205,0.93813276,0.9381328,0.93813276,0.93813276,0.93813276,0.9381328,0.93813294,0.9381328,0.9381327,0.9381325,0.9381329,0.8866328,0.93813264,0.93813276,0.9381329,0.9381334,0.93763393,0.93824506,0.9381328,0.93813246,0.8721758,0.93813264,0.9381325,0.9381322,0.93813294,0.9381328,0.93813276,0.9381328,0.93813396,0.9381176,0.93813187,0.836958,0.93813276,0.9381328,0.93813276,0.9381329,0.9381325,0.9381328,0.93813264,0.938133,0.9381328,0.93813276,0.9381328,0.9381328,0.7874928,0.9381329,0.9381328,0.93813264,0.9654816,0.93813264,0.93813276,0.9381328,0.9381329,0.9381327,0.9381393,0.9381327,0.9381328,0.93813294,0.9381328,0.9381329,0.9381329,0.9381329,0.9381329,0.9381329,0.9381329,0.9381328,0.93813235,0.9381327,0.93813276,0.93813276,0.93813246,0.9381328,0.9381328,0.93813294,0.9381328,0.9381329,0.9381329,0.9381328,0.9381328,0.93813276,0.938133,0.9381328,0.9381327,0.9381328,0.9381329,0.9381327,0.93813294,0.93813276,0.9381329,0.9381328,0.9381331,0.9381329,0.93813276,0.9858878,0.9381327,0.9381381,0.9381327,1.0,0.93813276,0.93813115,0.93813294,0.9381327,0.9381328,0.93813294,0.93813276,0.9381329,0.93813276,0.9381326,0.9381329,0.949384,0.93813276,0.9381329,0.9381327,0.9381328,0.9381329,0.9381316,0.93813264,0.93813276,0.93813276,0.93813276,0.9381328,0.9381328,0.9381327,0.93813276,0.9381316,0.9381327,0.93813217,0.93813276,0.9381328,0.9381329,0.9381328,0.9381329,0.93813294,0.9381328,0.9381328,0.9381328,0.93813276,0.93813294,0.9381328,0.9381322,0.9708561,0.9381327,0.93813276,0.9381329,0.93813235,0.9845764,0.9381329,0.9381324,0.9381329
SRSF7_K562,1.0,1.0,1.0,1.0,1.0,1.0,1.0,1.0,1.0,1.0,1.0,1.0,0.99874306,1.0,1.0,1.0,1.0,1.0,1.0,1.0,1.0,1.0,1.0,1.0,0.9969827,1.0,1.0,1.0,1.0,0.9907125,1.0,1.0,1.0,1.0,1.0,0.9450228,1.0,1.0,1.0,1.0,1.0,1.0,1.0,1.0,1.0,1.0,1.0,1.0,0.9910171,1.0,1.0,1.0,1.0,1.0,1.0,1.0,0.99995613,1.0,1.0,1.0,1.0,1.0,1.0,1.0,1.0,1.0,1.0,1.0,1.0,0.9869788,1.0,1.0,1.0,1.0,1.0,1.0,1.0,1.0,1.0,1.0,1.0,1.0,1.0,1.0,1.0,0.99192286,1.0,1.0,1.0,1.0,0.999999,0.99999994,1.0,1.0,0.98761225,1.0,1.0,1.0,1.0,1.0,1.0,1.0,1.0,1.0,1.0,0.97468305,1.0,1.0,1.0,1.0,1.0,1.0,1.0,1.0,1.0,1.0,1.0,1.0,0.9521908,1.0,1.0,1.0,0.99594486,1.0,1.0,1.0,1.0,1.0,1.0,1.0,1.0,1.0,1.0,1.0,1.0,1.0,1.0,1.0,1.0,1.0,1.0,1.0,1.0,1.0,1.0,1.0,1.0,1.0,1.0,1.0,1.0,1.0,1.0,1.0,1.0,1.0,1.0,1.0,1.0,1.0,1.0,1.0,1.0,1.0,1.0,1.0,1.0,0.9828627,1.0,1.0,1.0,0.93813276,1.0,1.0,1.0,1.0,1.0,1.0,1.0,1.0,1.0,1.0,1.0,0.9994196,1.0,1.0,1.0,1.0,1.0,1.0,1.0,1.0,1.0,1.0,1.0,1.0,1.0,1.0,1.0,1.0,1.0,1.0,1.0,1.0,1.0,1.0,1.0,1.0,1.0,1.0,1.0,1.0,1.0,1.0,0.9937815,1.0,1.0,1.0,1.0,0.9842461,1.0,1.0,1.0
SRSF9_HepG2,1.0,1.0,1.0,1.0,1.0,1.0,1.0,1.0,1.0,1.0,1.0,1.0,0.9987428,1.0,1.0,1.0,1.0,1.0,1.0,1.0,1.0,1.0,1.0,1.0,0.99698234,1.0,1.0,1.0,1.0,0.99071187,1.0,1.0,1.0,1.0,1.0,0.9450243,1.0,1.0,1.0,1.0,1.0,1.0,1.0,1.0,1.0,1.0,1.0,1.0,0.9910177,1.0,1.0,1.0,1.0,1.0,1.0,1.0,0.9999562,1.0,1.0,1.0,1.0,1.0,1.0,1.0,1.0,1.0,1.0,1.0,1.0,0.98697805,1.0,1.0,1.0,1.0,1.0,1.0,1.0,1.0,1.0,1.0,1.0,1.0,1.0,1.0,1.0,0.99192345,1.0,1.0,1.0,1.0,0.999999,0.99999994,1.0,1.0,0.98761296,1.0,1.0,1.0,1.0,1.0,1.0,1.0,1.0,1.0,1.0,0.9746841,1.0,1.0,1.0,1.0,1.0,1.0,1.0,1.0,1.0,1.0,1.0,1.0,0.95219225,1.0,1.0,1.0,0.99594444,1.0,1.0,1.0,1.0,1.0,1.0,1.0,1.0,1.0,1.0,1.0,1.0,1.0,1.0,1.0,1.0,1.0,1.0,1.0,1.0,1.0,1.0,1.0,1.0,1.0,1.0,1.0,1.0,1.0,1.0,1.0,1.0,1.0,1.0,1.0,1.0,1.0,1.0,1.0,1.0,1.0,1.0,1.0,1.0,0.9828619,1.0,1.0,1.0,0.93813115,1.0,1.0,1.0,1.0,1.0,1.0,1.0,1.0,1.0,1.0,1.0,0.99941945,1.0,1.0,1.0,1.0,1.0,1.0,1.0,1.0,1.0,1.0,1.0,1.0,1.0,1.0,1.0,1.0,1.0,1.0,1.0,1.0,1.0,1.0,1.0,1.0,1.0,1.0,1.0,1.0,1.0,1.0,0.993781,1.0,1.0,1.0,1.0,0.9842453,1.0,1.0,1.0
SSB_HepG2,1.0,1.0,1.0,1.0,1.0,1.0,1.0,1.0,1.0,1.0,1.0,1.0,0.99874306,1.0,1.0,1.0,1.0,1.0,1.0,1.0,1.0,1.0,1.0,1.0,0.99698275,1.0,1.0,1.0,1.0,0.9907126,1.0,1.0,1.0,1.0,1.0,0.94502264,1.0,1.0,1.0,1.0,1.0,1.0,1.0,1.0,1.0,1.0,1.0,1.0,0.991017,1.0,1.0,1.0,1.0,1.0,1.0,1.0,0.99995613,1.0,1.0,1.0,1.0,1.0,1.0,1.0,1.0,1.0,1.0,1.0,1.0,0.9869789,1.0,1.0,1.0,1.0,1.0,1.0,1.0,1.0,1.0,1.0,1.0,1.0,1.0,1.0,1.0,0.9919228,1.0,1.0,1.0,1.0,0.999999,0.99999994,1.0,1.0,0.9876121,1.0,1.0,1.0,1.0,1.0,1.0,1.0,1.0,1.0,1.0,0.9746829,1.0,1.0,1.0,1.0,1.0,1.0,1.0,1.0,1.0,1.0,1.0,1.0,0.95219064,1.0,1.0,1.0,0.99594486,1.0,1.0,1.0,1.0,1.0,1.0,1.0,1.0,1.0,1.0,1.0,1.0,1.0,1.0,1.0,1.0,1.0,1.0,1.0,1.0,1.0,1.0,1.0,1.0,1.0,1.0,1.0,1.0,1.0,1.0,1.0,1.0,1.0,1.0,1.0,1.0,1.0,1.0,1.0,1.0,1.0,1.0,1.0,1.0,0.98286283,1.0,1.0,1.0,0.93813294,1.0,1.0,1.0,1.0,1.0,1.0,1.0,1.0,1.0,1.0,1.0,0.9994196,1.0,1.0,1.0,1.0,1.0,1.0,1.0,1.0,1.0,1.0,1.0,1.0,1.0,1.0,1.0,1.0,1.0,1.0,1.0,1.0,1.0,1.0,1.0,1.0,1.0,1.0,1.0,1.0,1.0,1.0,0.99378157,1.0,1.0,1.0,1.0,0.9842462,1.0,1.0,1.0
SSB_K562,1.0,1.0,1.0,1.0,1.0,1.0,1.0,1.0,1.0,1.0,1.0,1.0,0.99874306,1.0,1.0,1.0,1.0,1.0,1.0,1.0,1.0,1.0,1.0,1.0,0.9969827,1.0,1.0,1.0,1.0,0.99071246,1.0,1.0,1.0,1.0,1.0,0.9450229,1.0,1.0,1.0,1.0,1.0,1.0,1.0,1.0,1.0,1.0,1.0,1.0,0.9910171,1.0,1.0,1.0,1.0,1.0,1.0,1.0,0.99995613,1.0,1.0,1.0,1.0,1.0,1.0,1.0,1.0,1.0,1.0,1.0,1.0,0.9869788,1.0,1.0,1.0,1.0,1.0,1.0,1.0,1.0,1.0,1.0,1.0,1.0,1.0,1.0,1.0,0.99192286,1.0,1.0,1.0,1.0,0.999999,0.99999994,1.0,1.0,0.98761225,1.0,1.0,1.0,1.0,1.0,1.0,1.0,1.0,1.0,1.0,0.9746831,1.0,1.0,1.0,1.0,1.0,1.0,1.0,1.0,1.0,1.0,1.0,1.0,0.9521908,1.0,1.0,1.0,0.9959448,1.0,1.0,1.0,1.0,1.0,1.0,1.0,1.0,1.0,1.0,1.0,1.0,1.0,1.0,1.0,1.0,1.0,1.0,1.0,1.0,1.0,1.0,1.0,1.0,1.0,1.0,1.0,1.0,1.0,1.0,1.0,1.0,1.0,1.0,1.0,1.0,1.0,1.0,1.0,1.0,1.0,1.0,1.0,1.0,0.9828627,1.0,1.0,1.0,0.9381327,1.0,1.0,1.0,1.0,1.0,1.0,1.0,1.0,1.0,1.0,1.0,0.9994196,1.0,1.0,1.0,1.0,1.0,1.0,1.0,1.0,1.0,1.0,1.0,1.0,1.0,1.0,1.0,1.0,1.0,1.0,1.0,1.0,1.0,1.0,1.0,1.0,1.0,1.0,1.0,1.0,1.0,1.0,0.9937815,1.0,1.0,1.0,1.0,0.9842461,1.0,1.0,1.0
STAU2_HepG2,1.0,1.0,1.0,1.0,1.0,1.0,1.0,1.0,1.0,1.0,1.0,1.0,0.99874306,1.0,1.0,1.0,1.0,1.0,1.0,1.0,1.0,1.0,1.0,1.0,0.99698275,1.0,1.0,1.0,1.0,0.9907125,1.0,1.0,1.0,1.0,1.0,0.94502276,1.0,1.0,1.0,1.0,1.0,1.0,1.0,1.0,1.0,1.0,1.0,1.0,0.99101704,1.0,1.0,1.0,1.0,1.0,1.0,1.0,0.99995613,1.0,1.0,1.0,1.0,1.0,1.0,1.0,1.0,1.0,1.0,1.0,1.0,0.9869788,1.0,1.0,1.0,1.0,1.0,1.0,1.0,1.0,1.0,1.0,1.0,1.0,1.0,1.0,1.0,0.9919228,1.0,1.0,1.0,1.0,0.999999,0.99999994,1.0,1.0,0.9876122,1.0,1.0,1.0,1.0,1.0,1.0,1.0,1.0,1.0,1.0,0.97468305,1.0,1.0,1.0,1.0,1.0,1.0,1.0,1.0,1.0,1.0,1.0,1.0,0.95219076,1.0,1.0,1.0,0.99594486,1.0,1.0,1.0,1.0,1.0,1.0,1.0,1.0,1.0,1.0,1.0,1.0,1.0,1.0,1.0,1.0,1.0,1.0,1.0,1.0,1.0,1.0,1.0,1.0,1.0,1.0,1.0,1.0,1.0,1.0,1.0,1.0,1.0,1.0,1.0,1.0,1.0,1.0,1.0,1.0,1.0,1.0,1.0,1.0,0.9828628,1.0,1.0,1.0,0.9381328,1.0,1.0,1.0,1.0,1.0,1.0,1.0,1.0,1.0,1.0,1.0,0.9994196,1.0,1.0,1.0,1.0,1.0,1.0,1.0,1.0,1.0,1.0,1.0,1.0,1.0,1.0,1.0,1.0,1.0,1.0,1.0,1.0,1.0,1.0,1.0,1.0,1.0,1.0,1.0,1.0,1.0,1.0,0.9937815,1.0,1.0,1.0,1.0,0.98424613,1.0,1.0,1.0
SUB1_HepG2,1.0,1.0,1.0,1.0,1.0,1.0,1.0,1.0,1.0,1.0,1.0,1.0,0.99874306,1.0,1.0,1.0,1.0,1.0,1.0,1.0,1.0,1.0,1.0,1.0,0.99698275,1.0,1.0,1.0,1.0,0.9907126,1.0,1.0,1.0,1.0,1.0,0.94502264,1.0,1.0,1.0,1.0,1.0,1.0,1.0,1.0,1.0,1.0,1.0,1.0,0.991017,1.0,1.0,1.0,1.0,1.0,1.0,1.0,0.99995613,1.0,1.0,1.0,1.0,1.0,1.0,1.0,1.0,1.0,1.0,1.0,1.0,0.9869789,1.0,1.0,1.0,1.0,1.0,1.0,1.0,1.0,1.0,1.0,1.0,1.0,1.0,1.0,1.0,0.9919228,1.0,1.0,1.0,1.0,0.999999,0.99999994,1.0,1.0,0.9876122,1.0,1.0,1.0,1.0,1.0,1.0,1.0,1.0,1.0,1.0,0.974683,1.0,1.0,1.0,1.0,1.0,1.0,1.0,1.0,1.0,1.0,1.0,1.0,0.95219064,1.0,1.0,1.0,0.99594486,1.0,1.0,1.0,1.0,1.0,1.0,1.0,1.0,1.0,1.0,1.0,1.0,1.0,1.0,1.0,1.0,1.0,1.0,1.0,1.0,1.0,1.0,1.0,1.0,1.0,1.0,1.0,1.0,1.0,1.0,1.0,1.0,1.0,1.0,1.0,1.0,1.0,1.0,1.0,1.0,1.0,1.0,1.0,1.0,0.98286283,1.0,1.0,1.0,0.93813294,1.0,1.0,1.0,1.0,1.0,1.0,1.0,1.0,1.0,1.0,1.0,0.9994196,1.0,1.0,1.0,1.0,1.0,1.0,1.0,1.0,1.0,1.0,1.0,1.0,1.0,1.0,1.0,1.0,1.0,1.0,1.0,1.0,1.0,1.0,1.0,1.0,1.0,1.0,1.0,1.0,1.0,1.0,0.99378157,1.0,1.0,1.0,1.0,0.9842462,1.0,1.0,1.0
SUGP2_HepG2,1.0,1.0,1.0,1.0,1.0,1.0,1.0,1.0,1.0,1.0,1.0,1.0,0.99874306,1.0,1.0,1.0,1.0,1.0,1.0,1.0,1.0,1.0,1.0,1.0,0.9969827,1.0,1.0,1.0,1.0,0.9907125,1.0,1.0,1.0,1.0,1.0,0.9450228,1.0,1.0,1.0,1.0,1.0,1.0,1.0,1.0,1.0,1.0,1.0,1.0,0.9910171,1.0,1.0,1.0,1.0,1.0,1.0,1.0,0.99995613,1.0,1.0,1.0,1.0,1.0,1.0,1.0,1.0,1.0,1.0,1.0,1.0,0.9869788,1.0,1.0,1.0,1.0,1.0,1.0,1.0,1.0,1.0,1.0,1.0,1.0,1.0,1.0,1.0,0.99192286,1.0,1.0,1.0,1.0,0.999999,0.99999994,1.0,1.0,0.98761225,1.0,1.0,1.0,1.0,1.0,1.0,1.0,1.0,1.0,1.0,0.9746831,1.0,1.0,1.0,1.0,1.0,1.0,1.0,1.0,1.0,1.0,1.0,1.0,0.9521908,1.0,1.0,1.0,0.9959448,1.0,1.0,1.0,1.0,1.0,1.0,1.0,1.0,1.0,1.0,1.0,1.0,1.0,1.0,1.0,1.0,1.0,1.0,1.0,1.0,1.0,1.0,1.0,1.0,1.0,1.0,1.0,1.0,1.0,1.0,1.0,1.0,1.0,1.0,1.0,1.0,1.0,1.0,1.0,1.0,1.0,1.0,1.0,1.0,0.9828627,1.0,1.0,1.0,0.93813276,1.0,1.0,1.0,1.0,1.0,1.0,1.0,1.0,1.0,1.0,1.0,0.9994196,1.0,1.0,1.0,1.0,1.0,1.0,1.0,1.0,1.0,1.0,1.0,1.0,1.0,1.0,1.0,1.0,1.0,1.0,1.0,1.0,1.0,1.0,1.0,1.0,1.0,1.0,1.0,1.0,1.0,1.0,0.9937815,1.0,1.0,1.0,1.0,0.9842461,1.0,1.0,1.0
SUPV3L1_HepG2,1.0,1.0,1.0,1.0,1.0,1.0,1.0,1.0,1.0,1.0,1.0,1.0,0.99874306,1.0,1.0,1.0,1.0,1.0,1.0,1.0,1.0,1.0,1.0,1.0,0.99698275,1.0,1.0,1.0,1.0,0.9907125,1.0,1.0,1.0,1.0,1.0,0.9450227,1.0,1.0,1.0,1.0,1.0,1.0,1.0,1.0,1.0,1.0,1.0,1.0,0.99101704,1.0,1.0,1.0,1.0,1.0,1.0,1.0,0.99995613,1.0,1.0,1.0,1.0,1.0,1.0,1.0,1.0,1.0,1.0,1.0,1.0,0.9869789,1.0,1.0,1.0,1.0,1.0,1.0,1.0,1.0,1.0,1.0,1.0,1.0,1.0,1.0,1.0,0.9919228,1.0,1.0,1.0,1.0,0.999999,0.99999994,1.0,1.0,0.9876122,1.0,1.0,1.0,1.0,1.0,1.0,1.0,1.0,1.0,1.0,0.974683,1.0,1.0,1.0,1.0,1.0,1.0,1.0,1.0,1.0,1.0,1.0,1.0,0.9521907,1.0,1.0,1.0,0.99594486,1.0,1.0,1.0,1.0,1.0,1.0,1.0,1.0,1.0,1.0,1.0,1.0,1.0,1.0,1.0,1.0,1.0,1.0,1.0,1.0,1.0,1.0,1.0,1.0,1.0,1.0,1.0,1.0,1.0,1.0,1.0,1.0,1.0,1.0,1.0,1.0,1.0,1.0,1.0,1.0,1.0,1.0,1.0,1.0,0.9828628,1.0,1.0,1.0,0.9381329,1.0,1.0,1.0,1.0,1.0,1.0,1.0,1.0,1.0,1.0,1.0,0.9994196,1.0,1.0,1.0,1.0,1.0,1.0,1.0,1.0,1.0,1.0,1.0,1.0,1.0,1.0,1.0,1.0,1.0,1.0,1.0,1.0,1.0,1.0,1.0,1.0,1.0,1.0,1.0,1.0,1.0,1.0,0.9937815,1.0,1.0,1.0,1.0,0.98424613,1.0,1.0,1.0
SUPV3L1_K562,1.0,1.0,1.0,1.0,1.0,1.0,1.0,1.0,1.0,1.0,1.0,1.0,0.99874306,1.0,1.0,1.0,1.0,1.0,1.0,1.0,1.0,1.0,1.0,1.0,0.9969827,1.0,1.0,1.0,1.0,0.9907125,1.0,1.0,1.0,1.0,1.0,0.9450228,1.0,1.0,1.0,1.0,1.0,1.0,1.0,1.0,1.0,1.0,1.0,1.0,0.9910171,1.0,1.0,1.0,1.0,1.0,1.0,1.0,0.99995613,1.0,1.0,1.0,1.0,1.0,1.0,1.0,1.0,1.0,1.0,1.0,1.0,0.9869788,1.0,1.0,1.0,1.0,1.0,1.0,1.0,1.0,1.0,1.0,1.0,1.0,1.0,1.0,1.0,0.99192286,1.0,1.0,1.0,1.0,0.999999,0.99999994,1.0,1.0,0.98761225,1.0,1.0,1.0,1.0,1.0,1.0,1.0,1.0,1.0,1.0,0.9746831,1.0,1.0,1.0,1.0,1.0,1.0,1.0,1.0,1.0,1.0,1.0,1.0,0.9521908,1.0,1.0,1.0,0.9959448,1.0,1.0,1.0,1.0,1.0,1.0,1.0,1.0,1.0,1.0,1.0,1.0,1.0,1.0,1.0,1.0,1.0,1.0,1.0,1.0,1.0,1.0,1.0,1.0,1.0,1.0,1.0,1.0,1.0,1.0,1.0,1.0,1.0,1.0,1.0,1.0,1.0,1.0,1.0,1.0,1.0,1.0,1.0,1.0,0.9828627,1.0,1.0,1.0,0.93813276,1.0,1.0,1.0,1.0,1.0,1.0,1.0,1.0,1.0,1.0,1.0,0.9994196,1.0,1.0,1.0,1.0,1.0,1.0,1.0,1.0,1.0,1.0,1.0,1.0,1.0,1.0,1.0,1.0,1.0,1.0,1.0,1.0,1.0,1.0,1.0,1.0,1.0,1.0,1.0,1.0,1.0,1.0,0.9937815,1.0,1.0,1.0,1.0,0.9842461,1.0,1.0,1.0
TAF15_HepG2,1.0,1.0,1.0,1.0,1.0,1.0,1.0,1.0,1.0,1.0,1.0,1.0,0.998743,1.0,1.0,1.0,1.0,1.0,1.0,1.0,1.0,1.0,1.0,1.0,0.9969827,1.0,1.0,1.0,1.0,0.9907124,1.0,1.0,1.0,1.0,1.0,0.945023,1.0,1.0,1.0,1.0,1.0,1.0,1.0,1.0,1.0,1.0,1.0,1.0,0.99101716,1.0,1.0,1.0,1.0,1.0,1.0,1.0,0.99995613,1.0,1.0,1.0,1.0,1.0,1.0,1.0,1.0,1.0,1.0,1.0,1.0,0.9869787,1.0,1.0,1.0,1.0,1.0,1.0,1.0,1.0,1.0,1.0,1.0,1.0,1.0,1.0,1.0,0.9919229,1.0,1.0,1.0,1.0,0.999999,0.99999994,1.0,1.0,0.9876123,1.0,1.0,1.0,1.0,1.0,1.0,1.0,1.0,1.0,1.0,0.97468317,1.0,1.0,1.0,1.0,1.0,1.0,1.0,1.0,1.0,1.0,1.0,1.0,0.952191,1.0,1.0,1.0,0.9959448,1.0,1.0,1.0,1.0,1.0,1.0,1.0,1.0,1.0,1.0,1.0,1.0,1.0,1.0,1.0,1.0,1.0,1.0,1.0,1.0,1.0,1.0,1.0,1.0,1.0,1.0,1.0,1.0,1.0,1.0,1.0,1.0,1.0,1.0,1.0,1.0,1.0,1.0,1.0,1.0,1.0,1.0,1.0,1.0,0.98286265,1.0,1.0,1.0,0.9381326,1.0,1.0,1.0,1.0,1.0,1.0,1.0,1.0,1.0,1.0,1.0,0.9994196,1.0,1.0,1.0,1.0,1.0,1.0,1.0,1.0,1.0,1.0,1.0,1.0,1.0,1.0,1.0,1.0,1.0,1.0,1.0,1.0,1.0,1.0,1.0,1.0,1.0,1.0,1.0,1.0,1.0,1.0,0.99378145,1.0,1.0,1.0,1.0,0.984246,1.0,1.0,1.0
TAF15_K562,1.0,1.0,1.0,1.0,1.0,1.0,1.0,1.0,1.0,1.0,1.0,1.0,0.99874306,1.0,1.0,1.0,1.0,1.0,1.0,1.0,1.0,1.0,1.0,1.0,0.99698275,1.0,1.0,1.0,1.0,0.9907126,1.0,1.0,1.0,1.0,1.0,0.9450227,1.0,1.0,1.0,1.0,1.0,1.0,1.0,1.0,1.0,1.0,1.0,1.0,0.99101704,1.0,1.0,1.0,1.0,1.0,1.0,1.0,0.99995613,1.0,1.0,1.0,1.0,1.0,1.0,1.0,1.0,1.0,1.0,1.0,1.0,0.9869789,1.0,1.0,1.0,1.0,1.0,1.0,1.0,1.0,1.0,1.0,1.0,1.0,1.0,1.0,1.0,0.9919228,1.0,1.0,1.0,1.0,0.999999,0.99999994,1.0,1.0,0.9876122,1.0,1.0,1.0,1.0,1.0,1.0,1.0,1.0,1.0,1.0,0.974683,1.0,1.0,1.0,1.0,1.0,1.0,1.0,1.0,1.0,1.0,1.0,1.0,0.9521907,1.0,1.0,1.0,0.99594486,1.0,1.0,1.0,1.0,1.0,1.0,1.0,1.0,1.0,1.0,1.0,1.0,1.0,1.0,1.0,1.0,1.0,1.0,1.0,1.0,1.0,1.0,1.0,1.0,1.0,1.0,1.0,1.0,1.0,1.0,1.0,1.0,1.0,1.0,1.0,1.0,1.0,1.0,1.0,1.0,1.0,1.0,1.0,1.0,0.9828628,1.0,1.0,1.0,0.9381329,1.0,1.0,1.0,1.0,1.0,1.0,1.0,1.0,1.0,1.0,1.0,0.9994196,1.0,1.0,1.0,1.0,1.0,1.0,1.0,1.0,1.0,1.0,1.0,1.0,1.0,1.0,1.0,1.0,1.0,1.0,1.0,1.0,1.0,1.0,1.0,1.0,1.0,1.0,1.0,1.0,1.0,1.0,0.9937815,1.0,1.0,1.0,1.0,0.98424613,1.0,1.0,1.0
TARDBP_K562,0.9994196,0.9994196,0.9994196,0.9994196,0.9994196,0.9994196,0.9994196,0.9994196,0.9994196,0.9994196,0.9994196,0.9994196,0.99987084,0.9994196,0.9994196,0.9994196,0.9994196,0.9994196,0.9994196,0.9994197,0.9994196,0.9994196,0.9994196,0.9994196,0.9990483,0.9994196,0.9994196,0.9994196,0.9994196,0.9947694,0.9994196,0.9994196,0.9994196,0.9994196,0.9994197,0.9333351,0.9994196,0.9994196,0.9994196,0.9994196,0.9994196,0.9994196,0.9994196,0.9994196,0.9994196,0.9994196,0.9994196,0.99941957,0.9858863,0.9994196,0.9994196,0.9994196,0.9994196,0.9994196,0.9994196,0.9994196,0.99905676,0.99941957,0.9994196,0.9994196,0.9994196,0.9994196,0.9994196,0.9994196,0.9994209,0.9994196,0.9994196,0.9994196,0.9994196,0.9918853,0.99941933,0.9994196,0.9994196,0.99941957,0.9994196,0.9994196,0.9994196,0.9994196,0.9994196,0.9994196,0.9994196,0.9994196,0.9994196,0.9994196,0.9994196,0.98702633,0.9994196,0.9994196,0.9994196,0.9994197,0.9993696,0.99943066,0.9994196,0.9994196,0.98169386,0.9994196,0.9994196,0.99941957,0.9994196,0.9994196,0.9994196,0.9994196,0.99941975,0.99941814,0.99941957,0.9665009,0.9994196,0.9994196,0.9994196,0.9994196,0.9994196,0.9994196,0.9994196,0.9994197,0.9994196,0.9994196,0.9994196,0.9994196,0.94123137,0.9994196,0.9994196,0.9994196,0.99843144,0.9994196,0.9994196,0.9994196,0.9994196,0.9994196,0.9994203,0.9994196,0.9994196,0.9994196,0.9994196,0.9994196,0.9994196,0.9994196,0.9994196,0.9994196,0.9994196,0.9994196,0.99941957,0.9994196,0.9994196,0.9994196,0.9994196,0.9994196,0.9994196,0.9994196,0.9994196,0.9994196,0.9994196,0.9994196,0.9994196,0.9994196,0.9994197,0.9994196,0.9994196,0.9994196,0.9994196,0.9994196,0.9994196,0.9994196,0.9994196,0.9994196,0.9994197,0.9994196,0.9994196,0.9885717,0.9994196,0.99942017,0.9994196,0.949384,0.9994196,0.99941945,0.9994196,0.9994196,0.9994196,0.9994196,0.9994196,0.9994196,0.9994196,0.9994196,0.9994196,1.0,0.9994196,0.9994196,0.9994196,0.9994196,0.9994196,0.9994195,0.9994196,0.9994196,0.9994196,0.9994196,0.9994196,0.9994196,0.9994196,0.9994196,0.9994195,0.9994196,0.99941957,0.9994196,0.9994196,0.9994196,0.9994196,0.9994196,0.9994196,0.9994196,0.9994196,0.9994196,0.9994196,0.9994196,0.9994196,0.99941957,0.9969977,0.9994196,0.9994196,0.9994196,0.99941957,0.9896976,0.9994196,0.9994196,0.9994196
TBRG4_HepG2,1.0,1.0,1.0,1.0,1.0,1.0,1.0,1.0,1.0,1.0,1.0,1.0,0.99874306,1.0,1.0,1.0,1.0,1.0,1.0,1.0,1.0,1.0,1.0,1.0,0.9969827,1.0,1.0,1.0,1.0,0.9907125,1.0,1.0,1.0,1.0,1.0,0.9450228,1.0,1.0,1.0,1.0,1.0,1.0,1.0,1.0,1.0,1.0,1.0,1.0,0.9910171,1.0,1.0,1.0,1.0,1.0,1.0,1.0,0.99995613,1.0,1.0,1.0,1.0,1.0,1.0,1.0,1.0,1.0,1.0,1.0,1.0,0.9869788,1.0,1.0,1.0,1.0,1.0,1.0,1.0,1.0,1.0,1.0,1.0,1.0,1.0,1.0,1.0,0.99192286,1.0,1.0,1.0,1.0,0.999999,0.99999994,1.0,1.0,0.98761225,1.0,1.0,1.0,1.0,1.0,1.0,1.0,1.0,1.0,1.0,0.9746831,1.0,1.0,1.0,1.0,1.0,1.0,1.0,1.0,1.0,1.0,1.0,1.0,0.9521908,1.0,1.0,1.0,0.9959448,1.0,1.0,1.0,1.0,1.0,1.0,1.0,1.0,1.0,1.0,1.0,1.0,1.0,1.0,1.0,1.0,1.0,1.0,1.0,1.0,1.0,1.0,1.0,1.0,1.0,1.0,1.0,1.0,1.0,1.0,1.0,1.0,1.0,1.0,1.0,1.0,1.0,1.0,1.0,1.0,1.0,1.0,1.0,1.0,0.9828627,1.0,1.0,1.0,0.93813276,1.0,1.0,1.0,1.0,1.0,1.0,1.0,1.0,1.0,1.0,1.0,0.9994196,1.0,1.0,1.0,1.0,1.0,1.0,1.0,1.0,1.0,1.0,1.0,1.0,1.0,1.0,1.0,1.0,1.0,1.0,1.0,1.0,1.0,1.0,1.0,1.0,1.0,1.0,1.0,1.0,1.0,1.0,0.9937815,1.0,1.0,1.0,1.0,0.9842461,1.0,1.0,1.0
TBRG4_K562,1.0,1.0,1.0,1.0,1.0,1.0,1.0,1.0,1.0,1.0,1.0,1.0,0.99874306,1.0,1.0,1.0,1.0,1.0,1.0,1.0,1.0,1.0,1.0,1.0,0.99698275,1.0,1.0,1.0,1.0,0.9907125,1.0,1.0,1.0,1.0,1.0,0.9450227,1.0,1.0,1.0,1.0,1.0,1.0,1.0,1.0,1.0,1.0,1.0,1.0,0.99101704,1.0,1.0,1.0,1.0,1.0,1.0,1.0,0.99995613,1.0,1.0,1.0,1.0,1.0,1.0,1.0,1.0,1.0,1.0,1.0,1.0,0.9869789,1.0,1.0,1.0,1.0,1.0,1.0,1.0,1.0,1.0,1.0,1.0,1.0,1.0,1.0,1.0,0.9919228,1.0,1.0,1.0,1.0,0.999999,0.99999994,1.0,1.0,0.9876122,1.0,1.0,1.0,1.0,1.0,1.0,1.0,1.0,1.0,1.0,0.974683,1.0,1.0,1.0,1.0,1.0,1.0,1.0,1.0,1.0,1.0,1.0,1.0,0.9521907,1.0,1.0,1.0,0.99594486,1.0,1.0,1.0,1.0,1.0,1.0,1.0,1.0,1.0,1.0,1.0,1.0,1.0,1.0,1.0,1.0,1.0,1.0,1.0,1.0,1.0,1.0,1.0,1.0,1.0,1.0,1.0,1.0,1.0,1.0,1.0,1.0,1.0,1.0,1.0,1.0,1.0,1.0,1.0,1.0,1.0,1.0,1.0,1.0,0.9828628,1.0,1.0,1.0,0.9381329,1.0,1.0,1.0,1.0,1.0,1.0,1.0,1.0,1.0,1.0,1.0,0.9994196,1.0,1.0,1.0,1.0,1.0,1.0,1.0,1.0,1.0,1.0,1.0,1.0,1.0,1.0,1.0,1.0,1.0,1.0,1.0,1.0,1.0,1.0,1.0,1.0,1.0,1.0,1.0,1.0,1.0,1.0,0.9937815,1.0,1.0,1.0,1.0,0.98424613,1.0,1.0,1.0
TIA1_HepG2,1.0,1.0,1.0,1.0,1.0,1.0,1.0,1.0,1.0,1.0,1.0,1.0,0.99874306,1.0,1.0,1.0,1.0,1.0,1.0,1.0,1.0,1.0,1.0,1.0,0.9969827,1.0,1.0,1.0,1.0,0.99071246,1.0,1.0,1.0,1.0,1.0,0.9450229,1.0,1.0,1.0,1.0,1.0,1.0,1.0,1.0,1.0,1.0,1.0,1.0,0.9910171,1.0,1.0,1.0,1.0,1.0,1.0,1.0,0.99995613,1.0,1.0,1.0,1.0,1.0,1.0,1.0,1.0,1.0,1.0,1.0,1.0,0.9869788,1.0,1.0,1.0,1.0,1.0,1.0,1.0,1.0,1.0,1.0,1.0,1.0,1.0,1.0,1.0,0.99192286,1.0,1.0,1.0,1.0,0.999999,0.99999994,1.0,1.0,0.98761225,1.0,1.0,1.0,1.0,1.0,1.0,1.0,1.0,1.0,1.0,0.9746831,1.0,1.0,1.0,1.0,1.0,1.0,1.0,1.0,1.0,1.0,1.0,1.0,0.9521909,1.0,1.0,1.0,0.9959448,1.0,1.0,1.0,1.0,1.0,1.0,1.0,1.0,1.0,1.0,1.0,1.0,1.0,1.0,1.0,1.0,1.0,1.0,1.0,1.0,1.0,1.0,1.0,1.0,1.0,1.0,1.0,1.0,1.0,1.0,1.0,1.0,1.0,1.0,1.0,1.0,1.0,1.0,1.0,1.0,1.0,1.0,1.0,1.0,0.9828627,1.0,1.0,1.0,0.9381327,1.0,1.0,1.0,1.0,1.0,1.0,1.0,1.0,1.0,1.0,1.0,0.9994196,1.0,1.0,1.0,1.0,1.0,1.0,1.0,1.0,1.0,1.0,1.0,1.0,1.0,1.0,1.0,1.0,1.0,1.0,1.0,1.0,1.0,1.0,1.0,1.0,1.0,1.0,1.0,1.0,1.0,1.0,0.9937815,1.0,1.0,1.0,1.0,0.9842461,1.0,1.0,1.0
TIA1_K562,1.0,1.0,1.0,1.0,1.0,1.0,1.0,1.0,1.0,1.0,1.0,1.0,0.99874306,1.0,1.0,1.0,1.0,1.0,1.0,1.0,1.0,1.0,1.0,1.0,0.99698275,1.0,1.0,1.0,1.0,0.9907125,1.0,1.0,1.0,1.0,1.0,0.94502276,1.0,1.0,1.0,1.0,1.0,1.0,1.0,1.0,1.0,1.0,1.0,1.0,0.99101704,1.0,1.0,1.0,1.0,1.0,1.0,1.0,0.99995613,1.0,1.0,1.0,1.0,1.0,1.0,1.0,1.0,1.0,1.0,1.0,1.0,0.9869788,1.0,1.0,1.0,1.0,1.0,1.0,1.0,1.0,1.0,1.0,1.0,1.0,1.0,1.0,1.0,0.9919228,1.0,1.0,1.0,1.0,0.999999,0.99999994,1.0,1.0,0.9876122,1.0,1.0,1.0,1.0,1.0,1.0,1.0,1.0,1.0,1.0,0.97468305,1.0,1.0,1.0,1.0,1.0,1.0,1.0,1.0,1.0,1.0,1.0,1.0,0.95219076,1.0,1.0,1.0,0.99594486,1.0,1.0,1.0,1.0,1.0,1.0,1.0,1.0,1.0,1.0,1.0,1.0,1.0,1.0,1.0,1.0,1.0,1.0,1.0,1.0,1.0,1.0,1.0,1.0,1.0,1.0,1.0,1.0,1.0,1.0,1.0,1.0,1.0,1.0,1.0,1.0,1.0,1.0,1.0,1.0,1.0,1.0,1.0,1.0,0.9828628,1.0,1.0,1.0,0.9381328,1.0,1.0,1.0,1.0,1.0,1.0,1.0,1.0,1.0,1.0,1.0,0.9994196,1.0,1.0,1.0,1.0,1.0,1.0,1.0,1.0,1.0,1.0,1.0,1.0,1.0,1.0,1.0,1.0,1.0,1.0,1.0,1.0,1.0,1.0,1.0,1.0,1.0,1.0,1.0,1.0,1.0,1.0,0.9937815,1.0,1.0,1.0,1.0,0.98424613,1.0,1.0,1.0
TIAL1_HepG2,1.0,1.0,1.0,1.0,1.0,1.0,1.0,1.0,1.0,1.0,1.0,1.0,0.99874306,1.0,1.0,1.0,1.0,1.0,1.0,1.0,1.0,1.0,1.0,1.0,0.99698275,1.0,1.0,1.0,1.0,0.9907126,1.0,1.0,1.0,1.0,1.0,0.9450227,1.0,1.0,1.0,1.0,1.0,1.0,1.0,1.0,1.0,1.0,1.0,1.0,0.99101704,1.0,1.0,1.0,1.0,1.0,1.0,1.0,0.99995613,1.0,1.0,1.0,1.0,1.0,1.0,1.0,1.0,1.0,1.0,1.0,1.0,0.9869789,1.0,1.0,1.0,1.0,1.0,1.0,1.0,1.0,1.0,1.0,1.0,1.0,1.0,1.0,1.0,0.9919228,1.0,1.0,1.0,1.0,0.999999,0.99999994,1.0,1.0,0.9876122,1.0,1.0,1.0,1.0,1.0,1.0,1.0,1.0,1.0,1.0,0.974683,1.0,1.0,1.0,1.0,1.0,1.0,1.0,1.0,1.0,1.0,1.0,1.0,0.9521907,1.0,1.0,1.0,0.99594486,1.0,1.0,1.0,1.0,1.0,1.0,1.0,1.0,1.0,1.0,1.0,1.0,1.0,1.0,1.0,1.0,1.0,1.0,1.0,1.0,1.0,1.0,1.0,1.0,1.0,1.0,1.0,1.0,1.0,1.0,1.0,1.0,1.0,1.0,1.0,1.0,1.0,1.0,1.0,1.0,1.0,1.0,1.0,1.0,0.9828628,1.0,1.0,1.0,0.9381329,1.0,1.0,1.0,1.0,1.0,1.0,1.0,1.0,1.0,1.0,1.0,0.9994196,1.0,1.0,1.0,1.0,1.0,1.0,1.0,1.0,1.0,1.0,1.0,1.0,1.0,1.0,1.0,1.0,1.0,1.0,1.0,1.0,1.0,1.0,1.0,1.0,1.0,1.0,1.0,1.0,1.0,1.0,0.9937815,1.0,1.0,1.0,1.0,0.98424613,1.0,1.0,1.0
TRA2A_HepG2,1.0,1.0,1.0,1.0,1.0,1.0,1.0,1.0,1.0,1.0,1.0,1.0,0.9987429,1.0,1.0,1.0,1.0,1.0,1.0,1.0,1.0,1.0,1.0,1.0,0.99698246,1.0,1.0,1.0,1.0,0.99071205,1.0,1.0,1.0,1.0,1.0,0.94502395,1.0,1.0,1.0,1.0,1.0,1.0,1.0,1.0,1.0,1.0,1.0,1.0,0.9910175,1.0,1.0,1.0,1.0,1.0,1.0,1.0,0.9999562,1.0,1.0,1.0,1.0,1.0,1.0,1.0,1.0,1.0,1.0,1.0,1.0,0.9869783,1.0,1.0,1.0,1.0,1.0,1.0,1.0,1.0,1.0,1.0,1.0,1.0,1.0,1.0,1.0,0.9919233,1.0,1.0,1.0,1.0,0.999999,0.99999994,1.0,1.0,0.9876128,1.0,1.0,1.0,1.0,1.0,1.0,1.0,1.0,1.0,1.0,0.9746838,1.0,1.0,1.0,1.0,1.0,1.0,1.0,1.0,1.0,1.0,1.0,1.0,0.9521918,1.0,1.0,1.0,0.9959445,1.0,1.0,1.0,1.0,1.0,1.0,1.0,1.0,1.0,1.0,1.0,1.0,1.0,1.0,1.0,1.0,1.0,1.0,1.0,1.0,1.0,1.0,1.0,1.0,1.0,1.0,1.0,1.0,1.0,1.0,1.0,1.0,1.0,1.0,1.0,1.0,1.0,1.0,1.0,1.0,1.0,1.0,1.0,1.0,0.9828621,1.0,1.0,1.0,0.9381316,1.0,1.0,1.0,1.0,1.0,1.0,1.0,1.0,1.0,1.0,1.0,0.9994195,1.0,1.0,1.0,1.0,1.0,1.0,1.0,1.0,1.0,1.0,1.0,1.0,1.0,1.0,1.0,1.0,1.0,1.0,1.0,1.0,1.0,1.0,1.0,1.0,1.0,1.0,1.0,1.0,1.0,1.0,0.9937811,1.0,1.0,1.0,1.0,0.9842455,1.0,1.0,1.0
TRA2A_K562,1.0,1.0,1.0,1.0,1.0,1.0,1.0,1.0,1.0,1.0,1.0,1.0,0.998743,1.0,1.0,1.0,1.0,1.0,1.0,1.0,1.0,1.0,1.0,1.0,0.9969827,1.0,1.0,1.0,1.0,0.99071246,1.0,1.0,1.0,1.0,1.0,0.94502294,1.0,1.0,1.0,1.0,1.0,1.0,1.0,1.0,1.0,1.0,1.0,1.0,0.9910171,1.0,1.0,1.0,1.0,1.0,1.0,1.0,0.99995613,1.0,1.0,1.0,1.0,1.0,1.0,1.0,1.0,1.0,1.0,1.0,1.0,0.98697877,1.0,1.0,1.0,1.0,1.0,1.0,1.0,1.0,1.0,1.0,1.0,1.0,1.0,1.0,1.0,0.9919229,1.0,1.0,1.0,1.0,0.999999,0.99999994,1.0,1.0,0.9876123,1.0,1.0,1.0,1.0,1.0,1.0,1.0,1.0,1.0,1.0,0.97468317,1.0,1.0,1.0,1.0,1.0,1.0,1.0,1.0,1.0,1.0,1.0,1.0,0.95219094,1.0,1.0,1.0,0.9959448,1.0,1.0,1.0,1.0,1.0,1.0,1.0,1.0,1.0,1.0,1.0,1.0,1.0,1.0,1.0,1.0,1.0,1.0,1.0,1.0,1.0,1.0,1.0,1.0,1.0,1.0,1.0,1.0,1.0,1.0,1.0,1.0,1.0,1.0,1.0,1.0,1.0,1.0,1.0,1.0,1.0,1.0,1.0,1.0,0.98286265,1.0,1.0,1.0,0.93813264,1.0,1.0,1.0,1.0,1.0,1.0,1.0,1.0,1.0,1.0,1.0,0.9994196,1.0,1.0,1.0,1.0,1.0,1.0,1.0,1.0,1.0,1.0,1.0,1.0,1.0,1.0,1.0,1.0,1.0,1.0,1.0,1.0,1.0,1.0,1.0,1.0,1.0,1.0,1.0,1.0,1.0,1.0,0.99378145,1.0,1.0,1.0,1.0,0.984246,1.0,1.0,1.0
TROVE2_HepG2,1.0,1.0,1.0,1.0,1.0,1.0,1.0,1.0,1.0,1.0,1.0,1.0,0.99874306,1.0,1.0,1.0,1.0,1.0,1.0,1.0,1.0,1.0,1.0,1.0,0.9969827,1.0,1.0,1.0,1.0,0.9907125,1.0,1.0,1.0,1.0,1.0,0.9450228,1.0,1.0,1.0,1.0,1.0,1.0,1.0,1.0,1.0,1.0,1.0,1.0,0.9910171,1.0,1.0,1.0,1.0,1.0,1.0,1.0,0.99995613,1.0,1.0,1.0,1.0,1.0,1.0,1.0,1.0,1.0,1.0,1.0,1.0,0.9869788,1.0,1.0,1.0,1.0,1.0,1.0,1.0,1.0,1.0,1.0,1.0,1.0,1.0,1.0,1.0,0.99192286,1.0,1.0,1.0,1.0,0.999999,0.99999994,1.0,1.0,0.98761225,1.0,1.0,1.0,1.0,1.0,1.0,1.0,1.0,1.0,1.0,0.9746831,1.0,1.0,1.0,1.0,1.0,1.0,1.0,1.0,1.0,1.0,1.0,1.0,0.9521908,1.0,1.0,1.0,0.9959448,1.0,1.0,1.0,1.0,1.0,1.0,1.0,1.0,1.0,1.0,1.0,1.0,1.0,1.0,1.0,1.0,1.0,1.0,1.0,1.0,1.0,1.0,1.0,1.0,1.0,1.0,1.0,1.0,1.0,1.0,1.0,1.0,1.0,1.0,1.0,1.0,1.0,1.0,1.0,1.0,1.0,1.0,1.0,1.0,0.9828627,1.0,1.0,1.0,0.93813276,1.0,1.0,1.0,1.0,1.0,1.0,1.0,1.0,1.0,1.0,1.0,0.9994196,1.0,1.0,1.0,1.0,1.0,1.0,1.0,1.0,1.0,1.0,1.0,1.0,1.0,1.0,1.0,1.0,1.0,1.0,1.0,1.0,1.0,1.0,1.0,1.0,1.0,1.0,1.0,1.0,1.0,1.0,0.9937815,1.0,1.0,1.0,1.0,0.9842461,1.0,1.0,1.0
TROVE2_K562,1.0,1.0,1.0,1.0,1.0,1.0,1.0,1.0,1.0,1.0,1.0,1.0,0.99874306,1.0,1.0,1.0,1.0,1.0,1.0,1.0,1.0,1.0,1.0,1.0,0.9969827,1.0,1.0,1.0,1.0,0.9907125,1.0,1.0,1.0,1.0,1.0,0.9450228,1.0,1.0,1.0,1.0,1.0,1.0,1.0,1.0,1.0,1.0,1.0,1.0,0.99101704,1.0,1.0,1.0,1.0,1.0,1.0,1.0,0.99995613,1.0,1.0,1.0,1.0,1.0,1.0,1.0,1.0,1.0,1.0,1.0,1.0,0.9869788,1.0,1.0,1.0,1.0,1.0,1.0,1.0,1.0,1.0,1.0,1.0,1.0,1.0,1.0,1.0,0.99192286,1.0,1.0,1.0,1.0,0.999999,0.99999994,1.0,1.0,0.98761225,1.0,1.0,1.0,1.0,1.0,1.0,1.0,1.0,1.0,1.0,0.97468305,1.0,1.0,1.0,1.0,1.0,1.0,1.0,1.0,1.0,1.0,1.0,1.0,0.9521908,1.0,1.0,1.0,0.99594486,1.0,1.0,1.0,1.0,1.0,1.0,1.0,1.0,1.0,1.0,1.0,1.0,1.0,1.0,1.0,1.0,1.0,1.0,1.0,1.0,1.0,1.0,1.0,1.0,1.0,1.0,1.0,1.0,1.0,1.0,1.0,1.0,1.0,1.0,1.0,1.0,1.0,1.0,1.0,1.0,1.0,1.0,1.0,1.0,0.9828628,1.0,1.0,1.0,0.93813276,1.0,1.0,1.0,1.0,1.0,1.0,1.0,1.0,1.0,1.0,1.0,0.9994196,1.0,1.0,1.0,1.0,1.0,1.0,1.0,1.0,1.0,1.0,1.0,1.0,1.0,1.0,1.0,1.0,1.0,1.0,1.0,1.0,1.0,1.0,1.0,1.0,1.0,1.0,1.0,1.0,1.0,1.0,0.9937815,1.0,1.0,1.0,1.0,0.98424613,1.0,1.0,1.0
U2AF1_HepG2,1.0,1.0,1.0,1.0,1.0,1.0,1.0,1.0,1.0,1.0,1.0,1.0,0.99874306,1.0,1.0,1.0,1.0,1.0,1.0,1.0,1.0,1.0,1.0,1.0,0.9969827,1.0,1.0,1.0,1.0,0.9907125,1.0,1.0,1.0,1.0,1.0,0.9450228,1.0,1.0,1.0,1.0,1.0,1.0,1.0,1.0,1.0,1.0,1.0,1.0,0.9910171,1.0,1.0,1.0,1.0,1.0,1.0,1.0,0.99995613,1.0,1.0,1.0,1.0,1.0,1.0,1.0,1.0,1.0,1.0,1.0,1.0,0.9869788,1.0,1.0,1.0,1.0,1.0,1.0,1.0,1.0,1.0,1.0,1.0,1.0,1.0,1.0,1.0,0.99192286,1.0,1.0,1.0,1.0,0.999999,0.99999994,1.0,1.0,0.98761225,1.0,1.0,1.0,1.0,1.0,1.0,1.0,1.0,1.0,1.0,0.97468305,1.0,1.0,1.0,1.0,1.0,1.0,1.0,1.0,1.0,1.0,1.0,1.0,0.9521908,1.0,1.0,1.0,0.99594486,1.0,1.0,1.0,1.0,1.0,1.0,1.0,1.0,1.0,1.0,1.0,1.0,1.0,1.0,1.0,1.0,1.0,1.0,1.0,1.0,1.0,1.0,1.0,1.0,1.0,1.0,1.0,1.0,1.0,1.0,1.0,1.0,1.0,1.0,1.0,1.0,1.0,1.0,1.0,1.0,1.0,1.0,1.0,1.0,0.9828627,1.0,1.0,1.0,0.93813276,1.0,1.0,1.0,1.0,1.0,1.0,1.0,1.0,1.0,1.0,1.0,0.9994196,1.0,1.0,1.0,1.0,1.0,1.0,1.0,1.0,1.0,1.0,1.0,1.0,1.0,1.0,1.0,1.0,1.0,1.0,1.0,1.0,1.0,1.0,1.0,1.0,1.0,1.0,1.0,1.0,1.0,1.0,0.9937815,1.0,1.0,1.0,1.0,0.9842461,1.0,1.0,1.0
U2AF1_K562,1.0,1.0,1.0,1.0,1.0,1.0,1.0,1.0,1.0,1.0,1.0,1.0,0.99874306,1.0,1.0,1.0,1.0,1.0,1.0,1.0,1.0,1.0,1.0,1.0,0.99698275,1.0,1.0,1.0,1.0,0.9907125,1.0,1.0,1.0,1.0,1.0,0.94502276,1.0,1.0,1.0,1.0,1.0,1.0,1.0,1.0,1.0,1.0,1.0,1.0,0.99101704,1.0,1.0,1.0,1.0,1.0,1.0,1.0,0.99995613,1.0,1.0,1.0,1.0,1.0,1.0,1.0,1.0,1.0,1.0,1.0,1.0,0.9869789,1.0,1.0,1.0,1.0,1.0,1.0,1.0,1.0,1.0,1.0,1.0,1.0,1.0,1.0,1.0,0.9919228,1.0,1.0,1.0,1.0,0.999999,0.99999994,1.0,1.0,0.9876122,1.0,1.0,1.0,1.0,1.0,1.0,1.0,1.0,1.0,1.0,0.974683,1.0,1.0,1.0,1.0,1.0,1.0,1.0,1.0,1.0,1.0,1.0,1.0,0.95219076,1.0,1.0,1.0,0.99594486,1.0,1.0,1.0,1.0,1.0,1.0,1.0,1.0,1.0,1.0,1.0,1.0,1.0,1.0,1.0,1.0,1.0,1.0,1.0,1.0,1.0,1.0,1.0,1.0,1.0,1.0,1.0,1.0,1.0,1.0,1.0,1.0,1.0,1.0,1.0,1.0,1.0,1.0,1.0,1.0,1.0,1.0,1.0,1.0,0.9828628,1.0,1.0,1.0,0.9381328,1.0,1.0,1.0,1.0,1.0,1.0,1.0,1.0,1.0,1.0,1.0,0.9994196,1.0,1.0,1.0,1.0,1.0,1.0,1.0,1.0,1.0,1.0,1.0,1.0,1.0,1.0,1.0,1.0,1.0,1.0,1.0,1.0,1.0,1.0,1.0,1.0,1.0,1.0,1.0,1.0,1.0,1.0,0.9937815,1.0,1.0,1.0,1.0,0.98424613,1.0,1.0,1.0
U2AF2_HepG2,1.0,1.0,1.0,1.0,1.0,1.0,1.0,1.0,1.0,1.0,1.0,1.0,0.99874306,1.0,1.0,1.0,1.0,1.0,1.0,1.0,1.0,1.0,1.0,1.0,0.9969827,1.0,1.0,1.0,1.0,0.9907125,1.0,1.0,1.0,1.0,1.0,0.94502276,1.0,1.0,1.0,1.0,1.0,1.0,1.0,1.0,1.0,1.0,1.0,1.0,0.99101704,1.0,1.0,1.0,1.0,1.0,1.0,1.0,0.99995613,1.0,1.0,1.0,1.0,1.0,1.0,1.0,1.0,1.0,1.0,1.0,1.0,0.9869788,1.0,1.0,1.0,1.0,1.0,1.0,1.0,1.0,1.0,1.0,1.0,1.0,1.0,1.0,1.0,0.99192286,1.0,1.0,1.0,1.0,0.999999,0.99999994,1.0,1.0,0.98761225,1.0,1.0,1.0,1.0,1.0,1.0,1.0,1.0,1.0,1.0,0.97468305,1.0,1.0,1.0,1.0,1.0,1.0,1.0,1.0,1.0,1.0,1.0,1.0,0.95219076,1.0,1.0,1.0,0.99594486,1.0,1.0,1.0,1.0,1.0,1.0,1.0,1.0,1.0,1.0,1.0,1.0,1.0,1.0,1.0,1.0,1.0,1.0,1.0,1.0,1.0,1.0,1.0,1.0,1.0,1.0,1.0,1.0,1.0,1.0,1.0,1.0,1.0,1.0,1.0,1.0,1.0,1.0,1.0,1.0,1.0,1.0,1.0,1.0,0.9828628,1.0,1.0,1.0,0.9381328,1.0,1.0,1.0,1.0,1.0,1.0,1.0,1.0,1.0,1.0,1.0,0.9994196,1.0,1.0,1.0,1.0,1.0,1.0,1.0,1.0,1.0,1.0,1.0,1.0,1.0,1.0,1.0,1.0,1.0,1.0,1.0,1.0,1.0,1.0,1.0,1.0,1.0,1.0,1.0,1.0,1.0,1.0,0.9937815,1.0,1.0,1.0,1.0,0.98424613,1.0,1.0,1.0
U2AF2_K562,1.0,1.0,1.0,1.0,1.0,1.0,1.0,1.0,1.0,1.0,1.0,1.0,0.998743,1.0,1.0,1.0,1.0,1.0,1.0,1.0,1.0,1.0,1.0,1.0,0.9969827,1.0,1.0,1.0,1.0,0.99071246,1.0,1.0,1.0,1.0,1.0,0.9450229,1.0,1.0,1.0,1.0,1.0,1.0,1.0,1.0,1.0,1.0,1.0,1.0,0.9910171,1.0,1.0,1.0,1.0,1.0,1.0,1.0,0.99995613,1.0,1.0,1.0,1.0,1.0,1.0,1.0,1.0,1.0,1.0,1.0,1.0,0.98697877,1.0,1.0,1.0,1.0,1.0,1.0,1.0,1.0,1.0,1.0,1.0,1.0,1.0,1.0,1.0,0.99192286,1.0,1.0,1.0,1.0,0.999999,0.99999994,1.0,1.0,0.9876123,1.0,1.0,1.0,1.0,1.0,1.0,1.0,1.0,1.0,1.0,0.9746831,1.0,1.0,1.0,1.0,1.0,1.0,1.0,1.0,1.0,1.0,1.0,1.0,0.9521909,1.0,1.0,1.0,0.9959448,1.0,1.0,1.0,1.0,1.0,1.0,1.0,1.0,1.0,1.0,1.0,1.0,1.0,1.0,1.0,1.0,1.0,1.0,1.0,1.0,1.0,1.0,1.0,1.0,1.0,1.0,1.0,1.0,1.0,1.0,1.0,1.0,1.0,1.0,1.0,1.0,1.0,1.0,1.0,1.0,1.0,1.0,1.0,1.0,0.9828627,1.0,1.0,1.0,0.9381327,1.0,1.0,1.0,1.0,1.0,1.0,1.0,1.0,1.0,1.0,1.0,0.9994196,1.0,1.0,1.0,1.0,1.0,1.0,1.0,1.0,1.0,1.0,1.0,1.0,1.0,1.0,1.0,1.0,1.0,1.0,1.0,1.0,1.0,1.0,1.0,1.0,1.0,1.0,1.0,1.0,1.0,1.0,0.99378145,1.0,1.0,1.0,1.0,0.9842461,1.0,1.0,1.0
UCHL5_HepG2,1.0,1.0,1.0,1.0,1.0,1.0,1.0,1.0,1.0,1.0,1.0,1.0,0.99874306,1.0,1.0,1.0,1.0,1.0,1.0,1.0,1.0,1.0,1.0,1.0,0.9969827,1.0,1.0,1.0,1.0,0.9907125,1.0,1.0,1.0,1.0,1.0,0.9450228,1.0,1.0,1.0,1.0,1.0,1.0,1.0,1.0,1.0,1.0,1.0,1.0,0.9910171,1.0,1.0,1.0,1.0,1.0,1.0,1.0,0.99995613,1.0,1.0,1.0,1.0,1.0,1.0,1.0,1.0,1.0,1.0,1.0,1.0,0.9869788,1.0,1.0,1.0,1.0,1.0,1.0,1.0,1.0,1.0,1.0,1.0,1.0,1.0,1.0,1.0,0.99192286,1.0,1.0,1.0,1.0,0.999999,0.99999994,1.0,1.0,0.98761225,1.0,1.0,1.0,1.0,1.0,1.0,1.0,1.0,1.0,1.0,0.97468305,1.0,1.0,1.0,1.0,1.0,1.0,1.0,1.0,1.0,1.0,1.0,1.0,0.9521908,1.0,1.0,1.0,0.99594486,1.0,1.0,1.0,1.0,1.0,1.0,1.0,1.0,1.0,1.0,1.0,1.0,1.0,1.0,1.0,1.0,1.0,1.0,1.0,1.0,1.0,1.0,1.0,1.0,1.0,1.0,1.0,1.0,1.0,1.0,1.0,1.0,1.0,1.0,1.0,1.0,1.0,1.0,1.0,1.0,1.0,1.0,1.0,1.0,0.9828627,1.0,1.0,1.0,0.93813276,1.0,1.0,1.0,1.0,1.0,1.0,1.0,1.0,1.0,1.0,1.0,0.9994196,1.0,1.0,1.0,1.0,1.0,1.0,1.0,1.0,1.0,1.0,1.0,1.0,1.0,1.0,1.0,1.0,1.0,1.0,1.0,1.0,1.0,1.0,1.0,1.0,1.0,1.0,1.0,1.0,1.0,1.0,0.9937815,1.0,1.0,1.0,1.0,0.9842461,1.0,1.0,1.0
UCHL5_K562,1.0,1.0,1.0,1.0,1.0,1.0,1.0,1.0,1.0,1.0,1.0,1.0,0.9987429,1.0,1.0,1.0,1.0,1.0,1.0,1.0,1.0,1.0,1.0,1.0,0.99698246,1.0,1.0,1.0,1.0,0.99071205,1.0,1.0,1.0,1.0,1.0,0.94502395,1.0,1.0,1.0,1.0,1.0,1.0,1.0,1.0,1.0,1.0,1.0,1.0,0.9910175,1.0,1.0,1.0,1.0,1.0,1.0,1.0,0.9999562,1.0,1.0,1.0,1.0,1.0,1.0,1.0,1.0,1.0,1.0,1.0,1.0,0.9869783,1.0,1.0,1.0,1.0,1.0,1.0,1.0,1.0,1.0,1.0,1.0,1.0,1.0,1.0,1.0,0.9919233,1.0,1.0,1.0,1.0,0.999999,0.99999994,1.0,1.0,0.9876128,1.0,1.0,1.0,1.0,1.0,1.0,1.0,1.0,1.0,1.0,0.9746838,1.0,1.0,1.0,1.0,1.0,1.0,1.0,1.0,1.0,1.0,1.0,1.0,0.9521919,1.0,1.0,1.0,0.9959445,1.0,1.0,1.0,1.0,1.0,1.0,1.0,1.0,1.0,1.0,1.0,1.0,1.0,1.0,1.0,1.0,1.0,1.0,1.0,1.0,1.0,1.0,1.0,1.0,1.0,1.0,1.0,1.0,1.0,1.0,1.0,1.0,1.0,1.0,1.0,1.0,1.0,1.0,1.0,1.0,1.0,1.0,1.0,1.0,0.9828621,1.0,1.0,1.0,0.9381316,1.0,1.0,1.0,1.0,1.0,1.0,1.0,1.0,1.0,1.0,1.0,0.9994195,1.0,1.0,1.0,1.0,1.0,1.0,1.0,1.0,1.0,1.0,1.0,1.0,1.0,1.0,1.0,1.0,1.0,1.0,1.0,1.0,1.0,1.0,1.0,1.0,1.0,1.0,1.0,1.0,1.0,1.0,0.9937811,1.0,1.0,1.0,1.0,0.9842455,1.0,1.0,1.0
UPF1_HepG2,1.0,1.0,1.0,1.0,1.0,1.0,1.0,1.0,1.0,1.0,1.0,1.0,0.99874306,1.0,1.0,1.0,1.0,1.0,1.0,1.0,1.0,1.0,1.0,1.0,0.9969827,1.0,1.0,1.0,1.0,0.99071246,1.0,1.0,1.0,1.0,1.0,0.9450229,1.0,1.0,1.0,1.0,1.0,1.0,1.0,1.0,1.0,1.0,1.0,1.0,0.9910171,1.0,1.0,1.0,1.0,1.0,1.0,1.0,0.99995613,1.0,1.0,1.0,1.0,1.0,1.0,1.0,1.0,1.0,1.0,1.0,1.0,0.9869788,1.0,1.0,1.0,1.0,1.0,1.0,1.0,1.0,1.0,1.0,1.0,1.0,1.0,1.0,1.0,0.99192286,1.0,1.0,1.0,1.0,0.999999,0.99999994,1.0,1.0,0.98761225,1.0,1.0,1.0,1.0,1.0,1.0,1.0,1.0,1.0,1.0,0.9746831,1.0,1.0,1.0,1.0,1.0,1.0,1.0,1.0,1.0,1.0,1.0,1.0,0.9521908,1.0,1.0,1.0,0.9959448,1.0,1.0,1.0,1.0,1.0,1.0,1.0,1.0,1.0,1.0,1.0,1.0,1.0,1.0,1.0,1.0,1.0,1.0,1.0,1.0,1.0,1.0,1.0,1.0,1.0,1.0,1.0,1.0,1.0,1.0,1.0,1.0,1.0,1.0,1.0,1.0,1.0,1.0,1.0,1.0,1.0,1.0,1.0,1.0,0.9828627,1.0,1.0,1.0,0.9381327,1.0,1.0,1.0,1.0,1.0,1.0,1.0,1.0,1.0,1.0,1.0,0.9994196,1.0,1.0,1.0,1.0,1.0,1.0,1.0,1.0,1.0,1.0,1.0,1.0,1.0,1.0,1.0,1.0,1.0,1.0,1.0,1.0,1.0,1.0,1.0,1.0,1.0,1.0,1.0,1.0,1.0,1.0,0.9937815,1.0,1.0,1.0,1.0,0.9842461,1.0,1.0,1.0
UPF1_K562,1.0,1.0,1.0,1.0,1.0,1.0,1.0,1.0,1.0,1.0,1.0,1.0,0.99874294,1.0,1.0,1.0,1.0,1.0,1.0,1.0,1.0,1.0,1.0,1.0,0.9969826,1.0,1.0,1.0,1.0,0.9907123,1.0,1.0,1.0,1.0,1.0,0.94502336,1.0,1.0,1.0,1.0,1.0,1.0,1.0,1.0,1.0,1.0,1.0,1.0,0.9910173,1.0,1.0,1.0,1.0,1.0,1.0,1.0,0.99995613,1.0,1.0,1.0,1.0,1.0,1.0,1.0,1.0,1.0,1.0,1.0,1.0,0.98697853,1.0,1.0,1.0,1.0,1.0,1.0,1.0,1.0,1.0,1.0,1.0,1.0,1.0,1.0,1.0,0.9919231,1.0,1.0,1.0,1.0,0.999999,0.99999994,1.0,1.0,0.9876125,1.0,1.0,1.0,1.0,1.0,1.0,1.0,1.0,1.0,1.0,0.97468346,1.0,1.0,1.0,1.0,1.0,1.0,1.0,1.0,1.0,1.0,1.0,1.0,0.95219135,1.0,1.0,1.0,0.9959447,1.0,1.0,1.0,1.0,1.0,1.0,1.0,1.0,1.0,1.0,1.0,1.0,1.0,1.0,1.0,1.0,1.0,1.0,1.0,1.0,1.0,1.0,1.0,1.0,1.0,1.0,1.0,1.0,1.0,1.0,1.0,1.0,1.0,1.0,1.0,1.0,1.0,1.0,1.0,1.0,1.0,1.0,1.0,1.0,0.9828624,1.0,1.0,1.0,0.93813217,1.0,1.0,1.0,1.0,1.0,1.0,1.0,1.0,1.0,1.0,1.0,0.99941957,1.0,1.0,1.0,1.0,1.0,1.0,1.0,1.0,1.0,1.0,1.0,1.0,1.0,1.0,1.0,1.0,1.0,1.0,1.0,1.0,1.0,1.0,1.0,1.0,1.0,1.0,1.0,1.0,1.0,1.0,0.9937813,1.0,1.0,1.0,1.0,0.9842458,1.0,1.0,1.0
UTP18_HepG2,1.0,1.0,1.0,1.0,1.0,1.0,1.0,1.0,1.0,1.0,1.0,1.0,0.99874306,1.0,1.0,1.0,1.0,1.0,1.0,1.0,1.0,1.0,1.0,1.0,0.9969827,1.0,1.0,1.0,1.0,0.9907125,1.0,1.0,1.0,1.0,1.0,0.9450228,1.0,1.0,1.0,1.0,1.0,1.0,1.0,1.0,1.0,1.0,1.0,1.0,0.9910171,1.0,1.0,1.0,1.0,1.0,1.0,1.0,0.99995613,1.0,1.0,1.0,1.0,1.0,1.0,1.0,1.0,1.0,1.0,1.0,1.0,0.9869788,1.0,1.0,1.0,1.0,1.0,1.0,1.0,1.0,1.0,1.0,1.0,1.0,1.0,1.0,1.0,0.99192286,1.0,1.0,1.0,1.0,0.999999,0.99999994,1.0,1.0,0.98761225,1.0,1.0,1.0,1.0,1.0,1.0,1.0,1.0,1.0,1.0,0.9746831,1.0,1.0,1.0,1.0,1.0,1.0,1.0,1.0,1.0,1.0,1.0,1.0,0.9521908,1.0,1.0,1.0,0.9959448,1.0,1.0,1.0,1.0,1.0,1.0,1.0,1.0,1.0,1.0,1.0,1.0,1.0,1.0,1.0,1.0,1.0,1.0,1.0,1.0,1.0,1.0,1.0,1.0,1.0,1.0,1.0,1.0,1.0,1.0,1.0,1.0,1.0,1.0,1.0,1.0,1.0,1.0,1.0,1.0,1.0,1.0,1.0,1.0,0.9828627,1.0,1.0,1.0,0.93813276,1.0,1.0,1.0,1.0,1.0,1.0,1.0,1.0,1.0,1.0,1.0,0.9994196,1.0,1.0,1.0,1.0,1.0,1.0,1.0,1.0,1.0,1.0,1.0,1.0,1.0,1.0,1.0,1.0,1.0,1.0,1.0,1.0,1.0,1.0,1.0,1.0,1.0,1.0,1.0,1.0,1.0,1.0,0.9937815,1.0,1.0,1.0,1.0,0.9842461,1.0,1.0,1.0
UTP18_K562,1.0,1.0,1.0,1.0,1.0,1.0,1.0,1.0,1.0,1.0,1.0,1.0,0.99874306,1.0,1.0,1.0,1.0,1.0,1.0,1.0,1.0,1.0,1.0,1.0,0.99698275,1.0,1.0,1.0,1.0,0.9907125,1.0,1.0,1.0,1.0,1.0,0.94502276,1.0,1.0,1.0,1.0,1.0,1.0,1.0,1.0,1.0,1.0,1.0,1.0,0.99101704,1.0,1.0,1.0,1.0,1.0,1.0,1.0,0.99995613,1.0,1.0,1.0,1.0,1.0,1.0,1.0,1.0,1.0,1.0,1.0,1.0,0.9869789,1.0,1.0,1.0,1.0,1.0,1.0,1.0,1.0,1.0,1.0,1.0,1.0,1.0,1.0,1.0,0.9919228,1.0,1.0,1.0,1.0,0.999999,0.99999994,1.0,1.0,0.9876122,1.0,1.0,1.0,1.0,1.0,1.0,1.0,1.0,1.0,1.0,0.974683,1.0,1.0,1.0,1.0,1.0,1.0,1.0,1.0,1.0,1.0,1.0,1.0,0.95219076,1.0,1.0,1.0,0.99594486,1.0,1.0,1.0,1.0,1.0,1.0,1.0,1.0,1.0,1.0,1.0,1.0,1.0,1.0,1.0,1.0,1.0,1.0,1.0,1.0,1.0,1.0,1.0,1.0,1.0,1.0,1.0,1.0,1.0,1.0,1.0,1.0,1.0,1.0,1.0,1.0,1.0,1.0,1.0,1.0,1.0,1.0,1.0,1.0,0.9828628,1.0,1.0,1.0,0.9381328,1.0,1.0,1.0,1.0,1.0,1.0,1.0,1.0,1.0,1.0,1.0,0.9994196,1.0,1.0,1.0,1.0,1.0,1.0,1.0,1.0,1.0,1.0,1.0,1.0,1.0,1.0,1.0,1.0,1.0,1.0,1.0,1.0,1.0,1.0,1.0,1.0,1.0,1.0,1.0,1.0,1.0,1.0,0.9937815,1.0,1.0,1.0,1.0,0.98424613,1.0,1.0,1.0
UTP3_K562,1.0,1.0,1.0,1.0,1.0,1.0,1.0,1.0,1.0,1.0,1.0,1.0,0.99874306,1.0,1.0,1.0,1.0,1.0,1.0,1.0,1.0,1.0,1.0,1.0,0.99698275,1.0,1.0,1.0,1.0,0.9907126,1.0,1.0,1.0,1.0,1.0,0.9450227,1.0,1.0,1.0,1.0,1.0,1.0,1.0,1.0,1.0,1.0,1.0,1.0,0.99101704,1.0,1.0,1.0,1.0,1.0,1.0,1.0,0.99995613,1.0,1.0,1.0,1.0,1.0,1.0,1.0,1.0,1.0,1.0,1.0,1.0,0.9869789,1.0,1.0,1.0,1.0,1.0,1.0,1.0,1.0,1.0,1.0,1.0,1.0,1.0,1.0,1.0,0.9919228,1.0,1.0,1.0,1.0,0.999999,0.99999994,1.0,1.0,0.9876122,1.0,1.0,1.0,1.0,1.0,1.0,1.0,1.0,1.0,1.0,0.974683,1.0,1.0,1.0,1.0,1.0,1.0,1.0,1.0,1.0,1.0,1.0,1.0,0.9521907,1.0,1.0,1.0,0.99594486,1.0,1.0,1.0,1.0,1.0,1.0,1.0,1.0,1.0,1.0,1.0,1.0,1.0,1.0,1.0,1.0,1.0,1.0,1.0,1.0,1.0,1.0,1.0,1.0,1.0,1.0,1.0,1.0,1.0,1.0,1.0,1.0,1.0,1.0,1.0,1.0,1.0,1.0,1.0,1.0,1.0,1.0,1.0,1.0,0.9828628,1.0,1.0,1.0,0.9381329,1.0,1.0,1.0,1.0,1.0,1.0,1.0,1.0,1.0,1.0,1.0,0.9994196,1.0,1.0,1.0,1.0,1.0,1.0,1.0,1.0,1.0,1.0,1.0,1.0,1.0,1.0,1.0,1.0,1.0,1.0,1.0,1.0,1.0,1.0,1.0,1.0,1.0,1.0,1.0,1.0,1.0,1.0,0.9937815,1.0,1.0,1.0,1.0,0.98424613,1.0,1.0,1.0
WDR3_K562,1.0,1.0,1.0,1.0,1.0,1.0,1.0,1.0,1.0,1.0,1.0,1.0,0.99874306,1.0,1.0,1.0,1.0,1.0,1.0,1.0,1.0,1.0,1.0,1.0,0.9969827,1.0,1.0,1.0,1.0,0.9907125,1.0,1.0,1.0,1.0,1.0,0.94502276,1.0,1.0,1.0,1.0,1.0,1.0,1.0,1.0,1.0,1.0,1.0,1.0,0.99101704,1.0,1.0,1.0,1.0,1.0,1.0,1.0,0.99995613,1.0,1.0,1.0,1.0,1.0,1.0,1.0,1.0,1.0,1.0,1.0,1.0,0.9869788,1.0,1.0,1.0,1.0,1.0,1.0,1.0,1.0,1.0,1.0,1.0,1.0,1.0,1.0,1.0,0.99192286,1.0,1.0,1.0,1.0,0.999999,0.99999994,1.0,1.0,0.98761225,1.0,1.0,1.0,1.0,1.0,1.0,1.0,1.0,1.0,1.0,0.97468305,1.0,1.0,1.0,1.0,1.0,1.0,1.0,1.0,1.0,1.0,1.0,1.0,0.95219076,1.0,1.0,1.0,0.99594486,1.0,1.0,1.0,1.0,1.0,1.0,1.0,1.0,1.0,1.0,1.0,1.0,1.0,1.0,1.0,1.0,1.0,1.0,1.0,1.0,1.0,1.0,1.0,1.0,1.0,1.0,1.0,1.0,1.0,1.0,1.0,1.0,1.0,1.0,1.0,1.0,1.0,1.0,1.0,1.0,1.0,1.0,1.0,1.0,0.9828628,1.0,1.0,1.0,0.9381328,1.0,1.0,1.0,1.0,1.0,1.0,1.0,1.0,1.0,1.0,1.0,0.9994196,1.0,1.0,1.0,1.0,1.0,1.0,1.0,1.0,1.0,1.0,1.0,1.0,1.0,1.0,1.0,1.0,1.0,1.0,1.0,1.0,1.0,1.0,1.0,1.0,1.0,1.0,1.0,1.0,1.0,1.0,0.9937815,1.0,1.0,1.0,1.0,0.98424613,1.0,1.0,1.0
WDR43_HepG2,1.0,1.0,1.0,1.0,1.0,1.0,1.0,1.0,1.0,1.0,1.0,1.0,0.99874306,1.0,1.0,1.0,1.0,1.0,1.0,1.0,1.0,1.0,1.0,1.0,0.99698275,1.0,1.0,1.0,1.0,0.9907125,1.0,1.0,1.0,1.0,1.0,0.9450227,1.0,1.0,1.0,1.0,1.0,1.0,1.0,1.0,1.0,1.0,1.0,1.0,0.99101704,1.0,1.0,1.0,1.0,1.0,1.0,1.0,0.99995613,1.0,1.0,1.0,1.0,1.0,1.0,1.0,1.0,1.0,1.0,1.0,1.0,0.9869789,1.0,1.0,1.0,1.0,1.0,1.0,1.0,1.0,1.0,1.0,1.0,1.0,1.0,1.0,1.0,0.9919228,1.0,1.0,1.0,1.0,0.999999,0.99999994,1.0,1.0,0.9876122,1.0,1.0,1.0,1.0,1.0,1.0,1.0,1.0,1.0,1.0,0.974683,1.0,1.0,1.0,1.0,1.0,1.0,1.0,1.0,1.0,1.0,1.0,1.0,0.9521907,1.0,1.0,1.0,0.99594486,1.0,1.0,1.0,1.0,1.0,1.0,1.0,1.0,1.0,1.0,1.0,1.0,1.0,1.0,1.0,1.0,1.0,1.0,1.0,1.0,1.0,1.0,1.0,1.0,1.0,1.0,1.0,1.0,1.0,1.0,1.0,1.0,1.0,1.0,1.0,1.0,1.0,1.0,1.0,1.0,1.0,1.0,1.0,1.0,0.9828628,1.0,1.0,1.0,0.9381329,1.0,1.0,1.0,1.0,1.0,1.0,1.0,1.0,1.0,1.0,1.0,0.9994196,1.0,1.0,1.0,1.0,1.0,1.0,1.0,1.0,1.0,1.0,1.0,1.0,1.0,1.0,1.0,1.0,1.0,1.0,1.0,1.0,1.0,1.0,1.0,1.0,1.0,1.0,1.0,1.0,1.0,1.0,0.9937815,1.0,1.0,1.0,1.0,0.98424613,1.0,1.0,1.0
WDR43_K562,1.0,1.0,1.0,1.0,1.0,1.0,1.0,1.0,1.0,1.0,1.0,1.0,0.99874306,1.0,1.0,1.0,1.0,1.0,1.0,1.0,1.0,1.0,1.0,1.0,0.99698275,1.0,1.0,1.0,1.0,0.9907126,1.0,1.0,1.0,1.0,1.0,0.94502264,1.0,1.0,1.0,1.0,1.0,1.0,1.0,1.0,1.0,1.0,1.0,1.0,0.991017,1.0,1.0,1.0,1.0,1.0,1.0,1.0,0.99995613,1.0,1.0,1.0,1.0,1.0,1.0,1.0,1.0,1.0,1.0,1.0,1.0,0.9869789,1.0,1.0,1.0,1.0,1.0,1.0,1.0,1.0,1.0,1.0,1.0,1.0,1.0,1.0,1.0,0.9919228,1.0,1.0,1.0,1.0,0.999999,0.99999994,1.0,1.0,0.9876122,1.0,1.0,1.0,1.0,1.0,1.0,1.0,1.0,1.0,1.0,0.974683,1.0,1.0,1.0,1.0,1.0,1.0,1.0,1.0,1.0,1.0,1.0,1.0,0.95219064,1.0,1.0,1.0,0.99594486,1.0,1.0,1.0,1.0,1.0,1.0,1.0,1.0,1.0,1.0,1.0,1.0,1.0,1.0,1.0,1.0,1.0,1.0,1.0,1.0,1.0,1.0,1.0,1.0,1.0,1.0,1.0,1.0,1.0,1.0,1.0,1.0,1.0,1.0,1.0,1.0,1.0,1.0,1.0,1.0,1.0,1.0,1.0,1.0,0.98286283,1.0,1.0,1.0,0.93813294,1.0,1.0,1.0,1.0,1.0,1.0,1.0,1.0,1.0,1.0,1.0,0.9994196,1.0,1.0,1.0,1.0,1.0,1.0,1.0,1.0,1.0,1.0,1.0,1.0,1.0,1.0,1.0,1.0,1.0,1.0,1.0,1.0,1.0,1.0,1.0,1.0,1.0,1.0,1.0,1.0,1.0,1.0,0.99378157,1.0,1.0,1.0,1.0,0.9842462,1.0,1.0,1.0
WRN_K562,1.0,1.0,1.0,1.0,1.0,1.0,1.0,1.0,1.0,1.0,1.0,1.0,0.99874306,1.0,1.0,1.0,1.0,1.0,1.0,1.0,1.0,1.0,1.0,1.0,0.9969827,1.0,1.0,1.0,1.0,0.9907125,1.0,1.0,1.0,1.0,1.0,0.94502276,1.0,1.0,1.0,1.0,1.0,1.0,1.0,1.0,1.0,1.0,1.0,1.0,0.99101704,1.0,1.0,1.0,1.0,1.0,1.0,1.0,0.99995613,1.0,1.0,1.0,1.0,1.0,1.0,1.0,1.0,1.0,1.0,1.0,1.0,0.9869788,1.0,1.0,1.0,1.0,1.0,1.0,1.0,1.0,1.0,1.0,1.0,1.0,1.0,1.0,1.0,0.99192286,1.0,1.0,1.0,1.0,0.999999,0.99999994,1.0,1.0,0.98761225,1.0,1.0,1.0,1.0,1.0,1.0,1.0,1.0,1.0,1.0,0.97468305,1.0,1.0,1.0,1.0,1.0,1.0,1.0,1.0,1.0,1.0,1.0,1.0,0.95219076,1.0,1.0,1.0,0.99594486,1.0,1.0,1.0,1.0,1.0,1.0,1.0,1.0,1.0,1.0,1.0,1.0,1.0,1.0,1.0,1.0,1.0,1.0,1.0,1.0,1.0,1.0,1.0,1.0,1.0,1.0,1.0,1.0,1.0,1.0,1.0,1.0,1.0,1.0,1.0,1.0,1.0,1.0,1.0,1.0,1.0,1.0,1.0,1.0,0.9828628,1.0,1.0,1.0,0.9381328,1.0,1.0,1.0,1.0,1.0,1.0,1.0,1.0,1.0,1.0,1.0,0.9994196,1.0,1.0,1.0,1.0,1.0,1.0,1.0,1.0,1.0,1.0,1.0,1.0,1.0,1.0,1.0,1.0,1.0,1.0,1.0,1.0,1.0,1.0,1.0,1.0,1.0,1.0,1.0,1.0,1.0,1.0,0.9937815,1.0,1.0,1.0,1.0,0.98424613,1.0,1.0,1.0
XPO5_HepG2,1.0,1.0,1.0,1.0,1.0,1.0,1.0,1.0,1.0,1.0,1.0,1.0,0.99874306,1.0,1.0,1.0,1.0,1.0,1.0,1.0,1.0,1.0,1.0,1.0,0.99698275,1.0,1.0,1.0,1.0,0.9907125,1.0,1.0,1.0,1.0,1.0,0.94502276,1.0,1.0,1.0,1.0,1.0,1.0,1.0,1.0,1.0,1.0,1.0,1.0,0.99101704,1.0,1.0,1.0,1.0,1.0,1.0,1.0,0.99995613,1.0,1.0,1.0,1.0,1.0,1.0,1.0,1.0,1.0,1.0,1.0,1.0,0.9869788,1.0,1.0,1.0,1.0,1.0,1.0,1.0,1.0,1.0,1.0,1.0,1.0,1.0,1.0,1.0,0.9919228,1.0,1.0,1.0,1.0,0.999999,0.99999994,1.0,1.0,0.9876122,1.0,1.0,1.0,1.0,1.0,1.0,1.0,1.0,1.0,1.0,0.97468305,1.0,1.0,1.0,1.0,1.0,1.0,1.0,1.0,1.0,1.0,1.0,1.0,0.95219076,1.0,1.0,1.0,0.99594486,1.0,1.0,1.0,1.0,1.0,1.0,1.0,1.0,1.0,1.0,1.0,1.0,1.0,1.0,1.0,1.0,1.0,1.0,1.0,1.0,1.0,1.0,1.0,1.0,1.0,1.0,1.0,1.0,1.0,1.0,1.0,1.0,1.0,1.0,1.0,1.0,1.0,1.0,1.0,1.0,1.0,1.0,1.0,1.0,0.9828628,1.0,1.0,1.0,0.9381328,1.0,1.0,1.0,1.0,1.0,1.0,1.0,1.0,1.0,1.0,1.0,0.9994196,1.0,1.0,1.0,1.0,1.0,1.0,1.0,1.0,1.0,1.0,1.0,1.0,1.0,1.0,1.0,1.0,1.0,1.0,1.0,1.0,1.0,1.0,1.0,1.0,1.0,1.0,1.0,1.0,1.0,1.0,0.9937815,1.0,1.0,1.0,1.0,0.98424613,1.0,1.0,1.0
XRCC6_HepG2,1.0,1.0,1.0,1.0,1.0,1.0,1.0,1.0,1.0,1.0,1.0,1.0,0.99874306,1.0,1.0,1.0,1.0,1.0,1.0,1.0,1.0,1.0,1.0,1.0,0.9969827,1.0,1.0,1.0,1.0,0.9907125,1.0,1.0,1.0,1.0,1.0,0.94502276,1.0,1.0,1.0,1.0,1.0,1.0,1.0,1.0,1.0,1.0,1.0,1.0,0.99101704,1.0,1.0,1.0,1.0,1.0,1.0,1.0,0.99995613,1.0,1.0,1.0,1.0,1.0,1.0,1.0,1.0,1.0,1.0,1.0,1.0,0.9869788,1.0,1.0,1.0,1.0,1.0,1.0,1.0,1.0,1.0,1.0,1.0,1.0,1.0,1.0,1.0,0.99192286,1.0,1.0,1.0,1.0,0.999999,0.99999994,1.0,1.0,0.98761225,1.0,1.0,1.0,1.0,1.0,1.0,1.0,1.0,1.0,1.0,0.97468305,1.0,1.0,1.0,1.0,1.0,1.0,1.0,1.0,1.0,1.0,1.0,1.0,0.95219076,1.0,1.0,1.0,0.99594486,1.0,1.0,1.0,1.0,1.0,1.0,1.0,1.0,1.0,1.0,1.0,1.0,1.0,1.0,1.0,1.0,1.0,1.0,1.0,1.0,1.0,1.0,1.0,1.0,1.0,1.0,1.0,1.0,1.0,1.0,1.0,1.0,1.0,1.0,1.0,1.0,1.0,1.0,1.0,1.0,1.0,1.0,1.0,1.0,0.9828628,1.0,1.0,1.0,0.9381328,1.0,1.0,1.0,1.0,1.0,1.0,1.0,1.0,1.0,1.0,1.0,0.9994196,1.0,1.0,1.0,1.0,1.0,1.0,1.0,1.0,1.0,1.0,1.0,1.0,1.0,1.0,1.0,1.0,1.0,1.0,1.0,1.0,1.0,1.0,1.0,1.0,1.0,1.0,1.0,1.0,1.0,1.0,0.9937815,1.0,1.0,1.0,1.0,0.98424613,1.0,1.0,1.0
XRCC6_K562,1.0,1.0,1.0,1.0,1.0,1.0,1.0,1.0,1.0,1.0,1.0,1.0,0.99874306,1.0,1.0,1.0,1.0,1.0,1.0,1.0,1.0,1.0,1.0,1.0,0.9969827,1.0,1.0,1.0,1.0,0.9907125,1.0,1.0,1.0,1.0,1.0,0.9450228,1.0,1.0,1.0,1.0,1.0,1.0,1.0,1.0,1.0,1.0,1.0,1.0,0.9910171,1.0,1.0,1.0,1.0,1.0,1.0,1.0,0.99995613,1.0,1.0,1.0,1.0,1.0,1.0,1.0,1.0,1.0,1.0,1.0,1.0,0.9869788,1.0,1.0,1.0,1.0,1.0,1.0,1.0,1.0,1.0,1.0,1.0,1.0,1.0,1.0,1.0,0.99192286,1.0,1.0,1.0,1.0,0.999999,0.99999994,1.0,1.0,0.98761225,1.0,1.0,1.0,1.0,1.0,1.0,1.0,1.0,1.0,1.0,0.97468305,1.0,1.0,1.0,1.0,1.0,1.0,1.0,1.0,1.0,1.0,1.0,1.0,0.9521908,1.0,1.0,1.0,0.99594486,1.0,1.0,1.0,1.0,1.0,1.0,1.0,1.0,1.0,1.0,1.0,1.0,1.0,1.0,1.0,1.0,1.0,1.0,1.0,1.0,1.0,1.0,1.0,1.0,1.0,1.0,1.0,1.0,1.0,1.0,1.0,1.0,1.0,1.0,1.0,1.0,1.0,1.0,1.0,1.0,1.0,1.0,1.0,1.0,0.9828627,1.0,1.0,1.0,0.93813276,1.0,1.0,1.0,1.0,1.0,1.0,1.0,1.0,1.0,1.0,1.0,0.9994196,1.0,1.0,1.0,1.0,1.0,1.0,1.0,1.0,1.0,1.0,1.0,1.0,1.0,1.0,1.0,1.0,1.0,1.0,1.0,1.0,1.0,1.0,1.0,1.0,1.0,1.0,1.0,1.0,1.0,1.0,0.9937815,1.0,1.0,1.0,1.0,0.9842461,1.0,1.0,1.0
XRN2_HepG2,1.0,1.0,1.0,1.0,1.0,1.0,1.0,1.0,1.0,1.0,1.0,1.0,0.99874306,1.0,1.0,1.0,1.0,1.0,1.0,1.0,1.0,1.0,1.0,1.0,0.99698275,1.0,1.0,1.0,1.0,0.9907126,1.0,1.0,1.0,1.0,1.0,0.94502264,1.0,1.0,1.0,1.0,1.0,1.0,1.0,1.0,1.0,1.0,1.0,1.0,0.991017,1.0,1.0,1.0,1.0,1.0,1.0,1.0,0.99995613,1.0,1.0,1.0,1.0,1.0,1.0,1.0,1.0,1.0,1.0,1.0,1.0,0.9869789,1.0,1.0,1.0,1.0,1.0,1.0,1.0,1.0,1.0,1.0,1.0,1.0,1.0,1.0,1.0,0.9919228,1.0,1.0,1.0,1.0,0.999999,0.99999994,1.0,1.0,0.9876122,1.0,1.0,1.0,1.0,1.0,1.0,1.0,1.0,1.0,1.0,0.9746829,1.0,1.0,1.0,1.0,1.0,1.0,1.0,1.0,1.0,1.0,1.0,1.0,0.95219064,1.0,1.0,1.0,0.99594486,1.0,1.0,1.0,1.0,1.0,1.0,1.0,1.0,1.0,1.0,1.0,1.0,1.0,1.0,1.0,1.0,1.0,1.0,1.0,1.0,1.0,1.0,1.0,1.0,1.0,1.0,1.0,1.0,1.0,1.0,1.0,1.0,1.0,1.0,1.0,1.0,1.0,1.0,1.0,1.0,1.0,1.0,1.0,1.0,0.98286283,1.0,1.0,1.0,0.93813294,1.0,1.0,1.0,1.0,1.0,1.0,1.0,1.0,1.0,1.0,1.0,0.9994196,1.0,1.0,1.0,1.0,1.0,1.0,1.0,1.0,1.0,1.0,1.0,1.0,1.0,1.0,1.0,1.0,1.0,1.0,1.0,1.0,1.0,1.0,1.0,1.0,1.0,1.0,1.0,1.0,1.0,1.0,0.99378157,1.0,1.0,1.0,1.0,0.9842462,1.0,1.0,1.0
XRN2_K562,1.0,1.0,1.0,1.0,1.0,1.0,1.0,1.0,1.0,1.0,1.0,1.0,0.99874306,1.0,1.0,1.0,1.0,1.0,1.0,1.0,1.0,1.0,1.0,1.0,0.9969827,1.0,1.0,1.0,1.0,0.9907125,1.0,1.0,1.0,1.0,1.0,0.94502276,1.0,1.0,1.0,1.0,1.0,1.0,1.0,1.0,1.0,1.0,1.0,1.0,0.99101704,1.0,1.0,1.0,1.0,1.0,1.0,1.0,0.99995613,1.0,1.0,1.0,1.0,1.0,1.0,1.0,1.0,1.0,1.0,1.0,1.0,0.9869788,1.0,1.0,1.0,1.0,1.0,1.0,1.0,1.0,1.0,1.0,1.0,1.0,1.0,1.0,1.0,0.99192286,1.0,1.0,1.0,1.0,0.999999,0.99999994,1.0,1.0,0.98761225,1.0,1.0,1.0,1.0,1.0,1.0,1.0,1.0,1.0,1.0,0.97468305,1.0,1.0,1.0,1.0,1.0,1.0,1.0,1.0,1.0,1.0,1.0,1.0,0.95219076,1.0,1.0,1.0,0.99594486,1.0,1.0,1.0,1.0,1.0,1.0,1.0,1.0,1.0,1.0,1.0,1.0,1.0,1.0,1.0,1.0,1.0,1.0,1.0,1.0,1.0,1.0,1.0,1.0,1.0,1.0,1.0,1.0,1.0,1.0,1.0,1.0,1.0,1.0,1.0,1.0,1.0,1.0,1.0,1.0,1.0,1.0,1.0,1.0,0.9828628,1.0,1.0,1.0,0.9381328,1.0,1.0,1.0,1.0,1.0,1.0,1.0,1.0,1.0,1.0,1.0,0.9994196,1.0,1.0,1.0,1.0,1.0,1.0,1.0,1.0,1.0,1.0,1.0,1.0,1.0,1.0,1.0,1.0,1.0,1.0,1.0,1.0,1.0,1.0,1.0,1.0,1.0,1.0,1.0,1.0,1.0,1.0,0.9937815,1.0,1.0,1.0,1.0,0.98424613,1.0,1.0,1.0
YBX3_HepG2,1.0,1.0,1.0,1.0,1.0,1.0,1.0,1.0,1.0,1.0,1.0,1.0,0.99874294,1.0,1.0,1.0,1.0,1.0,1.0,1.0,1.0,1.0,1.0,1.0,0.9969826,1.0,1.0,1.0,1.0,0.9907123,1.0,1.0,1.0,1.0,1.0,0.9450233,1.0,1.0,1.0,1.0,1.0,1.0,1.0,1.0,1.0,1.0,1.0,1.0,0.9910173,1.0,1.0,1.0,1.0,1.0,1.0,1.0,0.99995613,1.0,1.0,1.0,1.0,1.0,1.0,1.0,1.0,1.0,1.0,1.0,1.0,0.9869786,1.0,1.0,1.0,1.0,1.0,1.0,1.0,1.0,1.0,1.0,1.0,1.0,1.0,1.0,1.0,0.99192303,1.0,1.0,1.0,1.0,0.999999,0.99999994,1.0,1.0,0.9876125,1.0,1.0,1.0,1.0,1.0,1.0,1.0,1.0,1.0,1.0,0.9746834,1.0,1.0,1.0,1.0,1.0,1.0,1.0,1.0,1.0,1.0,1.0,1.0,0.9521913,1.0,1.0,1.0,0.9959447,1.0,1.0,1.0,1.0,1.0,1.0,1.0,1.0,1.0,1.0,1.0,1.0,1.0,1.0,1.0,1.0,1.0,1.0,1.0,1.0,1.0,1.0,1.0,1.0,1.0,1.0,1.0,1.0,1.0,1.0,1.0,1.0,1.0,1.0,1.0,1.0,1.0,1.0,1.0,1.0,1.0,1.0,1.0,1.0,0.9828625,1.0,1.0,1.0,0.9381322,1.0,1.0,1.0,1.0,1.0,1.0,1.0,1.0,1.0,1.0,1.0,0.99941957,1.0,1.0,1.0,1.0,1.0,1.0,1.0,1.0,1.0,1.0,1.0,1.0,1.0,1.0,1.0,1.0,1.0,1.0,1.0,1.0,1.0,1.0,1.0,1.0,1.0,1.0,1.0,1.0,1.0,1.0,0.9937813,1.0,1.0,1.0,1.0,0.98424584,1.0,1.0,1.0
YBX3_K562,0.9937815,0.99378145,0.99378145,0.99378145,0.99378145,0.9937815,0.99378157,0.9937815,0.9937815,0.9937815,0.99378157,0.99378157,0.99811345,0.99378145,0.99378145,0.9937815,0.9937815,0.9937815,0.99378157,0.99378157,0.9937814,0.9937815,0.9937815,0.9937815,0.99942625,0.9937815,0.9937815,0.9937815,0.9937815,0.9996921,0.9937815,0.9937815,0.9937815,0.9937815,0.9937816,0.90273494,0.9937815,0.9937815,0.9937815,0.9937815,0.9937815,0.9937815,0.9937815,0.99378145,0.9937815,0.9937815,0.99378145,0.9937813,0.96996325,0.9937815,0.9937815,0.99378145,0.99378145,0.9937815,0.99378145,0.9937815,0.992695,0.9937813,0.9937815,0.9937814,0.9937815,0.9937815,0.99378145,0.9937815,0.9937855,0.9937815,0.9937815,0.99378145,0.99378145,0.99875164,0.99378055,0.99378145,0.9937815,0.99378127,0.9937815,0.9937815,0.9937815,0.9937815,0.9937815,0.9937815,0.99378157,0.9937815,0.99378145,0.99378145,0.9937815,0.97163093,0.99378145,0.9937815,0.9937815,0.9937817,0.9936204,0.99381757,0.9937815,0.9937814,0.96399873,0.99378145,0.9937814,0.9937813,0.99378157,0.9937815,0.9937815,0.9937815,0.99378186,0.9937766,0.9937812,0.94372565,0.9937815,0.9937815,0.9937815,0.9937815,0.9937814,0.9937815,0.99378145,0.99378157,0.9937815,0.9937815,0.9937815,0.9937815,0.91225237,0.9937815,0.9937815,0.99378145,0.9997691,0.99378145,0.9937815,0.9937815,0.9937815,0.9937815,0.9937836,0.99378145,0.9937815,0.99378157,0.9937815,0.9937815,0.99378157,0.99378157,0.99378157,0.9937815,0.9937815,0.9937815,0.9937813,0.99378145,0.9937815,0.9937815,0.9937814,0.9937815,0.9937815,0.99378157,0.9937815,0.9937815,0.9937815,0.9937815,0.9937815,0.9937815,0.99378157,0.9937815,0.99378145,0.9937815,0.9937815,0.99378145,0.99378157,0.9937815,0.9937815,0.9937815,0.9937816,0.9937815,0.9937815,0.99727654,0.99378145,0.99378324,0.99378145,0.9708561,0.9937815,0.993781,0.99378157,0.9937815,0.9937815,0.99378157,0.9937815,0.9937815,0.9937815,0.99378145,0.9937815,0.9969977,0.9937815,0.9937815,0.9937815,0.9937815,0.9937815,0.9937811,0.99378145,0.9937815,0.9937815,0.9937815,0.9937815,0.9937815,0.99378145,0.9937815,0.9937811,0.9937815,0.9937813,0.9937815,0.9937815,0.9937815,0.9937815,0.9937815,0.99378157,0.9937815,0.9937815,0.9937815,0.9937815,0.99378157,0.9937815,0.9937813,1.0,0.99378145,0.9937815,0.9937815,0.9937813,0.9978123,0.9937815,0.9937814,0.9937815
YWHAG_K562,1.0,1.0,1.0,1.0,1.0,1.0,1.0,1.0,1.0,1.0,1.0,1.0,0.99874306,1.0,1.0,1.0,1.0,1.0,1.0,1.0,1.0,1.0,1.0,1.0,0.9969827,1.0,1.0,1.0,1.0,0.99071246,1.0,1.0,1.0,1.0,1.0,0.9450229,1.0,1.0,1.0,1.0,1.0,1.0,1.0,1.0,1.0,1.0,1.0,1.0,0.9910171,1.0,1.0,1.0,1.0,1.0,1.0,1.0,0.99995613,1.0,1.0,1.0,1.0,1.0,1.0,1.0,1.0,1.0,1.0,1.0,1.0,0.98697877,1.0,1.0,1.0,1.0,1.0,1.0,1.0,1.0,1.0,1.0,1.0,1.0,1.0,1.0,1.0,0.99192286,1.0,1.0,1.0,1.0,0.999999,0.99999994,1.0,1.0,0.98761225,1.0,1.0,1.0,1.0,1.0,1.0,1.0,1.0,1.0,1.0,0.9746831,1.0,1.0,1.0,1.0,1.0,1.0,1.0,1.0,1.0,1.0,1.0,1.0,0.9521909,1.0,1.0,1.0,0.9959448,1.0,1.0,1.0,1.0,1.0,1.0,1.0,1.0,1.0,1.0,1.0,1.0,1.0,1.0,1.0,1.0,1.0,1.0,1.0,1.0,1.0,1.0,1.0,1.0,1.0,1.0,1.0,1.0,1.0,1.0,1.0,1.0,1.0,1.0,1.0,1.0,1.0,1.0,1.0,1.0,1.0,1.0,1.0,1.0,0.9828627,1.0,1.0,1.0,0.9381327,1.0,1.0,1.0,1.0,1.0,1.0,1.0,1.0,1.0,1.0,1.0,0.9994196,1.0,1.0,1.0,1.0,1.0,1.0,1.0,1.0,1.0,1.0,1.0,1.0,1.0,1.0,1.0,1.0,1.0,1.0,1.0,1.0,1.0,1.0,1.0,1.0,1.0,1.0,1.0,1.0,1.0,1.0,0.99378145,1.0,1.0,1.0,1.0,0.9842461,1.0,1.0,1.0
ZC3H11A_HepG2,1.0,1.0,1.0,1.0,1.0,1.0,1.0,1.0,1.0,1.0,1.0,1.0,0.99874306,1.0,1.0,1.0,1.0,1.0,1.0,1.0,1.0,1.0,1.0,1.0,0.9969827,1.0,1.0,1.0,1.0,0.9907125,1.0,1.0,1.0,1.0,1.0,0.9450228,1.0,1.0,1.0,1.0,1.0,1.0,1.0,1.0,1.0,1.0,1.0,1.0,0.9910171,1.0,1.0,1.0,1.0,1.0,1.0,1.0,0.99995613,1.0,1.0,1.0,1.0,1.0,1.0,1.0,1.0,1.0,1.0,1.0,1.0,0.9869788,1.0,1.0,1.0,1.0,1.0,1.0,1.0,1.0,1.0,1.0,1.0,1.0,1.0,1.0,1.0,0.99192286,1.0,1.0,1.0,1.0,0.999999,0.99999994,1.0,1.0,0.98761225,1.0,1.0,1.0,1.0,1.0,1.0,1.0,1.0,1.0,1.0,0.9746831,1.0,1.0,1.0,1.0,1.0,1.0,1.0,1.0,1.0,1.0,1.0,1.0,0.9521908,1.0,1.0,1.0,0.9959448,1.0,1.0,1.0,1.0,1.0,1.0,1.0,1.0,1.0,1.0,1.0,1.0,1.0,1.0,1.0,1.0,1.0,1.0,1.0,1.0,1.0,1.0,1.0,1.0,1.0,1.0,1.0,1.0,1.0,1.0,1.0,1.0,1.0,1.0,1.0,1.0,1.0,1.0,1.0,1.0,1.0,1.0,1.0,1.0,0.9828627,1.0,1.0,1.0,0.93813276,1.0,1.0,1.0,1.0,1.0,1.0,1.0,1.0,1.0,1.0,1.0,0.9994196,1.0,1.0,1.0,1.0,1.0,1.0,1.0,1.0,1.0,1.0,1.0,1.0,1.0,1.0,1.0,1.0,1.0,1.0,1.0,1.0,1.0,1.0,1.0,1.0,1.0,1.0,1.0,1.0,1.0,1.0,0.9937815,1.0,1.0,1.0,1.0,0.9842461,1.0,1.0,1.0
ZC3H11A_K562,1.0,1.0,1.0,1.0,1.0,1.0,1.0,1.0,1.0,1.0,1.0,1.0,0.99874306,1.0,1.0,1.0,1.0,1.0,1.0,1.0,1.0,1.0,1.0,1.0,0.99698275,1.0,1.0,1.0,1.0,0.9907125,1.0,1.0,1.0,1.0,1.0,0.9450227,1.0,1.0,1.0,1.0,1.0,1.0,1.0,1.0,1.0,1.0,1.0,1.0,0.99101704,1.0,1.0,1.0,1.0,1.0,1.0,1.0,0.99995613,1.0,1.0,1.0,1.0,1.0,1.0,1.0,1.0,1.0,1.0,1.0,1.0,0.9869789,1.0,1.0,1.0,1.0,1.0,1.0,1.0,1.0,1.0,1.0,1.0,1.0,1.0,1.0,1.0,0.9919228,1.0,1.0,1.0,1.0,0.999999,0.99999994,1.0,1.0,0.9876122,1.0,1.0,1.0,1.0,1.0,1.0,1.0,1.0,1.0,1.0,0.974683,1.0,1.0,1.0,1.0,1.0,1.0,1.0,1.0,1.0,1.0,1.0,1.0,0.9521907,1.0,1.0,1.0,0.99594486,1.0,1.0,1.0,1.0,1.0,1.0,1.0,1.0,1.0,1.0,1.0,1.0,1.0,1.0,1.0,1.0,1.0,1.0,1.0,1.0,1.0,1.0,1.0,1.0,1.0,1.0,1.0,1.0,1.0,1.0,1.0,1.0,1.0,1.0,1.0,1.0,1.0,1.0,1.0,1.0,1.0,1.0,1.0,1.0,0.9828628,1.0,1.0,1.0,0.9381329,1.0,1.0,1.0,1.0,1.0,1.0,1.0,1.0,1.0,1.0,1.0,0.9994196,1.0,1.0,1.0,1.0,1.0,1.0,1.0,1.0,1.0,1.0,1.0,1.0,1.0,1.0,1.0,1.0,1.0,1.0,1.0,1.0,1.0,1.0,1.0,1.0,1.0,1.0,1.0,1.0,1.0,1.0,0.9937815,1.0,1.0,1.0,1.0,0.98424613,1.0,1.0,1.0
ZC3H8_K562,1.0,1.0,1.0,1.0,1.0,1.0,1.0,1.0,1.0,1.0,1.0,1.0,0.998743,1.0,1.0,1.0,1.0,1.0,1.0,1.0,1.0,1.0,1.0,1.0,0.99698263,1.0,1.0,1.0,1.0,0.99071234,1.0,1.0,1.0,1.0,1.0,0.94502324,1.0,1.0,1.0,1.0,1.0,1.0,1.0,1.0,1.0,1.0,1.0,1.0,0.9910172,1.0,1.0,1.0,1.0,1.0,1.0,1.0,0.99995613,1.0,1.0,1.0,1.0,1.0,1.0,1.0,1.0,1.0,1.0,1.0,1.0,0.9869786,1.0,1.0,1.0,1.0,1.0,1.0,1.0,1.0,1.0,1.0,1.0,1.0,1.0,1.0,1.0,0.99192303,1.0,1.0,1.0,1.0,0.999999,0.99999994,1.0,1.0,0.9876124,1.0,1.0,1.0,1.0,1.0,1.0,1.0,1.0,1.0,1.0,0.97468334,1.0,1.0,1.0,1.0,1.0,1.0,1.0,1.0,1.0,1.0,1.0,1.0,0.9521912,1.0,1.0,1.0,0.99594474,1.0,1.0,1.0,1.0,1.0,1.0,1.0,1.0,1.0,1.0,1.0,1.0,1.0,1.0,1.0,1.0,1.0,1.0,1.0,1.0,1.0,1.0,1.0,1.0,1.0,1.0,1.0,1.0,1.0,1.0,1.0,1.0,1.0,1.0,1.0,1.0,1.0,1.0,1.0,1.0,1.0,1.0,1.0,1.0,0.9828625,1.0,1.0,1.0,0.93813235,1.0,1.0,1.0,1.0,1.0,1.0,1.0,1.0,1.0,1.0,1.0,0.99941957,1.0,1.0,1.0,1.0,1.0,1.0,1.0,1.0,1.0,1.0,1.0,1.0,1.0,1.0,1.0,1.0,1.0,1.0,1.0,1.0,1.0,1.0,1.0,1.0,1.0,1.0,1.0,1.0,1.0,1.0,0.9937813,1.0,1.0,1.0,1.0,0.9842459,1.0,1.0,1.0
ZNF622_K562,0.9842461,0.984246,0.984246,0.984246,0.984246,0.98424613,0.9842462,0.98424613,0.9842461,0.98424613,0.9842462,0.9842462,0.99187094,0.984246,0.9842461,0.98424613,0.98424613,0.98424613,0.9842462,0.98424625,0.98424596,0.98424613,0.98424613,0.9842461,0.99500054,0.98424613,0.98424613,0.98424613,0.98424613,0.9991455,0.98424613,0.9842461,0.9842461,0.98424613,0.98424625,0.87231934,0.9842461,0.98424613,0.98424613,0.9842461,0.98424613,0.98424613,0.9842461,0.984246,0.98424613,0.98424613,0.984246,0.98424584,0.95175976,0.9842461,0.98424613,0.9842461,0.984246,0.98424613,0.9842461,0.9842461,0.98254687,0.98424584,0.98424613,0.98424596,0.98424613,0.9842461,0.984246,0.9842461,0.98425245,0.98424613,0.98424613,0.984246,0.9842461,0.999869,0.98424464,0.984246,0.98424613,0.9842457,0.9842461,0.98424613,0.9842461,0.9842461,0.98424613,0.98424613,0.9842462,0.98424613,0.9842461,0.98424596,0.98424613,0.95386994,0.984246,0.9842461,0.98424613,0.98424643,0.98399085,0.9843034,0.98424613,0.98424596,0.9443105,0.984246,0.98424596,0.98424584,0.9842462,0.98424613,0.9842461,0.98424613,0.9842467,0.9842384,0.9842456,0.9197962,0.9842461,0.98424613,0.9842461,0.98424613,0.98424596,0.98424613,0.984246,0.9842462,0.98424613,0.9842461,0.98424613,0.98424613,0.8831758,0.98424613,0.98424613,0.984246,0.99616116,0.984246,0.9842461,0.98424613,0.98424613,0.9842461,0.9842494,0.9842461,0.98424613,0.9842462,0.98424613,0.98424613,0.98424613,0.9842462,0.9842462,0.98424613,0.98424613,0.98424613,0.9842459,0.9842461,0.98424613,0.9842461,0.98424596,0.98424613,0.98424613,0.9842462,0.98424613,0.98424613,0.98424613,0.98424613,0.98424613,0.9842461,0.9842462,0.98424613,0.9842461,0.98424613,0.98424613,0.9842461,0.9842462,0.9842461,0.98424613,0.98424613,0.98424625,0.98424613,0.9842461,0.9999707,0.9842461,0.9842489,0.9842461,0.9845764,0.9842461,0.9842453,0.9842462,0.9842461,0.98424613,0.9842462,0.9842461,0.98424613,0.9842461,0.984246,0.98424613,0.9896976,0.9842461,0.98424613,0.9842461,0.98424613,0.98424613,0.9842455,0.984246,0.9842461,0.98424613,0.9842461,0.98424613,0.98424613,0.9842461,0.9842461,0.9842455,0.9842461,0.9842458,0.9842461,0.98424613,0.98424613,0.98424613,0.98424613,0.9842462,0.98424613,0.98424613,0.98424613,0.9842461,0.9842462,0.98424613,0.98424584,0.9978123,0.9842461,0.9842461,0.98424613,0.9842459,1.0,0.98424613,0.9842459,0.98424613
ZNF800_HepG2,1.0,1.0,1.0,1.0,1.0,1.0,1.0,1.0,1.0,1.0,1.0,1.0,0.99874306,1.0,1.0,1.0,1.0,1.0,1.0,1.0,1.0,1.0,1.0,1.0,0.99698275,1.0,1.0,1.0,1.0,0.9907125,1.0,1.0,1.0,1.0,1.0,0.9450227,1.0,1.0,1.0,1.0,1.0,1.0,1.0,1.0,1.0,1.0,1.0,1.0,0.99101704,1.0,1.0,1.0,1.0,1.0,1.0,1.0,0.99995613,1.0,1.0,1.0,1.0,1.0,1.0,1.0,1.0,1.0,1.0,1.0,1.0,0.9869789,1.0,1.0,1.0,1.0,1.0,1.0,1.0,1.0,1.0,1.0,1.0,1.0,1.0,1.0,1.0,0.9919228,1.0,1.0,1.0,1.0,0.999999,0.99999994,1.0,1.0,0.9876122,1.0,1.0,1.0,1.0,1.0,1.0,1.0,1.0,1.0,1.0,0.974683,1.0,1.0,1.0,1.0,1.0,1.0,1.0,1.0,1.0,1.0,1.0,1.0,0.9521907,1.0,1.0,1.0,0.99594486,1.0,1.0,1.0,1.0,1.0,1.0,1.0,1.0,1.0,1.0,1.0,1.0,1.0,1.0,1.0,1.0,1.0,1.0,1.0,1.0,1.0,1.0,1.0,1.0,1.0,1.0,1.0,1.0,1.0,1.0,1.0,1.0,1.0,1.0,1.0,1.0,1.0,1.0,1.0,1.0,1.0,1.0,1.0,1.0,0.9828628,1.0,1.0,1.0,0.9381329,1.0,1.0,1.0,1.0,1.0,1.0,1.0,1.0,1.0,1.0,1.0,0.9994196,1.0,1.0,1.0,1.0,1.0,1.0,1.0,1.0,1.0,1.0,1.0,1.0,1.0,1.0,1.0,1.0,1.0,1.0,1.0,1.0,1.0,1.0,1.0,1.0,1.0,1.0,1.0,1.0,1.0,1.0,0.9937815,1.0,1.0,1.0,1.0,0.98424613,1.0,1.0,1.0
ZNF800_K562,1.0,1.0,1.0,1.0,1.0,1.0,1.0,1.0,1.0,1.0,1.0,1.0,0.998743,1.0,1.0,1.0,1.0,1.0,1.0,1.0,1.0,1.0,1.0,1.0,0.99698263,1.0,1.0,1.0,1.0,0.99071234,1.0,1.0,1.0,1.0,1.0,0.9450232,1.0,1.0,1.0,1.0,1.0,1.0,1.0,1.0,1.0,1.0,1.0,1.0,0.9910172,1.0,1.0,1.0,1.0,1.0,1.0,1.0,0.99995613,1.0,1.0,1.0,1.0,1.0,1.0,1.0,1.0,1.0,1.0,1.0,1.0,0.98697865,1.0,1.0,1.0,1.0,1.0,1.0,1.0,1.0,1.0,1.0,1.0,1.0,1.0,1.0,1.0,0.991923,1.0,1.0,1.0,1.0,0.999999,0.99999994,1.0,1.0,0.9876124,1.0,1.0,1.0,1.0,1.0,1.0,1.0,1.0,1.0,1.0,0.97468334,1.0,1.0,1.0,1.0,1.0,1.0,1.0,1.0,1.0,1.0,1.0,1.0,0.9521912,1.0,1.0,1.0,0.99594474,1.0,1.0,1.0,1.0,1.0,1.0,1.0,1.0,1.0,1.0,1.0,1.0,1.0,1.0,1.0,1.0,1.0,1.0,1.0,1.0,1.0,1.0,1.0,1.0,1.0,1.0,1.0,1.0,1.0,1.0,1.0,1.0,1.0,1.0,1.0,1.0,1.0,1.0,1.0,1.0,1.0,1.0,1.0,1.0,0.98286253,1.0,1.0,1.0,0.9381324,1.0,1.0,1.0,1.0,1.0,1.0,1.0,1.0,1.0,1.0,1.0,0.9994196,1.0,1.0,1.0,1.0,1.0,1.0,1.0,1.0,1.0,1.0,1.0,1.0,1.0,1.0,1.0,1.0,1.0,1.0,1.0,1.0,1.0,1.0,1.0,1.0,1.0,1.0,1.0,1.0,1.0,1.0,0.9937814,1.0,1.0,1.0,1.0,0.9842459,1.0,1.0,1.0
ZRANB2_K562,1.0,1.0,1.0,1.0,1.0,1.0,1.0,1.0,1.0,1.0,1.0,1.0,0.99874306,1.0,1.0,1.0,1.0,1.0,1.0,1.0,1.0,1.0,1.0,1.0,0.99698275,1.0,1.0,1.0,1.0,0.9907125,1.0,1.0,1.0,1.0,1.0,0.9450227,1.0,1.0,1.0,1.0,1.0,1.0,1.0,1.0,1.0,1.0,1.0,1.0,0.99101704,1.0,1.0,1.0,1.0,1.0,1.0,1.0,0.99995613,1.0,1.0,1.0,1.0,1.0,1.0,1.0,1.0,1.0,1.0,1.0,1.0,0.9869789,1.0,1.0,1.0,1.0,1.0,1.0,1.0,1.0,1.0,1.0,1.0,1.0,1.0,1.0,1.0,0.9919228,1.0,1.0,1.0,1.0,0.999999,0.99999994,1.0,1.0,0.9876122,1.0,1.0,1.0,1.0,1.0,1.0,1.0,1.0,1.0,1.0,0.974683,1.0,1.0,1.0,1.0,1.0,1.0,1.0,1.0,1.0,1.0,1.0,1.0,0.9521907,1.0,1.0,1.0,0.99594486,1.0,1.0,1.0,1.0,1.0,1.0,1.0,1.0,1.0,1.0,1.0,1.0,1.0,1.0,1.0,1.0,1.0,1.0,1.0,1.0,1.0,1.0,1.0,1.0,1.0,1.0,1.0,1.0,1.0,1.0,1.0,1.0,1.0,1.0,1.0,1.0,1.0,1.0,1.0,1.0,1.0,1.0,1.0,1.0,0.9828628,1.0,1.0,1.0,0.9381329,1.0,1.0,1.0,1.0,1.0,1.0,1.0,1.0,1.0,1.0,1.0,0.9994196,1.0,1.0,1.0,1.0,1.0,1.0,1.0,1.0,1.0,1.0,1.0,1.0,1.0,1.0,1.0,1.0,1.0,1.0,1.0,1.0,1.0,1.0,1.0,1.0,1.0,1.0,1.0,1.0,1.0,1.0,0.9937815,1.0,1.0,1.0,1.0,0.98424613,1.0,1.0,1.0
